<?xml version="1.0" encoding="UTF-8"?>
<COLLADA xmlns="http://www.collada.org/2005/11/COLLADASchema" version="1.4.1">
<!--
# File generated by ImageToStl.com - Free Image and 3D model conversion tools
-->
  <asset>
    <contributor>
      <author>ImageToStl.com</author>
      <authoring_tool>ImageToStl.com</authoring_tool>
    </contributor>
    <created>2025-05-13T04:45:20</created>
    <modified>2025-05-13T04:45:20</modified>
    <up_axis>Z_UP</up_axis>
  </asset>
  <library_effects>
    <effect id="effect_0">
        <profile_COMMON>
          <technique sid="common">
            <phong>
              <diffuse>
                <color>0.85 0.85 0.85 1</color>
              </diffuse>
              <specular>
                <color>0.05 0.05 0.05 1</color>
              </specular>
              <shininess>
                <float>64</float>
              </shininess>
            </phong>
          </technique>
        </profile_COMMON>
    </effect>
  </library_effects>
  <library_materials>
    <material id="mat_0">
      <instance_effect url="#effect_0"/>
    </material>
  </library_materials>
  <library_geometries>
    <geometry id="geometry_3944fd71_57f6_4a29_9419_4c5392a4bc20">
      <mesh>
        <source id="pos_0">
          <float_array id="pos_0-array" count="14754">-0.01171707 0.00062918 0.0087491 -0.00951806 0.00041328 0.00945 -0.0104825 0.00122117 0.0091238 -0.0093401 0.00187795 0.00945 -0.01186998 0.00057711 0.00870161 -0.01221158 0.00055136 0.00859341 -0.01499395 0.00065104 0.00770926 -0.01252588 0.00063505 0.00849285 -0.01278715 0.0008064 0.00840655 -0.01373818 0.00167013 0.00808045 -0.01490012 0.00179689 0.00770926 -0.01477851 0.00261496 0.00770926 -0.01256765 -0.00194878 0.00843669 -0.01229369 -0.00177883 0.00853046 -0.01486221 -0.00208736 0.00770926 -0.01265069 -0.00203016 0.00840655 -0.01351441 -0.00298119 0.00808045 -0.01465912 -0.00321757 0.00770926 -0.01445924 -0.00402152 0.00770926 -0.01194802 -0.00170318 0.00864279 -0.01160256 -0.00175104 0.0087491 -0.00943443 -0.00132504 0.00945 -0.01040532 -0.0021858 0.00909871 -0.0091167 -0.00276587 0.00945 -0.01492693 -0.00155861 0.00770926 -0.0150076 0.00011989 0.00770926 0.00322539 0.01573385 0.0025798 0.00314243 0.01543121 0.00234372 0.00186984 0.01551689 0.00226897 0.00297171 0.01517132 0.00217579 0.00261496 0.01477851 0.00199074 0.00179553 0.01490028 0.00199074 -0.0032189 0.01465882 0.00199074 -0.00402152 0.01445924 0.00199074 -0.00335211 0.01526544 0.00226897 -0.00441433 0.01481599 0.00217579 -0.00195885 0.01487969 0.00199074 -0.00162452 0.01554449 0.00226897 -0.00155997 0.01492678 0.00199074 0.00012343 0.01562866 0.00226897 0.00011852 0.01500761 0.00199074 0.00052145 0.01499902 0.00199074 0.00308683 0.01636161 0.00327079 0.00321066 0.01604642 0.00288324 0.00194752 0.01616154 0.0027874 0.00322605 0.01594725 0.00277935 0.00203384 0.0168779 0.00408189 0.0023709 0.01683386 0.00408189 0.00200521 0.01664028 0.00346405 0.00243441 0.01682282 0.00407431 0.00262349 0.01676358 0.00396862 0.00272596 0.01671279 0.00386487 0.00287357 0.01661023 0.00366799 0.00024807 0.01699819 0.00408189 0.00013237 0.01676014 0.00346405 0.00013426 0.01699947 0.00408189 -0.00174214 0.01666988 0.00346405 -0.00176701 0.01690792 0.00408189 -0.0035948 0.01637062 0.00346405 -0.00364613 0.01660439 0.00408189 -0.00452858 0.01617378 0.00353393 -0.00430591 0.01638211 0.00387914 -0.0039759 0.01652853 0.00408189 -0.00410659 0.01648744 0.00404928 -0.004742 0.01556269 0.00277763 -0.00474003 0.01561931 0.00283523 -0.00349137 0.01589964 0.0027874 -0.00468076 0.01590089 0.00315588 -0.00462683 0.01602221 0.00331466 -0.00459249 0.01503024 0.00232322 -0.00463242 0.01510109 0.0023759 -0.00471403 0.01532135 0.00255368 0.00012856 0.01627795 0.0027874 -0.00169201 0.01619028 0.0027874 -0.00381885 0.00728205 3.268E-05 -0.00349939 0.00778798 6.78E-05 -0.0032317 0.00676802 -0 -0.00299054 0.00868076 0.00017876 -0.00253793 0.00959145 0.00037529 -0.00246587 0.00836953 9.438E-05 0.00504234 0.00555201 -0 0.00464133 0.00589136 -0 0.00410229 0.00647059 1.65E-06 0.00365023 0.00655178 -0 0.00322248 0.00746664 2.506E-05 0.00256709 0.00704699 -0 0.00310221 0.00761498 3.271E-05 -0.00110991 0.00865434 9.438E-05 -0.0021196 0.00719425 -0 -0.00411492 0.00684415 1.494E-05 -0.0042623 0.00617112 -0 -0.00484677 0.00586755 8.7E-07 -0.00518543 0.00541861 -0 -0.00555201 0.00504234 -0 -0.00126209 0.00984094 0.00037529 0.0003116 0.00991665 0.00037529 0.00027403 0.00872092 9.438E-05 0.0016055 0.00979078 0.00037529 0.00165106 0.00856759 9.438E-05 0.00194871 0.00922776 0.00023673 0.00251977 0.0083824 9.887E-05 0.00141921 0.0073645 -0 0.00023555 0.0074963 -0 -0.00095406 0.00743907 -0 -0.00379483 0.00155218 -0 -0.00409685 0.00016066 -0 -0.0073645 0.00141921 -0 -0.00390473 -0.00125023 -0 -0.00743907 -0.00095406 -0 -0.0074963 0.00023555 -0 -0.00541861 -0.00518543 -0 -0.00617112 -0.0042623 -0 -0.00324164 -0.00251033 -0 -0.00676802 -0.0032317 -0 -0.00719425 -0.0021196 -0 -0.00218756 -0.00346765 -0 -0.00464133 -0.00589136 -0 -0.00504234 -0.00555201 -0 -0.00086963 -0.00400671 -0 -0.00256709 -0.00704699 -0 -0.00365023 -0.00655178 -0 0.00379483 -0.00155218 -0 0.00658081 -0.00359763 -0 0.0030351 -0.00275648 -0 0.00593268 -0.00458839 -0 0.00555201 -0.00504234 -0 0.00743496 0.0009856 -0 0.00409685 -0.00016066 -0 0.00390473 0.00125023 -0 0.0021196 -0.00719425 -0 0.00055319 -0.00406251 -0 0.00190929 -0.00362831 -0 0.00518543 -0.00541861 -0 0.0042623 -0.00617112 -0 0.0032317 -0.00676802 -0 0.00749742 -0.00019669 -0 0.00737305 -0.00137407 -0 0.00706496 -0.00251721 -0 0.00541617 0.00518798 -0 0.00616509 0.00427102 -0 0.00324164 0.00251033 -0 0.00676039 0.00324764 -0 0.00718722 0.00214332 -0 0.00095406 -0.00743907 -0 -0.00023555 -0.0074963 -0 -0.00141921 -0.0073645 -0 -0.00055319 0.00406251 -0 -0.00190929 0.00362831 -0 0.00218756 0.00346765 -0 0.00086963 0.00400671 -0 -0.0030351 0.00275648 -0 -0.00704699 0.00256709 -0 -0.00655178 0.00365023 -0 -0.00589136 0.00464133 -0 -0.00194878 0.01256765 0.00843669 -0.00177883 0.01229369 0.00853046 -0.00208736 0.01486221 0.00770926 -0.00203016 0.01265069 0.00840655 -0.00298119 0.01351441 0.00808045 -0.00321757 0.01465912 0.00770926 -0.00402152 0.01445924 0.00770926 -0.00170318 0.01194802 0.00864279 -0.00175104 0.01160256 0.0087491 -0.00132504 0.00943443 0.00945 -0.0021858 0.01040532 0.00909871 -0.00276587 0.0091167 0.00945 0.00062918 0.01171707 0.0087491 0.00041328 0.00951806 0.00945 0.00122117 0.0104825 0.0091238 0.00187795 0.0093401 0.00945 0.00058478 0.01184138 0.00871053 0.000549 0.01218314 0.00860243 0.00065104 0.01499395 0.00770926 0.0006213 0.01249391 0.00850317 0.0008064 0.01278715 0.00840655 0.00167013 0.01373818 0.00808045 0.00179689 0.01490012 0.00770926 0.00261496 0.01477851 0.00770926 -0.00155861 0.01492693 0.00770926 0.00011989 0.0150076 0.00770926 0.00194878 -0.01256765 0.00843669 0.00177883 -0.01229369 0.00853046 0.00208736 -0.01486221 0.00770926 0.00203016 -0.01265069 0.00840655 0.00298119 -0.01351441 0.00808045 0.00321757 -0.01465912 0.00770926 0.00402152 -0.01445924 0.00770926 0.00170318 -0.01194802 0.00864279 0.00175104 -0.01160256 0.0087491 0.00132504 -0.00943443 0.00945 0.0021858 -0.01040532 0.00909871 0.00276587 -0.0091167 0.00945 -0.00062918 -0.01171707 0.0087491 -0.00041328 -0.00951806 0.00945 -0.00122117 -0.0104825 0.0091238 -0.00187795 -0.0093401 0.00945 -0.00057711 -0.01186998 0.00870161 -0.00055136 -0.01221158 0.00859341 -0.00065104 -0.01499395 0.00770926 -0.00063505 -0.01252588 0.00849285 -0.0008064 -0.01278715 0.00840655 -0.00167013 -0.01373818 0.00808045 -0.00179689 -0.01490012 0.00770926 -0.00261496 -0.01477851 0.00770926 0.00155861 -0.01492693 0.00770926 -0.00011989 -0.0150076 0.00770926 0.01256765 0.00194878 0.00843669 0.01229369 0.00177883 0.00853046 0.01486221 0.00208736 0.00770926 0.01265069 0.00203016 0.00840655 0.01351441 0.00298119 0.00808045 0.01465912 0.00321757 0.00770926 0.01445924 0.00402152 0.00770926 0.01194802 0.00170318 0.00864279 0.01160256 0.00175104 0.0087491 0.00943443 0.00132504 0.00945 0.01040532 0.0021858 0.00909871 0.0091167 0.00276587 0.00945 0.01171707 -0.00062918 0.0087491 0.00951806 -0.00041328 0.00945 0.0104825 -0.00122117 0.0091238 0.0093401 -0.00187795 0.00945 0.01186998 -0.00057711 0.00870161 0.01221158 -0.00055136 0.00859341 0.01499395 -0.00065104 0.00770926 0.01252588 -0.00063505 0.00849285 0.01278715 -0.0008064 0.00840655 0.01373818 -0.00167013 0.00808045 0.01490012 -0.00179689 0.00770926 0.01477851 -0.00261496 0.00770926 0.01492693 0.00155861 0.00770926 0.0150076 -0.00011989 0.00770926 -0.01517132 0.00297171 0.00217579 -0.01477851 0.00261496 0.00199074 -0.01490028 0.00179553 0.00199074 -0.01573385 0.00322539 0.0025798 -0.01543121 0.00314243 0.00234372 -0.01551689 0.00186984 0.00226897 -0.01604642 0.00321066 0.00288324 -0.01594725 0.00322605 0.00277935 -0.01616154 0.00194752 0.0027874 -0.01664028 0.00200521 0.00346405 -0.0168779 0.00203384 0.00408189 -0.01683386 0.0023709 0.00408189 -0.01682107 0.00244266 0.00407191 -0.01675246 0.00264861 0.00394594 -0.0167137 0.00272436 0.00386705 -0.01661407 0.00286895 0.00367519 -0.01636161 0.00308683 0.00327079 -0.01699819 0.00024807 0.00408189 -0.01676014 0.00013237 0.00346405 -0.01699947 0.00013426 0.00408189 -0.01666988 -0.00174214 0.00346405 -0.01690792 -0.00176701 0.00408189 -0.01637062 -0.0035948 0.00346405 -0.01660439 -0.00364613 0.00408189 -0.01618875 -0.00451659 0.00355696 -0.01638205 -0.00430601 0.00387903 -0.01652853 -0.0039759 0.00408189 -0.01648744 -0.00410659 0.00404928 -0.01556269 -0.004742 0.00277763 -0.01561931 -0.00474003 0.00283523 -0.01589964 -0.00349137 0.0027874 -0.01589889 -0.00468149 0.00315337 -0.01602221 -0.00462683 0.00331466 -0.01481599 -0.00441433 0.00217579 -0.01503024 -0.00459249 0.00232322 -0.01526544 -0.00335211 0.00226897 -0.01510109 -0.00463242 0.0023759 -0.01532135 -0.00471403 0.00255368 -0.01500761 0.00011852 0.00199074 -0.01562866 0.00012343 0.00226897 -0.01492678 -0.00155997 0.00199074 -0.01554449 -0.00162452 0.00226897 -0.01465882 -0.0032189 0.00199074 -0.01445924 -0.00402152 0.00199074 -0.01627795 0.00012856 0.0027874 -0.01619028 -0.00169201 0.0027874 -0.00297171 -0.01517132 0.00217579 -0.00261496 -0.01477851 0.00199074 -0.00179553 -0.01490028 0.00199074 -0.00322539 -0.01573385 0.0025798 -0.00314243 -0.01543121 0.00234372 -0.00186984 -0.01551689 0.00226897 -0.00321066 -0.01604642 0.00288324 -0.00322522 -0.01595498 0.00278719 -0.00194752 -0.01616154 0.0027874 -0.00200521 -0.01664028 0.00346405 -0.00203384 -0.0168779 0.00408189 -0.0023709 -0.01683386 0.00408189 -0.00243442 -0.01682281 0.00407431 -0.00262349 -0.01676358 0.00396862 -0.00272402 -0.0167139 0.00386711 -0.00287357 -0.01661023 0.00366799 -0.00308683 -0.01636161 0.00327079 -0.00024807 -0.01699819 0.00408189 -0.00013237 -0.01676014 0.00346405 -0.00013426 -0.01699947 0.00408189 0.00174214 -0.01666988 0.00346405 0.00176701 -0.01690792 0.00408189 0.0035948 -0.01637062 0.00346405 0.00364613 -0.01660439 0.00408189 0.00451659 -0.01618875 0.00355696 0.00430601 -0.01638205 0.00387903 0.0039759 -0.01652853 0.00408189 0.00410659 -0.01648744 0.00404928 0.004742 -0.01556269 0.00277763 0.00474003 -0.01561931 0.00283523 0.00349137 -0.01589964 0.0027874 0.00468149 -0.01589889 0.00315337 0.00462683 -0.01602221 0.00331466 0.00441433 -0.01481599 0.00217579 0.00459249 -0.01503024 0.00232322 0.00335211 -0.01526544 0.00226897 0.00463242 -0.01510109 0.0023759 0.00471403 -0.01532135 0.00255368 -0.00011852 -0.01500761 0.00199074 -0.00012343 -0.01562866 0.00226897 0.00155997 -0.01492678 0.00199074 0.00162452 -0.01554449 0.00226897 0.0032189 -0.01465882 0.00199074 0.00402152 -0.01445924 0.00199074 -0.00012856 -0.01627795 0.0027874 0.00169201 -0.01619028 0.0027874 0.01573385 -0.00322539 0.0025798 0.01543121 -0.00314243 0.00234372 0.01551689 -0.00186984 0.00226897 0.01517132 -0.00297171 0.00217579 0.01477851 -0.00261496 0.00199074 0.01490028 -0.00179553 0.00199074 0.01481599 0.00441433 0.00217579 0.01503024 0.00459249 0.00232322 0.01526544 0.00335211 0.00226897 0.01445924 0.00402152 0.00199074 0.01465882 0.0032189 0.00199074 0.01554449 0.00162452 0.00226897 0.01492678 0.00155997 0.00199074 0.01562866 -0.00012343 0.00226897 0.01500761 -0.00011852 0.00199074 0.01499902 -0.00052145 0.00199074 0.01604642 -0.00321066 0.00288324 0.01594725 -0.00322605 0.00277935 0.01616154 -0.00194752 0.0027874 0.01664028 -0.00200521 0.00346405 0.0168779 -0.00203384 0.00408189 0.01683386 -0.0023709 0.00408189 0.01682282 -0.00243441 0.00407431 0.01676358 -0.00262349 0.00396862 0.01671279 -0.00272596 0.00386487 0.01661023 -0.00287357 0.00366799 0.01636161 -0.00308683 0.00327079 0.01699819 -0.00024807 0.00408189 0.01676014 -0.00013237 0.00346405 0.01699947 -0.00013426 0.00408189 0.01666988 0.00174214 0.00346405 0.01690792 0.00176701 0.00408189 0.01637062 0.0035948 0.00346405 0.01660439 0.00364613 0.00408189 0.01618875 0.00451659 0.00355696 0.01638205 0.00430601 0.00387903 0.01652853 0.0039759 0.00408189 0.01648744 0.00410659 0.00404928 0.01602668 0.00462446 0.00332079 0.01589964 0.00349137 0.0027874 0.01589889 0.00468149 0.00315337 0.01561931 0.00474003 0.00283523 0.01511096 0.0046374 0.00238341 0.01532135 0.00471404 0.00255368 0.01557039 0.00474192 0.00278534 0.01627795 -0.00012856 0.0027874 0.01619028 0.00169201 0.0027874 -0.01481599 -0.00441433 0.00752421 -0.01551672 0.00187125 0.00743103 -0.01517132 0.00297171 0.00752421 -0.01562865 0.00012485 0.00743103 -0.01554464 -0.00162311 0.00743103 -0.01505829 -0.00460921 0.00735628 -0.01526574 -0.00335072 0.00743103 -0.01566411 -0.00473619 0.00681676 -0.01556393 -0.00474199 0.00692065 -0.01589996 -0.00348993 0.0069126 -0.01535158 -0.00472085 0.0071202 -0.01651144 -0.00403805 0.00562569 -0.01643432 -0.00422057 0.00573138 -0.01637095 -0.00359331 0.00623595 -0.01637394 -0.0043177 0.00583513 -0.01625768 -0.00445477 0.00603201 -0.01598974 -0.00464319 0.00642921 -0.01683386 0.0023709 0.00561811 -0.01687771 0.00203538 0.00561811 -0.0166401 0.00200672 0.00623595 -0.01699946 0.0001358 0.00561811 -0.01676013 0.00013389 0.00623595 -0.01690808 -0.00176548 0.00561811 -0.01667004 -0.00174062 0.00623595 -0.01660472 -0.00364462 0.00561811 -0.01652853 -0.0039759 0.00561811 -0.01680551 0.00250494 0.00565072 -0.0167198 0.00271345 0.00582086 -0.0165338 0.00295509 0.00616607 -0.01639236 0.00306744 0.00638534 -0.01627678 0.00313276 0.00654412 -0.01616136 0.00194899 0.0069126 -0.01570311 0.00322151 0.00714632 -0.01594603 0.00322618 0.00692237 -0.01600219 0.00321879 0.00686476 -0.01540168 0.00312847 0.00737678 -0.01547603 0.00316142 0.0073241 -0.01627794 0.00013004 0.0069126 -0.01619044 -0.00169054 0.0069126 0.00322151 0.01570311 0.00714632 0.00322618 0.01594603 0.00692237 0.00194899 0.01616136 0.0069126 -0.00441433 0.01481599 0.00752421 -0.00473619 0.01566411 0.00681676 -0.00474199 0.01556393 0.00692065 -0.00348993 0.01589996 0.0069126 -0.00472085 0.01535158 0.0071202 -0.0040461 0.01650891 0.00562809 -0.0042445 0.01642085 0.00575406 -0.00359331 0.01637095 0.00623595 -0.00431619 0.016375 0.00583295 -0.00445054 0.01626195 0.00602481 -0.00464319 0.01598974 0.00642921 0.0023709 0.01683386 0.00561811 0.00203538 0.01687771 0.00561811 0.00200672 0.0166401 0.00623595 0.0001358 0.01699946 0.00561811 0.00013389 0.01676013 0.00623595 -0.00176548 0.01690808 0.00561811 -0.00174062 0.01667004 0.00623595 -0.00364462 0.01660472 0.00561811 -0.0039759 0.01652853 0.00561811 0.00250494 0.01680551 0.00565072 0.00271355 0.01671974 0.00582097 0.00294171 0.01654756 0.00614304 0.00306744 0.01639236 0.00638534 0.00321879 0.01600219 0.00686476 0.00313368 0.01627486 0.00654663 0.00312847 0.01540168 0.00737678 0.00316142 0.01547603 0.0073241 0.00187125 0.01551672 0.00743103 0.00297171 0.01517132 0.00752421 0.00012485 0.01562865 0.00743103 -0.00162311 0.01554464 0.00743103 -0.00460921 0.01505829 0.00735628 -0.00335072 0.01526574 0.00743103 0.00013004 0.01627794 0.0069126 -0.00169054 0.01619044 0.0069126 0.01481599 0.00441433 0.00752421 0.01566411 0.00473619 0.00681676 0.0155717 0.0047419 0.00691281 0.01589996 0.00348993 0.0069126 0.01535158 0.00472085 0.0071202 0.01651144 0.00403805 0.00562569 0.01643432 0.00422057 0.00573138 0.01637095 0.00359331 0.00623595 0.01637523 0.00431586 0.00583289 0.01625768 0.00445477 0.00603201 0.01598974 0.00464318 0.00642921 0.01683386 -0.0023709 0.00561811 0.01687771 -0.00203538 0.00561811 0.0166401 -0.00200672 0.00623595 0.01699946 -0.0001358 0.00561811 0.01676013 -0.00013389 0.00623595 0.01690808 0.00176548 0.00561811 0.01667004 0.00174062 0.00623595 0.01660472 0.00364462 0.00561811 0.01652853 0.0039759 0.00561811 0.01680551 -0.00250494 0.00565072 0.01671974 -0.00271355 0.00582097 0.01654756 -0.00294171 0.00614304 0.01639236 -0.00306744 0.00638534 0.01627486 -0.00313368 0.00654663 0.01616136 -0.00194899 0.0069126 0.01570311 -0.00322151 0.00714632 0.01594603 -0.00322618 0.00692237 0.01600219 -0.00321879 0.00686476 0.01540168 -0.00312847 0.00737678 0.01547603 -0.00316142 0.0073241 0.01551672 -0.00187125 0.00743103 0.01517132 -0.00297171 0.00752421 0.01562865 -0.00012485 0.00743103 0.01554464 0.00162311 0.00743103 0.01505829 0.00460921 0.00735628 0.01526574 0.00335072 0.00743103 0.01627794 -0.00013004 0.0069126 0.01619044 0.00169054 0.0069126 0.00441433 -0.01481599 0.00752421 -0.00187125 -0.01551672 0.00743103 -0.00297171 -0.01517132 0.00752421 -0.00312847 -0.01540168 0.00737678 -0.00012485 -0.01562865 0.00743103 0.00162311 -0.01554464 0.00743103 0.00460921 -0.01505829 0.00735628 0.00335072 -0.01526574 0.00743103 0.00473619 -0.01566411 0.00681676 0.00474199 -0.01556393 0.00692065 0.00348993 -0.01589996 0.0069126 0.00472085 -0.01535158 0.0071202 0.00403805 -0.01651144 0.00562569 0.00422057 -0.01643432 0.00573138 0.00359331 -0.01637095 0.00623595 0.0043177 -0.01637394 0.00583513 0.00445477 -0.01625768 0.00603201 0.00464319 -0.01598974 0.00642921 -0.0023709 -0.01683386 0.00561811 -0.00203538 -0.01687771 0.00561811 -0.00200672 -0.0166401 0.00623595 -0.0001358 -0.01699946 0.00561811 -0.00013389 -0.01676013 0.00623595 0.00176548 -0.01690808 0.00561811 0.00174062 -0.01667004 0.00623595 0.00364462 -0.01660472 0.00561811 0.0039759 -0.01652853 0.00561811 -0.00250494 -0.01680551 0.00565072 -0.00271355 -0.01671974 0.00582097 -0.00294171 -0.01654756 0.00614304 -0.00306465 -0.01639659 0.00637921 -0.00194899 -0.01616136 0.0069126 -0.00313368 -0.01627486 0.00654663 -0.00321879 -0.01600219 0.00686476 -0.00316543 -0.01548634 0.00731659 -0.00322152 -0.01570311 0.00714632 -0.00322536 -0.01595367 0.00691466 -0.00013004 -0.01627794 0.0069126 0.00169054 -0.01619044 0.0069126 -0.00728205 -0.00381885 3.268E-05 -0.00778798 -0.00349939 6.78E-05 -0.00868076 -0.00299054 0.00017876 -0.00959145 -0.00253793 0.00037529 -0.00836953 -0.00246587 9.438E-05 -0.00865434 -0.00110991 9.438E-05 -0.00684415 -0.00411492 1.494E-05 -0.00586755 -0.00484677 8.7E-07 -0.00647059 0.00410229 1.65E-06 -0.00746664 0.00322248 2.506E-05 -0.00761498 0.00310221 3.271E-05 -0.00984094 -0.00126209 0.00037529 -0.00991665 0.0003116 0.00037529 -0.00872092 0.00027403 9.438E-05 -0.00979078 0.0016055 0.00037529 -0.00856759 0.00165106 9.438E-05 -0.00922776 0.00194871 0.00023673 -0.0083824 0.00251977 9.887E-05 0.00728205 0.00381885 3.268E-05 0.00778798 0.00349939 6.78E-05 0.00868076 0.00299054 0.00017876 0.00959145 0.00253793 0.00037529 0.00836135 0.00249346 9.438E-05 0.00647059 -0.00410229 1.65E-06 0.00746664 -0.00322248 2.506E-05 0.00761498 -0.00310221 3.271E-05 0.00864956 0.00114661 9.438E-05 0.00684415 0.00411492 1.494E-05 0.00586755 0.00484677 8.7E-07 0.0098355 0.00130382 0.00037529 0.00991813 -0.00026019 0.00037529 0.00872223 -0.00022882 9.438E-05 0.00979078 -0.0016055 0.00037529 0.00857754 -0.00159854 9.438E-05 0.00922776 -0.00194871 0.00023673 0.0083824 -0.00251977 9.887E-05 0.00381885 -0.00728205 3.268E-05 0.00349939 -0.00778798 6.78E-05 0.00299054 -0.00868076 0.00017876 0.00253793 -0.00959145 0.00037529 0.00246587 -0.00836953 9.438E-05 0.00110991 -0.00865434 9.438E-05 0.00411492 -0.00684415 1.494E-05 0.00484677 -0.00586755 8.7E-07 -0.00410229 -0.00647059 1.65E-06 -0.00322248 -0.00746664 2.506E-05 -0.00310221 -0.00761498 3.271E-05 0.00126209 -0.00984094 0.00037529 -0.0003116 -0.00991665 0.00037529 -0.00027403 -0.00872092 9.438E-05 -0.0016055 -0.00979078 0.00037529 -0.00165106 -0.00856759 9.438E-05 -0.00194871 -0.00922776 0.00023673 -0.00251977 -0.0083824 9.887E-05 0.00073337 0.01269668 0.00126331 0.0005905 0.01240767 0.00116954 0.0008064 0.01278715 0.00129345 0.0016709 0.01373903 0.00161985 0.00054838 0.01205634 0.00105721 0.00062918 0.01171707 0.0009509 0.00093377 0.01105188 0.00074686 -0.00175104 0.01160256 0.0009509 -0.00222068 0.01031954 0.0005768 -0.00171388 0.01175977 0.00099839 -0.00172104 0.01210226 0.00110659 -0.00183452 0.01240707 0.00120715 -0.00203016 0.01265069 0.00129345 -0.00298204 0.01351519 0.00161985 -0.01269668 0.00073337 0.00126331 -0.01240767 0.0005905 0.00116954 -0.01278715 0.0008064 0.00129345 -0.01373903 0.0016709 0.00161985 -0.01205634 0.00054838 0.00105721 -0.01171707 0.00062918 0.0009509 -0.01105188 0.00093377 0.00074686 -0.01207418 -0.00171597 0.00109757 -0.01237657 -0.00181777 0.00119683 -0.01031954 -0.00222068 0.0005768 -0.01160256 -0.00175104 0.0009509 -0.01173056 -0.00171878 0.00098947 -0.01265069 -0.00203016 0.00129345 -0.01351519 -0.00298204 0.00161985 0.01269668 -0.00073337 0.00126331 0.01240767 -0.0005905 0.00116954 0.01278715 -0.0008064 0.00129345 0.01373903 -0.0016709 0.00161985 0.01205634 -0.00054838 0.00105721 0.01171707 -0.00062918 0.0009509 0.01105188 -0.00093377 0.00074686 0.01031954 0.00222068 0.0005768 0.01160256 0.00175104 0.0009509 0.01175977 0.00171388 0.00099839 0.01210226 0.00172104 0.00110659 0.01240707 0.00183452 0.00120715 0.01265069 0.00203016 0.00129345 0.01351519 0.00298204 0.00161985 -0.00073337 -0.01269668 0.00126331 -0.0005905 -0.01240767 0.00116954 -0.0008064 -0.01278715 0.00129345 -0.0016709 -0.01373903 0.00161985 -0.00054838 -0.01205634 0.00105721 -0.00062918 -0.01171707 0.0009509 -0.00093377 -0.01105188 0.00074686 0.00222068 -0.01031954 0.0005768 0.00175104 -0.01160256 0.0009509 0.00171388 -0.01175977 0.00099839 0.00172104 -0.01210226 0.00110659 0.00183452 -0.01240707 0.00120715 0.00203016 -0.01265069 0.00129345 0.00298204 -0.01351519 0.00161985 0.01517132 -0.00297171 0.00397205 0.01481691 -0.00264983 0.00385 0.01444678 -0.00231368 0.00398397 0.01517132 -0.00297171 0.00572795 0.01481691 -0.00264983 0.00585 0.01444678 -0.00231368 0.00571603 0.01417582 -0.00206759 0.00535 0.01407664 -0.00197752 0.00485 0.01417582 -0.00206759 0.00435 -0.00464856 0.01513416 0.00435004 -0.00466798 0.01517865 0.00443602 -0.00441433 0.01481599 0.00397205 -0.00457474 0.01500258 0.00415906 -0.00441433 0.01481599 0.00572795 -0.00452883 0.01493906 0.00561314 -0.00464648 0.0151297 0.00535772 -0.00469452 0.01525172 0.00505343 -0.00470163 0.01527495 0.00485019 -0.00469966 0.0152683 0.00474117 0.00297171 0.01517132 0.00397205 0.00264983 0.01481691 0.00385 0.00231368 0.01444678 0.00398397 0.00297171 0.01517132 0.00572795 0.00264983 0.01481691 0.00585 0.00231368 0.01444678 0.00571603 0.00206759 0.01417582 0.00535 0.00197752 0.01407664 0.00485 0.00206759 0.01417582 0.00435 0.00504234 0.00555201 0.00905 0.00762762 0.00359811 0.00905 0.00762762 0.00359811 0.00945 0.00728178 0.00381903 0.00905 0.00310239 0.00761475 0.00905 0.00284929 0.00793779 0.00945 0.00284929 0.00793779 0.00905 0.01513416 0.00464856 0.00435004 0.01517865 0.00466798 0.00443603 0.01481599 0.00441433 0.00397205 0.01500258 0.00457475 0.00415906 0.01481599 0.00441433 0.00572795 0.01493906 0.00452883 0.00561314 0.01512971 0.00464648 0.00535772 0.01525172 0.00469452 0.00505343 0.01527495 0.00470163 0.00485019 0.0152683 0.00469966 0.00474117 0.00464856 -0.01513416 0.00435004 0.00466798 -0.01517865 0.00443602 0.00441433 -0.01481599 0.00397205 0.00457474 -0.01500258 0.00415906 0.00441433 -0.01481599 0.00572795 0.00452883 -0.01493906 0.00561314 0.00464648 -0.0151297 0.00535772 0.00469452 -0.01525172 0.00505343 0.00470163 -0.01527495 0.00485019 0.00469966 -0.0152683 0.00474117 -0.00297171 -0.01517132 0.00397205 -0.00264983 -0.01481691 0.00385 -0.00231368 -0.01444678 0.00398397 -0.00297171 -0.01517132 0.00572795 -0.00264983 -0.01481691 0.00585 -0.00231368 -0.01444678 0.00571603 -0.00206759 -0.01417582 0.00535 -0.00197752 -0.01407664 0.00485 -0.00206759 -0.01417582 0.00435 -0.00555201 0.00504234 0.00905 -0.00359811 0.00762762 0.00905 -0.00359811 0.00762762 0.00945 -0.00381903 0.00728178 0.00905 -0.00761475 0.00310239 0.00905 -0.00793779 0.00284929 0.00945 -0.00793779 0.00284929 0.00905 -0.01513416 -0.00464856 0.00435004 -0.01517865 -0.00466798 0.00443602 -0.01481599 -0.00441433 0.00397205 -0.01500258 -0.00457474 0.00415906 -0.01481599 -0.00441433 0.00572795 -0.01493906 -0.00452883 0.00561314 -0.0151297 -0.00464648 0.00535772 -0.01525172 -0.00469452 0.00505343 -0.01527495 -0.00470163 0.00485019 -0.0152683 -0.00469966 0.00474117 -0.01517132 0.00297171 0.00572795 -0.01481691 0.00264983 0.00585 -0.01444678 0.00231368 0.00571603 -0.01417582 0.00206759 0.00535 -0.01407664 0.00197752 0.00485 -0.01517132 0.00297171 0.00397205 -0.01481691 0.00264983 0.00385 -0.01444678 0.00231368 0.00398397 -0.01417582 0.00206759 0.00435 0.00317432 0.0155105 0.00534996 0.00318937 0.01555665 0.00526398 0.00311347 0.01537244 0.00554094 0.00307386 0.01530481 0.00408686 0.00317267 0.01550587 0.00434228 0.00320877 0.01563193 0.00464657 0.00321363 0.01565574 0.00484981 0.0032123 0.01564892 0.00495883 0.01449412 0.00405992 0.00585 0.01415796 0.00368979 0.00571603 0.01449412 0.00405992 0.00385 0.01415796 0.00368979 0.00398397 0.01391188 0.00341883 0.00435 0.01382181 0.00331965 0.00485 0.01391188 0.00341883 0.00535 0.01446014 0.00476621 0.00398397 0.01412399 0.00439608 0.00385 0.01378783 0.00402594 0.00398397 0.01354175 0.00375499 0.00435 0.01345167 0.00365581 0.00485 0.01354175 0.00375499 0.00535 0.01378783 0.00402594 0.00571603 0.01412399 0.00439608 0.00585 0.01446014 0.00476621 0.00571603 0.01470623 0.00503717 0.00435 0.0147963 0.00513635 0.00485 0.01470623 0.00503717 0.00535 -0.00405992 0.01449412 0.00585 -0.00368979 0.01415796 0.00571603 -0.00405992 0.01449412 0.00385 -0.00368979 0.01415796 0.00398397 -0.00341883 0.01391188 0.00435 -0.00331965 0.01382181 0.00485 -0.00341883 0.01391188 0.00535 -0.01537244 0.00311347 0.00554094 -0.0155105 0.00317432 0.00534996 -0.01555665 0.00318937 0.00526398 -0.01530481 0.00307386 0.00408686 -0.01550587 0.00317267 0.00434228 -0.01563193 0.00320877 0.00464657 -0.01565574 0.00321363 0.00484981 -0.01564892 0.0032123 0.00495883 -0.00476621 0.01446014 0.00398397 -0.00439608 0.01412399 0.00385 -0.00402594 0.01378783 0.00398397 -0.00375499 0.01354175 0.00435 -0.00365581 0.01345167 0.00485 -0.00375499 0.01354175 0.00535 -0.00402594 0.01378783 0.00571603 -0.00439608 0.01412399 0.00585 -0.00476621 0.01446014 0.00571603 -0.00503717 0.01470623 0.00435 -0.00513635 0.0147963 0.00485 -0.00503717 0.01470623 0.00535 -0.00311347 -0.01537244 0.00554094 -0.00317432 -0.0155105 0.00534996 -0.00318937 -0.01555665 0.00526397 -0.00307386 -0.01530481 0.00408686 -0.00317267 -0.01550587 0.00434228 -0.00320877 -0.01563193 0.00464657 -0.00321363 -0.01565574 0.00484981 -0.0032123 -0.01564892 0.00495883 -0.01449412 -0.00405992 0.00585 -0.01415796 -0.00368979 0.00571603 -0.01449412 -0.00405992 0.00385 -0.01415796 -0.00368979 0.00398397 -0.01391188 -0.00341883 0.00435 -0.01382181 -0.00331965 0.00485 -0.01391188 -0.00341883 0.00535 -0.01446014 -0.00476621 0.00398397 -0.01412399 -0.00439608 0.00385 -0.01378783 -0.00402594 0.00398397 -0.01354175 -0.00375499 0.00435 -0.01345167 -0.00365581 0.00485 -0.01354175 -0.00375499 0.00535 -0.01378783 -0.00402594 0.00571603 -0.01412399 -0.00439608 0.00585 -0.01446014 -0.00476621 0.00571603 -0.01470623 -0.00503717 0.00435 -0.0147963 -0.00513635 0.00485 -0.01470623 -0.00503717 0.00535 0.01537244 -0.00311347 0.00554094 0.0155105 -0.00317432 0.00534996 0.01555665 -0.00318937 0.00526398 0.01530481 -0.00307386 0.00408686 0.01550587 -0.00317267 0.00434228 0.01563193 -0.00320877 0.00464657 0.01565574 -0.00321363 0.00484981 0.01564892 -0.0032123 0.00495883 0.00405992 -0.01449412 0.00585 0.00368979 -0.01415796 0.00571603 0.00405992 -0.01449412 0.00385 0.00368979 -0.01415796 0.00398397 0.00341883 -0.01391188 0.00435 0.00331965 -0.01382181 0.00485 0.00341883 -0.01391188 0.00535 0.00476621 -0.01446014 0.00398397 0.00439608 -0.01412399 0.00385 0.00402594 -0.01378783 0.00398397 0.00375499 -0.01354175 0.00435 0.00365581 -0.01345167 0.00485 0.00375499 -0.01354175 0.00535 0.00402594 -0.01378783 0.00571603 0.00439608 -0.01412399 0.00585 0.00476621 -0.01446014 0.00571603 0.00503717 -0.01470623 0.00435 0.00513635 -0.0147963 0.00485 0.00503717 -0.01470623 0.00535 0.00301997 0.01448076 0.00585 0.00335612 0.01485089 0.00571603 0.00360221 0.01512185 0.00535 0.00369228 0.01522102 0.00485 0.00360221 0.01512185 0.00435 0.00268381 0.01411062 0.00571603 0.00243773 0.01383967 0.00535 0.00234765 0.01374049 0.00485 0.00243773 0.01383967 0.00435 0.00268381 0.01411062 0.00398397 0.00301997 0.01448076 0.00385 0.00335612 0.01485089 0.00398397 0.00286371 0.01340724 0.00163878 0.00249581 0.01300216 0.00184537 0.00214368 0.01308877 0.00218671 0.00230366 0.01279059 0.00200061 0.0020707 0.01253408 0.00224268 0.00170097 0.01260131 0.00272243 0.00183002 0.01226907 0.00257376 0.00171568 0.01214318 0.00277073 0.00137185 0.01223893 0.00341594 0.0014779 0.01188136 0.00331573 0.00127342 0.01165622 0.0041715 0.00118073 0.01202849 0.00421581 0.00122653 0.01160458 0.00485 0.00114178 0.0119856 0.00506272 0.00123176 0.01161034 0.00507758 0.00125789 0.01211346 0.00589385 0.00128274 0.01166648 0.00559208 0.00135598 0.01174713 0.00596679 0.00144857 0.01184906 0.00629695 0.00152046 0.01240256 0.00664756 0.0016369 0.01205643 0.00677316 0.00171568 0.01214318 0.00692927 0.00191 0.01283148 0.00726795 0.00205366 0.01251532 0.00743691 0.00257536 0.01308976 0.0079088 0.0029697 0.01352395 0.00810127 0.00294718 0.01397349 0.00793804 0.00239763 0.0133684 0.00770902 0.00316332 0.01373714 0.00815383 0.00346861 0.01407329 0.00818489 0.0035179 0.0146019 0.00793804 0.00377391 0.01440945 0.00815383 0.00396752 0.01462263 0.00810127 0.00406745 0.015207 0.00770902 0.00436186 0.01505683 0.0079088 0.00488357 0.01563127 0.00743691 0.00455508 0.01574391 0.00726795 0.00522155 0.01600341 0.00692927 0.00494462 0.01617283 0.00664756 0.00530033 0.01609016 0.00677316 0.00520719 0.01646194 0.00589385 0.00548866 0.01629752 0.00629695 0.00570547 0.01653625 0.00507758 0.0053233 0.01658979 0.00506272 0.00565448 0.01648011 0.00559208 0.00558124 0.01639946 0.00596679 0.0057107 0.016542 0.00485 0.0056638 0.01649037 0.0041715 0.00528436 0.01654691 0.00421581 0.00545933 0.01626523 0.00331573 0.00509324 0.01633647 0.00341594 0.00522155 0.01600341 0.00277073 0.00476411 0.01597408 0.00272243 0.00510721 0.01587752 0.00257376 0.00432141 0.01548662 0.00218671 0.00486653 0.01561251 0.00224268 0.00463356 0.015356 0.00200061 0.00444142 0.01514443 0.00184537 0.00379794 0.01491025 0.00184851 0.00266714 0.01366515 0.00184851 0.00323254 0.0142877 0.00173292 0.00346861 0.01407329 0.00151511 0.00407352 0.01473934 0.00163878 0.00494968 0.0164946 0.00504071 0.00484557 0.01637997 0.00578588 0.00461016 0.01612077 0.00646163 0.00426091 0.01573622 0.00701786 0.00382372 0.01525484 0.0074133 0.00333101 0.01471232 0.00761864 0.00281933 0.01414892 0.00761864 0.00232662 0.01360641 0.0074133 0.00188942 0.01312502 0.00701786 0.00154017 0.01274047 0.00646163 0.00130476 0.01248127 0.00578588 0.00120066 0.01236664 0.00504071 0.00123558 0.01240509 0.00428141 0.00140693 0.01259376 0.00356427 0.00170201 0.01291867 0.00294249 0.00209893 0.0133557 0.00246218 0.00256825 0.01387247 0.00215896 0.00307517 0.01443062 0.00205533 0.00358209 0.01498878 0.00215896 0.00405141 0.01550554 0.00246218 0.00444833 0.01594258 0.00294249 0.00474341 0.01626748 0.00356427 0.00491476 0.01645616 0.00428141 0.00461013 0.01623166 0.0043585 0.0046441 0.01626906 0.00485 0.00464032 0.01626489 0.00501486 0.00455033 0.0161658 0.00565899 0.00434684 0.01594175 0.00624312 0.00404494 0.01560933 0.00672393 0.00366702 0.01519322 0.00706575 0.00324112 0.01472426 0.00724325 0.00279881 0.01423725 0.00724325 0.00237291 0.01376829 0.00706575 0.00199499 0.01335218 0.00672393 0.00169309 0.01301977 0.00624312 0.0014896 0.01279571 0.00565899 0.00139961 0.01269662 0.00501486 0.0014298 0.01272986 0.0043585 0.00157792 0.01289295 0.0037386 0.00183299 0.0131738 0.00320112 0.00217609 0.01355158 0.00278594 0.00258178 0.01399828 0.00252383 0.00301997 0.01448076 0.00243425 0.00345815 0.01496323 0.00252383 0.00386384 0.01540993 0.00278594 0.00420694 0.01578771 0.00320112 0.00446201 0.01606856 0.0037386 0.01574812 0.00618438 0.00485 0.01571415 0.00614698 0.0043585 0.01590838 0.00647175 0.00428141 0.01556603 0.00598389 0.0037386 0.01573702 0.00628307 0.00356427 0.01531096 0.00570303 0.00320112 0.01544194 0.00595817 0.00294249 0.01496786 0.00532525 0.00278594 0.01504503 0.00552113 0.00246218 0.01456217 0.00487856 0.00252383 0.0145757 0.00500437 0.00215896 0.01412399 0.00439608 0.00243425 0.01406878 0.00444621 0.00205533 0.0136858 0.0039136 0.00252383 0.01356187 0.00388806 0.00215896 0.01328011 0.0034669 0.00278594 0.01309254 0.0033713 0.00246218 0.01293701 0.00308912 0.00320112 0.01269562 0.00293426 0.00294249 0.01268194 0.00280827 0.0037386 0.01240055 0.00260935 0.00356427 0.01253382 0.00264518 0.0043585 0.01222919 0.00242068 0.00428141 0.01250363 0.00261194 0.00501486 0.01219427 0.00238223 0.00504071 0.01259362 0.00271103 0.00565899 0.01229838 0.00249686 0.00578588 0.01279711 0.00293509 0.00624312 0.01253379 0.00275606 0.00646163 0.01309901 0.0032675 0.00672393 0.01288304 0.00314062 0.00701786 0.01347693 0.00368362 0.00706575 0.01332023 0.003622 0.0074133 0.01390283 0.00415257 0.00724325 0.01381294 0.00416451 0.00761864 0.01434514 0.00463959 0.00724325 0.01432463 0.00472792 0.00761864 0.01477104 0.00510854 0.00706575 0.01481734 0.00527043 0.0074133 0.01514896 0.00552466 0.00672393 0.01525453 0.00575181 0.00701786 0.01545086 0.00585707 0.00624312 0.01560378 0.00613636 0.00646163 0.01565435 0.00608113 0.00565899 0.01583919 0.00639557 0.00578588 0.01574434 0.00618021 0.00501486 0.01594329 0.00651019 0.00504071 0.01447681 0.00521169 0.00184851 0.01500028 0.00578806 0.00218671 0.01544299 0.00627552 0.00272243 0.01577211 0.00663791 0.00341594 0.01596323 0.00684835 0.00421581 0.01600217 0.00689123 0.00506272 0.01588606 0.00676338 0.00589385 0.01562349 0.00647427 0.00664756 0.01523395 0.00604536 0.00726795 0.01474632 0.00550844 0.00770902 0.01419677 0.00490334 0.00793804 0.01362605 0.00427494 0.00793804 0.0130765 0.00366984 0.00770902 0.01258887 0.00313292 0.00726795 0.01219933 0.002704 0.00664756 0.01193677 0.0024149 0.00589385 0.01182065 0.00228705 0.00506272 0.0118596 0.00232993 0.00421581 0.01205072 0.00254037 0.00341594 0.01237984 0.00290276 0.00272243 0.01282255 0.00339021 0.00218671 0.01334601 0.00396659 0.00184851 0.01391141 0.00458914 0.00173292 0.01227742 0.00326432 0.00224268 0.01192241 0.00287342 0.00277073 0.01165529 0.00257931 0.00340305 0.01148947 0.00239673 0.00410792 0.01143325 0.00233483 0.00485 0.01148947 0.00239673 0.00559208 0.01156271 0.00247737 0.00596679 0.01165529 0.00257931 0.00629695 0.01192241 0.00287342 0.00692927 0.01227742 0.00326432 0.00745732 0.01270253 0.00373241 0.00785463 0.01317643 0.0042542 0.00810127 0.01337004 0.00446738 0.00815383 0.01586121 0.00721036 0.00559208 0.01578797 0.00712971 0.00596679 0.01569539 0.00702777 0.00629695 0.01542827 0.00673366 0.00692927 0.01507326 0.00634276 0.00745732 0.01464814 0.00587467 0.00785463 0.01417425 0.00535288 0.00810127 0.01367534 0.00480354 0.00818489 0.01591742 0.00727225 0.00485 0.01586121 0.00721036 0.00410792 0.01569539 0.00702777 0.00340305 0.01542827 0.00673366 0.00277073 0.01507326 0.00634276 0.00224268 0.01484029 0.00608624 0.00200061 0.01251039 0.00352084 0.00200061 0.01270253 0.00373241 0.00184537 0.01317643 0.0042542 0.00159873 0.01367534 0.00480354 0.00151511 0.01417425 0.00535288 0.00159873 0.01464814 0.00587467 0.00184537 0.00427531 0.01213131 0.00877228 0.0101375 0.00666779 0.00922466 0.01166489 0.00542009 0.00877228 0.01226676 0.00608281 0.00887315 0.00982982 0.00339954 0.00659558 0.01344034 0.007375 0.00122527 0.01438147 0.00841126 0.00735839 0.01395319 0.00793969 0.00799542 0.01344034 0.007375 0.00847473 0.01286864 0.00674552 0.00877228 0.01109319 0.00479061 0.00847473 0.00949987 0.0059657 0.00889279 0.00794386 0.00724197 0.00910323 0.01058035 0.00422593 0.00799542 0.00892787 0.00533589 0.0083582 0.00734209 0.00657938 0.00854082 0.0058442 0.00793976 0.00854082 0.01015206 0.00375435 0.00735839 0.00845019 0.00480993 0.0076477 0.00683954 0.00602603 0.00779333 0.00534165 0.00738642 0.00779333 0.00397655 0.00887289 0.0076477 0.00809078 0.00441419 0.00679691 0.00646142 0.0056097 0.00689825 0.00496353 0.00697008 0.00689825 0.00361714 0.00847715 0.00679691 0.00244024 0.01011076 0.00659558 0.00764409 0.01291113 0.00889279 0.00605076 0.01408622 0.00847473 0.00547906 0.01345674 0.00877228 0.00656361 0.01465091 0.00799542 0.00821608 0.01354095 0.0083582 0.00980187 0.01229746 0.00854082 0.00699189 0.01512248 0.00735839 0.00869376 0.01406691 0.0076477 0.01030441 0.0128508 0.00779333 0.0118023 0.01149042 0.00779333 0.00731414 0.0154773 0.00659558 0.00905318 0.01446265 0.00679691 0.01068253 0.01326714 0.00689825 0.01218042 0.01190676 0.00689825 0.01352681 0.01039969 0.00679691 0.01497157 0.00906101 0.00485 0.01490376 0.00898634 0.00395477 0.01382557 0.01072864 0.00485 0.01374993 0.01064536 0.00385151 0.01249472 0.01225283 0.00485 0.01241515 0.01216522 0.00379954 0.01099684 0.01361321 0.00485 0.01091726 0.0135256 0.00379954 0.00935193 0.0147916 0.00485 0.00927629 0.01470832 0.00385151 0.007582 0.01577223 0.00485 0.00751418 0.01569756 0.00395477 0.01470371 0.00876608 0.00310442 0.01352681 0.01039969 0.00290309 0.01218042 0.01190676 0.00280175 0.01068253 0.01326714 0.00280175 0.00905318 0.01446265 0.00290309 0.00731414 0.0154773 0.00310442 0.01438147 0.00841126 0.00234161 0.0131674 0.01000395 0.0020523 0.0118023 0.01149042 0.00190667 0.01030441 0.0128508 0.00190667 0.00869376 0.01406691 0.0020523 0.00699189 0.01512248 0.00234161 0.01286864 0.00674552 0.00092772 0.01211772 0.00884817 0.00080721 0.01148009 0.00814609 0.00047534 0.01069798 0.01027448 0.00059677 0.01002716 0.00953585 0.00024763 0.00920009 0.01163486 0.00059677 0.00852927 0.01089623 0.00024763 0.00764409 0.01291113 0.00080721 0.00700645 0.01220905 0.00047534 0.00605076 0.01408622 0.00122527 0.00547906 0.01345674 0.00092772 0.01226676 0.00608281 0.00082685 0.01080879 0.00740694 0.00036284 0.00932092 0.00875823 0.00012927 0.00782303 0.01011861 0.00012927 0.00633516 0.0114699 0.00036284 0.00487719 0.01279403 0.00082685 0.01166489 0.00542009 0.00092772 0.0101375 0.00666779 0.00047534 0.00861468 0.0079806 0.00024763 0.0071168 0.00934099 0.00024763 0.00566386 0.01073075 0.00047534 0.00427531 0.01213131 0.00092772 0.01109319 0.00479061 0.00122527 0.00949987 0.0059657 0.00080721 0.00794386 0.00724197 0.00059677 0.00644597 0.00860236 0.00059677 0.00502623 0.01002866 0.00080721 0.00370362 0.01150183 0.00122527 0.01015206 0.00375435 0.00234161 0.00982982 0.00339954 0.00310442 0.00845019 0.00480993 0.0020523 0.00809078 0.00441419 0.00290309 0.00683954 0.00602603 0.00190667 0.00646142 0.0056097 0.00280175 0.00534165 0.00738642 0.00190667 0.00496353 0.00697008 0.00280175 0.00397655 0.00887289 0.0020523 0.00361714 0.00847715 0.00290309 0.00276248 0.01046557 0.00234161 0.00244024 0.01011076 0.00310442 0.00962977 0.00317927 0.00395477 0.00786766 0.00416852 0.00385151 0.00622669 0.00535124 0.00379954 0.0047288 0.00671162 0.00379954 0.00339402 0.00823148 0.00385151 0.00224019 0.00989049 0.00395477 0.00956196 0.0031046 0.00485 0.00779202 0.00408524 0.00485 0.00614712 0.00526362 0.00485 0.00464923 0.006624 0.00485 0.00331839 0.0081482 0.00485 0.00217238 0.00981582 0.00485 0.01470371 0.00876608 0.00659558 0.0131674 0.01000395 0.0076477 0.01129975 0.01093708 0.00854082 0.00920009 0.01163486 0.00910323 0.00700645 0.01220905 0.00922466 0.00487719 0.01279403 0.00887315 0.00751418 0.01569756 0.00574523 0.00927629 0.01470832 0.00584849 0.01091726 0.0135256 0.00590046 0.01241515 0.01216522 0.00590046 0.01374993 0.01064536 0.00584849 0.01490376 0.00898634 0.00574523 0.00656361 0.01465091 0.00170458 0.00821608 0.01354095 0.0013418 0.00980187 0.01229746 0.00115918 0.01129975 0.01093708 0.00115918 0.01268972 0.00947799 0.0013418 0.01395319 0.00793969 0.00170458 0.00319077 0.01093715 0.00170458 0.00445423 0.00939885 0.0013418 0.0058442 0.00793976 0.00115918 0.00734209 0.00657938 0.00115918 0.00892787 0.00533589 0.0013418 0.01058035 0.00422593 0.00170458 0.00224019 0.00989049 0.00574523 0.00339402 0.00823148 0.00584849 0.0047288 0.00671162 0.00590046 0.00622669 0.00535124 0.00590046 0.00786766 0.00416852 0.00584849 0.00962977 0.00317927 0.00574523 0.00276248 0.01046557 0.00735839 0.01080879 0.00740694 0.00933716 0.00861468 0.0079806 0.00945237 0.00644597 0.00860236 0.00910323 0.00445423 0.00939885 0.0083582 0.01148009 0.00814609 0.00922466 0.00932092 0.00875823 0.00957073 0.0071168 0.00934099 0.00945237 0.00502623 0.01002866 0.00889279 0.00319077 0.01093715 0.00799542 0.01211772 0.00884817 0.00889279 0.01002716 0.00953585 0.00945237 0.00782303 0.01011861 0.00957073 0.00566386 0.01073075 0.00922466 0.00370362 0.01150183 0.00847473 0.01268972 0.00947799 0.0083582 0.01069798 0.01027448 0.00910323 0.00852927 0.01089623 0.00945237 0.00633516 0.0114699 0.00933716 -0.01448076 0.00301997 0.00585 -0.01485089 0.00335612 0.00571603 -0.01512185 0.00360221 0.00535 -0.01522102 0.00369228 0.00485 -0.01512185 0.00360221 0.00435 -0.01411062 0.00268381 0.00571603 -0.01383967 0.00243773 0.00535 -0.01374049 0.00234765 0.00485 -0.01383967 0.00243773 0.00435 -0.01411062 0.00268381 0.00398397 -0.01448076 0.00301997 0.00385 -0.01485089 0.00335612 0.00398397 -0.01340724 0.00286371 0.00163878 -0.01300216 0.00249581 0.00184537 -0.01308877 0.00214368 0.00218671 -0.01279059 0.00230366 0.00200061 -0.01253408 0.0020707 0.00224268 -0.01260131 0.00170097 0.00272243 -0.01226907 0.00183002 0.00257376 -0.01214318 0.00171568 0.00277073 -0.01223893 0.00137185 0.00341594 -0.01188136 0.0014779 0.00331573 -0.01165622 0.00127342 0.0041715 -0.01202849 0.00118073 0.00421581 -0.01160458 0.00122653 0.00485 -0.0119856 0.00114178 0.00506272 -0.01161034 0.00123176 0.00507758 -0.01211346 0.00125789 0.00589385 -0.01166648 0.00128274 0.00559208 -0.01174713 0.00135598 0.00596679 -0.01184906 0.00144857 0.00629695 -0.01240256 0.00152046 0.00664756 -0.01205643 0.0016369 0.00677316 -0.01214318 0.00171568 0.00692927 -0.01283148 0.00191 0.00726795 -0.01251532 0.00205366 0.00743691 -0.01308976 0.00257536 0.0079088 -0.01352395 0.0029697 0.00810127 -0.01397349 0.00294718 0.00793804 -0.0133684 0.00239763 0.00770902 -0.01373714 0.00316332 0.00815383 -0.01407329 0.00346861 0.00818489 -0.0146019 0.0035179 0.00793804 -0.01440945 0.00377391 0.00815383 -0.01462263 0.00396752 0.00810127 -0.015207 0.00406745 0.00770902 -0.01505683 0.00436186 0.0079088 -0.01563127 0.00488357 0.00743691 -0.01574391 0.00455508 0.00726795 -0.01600341 0.00522155 0.00692927 -0.01617283 0.00494462 0.00664756 -0.01609016 0.00530033 0.00677316 -0.01646194 0.00520719 0.00589385 -0.01629752 0.00548866 0.00629695 -0.01653625 0.00570547 0.00507758 -0.01658979 0.0053233 0.00506272 -0.01648011 0.00565448 0.00559208 -0.01639946 0.00558124 0.00596679 -0.016542 0.0057107 0.00485 -0.01649037 0.0056638 0.0041715 -0.01654691 0.00528436 0.00421581 -0.01626523 0.00545933 0.00331573 -0.01633647 0.00509324 0.00341594 -0.01600341 0.00522155 0.00277073 -0.01597408 0.00476411 0.00272243 -0.01587752 0.00510721 0.00257376 -0.01548662 0.00432141 0.00218671 -0.01561251 0.00486653 0.00224268 -0.015356 0.00463356 0.00200061 -0.01514443 0.00444142 0.00184537 -0.01491025 0.00379794 0.00184851 -0.01366515 0.00266714 0.00184851 -0.0142877 0.00323254 0.00173292 -0.01407329 0.00346861 0.00151511 -0.01473934 0.00407352 0.00163878 -0.0164946 0.00494968 0.00504071 -0.01637997 0.00484557 0.00578588 -0.01612077 0.00461016 0.00646163 -0.01573622 0.00426091 0.00701786 -0.01525484 0.00382372 0.0074133 -0.01471232 0.00333101 0.00761864 -0.01414892 0.00281933 0.00761864 -0.01360641 0.00232662 0.0074133 -0.01312502 0.00188942 0.00701786 -0.01274047 0.00154017 0.00646163 -0.01248127 0.00130476 0.00578588 -0.01236664 0.00120066 0.00504071 -0.01240509 0.00123558 0.00428141 -0.01259376 0.00140693 0.00356427 -0.01291867 0.00170201 0.00294249 -0.0133557 0.00209893 0.00246218 -0.01387247 0.00256825 0.00215896 -0.01443062 0.00307517 0.00205533 -0.01498878 0.00358209 0.00215896 -0.01550554 0.00405141 0.00246218 -0.01594258 0.00444833 0.00294249 -0.01626748 0.00474341 0.00356427 -0.01645616 0.00491476 0.00428141 -0.01623166 0.00461013 0.0043585 -0.01626906 0.0046441 0.00485 -0.01626489 0.00464032 0.00501486 -0.0161658 0.00455033 0.00565899 -0.01594175 0.00434684 0.00624312 -0.01560933 0.00404494 0.00672393 -0.01519322 0.00366702 0.00706575 -0.01472426 0.00324112 0.00724325 -0.01423725 0.00279881 0.00724325 -0.01376829 0.00237291 0.00706575 -0.01335218 0.00199499 0.00672393 -0.01301977 0.00169309 0.00624312 -0.01279571 0.0014896 0.00565899 -0.01269662 0.00139961 0.00501486 -0.01272986 0.0014298 0.0043585 -0.01289295 0.00157792 0.0037386 -0.0131738 0.00183299 0.00320112 -0.01355158 0.00217609 0.00278594 -0.01399828 0.00258178 0.00252383 -0.01448076 0.00301997 0.00243425 -0.01496323 0.00345815 0.00252383 -0.01540993 0.00386384 0.00278594 -0.01578771 0.00420694 0.00320112 -0.01606856 0.00446201 0.0037386 -0.00618438 0.01574812 0.00485 -0.00614698 0.01571415 0.0043585 -0.00647175 0.01590838 0.00428141 -0.00598389 0.01556603 0.0037386 -0.00628307 0.01573702 0.00356427 -0.00570303 0.01531096 0.00320112 -0.00595817 0.01544194 0.00294249 -0.00532525 0.01496786 0.00278594 -0.00552113 0.01504503 0.00246218 -0.00487856 0.01456217 0.00252383 -0.00500437 0.0145757 0.00215896 -0.00439608 0.01412399 0.00243425 -0.00444621 0.01406878 0.00205533 -0.0039136 0.0136858 0.00252383 -0.00388806 0.01356187 0.00215896 -0.0034669 0.01328011 0.00278594 -0.0033713 0.01309254 0.00246218 -0.00308912 0.01293701 0.00320112 -0.00293426 0.01269562 0.00294249 -0.00280827 0.01268194 0.0037386 -0.00260935 0.01240055 0.00356427 -0.00264518 0.01253382 0.0043585 -0.00242068 0.01222919 0.00428141 -0.00261194 0.01250363 0.00501486 -0.00238223 0.01219427 0.00504071 -0.00271103 0.01259362 0.00565899 -0.00249686 0.01229838 0.00578588 -0.00293509 0.01279711 0.00624312 -0.00275606 0.01253379 0.00646163 -0.0032675 0.01309901 0.00672393 -0.00314062 0.01288304 0.00701786 -0.00368362 0.01347693 0.00706575 -0.003622 0.01332023 0.0074133 -0.00415257 0.01390283 0.00724325 -0.00416451 0.01381294 0.00761864 -0.00463959 0.01434514 0.00724325 -0.00472792 0.01432463 0.00761864 -0.00510854 0.01477104 0.00706575 -0.00527043 0.01481734 0.0074133 -0.00552466 0.01514896 0.00672393 -0.00575181 0.01525453 0.00701786 -0.00585707 0.01545086 0.00624312 -0.00613636 0.01560378 0.00646163 -0.00608113 0.01565435 0.00565899 -0.00639557 0.01583919 0.00578588 -0.00618021 0.01574434 0.00501486 -0.00651019 0.01594329 0.00504071 -0.00521169 0.01447681 0.00184851 -0.00578806 0.01500028 0.00218671 -0.00627552 0.01544299 0.00272243 -0.00663791 0.01577211 0.00341594 -0.00684835 0.01596323 0.00421581 -0.00689123 0.01600217 0.00506272 -0.00676338 0.01588606 0.00589385 -0.00647427 0.01562349 0.00664756 -0.00604536 0.01523395 0.00726795 -0.00550844 0.01474632 0.00770902 -0.00490334 0.01419677 0.00793804 -0.00427494 0.01362605 0.00793804 -0.00366984 0.0130765 0.00770902 -0.00313292 0.01258887 0.00726795 -0.002704 0.01219933 0.00664756 -0.0024149 0.01193677 0.00589385 -0.00228705 0.01182065 0.00506272 -0.00232993 0.0118596 0.00421581 -0.00254037 0.01205072 0.00341594 -0.00290276 0.01237984 0.00272243 -0.00339021 0.01282255 0.00218671 -0.00396659 0.01334601 0.00184851 -0.00458914 0.01391141 0.00173292 -0.00326432 0.01227742 0.00224268 -0.00287342 0.01192241 0.00277073 -0.00257931 0.01165529 0.00340305 -0.00239673 0.01148947 0.00410792 -0.00233483 0.01143325 0.00485 -0.00239673 0.01148947 0.00559208 -0.00247737 0.01156271 0.00596679 -0.00257931 0.01165529 0.00629695 -0.00287342 0.01192241 0.00692927 -0.00326432 0.01227742 0.00745732 -0.00373241 0.01270253 0.00785463 -0.0042542 0.01317643 0.00810127 -0.00446738 0.01337004 0.00815383 -0.00721036 0.01586121 0.00559208 -0.00712971 0.01578797 0.00596679 -0.00702777 0.01569539 0.00629695 -0.00673366 0.01542827 0.00692927 -0.00634276 0.01507326 0.00745732 -0.00587467 0.01464814 0.00785463 -0.00535288 0.01417425 0.00810127 -0.00480354 0.01367534 0.00818489 -0.00727225 0.01591742 0.00485 -0.00721036 0.01586121 0.00410792 -0.00702777 0.01569539 0.00340305 -0.00673366 0.01542827 0.00277073 -0.00634276 0.01507326 0.00224268 -0.00608624 0.01484029 0.00200061 -0.00352084 0.01251039 0.00200061 -0.00373241 0.01270253 0.00184537 -0.0042542 0.01317643 0.00159873 -0.00480354 0.01367534 0.00151511 -0.00535288 0.01417425 0.00159873 -0.00587467 0.01464814 0.00184537 -0.01213131 0.00427531 0.00877228 -0.00666779 0.0101375 0.00922466 -0.00542009 0.01166489 0.00877228 -0.00608281 0.01226676 0.00887315 -0.00339954 0.00982982 0.00659558 -0.007375 0.01344034 0.00122527 -0.00841126 0.01438147 0.00735839 -0.00793969 0.01395319 0.00799542 -0.007375 0.01344034 0.00847473 -0.00674552 0.01286864 0.00877228 -0.00479061 0.01109319 0.00847473 -0.0059657 0.00949987 0.00889279 -0.00724197 0.00794386 0.00910323 -0.00422593 0.01058035 0.00799542 -0.00533589 0.00892787 0.0083582 -0.00657938 0.00734209 0.00854082 -0.00793976 0.0058442 0.00854082 -0.00375435 0.01015206 0.00735839 -0.00480993 0.00845019 0.0076477 -0.00602603 0.00683954 0.00779333 -0.00738642 0.00534165 0.00779333 -0.00887289 0.00397655 0.0076477 -0.00441419 0.00809078 0.00679691 -0.0056097 0.00646142 0.00689825 -0.00697008 0.00496353 0.00689825 -0.00847715 0.00361714 0.00679691 -0.01011076 0.00244024 0.00659558 -0.01291113 0.00764409 0.00889279 -0.01408622 0.00605076 0.00847473 -0.01345674 0.00547906 0.00877228 -0.01465091 0.00656361 0.00799542 -0.01354095 0.00821608 0.0083582 -0.01229746 0.00980187 0.00854082 -0.01512248 0.00699189 0.00735839 -0.01406691 0.00869376 0.0076477 -0.0128508 0.01030441 0.00779333 -0.01149042 0.0118023 0.00779333 -0.0154773 0.00731414 0.00659558 -0.01446265 0.00905318 0.00679691 -0.01326714 0.01068253 0.00689825 -0.01190676 0.01218042 0.00689825 -0.01039969 0.01352681 0.00679691 -0.00906101 0.01497157 0.00485 -0.00898634 0.01490376 0.00395477 -0.01072864 0.01382557 0.00485 -0.01064536 0.01374993 0.00385151 -0.01225283 0.01249472 0.00485 -0.01216522 0.01241515 0.00379954 -0.01361321 0.01099684 0.00485 -0.0135256 0.01091726 0.00379954 -0.0147916 0.00935193 0.00485 -0.01470832 0.00927629 0.00385151 -0.01577223 0.007582 0.00485 -0.01569756 0.00751418 0.00395477 -0.00876608 0.01470371 0.00310442 -0.01039969 0.01352681 0.00290309 -0.01190676 0.01218042 0.00280175 -0.01326714 0.01068253 0.00280175 -0.01446265 0.00905318 0.00290309 -0.0154773 0.00731414 0.00310442 -0.00841126 0.01438147 0.00234161 -0.01000395 0.0131674 0.0020523 -0.01149042 0.0118023 0.00190667 -0.0128508 0.01030441 0.00190667 -0.01406691 0.00869376 0.0020523 -0.01512248 0.00699189 0.00234161 -0.00674552 0.01286864 0.00092772 -0.00884817 0.01211772 0.00080721 -0.00814609 0.01148009 0.00047534 -0.01027448 0.01069798 0.00059677 -0.00953585 0.01002716 0.00024763 -0.01163486 0.00920009 0.00059677 -0.01089623 0.00852927 0.00024763 -0.01291113 0.00764409 0.00080721 -0.01220905 0.00700645 0.00047534 -0.01408622 0.00605076 0.00122527 -0.01345674 0.00547906 0.00092772 -0.00608281 0.01226676 0.00082685 -0.00740694 0.01080879 0.00036284 -0.00875823 0.00932092 0.00012927 -0.01011861 0.00782303 0.00012927 -0.0114699 0.00633516 0.00036284 -0.01279403 0.00487719 0.00082685 -0.00542009 0.01166489 0.00092772 -0.00666779 0.0101375 0.00047534 -0.0079806 0.00861468 0.00024763 -0.00934099 0.0071168 0.00024763 -0.01073075 0.00566386 0.00047534 -0.01213131 0.00427531 0.00092772 -0.00479061 0.01109319 0.00122527 -0.0059657 0.00949987 0.00080721 -0.00724197 0.00794386 0.00059677 -0.00860236 0.00644597 0.00059677 -0.01002866 0.00502623 0.00080721 -0.01150183 0.00370362 0.00122527 -0.00375435 0.01015206 0.00234161 -0.00339954 0.00982982 0.00310442 -0.00480993 0.00845019 0.0020523 -0.00441419 0.00809078 0.00290309 -0.00602603 0.00683954 0.00190667 -0.0056097 0.00646142 0.00280175 -0.00738642 0.00534165 0.00190667 -0.00697008 0.00496353 0.00280175 -0.00887289 0.00397655 0.0020523 -0.00847715 0.00361714 0.00290309 -0.01046557 0.00276248 0.00234161 -0.01011076 0.00244024 0.00310442 -0.00317927 0.00962977 0.00395477 -0.00416852 0.00786766 0.00385151 -0.00535124 0.00622669 0.00379954 -0.00671162 0.0047288 0.00379954 -0.00823148 0.00339402 0.00385151 -0.00989049 0.00224019 0.00395477 -0.0031046 0.00956196 0.00485 -0.00408524 0.00779202 0.00485 -0.00526362 0.00614712 0.00485 -0.006624 0.00464923 0.00485 -0.0081482 0.00331839 0.00485 -0.00981582 0.00217238 0.00485 -0.00876608 0.01470371 0.00659558 -0.01000395 0.0131674 0.0076477 -0.01093708 0.01129975 0.00854082 -0.01163486 0.00920009 0.00910323 -0.01220905 0.00700645 0.00922466 -0.01279403 0.00487719 0.00887315 -0.01569756 0.00751418 0.00574523 -0.01470832 0.00927629 0.00584849 -0.0135256 0.01091726 0.00590046 -0.01216522 0.01241515 0.00590046 -0.01064536 0.01374993 0.00584849 -0.00898634 0.01490376 0.00574523 -0.01465091 0.00656361 0.00170458 -0.01354095 0.00821608 0.0013418 -0.01229746 0.00980187 0.00115918 -0.01093708 0.01129975 0.00115918 -0.00947799 0.01268972 0.0013418 -0.00793969 0.01395319 0.00170458 -0.01093715 0.00319077 0.00170458 -0.00939885 0.00445423 0.0013418 -0.00793976 0.0058442 0.00115918 -0.00657938 0.00734209 0.00115918 -0.00533589 0.00892787 0.0013418 -0.00422593 0.01058035 0.00170458 -0.00989049 0.00224019 0.00574523 -0.00823148 0.00339402 0.00584849 -0.00671162 0.0047288 0.00590046 -0.00535124 0.00622669 0.00590046 -0.00416852 0.00786766 0.00584849 -0.00317927 0.00962977 0.00574523 -0.01046557 0.00276248 0.00735839 -0.00740694 0.01080879 0.00933716 -0.0079806 0.00861468 0.00945237 -0.00860236 0.00644597 0.00910323 -0.00939885 0.00445423 0.0083582 -0.00814609 0.01148009 0.00922466 -0.00875823 0.00932092 0.00957073 -0.00934099 0.0071168 0.00945237 -0.01002866 0.00502623 0.00889279 -0.01093715 0.00319077 0.00799542 -0.00884817 0.01211772 0.00889279 -0.00953585 0.01002716 0.00945237 -0.01011861 0.00782303 0.00957073 -0.01073075 0.00566386 0.00922466 -0.01150183 0.00370362 0.00847473 -0.00947799 0.01268972 0.0083582 -0.01027448 0.01069798 0.00910323 -0.01089623 0.00852927 0.00945237 -0.0114699 0.00633516 0.00933716 -0.00301997 -0.01448076 0.00585 -0.00335612 -0.01485089 0.00571603 -0.00360221 -0.01512185 0.00535 -0.00369228 -0.01522102 0.00485 -0.00360221 -0.01512185 0.00435 -0.00268381 -0.01411062 0.00571603 -0.00243773 -0.01383967 0.00535 -0.00234765 -0.01374049 0.00485 -0.00243773 -0.01383967 0.00435 -0.00268381 -0.01411062 0.00398397 -0.00301997 -0.01448076 0.00385 -0.00335612 -0.01485089 0.00398397 -0.00286371 -0.01340724 0.00163878 -0.00249581 -0.01300216 0.00184537 -0.00214368 -0.01308877 0.00218671 -0.00230366 -0.01279059 0.00200061 -0.0020707 -0.01253408 0.00224268 -0.00170097 -0.01260131 0.00272243 -0.00183002 -0.01226907 0.00257376 -0.00171568 -0.01214318 0.00277073 -0.00137185 -0.01223893 0.00341594 -0.0014779 -0.01188136 0.00331573 -0.00127342 -0.01165622 0.0041715 -0.00118073 -0.01202849 0.00421581 -0.00122653 -0.01160458 0.00485 -0.00114178 -0.0119856 0.00506272 -0.00123176 -0.01161034 0.00507758 -0.00125789 -0.01211346 0.00589385 -0.00128274 -0.01166648 0.00559208 -0.00135598 -0.01174713 0.00596679 -0.00144857 -0.01184906 0.00629695 -0.00152046 -0.01240256 0.00664756 -0.0016369 -0.01205643 0.00677316 -0.00171568 -0.01214318 0.00692927 -0.00191 -0.01283148 0.00726795 -0.00205366 -0.01251532 0.00743691 -0.00257536 -0.01308976 0.0079088 -0.0029697 -0.01352395 0.00810127 -0.00294718 -0.01397349 0.00793804 -0.00239763 -0.0133684 0.00770902 -0.00316332 -0.01373714 0.00815383 -0.00346861 -0.01407329 0.00818489 -0.0035179 -0.0146019 0.00793804 -0.00377391 -0.01440945 0.00815383 -0.00396752 -0.01462263 0.00810127 -0.00406745 -0.015207 0.00770902 -0.00436186 -0.01505683 0.0079088 -0.00488357 -0.01563127 0.00743691 -0.00455508 -0.01574391 0.00726795 -0.00522155 -0.01600341 0.00692927 -0.00494462 -0.01617283 0.00664756 -0.00530033 -0.01609016 0.00677316 -0.00520719 -0.01646194 0.00589385 -0.00548866 -0.01629752 0.00629695 -0.00570547 -0.01653625 0.00507758 -0.0053233 -0.01658979 0.00506272 -0.00565448 -0.01648011 0.00559208 -0.00558124 -0.01639946 0.00596679 -0.0057107 -0.016542 0.00485 -0.0056638 -0.01649037 0.0041715 -0.00528436 -0.01654691 0.00421581 -0.00545933 -0.01626523 0.00331573 -0.00509324 -0.01633647 0.00341594 -0.00522155 -0.01600341 0.00277073 -0.00476411 -0.01597408 0.00272243 -0.00510721 -0.01587752 0.00257376 -0.00432141 -0.01548662 0.00218671 -0.00486653 -0.01561251 0.00224268 -0.00463356 -0.015356 0.00200061 -0.00444142 -0.01514443 0.00184537 -0.00379794 -0.01491025 0.00184851 -0.00266714 -0.01366515 0.00184851 -0.00323254 -0.0142877 0.00173292 -0.00346861 -0.01407329 0.00151511 -0.00407352 -0.01473934 0.00163878 -0.00494968 -0.0164946 0.00504071 -0.00484557 -0.01637997 0.00578588 -0.00461016 -0.01612077 0.00646163 -0.00426091 -0.01573622 0.00701786 -0.00382372 -0.01525484 0.0074133 -0.00333101 -0.01471232 0.00761864 -0.00281933 -0.01414892 0.00761864 -0.00232662 -0.01360641 0.0074133 -0.00188942 -0.01312502 0.00701786 -0.00154017 -0.01274047 0.00646163 -0.00130476 -0.01248127 0.00578588 -0.00120066 -0.01236664 0.00504071 -0.00123558 -0.01240509 0.00428141 -0.00140693 -0.01259376 0.00356427 -0.00170201 -0.01291867 0.00294249 -0.00209893 -0.0133557 0.00246218 -0.00256825 -0.01387247 0.00215896 -0.00307517 -0.01443062 0.00205533 -0.00358209 -0.01498878 0.00215896 -0.00405141 -0.01550554 0.00246218 -0.00444833 -0.01594258 0.00294249 -0.00474341 -0.01626748 0.00356427 -0.00491476 -0.01645616 0.00428141 -0.00461013 -0.01623166 0.0043585 -0.0046441 -0.01626906 0.00485 -0.00464032 -0.01626489 0.00501486 -0.00455033 -0.0161658 0.00565899 -0.00434684 -0.01594175 0.00624312 -0.00404494 -0.01560933 0.00672393 -0.00366702 -0.01519322 0.00706575 -0.00324112 -0.01472426 0.00724325 -0.00279881 -0.01423725 0.00724325 -0.00237291 -0.01376829 0.00706575 -0.00199499 -0.01335218 0.00672393 -0.00169309 -0.01301977 0.00624312 -0.0014896 -0.01279571 0.00565899 -0.00139961 -0.01269662 0.00501486 -0.0014298 -0.01272986 0.0043585 -0.00157792 -0.01289295 0.0037386 -0.00183299 -0.0131738 0.00320112 -0.00217609 -0.01355158 0.00278594 -0.00258178 -0.01399828 0.00252383 -0.00301997 -0.01448076 0.00243425 -0.00345815 -0.01496323 0.00252383 -0.00386384 -0.01540993 0.00278594 -0.00420694 -0.01578771 0.00320112 -0.00446201 -0.01606856 0.0037386 -0.01574812 -0.00618438 0.00485 -0.01571415 -0.00614698 0.0043585 -0.01590838 -0.00647175 0.00428141 -0.01556603 -0.00598389 0.0037386 -0.01573702 -0.00628307 0.00356427 -0.01531096 -0.00570303 0.00320112 -0.01544194 -0.00595817 0.00294249 -0.01496786 -0.00532525 0.00278594 -0.01504503 -0.00552113 0.00246218 -0.01456217 -0.00487856 0.00252383 -0.0145757 -0.00500437 0.00215896 -0.01412399 -0.00439608 0.00243425 -0.01406878 -0.00444621 0.00205533 -0.0136858 -0.0039136 0.00252383 -0.01356187 -0.00388806 0.00215896 -0.01328011 -0.0034669 0.00278594 -0.01309254 -0.0033713 0.00246218 -0.01293701 -0.00308912 0.00320112 -0.01269562 -0.00293426 0.00294249 -0.01268194 -0.00280827 0.0037386 -0.01240055 -0.00260935 0.00356427 -0.01253382 -0.00264518 0.0043585 -0.01222919 -0.00242068 0.00428141 -0.01250363 -0.00261194 0.00501486 -0.01219427 -0.00238223 0.00504071 -0.01259362 -0.00271103 0.00565899 -0.01229838 -0.00249686 0.00578588 -0.01279711 -0.00293509 0.00624312 -0.01253379 -0.00275606 0.00646163 -0.01309901 -0.0032675 0.00672393 -0.01288304 -0.00314062 0.00701786 -0.01347693 -0.00368362 0.00706575 -0.01332023 -0.003622 0.0074133 -0.01390283 -0.00415257 0.00724325 -0.01381294 -0.00416451 0.00761864 -0.01434514 -0.00463959 0.00724325 -0.01432463 -0.00472792 0.00761864 -0.01477104 -0.00510854 0.00706575 -0.01481734 -0.00527043 0.0074133 -0.01514896 -0.00552466 0.00672393 -0.01525453 -0.00575181 0.00701786 -0.01545086 -0.00585707 0.00624312 -0.01560378 -0.00613636 0.00646163 -0.01565435 -0.00608113 0.00565899 -0.01583919 -0.00639557 0.00578588 -0.01574434 -0.00618021 0.00501486 -0.01594329 -0.00651019 0.00504071 -0.01447681 -0.00521169 0.00184851 -0.01500028 -0.00578806 0.00218671 -0.01544299 -0.00627552 0.00272243 -0.01577211 -0.00663791 0.00341594 -0.01596323 -0.00684835 0.00421581 -0.01600217 -0.00689123 0.00506272 -0.01588606 -0.00676338 0.00589385 -0.01562349 -0.00647427 0.00664756 -0.01523395 -0.00604536 0.00726795 -0.01474632 -0.00550844 0.00770902 -0.01419677 -0.00490334 0.00793804 -0.01362605 -0.00427494 0.00793804 -0.0130765 -0.00366984 0.00770902 -0.01258887 -0.00313292 0.00726795 -0.01219933 -0.002704 0.00664756 -0.01193677 -0.0024149 0.00589385 -0.01182065 -0.00228705 0.00506272 -0.0118596 -0.00232993 0.00421581 -0.01205072 -0.00254037 0.00341594 -0.01237984 -0.00290276 0.00272243 -0.01282255 -0.00339021 0.00218671 -0.01334601 -0.00396659 0.00184851 -0.01391141 -0.00458914 0.00173292 -0.01227742 -0.00326432 0.00224268 -0.01192241 -0.00287342 0.00277073 -0.01165529 -0.00257931 0.00340305 -0.01148947 -0.00239673 0.00410792 -0.01143325 -0.00233483 0.00485 -0.01148947 -0.00239673 0.00559208 -0.01156271 -0.00247737 0.00596679 -0.01165529 -0.00257931 0.00629695 -0.01192241 -0.00287342 0.00692927 -0.01227742 -0.00326432 0.00745732 -0.01270253 -0.00373241 0.00785463 -0.01317643 -0.0042542 0.00810127 -0.01337004 -0.00446738 0.00815383 -0.01586121 -0.00721036 0.00559208 -0.01578797 -0.00712971 0.00596679 -0.01569539 -0.00702777 0.00629695 -0.01542827 -0.00673366 0.00692927 -0.01507326 -0.00634276 0.00745732 -0.01464814 -0.00587467 0.00785463 -0.01417425 -0.00535288 0.00810127 -0.01367534 -0.00480354 0.00818489 -0.01591742 -0.00727225 0.00485 -0.01586121 -0.00721036 0.00410792 -0.01569539 -0.00702777 0.00340305 -0.01542827 -0.00673366 0.00277073 -0.01507326 -0.00634276 0.00224268 -0.01484029 -0.00608624 0.00200061 -0.01251039 -0.00352084 0.00200061 -0.01270253 -0.00373241 0.00184537 -0.01317643 -0.0042542 0.00159873 -0.01367534 -0.00480354 0.00151511 -0.01417425 -0.00535288 0.00159873 -0.01464814 -0.00587467 0.00184537 -0.00427531 -0.01213131 0.00877228 -0.0101375 -0.00666779 0.00922466 -0.01166489 -0.00542009 0.00877228 -0.01226676 -0.00608281 0.00887315 -0.00982982 -0.00339954 0.00659558 -0.01344034 -0.007375 0.00122527 -0.01438147 -0.00841126 0.00735839 -0.01395319 -0.00793969 0.00799542 -0.01344034 -0.007375 0.00847473 -0.01286864 -0.00674552 0.00877228 -0.01109319 -0.00479061 0.00847473 -0.00949987 -0.0059657 0.00889279 -0.00794386 -0.00724197 0.00910323 -0.01058035 -0.00422593 0.00799542 -0.00892787 -0.00533589 0.0083582 -0.00734209 -0.00657938 0.00854082 -0.0058442 -0.00793976 0.00854082 -0.01015206 -0.00375435 0.00735839 -0.00845019 -0.00480993 0.0076477 -0.00683954 -0.00602603 0.00779333 -0.00534165 -0.00738642 0.00779333 -0.00397655 -0.00887289 0.0076477 -0.00809078 -0.00441419 0.00679691 -0.00646142 -0.0056097 0.00689825 -0.00496353 -0.00697008 0.00689825 -0.00361714 -0.00847715 0.00679691 -0.00244024 -0.01011076 0.00659558 -0.00764409 -0.01291113 0.00889279 -0.00605076 -0.01408622 0.00847473 -0.00547906 -0.01345674 0.00877228 -0.00656361 -0.01465091 0.00799542 -0.00821608 -0.01354095 0.0083582 -0.00980187 -0.01229746 0.00854082 -0.00699189 -0.01512248 0.00735839 -0.00869376 -0.01406691 0.0076477 -0.01030441 -0.0128508 0.00779333 -0.0118023 -0.01149042 0.00779333 -0.00731414 -0.0154773 0.00659558 -0.00905318 -0.01446265 0.00679691 -0.01068253 -0.01326714 0.00689825 -0.01218042 -0.01190676 0.00689825 -0.01352681 -0.01039969 0.00679691 -0.01497157 -0.00906101 0.00485 -0.01490376 -0.00898634 0.00395477 -0.01382557 -0.01072864 0.00485 -0.01374993 -0.01064536 0.00385151 -0.01249472 -0.01225283 0.00485 -0.01241515 -0.01216522 0.00379954 -0.01099684 -0.01361321 0.00485 -0.01091726 -0.0135256 0.00379954 -0.00935193 -0.0147916 0.00485 -0.00927629 -0.01470832 0.00385151 -0.007582 -0.01577223 0.00485 -0.00751418 -0.01569756 0.00395477 -0.01470371 -0.00876608 0.00310442 -0.01352681 -0.01039969 0.00290309 -0.01218042 -0.01190676 0.00280175 -0.01068253 -0.01326714 0.00280175 -0.00905318 -0.01446265 0.00290309 -0.00731414 -0.0154773 0.00310442 -0.01438147 -0.00841126 0.00234161 -0.0131674 -0.01000395 0.0020523 -0.0118023 -0.01149042 0.00190667 -0.01030441 -0.0128508 0.00190667 -0.00869376 -0.01406691 0.0020523 -0.00699189 -0.01512248 0.00234161 -0.01286864 -0.00674552 0.00092772 -0.01211772 -0.00884817 0.00080721 -0.01148009 -0.00814609 0.00047534 -0.01069798 -0.01027448 0.00059677 -0.01002716 -0.00953585 0.00024763 -0.00920009 -0.01163486 0.00059677 -0.00852927 -0.01089623 0.00024763 -0.00764409 -0.01291113 0.00080721 -0.00700645 -0.01220905 0.00047534 -0.00605076 -0.01408622 0.00122527 -0.00547906 -0.01345674 0.00092772 -0.01226676 -0.00608281 0.00082685 -0.01080879 -0.00740694 0.00036284 -0.00932092 -0.00875823 0.00012927 -0.00782303 -0.01011861 0.00012927 -0.00633516 -0.0114699 0.00036284 -0.00487719 -0.01279403 0.00082685 -0.01166489 -0.00542009 0.00092772 -0.0101375 -0.00666779 0.00047534 -0.00861468 -0.0079806 0.00024763 -0.0071168 -0.00934099 0.00024763 -0.00566386 -0.01073075 0.00047534 -0.00427531 -0.01213131 0.00092772 -0.01109319 -0.00479061 0.00122527 -0.00949987 -0.0059657 0.00080721 -0.00794386 -0.00724197 0.00059677 -0.00644597 -0.00860236 0.00059677 -0.00502623 -0.01002866 0.00080721 -0.00370362 -0.01150183 0.00122527 -0.01015206 -0.00375435 0.00234161 -0.00982982 -0.00339954 0.00310442 -0.00845019 -0.00480993 0.0020523 -0.00809078 -0.00441419 0.00290309 -0.00683954 -0.00602603 0.00190667 -0.00646142 -0.0056097 0.00280175 -0.00534165 -0.00738642 0.00190667 -0.00496353 -0.00697008 0.00280175 -0.00397655 -0.00887289 0.0020523 -0.00361714 -0.00847715 0.00290309 -0.00276248 -0.01046557 0.00234161 -0.00244024 -0.01011076 0.00310442 -0.00962977 -0.00317927 0.00395477 -0.00786766 -0.00416852 0.00385151 -0.00622669 -0.00535124 0.00379954 -0.0047288 -0.00671162 0.00379954 -0.00339402 -0.00823148 0.00385151 -0.00224019 -0.00989049 0.00395477 -0.00956196 -0.0031046 0.00485 -0.00779202 -0.00408524 0.00485 -0.00614712 -0.00526362 0.00485 -0.00464923 -0.006624 0.00485 -0.00331839 -0.0081482 0.00485 -0.00217238 -0.00981582 0.00485 -0.01470371 -0.00876608 0.00659558 -0.0131674 -0.01000395 0.0076477 -0.01129975 -0.01093708 0.00854082 -0.00920009 -0.01163486 0.00910323 -0.00700645 -0.01220905 0.00922466 -0.00487719 -0.01279403 0.00887315 -0.00751418 -0.01569756 0.00574523 -0.00927629 -0.01470832 0.00584849 -0.01091726 -0.0135256 0.00590046 -0.01241515 -0.01216522 0.00590046 -0.01374993 -0.01064536 0.00584849 -0.01490376 -0.00898634 0.00574523 -0.00656361 -0.01465091 0.00170458 -0.00821608 -0.01354095 0.0013418 -0.00980187 -0.01229746 0.00115918 -0.01129975 -0.01093708 0.00115918 -0.01268972 -0.00947799 0.0013418 -0.01395319 -0.00793969 0.00170458 -0.00319077 -0.01093715 0.00170458 -0.00445423 -0.00939885 0.0013418 -0.0058442 -0.00793976 0.00115918 -0.00734209 -0.00657938 0.00115918 -0.00892787 -0.00533589 0.0013418 -0.01058035 -0.00422593 0.00170458 -0.00224019 -0.00989049 0.00574523 -0.00339402 -0.00823148 0.00584849 -0.0047288 -0.00671162 0.00590046 -0.00622669 -0.00535124 0.00590046 -0.00786766 -0.00416852 0.00584849 -0.00962977 -0.00317927 0.00574523 -0.00276248 -0.01046557 0.00735839 -0.01080879 -0.00740694 0.00933716 -0.00861468 -0.0079806 0.00945237 -0.00644597 -0.00860236 0.00910323 -0.00445423 -0.00939885 0.0083582 -0.01148009 -0.00814609 0.00922466 -0.00932092 -0.00875823 0.00957073 -0.0071168 -0.00934099 0.00945237 -0.00502623 -0.01002866 0.00889279 -0.00319077 -0.01093715 0.00799542 -0.01211772 -0.00884817 0.00889279 -0.01002716 -0.00953585 0.00945237 -0.00782303 -0.01011861 0.00957073 -0.00566386 -0.01073075 0.00922466 -0.00370362 -0.01150183 0.00847473 -0.01268972 -0.00947799 0.0083582 -0.01069798 -0.01027448 0.00910323 -0.00852927 -0.01089623 0.00945237 -0.00633516 -0.0114699 0.00933716 0.01448076 -0.00301997 0.00585 0.01485089 -0.00335612 0.00571603 0.01512185 -0.00360221 0.00535 0.01522102 -0.00369228 0.00485 0.01512185 -0.00360221 0.00435 0.01411062 -0.00268381 0.00571603 0.01383967 -0.00243773 0.00535 0.01374049 -0.00234765 0.00485 0.01383967 -0.00243773 0.00435 0.01411062 -0.00268381 0.00398397 0.01448076 -0.00301997 0.00385 0.01485089 -0.00335612 0.00398397 0.01340724 -0.00286371 0.00163878 0.01300216 -0.00249581 0.00184537 0.01308877 -0.00214368 0.00218671 0.01279059 -0.00230366 0.00200061 0.01253408 -0.0020707 0.00224268 0.01260131 -0.00170097 0.00272243 0.01226907 -0.00183002 0.00257376 0.01214318 -0.00171568 0.00277073 0.01223893 -0.00137185 0.00341594 0.01188136 -0.0014779 0.00331573 0.01165622 -0.00127342 0.0041715 0.01202849 -0.00118073 0.00421581 0.01160458 -0.00122653 0.00485 0.0119856 -0.00114178 0.00506272 0.01161034 -0.00123176 0.00507758 0.01211346 -0.00125789 0.00589385 0.01166648 -0.00128274 0.00559208 0.01174713 -0.00135598 0.00596679 0.01184906 -0.00144857 0.00629695 0.01240256 -0.00152046 0.00664756 0.01205643 -0.0016369 0.00677316 0.01214318 -0.00171568 0.00692927 0.01283148 -0.00191 0.00726795 0.01251532 -0.00205366 0.00743691 0.01308976 -0.00257536 0.0079088 0.0133684 -0.00239763 0.00770902 0.01397349 -0.00294718 0.00793804 0.01352395 -0.0029697 0.00810127 0.01373714 -0.00316332 0.00815383 0.0146019 -0.0035179 0.00793804 0.01407329 -0.00346861 0.00818489 0.01440945 -0.00377391 0.00815383 0.01462263 -0.00396752 0.00810127 0.015207 -0.00406745 0.00770902 0.01505683 -0.00436186 0.0079088 0.01563127 -0.00488357 0.00743691 0.01574391 -0.00455508 0.00726795 0.01600341 -0.00522155 0.00692927 0.01617283 -0.00494462 0.00664756 0.01609016 -0.00530033 0.00677316 0.01646194 -0.00520719 0.00589385 0.01629752 -0.00548866 0.00629695 0.01653625 -0.00570547 0.00507758 0.01658979 -0.0053233 0.00506272 0.01648011 -0.00565448 0.00559208 0.01639946 -0.00558124 0.00596679 0.016542 -0.0057107 0.00485 0.01649037 -0.0056638 0.0041715 0.01654691 -0.00528436 0.00421581 0.01626523 -0.00545933 0.00331573 0.01633647 -0.00509324 0.00341594 0.01600341 -0.00522155 0.00277073 0.01597408 -0.00476411 0.00272243 0.01587752 -0.00510721 0.00257376 0.01548662 -0.00432141 0.00218671 0.01561251 -0.00486653 0.00224268 0.015356 -0.00463356 0.00200061 0.01514443 -0.00444142 0.00184537 0.01491025 -0.00379794 0.00184851 0.01366515 -0.00266714 0.00184851 0.0142877 -0.00323254 0.00173292 0.01407329 -0.00346861 0.00151511 0.01473934 -0.00407352 0.00163878 0.0164946 -0.00494968 0.00504071 0.01637997 -0.00484557 0.00578588 0.01612077 -0.00461016 0.00646163 0.01573622 -0.00426091 0.00701786 0.01525484 -0.00382372 0.0074133 0.01471232 -0.00333101 0.00761864 0.01414892 -0.00281933 0.00761864 0.01360641 -0.00232662 0.0074133 0.01312502 -0.00188942 0.00701786 0.01274047 -0.00154017 0.00646163 0.01248127 -0.00130476 0.00578588 0.01236664 -0.00120066 0.00504071 0.01240509 -0.00123558 0.00428141 0.01259376 -0.00140693 0.00356427 0.01291867 -0.00170201 0.00294249 0.0133557 -0.00209893 0.00246218 0.01387247 -0.00256825 0.00215896 0.01443062 -0.00307517 0.00205533 0.01498878 -0.00358209 0.00215896 0.01550554 -0.00405141 0.00246218 0.01594258 -0.00444833 0.00294249 0.01626748 -0.00474341 0.00356427 0.01645616 -0.00491476 0.00428141 0.01623166 -0.00461013 0.0043585 0.01626906 -0.0046441 0.00485 0.01626489 -0.00464032 0.00501486 0.0161658 -0.00455033 0.00565899 0.01594175 -0.00434684 0.00624312 0.01560933 -0.00404494 0.00672393 0.01519322 -0.00366702 0.00706575 0.01472426 -0.00324112 0.00724325 0.01423725 -0.00279881 0.00724325 0.01376829 -0.00237291 0.00706575 0.01335218 -0.00199499 0.00672393 0.01301977 -0.00169309 0.00624312 0.01279571 -0.0014896 0.00565899 0.01269662 -0.00139961 0.00501486 0.01272986 -0.0014298 0.0043585 0.01289295 -0.00157792 0.0037386 0.0131738 -0.00183299 0.00320112 0.01355158 -0.00217609 0.00278594 0.01399828 -0.00258178 0.00252383 0.01448076 -0.00301997 0.00243425 0.01496323 -0.00345815 0.00252383 0.01540993 -0.00386384 0.00278594 0.01578771 -0.00420694 0.00320112 0.01606856 -0.00446201 0.0037386 0.00618438 -0.01574812 0.00485 0.00614698 -0.01571415 0.0043585 0.00647175 -0.01590838 0.00428141 0.00598389 -0.01556603 0.0037386 0.00628307 -0.01573702 0.00356427 0.00570303 -0.01531096 0.00320112 0.00595817 -0.01544194 0.00294249 0.00532525 -0.01496786 0.00278594 0.00552113 -0.01504503 0.00246218 0.00487856 -0.01456217 0.00252383 0.00500437 -0.0145757 0.00215896 0.00439608 -0.01412399 0.00243425 0.00444621 -0.01406878 0.00205533 0.0039136 -0.0136858 0.00252383 0.00388806 -0.01356187 0.00215896 0.0034669 -0.01328011 0.00278594 0.0033713 -0.01309254 0.00246218 0.00308912 -0.01293701 0.00320112 0.00293426 -0.01269562 0.00294249 0.00280827 -0.01268194 0.0037386 0.00260935 -0.01240055 0.00356427 0.00264518 -0.01253382 0.0043585 0.00242068 -0.01222919 0.00428141 0.00261194 -0.01250363 0.00501486 0.00238223 -0.01219427 0.00504071 0.00271103 -0.01259362 0.00565899 0.00249686 -0.01229838 0.00578588 0.00293509 -0.01279711 0.00624312 0.00275606 -0.01253379 0.00646163 0.0032675 -0.01309901 0.00672393 0.00314062 -0.01288304 0.00701786 0.00368362 -0.01347693 0.00706575 0.003622 -0.01332023 0.0074133 0.00415257 -0.01390283 0.00724325 0.00416451 -0.01381294 0.00761864 0.00463959 -0.01434514 0.00724325 0.00472792 -0.01432463 0.00761864 0.00510854 -0.01477104 0.00706575 0.00527043 -0.01481734 0.0074133 0.00552466 -0.01514896 0.00672393 0.00575181 -0.01525453 0.00701786 0.00585707 -0.01545086 0.00624312 0.00613636 -0.01560378 0.00646163 0.00608113 -0.01565435 0.00565899 0.00639557 -0.01583919 0.00578588 0.00618021 -0.01574434 0.00501486 0.00651019 -0.01594329 0.00504071 0.00521169 -0.01447681 0.00184851 0.00578806 -0.01500028 0.00218671 0.00627552 -0.01544299 0.00272243 0.00663791 -0.01577211 0.00341594 0.00684835 -0.01596323 0.00421581 0.00689123 -0.01600217 0.00506272 0.00676338 -0.01588606 0.00589385 0.00647427 -0.01562349 0.00664756 0.00604536 -0.01523395 0.00726795 0.00550844 -0.01474632 0.00770902 0.00490334 -0.01419677 0.00793804 0.00427494 -0.01362605 0.00793804 0.00366984 -0.0130765 0.00770902 0.00313292 -0.01258887 0.00726795 0.002704 -0.01219933 0.00664756 0.0024149 -0.01193677 0.00589385 0.00228705 -0.01182065 0.00506272 0.00232993 -0.0118596 0.00421581 0.00254037 -0.01205072 0.00341594 0.00290276 -0.01237984 0.00272243 0.00339021 -0.01282255 0.00218671 0.00396659 -0.01334601 0.00184851 0.00458914 -0.01391141 0.00173292 0.00326432 -0.01227742 0.00224268 0.00287342 -0.01192241 0.00277073 0.00257931 -0.01165529 0.00340305 0.00239673 -0.01148947 0.00410792 0.00233483 -0.01143325 0.00485 0.00239673 -0.01148947 0.00559208 0.00247737 -0.01156271 0.00596679 0.00257931 -0.01165529 0.00629695 0.00287342 -0.01192241 0.00692927 0.00326432 -0.01227742 0.00745732 0.00373241 -0.01270253 0.00785463 0.0042542 -0.01317643 0.00810127 0.00446738 -0.01337004 0.00815383 0.00721036 -0.01586121 0.00559208 0.00712971 -0.01578797 0.00596679 0.00702777 -0.01569539 0.00629695 0.00673366 -0.01542827 0.00692927 0.00634276 -0.01507326 0.00745732 0.00587467 -0.01464814 0.00785463 0.00535288 -0.01417425 0.00810127 0.00480354 -0.01367534 0.00818489 0.00727225 -0.01591742 0.00485 0.00721036 -0.01586121 0.00410792 0.00702777 -0.01569539 0.00340305 0.00673366 -0.01542827 0.00277073 0.00634276 -0.01507326 0.00224268 0.00608624 -0.01484029 0.00200061 0.00352084 -0.01251039 0.00200061 0.00373241 -0.01270253 0.00184537 0.0042542 -0.01317643 0.00159873 0.00480354 -0.01367534 0.00151511 0.00535288 -0.01417425 0.00159873 0.00587467 -0.01464814 0.00184537 0.01213131 -0.00427531 0.00877228 0.00666779 -0.0101375 0.00922466 0.00542009 -0.01166489 0.00877228 0.00608281 -0.01226676 0.00887315 0.00339954 -0.00982982 0.00659558 0.007375 -0.01344034 0.00122527 0.00841126 -0.01438147 0.00735839 0.00793969 -0.01395319 0.00799542 0.007375 -0.01344034 0.00847473 0.00674552 -0.01286864 0.00877228 0.00479061 -0.01109319 0.00847473 0.0059657 -0.00949987 0.00889279 0.00724197 -0.00794386 0.00910323 0.00422593 -0.01058035 0.00799542 0.00533589 -0.00892787 0.0083582 0.00657938 -0.00734209 0.00854082 0.00793976 -0.0058442 0.00854082 0.00375435 -0.01015206 0.00735839 0.00480993 -0.00845019 0.0076477 0.00602603 -0.00683954 0.00779333 0.00738642 -0.00534165 0.00779333 0.00887289 -0.00397655 0.0076477 0.00441419 -0.00809078 0.00679691 0.0056097 -0.00646142 0.00689825 0.00697008 -0.00496353 0.00689825 0.00847715 -0.00361714 0.00679691 0.01011076 -0.00244024 0.00659558 0.01291113 -0.00764409 0.00889279 0.01408622 -0.00605076 0.00847473 0.01345674 -0.00547906 0.00877228 0.01465091 -0.00656361 0.00799542 0.01354095 -0.00821608 0.0083582 0.01229746 -0.00980187 0.00854082 0.01512248 -0.00699189 0.00735839 0.01406691 -0.00869376 0.0076477 0.0128508 -0.01030441 0.00779333 0.01149042 -0.0118023 0.00779333 0.0154773 -0.00731414 0.00659558 0.01446265 -0.00905318 0.00679691 0.01326714 -0.01068253 0.00689825 0.01190676 -0.01218042 0.00689825 0.01039969 -0.01352681 0.00679691 0.00906101 -0.01497157 0.00485 0.00898634 -0.01490376 0.00395477 0.01072864 -0.01382557 0.00485 0.01064536 -0.01374993 0.00385151 0.01225283 -0.01249472 0.00485 0.01216522 -0.01241515 0.00379954 0.01361321 -0.01099684 0.00485 0.0135256 -0.01091726 0.00379954 0.0147916 -0.00935193 0.00485 0.01470832 -0.00927629 0.00385151 0.01577223 -0.007582 0.00485 0.01569756 -0.00751418 0.00395477 0.00876608 -0.01470371 0.00310442 0.01039969 -0.01352681 0.00290309 0.01190676 -0.01218042 0.00280175 0.01326714 -0.01068253 0.00280175 0.01446265 -0.00905318 0.00290309 0.0154773 -0.00731414 0.00310442 0.00841126 -0.01438147 0.00234161 0.01000395 -0.0131674 0.0020523 0.01149042 -0.0118023 0.00190667 0.0128508 -0.01030441 0.00190667 0.01406691 -0.00869376 0.0020523 0.01512248 -0.00699189 0.00234161 0.00674552 -0.01286864 0.00092772 0.00884817 -0.01211772 0.00080721 0.00814609 -0.01148009 0.00047534 0.01027448 -0.01069798 0.00059677 0.00953585 -0.01002716 0.00024763 0.01163486 -0.00920009 0.00059677 0.01089623 -0.00852927 0.00024763 0.01291113 -0.00764409 0.00080721 0.01220905 -0.00700645 0.00047534 0.01408622 -0.00605076 0.00122527 0.01345674 -0.00547906 0.00092772 0.00608281 -0.01226676 0.00082685 0.00740694 -0.01080879 0.00036284 0.00875823 -0.00932092 0.00012927 0.01011861 -0.00782303 0.00012927 0.0114699 -0.00633516 0.00036284 0.01279403 -0.00487719 0.00082685 0.00542009 -0.01166489 0.00092772 0.00666779 -0.0101375 0.00047534 0.0079806 -0.00861468 0.00024763 0.00934099 -0.0071168 0.00024763 0.01073075 -0.00566386 0.00047534 0.01213131 -0.00427531 0.00092772 0.00479061 -0.01109319 0.00122527 0.0059657 -0.00949987 0.00080721 0.00724197 -0.00794386 0.00059677 0.00860236 -0.00644597 0.00059677 0.01002866 -0.00502623 0.00080721 0.01150183 -0.00370362 0.00122527 0.00375435 -0.01015206 0.00234161 0.00339954 -0.00982982 0.00310442 0.00480993 -0.00845019 0.0020523 0.00441419 -0.00809078 0.00290309 0.00602603 -0.00683954 0.00190667 0.0056097 -0.00646142 0.00280175 0.00738642 -0.00534165 0.00190667 0.00697008 -0.00496353 0.00280175 0.00887289 -0.00397655 0.0020523 0.00847715 -0.00361714 0.00290309 0.01046557 -0.00276248 0.00234161 0.01011076 -0.00244024 0.00310442 0.00317927 -0.00962977 0.00395477 0.00416852 -0.00786766 0.00385151 0.00535124 -0.00622669 0.00379954 0.00671162 -0.0047288 0.00379954 0.00823148 -0.00339402 0.00385151 0.00989049 -0.00224019 0.00395477 0.0031046 -0.00956196 0.00485 0.00408524 -0.00779202 0.00485 0.00526362 -0.00614712 0.00485 0.006624 -0.00464923 0.00485 0.0081482 -0.00331839 0.00485 0.00981582 -0.00217238 0.00485 0.00876608 -0.01470371 0.00659558 0.01000395 -0.0131674 0.0076477 0.01093708 -0.01129975 0.00854082 0.01163486 -0.00920009 0.00910323 0.01220905 -0.00700645 0.00922466 0.01279403 -0.00487719 0.00887315 0.01569756 -0.00751418 0.00574523 0.01470832 -0.00927629 0.00584849 0.0135256 -0.01091726 0.00590046 0.01216522 -0.01241515 0.00590046 0.01064536 -0.01374993 0.00584849 0.00898634 -0.01490376 0.00574523 0.01465091 -0.00656361 0.00170458 0.01354095 -0.00821608 0.0013418 0.01229746 -0.00980187 0.00115918 0.01093708 -0.01129975 0.00115918 0.00947799 -0.01268972 0.0013418 0.00793969 -0.01395319 0.00170458 0.01093715 -0.00319077 0.00170458 0.00939885 -0.00445423 0.0013418 0.00793976 -0.0058442 0.00115918 0.00657938 -0.00734209 0.00115918 0.00533589 -0.00892787 0.0013418 0.00422593 -0.01058035 0.00170458 0.00989049 -0.00224019 0.00574523 0.00823148 -0.00339402 0.00584849 0.00671162 -0.0047288 0.00590046 0.00535124 -0.00622669 0.00590046 0.00416852 -0.00786766 0.00584849 0.00317927 -0.00962977 0.00574523 0.01046557 -0.00276248 0.00735839 0.00740694 -0.01080879 0.00933716 0.0079806 -0.00861468 0.00945237 0.00860236 -0.00644597 0.00910323 0.00939885 -0.00445423 0.0083582 0.00814609 -0.01148009 0.00922466 0.00875823 -0.00932092 0.00957073 0.00934099 -0.0071168 0.00945237 0.01002866 -0.00502623 0.00889279 0.01093715 -0.00319077 0.00799542 0.00884817 -0.01211772 0.00889279 0.00953585 -0.01002716 0.00945237 0.01011861 -0.00782303 0.00957073 0.01073075 -0.00566386 0.00922466 0.01150183 -0.00370362 0.00847473 0.00947799 -0.01268972 0.0083582 0.01027448 -0.01069798 0.00910323 0.01089623 -0.00852927 0.00945237 0.0114699 -0.00633516 0.00933716 0.00793779 -0.00284929 0.00945 0.00784946 -0.00244853 0.00945 0.00749134 0.00036039 0.00945 0.00757816 0.00319072 0.00945 0.00244853 0.00784946 0.00945 -0.00036039 0.00749134 0.00945 -0.00319072 0.00757816 0.00945 -0.00784946 0.00244853 0.00945 -0.00749134 -0.00036039 0.00945 -0.00757816 -0.00319072 0.00945 -0.00762762 -0.00359811 0.00945 -0.00284929 -0.00793779 0.00945 -0.00244853 -0.00784946 0.00945 0.00036039 -0.00749134 0.00945 0.00319072 -0.00757816 0.00945 0.00359811 -0.00762762 0.00945 -0.00762762 -0.00359811 0.00905 -0.00504234 -0.00555201 0.00905 -0.00284929 -0.00793779 0.00905 -0.00310239 -0.00761475 0.00905 -0.00728178 -0.00381903 0.00905 0.00359811 -0.00762762 0.00905 0.00555201 -0.00504234 0.00905 0.00793779 -0.00284929 0.00905 0.00761475 -0.00310239 0.00905 0.00381903 -0.00728178 0.00905 0.00944242 -0.00696608 0.0097509 0.0076081 -0.00573421 0.00905 0.00886616 -0.00572409 0.0093762 0.00840225 -0.00449072 0.00905 0.00952731 -0.00710351 0.00979839 0.00977455 -0.00734063 0.00990659 0.01198515 -0.00903319 0.01079074 0.01007033 -0.00747592 0.01000715 0.01038092 -0.00750985 0.01009345 0.01166415 -0.00744811 0.01041955 0.01264146 -0.00808924 0.01079074 0.01306788 -0.00738058 0.01079074 0.00845934 -0.00949648 0.01006331 0.008356 -0.0091911 0.00996954 0.01014197 -0.01106268 0.01079074 0.00847167 -0.00961209 0.01009345 0.0085334 -0.01089532 0.01041955 0.00926646 -0.01180573 0.01079074 0.00860093 -0.01229904 0.01079074 0.00813736 -0.00891288 0.00985721 0.00784032 -0.00873012 0.0097509 0.00643805 -0.00702251 0.00905 0.00663989 -0.00830422 0.00940129 0.00527654 -0.00793236 0.00905 0.01052817 -0.01069579 0.01079074 0.0116579 -0.00945177 0.01079074 0.00751706 0.01419335 0.0159202 0.00738861 0.01390703 0.01615628 0.00842519 0.01316383 0.01623103 0.00735509 0.01359789 0.01632421 0.00738058 0.01306788 0.01650926 0.00809039 0.01264073 0.01650926 0.01180657 0.00926539 0.01650926 0.01229904 0.00860093 0.01650926 0.01229515 0.00964881 0.01623103 0.01282906 0.00862643 0.01632421 0.01097463 0.01023718 0.01650926 0.0111394 0.01096284 0.01623103 0.01069675 0.0105272 0.01650926 0.009844 0.01213943 0.01623103 0.00945283 0.01165704 0.01650926 0.00913642 0.01190665 0.01650926 0.00772721 0.01442519 0.01561676 0.00765227 0.01435845 0.01572065 0.00877522 0.01371072 0.0157126 0.00903516 0.01411686 0.01503595 0.00916418 0.01431844 0.01441811 0.00887605 0.01449882 0.01441811 0.00882002 0.01453069 0.01442569 0.00863643 0.01460521 0.01453138 0.00852505 0.01463119 0.01463513 0.00834591 0.01464591 0.01483201 0.00802322 0.01458968 0.01522921 0.01061879 0.01327559 0.01441811 0.01055669 0.0130183 0.01503595 0.01070744 0.0132042 0.01441811 0.01194588 0.01175653 0.01503595 0.01211646 0.01192441 0.01441811 0.01318529 0.01034736 0.01503595 0.01337357 0.01049512 0.01441811 0.01378072 0.0096016 0.01496607 0.01374138 0.00990398 0.01462086 0.01357982 0.01022686 0.01441811 0.01365454 0.01011203 0.01445072 0.0135568 0.00899429 0.01572237 0.01359129 0.00903923 0.01566477 0.01280595 0.01004967 0.0157126 0.01372462 0.00929423 0.01534412 0.01376016 0.00942215 0.01518534 0.0131028 0.00867847 0.01617678 0.01317867 0.00870774 0.0161241 0.01338173 0.00882582 0.01594632 0.01025297 0.01264376 0.0157126 0.01160219 0.01141829 0.0157126 0.0075782 0.00319105 0.01846732 0.00765342 0.00378465 0.0184322 0.00679818 0.00316777 0.0185 0.0078285 0.00479724 0.01832124 0.00805838 0.00578787 0.01812471 0.00722567 0.00489072 0.01840562 -0.00036039 0.00749134 0.0185 0.00016489 0.00749819 0.0185 0.00094924 0.00760238 0.01849835 0.00134974 0.00737755 0.0185 0.00226167 0.00781153 0.01847494 0.00250056 0.00707087 0.0185 0.00244882 0.00784952 0.01846729 0.00636039 0.00597286 0.01840562 0.00621102 0.00420395 0.0185 0.00752819 0.00266482 0.01848506 0.00721391 0.0020517 0.0185 0.00747189 0.00144573 0.01849913 0.00744773 0.0008839 0.0185 0.00749134 0.00036039 0.0185 0.00723246 0.00679179 0.01812471 0.00606616 0.00785103 0.01812471 0.00533472 0.00690437 0.01840562 0.00498759 0.00857677 0.01812471 0.00417452 0.00766178 0.01840562 0.00436466 0.00836055 0.01826327 0.00338635 0.00807134 0.01840113 0.00358832 0.00658589 0.0185 0.0045856 0.00593484 0.0185 0.00546724 0.00513413 0.0185 0.00658589 -0.00358832 0.0185 0.00379483 -0.00155218 0.0185 0.0030351 -0.00275648 0.0185 0.00749819 -0.00016489 0.0185 0.00409685 -0.00016066 0.0185 0.00737755 -0.00134974 0.0185 0.00707087 -0.00250056 0.0185 -0.00358832 -0.00658589 0.0185 -0.00250056 -0.00707087 0.0185 -0.00218756 -0.00346765 0.0185 -0.00086963 -0.00400671 0.0185 -0.00591099 0.0046163 0.0185 -0.00656378 0.0036286 0.0185 -0.0030351 0.00275648 0.0185 -0.00379483 0.00155218 0.0185 -0.00055319 0.00406251 0.0185 -0.00088039 0.00744815 0.0185 -0.0020415 0.0072168 0.0185 0.00324164 0.00251033 0.0185 0.00218756 0.00346765 0.0185 0.00390473 0.00125023 0.0185 0.00316777 -0.00679818 0.0185 0.00420395 -0.00621102 0.0185 0.00190929 -0.00362831 0.0185 0.00513413 -0.00546724 0.0185 0.00593484 -0.0045856 0.0185 0.0020517 -0.00721391 0.0185 0.00055319 -0.00406251 0.0185 0.0008839 -0.00744773 0.0185 -0.00134974 -0.00737755 0.0185 -0.00016489 -0.00749819 0.0185 0.00036039 -0.00749134 0.0185 -0.00749641 0.00023202 0.0185 -0.00409685 0.00016066 0.0185 -0.0073665 0.0014088 0.0185 -0.00705302 0.00255048 0.0185 -0.00190929 0.00362831 0.0185 0.00086963 0.00400671 0.0185 -0.0045856 -0.00593484 0.0185 -0.00324164 -0.00251033 0.0185 -0.00546724 -0.00513413 0.0185 -0.00390473 -0.00125023 0.0185 -0.00679818 -0.00316777 0.0185 -0.00621102 -0.00420395 0.0185 -0.00315174 0.00680562 0.0185 -0.00418344 0.00622485 0.0185 -0.00511089 0.00548897 0.0185 -0.00749134 -0.00036039 0.0185 -0.00744773 -0.0008839 0.0185 -0.00721391 -0.0020517 0.0185 0.00949648 0.00845934 0.01006331 0.0091911 0.008356 0.00996954 0.01106268 0.01014197 0.01079074 0.00961209 0.00847167 0.01009345 0.01089532 0.0085334 0.01041955 0.01180573 0.00926646 0.01079074 0.01229904 0.00860093 0.01079074 0.00891288 0.00813736 0.00985721 0.00873012 0.00784032 0.0097509 0.00702251 0.00643805 0.00905 0.00830422 0.00663989 0.00940129 0.00793236 0.00527654 0.00905 0.00696608 0.00944242 0.0097509 0.00573421 0.0076081 0.00905 0.00572409 0.00886616 0.0093762 0.00449072 0.00840225 0.00905 0.0070794 0.00951012 0.00978947 0.00732436 0.00975111 0.00989757 0.00903319 0.01198515 0.01079074 0.0074662 0.01003691 0.00999683 0.00750985 0.01038092 0.01009345 0.00744811 0.01166415 0.01041955 0.00808924 0.01264146 0.01079074 0.00738058 0.01306788 0.01079074 0.01069579 0.01052817 0.01079074 0.00945177 0.0116579 0.01079074 -0.00949648 -0.00845934 0.01006331 -0.0091911 -0.008356 0.00996954 -0.01106268 -0.01014197 0.01079074 -0.00961209 -0.00847167 0.01009345 -0.01089532 -0.0085334 0.01041955 -0.01180573 -0.00926646 0.01079074 -0.01229904 -0.00860093 0.01079074 -0.00891288 -0.00813736 0.00985721 -0.00873012 -0.00784032 0.0097509 -0.00702251 -0.00643805 0.00905 -0.00830422 -0.00663989 0.00940129 -0.00793236 -0.00527654 0.00905 -0.00696608 -0.00944242 0.0097509 -0.00573421 -0.0076081 0.00905 -0.00572409 -0.00886616 0.0093762 -0.00449072 -0.00840225 0.00905 -0.00710351 -0.00952731 0.00979839 -0.00734063 -0.00977455 0.00990659 -0.00903319 -0.01198515 0.01079074 -0.00747592 -0.01007033 0.01000715 -0.00750985 -0.01038092 0.01009345 -0.00744811 -0.01166415 0.01041955 -0.00808924 -0.01264146 0.01079074 -0.00738058 -0.01306788 0.01079074 -0.01069579 -0.01052817 0.01079074 -0.00945177 -0.0116579 0.01079074 -0.00845934 0.00949648 0.01006331 -0.008356 0.0091911 0.00996954 -0.01014197 0.01106268 0.01079074 -0.00847167 0.00961209 0.01009345 -0.0085334 0.01089532 0.01041955 -0.00926646 0.01180573 0.01079074 -0.00860093 0.01229904 0.01079074 -0.00813736 0.00891288 0.00985721 -0.00784032 0.00873012 0.0097509 -0.00643805 0.00702251 0.00905 -0.00663989 0.00830422 0.00940129 -0.00527654 0.00793236 0.00905 -0.00944242 0.00696608 0.0097509 -0.0076081 0.00573421 0.00905 -0.00886616 0.00572409 0.0093762 -0.00840225 0.00449072 0.00905 -0.00952731 0.00710351 0.00979839 -0.00977455 0.00734063 0.00990659 -0.01198515 0.00903319 0.01079074 -0.01007033 0.00747592 0.01000715 -0.01038092 0.00750985 0.01009345 -0.01166415 0.00744811 0.01041955 -0.01264146 0.00808924 0.01079074 -0.01306788 0.00738058 0.01079074 -0.01052817 0.01069579 0.01079074 -0.0116579 0.00945177 0.01079074 0.01359789 -0.00735509 0.01632421 0.01306788 -0.00738058 0.01650926 0.01264073 -0.00809039 0.01650926 0.01419335 -0.00751706 0.0159202 0.01390703 -0.00738861 0.01615628 0.01316383 -0.00842519 0.01623103 0.01442519 -0.00772721 0.01561676 0.01435845 -0.00765227 0.01572065 0.01371072 -0.00877522 0.0157126 0.01411686 -0.00903516 0.01503595 0.01431844 -0.00916418 0.01441811 0.01449882 -0.00887605 0.01441811 0.01453458 -0.00881254 0.01442809 0.01461261 -0.00860997 0.01455406 0.01463088 -0.00852687 0.01463295 0.01464594 -0.00835192 0.01482481 0.01458968 -0.00802322 0.01522921 0.01327559 -0.01061879 0.01441811 0.0130183 -0.01055669 0.01503595 0.0132042 -0.01070744 0.01441811 0.01175653 -0.01194588 0.01503595 0.01192441 -0.01211646 0.01441811 0.01034736 -0.01318529 0.01503595 0.01049512 -0.01337357 0.01441811 0.00962078 -0.01378099 0.01494304 0.00990387 -0.01374141 0.01462097 0.01022686 -0.01357982 0.01441811 0.01011203 -0.01365454 0.01445072 0.00899429 -0.0135568 0.01572237 0.00903923 -0.01359129 0.01566477 0.01004967 -0.01280595 0.0157126 0.00929222 -0.01372391 0.01534663 0.00942215 -0.01376016 0.01518534 0.00862643 -0.01282906 0.01632421 0.00867847 -0.0131028 0.01617678 0.00964881 -0.01229515 0.01623103 0.00870774 -0.01317867 0.0161241 0.00882582 -0.01338173 0.01594632 0.01165704 -0.00945283 0.01650926 0.01213943 -0.009844 0.01623103 0.0105272 -0.01069675 0.01650926 0.01096284 -0.0111394 0.01623103 0.00926539 -0.01180657 0.01650926 0.00860093 -0.01229904 0.01650926 0.01264376 -0.01025297 0.0157126 0.01141829 -0.01160219 0.0157126 -0.00735509 -0.01359789 0.01632421 -0.00738058 -0.01306788 0.01650926 -0.00809039 -0.01264073 0.01650926 -0.00751706 -0.01419335 0.0159202 -0.00738862 -0.01390703 0.01615628 -0.00842519 -0.01316383 0.01623103 -0.00772721 -0.01442519 0.01561676 -0.00765783 -0.01436389 0.01571281 -0.00877522 -0.01371072 0.0157126 -0.00903516 -0.01411686 0.01503595 -0.00916418 -0.01431844 0.01441811 -0.00887605 -0.01449882 0.01441811 -0.00882001 -0.01453069 0.01442569 -0.00863643 -0.01460521 0.01453138 -0.00852726 -0.01463081 0.01463289 -0.00834592 -0.01464591 0.01483201 -0.00802322 -0.01458968 0.01522921 -0.01061879 -0.01327559 0.01441811 -0.01055669 -0.0130183 0.01503595 -0.01070744 -0.0132042 0.01441811 -0.01194588 -0.01175653 0.01503595 -0.01211646 -0.01192441 0.01441811 -0.01318529 -0.01034736 0.01503595 -0.01337357 -0.01049512 0.01441811 -0.01378099 -0.00962078 0.01494304 -0.01374141 -0.00990387 0.01462097 -0.01357982 -0.01022686 0.01441811 -0.01365454 -0.01011203 0.01445072 -0.0135568 -0.00899429 0.01572237 -0.01359129 -0.00903923 0.01566477 -0.01280595 -0.01004967 0.0157126 -0.01372391 -0.00929222 0.01534663 -0.01376016 -0.00942215 0.01518534 -0.01282906 -0.00862643 0.01632421 -0.0131028 -0.00867847 0.01617678 -0.01229515 -0.00964881 0.01623103 -0.01317867 -0.00870774 0.0161241 -0.01338173 -0.00882582 0.01594632 -0.00945283 -0.01165704 0.01650926 -0.009844 -0.01213943 0.01623103 -0.01069675 -0.0105272 0.01650926 -0.0111394 -0.01096284 0.01623103 -0.01180657 -0.00926539 0.01650926 -0.01229904 -0.00860093 0.01650926 -0.01025297 -0.01264376 0.0157126 -0.01160219 -0.01141829 0.0157126 -0.01419335 0.00751706 0.0159202 -0.01390703 0.00738861 0.01615628 -0.01316383 0.00842519 0.01623103 -0.01359789 0.00735509 0.01632421 -0.01306788 0.00738058 0.01650926 -0.01264073 0.00809039 0.01650926 -0.00862643 0.01282906 0.01632421 -0.00867846 0.0131028 0.01617678 -0.00964881 0.01229515 0.01623103 -0.00860093 0.01229904 0.01650926 -0.00926539 0.01180657 0.01650926 -0.01096284 0.0111394 0.01623103 -0.0105272 0.01069675 0.01650926 -0.01213943 0.009844 0.01623103 -0.01165704 0.00945283 0.01650926 -0.01190665 0.00913642 0.01650926 -0.01442519 0.00772721 0.01561676 -0.01435845 0.00765227 0.01572065 -0.01371072 0.00877522 0.0157126 -0.01411686 0.00903516 0.01503595 -0.01431844 0.00916418 0.01441811 -0.01449882 0.00887605 0.01441811 -0.01453069 0.00882002 0.01442569 -0.01460521 0.00863643 0.01453138 -0.01463119 0.00852505 0.01463513 -0.01464591 0.00834591 0.01483201 -0.01458968 0.00802322 0.01522921 -0.01327559 0.01061879 0.01441811 -0.0130183 0.01055669 0.01503595 -0.0132042 0.01070744 0.01441811 -0.01175653 0.01194588 0.01503595 -0.01192441 0.01211646 0.01441811 -0.01034736 0.01318529 0.01503595 -0.01049512 0.01337357 0.01441811 -0.00962078 0.01378099 0.01494304 -0.00990387 0.01374141 0.01462097 -0.01022686 0.01357982 0.01441811 -0.01011203 0.01365454 0.01445072 -0.00942711 0.01376117 0.01517921 -0.01004967 0.01280595 0.0157126 -0.00929222 0.01372391 0.01534663 -0.00903923 0.01359129 0.01566477 -0.0087122 0.01318879 0.01611659 -0.00882582 0.01338173 0.01594632 -0.00900027 0.01356163 0.01571466 -0.01264376 0.01025297 0.0157126 -0.01141829 0.01160219 0.0157126 0.00862643 -0.01282906 0.01097579 0.01316459 -0.00842399 0.01106897 0.01359789 -0.00735509 0.01097579 0.01214032 -0.0098429 0.01106897 0.01096385 -0.01113841 0.01106897 0.00868948 -0.01313354 0.01114372 0.00964992 -0.01229427 0.01106897 0.01005083 -0.01280504 0.0115874 0.00899525 -0.01355758 0.01157935 0.00884482 -0.01340621 0.0113798 0.00999855 -0.01370872 0.01276862 0.00989018 -0.01374528 0.01266487 0.01034856 -0.01318435 0.01226405 0.01017414 -0.01361692 0.01287431 0.00971329 -0.01377712 0.01246799 0.00938669 -0.01375213 0.01207079 0.00907625 -0.01361681 0.01168324 0.01449882 -0.00887605 0.01288189 0.01431928 -0.00916287 0.01288189 0.01411768 -0.00903387 0.01226405 0.01320517 -0.01070624 0.01288189 0.01301926 -0.01055551 0.01226405 0.01192551 -0.01211537 0.01288189 0.01175761 -0.01194481 0.01226405 0.01049633 -0.01337262 0.01288189 0.01022686 -0.01357982 0.01288189 0.01456218 -0.00875458 0.01284928 0.01462864 -0.00853916 0.01267914 0.01463878 -0.0082344 0.01233393 0.01460108 -0.00805775 0.01211466 0.01455342 -0.00793383 0.01195588 0.01371152 -0.00877397 0.0115874 0.01416716 -0.0075005 0.01135368 0.01435758 -0.00765139 0.01157763 0.01439623 -0.00769281 0.01163524 0.01387536 -0.0073806 0.01112322 0.0139537 -0.00740246 0.0111759 0.01264469 -0.01025182 0.0115874 0.01141934 -0.01160115 0.0115874 0.01282906 0.00862643 0.01097579 0.01280504 0.01005083 0.0115874 0.01355758 0.00899525 0.01157935 0.01340621 0.00884482 0.0113798 0.01371863 0.00997293 0.01274594 0.01374479 0.00989196 0.01266704 0.01318435 0.01034856 0.01226405 0.01362152 0.01016707 0.01287191 0.01377658 0.00971927 0.01247519 0.01375213 0.00938669 0.01207079 0.01361681 0.00907625 0.01168324 0.00887605 0.01449882 0.01288189 0.00916287 0.01431928 0.01288189 0.00903387 0.01411768 0.01226405 0.01070624 0.01320517 0.01288189 0.01055551 0.01301926 0.01226405 0.01211537 0.01192551 0.01288189 0.01194481 0.01175761 0.01226405 0.01337262 0.01049633 0.01288189 0.01357982 0.01022686 0.01288189 0.00875458 0.01456218 0.01284928 0.00853905 0.01462866 0.01267903 0.00825347 0.01464089 0.01235696 0.00805775 0.01460108 0.01211466 0.0079319 0.01455253 0.01195337 0.00877397 0.01371152 0.0115874 0.0075005 0.01416716 0.01135368 0.00765139 0.01435758 0.01157763 0.00769281 0.01439623 0.01163524 0.0073806 0.01387536 0.01112322 0.00740246 0.0139537 0.0111759 0.00842399 0.01316459 0.01106897 0.00735509 0.01359789 0.01097579 0.0098429 0.01214032 0.01106897 0.01113841 0.01096385 0.01106897 0.01313354 0.00868948 0.01114372 0.01229427 0.00964992 0.01106897 0.01025182 0.01264469 0.0115874 0.01160115 0.01141934 0.0115874 -0.00862643 0.01282906 0.01097579 -0.01005083 0.01280504 0.0115874 -0.0090013 0.01356245 0.01158719 -0.00884482 0.01340621 0.0113798 -0.00999855 0.01370872 0.01276862 -0.00989234 0.01374468 0.01266711 -0.01034856 0.01318435 0.01226405 -0.01017413 0.01361692 0.01287431 -0.00971329 0.01377712 0.01246799 -0.00938669 0.01375213 0.01207079 -0.00907625 0.01361681 0.01168324 -0.01449882 0.00887605 0.01288189 -0.01431928 0.00916287 0.01288189 -0.01411768 0.00903387 0.01226405 -0.01320517 0.01070624 0.01288189 -0.01301926 0.01055551 0.01226405 -0.01192551 0.01211537 0.01288189 -0.01175761 0.01194481 0.01226405 -0.01049633 0.01337262 0.01288189 -0.01022686 0.01357982 0.01288189 -0.01456218 0.00875458 0.01284928 -0.01462866 0.00853905 0.01267903 -0.01464089 0.00825347 0.01235696 -0.01460108 0.00805775 0.01211466 -0.01455253 0.0079319 0.01195337 -0.01371152 0.00877397 0.0115874 -0.01416716 0.0075005 0.01135368 -0.01435758 0.00765139 0.01157763 -0.01439623 0.00769281 0.01163524 -0.01387536 0.0073806 0.01112322 -0.0139537 0.00740246 0.0111759 -0.01316459 0.00842399 0.01106897 -0.01359789 0.00735509 0.01097579 -0.01214032 0.0098429 0.01106897 -0.01096385 0.01113841 0.01106897 -0.00868948 0.01313354 0.01114372 -0.00964992 0.01229427 0.01106897 -0.01264469 0.01025182 0.0115874 -0.01141934 0.01160115 0.0115874 -0.01282906 -0.00862643 0.01097579 -0.00842399 -0.01316459 0.01106897 -0.00735509 -0.01359789 0.01097579 -0.0073806 -0.01387536 0.01112322 -0.0098429 -0.01214032 0.01106897 -0.01113841 -0.01096385 0.01106897 -0.01313354 -0.00868948 0.01114372 -0.01229427 -0.00964992 0.01106897 -0.01280504 -0.01005083 0.0115874 -0.01355758 -0.00899525 0.01157935 -0.01340621 -0.00884482 0.0113798 -0.01370872 -0.00999855 0.01276862 -0.01374528 -0.00989018 0.01266487 -0.01318435 -0.01034856 0.01226405 -0.01361692 -0.01017414 0.01287431 -0.01377712 -0.00971329 0.01246799 -0.01375213 -0.00938669 0.01207079 -0.01361681 -0.00907625 0.01168324 -0.00887605 -0.01449882 0.01288189 -0.00916287 -0.01431928 0.01288189 -0.00903387 -0.01411768 0.01226405 -0.01070624 -0.01320517 0.01288189 -0.01055551 -0.01301926 0.01226405 -0.01211537 -0.01192551 0.01288189 -0.01194481 -0.01175761 0.01226405 -0.01337262 -0.01049633 0.01288189 -0.01357982 -0.01022686 0.01288189 -0.00875458 -0.01456218 0.01284928 -0.00853905 -0.01462866 0.01267903 -0.00825347 -0.01464089 0.01235696 -0.00806259 -0.01460256 0.01212079 -0.00877397 -0.01371152 0.0115874 -0.0079319 -0.01455253 0.01195337 -0.00769281 -0.01439623 0.01163524 -0.00740593 -0.0139642 0.01118341 -0.0075005 -0.01416716 0.01135368 -0.00765688 -0.01436297 0.01158534 -0.01025182 -0.01264469 0.0115874 -0.01160115 -0.01141934 0.0115874 0.00319105 -0.0075782 0.01846732 0.00378465 -0.00765342 0.0184322 0.00479724 -0.0078285 0.01832124 0.00578787 -0.00805838 0.01812471 0.00489072 -0.00722567 0.01840562 0.00597286 -0.00636039 0.01840562 0.00266482 -0.00752819 0.01848506 0.00144573 -0.00747189 0.01849913 0.00760238 -0.00094924 0.01849835 0.00781153 -0.00226167 0.01847494 0.00784952 -0.00244882 0.01846729 0.00679179 -0.00723246 0.01812471 0.00785103 -0.00606616 0.01812471 0.00690437 -0.00533472 0.01840562 0.00857677 -0.00498759 0.01812471 0.00766178 -0.00417452 0.01840562 0.00836055 -0.00436466 0.01826327 0.00807134 -0.00338635 0.01840113 -0.00319105 0.0075782 0.01846732 -0.00378465 0.00765342 0.0184322 -0.00479724 0.0078285 0.01832124 -0.00578787 0.00805838 0.01812471 -0.00486686 0.00724177 0.01840562 -0.00760238 0.00094924 0.01849835 -0.00781153 0.00226167 0.01847494 -0.00784952 0.00244882 0.01846729 -0.00594583 0.00638566 0.01840562 -0.00266482 0.00752819 0.01848506 -0.00144573 0.00747189 0.01849913 -0.00676106 0.0072612 0.01812471 -0.00781948 0.00610678 0.01812471 -0.00687663 0.00537043 0.01840562 -0.00857677 0.00498759 0.01812471 -0.00763607 0.00422138 0.01840562 -0.00836055 0.00436466 0.01826327 -0.00807134 0.00338635 0.01840113 -0.0075782 -0.00319105 0.01846732 -0.00765342 -0.00378465 0.0184322 -0.0078285 -0.00479724 0.01832124 -0.00805838 -0.00578787 0.01812471 -0.00722567 -0.00489072 0.01840562 -0.00636039 -0.00597286 0.01840562 -0.00752819 -0.00266482 0.01848506 -0.00747189 -0.00144573 0.01849913 -0.00094924 -0.00760238 0.01849835 -0.00226167 -0.00781153 0.01847494 -0.00244882 -0.00784952 0.01846729 -0.00723246 -0.00679179 0.01812471 -0.00606616 -0.00785103 0.01812471 -0.00533472 -0.00690437 0.01840562 -0.00498759 -0.00857677 0.01812471 -0.00417452 -0.00766178 0.01840562 -0.00436466 -0.00836055 0.01826327 -0.00338635 -0.00807134 0.01840113 0.00750867 0.01026466 0.01723669 0.00743513 0.00995077 0.01733045 0.00750985 0.01038092 0.01720655 0.00744806 0.0116653 0.01688015 0.0072442 0.00965286 0.01744279 0.00696608 0.00944242 0.0175491 0.00630799 0.00912279 0.01775314 0.00873012 0.00784032 0.0175491 0.0082766 0.00655151 0.01792319 0.00880142 0.00798527 0.01750161 0.00902476 0.00824502 0.01739341 0.00930618 0.00840809 0.01729285 0.00961209 0.00847167 0.01720655 0.01089646 0.00853346 0.01688015 0.01026466 -0.00750867 0.01723669 0.00995077 -0.00743513 0.01733045 0.01038092 -0.00750985 0.01720655 0.0116653 -0.00744806 0.01688015 0.00965286 -0.0072442 0.01744279 0.00944242 -0.00696608 0.0175491 0.00912279 -0.00630799 0.01775314 0.00822658 -0.00900299 0.01740243 0.0083952 -0.00927385 0.01730317 0.00655151 -0.0082766 0.01792319 0.00784032 -0.00873012 0.0175491 0.00795962 -0.00878662 0.01751053 0.00847167 -0.00961209 0.01720655 0.00853346 -0.01089646 0.01688015 -0.01026466 0.00750867 0.01723669 -0.00995077 0.00743513 0.01733045 -0.01038092 0.00750985 0.01720655 -0.0116653 0.00744806 0.01688015 -0.00965286 0.0072442 0.01744279 -0.00944242 0.00696608 0.0175491 -0.00912279 0.00630799 0.01775314 -0.00655151 0.0082766 0.01792319 -0.00784032 0.00873012 0.0175491 -0.00798527 0.00880142 0.01750161 -0.00824502 0.00902476 0.01739341 -0.00840809 0.00930618 0.01729285 -0.00847167 0.00961209 0.01720655 -0.00853346 0.01089646 0.01688015 -0.00750867 -0.01026466 0.01723669 -0.00743513 -0.00995077 0.01733045 -0.00750985 -0.01038092 0.01720655 -0.00744806 -0.0116653 0.01688015 -0.0072442 -0.00965286 0.01744279 -0.00696608 -0.00944242 0.0175491 -0.00630799 -0.00912279 0.01775314 -0.0082766 -0.00655151 0.01792319 -0.00873012 -0.00784032 0.0175491 -0.00880142 -0.00798527 0.01750161 -0.00902476 -0.00824502 0.01739341 -0.00930618 -0.00840809 0.01729285 -0.00961209 -0.00847167 0.01720655 -0.01089646 -0.00853346 0.01688015 -0.01359789 0.00735509 0.01452795 -0.01311969 0.00737809 0.01465 -0.01262027 0.00740212 0.01451602 -0.01359789 0.00735509 0.01277205 -0.01311969 0.00737809 0.01265 -0.01262027 0.00740212 0.01278397 -0.01225466 0.00741971 0.01315 -0.01212084 0.00742614 0.01365 -0.01225466 0.00741971 0.01415 0.01282906 0.00862643 0.01452795 0.01307151 0.0086684 0.01434094 0.01321216 0.008723 0.01414996 0.01325544 0.00874499 0.01406397 0.01282906 0.00862643 0.01277205 0.01299568 0.00864859 0.01288686 0.01320772 0.00872089 0.01314228 0.01332238 0.0087845 0.01344657 0.01334265 0.0087979 0.01364981 0.0133369 0.00879402 0.01375883 0.00735509 0.01359789 0.01277205 0.00737809 0.01311969 0.01265 0.00740212 0.01262027 0.01278397 0.00741971 0.01225466 0.01315 0.00742614 0.01212084 0.01365 0.00735509 0.01359789 0.01452795 0.00737809 0.01311969 0.01465 0.00740212 0.01262027 0.01451602 0.00741971 0.01225466 0.01415 -0.00862643 0.01282906 0.01452795 -0.0086684 0.01307151 0.01434094 -0.008723 0.01321216 0.01414996 -0.00874499 0.01325544 0.01406397 -0.00862643 0.01282906 0.01277205 -0.00864859 0.01299568 0.01288686 -0.00872089 0.01320772 0.01314228 -0.0087845 0.01332239 0.01344657 -0.0087979 0.01334265 0.01364981 -0.00879402 0.0133369 0.01375883 -0.01282906 -0.00862643 0.01452795 -0.01307151 -0.0086684 0.01434094 -0.01321216 -0.008723 0.01414996 -0.01325544 -0.00874499 0.01406397 -0.01282906 -0.00862643 0.01277205 -0.01299568 -0.00864859 0.01288686 -0.01320772 -0.00872089 0.01314228 -0.01332238 -0.0087845 0.01344657 -0.01334265 -0.0087979 0.01364981 -0.0133369 -0.00879402 0.01375883 -0.00735509 -0.01359789 0.01452795 -0.00737809 -0.01311969 0.01465 -0.00740212 -0.01262027 0.01451602 -0.00735509 -0.01359789 0.01277205 -0.00737809 -0.01311969 0.01265 -0.00740212 -0.01262027 0.01278397 -0.00741971 -0.01225466 0.01315 -0.00742614 -0.01212084 0.01365 -0.00741971 -0.01225466 0.01415 0.00862643 -0.01282906 0.01452795 0.0086684 -0.01307151 0.01434094 0.008723 -0.01321216 0.01414996 0.00874499 -0.01325544 0.01406397 0.00862643 -0.01282906 0.01277205 0.00864859 -0.01299568 0.01288686 0.00872089 -0.01320772 0.01314228 0.0087845 -0.01332238 0.01344657 0.0087979 -0.01334265 0.01364981 0.00879402 -0.0133369 0.01375883 0.01359789 -0.00735509 0.01277205 0.01311969 -0.00737809 0.01265 0.01262027 -0.00740212 0.01278397 0.01225466 -0.00741971 0.01315 0.01212084 -0.00742614 0.01365 0.01359789 -0.00735509 0.01452795 0.01311969 -0.00737809 0.01465 0.01262027 -0.00740212 0.01451602 0.01225466 -0.00741971 0.01415 0.00741443 0.0139885 0.01315004 0.00743217 0.01403369 0.01323602 0.00737359 0.01384326 0.01295906 0.00736115 0.01376588 0.01441314 0.00741276 0.01398387 0.01415772 0.00746507 0.01410412 0.01385343 0.00747646 0.01412558 0.01365019 0.00747315 0.01411948 0.01354117 -0.00860342 0.01235085 0.01265 -0.0085794 0.01185143 0.01278397 -0.00860342 0.01235085 0.01465 -0.0085794 0.01185143 0.01451602 -0.00856181 0.01148583 0.01415 -0.00855537 0.01135201 0.01365 -0.00856181 0.01148583 0.01315 -0.00812803 0.0128743 0.01451602 -0.008104 0.01237488 0.01465 -0.00807998 0.01187546 0.01451602 -0.00806239 0.01150985 0.01415 -0.00805595 0.01137603 0.01365 -0.00806239 0.01150985 0.01315 -0.00807998 0.01187546 0.01278397 -0.008104 0.01237488 0.01265 -0.00812803 0.0128743 0.01278397 -0.00814562 0.0132399 0.01415 -0.00815205 0.01337372 0.01365 -0.00814562 0.0132399 0.01315 0.01235085 0.00860342 0.01265 0.01185143 0.0085794 0.01278397 0.01235085 0.00860342 0.01465 0.01185143 0.0085794 0.01451602 0.01148583 0.00856181 0.01415 0.01135201 0.00855537 0.01365 0.01148583 0.00856181 0.01315 0.0139885 -0.00741443 0.01315004 0.01403369 -0.00743217 0.01323602 0.01384326 -0.00737359 0.01295906 0.01376588 -0.00736115 0.01441314 0.01398387 -0.00741276 0.01415772 0.01410412 -0.00746507 0.01385343 0.01412558 -0.00747646 0.01365019 0.01411948 -0.00747315 0.01354117 0.0128743 0.00812803 0.01451602 0.01237488 0.008104 0.01465 0.01187546 0.00807998 0.01451602 0.01150985 0.00806239 0.01415 0.01137603 0.00805595 0.01365 0.01150985 0.00806239 0.01315 0.01187546 0.00807998 0.01278397 0.01237488 0.008104 0.01265 0.0128743 0.00812803 0.01278397 0.0132399 0.00814562 0.01415 0.01337372 0.00815205 0.01365 0.0132399 0.00814562 0.01315 -0.00741443 -0.0139885 0.01315004 -0.00743217 -0.01403369 0.01323603 -0.00737359 -0.01384326 0.01295906 -0.00736115 -0.01376588 0.01441314 -0.00741276 -0.01398388 0.01415772 -0.00746507 -0.01410412 0.01385343 -0.00747646 -0.01412558 0.01365019 -0.00747315 -0.01411948 0.01354117 0.00860342 -0.01235085 0.01465 0.0085794 -0.01185143 0.01451602 0.00856181 -0.01148583 0.01415 0.00855537 -0.01135201 0.01365 0.00860342 -0.01235085 0.01265 0.0085794 -0.01185143 0.01278397 0.00856181 -0.01148583 0.01315 0.00812803 -0.0128743 0.01451602 0.008104 -0.01237488 0.01465 0.00807998 -0.01187546 0.01451602 0.00806239 -0.01150985 0.01415 0.00805595 -0.01137603 0.01365 0.00806239 -0.01150985 0.01315 0.00807998 -0.01187546 0.01278397 0.008104 -0.01237488 0.01265 0.00812803 -0.0128743 0.01278397 0.00814562 -0.0132399 0.01415 0.00815205 -0.01337372 0.01365 0.00814562 -0.0132399 0.01315 -0.0139885 0.00741443 0.01315004 -0.01403369 0.00743217 0.01323602 -0.01384326 0.00737359 0.01295906 -0.01376588 0.00736115 0.01441314 -0.01398387 0.00741276 0.01415772 -0.01410412 0.00746507 0.01385343 -0.01412558 0.00747646 0.01365019 -0.01411948 0.00747315 0.01354117 -0.01235085 -0.00860342 0.01465 -0.01185143 -0.0085794 0.01451602 -0.01148583 -0.00856181 0.01415 -0.01135201 -0.00855537 0.01365 -0.01235085 -0.00860342 0.01265 -0.01185143 -0.0085794 0.01278397 -0.01148583 -0.00856181 0.01315 -0.0128743 -0.00812803 0.01451602 -0.01237488 -0.008104 0.01465 -0.01187546 -0.00807998 0.01451602 -0.01150985 -0.00806239 0.01415 -0.01137603 -0.00805595 0.01365 -0.01150985 -0.00806239 0.01315 -0.01187546 -0.00807998 0.01278397 -0.01237488 -0.008104 0.01265 -0.0128743 -0.00812803 0.01278397 -0.0132399 -0.00814562 0.01415 -0.01337372 -0.00815205 0.01365 -0.0132399 -0.00814562 0.01315 0.00687867 0.01309566 0.01265 0.00685464 0.01359509 0.01278397 0.00683706 0.01396069 0.01315 0.00683062 0.01409451 0.01365 0.00683706 0.01396069 0.01415 0.0069027 0.01259624 0.01278397 0.00692028 0.01223064 0.01315 0.00692672 0.01209682 0.01365 0.00692028 0.01223064 0.01415 0.0069027 0.01259624 0.01451602 0.00687867 0.01309566 0.01465 0.00685464 0.01359509 0.01451602 0.00631654 0.01216784 0.01686122 0.00634284 0.01162126 0.01665463 0.00666967 0.01146415 0.01631329 0.00635657 0.01133579 0.01649939 0.00637322 0.01098967 0.01625732 0.00670131 0.01080643 0.01577757 0.00639042 0.0106321 0.01592624 0.0063986 0.01046223 0.01572927 0.00672483 0.01031746 0.01508406 0.00641559 0.01010896 0.01518426 0.00643021 0.00980518 0.0143285 0.00673849 0.01003351 0.01428419 0.00643356 0.00973551 0.01365 0.00674128 0.00997565 0.01343728 0.00643318 0.00974327 0.01342242 0.00673298 0.01014816 0.01260616 0.00642954 0.00981902 0.01290792 0.00642431 0.00992784 0.01253321 0.00641769 0.01006538 0.01220305 0.00671421 0.01053825 0.01185244 0.00640423 0.01034519 0.01172684 0.0063986 0.01046223 0.01157073 0.00668637 0.01111699 0.01123205 0.00637444 0.01096436 0.01106309 0.00633715 0.01173945 0.0105912 0.00665152 0.01184145 0.01079098 0.00661224 0.01265791 0.01056196 0.00630897 0.01232532 0.01039873 0.00629513 0.01261296 0.01034617 0.00657145 0.01350582 0.01056196 0.00627331 0.01306654 0.01031511 0.00625149 0.01352012 0.01034617 0.00623765 0.01380777 0.01039873 0.00653217 0.01432228 0.01079098 0.00620947 0.01439363 0.0105912 0.00617218 0.01516872 0.01106309 0.00649732 0.01504674 0.01123205 0.00614802 0.01567085 0.01157073 0.00646948 0.01562548 0.01185244 0.00614239 0.0157879 0.01172684 0.00645071 0.01601557 0.01260616 0.00612893 0.0160677 0.01220305 0.00611343 0.01638981 0.01342242 0.00644241 0.01618808 0.01343728 0.00611708 0.01631406 0.01290792 0.00612231 0.01620524 0.01253321 0.00611306 0.01639758 0.01365 0.00611641 0.0163279 0.0143285 0.00644519 0.01613022 0.01428419 0.00613103 0.01602412 0.01518426 0.00645885 0.01584627 0.01508406 0.00614802 0.01567085 0.01572927 0.00648238 0.01535731 0.01577757 0.00615619 0.01550098 0.01592624 0.00651402 0.01469958 0.01631329 0.0061734 0.01514341 0.01625732 0.00619005 0.01479729 0.01649939 0.00620378 0.01451182 0.01665463 0.00655143 0.01392187 0.01665149 0.00663225 0.01224186 0.01665149 0.00659184 0.01308187 0.01676708 0.00627331 0.01306654 0.01698489 0.00623007 0.01396524 0.01686122 0.00667021 0.01587701 0.01345928 0.00667765 0.01572235 0.01271412 0.00669447 0.0153726 0.01203837 0.00671944 0.01485373 0.01148214 0.00675068 0.01420419 0.0110867 0.0067859 0.01347218 0.01088136 0.00682247 0.01271198 0.01088136 0.00685769 0.01197997 0.0110867 0.00688893 0.01133044 0.01148214 0.0069139 0.01081156 0.01203837 0.00693072 0.01046181 0.01271412 0.00693816 0.01030715 0.01345928 0.00693567 0.01035902 0.01421859 0.00692342 0.0106136 0.01493573 0.00690233 0.01105199 0.01555751 0.00687396 0.01164169 0.01603782 0.00684042 0.01233896 0.01634104 0.00680419 0.01309208 0.01644467 0.00676795 0.0138452 0.01634104 0.00673441 0.01454247 0.01603782 0.00670604 0.01513217 0.01555751 0.00668495 0.01557056 0.01493573 0.0066727 0.01582514 0.01421859 0.00676502 0.01545816 0.0141415 0.00676259 0.01550862 0.01365 0.00676286 0.015503 0.01348514 0.00676929 0.0153693 0.01284101 0.00678383 0.01506698 0.01225688 0.00680541 0.01461845 0.01177607 0.00683242 0.01405699 0.01143425 0.00686286 0.01342423 0.01125675 0.00689448 0.0127671 0.01125675 0.00692492 0.01213434 0.01143425 0.00695193 0.01157287 0.01177607 0.00697351 0.01112435 0.01225688 0.00698805 0.01082203 0.01284101 0.00699448 0.01068833 0.01348514 0.00699232 0.01073317 0.0141415 0.00698174 0.01095323 0.0147614 0.00696351 0.01133219 0.01529888 0.00693898 0.01184193 0.01571406 0.00690999 0.01244465 0.01597617 0.00687867 0.01309566 0.01606575 0.00684735 0.01374667 0.01597617 0.00681836 0.0143494 0.01571406 0.00679383 0.01485914 0.01529888 0.0067756 0.0152381 0.0147614 -0.00822008 0.01478784 0.01365 -0.00821766 0.01473737 0.0141415 -0.008161 0.01511152 0.01421859 -0.00820707 0.01451731 0.0147614 -0.00814875 0.01485694 0.01493573 -0.00818884 0.01413836 0.01529888 -0.00812766 0.01441855 0.01555751 -0.00816432 0.01362862 0.01571406 -0.00809929 0.01382885 0.01603782 -0.00813532 0.01302589 0.01597617 -0.00806575 0.01313158 0.01634104 -0.008104 0.01237488 0.01606575 -0.00802952 0.01237846 0.01644467 -0.00807268 0.01172387 0.01597617 -0.00799329 0.01162534 0.01634104 -0.00804369 0.01112114 0.01571406 -0.00795974 0.01092807 0.01603782 -0.00801917 0.0106114 0.01529888 -0.00793137 0.01033838 0.01555751 -0.00800093 0.01023245 0.0147614 -0.00791029 0.00989998 0.01493573 -0.00799035 0.01001239 0.0141415 -0.00789804 0.00964541 0.01421859 -0.00798819 0.00996754 0.01348514 -0.00789554 0.00959353 0.01345928 -0.00799462 0.01010124 0.01284101 -0.00790298 0.0097482 0.01271412 -0.00800917 0.01040356 0.01225688 -0.00791981 0.01009794 0.01203837 -0.00803074 0.01085209 0.01177607 -0.00794477 0.01061682 0.01148214 -0.00805776 0.01141355 0.01143425 -0.00797602 0.01126635 0.0110867 -0.0080882 0.01204631 0.01125675 -0.00801123 0.01199836 0.01088136 -0.00811981 0.01270344 0.01125675 -0.0080478 0.01275856 0.01088136 -0.00815025 0.0133362 0.01143425 -0.00808302 0.01349058 0.0110867 -0.00817726 0.01389767 0.01177607 -0.00811427 0.01414011 0.01148214 -0.00819884 0.0143462 0.01225688 -0.00813923 0.01465899 0.01203837 -0.00821338 0.01464852 0.01284101 -0.00815606 0.01500873 0.01271412 -0.00821981 0.01478221 0.01348514 -0.0081635 0.0151634 0.01345928 -0.00785759 0.01322868 0.01665149 -0.007895 0.01400639 0.01631329 -0.00792664 0.01466412 0.01577757 -0.00795016 0.01515309 0.01508406 -0.00796383 0.01543703 0.01428419 -0.00796661 0.0154949 0.01343728 -0.00795831 0.01532238 0.01260616 -0.00793954 0.01493229 0.01185244 -0.0079117 0.01435355 0.01123205 -0.00787685 0.01362909 0.01079098 -0.00783757 0.01281263 0.01056196 -0.00779678 0.01196473 0.01056196 -0.0077575 0.01114827 0.01079098 -0.00772265 0.0104238 0.01123205 -0.00769481 0.00984506 0.01185244 -0.00767604 0.00945497 0.01260616 -0.00766774 0.00928246 0.01343728 -0.00767053 0.00934032 0.01428419 -0.00768419 0.00962427 0.01508406 -0.00770771 0.01011324 0.01577757 -0.00773935 0.01077097 0.01631329 -0.00777676 0.01154867 0.01665149 -0.00781718 0.01238868 0.01676708 -0.00739873 0.01032714 0.01625732 -0.00737335 0.00979969 0.01572927 -0.00735426 0.00940284 0.01509695 -0.00734241 0.00915648 0.01439208 -0.00733839 0.00907297 0.01365 -0.00734241 0.00915648 0.01290792 -0.00734765 0.0092653 0.01253321 -0.00735426 0.00940284 0.01220305 -0.00737335 0.00979969 0.01157073 -0.00739873 0.01032714 0.01104268 -0.00742911 0.01095872 0.01064537 -0.00746298 0.01166278 0.01039873 -0.00747682 0.01195043 0.01034617 -0.00765487 0.01565152 0.01290792 -0.00764964 0.01554271 0.01253321 -0.00764302 0.01540516 0.01220305 -0.00762393 0.01500831 0.01157073 -0.00759856 0.01448087 0.01104268 -0.00756817 0.01384928 0.01064537 -0.0075343 0.01314523 0.01039873 -0.00749864 0.012404 0.01031511 -0.00765889 0.01573504 0.01365 -0.00765487 0.01565152 0.01439208 -0.00764302 0.01540516 0.01509695 -0.00762393 0.01500831 0.01572927 -0.00759856 0.01448087 0.01625732 -0.0075819 0.01413475 0.01649939 -0.00741538 0.01067325 0.01649939 -0.00742911 0.01095872 0.01665463 -0.00746298 0.01166278 0.01690128 -0.00749864 0.012404 0.01698489 -0.0075343 0.01314523 0.01690128 -0.00756817 0.01384928 0.01665463 0.00441574 0.01208091 0.00972772 -0.00358283 0.01159274 0.00927534 -0.00555503 0.01160124 0.00972772 -0.00559805 0.01249543 0.00962685 -0.00542387 0.00887489 0.01190442 -0.00568193 0.014239 0.01727473 -0.0057492 0.01563722 0.01114161 -0.00571858 0.01500093 0.01050458 -0.00568193 0.014239 0.01002527 -0.00564107 0.01338964 0.00972772 -0.00551417 0.01075187 0.01002527 -0.00353726 0.01064542 0.00960721 -0.00152479 0.01064077 0.00939677 -0.00547752 0.00998994 0.01050458 -0.00349637 0.00979561 0.0101418 -0.00148178 0.00974673 0.00995918 0.00053932 0.00984396 0.00995918 -0.00544691 0.00935365 0.01114161 -0.00346223 0.00908592 0.0108523 -0.00144587 0.0090001 0.01070667 0.00057524 0.00909733 0.01070667 0.00257405 0.00937632 0.0108523 -0.00343654 0.00855195 0.01170309 -0.00141884 0.00843834 0.01160175 0.00060226 0.00853557 0.01160175 0.00259974 0.00884235 0.01170309 0.00454689 0.00935457 0.01190442 0.00231192 0.01482513 0.00960721 0.00428884 0.01471867 0.01002527 0.0043297 0.01386931 0.00972772 0.00425218 0.0154806 0.01050458 0.00227104 0.01567494 0.0101418 0.00025645 0.01572381 0.00995918 0.00422157 0.0161169 0.01114161 0.0022369 0.01638462 0.0108523 0.00022053 0.01647044 0.01070667 -0.00180057 0.01637321 0.01070667 0.00419854 0.01659565 0.01190442 0.00221121 0.01691859 0.01170309 0.00019351 0.0170322 0.01160175 -0.0018276 0.01693497 0.01160175 -0.00382507 0.0166282 0.01170309 -0.00579137 0.01651393 0.01365 -0.00578653 0.01641318 0.01454523 -0.00384643 0.01707205 0.01365 -0.00384102 0.01695968 0.01464849 -0.00185006 0.01740193 0.01365 -0.00184437 0.01728371 0.01470046 0.00017104 0.01749916 0.01365 0.00017673 0.01738094 0.01470046 0.00218986 0.01736245 0.01365 0.00219526 0.01725007 0.01464849 0.0041794 0.01699361 0.01365 0.00418424 0.01689285 0.01454523 -0.00577223 0.01611598 0.01539558 -0.00382507 0.0166282 0.01559691 -0.0018276 0.01693497 0.01569825 0.00019351 0.0170322 0.01569825 0.00221121 0.01691859 0.01559691 0.00419854 0.01659565 0.01539558 -0.0057492 0.01563722 0.01615839 -0.00379939 0.01609423 0.0164477 -0.00180057 0.01637321 0.01659333 0.00022053 0.01647044 0.01659333 0.0022369 0.01638462 0.0164477 0.00422157 0.0161169 0.01615839 -0.00564107 0.01338964 0.01757228 -0.00372436 0.01453473 0.01769279 -0.00367879 0.01358741 0.01802466 -0.00172164 0.01473254 0.01790323 -0.00167369 0.0137359 0.01825237 0.00029946 0.01482977 0.01790323 0.00034741 0.01383313 0.01825237 0.00231192 0.01482513 0.01769279 0.0023575 0.0138778 0.01802466 0.00428884 0.01471867 0.01727473 0.0043297 0.01386931 0.01757228 -0.00559805 0.01249543 0.01767315 -0.00363081 0.01259007 0.01813716 -0.00162322 0.01268666 0.01837073 0.00039788 0.01278389 0.01837073 0.00240548 0.01288047 0.01813716 0.00437272 0.01297511 0.01767315 -0.00555503 0.01160124 0.01757228 -0.00358283 0.01159274 0.01802466 -0.00157274 0.01163741 0.01825237 0.00044836 0.01173464 0.01825237 0.00245346 0.01188313 0.01802466 0.00441574 0.01208091 0.01757228 -0.00551417 0.01075187 0.01727473 -0.00353726 0.01064542 0.01769279 -0.00152479 0.01064077 0.01790323 0.00049631 0.010738 0.01790323 0.00249903 0.01093581 0.01769279 0.0044566 0.01123155 0.01727473 -0.00544691 0.00935365 0.01615839 -0.00542387 0.00887489 0.01539558 -0.00346223 0.00908592 0.0164477 -0.00343654 0.00855195 0.01559691 -0.00144587 0.0090001 0.01659333 -0.00141884 0.00843834 0.01569825 0.00057524 0.00909733 0.01659333 0.00060226 0.00853557 0.01569825 0.00257405 0.00937632 0.0164477 0.00259974 0.00884235 0.01559691 0.00452386 0.00983332 0.01615839 0.00454689 0.00935457 0.01539558 -0.00540958 0.00857769 0.01454523 -0.0034206 0.00822047 0.01464849 -0.00140206 0.0080896 0.01470046 0.00061904 0.00818683 0.01470046 0.00261569 0.00851086 0.01464849 0.00456119 0.00905736 0.01454523 -0.00540473 0.00847694 0.01365 -0.00341519 0.0081081 0.01365 -0.00139638 0.00797138 0.01365 0.00062473 0.00806861 0.01365 0.00262109 0.00839849 0.01365 0.00456604 0.00895661 0.01365 -0.00577223 0.01611598 0.01190442 -0.00379939 0.01609423 0.0108523 -0.00176465 0.01562658 0.00995918 0.00029946 0.01482977 0.00939677 0.0023575 0.0138778 0.00927534 0.00437272 0.01297511 0.00962685 0.00418424 0.01689285 0.01275477 0.00219526 0.01725007 0.01265151 0.00017673 0.01738094 0.01259954 -0.00184437 0.01728371 0.01259954 -0.00384102 0.01695968 0.01265151 -0.00578653 0.01641318 0.01275477 0.00425218 0.0154806 0.01679542 0.00227104 0.01567494 0.0171582 0.00025645 0.01572381 0.01734081 -0.00176465 0.01562658 0.01734081 -0.00376525 0.01538454 0.0171582 -0.00571858 0.01500093 0.01679542 0.00449325 0.01046962 0.01679542 0.00253991 0.010086 0.0171582 0.00053932 0.00984396 0.01734081 -0.00148178 0.00974673 0.01734081 -0.00349637 0.00979561 0.0171582 -0.00547752 0.00998994 0.01679542 0.00456119 0.00905736 0.01275477 0.00261569 0.00851086 0.01265151 0.00061904 0.00818683 0.01259954 -0.00140206 0.0080896 0.01259954 -0.0034206 0.00822047 0.01265151 -0.00540958 0.00857769 0.01275477 0.00452386 0.00983332 0.01114161 -0.00363081 0.01259007 0.00916284 -0.00157274 0.01163741 0.00904763 0.00049631 0.010738 0.00939677 0.00253991 0.010086 0.0101418 -0.00367879 0.01358741 0.00927534 -0.00162322 0.01268666 0.00892927 0.00044836 0.01173464 0.00904763 0.00249903 0.01093581 0.00960721 0.00449325 0.01046962 0.01050458 -0.00372436 0.01453473 0.00960721 -0.00167369 0.0137359 0.00904763 0.00039788 0.01278389 0.00892927 0.00245346 0.01188313 0.00927534 0.0044566 0.01123155 0.01002527 -0.00376525 0.01538454 0.0101418 -0.00172164 0.01473254 0.00939677 0.00034741 0.01383313 0.00904763 0.00240548 0.01288047 0.00916284 0.01309566 -0.00687867 0.01265 0.01359509 -0.00685464 0.01278397 0.01396069 -0.00683706 0.01315 0.01409451 -0.00683062 0.01365 0.01396069 -0.00683706 0.01415 0.01259624 -0.0069027 0.01278397 0.01223064 -0.00692028 0.01315 0.01209682 -0.00692672 0.01365 0.01223064 -0.00692028 0.01415 0.01259624 -0.0069027 0.01451602 0.01309566 -0.00687867 0.01465 0.01359509 -0.00685464 0.01451602 0.01216784 -0.00631654 0.01686122 0.01162126 -0.00634284 0.01665463 0.01146415 -0.00666967 0.01631329 0.01133579 -0.00635657 0.01649939 0.01098967 -0.00637322 0.01625732 0.01080643 -0.00670131 0.01577757 0.0106321 -0.00639042 0.01592624 0.01046223 -0.0063986 0.01572927 0.01031746 -0.00672483 0.01508406 0.01010896 -0.00641559 0.01518426 0.00980518 -0.00643021 0.0143285 0.01003351 -0.00673849 0.01428419 0.00973551 -0.00643356 0.01365 0.00997565 -0.00674128 0.01343728 0.00974327 -0.00643318 0.01342242 0.01014816 -0.00673298 0.01260616 0.00981902 -0.00642954 0.01290792 0.00992784 -0.00642431 0.01253321 0.01006538 -0.00641769 0.01220305 0.01053825 -0.00671421 0.01185244 0.01034519 -0.00640423 0.01172684 0.01046223 -0.0063986 0.01157073 0.01111699 -0.00668637 0.01123205 0.01096436 -0.00637444 0.01106309 0.01173945 -0.00633715 0.0105912 0.01184145 -0.00665152 0.01079098 0.01265791 -0.00661224 0.01056196 0.01232532 -0.00630897 0.01039873 0.01261296 -0.00629513 0.01034617 0.01350582 -0.00657145 0.01056196 0.01306654 -0.00627331 0.01031511 0.01352012 -0.00625149 0.01034617 0.01380777 -0.00623765 0.01039873 0.01432228 -0.00653217 0.01079098 0.01439363 -0.00620947 0.0105912 0.01516872 -0.00617218 0.01106309 0.01504674 -0.00649732 0.01123205 0.01567085 -0.00614802 0.01157073 0.01562548 -0.00646948 0.01185244 0.0157879 -0.00614239 0.01172684 0.01601557 -0.00645071 0.01260616 0.0160677 -0.00612893 0.01220305 0.01638981 -0.00611343 0.01342242 0.01618808 -0.00644241 0.01343728 0.01631406 -0.00611708 0.01290792 0.01620524 -0.00612231 0.01253321 0.01639758 -0.00611306 0.01365 0.0163279 -0.00611641 0.0143285 0.01613022 -0.00644519 0.01428419 0.01602412 -0.00613103 0.01518426 0.01584627 -0.00645885 0.01508406 0.01567085 -0.00614802 0.01572927 0.01535731 -0.00648238 0.01577757 0.01550098 -0.00615619 0.01592624 0.01469958 -0.00651402 0.01631329 0.01514341 -0.0061734 0.01625732 0.01479729 -0.00619005 0.01649939 0.01451182 -0.00620378 0.01665463 0.01392187 -0.00655143 0.01665149 0.01224186 -0.00663225 0.01665149 0.01308187 -0.00659184 0.01676708 0.01306654 -0.00627331 0.01698489 0.01396524 -0.00623007 0.01686122 0.01587701 -0.00667021 0.01345928 0.01572235 -0.00667765 0.01271412 0.0153726 -0.00669447 0.01203837 0.01485373 -0.00671944 0.01148214 0.01420419 -0.00675068 0.0110867 0.01347218 -0.0067859 0.01088136 0.01271198 -0.00682247 0.01088136 0.01197997 -0.00685769 0.0110867 0.01133044 -0.00688893 0.01148214 0.01081156 -0.0069139 0.01203837 0.01046181 -0.00693072 0.01271412 0.01030715 -0.00693816 0.01345928 0.01035902 -0.00693567 0.01421859 0.0106136 -0.00692342 0.01493573 0.01105199 -0.00690233 0.01555751 0.01164169 -0.00687396 0.01603782 0.01233896 -0.00684042 0.01634104 0.01309208 -0.00680419 0.01644467 0.0138452 -0.00676795 0.01634104 0.01454247 -0.00673441 0.01603782 0.01513217 -0.00670604 0.01555751 0.01557056 -0.00668495 0.01493573 0.01582514 -0.0066727 0.01421859 0.01545816 -0.00676502 0.0141415 0.01550862 -0.00676259 0.01365 0.015503 -0.00676286 0.01348514 0.0153693 -0.00676929 0.01284101 0.01506698 -0.00678383 0.01225688 0.01461845 -0.00680541 0.01177607 0.01405699 -0.00683242 0.01143425 0.01342423 -0.00686286 0.01125675 0.0127671 -0.00689448 0.01125675 0.01213434 -0.00692492 0.01143425 0.01157287 -0.00695193 0.01177607 0.01112435 -0.00697351 0.01225688 0.01082203 -0.00698805 0.01284101 0.01068833 -0.00699448 0.01348514 0.01073317 -0.00699232 0.0141415 0.01095323 -0.00698174 0.0147614 0.01133219 -0.00696351 0.01529888 0.01184193 -0.00693898 0.01571406 0.01244465 -0.00690999 0.01597617 0.01309566 -0.00687867 0.01606575 0.01374667 -0.00684735 0.01597617 0.0143494 -0.00681836 0.01571406 0.01485914 -0.00679383 0.01529888 0.0152381 -0.0067756 0.0147614 0.01478784 0.00822008 0.01365 0.01473737 0.00821766 0.0141415 0.01511152 0.008161 0.01421859 0.01451731 0.00820707 0.0147614 0.01485694 0.00814875 0.01493573 0.01413836 0.00818884 0.01529888 0.01441855 0.00812766 0.01555751 0.01362862 0.00816432 0.01571406 0.01382885 0.00809929 0.01603782 0.01302589 0.00813532 0.01597617 0.01313158 0.00806575 0.01634104 0.01237488 0.008104 0.01606575 0.01237846 0.00802952 0.01644467 0.01172387 0.00807268 0.01597617 0.01162534 0.00799329 0.01634104 0.01112114 0.00804369 0.01571406 0.01092807 0.00795974 0.01603782 0.0106114 0.00801917 0.01529888 0.01033838 0.00793137 0.01555751 0.01023245 0.00800093 0.0147614 0.00989998 0.00791029 0.01493573 0.01001239 0.00799035 0.0141415 0.00964541 0.00789804 0.01421859 0.00996754 0.00798819 0.01348514 0.00959353 0.00789554 0.01345928 0.01010124 0.00799462 0.01284101 0.0097482 0.00790298 0.01271412 0.01040356 0.00800917 0.01225688 0.01009794 0.00791981 0.01203837 0.01085209 0.00803074 0.01177607 0.01061682 0.00794477 0.01148214 0.01141355 0.00805776 0.01143425 0.01126635 0.00797602 0.0110867 0.01204631 0.0080882 0.01125675 0.01199836 0.00801123 0.01088136 0.01270344 0.00811981 0.01125675 0.01275856 0.0080478 0.01088136 0.0133362 0.00815025 0.01143425 0.01349058 0.00808302 0.0110867 0.01389767 0.00817726 0.01177607 0.01414011 0.00811427 0.01148214 0.0143462 0.00819884 0.01225688 0.01465899 0.00813923 0.01203837 0.01464852 0.00821338 0.01284101 0.01500873 0.00815606 0.01271412 0.01478221 0.00821981 0.01348514 0.0151634 0.0081635 0.01345928 0.01322868 0.00785759 0.01665149 0.01400639 0.007895 0.01631329 0.01466412 0.00792664 0.01577757 0.01515309 0.00795016 0.01508406 0.01543703 0.00796383 0.01428419 0.0154949 0.00796661 0.01343728 0.01532238 0.00795831 0.01260616 0.01493229 0.00793954 0.01185244 0.01435355 0.0079117 0.01123205 0.01362909 0.00787685 0.01079098 0.01281263 0.00783757 0.01056196 0.01196473 0.00779678 0.01056196 0.01114827 0.0077575 0.01079098 0.0104238 0.00772265 0.01123205 0.00984506 0.00769481 0.01185244 0.00945497 0.00767604 0.01260616 0.00928246 0.00766774 0.01343728 0.00934032 0.00767053 0.01428419 0.00962427 0.00768419 0.01508406 0.01011324 0.00770771 0.01577757 0.01077097 0.00773935 0.01631329 0.01154867 0.00777676 0.01665149 0.01238868 0.00781718 0.01676708 0.01032714 0.00739873 0.01625732 0.00979969 0.00737335 0.01572927 0.00940284 0.00735426 0.01509695 0.00915648 0.00734241 0.01439208 0.00907297 0.00733839 0.01365 0.00915648 0.00734241 0.01290792 0.0092653 0.00734765 0.01253321 0.00940284 0.00735426 0.01220305 0.00979969 0.00737335 0.01157073 0.01032714 0.00739873 0.01104268 0.01095872 0.00742911 0.01064537 0.01166278 0.00746298 0.01039873 0.01195043 0.00747682 0.01034617 0.01565152 0.00765487 0.01290792 0.01554271 0.00764964 0.01253321 0.01540516 0.00764302 0.01220305 0.01500831 0.00762393 0.01157073 0.01448087 0.00759856 0.01104268 0.01384928 0.00756817 0.01064537 0.01314523 0.0075343 0.01039873 0.012404 0.00749864 0.01031511 0.01573504 0.00765889 0.01365 0.01565152 0.00765487 0.01439208 0.01540516 0.00764302 0.01509695 0.01500831 0.00762393 0.01572927 0.01448087 0.00759856 0.01625732 0.01413475 0.0075819 0.01649939 0.01067325 0.00741538 0.01649939 0.01095872 0.00742911 0.01665463 0.01166278 0.00746298 0.01690128 0.012404 0.00749864 0.01698489 0.01314523 0.0075343 0.01690128 0.01384928 0.00756817 0.01665463 0.01208091 -0.00441574 0.00972772 0.01159274 0.00358283 0.00927534 0.01160124 0.00555503 0.00972772 0.01249543 0.00559805 0.00962685 0.00887489 0.00542387 0.01190442 0.014239 0.00568193 0.01727473 0.01563722 0.0057492 0.01114161 0.01500093 0.00571858 0.01050458 0.014239 0.00568193 0.01002527 0.01338964 0.00564107 0.00972772 0.01075187 0.00551417 0.01002527 0.01064542 0.00353726 0.00960721 0.01064077 0.00152479 0.00939677 0.00998994 0.00547752 0.01050458 0.00979561 0.00349637 0.0101418 0.00974673 0.00148178 0.00995918 0.00984396 -0.00053932 0.00995918 0.00935365 0.00544691 0.01114161 0.00908592 0.00346223 0.0108523 0.0090001 0.00144587 0.01070667 0.00909733 -0.00057524 0.01070667 0.00937632 -0.00257405 0.0108523 0.00855195 0.00343654 0.01170309 0.00843834 0.00141884 0.01160175 0.00853557 -0.00060226 0.01160175 0.00884235 -0.00259974 0.01170309 0.00935457 -0.00454689 0.01190442 0.01482513 -0.00231192 0.00960721 0.01471867 -0.00428884 0.01002527 0.01386931 -0.0043297 0.00972772 0.0154806 -0.00425218 0.01050458 0.01567494 -0.00227104 0.0101418 0.01572381 -0.00025645 0.00995918 0.0161169 -0.00422157 0.01114161 0.01638462 -0.0022369 0.0108523 0.01647044 -0.00022053 0.01070667 0.01637321 0.00180057 0.01070667 0.01659565 -0.00419854 0.01190442 0.01691859 -0.00221121 0.01170309 0.0170322 -0.00019351 0.01160175 0.01693497 0.0018276 0.01160175 0.0166282 0.00382507 0.01170309 0.01651393 0.00579137 0.01365 0.01641318 0.00578653 0.01454523 0.01707205 0.00384643 0.01365 0.01695968 0.00384102 0.01464849 0.01740193 0.00185006 0.01365 0.01728371 0.00184437 0.01470046 0.01749916 -0.00017104 0.01365 0.01738094 -0.00017673 0.01470046 0.01736245 -0.00218986 0.01365 0.01725007 -0.00219526 0.01464849 0.01699361 -0.0041794 0.01365 0.01689285 -0.00418424 0.01454523 0.01611598 0.00577223 0.01539558 0.0166282 0.00382507 0.01559691 0.01693497 0.0018276 0.01569825 0.0170322 -0.00019351 0.01569825 0.01691859 -0.00221121 0.01559691 0.01659565 -0.00419854 0.01539558 0.01563722 0.0057492 0.01615839 0.01609423 0.00379939 0.0164477 0.01637321 0.00180057 0.01659333 0.01647044 -0.00022053 0.01659333 0.01638462 -0.0022369 0.0164477 0.0161169 -0.00422157 0.01615839 0.01338964 0.00564107 0.01757228 0.01453473 0.00372436 0.01769279 0.01358741 0.00367879 0.01802466 0.01473254 0.00172164 0.01790323 0.0137359 0.00167369 0.01825237 0.01482977 -0.00029946 0.01790323 0.01383313 -0.00034741 0.01825237 0.01482513 -0.00231192 0.01769279 0.0138778 -0.0023575 0.01802466 0.01471867 -0.00428884 0.01727473 0.01386931 -0.0043297 0.01757228 0.01249543 0.00559805 0.01767315 0.01259007 0.00363081 0.01813716 0.01268666 0.00162322 0.01837073 0.01278389 -0.00039788 0.01837073 0.01288047 -0.00240548 0.01813716 0.01297511 -0.00437272 0.01767315 0.01160124 0.00555503 0.01757228 0.01159274 0.00358283 0.01802466 0.01163741 0.00157274 0.01825237 0.01173464 -0.00044836 0.01825237 0.01188313 -0.00245346 0.01802466 0.01208091 -0.00441574 0.01757228 0.01075187 0.00551417 0.01727473 0.01064542 0.00353726 0.01769279 0.01064077 0.00152479 0.01790323 0.010738 -0.00049631 0.01790323 0.01093581 -0.00249903 0.01769279 0.01123155 -0.0044566 0.01727473 0.00935365 0.00544691 0.01615839 0.00887489 0.00542387 0.01539558 0.00908592 0.00346223 0.0164477 0.00855195 0.00343654 0.01559691 0.0090001 0.00144587 0.01659333 0.00843834 0.00141884 0.01569825 0.00909733 -0.00057524 0.01659333 0.00853557 -0.00060226 0.01569825 0.00937632 -0.00257405 0.0164477 0.00884235 -0.00259974 0.01559691 0.00983332 -0.00452386 0.01615839 0.00935457 -0.00454689 0.01539558 0.00857769 0.00540958 0.01454523 0.00822047 0.0034206 0.01464849 0.0080896 0.00140206 0.01470046 0.00818683 -0.00061904 0.01470046 0.00851086 -0.00261569 0.01464849 0.00905736 -0.00456119 0.01454523 0.00847694 0.00540473 0.01365 0.0081081 0.00341519 0.01365 0.00797138 0.00139638 0.01365 0.00806861 -0.00062473 0.01365 0.00839849 -0.00262109 0.01365 0.00895661 -0.00456604 0.01365 0.01611598 0.00577223 0.01190442 0.01609423 0.00379939 0.0108523 0.01562658 0.00176465 0.00995918 0.01482977 -0.00029946 0.00939677 0.0138778 -0.0023575 0.00927534 0.01297511 -0.00437272 0.00962685 0.01689285 -0.00418424 0.01275477 0.01725007 -0.00219526 0.01265151 0.01738094 -0.00017673 0.01259954 0.01728371 0.00184437 0.01259954 0.01695968 0.00384102 0.01265151 0.01641318 0.00578653 0.01275477 0.0154806 -0.00425218 0.01679542 0.01567494 -0.00227104 0.0171582 0.01572381 -0.00025645 0.01734081 0.01562658 0.00176465 0.01734081 0.01538454 0.00376525 0.0171582 0.01500093 0.00571858 0.01679542 0.01046962 -0.00449325 0.01679542 0.010086 -0.00253991 0.0171582 0.00984396 -0.00053932 0.01734081 0.00974673 0.00148178 0.01734081 0.00979561 0.00349637 0.0171582 0.00998994 0.00547752 0.01679542 0.00905736 -0.00456119 0.01275477 0.00851086 -0.00261569 0.01265151 0.00818683 -0.00061904 0.01259954 0.0080896 0.00140206 0.01259954 0.00822047 0.0034206 0.01265151 0.00857769 0.00540958 0.01275477 0.00983332 -0.00452386 0.01114161 0.01259007 0.00363081 0.00916284 0.01163741 0.00157274 0.00904763 0.010738 -0.00049631 0.00939677 0.010086 -0.00253991 0.0101418 0.01358741 0.00367879 0.00927534 0.01268666 0.00162322 0.00892927 0.01173464 -0.00044836 0.00904763 0.01093581 -0.00249903 0.00960721 0.01046962 -0.00449325 0.01050458 0.01453473 0.00372436 0.00960721 0.0137359 0.00167369 0.00904763 0.01278389 -0.00039788 0.00892927 0.01188313 -0.00245346 0.00927534 0.01123155 -0.0044566 0.01002527 0.01538454 0.00376525 0.0101418 0.01473254 0.00172164 0.00939677 0.01383313 -0.00034741 0.00904763 0.01288047 -0.00240548 0.00916284 -0.00687867 -0.01309566 0.01265 -0.00685464 -0.01359509 0.01278397 -0.00683706 -0.01396069 0.01315 -0.00683062 -0.01409451 0.01365 -0.00683706 -0.01396069 0.01415 -0.0069027 -0.01259624 0.01278397 -0.00692028 -0.01223064 0.01315 -0.00692672 -0.01209682 0.01365 -0.00692028 -0.01223064 0.01415 -0.0069027 -0.01259624 0.01451602 -0.00687867 -0.01309566 0.01465 -0.00685464 -0.01359509 0.01451602 -0.00631654 -0.01216784 0.01686122 -0.00634284 -0.01162126 0.01665463 -0.00666967 -0.01146415 0.01631329 -0.00635657 -0.01133579 0.01649939 -0.00637322 -0.01098967 0.01625732 -0.00670131 -0.01080643 0.01577757 -0.00639042 -0.0106321 0.01592624 -0.0063986 -0.01046223 0.01572927 -0.00672483 -0.01031746 0.01508406 -0.00641559 -0.01010896 0.01518426 -0.00643021 -0.00980518 0.0143285 -0.00673849 -0.01003351 0.01428419 -0.00643356 -0.00973551 0.01365 -0.00674128 -0.00997565 0.01343728 -0.00643318 -0.00974327 0.01342242 -0.00673298 -0.01014816 0.01260616 -0.00642954 -0.00981902 0.01290792 -0.00642431 -0.00992784 0.01253321 -0.00641769 -0.01006538 0.01220305 -0.00671421 -0.01053825 0.01185244 -0.00640423 -0.01034519 0.01172684 -0.0063986 -0.01046223 0.01157073 -0.00668637 -0.01111699 0.01123205 -0.00637444 -0.01096436 0.01106309 -0.00633715 -0.01173945 0.0105912 -0.00665152 -0.01184145 0.01079098 -0.00661224 -0.01265791 0.01056196 -0.00630897 -0.01232532 0.01039873 -0.00629513 -0.01261296 0.01034617 -0.00657145 -0.01350582 0.01056196 -0.00627331 -0.01306654 0.01031511 -0.00625149 -0.01352012 0.01034617 -0.00623765 -0.01380777 0.01039873 -0.00653217 -0.01432228 0.01079098 -0.00620947 -0.01439363 0.0105912 -0.00617218 -0.01516872 0.01106309 -0.00649732 -0.01504674 0.01123205 -0.00614802 -0.01567085 0.01157073 -0.00646948 -0.01562548 0.01185244 -0.00614239 -0.0157879 0.01172684 -0.00645071 -0.01601557 0.01260616 -0.00612893 -0.0160677 0.01220305 -0.00611343 -0.01638981 0.01342242 -0.00644241 -0.01618808 0.01343728 -0.00611708 -0.01631406 0.01290792 -0.00612231 -0.01620524 0.01253321 -0.00611306 -0.01639758 0.01365 -0.00611641 -0.0163279 0.0143285 -0.00644519 -0.01613022 0.01428419 -0.00613103 -0.01602412 0.01518426 -0.00645885 -0.01584627 0.01508406 -0.00614802 -0.01567085 0.01572927 -0.00648238 -0.01535731 0.01577757 -0.00615619 -0.01550098 0.01592624 -0.00651402 -0.01469958 0.01631329 -0.0061734 -0.01514341 0.01625732 -0.00619005 -0.01479729 0.01649939 -0.00620378 -0.01451182 0.01665463 -0.00655143 -0.01392187 0.01665149 -0.00663225 -0.01224186 0.01665149 -0.00659184 -0.01308187 0.01676708 -0.00627331 -0.01306654 0.01698489 -0.00623007 -0.01396524 0.01686122 -0.00667021 -0.01587701 0.01345928 -0.00667765 -0.01572235 0.01271412 -0.00669447 -0.0153726 0.01203837 -0.00671944 -0.01485373 0.01148214 -0.00675068 -0.01420419 0.0110867 -0.0067859 -0.01347218 0.01088136 -0.00682247 -0.01271198 0.01088136 -0.00685769 -0.01197997 0.0110867 -0.00688893 -0.01133044 0.01148214 -0.0069139 -0.01081156 0.01203837 -0.00693072 -0.01046181 0.01271412 -0.00693816 -0.01030715 0.01345928 -0.00693567 -0.01035902 0.01421859 -0.00692342 -0.0106136 0.01493573 -0.00690233 -0.01105199 0.01555751 -0.00687396 -0.01164169 0.01603782 -0.00684042 -0.01233896 0.01634104 -0.00680419 -0.01309208 0.01644467 -0.00676795 -0.0138452 0.01634104 -0.00673441 -0.01454247 0.01603782 -0.00670604 -0.01513217 0.01555751 -0.00668495 -0.01557056 0.01493573 -0.0066727 -0.01582514 0.01421859 -0.00676502 -0.01545816 0.0141415 -0.00676259 -0.01550862 0.01365 -0.00676286 -0.015503 0.01348514 -0.00676929 -0.0153693 0.01284101 -0.00678383 -0.01506698 0.01225688 -0.00680541 -0.01461845 0.01177607 -0.00683242 -0.01405699 0.01143425 -0.00686286 -0.01342423 0.01125675 -0.00689448 -0.0127671 0.01125675 -0.00692492 -0.01213434 0.01143425 -0.00695193 -0.01157287 0.01177607 -0.00697351 -0.01112435 0.01225688 -0.00698805 -0.01082203 0.01284101 -0.00699448 -0.01068833 0.01348514 -0.00699232 -0.01073317 0.0141415 -0.00698174 -0.01095323 0.0147614 -0.00696351 -0.01133219 0.01529888 -0.00693898 -0.01184193 0.01571406 -0.00690999 -0.01244465 0.01597617 -0.00687867 -0.01309566 0.01606575 -0.00684735 -0.01374667 0.01597617 -0.00681836 -0.0143494 0.01571406 -0.00679383 -0.01485914 0.01529888 -0.0067756 -0.0152381 0.0147614 0.00822008 -0.01478784 0.01365 0.00821766 -0.01473737 0.0141415 0.008161 -0.01511152 0.01421859 0.00820707 -0.01451731 0.0147614 0.00814875 -0.01485694 0.01493573 0.00818884 -0.01413836 0.01529888 0.00812766 -0.01441855 0.01555751 0.00816432 -0.01362862 0.01571406 0.00809929 -0.01382885 0.01603782 0.00813532 -0.01302589 0.01597617 0.00806575 -0.01313158 0.01634104 0.008104 -0.01237488 0.01606575 0.00802952 -0.01237846 0.01644467 0.00807268 -0.01172387 0.01597617 0.00799329 -0.01162534 0.01634104 0.00804369 -0.01112114 0.01571406 0.00795974 -0.01092807 0.01603782 0.00801917 -0.0106114 0.01529888 0.00793137 -0.01033838 0.01555751 0.00800093 -0.01023245 0.0147614 0.00791029 -0.00989998 0.01493573 0.00799035 -0.01001239 0.0141415 0.00789804 -0.00964541 0.01421859 0.00798819 -0.00996754 0.01348514 0.00789554 -0.00959353 0.01345928 0.00799462 -0.01010124 0.01284101 0.00790298 -0.0097482 0.01271412 0.00800917 -0.01040356 0.01225688 0.00791981 -0.01009794 0.01203837 0.00803074 -0.01085209 0.01177607 0.00794477 -0.01061682 0.01148214 0.00805776 -0.01141355 0.01143425 0.00797602 -0.01126635 0.0110867 0.0080882 -0.01204631 0.01125675 0.00801123 -0.01199836 0.01088136 0.00811981 -0.01270344 0.01125675 0.0080478 -0.01275856 0.01088136 0.00815025 -0.0133362 0.01143425 0.00808302 -0.01349058 0.0110867 0.00817726 -0.01389767 0.01177607 0.00811427 -0.01414011 0.01148214 0.00819884 -0.0143462 0.01225688 0.00813923 -0.01465899 0.01203837 0.00821338 -0.01464852 0.01284101 0.00815606 -0.01500873 0.01271412 0.00821981 -0.01478221 0.01348514 0.0081635 -0.0151634 0.01345928 0.00785759 -0.01322868 0.01665149 0.007895 -0.01400639 0.01631329 0.00792664 -0.01466412 0.01577757 0.00795016 -0.01515309 0.01508406 0.00796383 -0.01543703 0.01428419 0.00796661 -0.0154949 0.01343728 0.00795831 -0.01532238 0.01260616 0.00793954 -0.01493229 0.01185244 0.0079117 -0.01435355 0.01123205 0.00787685 -0.01362909 0.01079098 0.00783757 -0.01281263 0.01056196 0.00779678 -0.01196473 0.01056196 0.0077575 -0.01114827 0.01079098 0.00772265 -0.0104238 0.01123205 0.00769481 -0.00984506 0.01185244 0.00767604 -0.00945497 0.01260616 0.00766774 -0.00928246 0.01343728 0.00767053 -0.00934032 0.01428419 0.00768419 -0.00962427 0.01508406 0.00770771 -0.01011324 0.01577757 0.00773935 -0.01077097 0.01631329 0.00777676 -0.01154867 0.01665149 0.00781718 -0.01238868 0.01676708 0.00739873 -0.01032714 0.01625732 0.00737335 -0.00979969 0.01572927 0.00735426 -0.00940284 0.01509695 0.00734241 -0.00915648 0.01439208 0.00733839 -0.00907297 0.01365 0.00734241 -0.00915648 0.01290792 0.00734765 -0.0092653 0.01253321 0.00735426 -0.00940284 0.01220305 0.00737335 -0.00979969 0.01157073 0.00739873 -0.01032714 0.01104268 0.00742911 -0.01095872 0.01064537 0.00746298 -0.01166278 0.01039873 0.00747682 -0.01195043 0.01034617 0.00765487 -0.01565152 0.01290792 0.00764964 -0.01554271 0.01253321 0.00764302 -0.01540516 0.01220305 0.00762393 -0.01500831 0.01157073 0.00759856 -0.01448087 0.01104268 0.00756817 -0.01384928 0.01064537 0.0075343 -0.01314523 0.01039873 0.00749864 -0.012404 0.01031511 0.00765889 -0.01573504 0.01365 0.00765487 -0.01565152 0.01439208 0.00764302 -0.01540516 0.01509695 0.00762393 -0.01500831 0.01572927 0.00759856 -0.01448087 0.01625732 0.0075819 -0.01413475 0.01649939 0.00741538 -0.01067325 0.01649939 0.00742911 -0.01095872 0.01665463 0.00746298 -0.01166278 0.01690128 0.00749864 -0.012404 0.01698489 0.0075343 -0.01314523 0.01690128 0.00756817 -0.01384928 0.01665463 -0.00441574 -0.01208091 0.00972772 0.00358283 -0.01159274 0.00927534 0.00555503 -0.01160124 0.00972772 0.00559805 -0.01249543 0.00962685 0.00542387 -0.00887489 0.01190442 0.00568193 -0.014239 0.01727473 0.0057492 -0.01563722 0.01114161 0.00571858 -0.01500093 0.01050458 0.00568193 -0.014239 0.01002527 0.00564107 -0.01338964 0.00972772 0.00551417 -0.01075187 0.01002527 0.00353726 -0.01064542 0.00960721 0.00152479 -0.01064077 0.00939677 0.00547752 -0.00998994 0.01050458 0.00349637 -0.00979561 0.0101418 0.00148178 -0.00974673 0.00995918 -0.00053932 -0.00984396 0.00995918 0.00544691 -0.00935365 0.01114161 0.00346223 -0.00908592 0.0108523 0.00144587 -0.0090001 0.01070667 -0.00057524 -0.00909733 0.01070667 -0.00257405 -0.00937632 0.0108523 0.00343654 -0.00855195 0.01170309 0.00141884 -0.00843834 0.01160175 -0.00060226 -0.00853557 0.01160175 -0.00259974 -0.00884235 0.01170309 -0.00454689 -0.00935457 0.01190442 -0.00231192 -0.01482513 0.00960721 -0.00428884 -0.01471867 0.01002527 -0.0043297 -0.01386931 0.00972772 -0.00425218 -0.0154806 0.01050458 -0.00227104 -0.01567494 0.0101418 -0.00025645 -0.01572381 0.00995918 -0.00422157 -0.0161169 0.01114161 -0.0022369 -0.01638462 0.0108523 -0.00022053 -0.01647044 0.01070667 0.00180057 -0.01637321 0.01070667 -0.00419854 -0.01659565 0.01190442 -0.00221121 -0.01691859 0.01170309 -0.00019351 -0.0170322 0.01160175 0.0018276 -0.01693497 0.01160175 0.00382507 -0.0166282 0.01170309 0.00579137 -0.01651393 0.01365 0.00578653 -0.01641318 0.01454523 0.00384643 -0.01707205 0.01365 0.00384102 -0.01695968 0.01464849 0.00185006 -0.01740193 0.01365 0.00184437 -0.01728371 0.01470046 -0.00017104 -0.01749916 0.01365 -0.00017673 -0.01738094 0.01470046 -0.00218986 -0.01736245 0.01365 -0.00219526 -0.01725007 0.01464849 -0.0041794 -0.01699361 0.01365 -0.00418424 -0.01689285 0.01454523 0.00577223 -0.01611598 0.01539558 0.00382507 -0.0166282 0.01559691 0.0018276 -0.01693497 0.01569825 -0.00019351 -0.0170322 0.01569825 -0.00221121 -0.01691859 0.01559691 -0.00419854 -0.01659565 0.01539558 0.0057492 -0.01563722 0.01615839 0.00379939 -0.01609423 0.0164477 0.00180057 -0.01637321 0.01659333 -0.00022053 -0.01647044 0.01659333 -0.0022369 -0.01638462 0.0164477 -0.00422157 -0.0161169 0.01615839 0.00564107 -0.01338964 0.01757228 0.00372436 -0.01453473 0.01769279 0.00367879 -0.01358741 0.01802466 0.00172164 -0.01473254 0.01790323 0.00167369 -0.0137359 0.01825237 -0.00029946 -0.01482977 0.01790323 -0.00034741 -0.01383313 0.01825237 -0.00231192 -0.01482513 0.01769279 -0.0023575 -0.0138778 0.01802466 -0.00428884 -0.01471867 0.01727473 -0.0043297 -0.01386931 0.01757228 0.00559805 -0.01249543 0.01767315 0.00363081 -0.01259007 0.01813716 0.00162322 -0.01268666 0.01837073 -0.00039788 -0.01278389 0.01837073 -0.00240548 -0.01288047 0.01813716 -0.00437272 -0.01297511 0.01767315 0.00555503 -0.01160124 0.01757228 0.00358283 -0.01159274 0.01802466 0.00157274 -0.01163741 0.01825237 -0.00044836 -0.01173464 0.01825237 -0.00245346 -0.01188313 0.01802466 -0.00441574 -0.01208091 0.01757228 0.00551417 -0.01075187 0.01727473 0.00353726 -0.01064542 0.01769279 0.00152479 -0.01064077 0.01790323 -0.00049631 -0.010738 0.01790323 -0.00249903 -0.01093581 0.01769279 -0.0044566 -0.01123155 0.01727473 0.00544691 -0.00935365 0.01615839 0.00542387 -0.00887489 0.01539558 0.00346223 -0.00908592 0.0164477 0.00343654 -0.00855195 0.01559691 0.00144587 -0.0090001 0.01659333 0.00141884 -0.00843834 0.01569825 -0.00057524 -0.00909733 0.01659333 -0.00060226 -0.00853557 0.01569825 -0.00257405 -0.00937632 0.0164477 -0.00259974 -0.00884235 0.01559691 -0.00452386 -0.00983332 0.01615839 -0.00454689 -0.00935457 0.01539558 0.00540958 -0.00857769 0.01454523 0.0034206 -0.00822047 0.01464849 0.00140206 -0.0080896 0.01470046 -0.00061904 -0.00818683 0.01470046 -0.00261569 -0.00851086 0.01464849 -0.00456119 -0.00905736 0.01454523 0.00540473 -0.00847694 0.01365 0.00341519 -0.0081081 0.01365 0.00139638 -0.00797138 0.01365 -0.00062473 -0.00806861 0.01365 -0.00262109 -0.00839849 0.01365 -0.00456604 -0.00895661 0.01365 0.00577223 -0.01611598 0.01190442 0.00379939 -0.01609423 0.0108523 0.00176465 -0.01562658 0.00995918 -0.00029946 -0.01482977 0.00939677 -0.0023575 -0.0138778 0.00927534 -0.00437272 -0.01297511 0.00962685 -0.00418424 -0.01689285 0.01275477 -0.00219526 -0.01725007 0.01265151 -0.00017673 -0.01738094 0.01259954 0.00184437 -0.01728371 0.01259954 0.00384102 -0.01695968 0.01265151 0.00578653 -0.01641318 0.01275477 -0.00425218 -0.0154806 0.01679542 -0.00227104 -0.01567494 0.0171582 -0.00025645 -0.01572381 0.01734081 0.00176465 -0.01562658 0.01734081 0.00376525 -0.01538454 0.0171582 0.00571858 -0.01500093 0.01679542 -0.00449325 -0.01046962 0.01679542 -0.00253991 -0.010086 0.0171582 -0.00053932 -0.00984396 0.01734081 0.00148178 -0.00974673 0.01734081 0.00349637 -0.00979561 0.0171582 0.00547752 -0.00998994 0.01679542 -0.00456119 -0.00905736 0.01275477 -0.00261569 -0.00851086 0.01265151 -0.00061904 -0.00818683 0.01259954 0.00140206 -0.0080896 0.01259954 0.0034206 -0.00822047 0.01265151 0.00540958 -0.00857769 0.01275477 -0.00452386 -0.00983332 0.01114161 0.00363081 -0.01259007 0.00916284 0.00157274 -0.01163741 0.00904763 -0.00049631 -0.010738 0.00939677 -0.00253991 -0.010086 0.0101418 0.00367879 -0.01358741 0.00927534 0.00162322 -0.01268666 0.00892927 -0.00044836 -0.01173464 0.00904763 -0.00249903 -0.01093581 0.00960721 -0.00449325 -0.01046962 0.01050458 0.00372436 -0.01453473 0.00960721 0.00167369 -0.0137359 0.00904763 -0.00039788 -0.01278389 0.00892927 -0.00245346 -0.01188313 0.00927534 -0.0044566 -0.01123155 0.01002527 0.00376525 -0.01538454 0.0101418 0.00172164 -0.01473254 0.00939677 -0.00034741 -0.01383313 0.00904763 -0.00240548 -0.01288047 0.00916284 -0.01309566 0.00687867 0.01265 -0.01359509 0.00685464 0.01278397 -0.01396069 0.00683706 0.01315 -0.01409451 0.00683062 0.01365 -0.01396069 0.00683706 0.01415 -0.01259624 0.0069027 0.01278397 -0.01223064 0.00692028 0.01315 -0.01209682 0.00692672 0.01365 -0.01223064 0.00692028 0.01415 -0.01259624 0.0069027 0.01451602 -0.01309566 0.00687867 0.01465 -0.01359509 0.00685464 0.01451602 -0.01216784 0.00631654 0.01686122 -0.01162126 0.00634284 0.01665463 -0.01146415 0.00666967 0.01631329 -0.01133579 0.00635657 0.01649939 -0.01098967 0.00637322 0.01625732 -0.01080643 0.00670131 0.01577757 -0.0106321 0.00639042 0.01592624 -0.01046223 0.0063986 0.01572927 -0.01031746 0.00672483 0.01508406 -0.01010896 0.00641559 0.01518426 -0.00980518 0.00643021 0.0143285 -0.01003351 0.00673849 0.01428419 -0.00973551 0.00643356 0.01365 -0.00997565 0.00674128 0.01343728 -0.00974327 0.00643318 0.01342242 -0.01014816 0.00673298 0.01260616 -0.00981902 0.00642954 0.01290792 -0.00992784 0.00642431 0.01253321 -0.01006538 0.00641769 0.01220305 -0.01053825 0.00671421 0.01185244 -0.01034519 0.00640423 0.01172684 -0.01046223 0.0063986 0.01157073 -0.01111699 0.00668637 0.01123205 -0.01096436 0.00637444 0.01106309 -0.01173945 0.00633715 0.0105912 -0.01184145 0.00665152 0.01079098 -0.01265791 0.00661224 0.01056196 -0.01232532 0.00630897 0.01039873 -0.01261296 0.00629513 0.01034617 -0.01350582 0.00657145 0.01056196 -0.01306654 0.00627331 0.01031511 -0.01352012 0.00625149 0.01034617 -0.01380777 0.00623765 0.01039873 -0.01432228 0.00653217 0.01079098 -0.01439363 0.00620947 0.0105912 -0.01516872 0.00617218 0.01106309 -0.01504674 0.00649732 0.01123205 -0.01567085 0.00614802 0.01157073 -0.01562548 0.00646948 0.01185244 -0.0157879 0.00614239 0.01172684 -0.01601557 0.00645071 0.01260616 -0.0160677 0.00612893 0.01220305 -0.01638981 0.00611343 0.01342242 -0.01618808 0.00644241 0.01343728 -0.01631406 0.00611708 0.01290792 -0.01620524 0.00612231 0.01253321 -0.01639758 0.00611306 0.01365 -0.0163279 0.00611641 0.0143285 -0.01613022 0.00644519 0.01428419 -0.01602412 0.00613103 0.01518426 -0.01584627 0.00645885 0.01508406 -0.01567085 0.00614802 0.01572927 -0.01535731 0.00648238 0.01577757 -0.01550098 0.00615619 0.01592624 -0.01469958 0.00651402 0.01631329 -0.01514341 0.0061734 0.01625732 -0.01479729 0.00619005 0.01649939 -0.01451182 0.00620378 0.01665463 -0.01392187 0.00655143 0.01665149 -0.01224186 0.00663225 0.01665149 -0.01308187 0.00659184 0.01676708 -0.01306654 0.00627331 0.01698489 -0.01396524 0.00623007 0.01686122 -0.01587701 0.00667021 0.01345928 -0.01572235 0.00667765 0.01271412 -0.0153726 0.00669447 0.01203837 -0.01485373 0.00671944 0.01148214 -0.01420419 0.00675068 0.0110867 -0.01347218 0.0067859 0.01088136 -0.01271198 0.00682247 0.01088136 -0.01197997 0.00685769 0.0110867 -0.01133044 0.00688893 0.01148214 -0.01081156 0.0069139 0.01203837 -0.01046181 0.00693072 0.01271412 -0.01030715 0.00693816 0.01345928 -0.01035902 0.00693567 0.01421859 -0.0106136 0.00692342 0.01493573 -0.01105199 0.00690233 0.01555751 -0.01164169 0.00687396 0.01603782 -0.01233896 0.00684042 0.01634104 -0.01309208 0.00680419 0.01644467 -0.0138452 0.00676795 0.01634104 -0.01454247 0.00673441 0.01603782 -0.01513217 0.00670604 0.01555751 -0.01557056 0.00668495 0.01493573 -0.01582514 0.0066727 0.01421859 -0.01545816 0.00676502 0.0141415 -0.01550862 0.00676259 0.01365 -0.015503 0.00676286 0.01348514 -0.0153693 0.00676929 0.01284101 -0.01506698 0.00678383 0.01225688 -0.01461845 0.00680541 0.01177607 -0.01405699 0.00683242 0.01143425 -0.01342423 0.00686286 0.01125675 -0.0127671 0.00689448 0.01125675 -0.01213434 0.00692492 0.01143425 -0.01157287 0.00695193 0.01177607 -0.01112435 0.00697351 0.01225688 -0.01082203 0.00698805 0.01284101 -0.01068833 0.00699448 0.01348514 -0.01073317 0.00699232 0.0141415 -0.01095323 0.00698174 0.0147614 -0.01133219 0.00696351 0.01529888 -0.01184193 0.00693898 0.01571406 -0.01244465 0.00690999 0.01597617 -0.01309566 0.00687867 0.01606575 -0.01374667 0.00684735 0.01597617 -0.0143494 0.00681836 0.01571406 -0.01485914 0.00679383 0.01529888 -0.0152381 0.0067756 0.0147614 -0.01478784 -0.00822008 0.01365 -0.01473737 -0.00821766 0.0141415 -0.01511152 -0.008161 0.01421859 -0.01451731 -0.00820707 0.0147614 -0.01485694 -0.00814875 0.01493573 -0.01413836 -0.00818884 0.01529888 -0.01441855 -0.00812766 0.01555751 -0.01362862 -0.00816432 0.01571406 -0.01382885 -0.00809929 0.01603782 -0.01302589 -0.00813532 0.01597617 -0.01313158 -0.00806575 0.01634104 -0.01237488 -0.008104 0.01606575 -0.01237846 -0.00802952 0.01644467 -0.01172387 -0.00807268 0.01597617 -0.01162534 -0.00799329 0.01634104 -0.01112114 -0.00804369 0.01571406 -0.01092807 -0.00795974 0.01603782 -0.0106114 -0.00801917 0.01529888 -0.01033838 -0.00793137 0.01555751 -0.01023245 -0.00800093 0.0147614 -0.00989998 -0.00791029 0.01493573 -0.01001239 -0.00799035 0.0141415 -0.00964541 -0.00789804 0.01421859 -0.00996754 -0.00798819 0.01348514 -0.00959353 -0.00789554 0.01345928 -0.01010124 -0.00799462 0.01284101 -0.0097482 -0.00790298 0.01271412 -0.01040356 -0.00800917 0.01225688 -0.01009794 -0.00791981 0.01203837 -0.01085209 -0.00803074 0.01177607 -0.01061682 -0.00794477 0.01148214 -0.01141355 -0.00805776 0.01143425 -0.01126635 -0.00797602 0.0110867 -0.01204631 -0.0080882 0.01125675 -0.01199836 -0.00801123 0.01088136 -0.01270344 -0.00811981 0.01125675 -0.01275856 -0.0080478 0.01088136 -0.0133362 -0.00815025 0.01143425 -0.01349058 -0.00808302 0.0110867 -0.01389767 -0.00817726 0.01177607 -0.01414011 -0.00811427 0.01148214 -0.0143462 -0.00819884 0.01225688 -0.01465899 -0.00813923 0.01203837 -0.01464852 -0.00821338 0.01284101 -0.01500873 -0.00815606 0.01271412 -0.01478221 -0.00821981 0.01348514 -0.0151634 -0.0081635 0.01345928 -0.01322868 -0.00785759 0.01665149 -0.01400639 -0.007895 0.01631329 -0.01466412 -0.00792664 0.01577757 -0.01515309 -0.00795016 0.01508406 -0.01543703 -0.00796383 0.01428419 -0.0154949 -0.00796661 0.01343728 -0.01532238 -0.00795831 0.01260616 -0.01493229 -0.00793954 0.01185244 -0.01435355 -0.0079117 0.01123205 -0.01362909 -0.00787685 0.01079098 -0.01281263 -0.00783757 0.01056196 -0.01196473 -0.00779678 0.01056196 -0.01114827 -0.0077575 0.01079098 -0.0104238 -0.00772265 0.01123205 -0.00984506 -0.00769481 0.01185244 -0.00945497 -0.00767604 0.01260616 -0.00928246 -0.00766774 0.01343728 -0.00934032 -0.00767053 0.01428419 -0.00962427 -0.00768419 0.01508406 -0.01011324 -0.00770771 0.01577757 -0.01077097 -0.00773935 0.01631329 -0.01154867 -0.00777676 0.01665149 -0.01238868 -0.00781718 0.01676708 -0.01032714 -0.00739873 0.01625732 -0.00979969 -0.00737335 0.01572927 -0.00940284 -0.00735426 0.01509695 -0.00915648 -0.00734241 0.01439208 -0.00907297 -0.00733839 0.01365 -0.00915648 -0.00734241 0.01290792 -0.0092653 -0.00734765 0.01253321 -0.00940284 -0.00735426 0.01220305 -0.00979969 -0.00737335 0.01157073 -0.01032714 -0.00739873 0.01104268 -0.01095872 -0.00742911 0.01064537 -0.01166278 -0.00746298 0.01039873 -0.01195043 -0.00747682 0.01034617 -0.01565152 -0.00765487 0.01290792 -0.01554271 -0.00764964 0.01253321 -0.01540516 -0.00764302 0.01220305 -0.01500831 -0.00762393 0.01157073 -0.01448087 -0.00759856 0.01104268 -0.01384928 -0.00756817 0.01064537 -0.01314523 -0.0075343 0.01039873 -0.012404 -0.00749864 0.01031511 -0.01573504 -0.00765889 0.01365 -0.01565152 -0.00765487 0.01439208 -0.01540516 -0.00764302 0.01509695 -0.01500831 -0.00762393 0.01572927 -0.01448087 -0.00759856 0.01625732 -0.01413475 -0.0075819 0.01649939 -0.01067325 -0.00741538 0.01649939 -0.01095872 -0.00742911 0.01665463 -0.01166278 -0.00746298 0.01690128 -0.012404 -0.00749864 0.01698489 -0.01314523 -0.0075343 0.01690128 -0.01384928 -0.00756817 0.01665463 -0.01208091 0.00441574 0.00972772 -0.01159274 -0.00358283 0.00927534 -0.01160124 -0.00555503 0.00972772 -0.01249543 -0.00559805 0.00962685 -0.00887489 -0.00542387 0.01190442 -0.014239 -0.00568193 0.01727473 -0.01563722 -0.0057492 0.01114161 -0.01500093 -0.00571858 0.01050458 -0.014239 -0.00568193 0.01002527 -0.01338964 -0.00564107 0.00972772 -0.01075187 -0.00551417 0.01002527 -0.01064542 -0.00353726 0.00960721 -0.01064077 -0.00152479 0.00939677 -0.00998994 -0.00547752 0.01050458 -0.00979561 -0.00349637 0.0101418 -0.00974673 -0.00148178 0.00995918 -0.00984396 0.00053932 0.00995918 -0.00935365 -0.00544691 0.01114161 -0.00908592 -0.00346223 0.0108523 -0.0090001 -0.00144587 0.01070667 -0.00909733 0.00057524 0.01070667 -0.00937632 0.00257405 0.0108523 -0.00855195 -0.00343654 0.01170309 -0.00843834 -0.00141884 0.01160175 -0.00853557 0.00060226 0.01160175 -0.00884235 0.00259974 0.01170309 -0.00935457 0.00454689 0.01190442 -0.01482513 0.00231192 0.00960721 -0.01471867 0.00428884 0.01002527 -0.01386931 0.0043297 0.00972772 -0.0154806 0.00425218 0.01050458 -0.01567494 0.00227104 0.0101418 -0.01572381 0.00025645 0.00995918 -0.0161169 0.00422157 0.01114161 -0.01638462 0.0022369 0.0108523 -0.01647044 0.00022053 0.01070667 -0.01637321 -0.00180057 0.01070667 -0.01659565 0.00419854 0.01190442 -0.01691859 0.00221121 0.01170309 -0.0170322 0.00019351 0.01160175 -0.01693497 -0.0018276 0.01160175 -0.0166282 -0.00382507 0.01170309 -0.01651393 -0.00579137 0.01365 -0.01641318 -0.00578653 0.01454523 -0.01707205 -0.00384643 0.01365 -0.01695968 -0.00384102 0.01464849 -0.01740193 -0.00185006 0.01365 -0.01728371 -0.00184437 0.01470046 -0.01749916 0.00017104 0.01365 -0.01738094 0.00017673 0.01470046 -0.01736245 0.00218986 0.01365 -0.01725007 0.00219526 0.01464849 -0.01699361 0.0041794 0.01365 -0.01689285 0.00418424 0.01454523 -0.01611598 -0.00577223 0.01539558 -0.0166282 -0.00382507 0.01559691 -0.01693497 -0.0018276 0.01569825 -0.0170322 0.00019351 0.01569825 -0.01691859 0.00221121 0.01559691 -0.01659565 0.00419854 0.01539558 -0.01563722 -0.0057492 0.01615839 -0.01609423 -0.00379939 0.0164477 -0.01637321 -0.00180057 0.01659333 -0.01647044 0.00022053 0.01659333 -0.01638462 0.0022369 0.0164477 -0.0161169 0.00422157 0.01615839 -0.01338964 -0.00564107 0.01757228 -0.01453473 -0.00372436 0.01769279 -0.01358741 -0.00367879 0.01802466 -0.01473254 -0.00172164 0.01790323 -0.0137359 -0.00167369 0.01825237 -0.01482977 0.00029946 0.01790323 -0.01383313 0.00034741 0.01825237 -0.01482513 0.00231192 0.01769279 -0.0138778 0.0023575 0.01802466 -0.01471867 0.00428884 0.01727473 -0.01386931 0.0043297 0.01757228 -0.01249543 -0.00559805 0.01767315 -0.01259007 -0.00363081 0.01813716 -0.01268666 -0.00162322 0.01837073 -0.01278389 0.00039788 0.01837073 -0.01288047 0.00240548 0.01813716 -0.01297511 0.00437272 0.01767315 -0.01160124 -0.00555503 0.01757228 -0.01159274 -0.00358283 0.01802466 -0.01163741 -0.00157274 0.01825237 -0.01173464 0.00044836 0.01825237 -0.01188313 0.00245346 0.01802466 -0.01208091 0.00441574 0.01757228 -0.01075187 -0.00551417 0.01727473 -0.01064542 -0.00353726 0.01769279 -0.01064077 -0.00152479 0.01790323 -0.010738 0.00049631 0.01790323 -0.01093581 0.00249903 0.01769279 -0.01123155 0.0044566 0.01727473 -0.00935365 -0.00544691 0.01615839 -0.00887489 -0.00542387 0.01539558 -0.00908592 -0.00346223 0.0164477 -0.00855195 -0.00343654 0.01559691 -0.0090001 -0.00144587 0.01659333 -0.00843834 -0.00141884 0.01569825 -0.00909733 0.00057524 0.01659333 -0.00853557 0.00060226 0.01569825 -0.00937632 0.00257405 0.0164477 -0.00884235 0.00259974 0.01559691 -0.00983332 0.00452386 0.01615839 -0.00935457 0.00454689 0.01539558 -0.00857769 -0.00540958 0.01454523 -0.00822047 -0.0034206 0.01464849 -0.0080896 -0.00140206 0.01470046 -0.00818683 0.00061904 0.01470046 -0.00851086 0.00261569 0.01464849 -0.00905736 0.00456119 0.01454523 -0.00847694 -0.00540473 0.01365 -0.0081081 -0.00341519 0.01365 -0.00797138 -0.00139638 0.01365 -0.00806861 0.00062473 0.01365 -0.00839849 0.00262109 0.01365 -0.00895661 0.00456604 0.01365 -0.01611598 -0.00577223 0.01190442 -0.01609423 -0.00379939 0.0108523 -0.01562658 -0.00176465 0.00995918 -0.01482977 0.00029946 0.00939677 -0.0138778 0.0023575 0.00927534 -0.01297511 0.00437272 0.00962685 -0.01689285 0.00418424 0.01275477 -0.01725007 0.00219526 0.01265151 -0.01738094 0.00017673 0.01259954 -0.01728371 -0.00184437 0.01259954 -0.01695968 -0.00384102 0.01265151 -0.01641318 -0.00578653 0.01275477 -0.0154806 0.00425218 0.01679542 -0.01567494 0.00227104 0.0171582 -0.01572381 0.00025645 0.01734081 -0.01562658 -0.00176465 0.01734081 -0.01538454 -0.00376525 0.0171582 -0.01500093 -0.00571858 0.01679542 -0.01046962 0.00449325 0.01679542 -0.010086 0.00253991 0.0171582 -0.00984396 0.00053932 0.01734081 -0.00974673 -0.00148178 0.01734081 -0.00979561 -0.00349637 0.0171582 -0.00998994 -0.00547752 0.01679542 -0.00905736 0.00456119 0.01275477 -0.00851086 0.00261569 0.01265151 -0.00818683 0.00061904 0.01259954 -0.0080896 -0.00140206 0.01259954 -0.00822047 -0.0034206 0.01265151 -0.00857769 -0.00540958 0.01275477 -0.00983332 0.00452386 0.01114161 -0.01259007 -0.00363081 0.00916284 -0.01163741 -0.00157274 0.00904763 -0.010738 0.00049631 0.00939677 -0.010086 0.00253991 0.0101418 -0.01358741 -0.00367879 0.00927534 -0.01268666 -0.00162322 0.00892927 -0.01173464 0.00044836 0.00904763 -0.01093581 0.00249903 0.00960721 -0.01046962 0.00449325 0.01050458 -0.01453473 -0.00372436 0.00960721 -0.0137359 -0.00167369 0.00904763 -0.01278389 0.00039788 0.00892927 -0.01188313 0.00245346 0.00927534 -0.01123155 0.0044566 0.01002527 -0.01538454 -0.00376525 0.0101418 -0.01473254 -0.00172164 0.00939677 -0.01383313 0.00034741 0.00904763 -0.01288047 0.00240548 0.00916284 -0.00118443 0.0010757 0 -0.00148091 0.00060573 0 -0.00352881 0.00198746 0 -0.0015238 -0.0004879 0 -0.0039981 -0.00064632 0 -0.00159877 6.27E-05 0 -0.00404168 0.00025954 0 -0.00388259 0.00115239 0 0.00118443 -0.0010757 0 0.00231702 -0.00332173 0 0.00074509 -0.00141592 0 0.00151978 -0.00375404 0 0.00021588 -0.00158537 0 -0.00085368 -0.00135323 0 -0.00272286 -0.00299809 0 -0.00126503 -0.00097964 0 -0.00332173 -0.00231702 0 -0.00375404 -0.00151978 0 0.00064632 -0.0039981 0 -0.00025954 -0.00404168 0 -0.00033937 -0.0015636 0 -0.00115239 -0.00388259 0 -0.00198746 -0.00352881 0 0.00148091 -0.00060573 0 0.00352881 -0.00198746 0 0.00299809 -0.00272286 0 0.0015238 0.0004879 0 0.0039981 0.00064632 0 0.00159877 -6.27E-05 0 0.00404168 -0.00025954 0 0.00388259 -0.00115239 0 0.00085368 0.00135323 0 0.00272286 0.00299809 0 0.00126503 0.00097964 0 0.00332173 0.00231702 0 0.00375404 0.00151978 0 -0.00021588 0.00158537 0 0.00025954 0.00404168 0 0.00033937 0.0015636 0 0.00115239 0.00388259 0 0.00198746 0.00352881 0 -0.00299809 0.00272286 0 -0.00231702 0.00332173 0 -0.00074509 0.00141592 0 -0.00151978 0.00375404 0 -0.00064632 0.0039981 0 0.00118443 -0.0010757 0.019 0.00074509 -0.00141592 0.019 0.00231702 -0.00332173 0.019 -0.00159877 6.27E-05 0.019 -0.0039981 -0.00064632 0.019 -0.0015238 -0.0004879 0.019 -0.00375404 -0.00151978 0.019 -0.00126503 -0.00097964 0.019 -0.00033937 -0.0015636 0.019 -0.00025954 -0.00404168 0.019 0.00021588 -0.00158537 0.019 0.00064632 -0.0039981 0.019 0.00151978 -0.00375404 0.019 -0.00332173 -0.00231702 0.019 -0.00272286 -0.00299809 0.019 -0.00085368 -0.00135323 0.019 -0.00198746 -0.00352881 0.019 -0.00115239 -0.00388259 0.019 -0.00118443 0.0010757 0.019 -0.00352881 0.00198746 0.019 -0.00148091 0.00060573 0.019 -0.00388259 0.00115239 0.019 -0.00404168 0.00025954 0.019 -0.00074509 0.00141592 0.019 -0.00231702 0.00332173 0.019 -0.00299809 0.00272286 0.019 0.00033937 0.0015636 0.019 0.00025954 0.00404168 0.019 -0.00021588 0.00158537 0.019 -0.00064632 0.0039981 0.019 -0.00151978 0.00375404 0.019 0.00126503 0.00097964 0.019 0.00272286 0.00299809 0.019 0.00085368 0.00135323 0.019 0.00198746 0.00352881 0.019 0.00115239 0.00388259 0.019 0.00159877 -6.27E-05 0.019 0.0039981 0.00064632 0.019 0.0015238 0.0004879 0.019 0.00375404 0.00151978 0.019 0.00332173 0.00231702 0.019 0.00299809 -0.00272286 0.019 0.00352881 -0.00198746 0.019 0.00148091 -0.00060573 0.019 0.00388259 -0.00115239 0.019 0.00404168 -0.00025954 0.019</float_array>
          <technique_common>
            <accessor source="#pos_0-array" count="14754" stride="3">
              <param name="X" type="float"/>
              <param name="Y" type="float"/>
              <param name="Z" type="float"/>
            </accessor>
          </technique_common>
        </source>
        <source id="norm_0">
          <float_array id="norm_0-array" count="24552">-0.30135 0.02512 0.95318 -0.29328 0.03563 0.95536 -0.30206 0.01771 0.95313 -0.3026 0.00969 0.95307 -0.30231 0.01537 0.95309 -0.30254 0.00904 0.95309 -0.30244 0.01885 0.95298 -0.30286 0.0262 0.95267 -0.30176 0.02471 0.95306 -0.29959 0.04454 0.95303 -0.29956 -0.04294 0.95311 -0.29924 -0.04769 0.95299 -0.29895 -0.05515 0.95267 -0.29799 -0.05355 0.95307 -0.29394 -0.07308 0.95303 -0.29942 -0.04423 0.9531 -0.29768 -0.05325 0.95318 -0.28909 -0.06375 0.95518 -0.29858 -0.0509 0.95303 -0.29992 -0.0409 0.95309 -0.30049 -0.03678 0.95307 -0.30153 -0.01451 0.95335 -0.30153 -0.01449 0.95335 -0.30264 0.00778 0.95307 0.08706 0.59779 -0.79691 0.05688 0.38274 -0.9221 -0.09869 0.39689 -0.91255 -0.08259 0.38572 -0.91891 -0.07064 0.40301 -0.91247 -0.06681 0.41362 -0.90799 -0.04794 0.40605 -0.91259 -0.01969 0.4089 -0.91237 -0.01969 0.4089 -0.91237 0.08433 0.50112 -0.86126 0.05008 0.40576 -0.9126 0.02615 0.40854 -0.91237 0.03264 0.42116 -0.9064 0.00872 0.40878 -0.91259 0.11767 0.78849 -0.60369 0.11759 0.72699 -0.6765 0.10919 0.67874 -0.72622 0.12081 0.92463 -0.3612 0.11802 0.92552 -0.35983 0.0978 0.93249 -0.3477 0.10298 0.92979 -0.35339 0.12209 0.91479 -0.38503 0.14054 0.87142 -0.46998 0.06268 0.93054 -0.36078 0.05937 0.92771 -0.36856 0.01049 0.93242 -0.36122 -0.04486 0.93159 -0.36073 -0.04486 0.93159 -0.36073 -0.14872 0.92074 -0.36073 -0.14872 0.92074 -0.36073 -0.21766 0.89139 -0.39755 -0.20905 0.90875 -0.36121 -0.19053 0.9165 -0.35176 -0.20836 0.9219 -0.32663 -0.18435 0.70413 -0.68573 -0.19344 0.75465 -0.62696 -0.17272 0.8101 -0.56028 -0.13003 0.48644 -0.86398 -0.13861 0.53944 -0.83053 -0.14207 0.58928 -0.79534 0.10439 0.80766 -0.58034 0.05204 0.81313 -0.57975 0.05204 0.81313 -0.57975 -0.03919 0.81385 -0.57975 -0.03919 0.81385 -0.57975 -0.12993 0.80437 -0.57975 -0.12993 0.80437 -0.57975 -0.18384 0.79336 -0.58032 -0.21484 0.84577 -0.48837 0.08015 0.61879 -0.78146 0.03989 0.62327 -0.78099 0.03989 0.62327 -0.78099 -0.03004 0.62382 -0.78099 -0.03004 0.62382 -0.78099 -0.09959 0.61655 -0.78099 -0.09959 0.61655 -0.78099 -0.13839 0.60842 -0.78146 -0.17191 0.65929 -0.73197 0.00328 0.06718 -0.99774 -0.0247 0.2226 -0.9746 0.01135 0.01341 -0.99985 0.005 0.0075 -0.99996 0.00935 0.03175 -0.99945 0.01592 0.03481 -0.99927 0.00343 0.05428 -0.99852 -0.04646 0.22121 -0.97412 -0.0231 0.06027 -0.99791 -0.01267 0.04902 -0.99872 -0.01472 0.02541 -0.99957 -0.01469 0.02541 -0.99957 -0.00412 0.00505 -0.99998 -0.00885 0.00862 -0.99992 -0.04396 0.22481 -0.97341 -0.01102 0.22902 -0.97336 0.02218 0.22799 -0.97341 0.02501 0.22465 -0.97412 -0.02802 0.22275 -0.97447 0.04574 0.19081 -0.98056 -0.01677 0.07323 -0.99717 0.02062 0.07454 -0.997 0.02096 0.07418 -0.99702 0.00853 0.07657 -0.99703 0.00853 0.07657 -0.99703 -0.0037 0.07696 -0.99703 -0.01584 0.0754 -0.99703 -0.01584 0.0754 -0.99703 -0.01665 0.07516 -0.99703 -0.06413 0.159 -0.98519 -0 -0 -1 -0.04294 0.29956 0.95311 -0.04769 0.29924 0.95299 -0.05515 0.29895 0.95267 -0.05355 0.29799 0.95307 -0.07308 0.29394 0.95303 -0.04423 0.29942 0.9531 -0.05325 0.29768 0.95318 -0.06375 0.28909 0.95518 0.02512 0.30135 0.95318 0.03563 0.29328 0.95536 0.01776 0.30205 0.95313 0.01051 0.30257 0.95307 0.01741 0.30222 0.95308 0.0079 0.30257 0.95309 0.0184 0.30241 0.953 0.0262 0.30286 0.95267 0.02471 0.30176 0.95306 0.04454 0.29959 0.95303 -0.0509 0.29858 0.95303 -0.0409 0.29992 0.95309 -0.03678 0.30049 0.95307 -0.01451 0.30153 0.95335 -0.01449 0.30153 0.95335 0.00778 0.30264 0.95307 0.04294 -0.29956 0.95311 0.04769 -0.29924 0.95299 0.05515 -0.29895 0.95267 0.05355 -0.29799 0.95307 0.07308 -0.29394 0.95303 0.04423 -0.29942 0.9531 0.05325 -0.29768 0.95318 0.06375 -0.28909 0.95518 -0.02512 -0.30135 0.95318 -0.03563 -0.29328 0.95536 -0.01771 -0.30206 0.95313 -0.00969 -0.3026 0.95307 -0.01537 -0.30231 0.95309 -0.00904 -0.30254 0.95309 -0.01885 -0.30244 0.95298 -0.0262 -0.30286 0.95267 -0.02471 -0.30176 0.95306 -0.04454 -0.29959 0.95303 0.0509 -0.29858 0.95303 0.0409 -0.29992 0.95309 0.03678 -0.30049 0.95307 0.01451 -0.30153 0.95335 0.01449 -0.30153 0.95335 -0.00778 -0.30264 0.95307 0.29956 0.04294 0.95311 0.29924 0.04769 0.95299 0.29895 0.05515 0.95267 0.29799 0.05355 0.95307 0.29394 0.07308 0.95303 0.29942 0.04423 0.9531 0.29768 0.05325 0.95318 0.28909 0.06375 0.95518 0.30135 -0.02512 0.95318 0.29328 -0.03563 0.95536 0.30206 -0.01771 0.95313 0.3026 -0.00969 0.95307 0.30231 -0.01537 0.95309 0.30254 -0.00904 0.95309 0.30244 -0.01885 0.95298 0.30286 -0.0262 0.95267 0.30176 -0.02471 0.95306 0.29959 -0.04454 0.95303 0.29858 0.0509 0.95303 0.29992 0.0409 0.95309 0.30049 0.03678 0.95307 0.30153 0.01451 0.95335 0.30153 0.01449 0.95335 0.30264 -0.00778 0.95307 -0.38274 0.05688 -0.9221 -0.59779 0.08706 -0.79691 -0.50112 0.08433 -0.86126 -0.72699 0.11759 -0.6765 -0.67874 0.10919 -0.72622 -0.92463 0.12081 -0.3612 -0.92639 0.11527 -0.35848 -0.93245 0.09791 -0.34778 -0.92869 0.10458 -0.35581 -0.9154 0.12158 -0.38374 -0.87214 0.14099 -0.4685 -0.78684 0.09373 -0.60999 -0.93054 0.06268 -0.36078 -0.92771 0.05937 -0.36856 -0.93242 0.01049 -0.36122 -0.93159 -0.04486 -0.36073 -0.93159 -0.04486 -0.36073 -0.92074 -0.14872 -0.36073 -0.92074 -0.14872 -0.36073 -0.89304 -0.21599 -0.39474 -0.90875 -0.20905 -0.36121 -0.9165 -0.19053 -0.35176 -0.92189 -0.20835 -0.32666 -0.70413 -0.18435 -0.68573 -0.75435 -0.19339 -0.62734 -0.80985 -0.17289 -0.56058 -0.48644 -0.13003 -0.86398 -0.53944 -0.13861 -0.83053 -0.58928 -0.14207 -0.79534 -0.40576 0.05008 -0.9126 -0.40854 0.02615 -0.91237 -0.40854 0.02615 -0.91237 -0.4089 -0.01969 -0.91237 -0.4089 -0.01969 -0.91237 -0.40414 -0.06528 -0.91237 -0.40414 -0.06528 -0.91237 -0.39689 -0.09869 -0.91255 -0.38572 -0.08259 -0.91891 -0.80593 0.11748 -0.58023 -0.81313 0.05204 -0.57975 -0.81313 0.05204 -0.57975 -0.81385 -0.03919 -0.57975 -0.81385 -0.03919 -0.57975 -0.80437 -0.12993 -0.57975 -0.80437 -0.12993 -0.57975 -0.79336 -0.18384 -0.58032 -0.84775 -0.21609 -0.48439 -0.61879 0.08015 -0.78146 -0.62327 0.03989 -0.78099 -0.62327 0.03989 -0.78099 -0.62382 -0.03004 -0.78099 -0.62382 -0.03004 -0.78099 -0.61655 -0.09959 -0.78099 -0.61655 -0.09959 -0.78099 -0.60842 -0.13839 -0.78146 -0.65929 -0.17191 -0.73197 -0.05688 -0.38274 -0.9221 -0.08706 -0.59779 -0.79691 -0.08433 -0.50112 -0.86126 -0.1176 -0.72811 -0.67529 -0.10981 -0.67998 -0.72496 -0.12081 -0.92463 -0.3612 -0.11802 -0.92552 -0.35984 -0.0978 -0.93249 -0.3477 -0.10283 -0.92987 -0.35322 -0.12202 -0.91493 -0.38472 -0.14054 -0.87142 -0.46998 -0.09373 -0.78685 -0.60999 -0.06268 -0.93054 -0.36078 -0.05937 -0.92771 -0.36856 -0.01049 -0.93242 -0.36122 0.04486 -0.93159 -0.36073 0.04486 -0.93159 -0.36073 0.14872 -0.92074 -0.36073 0.14872 -0.92074 -0.36073 0.21599 -0.89304 -0.39474 0.20905 -0.90875 -0.36121 0.19053 -0.9165 -0.35176 0.20835 -0.92189 -0.32666 0.18435 -0.70413 -0.68573 0.19339 -0.75435 -0.62734 0.17289 -0.80985 -0.56058 0.13003 -0.48644 -0.86398 0.13861 -0.53944 -0.83053 0.14207 -0.58928 -0.79534 -0.05008 -0.40576 -0.9126 -0.02615 -0.40854 -0.91237 -0.02615 -0.40854 -0.91237 0.01969 -0.4089 -0.91237 0.01969 -0.4089 -0.91237 0.06528 -0.40414 -0.91237 0.06528 -0.40414 -0.91237 0.09869 -0.39689 -0.91255 0.08259 -0.38572 -0.91891 -0.11748 -0.80593 -0.58023 -0.05204 -0.81313 -0.57975 -0.05204 -0.81313 -0.57975 0.03919 -0.81385 -0.57975 0.03919 -0.81385 -0.57975 0.12993 -0.80437 -0.57975 0.12993 -0.80437 -0.57975 0.18384 -0.79336 -0.58032 0.21609 -0.84775 -0.48439 -0.08015 -0.61879 -0.78146 -0.03989 -0.62327 -0.78099 -0.03989 -0.62327 -0.78099 0.03004 -0.62382 -0.78099 0.03004 -0.62382 -0.78099 0.09959 -0.61655 -0.78099 0.09959 -0.61655 -0.78099 0.13839 -0.60842 -0.78146 0.17191 -0.65929 -0.73197 0.59779 -0.08706 -0.79691 0.38274 -0.05688 -0.9221 0.48644 0.13002 -0.86399 0.38572 0.08259 -0.91891 0.39689 0.09869 -0.91255 0.40414 0.06528 -0.91237 0.40414 0.06528 -0.91237 0.4089 0.01969 -0.91237 0.4089 0.01969 -0.91237 0.50112 -0.08433 -0.86126 0.40576 -0.05008 -0.9126 0.40854 -0.02615 -0.91237 0.42116 -0.03264 -0.9064 0.40878 -0.00872 -0.91259 0.72699 -0.11759 -0.6765 0.67874 -0.10919 -0.72622 0.92463 -0.12081 -0.3612 0.92552 -0.11802 -0.35983 0.93249 -0.0978 -0.3477 0.92979 -0.10298 -0.35339 0.91479 -0.12209 -0.38503 0.87142 -0.14054 -0.46998 0.78684 -0.09373 -0.60999 0.93054 -0.06268 -0.36078 0.92771 -0.05937 -0.36856 0.93242 -0.01049 -0.36122 0.93159 0.04486 -0.36073 0.93159 0.04486 -0.36073 0.92074 0.14872 -0.36073 0.92074 0.14872 -0.36073 0.89304 0.21599 -0.39474 0.90875 0.20905 -0.36121 0.9165 0.19053 -0.35176 0.92189 0.20835 -0.32666 0.81045 0.17265 -0.55979 0.75435 0.19339 -0.62734 0.59482 0.12969 -0.79333 0.66043 0.17268 -0.73077 0.70526 0.18456 -0.68451 0.80593 -0.11748 -0.58023 0.81313 -0.05204 -0.57975 0.81313 -0.05204 -0.57975 0.81385 0.03919 -0.57975 0.81385 0.03919 -0.57975 0.80437 0.12993 -0.57975 0.80437 0.12993 -0.57975 0.79327 0.18424 -0.58032 0.84829 0.2161 -0.48344 0.61879 -0.08015 -0.78146 0.62327 -0.03989 -0.78099 0.62327 -0.03989 -0.78099 0.62382 0.03004 -0.78099 0.62382 0.03004 -0.78099 0.61655 0.09959 -0.78099 0.61655 0.09959 -0.78099 0.606 0.14908 -0.78137 0.5603 0.09556 -0.82276 -0.37551 -0.09336 0.9221 -0.40453 0.06013 0.91255 -0.39186 0.04518 0.91891 -0.40773 0.03339 0.91249 -0.41998 0.02692 0.90713 -0.40876 0.0105 0.91258 -0.4089 -0.01965 0.91237 -0.4089 -0.01965 0.91237 -0.49071 -0.13204 0.86126 -0.39908 -0.0888 0.9126 -0.40414 -0.06524 0.91237 -0.42007 -0.07549 0.90435 -0.40587 -0.04967 0.91258 -0.71235 -0.18683 0.6765 -0.66512 -0.17384 0.72622 -0.9188 -0.18686 0.3477 -0.91561 -0.19176 0.35339 -0.89885 -0.20934 0.38503 -0.8539 -0.22354 0.46998 -0.92462 0.12085 0.36121 -0.93076 0.05965 0.36073 -0.93076 0.05965 0.36073 -0.9316 -0.04477 0.36073 -0.9316 -0.04477 0.36073 -0.92075 -0.14864 0.36073 -0.92075 -0.14864 0.36073 -0.90876 -0.20901 0.3612 -0.90992 -0.20632 0.35983 -0.93764 0.1189 0.32663 -0.93055 0.10167 0.35176 -0.90817 0.13109 0.39755 -0.86249 0.13266 0.48838 -0.82294 0.09416 0.56028 -0.67274 0.10783 0.73198 -0.71857 0.11591 0.68572 -0.76974 0.12011 0.62696 -0.49668 0.08273 0.86398 -0.55026 0.08619 0.83053 -0.6002 0.08485 0.79534 -0.61889 0.07934 0.78146 -0.62326 0.03994 0.78099 -0.62326 0.03994 0.78099 -0.62382 -0.02998 0.78099 -0.62382 -0.02998 0.78099 -0.61656 -0.09953 0.78099 -0.61656 -0.09953 0.78099 -0.60824 -0.13918 0.78146 -0.58667 -0.14404 0.79691 -0.80735 0.10683 0.58032 -0.81313 0.05211 0.57975 -0.81313 0.05211 0.57975 -0.81386 -0.03912 0.57975 -0.81386 -0.03912 0.57975 -0.80438 -0.12985 0.57975 -0.80438 -0.12985 0.57975 -0.79391 -0.18144 0.58034 -0.77356 -0.19281 0.60368 0.10783 0.67274 0.73198 -0.09336 0.37551 0.9221 -0.18683 0.71235 0.6765 -0.17384 0.66512 0.72622 -0.18696 0.91874 0.34778 -0.19324 0.91436 0.35581 -0.2089 0.8995 0.38374 -0.22406 0.85458 0.4685 0.12085 0.92462 0.36121 0.05965 0.93076 0.36073 0.05965 0.93076 0.36073 -0.04477 0.9316 0.36073 -0.04477 0.9316 0.36073 -0.14864 0.92075 0.36073 -0.14864 0.92075 0.36073 -0.20901 0.90876 0.3612 -0.20366 0.91105 0.35848 0.11889 0.93764 0.32666 0.10167 0.93055 0.35176 0.12926 0.90965 0.39474 0.13371 0.86458 0.48439 0.11591 0.71857 0.68572 0.12008 0.76943 0.62734 0.09435 0.8227 0.56058 0.08619 0.55026 0.83053 0.08485 0.6002 0.79534 0.06013 0.40453 0.91255 0.04518 0.39186 0.91891 0.08273 0.49668 0.86398 0.03339 0.40773 0.91249 0.02692 0.41998 0.90713 0.0105 0.40876 0.91258 -0.01965 0.4089 0.91237 -0.01965 0.4089 0.91237 -0.13204 0.49071 0.86126 -0.0888 0.39908 0.9126 -0.06524 0.40414 0.91237 -0.07549 0.42007 0.90435 -0.04967 0.40587 0.91258 0.07934 0.61889 0.78146 0.03994 0.62326 0.78099 0.03994 0.62326 0.78099 -0.02998 0.62382 0.78099 -0.02998 0.62382 0.78099 -0.09953 0.61656 0.78099 -0.09953 0.61656 0.78099 -0.13918 0.60824 0.78146 -0.14404 0.58667 0.79691 0.10683 0.80735 0.58032 0.05211 0.81313 0.57975 0.05211 0.81313 0.57975 -0.03912 0.81386 0.57975 -0.03912 0.81386 0.57975 -0.12985 0.80438 0.57975 -0.12985 0.80438 0.57975 -0.18144 0.79391 0.58034 -0.19281 0.77356 0.60368 0.37551 0.09336 0.9221 0.71346 0.18695 0.67529 0.6663 0.17457 0.72496 0.9188 0.18686 0.3477 0.91571 0.19162 0.35322 0.899 0.20928 0.38471 0.8539 0.22354 0.46998 0.92462 -0.12085 0.36121 0.93076 -0.05965 0.36073 0.93076 -0.05965 0.36073 0.9316 0.04477 0.36073 0.9316 0.04477 0.36073 0.92075 0.14864 0.36073 0.92075 0.14864 0.36073 0.90876 0.20901 0.3612 0.90992 0.20632 0.35983 0.93764 -0.11889 0.32666 0.93055 -0.10167 0.35176 0.90965 -0.12926 0.39474 0.86458 -0.13371 0.48439 0.8227 -0.09435 0.56058 0.67274 -0.10783 0.73198 0.71857 -0.11591 0.68572 0.76943 -0.12008 0.62734 0.55026 -0.08619 0.83053 0.6002 -0.08485 0.79534 0.40453 -0.06013 0.91255 0.39186 -0.04518 0.91891 0.49668 -0.08273 0.86398 0.40773 -0.03339 0.91249 0.41998 -0.02692 0.90713 0.40876 -0.0105 0.91258 0.4089 0.01965 0.91237 0.4089 0.01965 0.91237 0.49071 0.13204 0.86126 0.39908 0.0888 0.9126 0.40414 0.06524 0.91237 0.42007 0.07549 0.90435 0.40587 0.04967 0.91258 0.61889 -0.07934 0.78146 0.62326 -0.03994 0.78099 0.62326 -0.03994 0.78099 0.62382 0.02998 0.78099 0.62382 0.02998 0.78099 0.61656 0.09953 0.78099 0.61656 0.09953 0.78099 0.60824 0.13918 0.78146 0.58667 0.14404 0.79691 0.80735 -0.10683 0.58032 0.81313 -0.05211 0.57975 0.81313 -0.05211 0.57975 0.81386 0.03912 0.57975 0.81386 0.03912 0.57975 0.80438 0.12985 0.57975 0.80438 0.12985 0.57975 0.79391 0.18144 0.58034 0.77356 0.19281 0.60368 0.09336 -0.37551 0.9221 -0.06013 -0.40453 0.91255 -0.04518 -0.39186 0.91891 -0.08273 -0.49667 0.86399 -0.03339 -0.40773 0.91249 -0.02692 -0.41998 0.90713 -0.0105 -0.40876 0.91258 0.01965 -0.4089 0.91237 0.01965 -0.4089 0.91237 0.13204 -0.49071 0.86126 0.0888 -0.39908 0.9126 0.06524 -0.40414 0.91237 0.07549 -0.42007 0.90435 0.04967 -0.40587 0.91258 0.18683 -0.71235 0.6765 0.17384 -0.66512 0.72622 0.18686 -0.9188 0.3477 0.19176 -0.91561 0.35339 0.20934 -0.89885 0.38503 0.22354 -0.8539 0.46998 -0.12085 -0.92462 0.36121 -0.05965 -0.93076 0.36073 -0.05965 -0.93076 0.36073 0.04477 -0.9316 0.36073 0.04477 -0.9316 0.36073 0.14864 -0.92075 0.36073 0.14864 -0.92075 0.36073 0.20901 -0.90876 0.3612 0.20632 -0.90992 0.35983 -0.11889 -0.93764 0.32666 -0.10167 -0.93055 0.35176 -0.12926 -0.90965 0.39474 -0.13367 -0.86511 0.48344 -0.09405 -0.82328 0.55979 -0.12008 -0.76943 0.62734 -0.04133 -0.56689 0.82276 -0.07199 -0.60452 0.79333 -0.10848 -0.67395 0.73077 -0.116 -0.71972 0.68451 -0.09022 -0.61751 0.78137 -0.03994 -0.62326 0.78099 -0.03994 -0.62326 0.78099 0.02998 -0.62382 0.78099 0.02998 -0.62382 0.78099 0.09953 -0.61656 0.78099 0.09953 -0.61656 0.78099 0.13918 -0.60824 0.78146 0.14404 -0.58667 0.79691 -0.10724 -0.8073 0.58032 -0.05211 -0.81313 0.57975 -0.05211 -0.81313 0.57975 0.03912 -0.81386 0.57975 0.03912 -0.81386 0.57975 0.12985 -0.80438 0.57975 0.12985 -0.80438 0.57975 0.18144 -0.79391 0.58034 0.19281 -0.77356 0.60368 -0.06718 0.00328 -0.99774 -0.2226 -0.0247 -0.9746 -0.22121 -0.04646 -0.97412 -0.06027 -0.0231 -0.99791 -0.04902 -0.01267 -0.99872 -0.02541 -0.01472 -0.99957 -0.02541 -0.01469 -0.99957 -0.00505 -0.00412 -0.99998 -0.00862 -0.00885 -0.99992 -0.01341 0.01135 -0.99985 -0.0075 0.005 -0.99996 -0.03175 0.00935 -0.99945 -0.03481 0.01592 -0.99927 -0.05428 0.00343 -0.99852 -0.22481 -0.04396 -0.97341 -0.22902 -0.01102 -0.97336 -0.22799 0.02218 -0.97341 -0.22465 0.02501 -0.97412 -0.22275 -0.02802 -0.97447 -0.19081 0.04574 -0.98056 -0.07323 -0.01677 -0.99717 -0.07454 0.02062 -0.997 -0.07418 0.02096 -0.99702 -0.07657 0.00853 -0.99703 -0.07657 0.00853 -0.99703 -0.07696 -0.0037 -0.99703 -0.0754 -0.01584 -0.99703 -0.0754 -0.01584 -0.99703 -0.07516 -0.01665 -0.99703 -0.159 -0.06413 -0.98519 0.06678 -0.00391 -0.99776 0.22179 0.02297 -0.97482 0.01267 -0.01063 -0.99986 0.00751 -0.00491 -0.99996 0.03268 -0.01041 -0.99941 0.03489 -0.01563 -0.99927 0.05491 -0.00421 -0.99848 0.22076 0.04724 -0.97418 0.06014 0.02325 -0.99792 0.0489 0.01248 -0.99873 0.02539 0.01477 -0.99957 0.02535 0.01462 -0.99957 0.00506 0.00413 -0.99998 0.00865 0.00888 -0.99992 0.22468 0.04443 -0.97342 0.22896 0.0121 -0.97336 0.22896 0.0121 -0.97336 0.22808 -0.02159 -0.9734 0.22538 -0.02381 -0.97398 0.22564 0.02307 -0.97394 0.1904 -0.04511 -0.98067 0.07485 0.01463 -0.99709 0.07478 -0.02015 -0.997 0.07429 -0.02059 -0.99702 0.07662 -0.00809 -0.99703 0.07662 -0.00809 -0.99703 0.07693 0.00406 -0.99703 0.07694 0.00406 -0.99703 0.07534 0.01612 -0.99703 0.07534 0.01612 -0.99703 0.07522 0.01652 -0.99703 0.15938 0.06481 -0.98509 -0.00328 -0.06718 -0.99774 0.0247 -0.2226 -0.9746 0.04646 -0.22121 -0.97412 0.0231 -0.06027 -0.99791 0.01267 -0.04902 -0.99872 0.01472 -0.02541 -0.99957 0.01469 -0.02541 -0.99957 0.00412 -0.00505 -0.99998 0.00885 -0.00862 -0.99992 -0.01135 -0.01341 -0.99985 -0.005 -0.0075 -0.99996 -0.00935 -0.03175 -0.99945 -0.01592 -0.03481 -0.99927 -0.00343 -0.05428 -0.99852 0.04396 -0.22481 -0.97341 0.01102 -0.22902 -0.97336 -0.02218 -0.22799 -0.97341 -0.02501 -0.22465 -0.97412 0.02802 -0.22275 -0.97447 -0.04574 -0.19081 -0.98056 0.01677 -0.07323 -0.99717 -0.02062 -0.07454 -0.997 -0.02096 -0.07418 -0.99702 -0.00853 -0.07657 -0.99703 -0.00853 -0.07657 -0.99703 0.0037 -0.07696 -0.99703 0.01584 -0.0754 -0.99703 0.01584 -0.0754 -0.99703 0.01665 -0.07516 -0.99703 0.06413 -0.159 -0.98519 0.01378 0.3024 -0.95308 0.0183 0.30275 -0.95289 0.02539 0.30354 -0.95248 0.02339 0.30188 -0.95306 0.04452 0.2996 -0.95302 0.01463 0.30215 -0.95315 0.01949 0.30134 -0.95332 0.02885 0.29662 -0.95456 -0.05211 0.29707 -0.95343 -0.05654 0.28912 -0.95562 -0.04571 0.29878 -0.95323 -0.03921 0.30025 -0.95305 -0.04109 0.29988 -0.95309 -0.03849 0.30012 -0.95313 -0.0473 0.2996 -0.95289 -0.05441 0.2997 -0.95248 -0.05228 0.29825 -0.95305 -0.07309 0.29393 -0.95303 0.01853 0.30249 -0.95297 0.0116 0.30246 -0.95309 0.00646 0.30267 -0.95307 -0.01452 0.30192 -0.95322 -0.01454 0.30192 -0.95322 -0.03549 0.30065 -0.95307 -0.30316 0.0121 -0.95286 -0.30417 0.01637 -0.95248 -0.30588 0.02256 -0.9518 -0.3023 0.01935 -0.95302 -0.2996 0.04452 -0.95302 -0.30215 0.01463 -0.95315 -0.30134 0.01949 -0.95332 -0.29662 0.02885 -0.95456 -0.30043 -0.03686 -0.95309 -0.28912 -0.05654 -0.95562 -0.29707 -0.05211 -0.95343 -0.29876 -0.04577 -0.95323 -0.30107 -0.0448 -0.95255 -0.30229 -0.05183 -0.95181 -0.29906 -0.04831 -0.95301 -0.29393 -0.07309 -0.95303 -0.30319 0.01232 -0.95285 -0.30275 0.00886 -0.95303 -0.30192 -0.01454 -0.95322 -0.30193 -0.01452 -0.95322 -0.30048 -0.03812 -0.95303 -0.30016 -0.03976 -0.95306 0.3024 -0.01378 -0.95308 0.30275 -0.0183 -0.95289 0.30354 -0.02539 -0.95248 0.30188 -0.02339 -0.95306 0.2996 -0.04452 -0.95302 0.30207 -0.01425 -0.95318 0.30115 -0.01903 -0.95339 0.29623 -0.02804 -0.95471 0.28938 0.05723 -0.9555 0.29723 0.05261 -0.95335 0.29884 0.04603 -0.95319 0.30025 0.03921 -0.95305 0.30114 0.04521 -0.95251 0.30229 0.05183 -0.95181 0.29906 0.04831 -0.95301 0.29393 0.07309 -0.95303 0.30249 -0.01853 -0.95297 0.30246 -0.01112 -0.9531 0.30269 -0.00646 -0.95307 0.30209 0.01596 -0.95315 0.30174 0.01453 -0.95328 0.30049 0.03791 -0.95303 0.30047 0.03748 -0.95306 -0.0121 -0.30316 -0.95286 -0.01637 -0.30417 -0.95248 -0.02256 -0.30588 -0.9518 -0.01935 -0.3023 -0.95302 -0.04452 -0.2996 -0.95302 -0.01463 -0.30215 -0.95315 -0.01949 -0.30134 -0.95332 -0.02885 -0.29662 -0.95456 0.05654 -0.28912 -0.95562 0.05211 -0.29707 -0.95343 0.04571 -0.29878 -0.95323 0.03748 -0.30047 -0.95306 0.04521 -0.30114 -0.95251 0.05183 -0.30229 -0.95181 0.04831 -0.29906 -0.95301 0.07309 -0.29393 -0.95303 -0.01232 -0.30319 -0.95285 -0.00886 -0.30275 -0.95303 0.01454 -0.30192 -0.95322 0.01452 -0.30193 -0.95322 0.038 -0.30049 -0.95303 0.03921 -0.30025 -0.95305 0.97455 0.22419 -0 0.97456 0.22414 1E-05 0.9872 0.15946 -6E-05 0.98722 0.15937 6E-05 0.99884 0.0481 -6E-05 0.99885 0.04801 6E-05 0.99157 -0.1296 -0 0.99157 -0.12956 -1E-05 0.99795 -0.06396 6E-05 0.99773 -0.06721 0.00409 0.99994 -0.01125 -0 -0.67231 -0.74027 0 -0.62814 -0.7781 0 -0.54878 -0.83597 -0.0016 -0.44358 -0.89623 0.00171 -0.25783 -0.96619 -0.00172 -0.1197 -0.99281 0.00207 0.07456 -0.99721 -0.00193 0.23109 -0.97293 0.00198 0.32236 -0.94662 0 -0.97319 0.23 0 -0.99062 0.13663 -0.00198 -0.99977 -0.02151 0.00193 -0.97673 -0.21445 -0.00207 -0.93698 -0.34939 0.00172 -0.84951 -0.52757 -0.00171 -0.77943 -0.62649 0.0016 -0.71421 -0.69993 0 -0.46772 0.88388 0.00076 -0.93994 -0.33938 -0.03664 -0.76889 -0.63938 0 -0.75949 -0.65051 -0.00246 -0.87083 -0.49158 0.00101 -0.87144 -0.49049 0.00109 -0.93819 -0.34612 -0.00187 -0.99057 -0.1352 0.02201 -0.9994 0.03476 -1E-05 -0.99831 0.05815 0.00031 -0.97823 0.2075 -0.00139 -0.91925 0.39352 0.01153 -0.96224 0.27219 -0.00221 -0.81504 0.57941 0.00176 -0.64434 0.76474 -0.00061 -0.67932 0.73383 -0.00469 -0.84398 0.53632 0.00746 -0.26915 0.9631 -0 -0.29959 0.95407 -0.0015 -0.40406 0.91473 0.00304 -0.54785 0.8365 -0.01165 -0.73215 -0.68114 0 -0.78145 -0.62393 0.00664 -0.84916 -0.52813 -0.00304 -0.93587 -0.35231 0.00486 -0.93486 -0.35499 0.00524 -0.99433 -0.10609 -0.00754 -0.97766 -0.20993 0.01024 -0.99035 -0.13861 4E-05 -0.98274 -0.18486 -0.00653 -0.96213 -0.27185 -0.02001 -0.22419 0.97455 -0 -0.22414 0.97456 1E-05 -0.15946 0.9872 -6E-05 -0.15937 0.98722 6E-05 -0.0481 0.99884 -6E-05 -0.04801 0.99885 6E-05 0.1296 0.99157 -0 0.12956 0.99157 -1E-05 0.06396 0.99795 6E-05 0.06721 0.99773 0.00409 0.01125 0.99994 -0 0.74027 -0.67231 0 0.7781 -0.62814 0 0.84534 -0.53422 -0.00188 0.89627 -0.44352 0.00145 0.97389 -0.22703 -0.00142 0.99281 -0.11966 0.00193 0.99462 0.10355 -0.00182 0.97292 0.23112 0.00186 0.94174 0.33634 -0 0.64968 0.7602 -0 0.48787 0.87292 -0 0.59974 0.80016 -0.00767 0.612 0.79085 -0.00374 0.56011 0.82842 0 0.77677 0.62979 0 0.72846 0.68509 -0.00155 0.74932 0.66212 -0.01063 0.69889 0.71523 -0 0.82205 0.56941 -0 0.79656 0.60456 -0 0.82819 0.56041 -0.00585 0.78713 0.61671 0.00983 0.85264 0.52239 -0.01067 0.82252 0.56872 0.00355 0.88222 0.47083 -0.0031 0.86641 0.49932 0.00421 0.90888 0.41705 -0.00284 0.9017 0.43237 -0 0.34133 0.93995 -0 0.34364 0.9391 0.00039 0.41039 0.91191 -0.0004 0.39994 0.91654 -0.0021 0.48714 0.87332 0.00355 0.44647 0.89476 -0.00828 0.53832 0.84272 0.00619 0.49546 0.86863 -0.00299 0.5339 0.84555 -0 0.23 0.97319 -0 0.13663 0.99062 -0.00198 -0.02151 0.99977 0.00193 -0.21445 0.97673 -0.00207 -0.34939 0.93698 0.00172 -0.52757 0.84951 -0.00171 -0.62649 0.77943 0.0016 -0.69993 0.71421 -0 0.88386 0.46774 0.00073 -0.33726 0.94065 -0.0379 -0.63938 0.76889 -0 -0.65051 0.75949 -0.00246 -0.48682 0.8735 0.00111 -0.49021 0.87161 0.00083 -0.34132 0.93995 -0.00131 -0.13179 0.99103 0.02239 0.0386 0.99925 -1E-05 0.06199 0.99808 0.00027 0.20644 0.97846 -0.00138 0.3948 0.91869 0.01159 0.2718 0.96235 -0.00257 0.57713 0.81665 0.00194 0.76293 0.64648 -0.0006 0.73957 0.67307 -0.00379 0.5484 0.8362 0.00561 0.96422 0.2651 -0 0.95407 0.29959 -0.0015 0.92173 0.38781 0.00283 0.84524 0.53431 -0.00952 -0.68114 0.73215 -0 -0.62393 0.78145 0.00664 -0.52812 0.84916 -0.00304 -0.35231 0.93587 0.00486 -0.35499 0.93486 0.00524 -0.10241 0.99471 -0.00772 -0.20668 0.97835 0.01064 -0.13478 0.99088 5E-05 -0.1813 0.9834 -0.00675 -0.26939 0.96281 -0.0208 0.97319 -0.23 -0 0.99062 -0.13663 -0.00198 0.99977 0.02151 0.00193 0.97673 0.21445 -0.00207 0.93698 0.34939 0.00172 0.84951 0.52757 -0.00171 0.77943 0.62649 0.0016 0.71421 0.69993 -0 0.46784 -0.88381 0.00087 0.93994 0.33938 -0.03664 0.76889 0.63938 -0 0.75949 0.65051 -0.00246 0.87083 0.49158 0.00101 0.87144 0.49049 0.00109 0.93819 0.34612 -0.00187 0.99057 0.1352 0.02201 0.9994 -0.03476 -1E-05 0.99831 -0.05815 0.00031 0.97846 -0.20644 -0.00138 0.91962 -0.39264 0.01143 0.96224 -0.27219 -0.00221 0.8168 -0.57692 0.00173 0.64742 -0.76213 -0.00071 0.67307 -0.73957 -0.00379 0.83765 -0.54618 0.00571 0.26509 -0.96422 0 0.29959 -0.95407 -0.0015 0.38782 -0.92173 0.00283 0.53534 -0.84458 -0.00961 0.73215 0.68114 -0 0.78145 0.62393 0.00664 0.84916 0.52813 -0.00304 0.93587 0.35231 0.00486 0.93486 0.35499 0.00524 0.99433 0.10609 -0.00754 0.97766 0.20993 0.01024 0.99035 0.13861 4E-05 0.98274 0.18486 -0.00653 0.96213 0.27185 -0.02001 0.22419 -0.97455 0 0.22414 -0.97456 1E-05 0.15946 -0.9872 -6E-05 0.15937 -0.98722 6E-05 0.0481 -0.99884 -6E-05 0.04801 -0.99885 6E-05 -0.1296 -0.99157 0 -0.12956 -0.99157 -1E-05 -0.06396 -0.99795 6E-05 -0.06721 -0.99773 0.00409 -0.01125 -0.99994 -0 -0.74027 0.67231 -0 -0.7781 0.62814 -0 -0.83597 0.54878 -0.0016 -0.89623 0.44358 0.00171 -0.96619 0.25783 -0.00172 -0.99281 0.1197 0.00207 -0.99721 -0.07456 -0.00193 -0.97293 -0.23109 0.00198 -0.94662 -0.32236 0 -0.24438 -0.96968 0 -0.13666 -0.99062 -0.00186 -0.0076 -0.99997 0.00182 0.21441 -0.97674 -0.00193 0.31946 -0.9476 0.00142 0.5275 -0.84955 -0.00145 0.6129 -0.79016 0.00188 0.69993 -0.71421 0 -0.7602 0.64968 -0 -0.87292 0.48787 -0 -0.80016 0.59974 -0.00767 -0.79085 0.612 -0.00374 -0.82842 0.56011 0 -0.62979 0.77677 0 -0.68509 0.72846 -0.00155 -0.66212 0.74932 -0.01063 -0.71523 0.69889 -0 -0.56941 0.82205 -0 -0.60456 0.79656 -0 -0.56041 0.82819 -0.00585 -0.61671 0.78713 0.00983 -0.52239 0.85264 -0.01067 -0.56872 0.82252 0.00355 -0.47083 0.88222 -0.0031 -0.49932 0.86641 0.00421 -0.41705 0.90888 -0.00284 -0.43237 0.9017 -0 -0.93995 0.34133 0 -0.9391 0.34364 0.00039 -0.91191 0.41039 -0.0004 -0.91654 0.39994 -0.0021 -0.87332 0.48714 0.00355 -0.89476 0.44647 -0.00828 -0.84272 0.53832 0.00619 -0.86863 0.49546 -0.00299 -0.84555 0.5339 -0 -0.88381 -0.46784 0.00087 0.33938 -0.93994 -0.03664 0.63938 -0.76889 0 0.65051 -0.75949 -0.00246 0.49158 -0.87083 0.00101 0.49049 -0.87144 0.00109 0.34612 -0.93819 -0.00187 0.1352 -0.99057 0.02201 -0.03476 -0.9994 -1E-05 -0.05815 -0.99831 0.00031 -0.20644 -0.97846 -0.00138 -0.39264 -0.91962 0.01143 -0.27219 -0.96224 -0.00221 -0.57692 -0.8168 0.00173 -0.76213 -0.64742 -0.00071 -0.73957 -0.67307 -0.00379 -0.54618 -0.83765 0.00571 -0.96422 -0.26509 0 -0.95407 -0.29959 -0.0015 -0.92173 -0.38782 0.00283 -0.84458 -0.53534 -0.00961 0.68114 -0.73215 0 0.62393 -0.78145 0.00664 0.52813 -0.84916 -0.00304 0.35231 -0.93587 0.00486 0.35499 -0.93486 0.00524 0.10609 -0.99433 -0.00754 0.20993 -0.97766 0.01024 0.13861 -0.99035 4E-05 0.18486 -0.98274 -0.00653 0.27185 -0.96213 -0.02001 0.62814 0.7781 -0 0.54878 0.83597 -0.0016 0.44358 0.89623 0.00171 0.25783 0.96619 -0.00172 0.1197 0.99281 0.00207 -0.07456 0.99721 -0.00193 -0.23109 0.97293 0.00198 -0.32236 0.94662 -0 -0.97455 -0.22419 0 -0.97456 -0.22414 1E-05 -0.9872 -0.15946 -6E-05 -0.98722 -0.15937 6E-05 -0.99884 -0.0481 -6E-05 -0.99885 -0.04801 6E-05 -0.99157 0.1296 0 -0.99157 0.12956 -1E-05 -0.99795 0.06396 6E-05 -0.99773 0.06721 0.00409 -0.99994 0.01125 -0 0.67231 0.74027 -0 0.38084 0.92464 -0.00087 0.96817 -0.24759 0.03664 0.82671 -0.56262 0 0.81843 -0.5746 0.00246 0.914 -0.40571 -0.00101 0.9145 -0.40458 -0.00109 0.96708 -0.25446 0.00187 0.99898 -0.03949 -0.02201 0.99144 0.13053 1E-05 0.98811 0.15372 -0.00031 0.95412 0.29942 0.00138 0.87768 0.47911 -0.01143 0.93167 0.3633 0.00221 0.75765 0.65266 -0.00173 0.57127 0.82076 0.00071 0.59896 0.80077 0.00379 0.78135 0.62407 -0.00571 0.17131 0.98522 -0 0.20662 0.97842 0.0015 0.29754 0.9547 -0.00283 0.45179 0.89207 0.00961 0.79415 -0.60772 0 0.83774 -0.54603 -0.00664 0.89594 -0.44417 0.00304 0.96537 -0.26084 -0.00486 0.96462 -0.26361 -0.00524 0.99992 -0.01015 0.00754 0.9933 -0.11511 -0.01024 0.99908 -0.0429 -4E-05 0.99595 -0.08967 0.00653 0.98378 -0.17824 0.02001 0.17401 0.1916 -0.96593 -0.17401 -0.1916 -0.96593 -0.4754 -0.52345 -0.70711 -0.6494 -0.71504 -0.25882 -0.6494 -0.71504 0.25882 -0.4754 -0.52345 0.70711 -0.17401 -0.1916 0.96593 0.16608 0.18287 0.96901 0.16509 0.19967 0.96586 0.59767 0.6581 -0.45793 0.53803 0.5924 -0.59965 0.42728 0.56521 -0.70567 0.41349 0.44507 -0.79432 0.15674 0.19133 -0.96893 0.62354 0.73739 -0.25972 0.6232 0.73805 -0.25866 0.67133 0.73916 -0.05437 0.66877 0.73641 0.10224 0.6107 0.74849 0.25848 0.62882 0.68874 0.36086 0.48511 0.51454 0.70705 0.25508 0.53407 0.80604 0.51233 0.56806 0.64407 -0.92469 0.38071 -0.00076 0.56262 0.82671 -0 0.5746 0.81843 0.00246 0.40571 0.914 -0.00101 0.40458 0.9145 -0.00109 0.30876 0.95114 0.00082 0.25348 0.96733 0.00321 0.03259 0.99936 -0.01453 -0.13053 0.99144 1E-05 -0.15372 0.98811 -0.00031 -0.30044 0.9538 0.00139 -0.47994 0.87723 -0.01153 -0.3633 0.93167 0.00221 -0.65497 0.75565 -0.00176 -0.82306 0.56796 0.00061 -0.79565 0.60574 0.00469 -0.61486 0.7886 -0.00746 -0.98449 0.17546 0 -0.97842 0.20662 0.0015 -0.94929 0.31439 -0.00304 -0.88522 0.46502 0.01165 0.60772 0.79415 -0 0.54603 0.83774 -0.00664 0.44417 0.89594 0.00304 0.26084 0.96537 -0.00486 0.26361 0.96462 -0.00524 0.01015 0.99992 0.00754 0.11511 0.9933 -0.01024 0.0429 0.99908 -4E-05 0.08967 0.99595 0.00653 0.17824 0.98378 0.02001 -0.1916 0.17401 -0.96593 0.1916 -0.17401 -0.96593 0.52345 -0.4754 -0.70711 0.71504 -0.6494 -0.25882 0.71504 -0.6494 0.25882 0.52345 -0.4754 0.70711 0.1916 -0.17401 0.96593 -0.18287 0.16608 0.96901 -0.19967 0.16509 0.96586 -0.6581 0.59767 -0.45793 -0.5924 0.53802 -0.59966 -0.56521 0.42728 -0.70567 -0.44507 0.41349 -0.79432 -0.19133 0.15674 -0.96893 -0.73739 0.62354 -0.25972 -0.73805 0.6232 -0.25866 -0.73916 0.67133 -0.05437 -0.73641 0.66877 0.10225 -0.74849 0.6107 0.25848 -0.68873 0.62883 0.36087 -0.51454 0.48511 0.70705 -0.53407 0.25508 0.80604 -0.56806 0.51233 0.64407 -0.38074 -0.92468 -0.00073 -0.82671 0.56262 -0 -0.81843 0.5746 0.00246 -0.9162 0.40072 -0.00111 -0.91464 0.40428 -0.00083 -0.95096 0.30931 0.0005 -0.96865 0.24843 0.00279 -0.99947 0.02904 -0.01481 -0.99093 -0.13434 1E-05 -0.98752 -0.15751 -0.00027 -0.95412 -0.29942 0.00138 -0.87655 -0.48117 -0.01159 -0.93181 -0.36293 0.00257 -0.75747 -0.65286 -0.00194 -0.57025 -0.82147 0.0006 -0.59896 -0.80077 0.00379 -0.7797 -0.62613 -0.00561 -0.17131 -0.98522 0 -0.20662 -0.97842 0.0015 -0.29754 -0.95471 -0.00283 -0.4507 -0.89262 0.00952 -0.79415 0.60772 -0 -0.83774 0.54603 -0.00664 -0.89594 0.44417 0.00304 -0.96537 0.26084 -0.00486 -0.96462 0.26361 -0.00524 -0.99995 0.00646 0.00772 -0.99367 0.11181 -0.01064 -0.99924 0.03904 -5E-05 -0.99627 0.08607 0.00675 -0.98422 0.17572 0.0208 0.4754 0.52345 -0.70711 0.6494 0.71504 -0.25882 0.6494 0.71504 0.25882 0.4754 0.52345 0.70711 0.17401 0.1916 0.96593 -0.16608 -0.18287 0.96901 -0.16509 -0.19967 0.96586 -0.59767 -0.6581 -0.45793 -0.53802 -0.5924 -0.59966 -0.42728 -0.56521 -0.70567 -0.41349 -0.44507 -0.79432 -0.15674 -0.19133 -0.96893 -0.62354 -0.73739 -0.25972 -0.6232 -0.73805 -0.25866 -0.67133 -0.73916 -0.05437 -0.66877 -0.73641 0.10225 -0.6107 -0.74849 0.25848 -0.62883 -0.68873 0.36087 -0.48511 -0.51454 0.70705 -0.25508 -0.53407 0.80604 -0.51233 -0.56806 0.64407 0.92464 -0.38084 -0.00087 -0.56262 -0.82671 0 -0.5746 -0.81843 0.00246 -0.40571 -0.914 -0.00101 -0.40458 -0.9145 -0.00109 -0.30876 -0.95114 0.00082 -0.25348 -0.96733 0.00321 -0.03259 -0.99936 -0.01453 0.13053 -0.99144 1E-05 0.15372 -0.98811 -0.00031 0.29942 -0.95412 0.00138 0.47911 -0.87768 -0.01143 0.3633 -0.93167 0.00221 0.65266 -0.75765 -0.00173 0.82076 -0.57127 0.00071 0.80077 -0.59896 0.00379 0.62407 -0.78135 -0.00571 0.98522 -0.17131 -0 0.97842 -0.20662 0.0015 0.9547 -0.29754 -0.00283 0.89207 -0.45179 0.00961 -0.60772 -0.79415 0 -0.54603 -0.83774 -0.00664 -0.44417 -0.89594 0.00304 -0.26084 -0.96537 -0.00486 -0.26361 -0.96462 -0.00524 -0.01015 -0.99992 0.00754 -0.11511 -0.9933 -0.01024 -0.0429 -0.99908 -4E-05 -0.08967 -0.99595 0.00653 -0.17824 -0.98378 0.02001 -0.52345 0.4754 -0.70711 -0.71504 0.6494 -0.25882 -0.71504 0.6494 0.25882 -0.52345 0.4754 0.70711 -0.1916 0.17401 0.96593 0.18287 -0.16608 0.96901 0.19967 -0.16509 0.96586 0.6581 -0.59767 -0.45793 0.5924 -0.53802 -0.59966 0.56521 -0.42728 -0.70567 0.44507 -0.41349 -0.79432 0.19133 -0.15674 -0.96893 0.73739 -0.62354 -0.25972 0.73805 -0.6232 -0.25866 0.73916 -0.67133 -0.05437 0.73641 -0.66877 0.10225 0.74849 -0.6107 0.25848 0.68873 -0.62883 0.36087 0.51454 -0.48511 0.70705 0.53407 -0.25508 0.80604 0.56806 -0.51233 0.64407 0.1829 0.18349 0.96586 0.40332 0.4543 0.79432 0.52158 0.47956 0.70567 0.53802 0.59241 0.59966 0.67482 0.69117 0.25866 0.67413 0.69144 0.25972 0.59769 0.65808 0.45793 0.68641 0.67973 -0.25848 0.66881 0.73637 -0.10225 0.67131 0.73918 0.05437 0.50712 0.30516 -0.80604 0.51626 0.5645 -0.64407 0.62519 0.69204 -0.36087 0.16608 0.18287 -0.96901 0.1829 0.18349 -0.96586 0.4656 0.53226 -0.70705 -0.65051 0.22007 -0.72692 -0.68226 0.087 -0.72591 -0.73509 0.02836 -0.67738 -0.78853 0.04183 -0.61357 -0.79403 -0.03691 -0.60676 -0.83762 -0.08381 -0.53979 -0.88459 -0.07691 -0.45999 -0.88257 -0.1356 -0.4502 -0.93952 -0.20094 -0.27735 -0.93952 -0.20094 -0.27735 -0.9692 -0.23127 -0.08459 -0.98072 -0.18766 -0.0546 -0.9723 -0.23201 0.0282 -0.96003 -0.22351 0.16851 -0.98515 -0.13028 0.11184 -0.95042 -0.20856 0.23066 -0.92974 -0.18563 0.31801 -0.92454 -0.11086 0.3646 -0.89558 -0.14917 0.41914 -0.86145 -0.10987 0.49581 -0.83574 -0.03374 0.54809 -0.81107 -0.05745 0.58212 -0.70417 0.05821 0.70765 -0.62529 0.23849 0.74306 -0.56508 0.21135 0.7975 -0.70417 0.05821 0.70765 -0.51693 0.26917 0.81261 -0.45476 0.33684 0.82446 -0.45312 0.41152 0.79078 -0.37894 0.42033 0.82446 -0.31755 0.48871 0.81261 -0.30422 0.56624 0.76605 -0.24295 0.56894 0.78568 -0.12554 0.69533 0.70765 -0.12554 0.69533 0.70765 -0.02067 0.81284 0.58212 -0.04664 0.83512 0.54809 0.02667 0.86802 0.49581 0.07954 0.92113 0.38103 -0.02321 0.91993 0.39141 0.13313 0.98374 0.12053 0.06865 0.98456 0.16104 0.11636 0.96605 0.23066 0.09552 0.94326 0.31802 0.13717 0.98693 -0.08459 0.10982 0.95447 -0.27735 0.10982 0.95447 -0.27735 0.05026 0.89151 -0.4502 -0.00836 0.88789 -0.45999 0.00302 0.8418 -0.53979 -0.06345 0.76369 -0.64246 -0.13156 0.81838 -0.55942 -0.0988 0.72897 -0.67738 -0.15209 0.67076 -0.72591 -0.23756 0.64298 -0.72811 -0.63669 0.13251 -0.75965 -0.49067 0.29328 -0.8205 -0.49067 0.29328 -0.8205 -0.33903 0.46025 -0.8205 -0.33903 0.46025 -0.8205 -0.22009 0.59436 -0.7735 -0.25153 0.96126 0.11273 -0.25153 0.96126 0.11273 -0.2855 0.92386 0.25491 -0.2855 0.92386 0.25491 -0.34401 0.85944 0.37818 -0.34401 0.85944 0.37818 -0.4227 0.77279 0.47341 -0.4227 0.77279 0.47341 -0.51575 0.67034 0.53353 -0.61625 0.55968 0.55407 -0.71675 0.44902 0.53353 -0.71675 0.44902 0.53353 -0.8098 0.34656 0.47341 -0.8098 0.34656 0.47341 -0.88849 0.25992 0.37818 -0.88849 0.25992 0.37818 -0.947 0.1955 0.25491 -0.947 0.1955 0.25491 -0.98097 0.15809 0.11273 -0.98097 0.15809 0.11273 -0.98789 0.15047 -0.03781 -0.98789 0.15047 -0.03781 -0.96725 0.1732 -0.18555 -0.96725 0.1732 -0.18555 -0.92058 0.22459 -0.31952 -0.92058 0.22459 -0.31952 -0.85134 0.30083 -0.4298 -0.85134 0.30083 -0.4298 -0.76466 0.39627 -0.5082 -0.76466 0.39627 -0.5082 -0.66697 0.50383 -0.54891 -0.66697 0.50383 -0.54891 -0.56553 0.61553 -0.54891 -0.56553 0.61553 -0.54891 -0.46784 0.72309 -0.5082 -0.46784 0.72309 -0.5082 -0.38116 0.81853 -0.4298 -0.38116 0.81853 -0.4298 -0.31192 0.89477 -0.31952 -0.31192 0.89477 -0.31952 -0.26525 0.94616 -0.18555 -0.26525 0.94616 -0.18555 -0.5851 0.81068 -0.02125 -0.5965 0.80258 0.0066 -0.59783 0.80064 0.03964 -0.59783 0.80064 0.03964 -0.60977 0.78749 0.08964 -0.60977 0.78749 0.08964 -0.63035 0.76484 0.13299 -0.63035 0.76484 0.13299 -0.65802 0.73437 0.16648 -0.65802 0.73437 0.16648 -0.69074 0.69834 0.18761 -0.69074 0.69834 0.18761 -0.72608 0.65943 0.19484 -0.76142 0.62051 0.18761 -0.76142 0.62051 0.18761 -0.79414 0.58449 0.16648 -0.79414 0.58449 0.16648 -0.82182 0.55402 0.13299 -0.82182 0.55402 0.13299 -0.84239 0.53136 0.08964 -0.85433 0.51821 0.03964 -0.85433 0.51821 0.03964 -0.85677 0.51553 -0.0133 -0.85677 0.51553 -0.0133 -0.84951 0.52352 -0.06525 -0.84951 0.52352 -0.06525 -0.8331 0.54159 -0.11236 -0.8331 0.54159 -0.11236 -0.80875 0.5684 -0.15114 -0.80875 0.5684 -0.15114 -0.77827 0.60196 -0.17871 -0.77827 0.60196 -0.17871 -0.74392 0.63979 -0.19303 -0.74392 0.63979 -0.19303 -0.70824 0.67907 -0.19303 -0.70824 0.67907 -0.19303 -0.67389 0.71689 -0.17871 -0.67389 0.71689 -0.17871 -0.64341 0.75045 -0.15114 -0.64341 0.75045 -0.15114 -0.61906 0.77726 -0.11236 -0.61906 0.77726 -0.11236 -0.60265 0.79533 -0.06525 -0.60265 0.79533 -0.06525 -0.59539 0.80332 -0.0133 -0.24461 0.96888 -0.03781 -0.24461 0.96888 -0.03781 0.09265 0.9942 -0.0546 0.13761 0.99009 0.0282 0.85599 -0.51662 -0.01985 0.84951 -0.52352 -0.06525 0.84951 -0.52352 -0.06525 0.8331 -0.54159 -0.11236 0.8331 -0.54159 -0.11236 0.80875 -0.5684 -0.15114 0.80875 -0.5684 -0.15114 0.77827 -0.60196 -0.17871 0.77827 -0.60196 -0.17871 0.74392 -0.63979 -0.19303 0.74392 -0.63979 -0.19303 0.70824 -0.67907 -0.19303 0.70824 -0.67907 -0.19303 0.67389 -0.71689 -0.17871 0.67389 -0.71689 -0.17871 0.64341 -0.75045 -0.15114 0.64341 -0.75045 -0.15114 0.61906 -0.77726 -0.11236 0.61906 -0.77726 -0.11236 0.60265 -0.79533 -0.06525 0.60265 -0.79533 -0.06525 0.59539 -0.80332 -0.0133 0.59539 -0.80332 -0.0133 0.59783 -0.80064 0.03964 0.59783 -0.80064 0.03964 0.60977 -0.78749 0.08964 0.60977 -0.78749 0.08964 0.63035 -0.76484 0.13299 0.63035 -0.76484 0.13299 0.65802 -0.73437 0.16648 0.65802 -0.73437 0.16648 0.69074 -0.69834 0.18761 0.69074 -0.69834 0.18761 0.72608 -0.65943 0.19484 0.76142 -0.62051 0.18761 0.76142 -0.62051 0.18761 0.79414 -0.58449 0.16648 0.79414 -0.58449 0.16648 0.82182 -0.55402 0.13299 0.82182 -0.55402 0.13299 0.84239 -0.53136 0.08964 0.84239 -0.53136 0.08964 0.85433 -0.51821 0.03964 0.85433 -0.51821 0.03964 0.85614 -0.51671 0.0066 0.86134 -0.50783 -0.0139 0.66697 -0.50383 -0.54891 0.76466 -0.39627 -0.5082 0.76466 -0.39627 -0.5082 0.85134 -0.30083 -0.4298 0.85134 -0.30083 -0.4298 0.92058 -0.22459 -0.31952 0.92058 -0.22459 -0.31952 0.96725 -0.1732 -0.18555 0.96725 -0.1732 -0.18555 0.98789 -0.15047 -0.03781 0.98789 -0.15047 -0.03781 0.98097 -0.15809 0.11273 0.98097 -0.15809 0.11273 0.947 -0.1955 0.25491 0.947 -0.1955 0.25491 0.88849 -0.25992 0.37818 0.88849 -0.25992 0.37818 0.8098 -0.34656 0.47341 0.8098 -0.34656 0.47341 0.71675 -0.44902 0.53353 0.61625 -0.55968 0.55407 0.51575 -0.67034 0.53353 0.51575 -0.67034 0.53353 0.4227 -0.77279 0.47341 0.4227 -0.77279 0.47341 0.34401 -0.85944 0.37818 0.34401 -0.85944 0.37818 0.2855 -0.92386 0.25491 0.2855 -0.92386 0.25491 0.25153 -0.96126 0.11273 0.25153 -0.96126 0.11273 0.24461 -0.96888 -0.03781 0.24461 -0.96888 -0.03781 0.26525 -0.94616 -0.18555 0.26525 -0.94616 -0.18555 0.31192 -0.89477 -0.31952 0.31192 -0.89477 -0.31952 0.38116 -0.81853 -0.4298 0.38116 -0.81853 -0.4298 0.46784 -0.72309 -0.5082 0.46784 -0.72309 -0.5082 0.56553 -0.61553 -0.54891 0.56553 -0.61553 -0.54891 0.66697 -0.50383 -0.54891 0.13953 -0.83843 -0.52685 -0.02552 -0.72881 -0.68424 0.01427 -0.90891 -0.41674 -0.06978 -0.87016 -0.48781 -0.08572 -0.95941 -0.26868 -0.09287 -0.95723 -0.27403 -0.15037 -0.9842 -0.09348 -0.09265 -0.9942 -0.0546 -0.17302 -0.98034 0.09488 -0.06865 -0.98456 0.16104 -0.11637 -0.96605 0.23066 -0.09553 -0.94326 0.31801 0.04667 -0.91312 0.40501 -0.14807 -0.90503 0.39873 0.06908 -0.82347 0.56314 -0.00092 -0.82229 0.56907 0.12592 -0.70596 0.69697 0.15133 -0.70588 0.69197 0.21381 -0.56939 0.79378 0.30422 -0.56624 0.76605 0.31755 -0.48871 0.81261 0.95042 0.20856 0.23066 0.92973 0.18563 0.31802 0.92454 0.11086 0.3646 0.87654 0.17111 0.44988 0.83574 0.03374 0.54809 0.80662 0.06153 0.58785 0.70795 -0.06526 0.70324 0.72507 -0.07769 0.68428 0.5416 -0.18119 0.82088 0.63904 -0.23404 0.7327 0.33729 -0.30633 0.89017 0.55612 -0.39366 0.73196 0.37894 -0.42033 0.82446 0.99012 0.11199 0.08434 0.93486 0.30724 0.17787 0.98164 0.16896 -0.08845 0.96526 0.25494 -0.0573 0.9447 0.18566 -0.27033 0.9457 0.17709 -0.27256 0.88092 0.1586 -0.44591 0.88459 0.07691 -0.45999 0.79492 0.08881 -0.60018 0.78853 -0.04183 -0.61357 0.73509 -0.02836 -0.67738 0.0988 -0.72897 -0.67738 0.15209 -0.67076 -0.72591 0.23756 -0.64298 -0.72811 0.21038 -0.56738 -0.79613 0.36412 -0.479 -0.79873 0.35343 -0.44614 -0.82222 0.49067 -0.29328 -0.8205 0.50214 -0.33467 -0.7974 0.60866 -0.09026 -0.78828 0.64403 -0.24185 -0.72576 0.68226 -0.087 -0.72591 -0.36509 0.10351 0.9252 0.09545 -0.23396 0.96755 -0.33213 -0.87099 0.36204 0.55333 0.10387 -0.82646 0.7861 0.36245 0.50067 0.69777 0.26519 0.66543 0.587 0.14322 0.79682 0.45936 0.00267 0.88825 0.32123 -0.14941 0.93514 0.60174 0.18642 -0.77664 -0.37643 -0.88784 0.26466 0.20812 -0.27573 0.93843 0.17281 -0.29975 0.93823 0.13807 -0.35347 0.9252 0.04143 -0.45749 0.88825 0.04143 -0.45749 0.88825 -0.04746 -0.39131 0.91903 -0.04746 -0.39131 0.91903 -0.13566 -0.32001 0.93765 -0.08621 -0.59804 0.79682 -0.08621 -0.59804 0.79682 -0.17953 -0.53673 0.82443 -0.17953 -0.53673 0.82443 -0.27041 -0.46837 0.84113 -0.27041 -0.46837 0.84113 -0.35769 -0.39385 0.84672 -0.19698 -0.72 0.66543 -0.19698 -0.72 0.66543 -0.29413 -0.66292 0.68849 -0.29413 -0.66292 0.68849 -0.38734 -0.59712 0.70244 -0.38734 -0.59712 0.70244 -0.4754 -0.52345 0.70711 -0.55718 -0.44287 0.70244 -0.28531 -0.81727 0.50067 -0.28531 -0.81727 0.50067 -0.38553 -0.76356 0.51802 -0.38553 -0.76356 0.51802 -0.48058 -0.69979 0.52852 -0.48058 -0.69979 0.52852 -0.56926 -0.6268 0.53203 -0.65043 -0.54554 0.52852 -0.65043 -0.54554 0.52852 -0.72302 -0.45704 0.51802 0.04746 0.39131 0.91903 0.17953 0.53673 0.82443 0.17953 0.53673 0.82443 0.27041 0.46837 0.84113 0.29413 0.66292 0.68849 0.38734 0.59712 0.70244 0.38734 0.59712 0.70244 0.4754 0.52345 0.70711 0.38553 0.76356 0.51802 0.38553 0.76356 0.51802 0.48058 0.69979 0.52852 0.48058 0.69979 0.52852 0.56926 0.6268 0.53203 0.65043 0.54554 0.52852 0.81924 0.56299 -0.10902 0.81924 0.56299 -0.10902 0.74859 0.65363 -0.11123 0.74859 0.65363 -0.11122 0.66808 0.73561 -0.11196 0.57875 0.80788 -0.11122 0.57875 0.80788 -0.11123 0.48175 0.8695 -0.10902 0.48175 0.8695 -0.10902 0.78662 0.52708 -0.32158 0.78662 0.52708 -0.32158 0.71532 0.61699 -0.3281 0.71531 0.61699 -0.3281 0.63458 0.69873 -0.33028 0.54547 0.77124 -0.3281 0.54547 0.77124 -0.3281 0.44913 0.83359 -0.32158 0.44913 0.83359 -0.32158 0.72302 0.45704 -0.51802 0.72302 0.45704 -0.51802 0.65042 0.54554 -0.52852 0.65043 0.54554 -0.52852 0.56926 0.6268 -0.53203 0.48058 0.69979 -0.52852 0.48058 0.69979 -0.52852 0.38553 0.76356 -0.51802 0.38553 0.76356 -0.51802 0.45936 0.00267 -0.88825 0.45936 0.00267 -0.88825 0.38495 0.0848 -0.91903 0.38495 0.0848 -0.91903 0.3055 0.16576 -0.93765 0.3055 0.16576 -0.93765 0.22205 0.2445 -0.94388 0.13566 0.32001 -0.93765 0.13566 0.32001 -0.93765 0.04746 0.39131 -0.91903 0.04746 0.39131 -0.91903 0.32123 -0.14941 -0.93514 0.32123 -0.14941 -0.93514 0.24204 -0.07255 -0.96755 0.24204 -0.07255 -0.96755 0.1597 0.00521 -0.98715 0.1597 0.00521 -0.98715 0.07528 0.08288 -0.99371 -0.01014 0.15946 -0.98715 -0.01014 0.15946 -0.98715 -0.09545 0.23396 -0.96755 -0.09545 0.23396 -0.96755 0.17956 -0.30541 -0.93514 0.17956 -0.30541 -0.93514 0.09545 -0.23396 -0.96755 0.09545 -0.23396 -0.96755 0.01014 -0.15946 -0.98715 0.01014 -0.15946 -0.98715 -0.07528 -0.08288 -0.99371 -0.1597 -0.00521 -0.98715 -0.1597 -0.00521 -0.98715 -0.24204 0.07255 -0.96755 -0.24204 0.07255 -0.96755 0.04143 -0.45749 -0.88825 0.04143 -0.45749 -0.88825 -0.04746 -0.39131 -0.91903 -0.04746 -0.39131 -0.91903 -0.13566 -0.32001 -0.93765 -0.13566 -0.32001 -0.93765 -0.22205 -0.2445 -0.94388 -0.3055 -0.16576 -0.93765 -0.3055 -0.16576 -0.93765 -0.38495 -0.0848 -0.91903 -0.38495 -0.0848 -0.91903 -0.38553 -0.76356 -0.51802 -0.38553 -0.76356 -0.51802 -0.48058 -0.69979 -0.52852 -0.48058 -0.69979 -0.52852 -0.56926 -0.6268 -0.53203 -0.65042 -0.54554 -0.52852 -0.65043 -0.54554 -0.52852 -0.72302 -0.45704 -0.51802 -0.72302 -0.45704 -0.51802 -0.44913 -0.83359 -0.32158 -0.44913 -0.83359 -0.32158 -0.54547 -0.77124 -0.3281 -0.54547 -0.77124 -0.3281 -0.63458 -0.69873 -0.33028 -0.71531 -0.61699 -0.3281 -0.71531 -0.61699 -0.3281 -0.78662 -0.52707 -0.32158 -0.78662 -0.52707 -0.32158 -0.48175 -0.8695 -0.10902 -0.48175 -0.8695 -0.10902 -0.57875 -0.80788 -0.11123 -0.57875 -0.80788 -0.11122 -0.66808 -0.73561 -0.11196 -0.74859 -0.65363 -0.11122 -0.74859 -0.65363 -0.11123 -0.81924 -0.56299 -0.10902 -0.81924 -0.56299 -0.10902 0.72302 0.45704 0.51802 0.65043 0.54554 0.52852 0.55718 0.44287 0.70244 0.35769 0.39385 0.84672 0.27041 0.46837 0.84113 0.13566 0.32001 0.93765 0.04746 0.39131 0.91903 -0.09545 0.23396 0.96755 -0.17281 0.29975 0.93823 -0.20812 0.27573 0.93843 0.19698 0.72 0.66543 0.20077 0.72155 0.66262 0.08477 0.59892 0.79631 0.07219 0.59314 0.80185 -0.0371 0.4544 0.89003 -0.05362 0.44497 0.89394 -0.13807 0.35347 0.9252 0.37457 0.917 0.13718 0.34678 0.88495 0.31081 0.44913 0.83359 0.32158 0.44913 0.83359 0.32158 0.54547 0.77124 0.3281 0.54547 0.77124 0.3281 0.63458 0.69873 0.33028 0.71531 0.61699 0.3281 0.71531 0.61699 0.3281 0.78662 0.52708 0.32158 0.78662 0.52707 0.32158 0.84282 0.43861 0.31189 0.83508 0.4142 0.36205 0.37643 0.88784 0.26466 0.33213 0.87098 0.36205 0.28531 0.81727 0.50067 0.3051 0.82305 0.47906 0.25394 0.78535 0.56457 0.81924 0.56299 0.10902 0.81924 0.56299 0.10902 0.74859 0.65363 0.11123 0.74859 0.65363 0.11122 0.66808 0.73561 0.11196 0.57875 0.80788 0.11122 0.57875 0.80788 0.11123 0.48175 0.8695 0.10902 0.48175 0.8695 0.10902 0.38594 0.91645 0.10567 0.1108 0.62703 -0.77107 0.19698 0.72 -0.66543 0.29413 0.66292 -0.68849 0.29413 0.66292 -0.68849 0.38734 0.59712 -0.70244 0.38734 0.59712 -0.70244 0.4754 0.52345 -0.70711 0.55718 0.44287 -0.70244 0.55718 0.44287 -0.70244 0.63163 0.35641 -0.68849 0.63163 0.35641 -0.68849 0.19217 0.69326 -0.6946 0.22695 0.75548 -0.61461 0.28531 0.81727 -0.50067 0.28534 0.80938 -0.51331 0.34155 0.88721 -0.31017 0.34243 0.88526 -0.31473 0.38117 0.91847 -0.10548 0.37866 0.92052 -0.09622 0.38023 0.92433 0.03211 0.85862 0.44025 0.26258 0.8791 0.46484 0.10536 0.8791 0.46484 0.10536 0.8791 0.46484 -0.10536 0.8791 0.46484 -0.10536 0.84757 0.43013 -0.31081 0.84757 0.43013 -0.31081 0.7861 0.36245 -0.50067 0.7861 0.36245 -0.50067 0.69777 0.26519 -0.66543 0.587 0.14322 -0.79682 0.51702 0.23022 -0.82443 0.51702 0.23022 -0.82443 0.44025 0.31412 -0.84113 0.44025 0.31412 -0.84113 0.35769 0.39385 -0.84672 0.27041 0.46837 -0.84113 0.27041 0.46837 -0.84113 0.17953 0.53673 -0.82443 0.17953 0.53673 -0.82443 0.09408 0.5932 -0.79954 -0.6806 -0.24466 -0.6906 -0.587 -0.14322 -0.79682 -0.51702 -0.23022 -0.82443 -0.51702 -0.23022 -0.82443 -0.44025 -0.31412 -0.84113 -0.44025 -0.31412 -0.84113 -0.35769 -0.39385 -0.84672 -0.27041 -0.46837 -0.84113 -0.27041 -0.46837 -0.84113 -0.17953 -0.53673 -0.82443 -0.17953 -0.53673 -0.82443 -0.09408 -0.5932 -0.79954 -0.05027 -0.56075 -0.82646 -0.60174 -0.18642 -0.77664 -0.55333 -0.10387 -0.82646 -0.45936 -0.00267 -0.88825 -0.468 -0.02548 -0.88336 -0.32811 0.15619 -0.93164 -0.3359 0.1319 -0.93262 -0.17956 0.30541 -0.93514 -0.17095 0.32778 -0.92916 -0.0363 0.45382 -0.89035 -0.02754 0.47389 -0.88016 0.05027 0.56075 -0.82646 -0.29413 -0.66292 -0.68849 -0.38734 -0.59712 -0.70244 -0.38734 -0.59712 -0.70244 -0.4754 -0.52345 -0.70711 -0.55718 -0.44287 -0.70244 -0.55718 -0.44287 -0.70244 -0.63163 -0.35641 -0.68849 -0.69298 -0.27237 -0.66753 -0.85862 -0.44025 0.26258 -0.8791 -0.46484 0.10536 -0.81924 -0.56299 0.10902 -0.81924 -0.56299 0.10902 -0.74859 -0.65363 0.11123 -0.74859 -0.65363 0.11122 -0.66808 -0.73561 0.11196 -0.57875 -0.80788 0.11122 -0.57875 -0.80788 0.11123 -0.48175 -0.8695 0.10902 -0.48175 -0.8695 0.10902 -0.86995 -0.47348 0.13788 -0.88357 -0.46721 0.03211 -0.8791 -0.46484 -0.10536 -0.87799 -0.46889 -0.09637 -0.84934 -0.42693 -0.3104 -0.84928 -0.42406 -0.31449 -0.78386 -0.36619 -0.50146 -0.78137 -0.35655 -0.51219 -0.73021 -0.29843 -0.61461 -0.83508 -0.4142 0.36204 -0.84282 -0.43861 0.31189 -0.78662 -0.52707 0.32158 -0.78662 -0.52707 0.32158 -0.71531 -0.61699 0.3281 -0.71531 -0.61699 0.3281 -0.63458 -0.69873 0.33028 -0.54547 -0.77124 0.3281 -0.54547 -0.77124 0.3281 -0.44913 -0.83359 0.32158 -0.44913 -0.83359 0.32158 -0.34678 -0.88495 0.31081 -0.37831 -0.91966 0.10536 -0.37831 -0.91966 0.10537 -0.37831 -0.91966 -0.10536 -0.37831 -0.91966 -0.10537 -0.34678 -0.88495 -0.31081 -0.34678 -0.88495 -0.31081 -0.28531 -0.81727 -0.50067 -0.28531 -0.81727 -0.50067 -0.19698 -0.72 -0.66543 -0.1108 -0.62703 -0.77107 -0.75734 -0.32816 0.56457 0.32123 -0.14941 0.93514 0.24204 -0.07255 0.96755 0.09545 -0.23396 0.96755 0.01014 -0.15946 0.98715 -0.13566 -0.32001 0.93765 -0.22205 -0.2445 0.94388 -0.44025 -0.31412 0.84113 -0.55718 -0.44287 0.70244 -0.63163 -0.35641 0.68849 -0.72302 -0.45704 0.51802 -0.78228 -0.36881 0.50202 -0.79618 -0.37227 0.47698 0.45936 0.00267 0.88825 0.38495 0.0848 0.91903 0.24204 -0.07255 0.96755 0.1597 0.00521 0.98715 0.01014 -0.15946 0.98715 -0.07528 -0.08288 0.99371 -0.3055 -0.16576 0.93765 -0.44025 -0.31412 0.84113 -0.51702 -0.23022 0.82443 -0.63163 -0.35641 0.68849 -0.6969 -0.2665 0.66581 -0.70004 -0.26744 0.66213 0.587 0.14322 0.79682 0.51702 0.23022 0.82443 0.38495 0.0848 0.91903 0.3055 0.16576 0.93765 0.1597 0.00521 0.98715 0.07527 0.08288 0.99371 -0.1597 -0.00521 0.98715 -0.3055 -0.16576 0.93765 -0.38495 -0.0848 0.91903 -0.51702 -0.23022 0.82443 -0.59155 -0.13714 0.79452 -0.57995 -0.13346 0.80364 0.69777 0.26519 0.66543 0.63163 0.35641 0.68849 0.51702 0.23022 0.82443 0.44025 0.31412 0.84113 0.3055 0.16576 0.93765 0.22205 0.2445 0.94388 -0.01014 0.15946 0.98715 -0.1597 -0.00521 0.98715 -0.24204 0.07255 0.96755 -0.38495 -0.0848 0.91903 -0.45936 -0.00267 0.88825 -0.44292 0.00482 0.89655 0.7861 0.36245 0.50067 0.72302 0.45704 0.51802 0.55718 0.44287 0.70244 0.44025 0.31412 0.84113 0.13566 0.32001 0.93765 -0.01014 0.15946 0.98715 -0.09545 0.23396 0.96755 -0.24204 0.07255 0.96755 -0.32123 0.14941 0.93514 -0.28179 0.16864 0.94454 -0.18349 0.1829 0.96586 -0.4543 0.40332 0.79432 -0.47956 0.52158 0.70567 -0.59241 0.53802 0.59966 -0.69117 0.67482 0.25866 -0.69144 0.67413 0.25972 -0.65808 0.59769 0.45793 -0.67973 0.68641 -0.25848 -0.73637 0.66881 -0.10225 -0.73918 0.67131 0.05437 -0.30516 0.50712 -0.80604 -0.5645 0.51626 -0.64407 -0.69204 0.62519 -0.36087 -0.18287 0.16608 -0.96901 -0.18349 0.1829 -0.96586 -0.53226 0.4656 -0.70705 -0.22007 -0.65051 -0.72692 -0.087 -0.68226 -0.72591 -0.02836 -0.73509 -0.67738 -0.04183 -0.78853 -0.61357 0.03691 -0.79403 -0.60676 0.08381 -0.83762 -0.53979 0.07691 -0.88459 -0.45999 0.1356 -0.88257 -0.4502 0.20094 -0.93952 -0.27735 0.20094 -0.93952 -0.27735 0.23127 -0.9692 -0.08459 0.18766 -0.98072 -0.0546 0.23201 -0.9723 0.0282 0.22351 -0.96003 0.16851 0.13028 -0.98515 0.11184 0.20856 -0.95042 0.23066 0.18563 -0.92974 0.31801 0.11086 -0.92454 0.3646 0.14917 -0.89558 0.41914 0.10987 -0.86145 0.49581 0.03374 -0.83574 0.54809 0.05745 -0.81107 0.58212 -0.05821 -0.70417 0.70765 -0.23849 -0.62529 0.74306 -0.21135 -0.56508 0.7975 -0.05821 -0.70417 0.70765 -0.26917 -0.51693 0.81261 -0.33684 -0.45476 0.82446 -0.41152 -0.45312 0.79078 -0.42033 -0.37894 0.82446 -0.48871 -0.31755 0.81261 -0.56624 -0.30422 0.76605 -0.56894 -0.24295 0.78568 -0.69533 -0.12554 0.70765 -0.69533 -0.12554 0.70765 -0.81284 -0.02067 0.58212 -0.83512 -0.04664 0.54809 -0.86802 0.02667 0.49581 -0.92113 0.07954 0.38103 -0.91993 -0.02321 0.39141 -0.98374 0.13313 0.12053 -0.98456 0.06865 0.16104 -0.96605 0.11636 0.23066 -0.94326 0.09552 0.31802 -0.98693 0.13717 -0.08459 -0.95447 0.10982 -0.27735 -0.95447 0.10982 -0.27735 -0.89151 0.05026 -0.4502 -0.88789 -0.00836 -0.45999 -0.8418 0.00302 -0.53979 -0.76369 -0.06345 -0.64246 -0.81838 -0.13156 -0.55942 -0.72897 -0.0988 -0.67738 -0.67076 -0.15209 -0.72591 -0.64298 -0.23756 -0.72811 -0.13251 -0.63669 -0.75965 -0.29328 -0.49067 -0.8205 -0.29328 -0.49067 -0.8205 -0.46025 -0.33903 -0.8205 -0.46025 -0.33903 -0.8205 -0.59436 -0.22009 -0.7735 -0.96126 -0.25153 0.11273 -0.96126 -0.25153 0.11273 -0.92386 -0.2855 0.25491 -0.92386 -0.2855 0.25491 -0.85944 -0.34401 0.37818 -0.85944 -0.34401 0.37818 -0.77279 -0.4227 0.47341 -0.77279 -0.4227 0.47341 -0.67034 -0.51575 0.53353 -0.55968 -0.61625 0.55407 -0.44902 -0.71675 0.53353 -0.44902 -0.71675 0.53353 -0.34656 -0.8098 0.47341 -0.34656 -0.8098 0.47341 -0.25992 -0.88849 0.37818 -0.25992 -0.88849 0.37818 -0.1955 -0.947 0.25491 -0.1955 -0.947 0.25491 -0.15809 -0.98097 0.11273 -0.15809 -0.98097 0.11273 -0.15047 -0.98789 -0.03781 -0.15047 -0.98789 -0.03781 -0.1732 -0.96725 -0.18555 -0.1732 -0.96725 -0.18555 -0.22459 -0.92058 -0.31952 -0.22459 -0.92058 -0.31952 -0.30083 -0.85134 -0.4298 -0.30083 -0.85134 -0.4298 -0.39627 -0.76466 -0.5082 -0.39627 -0.76466 -0.5082 -0.50383 -0.66697 -0.54891 -0.50383 -0.66697 -0.54891 -0.61553 -0.56553 -0.54891 -0.61553 -0.56553 -0.54891 -0.72309 -0.46784 -0.5082 -0.72309 -0.46784 -0.5082 -0.81853 -0.38116 -0.4298 -0.81853 -0.38116 -0.4298 -0.89477 -0.31192 -0.31952 -0.89477 -0.31192 -0.31952 -0.94616 -0.26525 -0.18555 -0.94616 -0.26525 -0.18555 -0.81068 -0.5851 -0.02125 -0.80258 -0.5965 0.0066 -0.80064 -0.59783 0.03964 -0.80064 -0.59783 0.03964 -0.78749 -0.60977 0.08964 -0.78749 -0.60977 0.08964 -0.76484 -0.63035 0.13299 -0.76484 -0.63035 0.13299 -0.73437 -0.65802 0.16648 -0.73437 -0.65802 0.16648 -0.69834 -0.69074 0.18761 -0.69834 -0.69074 0.18761 -0.65943 -0.72608 0.19484 -0.62051 -0.76142 0.18761 -0.62051 -0.76142 0.18761 -0.58449 -0.79414 0.16648 -0.58449 -0.79414 0.16648 -0.55402 -0.82182 0.13299 -0.55402 -0.82182 0.13299 -0.53136 -0.84239 0.08964 -0.51821 -0.85433 0.03964 -0.51821 -0.85433 0.03964 -0.51553 -0.85677 -0.0133 -0.51553 -0.85677 -0.0133 -0.52352 -0.84951 -0.06525 -0.52352 -0.84951 -0.06525 -0.54159 -0.8331 -0.11236 -0.54159 -0.8331 -0.11236 -0.5684 -0.80875 -0.15114 -0.5684 -0.80875 -0.15114 -0.60196 -0.77827 -0.17871 -0.60196 -0.77827 -0.17871 -0.63979 -0.74392 -0.19303 -0.63979 -0.74392 -0.19303 -0.67907 -0.70824 -0.19303 -0.67907 -0.70824 -0.19303 -0.71689 -0.67389 -0.17871 -0.71689 -0.67389 -0.17871 -0.75045 -0.64341 -0.15114 -0.75045 -0.64341 -0.15114 -0.77726 -0.61906 -0.11236 -0.77726 -0.61906 -0.11236 -0.79533 -0.60265 -0.06525 -0.79533 -0.60265 -0.06525 -0.80332 -0.59539 -0.0133 -0.96888 -0.24461 -0.03781 -0.96888 -0.24461 -0.03781 -0.9942 0.09265 -0.0546 -0.99009 0.13761 0.0282 0.51662 0.85599 -0.01985 0.52352 0.84951 -0.06525 0.52352 0.84951 -0.06525 0.54159 0.8331 -0.11236 0.54159 0.8331 -0.11236 0.5684 0.80875 -0.15114 0.5684 0.80875 -0.15114 0.60196 0.77827 -0.17871 0.60196 0.77827 -0.17871 0.63979 0.74392 -0.19303 0.63979 0.74392 -0.19303 0.67907 0.70824 -0.19303 0.67907 0.70824 -0.19303 0.71689 0.67389 -0.17871 0.71689 0.67389 -0.17871 0.75045 0.64341 -0.15114 0.75045 0.64341 -0.15114 0.77726 0.61906 -0.11236 0.77726 0.61906 -0.11236 0.79533 0.60265 -0.06525 0.79533 0.60265 -0.06525 0.80332 0.59539 -0.0133 0.80332 0.59539 -0.0133 0.80064 0.59783 0.03964 0.80064 0.59783 0.03964 0.78749 0.60977 0.08964 0.78749 0.60977 0.08964 0.76484 0.63035 0.13299 0.76484 0.63035 0.13299 0.73437 0.65802 0.16648 0.73437 0.65802 0.16648 0.69834 0.69074 0.18761 0.69834 0.69074 0.18761 0.65943 0.72608 0.19484 0.62051 0.76142 0.18761 0.62051 0.76142 0.18761 0.58449 0.79414 0.16648 0.58449 0.79414 0.16648 0.55402 0.82182 0.13299 0.55402 0.82182 0.13299 0.53136 0.84239 0.08964 0.53136 0.84239 0.08964 0.51821 0.85433 0.03964 0.51821 0.85433 0.03964 0.51671 0.85614 0.0066 0.50783 0.86134 -0.0139 0.50383 0.66697 -0.54891 0.39627 0.76466 -0.5082 0.39627 0.76466 -0.5082 0.30083 0.85134 -0.4298 0.30083 0.85134 -0.4298 0.22459 0.92058 -0.31952 0.22459 0.92058 -0.31952 0.1732 0.96725 -0.18555 0.1732 0.96725 -0.18555 0.15047 0.98789 -0.03781 0.15047 0.98789 -0.03781 0.15809 0.98097 0.11273 0.15809 0.98097 0.11273 0.1955 0.947 0.25491 0.1955 0.947 0.25491 0.25992 0.88849 0.37818 0.25992 0.88849 0.37818 0.34656 0.8098 0.47341 0.34656 0.8098 0.47341 0.44902 0.71675 0.53353 0.55968 0.61625 0.55407 0.67034 0.51575 0.53353 0.67034 0.51575 0.53353 0.77279 0.4227 0.47341 0.77279 0.4227 0.47341 0.85944 0.34401 0.37818 0.85944 0.34401 0.37818 0.92386 0.2855 0.25491 0.92386 0.2855 0.25491 0.96126 0.25153 0.11273 0.96126 0.25153 0.11273 0.96888 0.24461 -0.03781 0.96888 0.24461 -0.03781 0.94616 0.26525 -0.18555 0.94616 0.26525 -0.18555 0.89477 0.31192 -0.31952 0.89477 0.31192 -0.31952 0.81853 0.38116 -0.4298 0.81853 0.38116 -0.4298 0.72309 0.46784 -0.5082 0.72309 0.46784 -0.5082 0.61553 0.56553 -0.54891 0.61553 0.56553 -0.54891 0.50383 0.66697 -0.54891 0.83843 0.13953 -0.52685 0.72881 -0.02552 -0.68424 0.90891 0.01427 -0.41674 0.87016 -0.06978 -0.48781 0.95941 -0.08572 -0.26868 0.95723 -0.09287 -0.27403 0.9842 -0.15037 -0.09348 0.9942 -0.09265 -0.0546 0.98034 -0.17302 0.09488 0.98456 -0.06865 0.16104 0.96605 -0.11637 0.23066 0.94326 -0.09553 0.31801 0.91312 0.04667 0.40501 0.90503 -0.14807 0.39873 0.82347 0.06908 0.56314 0.82229 -0.00092 0.56907 0.70596 0.12592 0.69697 0.70588 0.15133 0.69197 0.56939 0.21381 0.79378 0.56624 0.30422 0.76605 0.48871 0.31755 0.81261 -0.20856 0.95042 0.23066 -0.18563 0.92973 0.31802 -0.11086 0.92454 0.3646 -0.17111 0.87654 0.44988 -0.03374 0.83574 0.54809 -0.06153 0.80662 0.58785 0.06526 0.70795 0.70324 0.07769 0.72507 0.68428 0.18119 0.5416 0.82088 0.23404 0.63904 0.7327 0.30633 0.33729 0.89017 0.39366 0.55612 0.73196 0.42033 0.37894 0.82446 -0.11199 0.99012 0.08434 -0.30724 0.93486 0.17787 -0.16896 0.98164 -0.08845 -0.25494 0.96526 -0.0573 -0.18566 0.9447 -0.27033 -0.17709 0.9457 -0.27256 -0.1586 0.88092 -0.44591 -0.07691 0.88459 -0.45999 -0.08881 0.79492 -0.60018 0.04183 0.78853 -0.61357 0.02836 0.73509 -0.67738 0.72897 0.0988 -0.67738 0.67076 0.15209 -0.72591 0.64298 0.23756 -0.72811 0.56738 0.21038 -0.79613 0.479 0.36412 -0.79873 0.44614 0.35343 -0.82222 0.29328 0.49067 -0.8205 0.33467 0.50214 -0.7974 0.09026 0.60866 -0.78828 0.24185 0.64403 -0.72576 0.087 0.68226 -0.72591 -0.10351 -0.36509 0.9252 0.23396 0.09545 0.96755 0.87099 -0.33213 0.36204 -0.10387 0.55333 -0.82646 -0.36245 0.7861 0.50067 -0.26519 0.69777 0.66543 -0.14322 0.587 0.79682 -0.00267 0.45936 0.88825 0.14941 0.32123 0.93514 -0.18642 0.60174 -0.77664 0.88784 -0.37643 0.26466 0.27573 0.20812 0.93843 0.29975 0.17281 0.93823 0.35347 0.13807 0.9252 0.45749 0.04143 0.88825 0.45749 0.04143 0.88825 0.39131 -0.04746 0.91903 0.39131 -0.04746 0.91903 0.32001 -0.13566 0.93765 0.59804 -0.08621 0.79682 0.59804 -0.08621 0.79682 0.53673 -0.17953 0.82443 0.53673 -0.17953 0.82443 0.46837 -0.27041 0.84113 0.46837 -0.27041 0.84113 0.39385 -0.35769 0.84672 0.72 -0.19698 0.66543 0.72 -0.19698 0.66543 0.66292 -0.29413 0.68849 0.66292 -0.29413 0.68849 0.59712 -0.38734 0.70244 0.59712 -0.38734 0.70244 0.52345 -0.4754 0.70711 0.44287 -0.55718 0.70244 0.81727 -0.28531 0.50067 0.81727 -0.28531 0.50067 0.76356 -0.38553 0.51802 0.76356 -0.38553 0.51802 0.69979 -0.48058 0.52852 0.69979 -0.48058 0.52852 0.6268 -0.56926 0.53203 0.54554 -0.65043 0.52852 0.54554 -0.65043 0.52852 0.45704 -0.72302 0.51802 -0.39131 0.04746 0.91903 -0.53673 0.17953 0.82443 -0.53673 0.17953 0.82443 -0.46837 0.27041 0.84113 -0.66292 0.29413 0.68849 -0.59712 0.38734 0.70244 -0.59712 0.38734 0.70244 -0.52345 0.4754 0.70711 -0.76356 0.38553 0.51802 -0.76356 0.38553 0.51802 -0.69979 0.48058 0.52852 -0.69979 0.48058 0.52852 -0.6268 0.56926 0.53203 -0.54554 0.65043 0.52852 -0.56299 0.81924 -0.10902 -0.56299 0.81924 -0.10902 -0.65363 0.74859 -0.11123 -0.65363 0.74859 -0.11122 -0.73561 0.66808 -0.11196 -0.80788 0.57875 -0.11122 -0.80788 0.57875 -0.11123 -0.8695 0.48175 -0.10902 -0.8695 0.48175 -0.10902 -0.52708 0.78662 -0.32158 -0.52708 0.78662 -0.32158 -0.61699 0.71532 -0.3281 -0.61699 0.71531 -0.3281 -0.69873 0.63458 -0.33028 -0.77124 0.54547 -0.3281 -0.77124 0.54547 -0.3281 -0.83359 0.44913 -0.32158 -0.83359 0.44913 -0.32158 -0.45704 0.72302 -0.51802 -0.45704 0.72302 -0.51802 -0.54554 0.65042 -0.52852 -0.54554 0.65043 -0.52852 -0.6268 0.56926 -0.53203 -0.69979 0.48058 -0.52852 -0.69979 0.48058 -0.52852 -0.76356 0.38553 -0.51802 -0.76356 0.38553 -0.51802 -0.00267 0.45936 -0.88825 -0.00267 0.45936 -0.88825 -0.0848 0.38495 -0.91903 -0.0848 0.38495 -0.91903 -0.16576 0.3055 -0.93765 -0.16576 0.3055 -0.93765 -0.2445 0.22205 -0.94388 -0.32001 0.13566 -0.93765 -0.32001 0.13566 -0.93765 -0.39131 0.04746 -0.91903 -0.39131 0.04746 -0.91903 0.14941 0.32123 -0.93514 0.14941 0.32123 -0.93514 0.07255 0.24204 -0.96755 0.07255 0.24204 -0.96755 -0.00521 0.1597 -0.98715 -0.00521 0.1597 -0.98715 -0.08288 0.07528 -0.99371 -0.15946 -0.01014 -0.98715 -0.15946 -0.01014 -0.98715 -0.23396 -0.09545 -0.96755 -0.23396 -0.09545 -0.96755 0.30541 0.17956 -0.93514 0.30541 0.17956 -0.93514 0.23396 0.09545 -0.96755 0.23396 0.09545 -0.96755 0.15946 0.01014 -0.98715 0.15946 0.01014 -0.98715 0.08288 -0.07528 -0.99371 0.00521 -0.1597 -0.98715 0.00521 -0.1597 -0.98715 -0.07255 -0.24204 -0.96755 -0.07255 -0.24204 -0.96755 0.45749 0.04143 -0.88825 0.45749 0.04143 -0.88825 0.39131 -0.04746 -0.91903 0.39131 -0.04746 -0.91903 0.32001 -0.13566 -0.93765 0.32001 -0.13566 -0.93765 0.2445 -0.22205 -0.94388 0.16576 -0.3055 -0.93765 0.16576 -0.3055 -0.93765 0.0848 -0.38495 -0.91903 0.0848 -0.38495 -0.91903 0.76356 -0.38553 -0.51802 0.76356 -0.38553 -0.51802 0.69979 -0.48058 -0.52852 0.69979 -0.48058 -0.52852 0.6268 -0.56926 -0.53203 0.54554 -0.65042 -0.52852 0.54554 -0.65043 -0.52852 0.45704 -0.72302 -0.51802 0.45704 -0.72302 -0.51802 0.83359 -0.44913 -0.32158 0.83359 -0.44913 -0.32158 0.77124 -0.54547 -0.3281 0.77124 -0.54547 -0.3281 0.69873 -0.63458 -0.33028 0.61699 -0.71531 -0.3281 0.61699 -0.71531 -0.3281 0.52707 -0.78662 -0.32158 0.52707 -0.78662 -0.32158 0.8695 -0.48175 -0.10902 0.8695 -0.48175 -0.10902 0.80788 -0.57875 -0.11123 0.80788 -0.57875 -0.11122 0.73561 -0.66808 -0.11196 0.65363 -0.74859 -0.11122 0.65363 -0.74859 -0.11123 0.56299 -0.81924 -0.10902 0.56299 -0.81924 -0.10902 -0.45704 0.72302 0.51802 -0.54554 0.65043 0.52852 -0.44287 0.55718 0.70244 -0.39385 0.35769 0.84672 -0.46837 0.27041 0.84113 -0.32001 0.13566 0.93765 -0.39131 0.04746 0.91903 -0.23396 -0.09545 0.96755 -0.29975 -0.17281 0.93823 -0.27573 -0.20812 0.93843 -0.72 0.19698 0.66543 -0.72155 0.20077 0.66262 -0.59892 0.08477 0.79631 -0.59314 0.07219 0.80185 -0.4544 -0.0371 0.89003 -0.44497 -0.05362 0.89394 -0.35347 -0.13807 0.9252 -0.917 0.37457 0.13718 -0.88495 0.34678 0.31081 -0.83359 0.44913 0.32158 -0.83359 0.44913 0.32158 -0.77124 0.54547 0.3281 -0.77124 0.54547 0.3281 -0.69873 0.63458 0.33028 -0.61699 0.71531 0.3281 -0.61699 0.71531 0.3281 -0.52708 0.78662 0.32158 -0.52707 0.78662 0.32158 -0.43861 0.84282 0.31189 -0.4142 0.83508 0.36205 -0.88784 0.37643 0.26466 -0.87098 0.33213 0.36205 -0.81727 0.28531 0.50067 -0.82305 0.3051 0.47906 -0.78535 0.25394 0.56457 -0.56299 0.81924 0.10902 -0.56299 0.81924 0.10902 -0.65363 0.74859 0.11123 -0.65363 0.74859 0.11122 -0.73561 0.66808 0.11196 -0.80788 0.57875 0.11122 -0.80788 0.57875 0.11123 -0.8695 0.48175 0.10902 -0.8695 0.48175 0.10902 -0.91645 0.38594 0.10567 -0.62703 0.1108 -0.77107 -0.72 0.19698 -0.66543 -0.66292 0.29413 -0.68849 -0.66292 0.29413 -0.68849 -0.59712 0.38734 -0.70244 -0.59712 0.38734 -0.70244 -0.52345 0.4754 -0.70711 -0.44287 0.55718 -0.70244 -0.44287 0.55718 -0.70244 -0.35641 0.63163 -0.68849 -0.35641 0.63163 -0.68849 -0.69326 0.19217 -0.6946 -0.75548 0.22695 -0.61461 -0.81727 0.28531 -0.50067 -0.80938 0.28534 -0.51331 -0.88721 0.34155 -0.31017 -0.88526 0.34243 -0.31473 -0.91847 0.38117 -0.10548 -0.92052 0.37866 -0.09622 -0.92433 0.38023 0.03211 -0.44025 0.85862 0.26258 -0.46484 0.8791 0.10536 -0.46484 0.8791 0.10536 -0.46484 0.8791 -0.10536 -0.46484 0.8791 -0.10536 -0.43013 0.84757 -0.31081 -0.43013 0.84757 -0.31081 -0.36245 0.7861 -0.50067 -0.36245 0.7861 -0.50067 -0.26519 0.69777 -0.66543 -0.14322 0.587 -0.79682 -0.23022 0.51702 -0.82443 -0.23022 0.51702 -0.82443 -0.31412 0.44025 -0.84113 -0.31412 0.44025 -0.84113 -0.39385 0.35769 -0.84672 -0.46837 0.27041 -0.84113 -0.46837 0.27041 -0.84113 -0.53673 0.17953 -0.82443 -0.53673 0.17953 -0.82443 -0.5932 0.09408 -0.79954 0.24466 -0.6806 -0.6906 0.14322 -0.587 -0.79682 0.23022 -0.51702 -0.82443 0.23022 -0.51702 -0.82443 0.31412 -0.44025 -0.84113 0.31412 -0.44025 -0.84113 0.39385 -0.35769 -0.84672 0.46837 -0.27041 -0.84113 0.46837 -0.27041 -0.84113 0.53673 -0.17953 -0.82443 0.53673 -0.17953 -0.82443 0.5932 -0.09408 -0.79954 0.56075 -0.05027 -0.82646 0.18642 -0.60174 -0.77664 0.10387 -0.55333 -0.82646 0.00267 -0.45936 -0.88825 0.02548 -0.468 -0.88336 -0.15619 -0.32811 -0.93164 -0.1319 -0.3359 -0.93262 -0.30541 -0.17956 -0.93514 -0.32778 -0.17095 -0.92916 -0.45382 -0.0363 -0.89035 -0.47389 -0.02754 -0.88016 -0.56075 0.05027 -0.82646 0.66292 -0.29413 -0.68849 0.59712 -0.38734 -0.70244 0.59712 -0.38734 -0.70244 0.52345 -0.4754 -0.70711 0.44287 -0.55718 -0.70244 0.44287 -0.55718 -0.70244 0.35641 -0.63163 -0.68849 0.27237 -0.69298 -0.66753 0.44025 -0.85862 0.26258 0.46484 -0.8791 0.10536 0.56299 -0.81924 0.10902 0.56299 -0.81924 0.10902 0.65363 -0.74859 0.11123 0.65363 -0.74859 0.11122 0.73561 -0.66808 0.11196 0.80788 -0.57875 0.11122 0.80788 -0.57875 0.11123 0.8695 -0.48175 0.10902 0.8695 -0.48175 0.10902 0.47348 -0.86995 0.13788 0.46721 -0.88357 0.03211 0.46484 -0.8791 -0.10536 0.46889 -0.87799 -0.09637 0.42693 -0.84934 -0.3104 0.42406 -0.84928 -0.31449 0.36619 -0.78386 -0.50146 0.35655 -0.78137 -0.51219 0.29843 -0.73021 -0.61461 0.4142 -0.83508 0.36204 0.43861 -0.84282 0.31189 0.52707 -0.78662 0.32158 0.52707 -0.78662 0.32158 0.61699 -0.71531 0.3281 0.61699 -0.71531 0.3281 0.69873 -0.63458 0.33028 0.77124 -0.54547 0.3281 0.77124 -0.54547 0.3281 0.83359 -0.44913 0.32158 0.83359 -0.44913 0.32158 0.88495 -0.34678 0.31081 0.91966 -0.37831 0.10536 0.91966 -0.37831 0.10537 0.91966 -0.37831 -0.10536 0.91966 -0.37831 -0.10537 0.88495 -0.34678 -0.31081 0.88495 -0.34678 -0.31081 0.81727 -0.28531 -0.50067 0.81727 -0.28531 -0.50067 0.72 -0.19698 -0.66543 0.62703 -0.1108 -0.77107 0.32816 -0.75734 0.56457 0.14941 0.32123 0.93514 0.07255 0.24204 0.96755 0.23396 0.09545 0.96755 0.15946 0.01014 0.98715 0.32001 -0.13566 0.93765 0.2445 -0.22205 0.94388 0.31412 -0.44025 0.84113 0.44287 -0.55718 0.70244 0.35641 -0.63163 0.68849 0.45704 -0.72302 0.51802 0.36881 -0.78228 0.50202 0.37227 -0.79618 0.47698 -0.00267 0.45936 0.88825 -0.0848 0.38495 0.91903 0.07255 0.24204 0.96755 -0.00521 0.1597 0.98715 0.15946 0.01014 0.98715 0.08288 -0.07528 0.99371 0.16576 -0.3055 0.93765 0.31412 -0.44025 0.84113 0.23022 -0.51702 0.82443 0.35641 -0.63163 0.68849 0.2665 -0.6969 0.66581 0.26744 -0.70004 0.66213 -0.14322 0.587 0.79682 -0.23022 0.51702 0.82443 -0.0848 0.38495 0.91903 -0.16576 0.3055 0.93765 -0.00521 0.1597 0.98715 -0.08288 0.07527 0.99371 0.00521 -0.1597 0.98715 0.16576 -0.3055 0.93765 0.0848 -0.38495 0.91903 0.23022 -0.51702 0.82443 0.13714 -0.59155 0.79452 0.13346 -0.57995 0.80364 -0.26519 0.69777 0.66543 -0.35641 0.63163 0.68849 -0.23022 0.51702 0.82443 -0.31412 0.44025 0.84113 -0.16576 0.3055 0.93765 -0.2445 0.22205 0.94388 -0.15946 -0.01014 0.98715 0.00521 -0.1597 0.98715 -0.07255 -0.24204 0.96755 0.0848 -0.38495 0.91903 0.00267 -0.45936 0.88825 -0.00482 -0.44292 0.89655 -0.36245 0.7861 0.50067 -0.45704 0.72302 0.51802 -0.44287 0.55718 0.70244 -0.31412 0.44025 0.84113 -0.32001 0.13566 0.93765 -0.15946 -0.01014 0.98715 -0.23396 -0.09545 0.96755 -0.07255 -0.24204 0.96755 -0.14941 -0.32123 0.93514 -0.16864 -0.28179 0.94454 -0.1829 -0.18349 0.96586 -0.40332 -0.4543 0.79432 -0.52158 -0.47956 0.70567 -0.53802 -0.59241 0.59966 -0.67482 -0.69117 0.25866 -0.67413 -0.69144 0.25972 -0.59769 -0.65808 0.45793 -0.68641 -0.67973 -0.25848 -0.66881 -0.73637 -0.10224 -0.67131 -0.73918 0.05437 -0.50712 -0.30516 -0.80604 -0.51626 -0.56449 -0.64407 -0.62519 -0.69204 -0.36086 -0.16608 -0.18287 -0.96901 -0.1829 -0.18349 -0.96586 -0.4656 -0.53226 -0.70705 0.65051 -0.22007 -0.72692 0.68226 -0.087 -0.72591 0.73509 -0.02836 -0.67738 0.78853 -0.04183 -0.61357 0.79403 0.03691 -0.60676 0.83762 0.08381 -0.53979 0.88257 0.1356 -0.4502 0.93952 0.20094 -0.27735 0.93952 0.20094 -0.27735 0.9692 0.23127 -0.08459 0.98072 0.18766 -0.0546 0.9723 0.23201 0.0282 0.96003 0.22351 0.16851 0.98515 0.13028 0.11184 0.95042 0.20856 0.23066 0.92974 0.18563 0.31801 0.92454 0.11086 0.3646 0.89558 0.14917 0.41914 0.86145 0.10987 0.49581 0.81107 0.05745 0.58212 0.70417 -0.05821 0.70765 0.62529 -0.23849 0.74306 0.56508 -0.21135 0.7975 0.70417 -0.05821 0.70765 0.51693 -0.26917 0.81261 0.45476 -0.33684 0.82446 0.45312 -0.41152 0.79078 0.37894 -0.42033 0.82446 0.31755 -0.48871 0.81261 0.30422 -0.56624 0.76605 0.24295 -0.56894 0.78568 0.12554 -0.69533 0.70765 0.12554 -0.69533 0.70765 0.02067 -0.81284 0.58212 0.04664 -0.83512 0.54809 -0.02667 -0.86802 0.49581 -0.07954 -0.92113 0.38103 0.02321 -0.91993 0.39141 -0.13313 -0.98374 0.12053 -0.06865 -0.98456 0.16104 -0.11636 -0.96605 0.23066 -0.09552 -0.94326 0.31802 -0.13717 -0.98693 -0.08459 -0.10982 -0.95447 -0.27735 -0.10982 -0.95447 -0.27735 -0.05026 -0.89151 -0.4502 0.00836 -0.88789 -0.45999 -0.00302 -0.8418 -0.53979 0.06345 -0.76369 -0.64246 0.13156 -0.81838 -0.55942 0.0988 -0.72897 -0.67738 0.15209 -0.67076 -0.72591 0.23756 -0.64298 -0.72811 0.63669 -0.13251 -0.75965 0.49067 -0.29328 -0.8205 0.49067 -0.29328 -0.8205 0.33903 -0.46025 -0.8205 0.33903 -0.46025 -0.8205 0.22009 -0.59436 -0.7735 0.2855 -0.92386 0.25491 0.2855 -0.92386 0.25491 0.71675 -0.44902 0.53353 0.71675 -0.44902 0.53353 0.947 -0.1955 0.25491 0.947 -0.1955 0.25491 0.98789 -0.15047 -0.03781 0.96725 -0.1732 -0.18555 0.96725 -0.1732 -0.18555 0.92058 -0.22459 -0.31952 0.85134 -0.30083 -0.4298 0.76466 -0.39627 -0.5082 0.76466 -0.39627 -0.5082 0.66697 -0.50383 -0.54891 0.66697 -0.50383 -0.54891 0.56553 -0.61553 -0.54891 0.56553 -0.61553 -0.54891 0.46784 -0.72309 -0.5082 0.38116 -0.81853 -0.4298 0.38116 -0.81853 -0.4298 0.31192 -0.89477 -0.31952 0.31192 -0.89477 -0.31952 0.26525 -0.94616 -0.18555 0.26525 -0.94616 -0.18555 0.5851 -0.81068 -0.02125 0.5965 -0.80258 0.0066 0.60977 -0.78749 0.08964 0.60977 -0.78749 0.08964 0.84239 -0.53136 0.08964 0.85677 -0.51553 -0.0133 0.85677 -0.51553 -0.0133 0.8331 -0.54159 -0.11236 0.80875 -0.5684 -0.15114 0.80875 -0.5684 -0.15114 0.77827 -0.60196 -0.17871 0.77827 -0.60196 -0.17871 0.74392 -0.63979 -0.19303 0.70824 -0.67907 -0.19303 0.67389 -0.71689 -0.17871 0.67389 -0.71689 -0.17871 0.64341 -0.75045 -0.15114 0.64341 -0.75045 -0.15114 0.61906 -0.77726 -0.11236 0.61906 -0.77726 -0.11236 0.59539 -0.80332 -0.0133 0.24461 -0.96888 -0.03781 0.24461 -0.96888 -0.03781 -0.09265 -0.9942 -0.0546 -0.13761 -0.99009 0.0282 -0.85599 0.51662 -0.01985 -0.8331 0.54159 -0.11236 -0.80875 0.5684 -0.15114 -0.80875 0.5684 -0.15114 -0.77827 0.60196 -0.17871 -0.77827 0.60196 -0.17871 -0.74392 0.63979 -0.19303 -0.70824 0.67907 -0.19303 -0.67389 0.71689 -0.17871 -0.67389 0.71689 -0.17871 -0.64341 0.75045 -0.15114 -0.64341 0.75045 -0.15114 -0.61906 0.77726 -0.11236 -0.61906 0.77726 -0.11236 -0.59539 0.80332 -0.0133 -0.59539 0.80332 -0.0133 -0.60977 0.78749 0.08964 -0.60977 0.78749 0.08964 -0.84239 0.53136 0.08964 -0.84239 0.53136 0.08964 -0.85614 0.51671 0.0066 -0.86134 0.50783 -0.0139 -0.66697 0.50383 -0.54891 -0.76466 0.39627 -0.5082 -0.76466 0.39627 -0.5082 -0.85134 0.30083 -0.4298 -0.92058 0.22459 -0.31952 -0.96725 0.1732 -0.18555 -0.96725 0.1732 -0.18555 -0.98789 0.15047 -0.03781 -0.947 0.1955 0.25491 -0.947 0.1955 0.25491 -0.71675 0.44902 0.53353 -0.51575 0.67034 0.53353 -0.2855 0.92386 0.25491 -0.2855 0.92386 0.25491 -0.24461 0.96888 -0.03781 -0.24461 0.96888 -0.03781 -0.26525 0.94616 -0.18555 -0.26525 0.94616 -0.18555 -0.31192 0.89477 -0.31952 -0.31192 0.89477 -0.31952 -0.38116 0.81853 -0.4298 -0.38116 0.81853 -0.4298 -0.46784 0.72309 -0.5082 -0.56553 0.61553 -0.54891 -0.56553 0.61553 -0.54891 -0.66697 0.50383 -0.54891 -0.13953 0.83843 -0.52685 0.02552 0.72881 -0.68424 -0.01427 0.90891 -0.41674 0.06978 0.87016 -0.48781 0.08572 0.95941 -0.26868 0.09287 0.95723 -0.27403 0.15037 0.9842 -0.09348 0.09265 0.9942 -0.0546 0.17302 0.98034 0.09488 0.06865 0.98456 0.16104 0.11637 0.96605 0.23066 0.09553 0.94326 0.31801 -0.04667 0.91312 0.40501 0.14807 0.90503 0.39873 -0.06908 0.82347 0.56314 0.00092 0.82229 0.56907 -0.12592 0.70596 0.69697 -0.15133 0.70588 0.69197 -0.21381 0.56939 0.79378 -0.30422 0.56624 0.76605 -0.31755 0.48871 0.81261 -0.95042 -0.20856 0.23066 -0.92973 -0.18563 0.31802 -0.92454 -0.11086 0.3646 -0.87654 -0.17111 0.44988 -0.80662 -0.06153 0.58785 -0.70795 0.06526 0.70324 -0.72507 0.07769 0.68428 -0.5416 0.18119 0.82088 -0.63904 0.23404 0.7327 -0.33729 0.30633 0.89017 -0.55612 0.39366 0.73196 -0.37894 0.42033 0.82446 -0.99012 -0.11199 0.08434 -0.93486 -0.30724 0.17787 -0.98164 -0.16896 -0.08845 -0.96526 -0.25494 -0.0573 -0.9447 -0.18566 -0.27033 -0.9457 -0.17709 -0.27256 -0.88092 -0.1586 -0.44591 -0.79492 -0.08881 -0.60018 -0.78853 0.04183 -0.61357 -0.73509 0.02836 -0.67738 -0.0988 0.72897 -0.67738 -0.15209 0.67076 -0.72591 -0.23756 0.64298 -0.72811 -0.21038 0.56738 -0.79613 -0.36412 0.479 -0.79873 -0.35343 0.44614 -0.82222 -0.49067 0.29328 -0.8205 -0.50214 0.33467 -0.7974 -0.60866 0.09026 -0.78828 -0.64403 0.24185 -0.72576 -0.68226 0.087 -0.72591 0.36509 -0.10351 0.9252 -0.09545 0.23396 0.96755 0.33213 0.87099 0.36204 -0.7861 -0.36245 0.50067 -0.69777 -0.26519 0.66543 -0.587 -0.14322 0.79682 -0.45936 -0.00267 0.88825 -0.32123 0.14941 0.93514 -0.20812 0.27573 0.93843 -0.17281 0.29975 0.93823 -0.04143 0.45749 0.88825 -0.04143 0.45749 0.88825 0.04746 0.39131 0.91903 0.04746 0.39131 0.91903 0.13566 0.32001 0.93765 0.08621 0.59804 0.79682 0.08621 0.59804 0.79682 0.17953 0.53673 0.82443 0.17953 0.53673 0.82443 0.27041 0.46837 0.84113 0.27041 0.46837 0.84113 0.19698 0.72 0.66543 0.19698 0.72 0.66543 0.29413 0.66292 0.68849 0.38734 0.59712 0.70244 0.38734 0.59712 0.70244 0.28531 0.81727 0.50067 0.28531 0.81727 0.50067 0.48058 0.69979 0.52852 0.48058 0.69979 0.52852 0.56926 0.6268 0.53203 0.65043 0.54554 0.52852 -0.04746 -0.39131 0.91903 -0.17953 -0.53673 0.82443 -0.17953 -0.53673 0.82443 -0.27041 -0.46837 0.84113 -0.38734 -0.59712 0.70244 -0.38734 -0.59712 0.70244 -0.48058 -0.69979 0.52852 -0.48058 -0.69979 0.52852 -0.56926 -0.6268 0.53203 -0.65043 -0.54554 0.52852 -0.81924 -0.56299 -0.10902 -0.81924 -0.56299 -0.10902 -0.74859 -0.65363 -0.11123 -0.74859 -0.65363 -0.11122 -0.57875 -0.80788 -0.11123 -0.48175 -0.8695 -0.10902 -0.48175 -0.8695 -0.10902 -0.78662 -0.52708 -0.32158 -0.78662 -0.52708 -0.32158 -0.71532 -0.61699 -0.3281 -0.71531 -0.61699 -0.3281 -0.63458 -0.69873 -0.33028 -0.54547 -0.77124 -0.3281 -0.54547 -0.77124 -0.3281 -0.44913 -0.83359 -0.32158 -0.65042 -0.54554 -0.52852 -0.65043 -0.54554 -0.52852 -0.56926 -0.6268 -0.53203 -0.48058 -0.69979 -0.52852 -0.45936 -0.00267 -0.88825 -0.45936 -0.00267 -0.88825 -0.38495 -0.0848 -0.91903 -0.38495 -0.0848 -0.91903 -0.3055 -0.16576 -0.93765 -0.13566 -0.32001 -0.93765 -0.13566 -0.32001 -0.93765 -0.04746 -0.39131 -0.91903 -0.32123 0.14941 -0.93514 -0.32123 0.14941 -0.93514 -0.24204 0.07255 -0.96755 -0.24204 0.07255 -0.96755 -0.1597 -0.00521 -0.98715 -0.1597 -0.00521 -0.98715 -0.07528 -0.08288 -0.99371 0.01014 -0.15946 -0.98715 0.01014 -0.15946 -0.98715 0.09545 -0.23396 -0.96755 0.09545 -0.23396 -0.96755 -0.17956 0.30541 -0.93514 -0.17956 0.30541 -0.93514 -0.09545 0.23396 -0.96755 -0.09545 0.23396 -0.96755 -0.01014 0.15946 -0.98715 -0.01014 0.15946 -0.98715 0.07528 0.08288 -0.99371 0.1597 0.00521 -0.98715 0.1597 0.00521 -0.98715 0.24204 -0.07255 -0.96755 0.24204 -0.07255 -0.96755 -0.04143 0.45749 -0.88825 -0.04143 0.45749 -0.88825 0.04746 0.39131 -0.91903 0.13566 0.32001 -0.93765 0.13566 0.32001 -0.93765 0.3055 0.16576 -0.93765 0.38495 0.0848 -0.91903 0.38495 0.0848 -0.91903 0.48058 0.69979 -0.52852 0.56926 0.6268 -0.53203 0.65042 0.54554 -0.52852 0.65043 0.54554 -0.52852 0.44913 0.83359 -0.32158 0.54547 0.77124 -0.3281 0.54547 0.77124 -0.3281 0.63458 0.69873 -0.33028 0.71531 0.61699 -0.3281 0.71531 0.61699 -0.3281 0.78662 0.52707 -0.32158 0.78662 0.52707 -0.32158 0.48175 0.8695 -0.10902 0.48175 0.8695 -0.10902 0.57875 0.80788 -0.11123 0.74859 0.65363 -0.11122 0.74859 0.65363 -0.11123 0.81924 0.56299 -0.10902 0.81924 0.56299 -0.10902 -0.27041 -0.46837 0.84113 -0.13566 -0.32001 0.93765 -0.04746 -0.39131 0.91903 0.09545 -0.23396 0.96755 0.17281 -0.29975 0.93823 0.20812 -0.27573 0.93843 -0.19698 -0.72 0.66543 -0.20077 -0.72155 0.66262 -0.08477 -0.59892 0.79631 -0.07219 -0.59314 0.80185 0.0371 -0.4544 0.89003 0.05362 -0.44497 0.89394 -0.37457 -0.917 0.13718 -0.44913 -0.83359 0.32158 -0.44913 -0.83359 0.32158 -0.54547 -0.77124 0.3281 -0.54547 -0.77124 0.3281 -0.63458 -0.69873 0.33028 -0.71531 -0.61699 0.3281 -0.71531 -0.61699 0.3281 -0.78662 -0.52708 0.32158 -0.83508 -0.4142 0.36205 -0.33213 -0.87098 0.36205 -0.28531 -0.81727 0.50067 -0.3051 -0.82305 0.47906 -0.25394 -0.78535 0.56457 -0.81924 -0.56299 0.10902 -0.81924 -0.56299 0.10902 -0.74859 -0.65363 0.11123 -0.57875 -0.80788 0.11122 -0.57875 -0.80788 0.11123 -0.48175 -0.8695 0.10902 -0.48175 -0.8695 0.10902 -0.38594 -0.91645 0.10567 -0.29413 -0.66292 -0.68849 -0.29413 -0.66292 -0.68849 -0.38734 -0.59712 -0.70244 -0.55718 -0.44287 -0.70244 -0.55718 -0.44287 -0.70244 -0.63163 -0.35641 -0.68849 -0.19217 -0.69326 -0.6946 -0.22695 -0.75548 -0.61461 -0.28531 -0.81727 -0.50067 -0.28534 -0.80938 -0.51331 -0.34155 -0.88721 -0.31017 -0.34243 -0.88526 -0.31473 -0.38117 -0.91847 -0.10548 -0.37866 -0.92052 -0.09622 -0.38023 -0.92433 0.03211 -0.8791 -0.46484 0.10536 -0.8791 -0.46484 0.10536 -0.8791 -0.46484 -0.10536 -0.8791 -0.46484 -0.10536 -0.84757 -0.43013 -0.31081 -0.84757 -0.43013 -0.31081 -0.7861 -0.36245 -0.50067 -0.7861 -0.36245 -0.50067 -0.69777 -0.26519 -0.66543 -0.51702 -0.23022 -0.82443 -0.51702 -0.23022 -0.82443 -0.44025 -0.31412 -0.84113 -0.44025 -0.31412 -0.84113 -0.27041 -0.46837 -0.84113 -0.27041 -0.46837 -0.84113 -0.17953 -0.53673 -0.82443 -0.17953 -0.53673 -0.82443 0.6806 0.24466 -0.6906 0.51702 0.23022 -0.82443 0.51702 0.23022 -0.82443 0.44025 0.31412 -0.84113 0.44025 0.31412 -0.84113 0.27041 0.46837 -0.84113 0.27041 0.46837 -0.84113 0.17953 0.53673 -0.82443 0.17953 0.53673 -0.82443 0.45936 0.00267 -0.88825 0.468 0.02548 -0.88336 0.32811 -0.15619 -0.93164 0.3359 -0.1319 -0.93262 0.17956 -0.30541 -0.93514 0.17095 -0.32778 -0.92916 0.0363 -0.45382 -0.89035 0.02754 -0.47389 -0.88016 0.29413 0.66292 -0.68849 0.38734 0.59712 -0.70244 0.55718 0.44287 -0.70244 0.55718 0.44287 -0.70244 0.69298 0.27237 -0.66753 0.8791 0.46484 0.10536 0.81924 0.56299 0.10902 0.81924 0.56299 0.10902 0.74859 0.65363 0.11123 0.57875 0.80788 0.11122 0.57875 0.80788 0.11123 0.48175 0.8695 0.10902 0.48175 0.8695 0.10902 0.86995 0.47348 0.13788 0.88357 0.46721 0.03211 0.8791 0.46484 -0.10536 0.87799 0.46889 -0.09637 0.84934 0.42693 -0.3104 0.84928 0.42406 -0.31449 0.78386 0.36619 -0.50146 0.78137 0.35655 -0.51219 0.73021 0.29843 -0.61461 0.83508 0.4142 0.36204 0.78662 0.52707 0.32158 0.71531 0.61699 0.3281 0.71531 0.61699 0.3281 0.63458 0.69873 0.33028 0.54547 0.77124 0.3281 0.54547 0.77124 0.3281 0.44913 0.83359 0.32158 0.44913 0.83359 0.32158 0.37831 0.91966 0.10536 0.37831 0.91966 0.10537 0.37831 0.91966 -0.10536 0.37831 0.91966 -0.10537 0.34678 0.88495 -0.31081 0.34678 0.88495 -0.31081 0.28531 0.81727 -0.50067 0.28531 0.81727 -0.50067 0.75734 0.32816 0.56457 -0.32123 0.14941 0.93514 -0.24204 0.07255 0.96755 -0.09545 0.23396 0.96755 -0.01014 0.15946 0.98715 0.44025 0.31412 0.84113 0.55718 0.44287 0.70244 0.63163 0.35641 0.68849 0.78228 0.36881 0.50202 0.79618 0.37227 0.47698 -0.45936 -0.00267 0.88825 -0.24204 0.07255 0.96755 -0.1597 -0.00521 0.98715 -0.01014 0.15946 0.98715 0.07528 0.08288 0.99371 0.3055 0.16576 0.93765 0.44025 0.31412 0.84113 0.51702 0.23022 0.82443 0.63163 0.35641 0.68849 0.6969 0.2665 0.66581 0.70004 0.26744 0.66213 -0.587 -0.14322 0.79682 -0.51702 -0.23022 0.82443 -0.38495 -0.0848 0.91903 -0.3055 -0.16576 0.93765 -0.1597 -0.00521 0.98715 -0.07527 -0.08288 0.99371 0.1597 0.00521 0.98715 0.3055 0.16576 0.93765 0.38495 0.0848 0.91903 0.51702 0.23022 0.82443 0.59155 0.13714 0.79452 0.57995 0.13346 0.80364 -0.69777 -0.26519 0.66543 -0.63163 -0.35641 0.68849 -0.51702 -0.23022 0.82443 -0.44025 -0.31412 0.84113 -0.3055 -0.16576 0.93765 0.01014 -0.15946 0.98715 0.1597 0.00521 0.98715 0.24204 -0.07255 0.96755 0.45936 0.00267 0.88825 0.44292 -0.00482 0.89655 -0.7861 -0.36245 0.50067 -0.55718 -0.44287 0.70244 -0.44025 -0.31412 0.84113 0.01014 -0.15946 0.98715 0.09545 -0.23396 0.96755 0.24204 -0.07255 0.96755 0.32123 -0.14941 0.93514 0.28179 -0.16864 0.94454 0.18349 -0.1829 0.96586 0.4543 -0.40332 0.79432 0.47956 -0.52158 0.70567 0.59241 -0.53802 0.59966 0.69117 -0.67482 0.25866 0.69144 -0.67413 0.25972 0.65808 -0.59769 0.45793 0.67973 -0.68641 -0.25848 0.73637 -0.66881 -0.10225 0.73918 -0.67131 0.05437 0.30516 -0.50712 -0.80604 0.5645 -0.51626 -0.64407 0.69204 -0.62519 -0.36087 0.18287 -0.16608 -0.96901 0.18349 -0.1829 -0.96586 0.53226 -0.4656 -0.70705 0.22007 0.65051 -0.72692 0.087 0.68226 -0.72591 0.02836 0.73509 -0.67738 0.04183 0.78853 -0.61357 -0.03691 0.79403 -0.60676 -0.08381 0.83762 -0.53979 -0.1356 0.88257 -0.4502 -0.20094 0.93952 -0.27735 -0.20094 0.93952 -0.27735 -0.23127 0.9692 -0.08459 -0.18766 0.98072 -0.0546 -0.23201 0.9723 0.0282 -0.22351 0.96003 0.16851 -0.13028 0.98515 0.11184 -0.20856 0.95042 0.23066 -0.18563 0.92974 0.31801 -0.11086 0.92454 0.3646 -0.14917 0.89558 0.41914 -0.10987 0.86145 0.49581 -0.05745 0.81107 0.58212 0.05821 0.70417 0.70765 0.05821 0.70417 0.70765 0.21135 0.56508 0.7975 0.23849 0.62529 0.74306 0.26917 0.51693 0.81261 0.37677 0.41485 0.82822 0.40103 0.5184 0.75527 0.42033 0.37894 0.82446 0.48871 0.31755 0.81261 0.56624 0.30422 0.76605 0.56894 0.24295 0.78568 0.69533 0.12554 0.70765 0.69533 0.12554 0.70765 0.81284 0.02067 0.58212 0.83512 0.04664 0.54809 0.86802 -0.02667 0.49581 0.92113 -0.07954 0.38103 0.91993 0.02321 0.39141 0.98374 -0.13313 0.12053 0.98456 -0.06865 0.16104 0.96605 -0.11636 0.23066 0.94326 -0.09552 0.31802 0.98693 -0.13717 -0.08459 0.95447 -0.10982 -0.27735 0.95447 -0.10982 -0.27735 0.89151 -0.05026 -0.4502 0.88789 0.00836 -0.45999 0.8418 -0.00302 -0.53979 0.76369 0.06345 -0.64246 0.81838 0.13156 -0.55942 0.72897 0.0988 -0.67738 0.67076 0.15209 -0.72591 0.64298 0.23756 -0.72811 0.13251 0.63669 -0.75965 0.29328 0.49067 -0.8205 0.29328 0.49067 -0.8205 0.46025 0.33903 -0.8205 0.46025 0.33903 -0.8205 0.59436 0.22009 -0.7735 0.92386 0.2855 0.25491 0.92386 0.2855 0.25491 0.44902 0.71675 0.53353 0.44902 0.71675 0.53353 0.1955 0.947 0.25491 0.1955 0.947 0.25491 0.15047 0.98789 -0.03781 0.1732 0.96725 -0.18555 0.1732 0.96725 -0.18555 0.22459 0.92058 -0.31952 0.30083 0.85134 -0.4298 0.39627 0.76466 -0.5082 0.39627 0.76466 -0.5082 0.50383 0.66697 -0.54891 0.50383 0.66697 -0.54891 0.61553 0.56553 -0.54891 0.61553 0.56553 -0.54891 0.72309 0.46784 -0.5082 0.81853 0.38116 -0.4298 0.81853 0.38116 -0.4298 0.89477 0.31192 -0.31952 0.89477 0.31192 -0.31952 0.94616 0.26525 -0.18555 0.94616 0.26525 -0.18555 0.81068 0.5851 -0.02125 0.80258 0.5965 0.0066 0.78749 0.60977 0.08964 0.78749 0.60977 0.08964 0.53136 0.84239 0.08964 0.51553 0.85677 -0.0133 0.51553 0.85677 -0.0133 0.54159 0.8331 -0.11236 0.5684 0.80875 -0.15114 0.5684 0.80875 -0.15114 0.60196 0.77827 -0.17871 0.60196 0.77827 -0.17871 0.63979 0.74392 -0.19303 0.67907 0.70824 -0.19303 0.71689 0.67389 -0.17871 0.71689 0.67389 -0.17871 0.75045 0.64341 -0.15114 0.75045 0.64341 -0.15114 0.77726 0.61906 -0.11236 0.77726 0.61906 -0.11236 0.80332 0.59539 -0.0133 0.96888 0.24461 -0.03781 0.96888 0.24461 -0.03781 0.9942 -0.09265 -0.0546 0.99009 -0.13761 0.0282 -0.51662 -0.85599 -0.01985 -0.54159 -0.8331 -0.11236 -0.5684 -0.80875 -0.15114 -0.5684 -0.80875 -0.15114 -0.60196 -0.77827 -0.17871 -0.60196 -0.77827 -0.17871 -0.63979 -0.74392 -0.19303 -0.67907 -0.70824 -0.19303 -0.71689 -0.67389 -0.17871 -0.71689 -0.67389 -0.17871 -0.75045 -0.64341 -0.15114 -0.75045 -0.64341 -0.15114 -0.77726 -0.61906 -0.11236 -0.77726 -0.61906 -0.11236 -0.80332 -0.59539 -0.0133 -0.80332 -0.59539 -0.0133 -0.78749 -0.60977 0.08964 -0.78749 -0.60977 0.08964 -0.53136 -0.84239 0.08964 -0.53136 -0.84239 0.08964 -0.51671 -0.85614 0.0066 -0.50783 -0.86134 -0.0139 -0.50383 -0.66697 -0.54891 -0.39627 -0.76466 -0.5082 -0.39627 -0.76466 -0.5082 -0.30083 -0.85134 -0.4298 -0.22459 -0.92058 -0.31952 -0.1732 -0.96725 -0.18555 -0.1732 -0.96725 -0.18555 -0.15047 -0.98789 -0.03781 -0.1955 -0.947 0.25491 -0.1955 -0.947 0.25491 -0.44902 -0.71675 0.53353 -0.67034 -0.51575 0.53353 -0.92386 -0.2855 0.25491 -0.92386 -0.2855 0.25491 -0.96888 -0.24461 -0.03781 -0.96888 -0.24461 -0.03781 -0.94616 -0.26525 -0.18555 -0.94616 -0.26525 -0.18555 -0.89477 -0.31192 -0.31952 -0.89477 -0.31192 -0.31952 -0.81853 -0.38116 -0.4298 -0.81853 -0.38116 -0.4298 -0.72309 -0.46784 -0.5082 -0.61553 -0.56553 -0.54891 -0.61553 -0.56553 -0.54891 -0.50383 -0.66697 -0.54891 -0.83843 -0.13953 -0.52685 -0.72881 0.02552 -0.68424 -0.90891 -0.01427 -0.41674 -0.87016 0.06978 -0.48781 -0.95941 0.08572 -0.26868 -0.95723 0.09287 -0.27403 -0.9842 0.15037 -0.09348 -0.9942 0.09265 -0.0546 -0.98034 0.17302 0.09488 -0.98456 0.06865 0.16104 -0.96605 0.11637 0.23066 -0.94326 0.09553 0.31801 -0.91312 -0.04667 0.40501 -0.90503 0.14807 0.39873 -0.82347 -0.06908 0.56314 -0.82229 0.00092 0.56907 -0.70596 -0.12592 0.69697 -0.70588 -0.15133 0.69197 -0.56939 -0.21381 0.79378 -0.56624 -0.30422 0.76605 -0.48871 -0.31755 0.81261 0.20856 -0.95042 0.23066 0.18563 -0.92973 0.31802 0.11086 -0.92454 0.3646 0.17111 -0.87654 0.44988 0.06153 -0.80662 0.58785 -0.06526 -0.70795 0.70324 -0.07769 -0.72507 0.68428 -0.18119 -0.5416 0.82088 -0.23404 -0.63904 0.7327 -0.30633 -0.33729 0.89017 -0.39366 -0.55612 0.73196 -0.42033 -0.37894 0.82446 0.11199 -0.99012 0.08434 0.30724 -0.93486 0.17787 0.16896 -0.98164 -0.08845 0.25494 -0.96526 -0.0573 0.18566 -0.9447 -0.27033 0.17709 -0.9457 -0.27256 0.1586 -0.88092 -0.44591 0.08881 -0.79492 -0.60018 -0.04183 -0.78853 -0.61357 -0.02836 -0.73509 -0.67738 -0.72897 -0.0988 -0.67738 -0.67076 -0.15209 -0.72591 -0.64298 -0.23756 -0.72811 -0.56738 -0.21038 -0.79613 -0.479 -0.36412 -0.79873 -0.44614 -0.35343 -0.82222 -0.29328 -0.49067 -0.8205 -0.33467 -0.50214 -0.7974 -0.09026 -0.60866 -0.78828 -0.24185 -0.64403 -0.72576 -0.087 -0.68226 -0.72591 0.10351 0.36509 0.9252 -0.23396 -0.09545 0.96755 -0.87099 0.33213 0.36204 0.36245 -0.7861 0.50067 0.26519 -0.69777 0.66543 0.14322 -0.587 0.79682 0.00267 -0.45936 0.88825 -0.14941 -0.32123 0.93514 -0.27573 -0.20812 0.93843 -0.29975 -0.17281 0.93823 -0.45749 -0.04143 0.88825 -0.45749 -0.04143 0.88825 -0.39131 0.04746 0.91903 -0.39131 0.04746 0.91903 -0.32001 0.13566 0.93765 -0.59804 0.08621 0.79682 -0.59804 0.08621 0.79682 -0.53673 0.17953 0.82443 -0.53673 0.17953 0.82443 -0.46837 0.27041 0.84113 -0.46837 0.27041 0.84113 -0.72 0.19698 0.66543 -0.72 0.19698 0.66543 -0.66292 0.29413 0.68849 -0.59712 0.38734 0.70244 -0.59712 0.38734 0.70244 -0.81727 0.28531 0.50067 -0.81727 0.28531 0.50067 -0.69979 0.48058 0.52852 -0.69979 0.48058 0.52852 -0.6268 0.56926 0.53203 -0.54554 0.65043 0.52852 0.39131 -0.04746 0.91903 0.53673 -0.17953 0.82443 0.53673 -0.17953 0.82443 0.46837 -0.27041 0.84113 0.59712 -0.38734 0.70244 0.59712 -0.38734 0.70244 0.69979 -0.48058 0.52852 0.69979 -0.48058 0.52852 0.6268 -0.56926 0.53203 0.54554 -0.65043 0.52852 0.56299 -0.81924 -0.10902 0.56299 -0.81924 -0.10902 0.65363 -0.74859 -0.11123 0.65363 -0.74859 -0.11122 0.80788 -0.57875 -0.11123 0.8695 -0.48175 -0.10902 0.8695 -0.48175 -0.10902 0.52708 -0.78662 -0.32158 0.52708 -0.78662 -0.32158 0.61699 -0.71532 -0.3281 0.61699 -0.71531 -0.3281 0.69873 -0.63458 -0.33028 0.77124 -0.54547 -0.3281 0.77124 -0.54547 -0.3281 0.83359 -0.44913 -0.32158 0.54554 -0.65042 -0.52852 0.54554 -0.65043 -0.52852 0.6268 -0.56926 -0.53203 0.69979 -0.48058 -0.52852 0.00267 -0.45936 -0.88825 0.00267 -0.45936 -0.88825 0.0848 -0.38495 -0.91903 0.0848 -0.38495 -0.91903 0.16576 -0.3055 -0.93765 0.32001 -0.13566 -0.93765 0.32001 -0.13566 -0.93765 0.39131 -0.04746 -0.91903 -0.14941 -0.32123 -0.93514 -0.14941 -0.32123 -0.93514 -0.07255 -0.24204 -0.96755 -0.07255 -0.24204 -0.96755 0.00521 -0.1597 -0.98715 0.00521 -0.1597 -0.98715 0.08288 -0.07528 -0.99371 0.15946 0.01014 -0.98715 0.15946 0.01014 -0.98715 0.23396 0.09545 -0.96755 0.23396 0.09545 -0.96755 -0.30541 -0.17956 -0.93514 -0.30541 -0.17956 -0.93514 -0.23396 -0.09545 -0.96755 -0.23396 -0.09545 -0.96755 -0.15946 -0.01014 -0.98715 -0.15946 -0.01014 -0.98715 -0.08288 0.07528 -0.99371 -0.00521 0.1597 -0.98715 -0.00521 0.1597 -0.98715 0.07255 0.24204 -0.96755 0.07255 0.24204 -0.96755 -0.45749 -0.04143 -0.88825 -0.45749 -0.04143 -0.88825 -0.39131 0.04746 -0.91903 -0.32001 0.13566 -0.93765 -0.32001 0.13566 -0.93765 -0.16576 0.3055 -0.93765 -0.0848 0.38495 -0.91903 -0.0848 0.38495 -0.91903 -0.69979 0.48058 -0.52852 -0.6268 0.56926 -0.53203 -0.54554 0.65042 -0.52852 -0.54554 0.65043 -0.52852 -0.83359 0.44913 -0.32158 -0.77124 0.54547 -0.3281 -0.77124 0.54547 -0.3281 -0.69873 0.63458 -0.33028 -0.61699 0.71531 -0.3281 -0.61699 0.71531 -0.3281 -0.52707 0.78662 -0.32158 -0.52707 0.78662 -0.32158 -0.8695 0.48175 -0.10902 -0.8695 0.48175 -0.10902 -0.80788 0.57875 -0.11123 -0.65363 0.74859 -0.11122 -0.65363 0.74859 -0.11123 -0.56299 0.81924 -0.10902 -0.56299 0.81924 -0.10902 0.46837 -0.27041 0.84113 0.32001 -0.13566 0.93765 0.39131 -0.04746 0.91903 0.23396 0.09545 0.96755 0.29975 0.17281 0.93823 0.27573 0.20812 0.93843 0.72 -0.19698 0.66543 0.72155 -0.20077 0.66262 0.59892 -0.08477 0.79631 0.59314 -0.07219 0.80185 0.4544 0.0371 0.89003 0.44497 0.05362 0.89394 0.917 -0.37457 0.13718 0.83359 -0.44913 0.32158 0.83359 -0.44913 0.32158 0.77124 -0.54547 0.3281 0.77124 -0.54547 0.3281 0.69873 -0.63458 0.33028 0.61699 -0.71531 0.3281 0.61699 -0.71531 0.3281 0.52708 -0.78662 0.32158 0.4142 -0.83508 0.36205 0.87098 -0.33213 0.36205 0.81727 -0.28531 0.50067 0.82305 -0.3051 0.47906 0.78535 -0.25394 0.56457 0.56299 -0.81924 0.10902 0.56299 -0.81924 0.10902 0.65363 -0.74859 0.11123 0.80788 -0.57875 0.11122 0.80788 -0.57875 0.11123 0.8695 -0.48175 0.10902 0.8695 -0.48175 0.10902 0.91645 -0.38594 0.10567 0.66292 -0.29413 -0.68849 0.66292 -0.29413 -0.68849 0.59712 -0.38734 -0.70244 0.44287 -0.55718 -0.70244 0.44287 -0.55718 -0.70244 0.35641 -0.63163 -0.68849 0.69326 -0.19217 -0.6946 0.75548 -0.22695 -0.61461 0.81727 -0.28531 -0.50067 0.80938 -0.28534 -0.51331 0.88721 -0.34155 -0.31017 0.88526 -0.34243 -0.31473 0.91847 -0.38117 -0.10548 0.92052 -0.37866 -0.09622 0.92433 -0.38023 0.03211 0.46484 -0.8791 0.10536 0.46484 -0.8791 0.10536 0.46484 -0.8791 -0.10536 0.46484 -0.8791 -0.10536 0.43013 -0.84757 -0.31081 0.43013 -0.84757 -0.31081 0.36245 -0.7861 -0.50067 0.36245 -0.7861 -0.50067 0.26519 -0.69777 -0.66543 0.23022 -0.51702 -0.82443 0.23022 -0.51702 -0.82443 0.31412 -0.44025 -0.84113 0.31412 -0.44025 -0.84113 0.46837 -0.27041 -0.84113 0.46837 -0.27041 -0.84113 0.53673 -0.17953 -0.82443 0.53673 -0.17953 -0.82443 -0.24466 0.6806 -0.6906 -0.23022 0.51702 -0.82443 -0.23022 0.51702 -0.82443 -0.31412 0.44025 -0.84113 -0.31412 0.44025 -0.84113 -0.46837 0.27041 -0.84113 -0.46837 0.27041 -0.84113 -0.53673 0.17953 -0.82443 -0.53673 0.17953 -0.82443 -0.00267 0.45936 -0.88825 -0.02548 0.468 -0.88336 0.15619 0.32811 -0.93164 0.1319 0.3359 -0.93262 0.30541 0.17956 -0.93514 0.32778 0.17095 -0.92916 0.45382 0.0363 -0.89035 0.47389 0.02754 -0.88016 -0.66292 0.29413 -0.68849 -0.59712 0.38734 -0.70244 -0.44287 0.55718 -0.70244 -0.44287 0.55718 -0.70244 -0.27237 0.69298 -0.66753 -0.46484 0.8791 0.10536 -0.56299 0.81924 0.10902 -0.56299 0.81924 0.10902 -0.65363 0.74859 0.11123 -0.80788 0.57875 0.11122 -0.80788 0.57875 0.11123 -0.8695 0.48175 0.10902 -0.8695 0.48175 0.10902 -0.47348 0.86995 0.13788 -0.46721 0.88357 0.03211 -0.46484 0.8791 -0.10536 -0.46889 0.87799 -0.09637 -0.42693 0.84934 -0.3104 -0.42406 0.84928 -0.31449 -0.36619 0.78386 -0.50146 -0.35655 0.78137 -0.51219 -0.29843 0.73021 -0.61461 -0.4142 0.83508 0.36204 -0.52707 0.78662 0.32158 -0.61699 0.71531 0.3281 -0.61699 0.71531 0.3281 -0.69873 0.63458 0.33028 -0.77124 0.54547 0.3281 -0.77124 0.54547 0.3281 -0.83359 0.44913 0.32158 -0.83359 0.44913 0.32158 -0.91966 0.37831 0.10536 -0.91966 0.37831 0.10537 -0.91966 0.37831 -0.10536 -0.91966 0.37831 -0.10537 -0.88495 0.34678 -0.31081 -0.88495 0.34678 -0.31081 -0.81727 0.28531 -0.50067 -0.81727 0.28531 -0.50067 -0.32816 0.75734 0.56457 -0.14941 -0.32123 0.93514 -0.07255 -0.24204 0.96755 -0.23396 -0.09545 0.96755 -0.15946 -0.01014 0.98715 -0.31412 0.44025 0.84113 -0.44287 0.55718 0.70244 -0.35641 0.63163 0.68849 -0.36881 0.78228 0.50202 -0.37227 0.79618 0.47698 0.00267 -0.45936 0.88825 -0.07255 -0.24204 0.96755 0.00521 -0.1597 0.98715 -0.15946 -0.01014 0.98715 -0.08288 0.07528 0.99371 -0.16576 0.3055 0.93765 -0.31412 0.44025 0.84113 -0.23022 0.51702 0.82443 -0.35641 0.63163 0.68849 -0.2665 0.6969 0.66581 -0.26744 0.70004 0.66213 0.14322 -0.587 0.79682 0.23022 -0.51702 0.82443 0.0848 -0.38495 0.91903 0.16576 -0.3055 0.93765 0.00521 -0.1597 0.98715 0.08288 -0.07527 0.99371 -0.00521 0.1597 0.98715 -0.16576 0.3055 0.93765 -0.0848 0.38495 0.91903 -0.23022 0.51702 0.82443 -0.13714 0.59155 0.79452 -0.13346 0.57995 0.80364 0.26519 -0.69777 0.66543 0.35641 -0.63163 0.68849 0.23022 -0.51702 0.82443 0.31412 -0.44025 0.84113 0.16576 -0.3055 0.93765 0.15946 0.01014 0.98715 -0.00521 0.1597 0.98715 0.07255 0.24204 0.96755 -0.00267 0.45936 0.88825 0.00482 0.44292 0.89655 0.36245 -0.7861 0.50067 0.44287 -0.55718 0.70244 0.31412 -0.44025 0.84113 0.15946 0.01014 0.98715 0.23396 0.09545 0.96755 0.07255 0.24204 0.96755 0.14941 0.32123 0.93514 0.16864 0.28179 0.94454 0 0 1 -0.48787 -0.87292 0 -0.64968 -0.7602 0 -0.82205 -0.56941 0 -0.82819 -0.56041 -0.00585 -0.78713 -0.61671 0.00983 -0.85264 -0.52239 -0.01067 -0.82252 -0.56872 0.00355 -0.88222 -0.47083 -0.0031 -0.86641 -0.49932 0.00421 -0.90888 -0.41705 -0.00284 -0.9017 -0.43237 0 -0.69889 -0.71523 0 -0.74932 -0.66212 -0.01063 -0.72846 -0.68509 -0.00155 -0.77677 -0.62979 0 -0.79656 -0.60456 -0 -0.59974 -0.80016 -0.00767 -0.612 -0.79085 -0.00374 -0.56011 -0.82842 0 -0.34133 -0.93995 0 -0.34364 -0.9391 0.00039 -0.41039 -0.91191 -0.0004 -0.39994 -0.91654 -0.0021 -0.48714 -0.87332 0.00355 -0.44647 -0.89476 -0.00828 -0.53832 -0.84272 0.00619 -0.49546 -0.86863 -0.00299 -0.5339 -0.84555 -0 0.87292 -0.48787 0 0.7602 -0.64968 0 0.56941 -0.82205 0 0.56041 -0.82819 -0.00585 0.61671 -0.78713 0.00983 0.52239 -0.85264 -0.01067 0.56872 -0.82252 0.00355 0.47083 -0.88222 -0.0031 0.49932 -0.86641 0.00421 0.41705 -0.90888 -0.00284 0.43237 -0.9017 0 0.71523 -0.69889 -0 0.66212 -0.74932 -0.01063 0.68509 -0.72846 -0.00155 0.62979 -0.77677 0 0.60456 -0.79656 -0 0.80016 -0.59974 -0.00767 0.79085 -0.612 -0.00374 0.82842 -0.56011 0 0.93995 -0.34133 -0 0.9391 -0.34364 0.00039 0.91191 -0.41039 -0.0004 0.91654 -0.39994 -0.0021 0.87332 -0.48714 0.00355 0.89476 -0.44647 -0.00828 0.84272 -0.53832 0.00619 0.86863 -0.49546 -0.00299 0.84555 -0.5339 -0 0.24853 -0.17226 -0.95318 0.24899 -0.15902 -0.95536 0.24436 -0.17843 -0.95313 0.23968 -0.18496 -0.95307 0.24307 -0.1804 -0.95309 0.23922 -0.18543 -0.95309 0.24539 -0.17779 -0.95298 0.25039 -0.17239 -0.95267 0.24859 -0.17284 -0.95306 0.25952 -0.15616 -0.95303 0.20387 -0.22365 -0.95311 0.2006 -0.22711 -0.95299 0.19563 -0.23268 -0.95267 0.19591 -0.23083 -0.95307 0.18037 -0.24333 -0.95303 0.20294 -0.22455 -0.9531 0.19585 -0.23041 -0.95318 0.18255 -0.23305 -0.95518 0.19805 -0.22917 -0.95303 0.20545 -0.2223 -0.95309 0.20851 -0.21949 -0.95307 0.22347 -0.20295 -0.95335 0.22348 -0.20295 -0.95335 0.2385 -0.18646 -0.95307 0.31299 0.51669 0.79691 0.19952 0.33154 0.9221 0.32856 0.24352 0.91255 0.30904 0.24514 0.91891 0.31081 0.26608 0.91247 0.31461 0.27671 0.90799 0.29523 0.28287 0.91259 0.27524 0.30304 0.91237 0.27524 0.30304 0.91237 0.25362 0.44035 0.86126 0.21941 0.34498 0.9126 0.23964 0.33191 0.91237 0.24266 0.34578 0.9064 0.25324 0.32101 0.91259 0.3716 0.63581 0.6765 0.34739 0.59323 0.72622 0.4948 0.79038 0.3612 0.49753 0.7893 0.35983 0.51755 0.78182 0.3477 0.51184 0.78303 0.35339 0.48756 0.78361 0.38503 0.44573 0.76187 0.46998 0.42807 0.66683 0.60999 0.54342 0.75798 0.36078 0.54417 0.75369 0.36856 0.58489 0.72624 0.36122 0.62708 0.6904 0.36073 0.62708 0.6904 0.36073 0.70033 0.61597 0.36073 0.70033 0.61597 0.36073 0.73486 0.54948 0.39755 0.73926 0.56835 0.3612 0.72989 0.58611 0.35176 0.74709 0.57894 0.32662 0.59006 0.42615 0.68573 0.62921 0.45936 0.62696 0.64849 0.51532 0.56028 0.4097 0.2927 0.86398 0.45004 0.32815 0.83053 0.4844 0.36441 0.79534 0.42189 0.69667 0.58023 0.47696 0.66061 0.57975 0.47696 0.66061 0.57975 0.54782 0.60314 0.57975 0.54783 0.60314 0.57975 0.61182 0.53812 0.57975 0.61182 0.53812 0.57975 0.64642 0.49534 0.58032 0.70368 0.51607 0.48838 0.33168 0.52851 0.78146 0.36559 0.50636 0.78099 0.36559 0.50636 0.78099 0.41991 0.46231 0.78099 0.41991 0.46231 0.78099 0.46896 0.41247 0.78099 0.46896 0.41247 0.78099 0.49373 0.38152 0.78146 0.55195 0.39946 0.73197 0.04019 0.05393 0.99774 0.16063 0.15608 0.9746 -0.00023 0.01757 0.99985 0.00091 0.00897 0.99996 0.01297 0.03045 0.99945 0.00986 0.03699 0.99927 0.03188 0.04407 0.99852 0.17654 0.14116 0.97412 0.05615 0.03182 0.99791 0.04096 0.02978 0.99872 0.02752 0.01025 0.99957 0.0275 0.01026 0.99957 0.00639 0.00128 0.99998 0.01231 0.00103 0.99992 0.17689 0.14553 0.97341 0.15415 0.16973 0.97336 0.12788 0.19005 0.97341 0.12356 0.18927 0.97412 0.16329 0.15408 0.97447 0.08605 0.17634 0.98056 0.05952 0.04585 0.99717 0.03149 0.07064 0.997 0.031 0.07057 0.99702 0.04212 0.06451 0.99703 0.04212 0.06451 0.99703 0.0518 0.05703 0.99703 0.06017 0.04812 0.99703 0.06017 0.04812 0.99703 0.06065 0.04742 0.99703 0.15061 0.08192 0.98519 0.22365 0.20387 -0.95311 0.22711 0.2006 -0.95299 0.23268 0.19563 -0.95267 0.23083 0.19591 -0.95307 0.24333 0.18037 -0.95303 0.22455 0.20294 -0.9531 0.23041 0.19585 -0.95318 0.23305 0.18255 -0.95518 0.17226 0.24853 -0.95318 0.15902 0.24899 -0.95536 0.17839 0.24439 -0.95313 0.18431 0.24018 -0.95307 0.17877 0.2443 -0.95308 0.18633 0.23852 -0.95309 0.17812 0.24508 -0.953 0.17239 0.25039 -0.95267 0.17284 0.24859 -0.95306 0.15616 0.25952 -0.95303 0.22917 0.19805 -0.95303 0.2223 0.20545 -0.95309 0.21949 0.20851 -0.95307 0.20295 0.22347 -0.95335 0.20295 0.22348 -0.95335 0.18646 0.2385 -0.95307 -0.22365 -0.20387 -0.95311 -0.22711 -0.2006 -0.95299 -0.23268 -0.19563 -0.95267 -0.23083 -0.19591 -0.95307 -0.24333 -0.18037 -0.95303 -0.22455 -0.20294 -0.9531 -0.23041 -0.19585 -0.95318 -0.23305 -0.18255 -0.95518 -0.17226 -0.24853 -0.95318 -0.15902 -0.24899 -0.95536 -0.17843 -0.24436 -0.95313 -0.18496 -0.23968 -0.95307 -0.1804 -0.24307 -0.95309 -0.18543 -0.23922 -0.95309 -0.17779 -0.24539 -0.95298 -0.17239 -0.25039 -0.95267 -0.17284 -0.24859 -0.95306 -0.15616 -0.25952 -0.95303 -0.22917 -0.19805 -0.95303 -0.2223 -0.20545 -0.95309 -0.21949 -0.20851 -0.95307 -0.20295 -0.22347 -0.95335 -0.20295 -0.22348 -0.95335 -0.18646 -0.2385 -0.95307 -0.20387 0.22365 -0.95311 -0.2006 0.22711 -0.95299 -0.19563 0.23268 -0.95267 -0.19591 0.23083 -0.95307 -0.18037 0.24333 -0.95303 -0.20294 0.22455 -0.9531 -0.19585 0.23041 -0.95318 -0.18255 0.23305 -0.95518 -0.24853 0.17226 -0.95318 -0.24899 0.15902 -0.95536 -0.24436 0.17843 -0.95313 -0.23968 0.18496 -0.95307 -0.24307 0.1804 -0.95309 -0.23922 0.18543 -0.95309 -0.24539 0.17779 -0.95298 -0.25039 0.17239 -0.95267 -0.24859 0.17284 -0.95306 -0.25952 0.15616 -0.95303 -0.19805 0.22917 -0.95303 -0.20545 0.2223 -0.95309 -0.20851 0.21949 -0.95307 -0.22347 0.20295 -0.95335 -0.22348 0.20295 -0.95335 -0.2385 0.18646 -0.95307 0.33154 -0.19952 0.9221 0.51669 -0.31299 0.79691 0.44035 -0.25362 0.86126 0.63581 -0.3716 0.6765 0.59323 -0.34739 0.72622 0.79038 -0.4948 0.3612 0.78822 -0.5002 0.35847 0.78185 -0.51745 0.34778 0.78319 -0.50991 0.35581 0.78375 -0.48833 0.38374 0.76271 -0.44585 0.4685 0.66683 -0.42807 0.60999 0.75798 -0.54342 0.36078 0.75369 -0.54417 0.36856 0.72624 -0.58489 0.36122 0.6904 -0.62708 0.36073 0.6904 -0.62708 0.36073 0.61597 -0.70033 0.36073 0.61597 -0.70033 0.36073 0.55182 -0.73462 0.39474 0.56835 -0.73926 0.3612 0.58611 -0.72989 0.35176 0.57894 -0.74708 0.32665 0.42615 -0.59006 0.68573 0.45916 -0.62898 0.62734 0.51502 -0.64846 0.56058 0.2927 -0.4097 0.86398 0.32815 -0.45004 0.83053 0.36441 -0.4844 0.79534 0.34498 -0.21941 0.9126 0.33191 -0.23964 0.91237 0.33191 -0.23964 0.91237 0.30304 -0.27524 0.91237 0.30304 -0.27524 0.91237 0.27037 -0.3074 0.91237 0.27037 -0.30739 0.91237 0.24352 -0.32856 0.91255 0.24514 -0.30904 0.91891 0.69667 -0.42189 0.58023 0.66061 -0.47696 0.57975 0.66061 -0.47696 0.57975 0.60314 -0.54782 0.57975 0.60314 -0.54783 0.57975 0.53812 -0.61182 0.57975 0.53812 -0.61182 0.57975 0.49534 -0.64642 0.58032 0.5168 -0.70589 0.48439 0.52851 -0.33168 0.78146 0.50636 -0.36559 0.78099 0.50636 -0.36559 0.78099 0.46231 -0.41991 0.78099 0.46231 -0.41991 0.78099 0.41247 -0.46896 0.78099 0.41247 -0.46896 0.78099 0.38152 -0.49373 0.78146 0.39946 -0.55195 0.73197 -0.19952 -0.33154 0.9221 -0.31299 -0.51669 0.79691 -0.25362 -0.44035 0.86126 -0.3723 -0.63669 0.67529 -0.3477 -0.59459 0.72496 -0.4948 -0.79038 0.3612 -0.49751 -0.7893 0.35984 -0.51756 -0.78182 0.34769 -0.51201 -0.783 0.35322 -0.4877 -0.78367 0.38472 -0.44573 -0.76187 0.46998 -0.42807 -0.66683 0.60999 -0.54342 -0.75798 0.36078 -0.54417 -0.75369 0.36856 -0.58489 -0.72624 0.36122 -0.62708 -0.6904 0.36073 -0.62708 -0.6904 0.36073 -0.70033 -0.61597 0.36073 -0.70033 -0.61597 0.36073 -0.73462 -0.55182 0.39474 -0.73926 -0.56835 0.3612 -0.72989 -0.58611 0.35176 -0.74708 -0.57894 0.32665 -0.59006 -0.42615 0.68573 -0.62898 -0.45916 0.62734 -0.64846 -0.51502 0.56058 -0.4097 -0.2927 0.86398 -0.45004 -0.32815 0.83053 -0.4844 -0.36441 0.79534 -0.21941 -0.34498 0.9126 -0.23964 -0.33191 0.91237 -0.23964 -0.33191 0.91237 -0.27524 -0.30304 0.91237 -0.27524 -0.30304 0.91237 -0.3074 -0.27037 0.91237 -0.30739 -0.27037 0.91237 -0.32856 -0.24352 0.91255 -0.30904 -0.24514 0.91891 -0.42189 -0.69667 0.58023 -0.47696 -0.66061 0.57975 -0.47696 -0.66061 0.57975 -0.54782 -0.60314 0.57975 -0.54783 -0.60314 0.57975 -0.61182 -0.53812 0.57975 -0.61182 -0.53812 0.57975 -0.64642 -0.49534 0.58032 -0.70589 -0.5168 0.48439 -0.33168 -0.52851 0.78146 -0.36559 -0.50636 0.78099 -0.36559 -0.50636 0.78099 -0.41991 -0.46231 0.78099 -0.41991 -0.46231 0.78099 -0.46896 -0.41247 0.78099 -0.46896 -0.41247 0.78099 -0.49373 -0.38152 0.78146 -0.55195 -0.39946 0.73197 -0.51669 0.31299 0.79691 -0.33154 0.19952 0.9221 -0.2927 0.4097 0.86399 -0.24514 0.30904 0.91891 -0.24352 0.32856 0.91255 -0.27037 0.30739 0.91237 -0.27037 0.3074 0.91237 -0.30304 0.27524 0.91237 -0.30304 0.27524 0.91237 -0.44035 0.25362 0.86126 -0.34498 0.21941 0.9126 -0.33191 0.23964 0.91237 -0.34578 0.24266 0.9064 -0.32101 0.25324 0.91259 -0.63581 0.3716 0.6765 -0.59323 0.34739 0.72622 -0.79038 0.4948 0.3612 -0.7893 0.49753 0.35983 -0.78182 0.51755 0.3477 -0.78303 0.51184 0.35339 -0.78361 0.48756 0.38503 -0.76187 0.44573 0.46998 -0.66683 0.42807 0.60999 -0.75798 0.54342 0.36078 -0.75369 0.54417 0.36856 -0.72624 0.58489 0.36122 -0.6904 0.62708 0.36073 -0.6904 0.62708 0.36073 -0.61597 0.70033 0.36073 -0.61597 0.70033 0.36073 -0.55182 0.73462 0.39474 -0.56835 0.73926 0.3612 -0.58611 0.72989 0.35176 -0.57894 0.74708 0.32665 -0.51564 0.64865 0.55979 -0.45916 0.62898 0.62734 -0.37656 0.47837 0.79333 -0.39985 0.55326 0.73077 -0.42689 0.59094 0.68451 -0.69667 0.42189 0.58023 -0.66061 0.47696 0.57975 -0.66061 0.47696 0.57975 -0.60314 0.54782 0.57975 -0.60314 0.54783 0.57975 -0.53812 0.61182 0.57975 -0.53812 0.61182 0.57975 -0.49501 0.64667 0.58032 -0.51721 0.70625 0.48343 -0.52851 0.33168 0.78146 -0.50636 0.36559 0.78099 -0.50636 0.36559 0.78099 -0.46231 0.41991 0.78099 -0.46231 0.41991 0.78099 -0.41247 0.46896 0.78099 -0.41247 0.46896 0.78099 -0.37285 0.50044 0.78137 -0.37162 0.43007 0.82276 0.23042 -0.31086 -0.9221 0.35042 -0.21086 -0.91255 0.33114 -0.21434 -0.91891 0.33588 -0.23353 -0.91249 0.34122 -0.24632 -0.90713 0.32213 -0.25185 -0.91258 0.30306 -0.27522 -0.91237 0.30306 -0.27522 -0.91237 0.29472 -0.41397 -0.86126 0.25151 -0.32233 -0.9126 0.27039 -0.30737 -0.91237 0.27617 -0.3254 -0.90435 0.28162 -0.29645 -0.91258 0.40273 -0.55715 -0.72622 0.58464 -0.73028 -0.35339 0.59021 -0.72853 -0.3477 0.56053 -0.73319 -0.38503 0.51681 -0.71556 -0.46998 0.4901 -0.62266 -0.60999 0.79041 -0.49476 -0.3612 0.75622 -0.5459 -0.36073 0.75622 -0.5459 -0.36073 0.69046 -0.62701 -0.36073 0.69046 -0.62701 -0.36073 0.61603 -0.70027 -0.36073 0.61603 -0.70027 -0.36073 0.56838 -0.73924 -0.3612 0.571 -0.73789 -0.35983 0.79922 -0.50455 -0.32662 0.78278 -0.51334 -0.35176 0.78422 -0.4764 -0.39755 0.74997 -0.44613 -0.48838 0.69496 -0.45069 -0.56027 0.58774 -0.34463 -0.73197 0.62824 -0.36754 -0.68573 0.6704 -0.39684 -0.62696 0.43591 -0.25202 -0.86398 0.47946 -0.28343 -0.83053 0.51715 -0.31623 -0.79534 0.52807 -0.33236 -0.78146 0.50639 -0.36555 -0.78099 0.50639 -0.36555 -0.78099 0.46235 -0.41987 -0.78099 0.46235 -0.41987 -0.78099 0.41251 -0.46892 -0.78099 0.41251 -0.46892 -0.78099 0.38088 -0.49423 -0.78146 0.36114 -0.48426 -0.79691 0.69099 -0.431 -0.58032 0.66065 -0.4769 -0.57975 0.66065 -0.4769 -0.57975 0.60319 -0.54777 -0.57975 0.60319 -0.54777 -0.57975 0.53817 -0.61177 -0.57975 0.53818 -0.61177 -0.57975 0.48681 -0.65295 -0.58023 0.43091 -0.59721 -0.6765 0.31086 0.23042 -0.9221 0.55715 0.40273 -0.72622 0.73063 0.58274 -0.35581 0.72857 0.59011 -0.34778 0.73326 0.56131 -0.38374 0.71639 0.517 -0.4685 0.62266 0.4901 -0.60999 0.49476 0.79041 -0.3612 0.5459 0.75622 -0.36073 0.5459 0.75622 -0.36073 0.62701 0.69046 -0.36073 0.62701 0.69046 -0.36073 0.70027 0.61603 -0.36073 0.70027 0.61603 -0.36073 0.73924 0.56838 -0.3612 0.73656 0.57356 -0.35847 0.50455 0.7992 -0.32665 0.51334 0.78278 -0.35176 0.47875 0.7842 -0.39474 0.44665 0.75224 -0.48439 0.4504 0.6949 -0.56058 0.34463 0.58774 -0.73197 0.36754 0.62824 -0.68573 0.39666 0.67015 -0.62734 0.28343 0.47946 -0.83053 0.31623 0.51715 -0.79534 0.21086 0.35042 -0.91255 0.21434 0.33114 -0.91891 0.25202 0.43591 -0.86398 0.23353 0.33588 -0.91249 0.24632 0.34122 -0.90713 0.25185 0.32213 -0.91258 0.27522 0.30306 -0.91237 0.27522 0.30306 -0.91237 0.41397 0.29472 -0.86126 0.32233 0.25151 -0.9126 0.30737 0.27039 -0.91237 0.3254 0.27617 -0.90435 0.29645 0.28162 -0.91258 0.33236 0.52807 -0.78146 0.36555 0.50639 -0.78099 0.36555 0.50639 -0.78099 0.41987 0.46235 -0.78099 0.41987 0.46235 -0.78099 0.46892 0.41251 -0.78099 0.46892 0.41251 -0.78099 0.49423 0.38088 -0.78146 0.48426 0.36114 -0.79691 0.431 0.69099 -0.58032 0.4769 0.66065 -0.57975 0.4769 0.66065 -0.57975 0.54777 0.60319 -0.57975 0.54777 0.60319 -0.57975 0.61177 0.53817 -0.57975 0.61177 0.53818 -0.57975 0.65295 0.48681 -0.58023 0.59721 0.43091 -0.6765 -0.23042 0.31086 -0.9221 -0.40317 0.55847 -0.72496 -0.58481 0.73023 -0.35322 -0.59022 0.72853 -0.34769 -0.56068 0.73324 -0.38472 -0.51681 0.71556 -0.46998 -0.4901 0.62266 -0.60999 -0.79041 0.49476 -0.3612 -0.75622 0.5459 -0.36073 -0.75622 0.5459 -0.36073 -0.69046 0.62701 -0.36073 -0.69046 0.62701 -0.36073 -0.61603 0.70027 -0.36073 -0.61603 0.70027 -0.36073 -0.56838 0.73924 -0.3612 -0.57098 0.7379 -0.35984 -0.7992 0.50455 -0.32665 -0.78278 0.51334 -0.35176 -0.7842 0.47875 -0.39474 -0.75224 0.44665 -0.48439 -0.6949 0.4504 -0.56058 -0.58774 0.34463 -0.73197 -0.62824 0.36754 -0.68573 -0.67015 0.39666 -0.62734 -0.47946 0.28343 -0.83053 -0.51715 0.31623 -0.79534 -0.35042 0.21086 -0.91255 -0.33114 0.21434 -0.91891 -0.43591 0.25202 -0.86398 -0.33588 0.23353 -0.91249 -0.34122 0.24632 -0.90713 -0.32213 0.25185 -0.91258 -0.30306 0.27522 -0.91237 -0.30306 0.27522 -0.91237 -0.29472 0.41397 -0.86126 -0.25151 0.32233 -0.9126 -0.27039 0.30737 -0.91237 -0.27617 0.3254 -0.90435 -0.28162 0.29645 -0.91258 -0.52807 0.33236 -0.78146 -0.50639 0.36555 -0.78099 -0.50639 0.36555 -0.78099 -0.46235 0.41987 -0.78099 -0.46235 0.41987 -0.78099 -0.41251 0.46892 -0.78099 -0.41251 0.46892 -0.78099 -0.38088 0.49423 -0.78146 -0.36114 0.48426 -0.79691 -0.69099 0.431 -0.58032 -0.66065 0.4769 -0.57975 -0.66065 0.4769 -0.57975 -0.60319 0.54777 -0.57975 -0.60319 0.54777 -0.57975 -0.53817 0.61177 -0.57975 -0.53818 0.61177 -0.57975 -0.48681 0.65295 -0.58023 -0.4317 0.59801 -0.67529 -0.31086 -0.23042 -0.9221 -0.21086 -0.35042 -0.91255 -0.21434 -0.33114 -0.91891 -0.25202 -0.43591 -0.86399 -0.23353 -0.33588 -0.91249 -0.24632 -0.34122 -0.90713 -0.25185 -0.32213 -0.91258 -0.27522 -0.30306 -0.91237 -0.27522 -0.30306 -0.91237 -0.41397 -0.29472 -0.86126 -0.32233 -0.25151 -0.9126 -0.30737 -0.27039 -0.91237 -0.3254 -0.27617 -0.90435 -0.29645 -0.28162 -0.91258 -0.55715 -0.40273 -0.72622 -0.73028 -0.58464 -0.35339 -0.72853 -0.59021 -0.3477 -0.73319 -0.56053 -0.38503 -0.71556 -0.51681 -0.46998 -0.62266 -0.4901 -0.60999 -0.49476 -0.79041 -0.3612 -0.5459 -0.75622 -0.36073 -0.5459 -0.75622 -0.36073 -0.62701 -0.69046 -0.36073 -0.62701 -0.69046 -0.36073 -0.70027 -0.61603 -0.36073 -0.70027 -0.61603 -0.36073 -0.73924 -0.56838 -0.3612 -0.73789 -0.571 -0.35983 -0.50455 -0.7992 -0.32665 -0.51334 -0.78278 -0.35176 -0.47875 -0.7842 -0.39474 -0.44703 -0.75263 -0.48343 -0.45099 -0.69515 -0.55979 -0.39666 -0.67015 -0.62734 -0.32862 -0.46376 -0.82276 -0.3289 -0.5123 -0.79333 -0.34489 -0.58909 -0.73077 -0.36819 -0.62919 -0.68451 -0.32309 -0.53392 -0.78137 -0.36555 -0.50639 -0.78099 -0.36555 -0.50639 -0.78099 -0.41987 -0.46235 -0.78099 -0.41987 -0.46235 -0.78099 -0.46892 -0.41251 -0.78099 -0.46892 -0.41251 -0.78099 -0.49423 -0.38088 -0.78146 -0.48426 -0.36114 -0.79691 -0.43065 -0.69121 -0.58032 -0.4769 -0.66065 -0.57975 -0.4769 -0.66065 -0.57975 -0.54777 -0.60319 -0.57975 -0.54777 -0.60319 -0.57975 -0.61177 -0.53817 -0.57975 -0.61177 -0.53818 -0.57975 -0.65295 -0.48681 -0.58023 -0.59721 -0.43091 -0.6765 0.05393 -0.04019 0.99774 0.15608 -0.16063 0.9746 0.14116 -0.17654 0.97412 0.03182 -0.05615 0.99791 0.02978 -0.04096 0.99872 0.01025 -0.02752 0.99957 0.01026 -0.0275 0.99957 0.00128 -0.00639 0.99998 0.00103 -0.01231 0.99992 0.01757 0.00023 0.99985 0.00897 -0.00091 0.99996 0.03045 -0.01297 0.99945 0.03699 -0.00986 0.99927 0.04407 -0.03188 0.99852 0.14553 -0.17689 0.97341 0.16973 -0.15415 0.97336 0.19005 -0.12788 0.97341 0.18927 -0.12356 0.97412 0.15408 -0.16329 0.97447 0.17634 -0.08605 0.98056 0.04585 -0.05952 0.99717 0.07064 -0.03149 0.997 0.07057 -0.031 0.99702 0.06451 -0.04212 0.99703 0.06451 -0.04212 0.99703 0.05703 -0.0518 0.99703 0.04812 -0.06017 0.99703 0.04812 -0.06017 0.99703 0.04742 -0.06065 0.99703 0.08192 -0.15061 0.98519 -0.05402 0.03946 0.99776 -0.15655 0.15877 0.97482 -0.01654 -0.00014 0.99986 -0.00892 0.00098 0.99996 -0.03184 0.01275 0.99941 -0.03687 0.01012 0.99927 -0.04505 0.03167 0.99848 -0.14032 0.17685 0.97418 -0.03163 0.05619 0.99792 -0.0298 0.04073 0.99873 -0.0102 0.02754 0.99957 -0.01027 0.02741 0.99957 -0.00128 0.00641 0.99998 -0.00103 0.01236 0.99992 -0.14514 0.17718 0.97342 -0.169 0.15494 0.97336 -0.169 0.15494 0.97336 -0.18975 0.12839 0.9734 -0.18907 0.12496 0.97398 -0.15946 0.1613 0.97394 -0.17562 0.08628 0.98067 -0.04847 0.05889 0.99709 -0.07053 0.032 0.997 -0.07042 0.03135 0.99702 -0.06427 0.04248 0.99703 -0.06427 0.04248 0.99703 -0.05679 0.05206 0.99703 -0.05679 0.05206 0.99703 -0.04789 0.06035 0.99703 -0.04789 0.06035 0.99703 -0.04754 0.06059 0.99703 -0.08178 0.15138 0.98509 -0.04019 -0.05393 0.99774 -0.16063 -0.15608 0.9746 -0.17654 -0.14116 0.97412 -0.05615 -0.03182 0.99791 -0.04096 -0.02978 0.99872 -0.02752 -0.01025 0.99957 -0.0275 -0.01026 0.99957 -0.00639 -0.00128 0.99998 -0.01231 -0.00103 0.99992 0.00023 -0.01757 0.99985 -0.00091 -0.00897 0.99996 -0.01297 -0.03045 0.99945 -0.00986 -0.03699 0.99927 -0.03188 -0.04407 0.99852 -0.17689 -0.14553 0.97341 -0.15415 -0.16973 0.97336 -0.12788 -0.19005 0.97341 -0.12356 -0.18927 0.97412 -0.16329 -0.15408 0.97447 -0.08605 -0.17634 0.98056 -0.05952 -0.04585 0.99717 -0.03149 -0.07064 0.997 -0.031 -0.07057 0.99702 -0.04212 -0.06451 0.99703 -0.04212 -0.06451 0.99703 -0.0518 -0.05703 0.99703 -0.06017 -0.04812 0.99703 -0.06017 -0.04812 0.99703 -0.06065 -0.04742 0.99703 -0.15061 -0.08192 0.98519 0.18168 0.24213 0.95308 0.17841 0.24528 0.95289 0.17344 0.25039 0.95248 0.17393 0.24785 0.95306 0.15618 0.25953 0.95302 0.18086 0.24248 0.95315 0.1766 0.24495 0.95332 0.16637 0.24726 0.95456 0.22914 0.19612 0.95343 0.2275 0.18716 0.95562 0.22528 0.20151 0.95323 0.22121 0.20678 0.95305 0.22242 0.20529 0.95309 0.22056 0.20713 0.95313 0.22704 0.20112 0.95289 0.23259 0.19668 0.95248 0.23002 0.19692 0.95305 0.24334 0.18035 0.95303 0.17807 0.24522 0.95297 0.1834 0.2408 0.95309 0.18751 0.23768 0.95307 0.20322 0.22376 0.95322 0.20323 0.22375 0.95322 0.21859 0.20945 0.95307 0.24164 -0.18346 0.95286 0.24515 -0.18081 0.95248 0.2504 -0.17712 0.9518 0.2456 -0.17732 0.95302 0.25953 -0.15618 0.95302 0.24248 -0.18086 0.95315 0.24495 -0.1766 0.95332 0.24726 -0.16637 0.95456 0.20841 -0.21951 0.95309 0.18716 -0.2275 0.95562 0.19612 -0.22914 0.95343 0.20145 -0.22532 0.95323 0.20385 -0.22604 0.95255 0.20032 -0.23224 0.95181 0.20007 -0.22747 0.95301 0.18035 -0.24334 0.95303 0.24181 -0.18331 0.95285 0.23927 -0.1857 0.95303 0.22375 -0.20323 0.95322 0.22376 -0.20322 0.95322 0.20765 -0.22051 0.95303 0.20635 -0.22158 0.95306 -0.24213 0.18168 0.95308 -0.24528 0.17841 0.95289 -0.25039 0.17344 0.95248 -0.24785 0.17393 0.95306 -0.25953 0.15618 0.95302 -0.24217 0.18111 0.95318 -0.24451 0.17684 0.95339 -0.24644 0.16675 0.95471 -0.18693 0.2282 0.9555 -0.19592 0.22963 0.95335 -0.20135 0.22558 0.95319 -0.20677 0.22121 0.95305 -0.20364 0.22641 0.95251 -0.20032 0.23224 0.95181 -0.20007 0.22747 0.95301 -0.18035 0.24334 0.95303 -0.24522 0.17807 0.95297 -0.24049 0.18377 0.9531 -0.2377 0.18752 0.95307 -0.22298 0.20444 0.95315 -0.22362 0.20311 0.95328 -0.20778 0.22035 0.95303 -0.20804 0.22001 0.95306 -0.18346 -0.24164 0.95286 -0.18081 -0.24515 0.95248 -0.17712 -0.2504 0.9518 -0.17732 -0.2456 0.95302 -0.15618 -0.25953 0.95302 -0.18086 -0.24248 0.95315 -0.1766 -0.24495 0.95332 -0.16637 -0.24726 0.95456 -0.2275 -0.18716 0.95562 -0.22914 -0.19612 0.95343 -0.22528 -0.20151 0.95323 -0.22001 -0.20804 0.95306 -0.22641 -0.20364 0.95251 -0.23224 -0.20032 0.95181 -0.22747 -0.20007 0.95301 -0.24334 -0.18035 0.95303 -0.18331 -0.24181 0.95285 -0.1857 -0.23927 0.95303 -0.20323 -0.22375 0.95322 -0.20322 -0.22376 0.95322 -0.22042 -0.20773 0.95303 -0.22121 -0.20678 0.95305 -0.6095 0.79279 -0 -0.60954 0.79276 -1E-05 -0.66043 0.75088 6E-05 -0.6605 0.75082 -6E-05 -0.74024 0.67235 6E-05 -0.7403 0.67228 -6E-05 -0.84763 0.53058 -0 -0.84761 0.53062 1E-05 -0.81081 0.5853 -6E-05 -0.81271 0.58265 -0.00409 -0.77883 0.62724 0 0.04805 -0.99884 0 0.04805 -0.99884 0 0.04805 -0.99884 -0 0.04805 -0.99884 -0 0.04805 -0.99884 0 0.04805 -0.99884 -0 0.04805 -0.99884 0 0.04805 -0.99884 0 0.04805 -0.99884 0 0.04805 -0.99884 -0 0.04805 -0.99884 0 -0.01009 -0.99995 0 -0.10814 -0.99413 0.0016 -0.22765 -0.97374 -0.00171 -0.41549 -0.9096 0.00172 -0.53901 -0.84229 -0.00207 -0.69173 -0.72215 0.00193 -0.79709 -0.60386 -0.00198 -0.85079 -0.52551 0 0.8973 -0.44142 0 0.85137 -0.52456 0.00198 0.75786 -0.65242 -0.00193 0.61738 -0.78666 0.00207 0.50089 -0.86551 -0.00172 0.32007 -0.94739 0.00171 0.20307 -0.97916 -0.0016 0.10604 -0.99436 0 0.92306 0.38466 -0.00076 0.18674 -0.98241 0 0.17242 -0.98502 0.00246 0.35941 -0.93318 -0.00101 0.36058 -0.93273 -0.00109 0.45422 -0.89089 0.00082 0.50477 -0.86325 0.00321 0.68361 -0.7297 -0.01453 0.79336 -0.60875 1E-05 0.8074 -0.59001 -0.00031 0.88688 -0.46199 0.00139 0.95966 -0.28092 -0.01153 0.91568 -0.4019 0.00221 0.99746 -0.07119 -0.00176 0.9836 0.18039 0.00061 0.99093 0.13429 0.00469 0.9924 -0.12286 -0.00746 0.8202 0.57208 -0 0.83795 0.54575 0.0015 0.89356 0.44894 -0.00304 0.95476 0.29714 0.01165 0.13183 -0.99127 0 0.20627 -0.97847 -0.00664 0.31945 -0.9476 0.00304 0.49817 -0.86706 -0.00486 0.49569 -0.86849 -0.00524 0.69987 -0.71423 0.00754 0.62097 -0.78377 -0.01025 0.67612 -0.73679 -4E-05 0.64082 -0.76766 0.00653 0.56961 -0.82167 0.02001 0.79279 0.6095 -0 0.79276 0.60954 -1E-05 0.75088 0.66043 6E-05 0.75082 0.6605 -6E-05 0.67235 0.74024 6E-05 0.67228 0.7403 -6E-05 0.53058 0.84763 -0 0.53062 0.84761 1E-05 0.5853 0.81081 -6E-05 0.58265 0.81271 -0.00409 0.62724 0.77883 0 -0.99884 -0.04805 0 -0.99884 -0.04805 0 -0.99884 -0.04805 -0 -0.99884 -0.04805 0 -0.99884 -0.04805 0 -0.99884 -0.04805 0 -0.99884 -0.04805 0 -0.99884 -0.04805 -0 -0.99884 -0.04805 -0 -0.99884 -0.04805 0 -0.99884 -0.04805 -0 -0.99995 0.01009 0 -0.99211 0.12534 0.00188 -0.97372 0.22772 -0.00145 -0.89595 0.44416 0.00142 -0.84227 0.53905 -0.00193 -0.70171 0.71246 0.00182 -0.60383 0.79711 -0.00186 -0.51286 0.85847 -0 0.44142 0.8973 -0 0.52456 0.85137 0.00198 0.65242 0.75786 -0.00193 0.78666 0.61738 0.00207 0.86551 0.50089 -0.00172 0.94739 0.32007 0.00171 0.97916 0.20307 -0.0016 0.99436 0.10604 -0 -0.38463 0.92307 -0.00073 0.98241 0.18674 -0 0.98502 0.17242 0.00246 0.9312 0.36451 -0.00111 0.93261 0.36088 -0.00083 0.89115 0.45371 0.0005 0.8606 0.50927 0.00279 0.72727 0.68619 -0.01481 0.6057 0.79569 1E-05 0.5869 0.80966 -0.00027 0.46295 0.88638 0.00138 0.27958 0.96005 -0.01159 0.40226 0.91552 0.00257 0.07397 0.99726 -0.00194 -0.17763 0.9841 0.0006 -0.1427 0.98976 0.00379 0.10858 0.99407 -0.00561 -0.57551 0.81779 -0 -0.54575 0.83795 0.0015 -0.46469 0.88547 -0.00283 -0.31249 0.94987 0.00952 0.99127 0.13183 -0 0.97847 0.20627 -0.00664 0.9476 0.31945 0.00304 0.86706 0.49818 -0.00486 0.86848 0.49569 -0.00524 0.71163 0.70251 0.00772 0.78171 0.62355 -0.01064 0.73417 0.67897 -5E-05 0.76533 0.6436 0.00676 0.8202 0.57169 0.02081 -0.8973 0.44142 -0 -0.85137 0.52456 0.00198 -0.75786 0.65242 -0.00193 -0.61738 0.78666 0.00207 -0.50089 0.86551 -0.00172 -0.32007 0.94739 0.00171 -0.20307 0.97916 -0.0016 -0.10604 0.99436 -0 -0.92311 -0.38453 -0.00087 -0.18674 0.98241 -0 -0.17242 0.98502 0.00246 -0.35941 0.93318 -0.00101 -0.36058 0.93273 -0.00109 -0.45422 0.89089 0.00082 -0.50477 0.86325 0.00321 -0.68361 0.7297 -0.01453 -0.79336 0.60875 1E-05 -0.8074 0.59001 -0.00031 -0.88638 0.46295 0.00138 -0.9594 0.28183 -0.01143 -0.91568 0.4019 0.00221 -0.99724 0.07423 -0.00173 -0.98432 -0.17641 0.00071 -0.98976 -0.1427 0.00379 -0.99378 0.11122 -0.00571 -0.81778 -0.57553 0 -0.83795 -0.54575 0.0015 -0.88547 -0.46468 -0.00283 -0.95025 -0.31133 0.0096 -0.13183 0.99127 -0 -0.20627 0.97847 -0.00664 -0.31945 0.9476 0.00304 -0.49817 0.86706 -0.00486 -0.49569 0.86849 -0.00524 -0.69987 0.71423 0.00754 -0.62097 0.78377 -0.01025 -0.67612 0.73679 -4E-05 -0.64082 0.76766 0.00653 -0.56961 0.82167 0.02001 -0.79279 -0.6095 0 -0.79276 -0.60954 -1E-05 -0.75088 -0.66043 6E-05 -0.75082 -0.6605 -6E-05 -0.67235 -0.74024 6E-05 -0.67228 -0.7403 -6E-05 -0.53058 -0.84763 0 -0.53062 -0.84761 1E-05 -0.5853 -0.81081 -6E-05 -0.58265 -0.81271 -0.00409 -0.62724 -0.77883 0 0.99884 0.04805 -0 0.99884 0.04805 0 0.99884 0.04805 -0 0.99884 0.04805 -0 0.99884 0.04805 0 0.99884 0.04805 -0 0.99884 0.04805 0 0.99884 0.04805 0 0.99884 0.04805 -0 0.99884 0.04805 -0 0.99884 0.04805 0 0.99995 -0.01009 -0 0.99413 -0.10814 0.0016 0.97374 -0.22765 -0.00171 0.9096 -0.41549 0.00172 0.84229 -0.53901 -0.00207 0.72215 -0.69173 0.00193 0.60386 -0.79709 -0.00198 0.52551 -0.85079 0 0.01791 -0.99984 0 -0.17864 -0.98391 0 -0.04604 -0.99891 0.00767 -0.03066 -0.99952 0.00374 -0.0946 -0.99552 -0 0.19892 -0.98001 -0 0.12647 -0.99197 0.00155 0.15718 -0.98751 0.01063 0.08449 -0.99642 0 0.27227 -0.96222 0 0.23024 -0.97313 0 0.28273 -0.95918 0.00585 0.21524 -0.97651 -0.00983 0.32578 -0.94539 0.01067 0.27307 -0.96199 -0.00355 0.38139 -0.92441 0.0031 0.35108 -0.93634 -0.00421 0.43618 -0.89986 0.00284 0.42088 -0.90711 0 -0.33436 -0.94244 0 -0.33204 -0.94327 -0.00039 -0.26324 -0.96473 0.0004 -0.27424 -0.96166 0.0021 -0.17946 -0.98376 -0.00355 -0.22448 -0.97444 0.00828 -0.12051 -0.99269 -0.00619 -0.17006 -0.98543 0.00299 -0.12571 -0.99207 0 -0.42808 -0.90374 0 -0.52453 -0.85139 0.00186 -0.63008 -0.77653 -0.00182 -0.78664 -0.61741 0.00193 -0.84917 -0.52811 -0.00142 -0.94737 -0.32014 0.00145 -0.9755 -0.22 -0.00188 -0.99436 -0.10604 0 0.99984 0.01791 -0 0.98391 -0.17864 -0 0.99891 -0.04604 0.00767 0.99952 -0.03066 0.00374 0.99552 -0.0946 -0 0.98001 0.19892 -0 0.99197 0.12647 0.00155 0.98751 0.15718 0.01063 0.99642 0.08449 -0 0.96222 0.27227 -0 0.97313 0.23024 0 0.95918 0.28273 0.00585 0.97651 0.21524 -0.00983 0.94539 0.32578 0.01067 0.96199 0.27307 -0.00355 0.92441 0.38139 0.0031 0.93634 0.35108 -0.00421 0.89986 0.43618 0.00284 0.90711 0.42088 -0 0.94244 -0.33436 -0 0.94327 -0.33204 -0.00039 0.96473 -0.26324 0.0004 0.96166 -0.27424 0.0021 0.98376 -0.17946 -0.00355 0.97444 -0.22448 0.00828 0.99269 -0.12051 -0.00619 0.98543 -0.17006 0.00299 0.99207 -0.12571 0 0.38453 -0.92311 -0.00087 -0.98241 -0.18674 0 -0.98502 -0.17242 0.00246 -0.93318 -0.35941 -0.00101 -0.93273 -0.36058 -0.00109 -0.89089 -0.45422 0.00082 -0.86325 -0.50477 0.00321 -0.7297 -0.68361 -0.01453 -0.60875 -0.79336 1E-05 -0.59001 -0.8074 -0.00031 -0.46295 -0.88638 0.00138 -0.28183 -0.9594 -0.01143 -0.4019 -0.91568 0.00221 -0.07423 -0.99724 -0.00173 0.17641 -0.98432 0.00071 0.1427 -0.98976 0.00379 -0.11122 -0.99378 -0.00571 0.57553 -0.81778 0 0.54575 -0.83795 0.0015 0.46468 -0.88547 -0.00283 0.31133 -0.95025 0.0096 -0.99127 -0.13183 0 -0.97847 -0.20627 -0.00664 -0.9476 -0.31945 0.00304 -0.86706 -0.49817 -0.00486 -0.86849 -0.49569 -0.00524 -0.71423 -0.69987 0.00754 -0.78377 -0.62097 -0.01025 -0.73679 -0.67612 -4E-05 -0.76766 -0.64082 0.00653 -0.82167 -0.56961 0.02001 0.01009 0.99995 -0 0.10814 0.99413 0.0016 0.22765 0.97374 -0.00171 0.41549 0.9096 0.00172 0.53901 0.84229 -0.00207 0.69173 0.72215 0.00193 0.79709 0.60386 -0.00198 0.85079 0.52551 -0 0.6095 -0.79279 0 0.60954 -0.79276 -1E-05 0.66043 -0.75088 6E-05 0.6605 -0.75082 -6E-05 0.74024 -0.67235 6E-05 0.7403 -0.67228 -6E-05 0.84763 -0.53058 0 0.84761 -0.53062 1E-05 0.81081 -0.5853 -6E-05 0.81271 -0.58265 -0.00409 0.77883 -0.62724 0 -0.04805 0.99884 -0 -0.04805 0.99884 0 -0.04805 0.99884 -0 -0.04805 0.99884 0 -0.04805 0.99884 0 -0.04805 0.99884 -0 -0.04805 0.99884 0 -0.04805 0.99884 -0 -0.04805 0.99884 -0 -0.04805 0.99884 0 -0.04805 0.99884 -0 0.29414 0.95576 0.00087 -0.90462 0.42465 -0.03664 -0.9958 0.09158 0 -0.99702 0.07706 -0.00246 -0.96337 0.26818 0.00101 -0.96303 0.26938 0.00109 -0.90814 0.41866 -0.00187 -0.79604 0.60484 0.02201 -0.6821 0.73126 -1E-05 -0.66479 0.74703 0.00031 -0.5459 0.83785 -0.00138 -0.37262 0.92791 0.01143 -0.48794 0.87287 -0.00221 -0.16962 0.98551 0.00173 0.08111 0.9967 -0.00071 0.04703 0.99889 -0.00379 -0.2061 0.97851 0.00571 0.49437 0.86925 -0 0.46279 0.88647 -0.0015 0.37753 0.92599 0.00283 0.21867 0.97575 -0.0096 -0.99935 0.03606 0 -0.99375 0.11139 0.00664 -0.97389 0.22701 -0.00304 -0.91088 0.41264 0.00486 -0.91206 0.41003 0.00524 -0.77811 0.62808 -0.00754 -0.83976 0.54286 0.01025 -0.79829 0.60227 4E-05 -0.82563 0.56417 -0.00653 -0.87256 0.4881 -0.02001 0.99884 0.04805 -0 0.99884 0.04805 0 0.99884 0.04805 0 0.99884 0.04805 -0 0.99884 0.04805 0 0.99884 0.04805 -0 0.99884 0.04805 -0 0.99884 0.04805 -0 0.99884 0.04805 0 0.99884 0.04805 -0 -0.01244 0.25852 0.96593 0.01244 -0.25852 0.96593 0.01244 -0.25852 0.96593 0.03398 -0.70629 0.70711 0.04641 -0.96481 0.25882 0.04641 -0.96481 -0.25882 0.03398 -0.70629 -0.70711 0.01244 -0.25852 -0.96593 0.01244 -0.25852 -0.96593 -0.01187 0.24675 -0.96901 -0.00041 0.25908 -0.96586 -0.04271 0.88796 0.45793 -0.03846 0.79933 0.59966 0.02971 0.70792 0.70567 -0.03605 0.60643 0.79432 0.00072 0.24734 0.96893 -0.01224 0.96561 0.25972 -0.01156 0.9659 0.25866 -0.048 0.99737 0.05437 -0.04777 0.99361 -0.10224 0.00473 0.966 -0.25848 -0.04727 0.93142 -0.36086 -0.04714 0.70559 -0.70705 0.1428 0.57437 -0.80604 -0.03411 0.76421 -0.64407 0.04805 -0.99884 -0 0.04805 -0.99884 0 0.04805 -0.99884 0 0.04805 -0.99884 -0 0.04805 -0.99884 0 0.04805 -0.99884 -0 0.04805 -0.99884 -0 0.04805 -0.99884 0 0.04805 -0.99884 0 0.04805 -0.99884 -0 0.95572 -0.29428 0.00076 0.42465 0.90462 -0.03664 0.09158 0.9958 -0 0.07706 0.99702 -0.00246 0.26818 0.96337 0.00101 0.26938 0.96303 0.00109 0.41866 0.90814 -0.00187 0.60484 0.79604 0.02201 0.73126 0.6821 -1E-05 0.74703 0.66479 0.00031 0.83844 0.54499 -0.00139 0.92826 0.37175 0.01153 0.87287 0.48794 -0.00221 0.98602 0.16661 0.00176 0.99637 -0.08513 -0.00061 0.99925 -0.03855 -0.00469 0.97602 0.21755 0.00746 0.87133 -0.4907 0 0.88647 -0.46279 -0.0015 0.93252 -0.36109 0.00304 0.97888 -0.20411 -0.01165 0.03606 0.99935 -0 0.11139 0.99375 0.00664 0.22701 0.97389 -0.00304 0.41264 0.91088 0.00486 0.41003 0.91206 0.00524 0.62808 0.77811 -0.00754 0.54286 0.83976 0.01025 0.60227 0.79829 4E-05 0.56417 0.82563 -0.00653 0.4881 0.87256 -0.02001 0.25852 0.01244 0.96593 -0.25852 -0.01244 0.96593 -0.25852 -0.01244 0.96593 -0.70629 -0.03398 0.70711 -0.96481 -0.04641 0.25882 -0.96481 -0.04641 -0.25882 -0.70629 -0.03398 -0.70711 -0.25852 -0.01244 -0.96593 -0.25852 -0.01244 -0.96593 0.24675 0.01187 -0.96901 0.25908 0.00041 -0.96586 0.88796 0.04271 0.45793 0.79933 0.03846 0.59966 0.70792 -0.02971 0.70567 0.60643 0.03605 0.79432 0.24734 -0.00072 0.96893 0.96561 0.01224 0.25972 0.9659 0.01156 0.25866 0.99737 0.048 0.05437 0.99361 0.04777 -0.10225 0.966 -0.00473 -0.25848 0.93142 0.04727 -0.36087 0.70559 0.04714 -0.70705 0.57437 -0.1428 -0.80604 0.76421 0.03411 -0.64407 -0.29424 -0.95573 0.00073 0.90362 -0.42666 -0.03791 0.9958 -0.09158 -0 0.99702 -0.07707 -0.00246 0.96189 -0.27343 0.00111 0.96295 -0.26969 0.00083 0.90599 -0.42329 -0.00131 0.79395 -0.60757 0.02239 0.67928 -0.73387 -1E-05 0.66191 -0.74958 0.00027 0.5459 -0.83785 -0.00138 0.37045 -0.92878 0.01159 0.48829 -0.87268 -0.00257 0.16936 -0.98555 0.00194 -0.08235 -0.9966 -0.0006 -0.04703 -0.99889 -0.00379 0.20351 -0.97906 0.00561 -0.49435 -0.86926 0 -0.46279 -0.88647 -0.0015 -0.37754 -0.92599 0.00283 -0.21986 -0.97548 -0.00952 0.99935 -0.03607 -0 0.99375 -0.11139 0.00664 0.97389 -0.22701 -0.00304 0.91088 -0.41264 0.00486 0.91206 -0.41003 0.00524 0.77578 -0.63095 -0.00772 0.83796 -0.54563 0.01064 0.79596 -0.60535 5E-05 0.82358 -0.56716 -0.00676 0.87129 -0.49032 -0.02081 -0.99884 -0.04805 -0 -0.99884 -0.04805 0 -0.99884 -0.04805 -0 -0.99884 -0.04805 -0 -0.99884 -0.04805 0 -0.99884 -0.04805 -0 -0.99884 -0.04805 0 -0.99884 -0.04805 0 -0.99884 -0.04805 -0 -0.99884 -0.04805 0 0.01244 -0.25852 0.96593 -0.01244 0.25852 0.96593 -0.01244 0.25852 0.96593 -0.03398 0.70629 0.70711 -0.04641 0.96481 0.25882 -0.04641 0.96481 -0.25882 -0.03398 0.70629 -0.70711 -0.01244 0.25852 -0.96593 -0.01244 0.25852 -0.96593 0.01187 -0.24675 -0.96901 0.00041 -0.25908 -0.96586 0.04271 -0.88796 0.45793 0.03846 -0.79933 0.59966 -0.02971 -0.70792 0.70567 0.03605 -0.60643 0.79432 -0.00072 -0.24734 0.96893 0.01224 -0.96561 0.25972 0.01156 -0.9659 0.25866 0.048 -0.99737 0.05437 0.04777 -0.99361 -0.10225 -0.00473 -0.966 -0.25848 0.04727 -0.93142 -0.36087 0.04714 -0.70559 -0.70705 -0.1428 -0.57437 -0.80604 0.03411 -0.76421 -0.64407 -0.95576 0.29414 0.00087 -0.42465 -0.90462 -0.03664 -0.09158 -0.9958 0 -0.07706 -0.99702 -0.00246 -0.26818 -0.96337 0.00101 -0.26938 -0.96303 0.00109 -0.41866 -0.90814 -0.00187 -0.60484 -0.79604 0.02201 -0.73126 -0.6821 -1E-05 -0.74703 -0.66479 0.00031 -0.83785 -0.5459 -0.00138 -0.92791 -0.37262 0.01143 -0.87287 -0.48794 -0.00221 -0.98551 -0.16962 0.00173 -0.9967 0.08111 -0.00071 -0.99889 0.04703 -0.00379 -0.97851 -0.2061 0.00571 -0.86925 0.49437 -0 -0.88647 0.46279 -0.0015 -0.92599 0.37753 0.00283 -0.97575 0.21867 -0.0096 -0.03606 -0.99935 0 -0.11139 -0.99375 0.00664 -0.22701 -0.97389 -0.00304 -0.41264 -0.91088 0.00486 -0.41003 -0.91206 0.00524 -0.62808 -0.77811 -0.00754 -0.54286 -0.83976 0.01025 -0.60227 -0.79829 4E-05 -0.56417 -0.82563 -0.00653 -0.4881 -0.87256 -0.02001 -0.04805 0.99884 -0 -0.04805 0.99884 0 -0.04805 0.99884 -0 -0.04805 0.99884 -0 -0.04805 0.99884 -0 -0.04805 0.99884 -0 -0.04805 0.99884 0 -0.04805 0.99884 0 -0.04805 0.99884 -0 -0.04805 0.99884 0 -0.25852 -0.01244 0.96593 0.25852 0.01244 0.96593 0.25852 0.01244 0.96593 0.70629 0.03398 0.70711 0.96481 0.04641 0.25882 0.96481 0.04641 -0.25882 0.70629 0.03398 -0.70711 0.25852 0.01244 -0.96593 0.25852 0.01244 -0.96593 -0.24675 -0.01187 -0.96901 -0.25908 -0.00041 -0.96586 -0.88796 -0.04271 0.45793 -0.79933 -0.03846 0.59966 -0.70792 0.02971 0.70567 -0.60643 -0.03605 0.79432 -0.24734 0.00072 0.96893 -0.96561 -0.01224 0.25972 -0.9659 -0.01156 0.25866 -0.99737 -0.048 0.05437 -0.99361 -0.04777 -0.10225 -0.966 0.00473 -0.25848 -0.93142 -0.04727 -0.36087 -0.70559 -0.04714 -0.70705 -0.57437 0.1428 -0.80604 -0.76421 -0.03411 -0.64407 -0.02446 0.25792 -0.96586 -0.02233 0.60709 -0.79432 -0.09753 0.7018 -0.70567 -0.03845 0.79933 -0.59966 -0.08121 0.96255 -0.25866 -0.0805 0.96232 -0.25972 -0.04273 0.88796 -0.45793 -0.09743 0.96109 0.25848 -0.04783 0.99361 0.10225 -0.04797 0.99737 -0.05437 -0.19728 0.55801 0.80604 -0.03941 0.76395 0.64407 -0.04236 0.93166 0.36087 -0.01187 0.24675 -0.96901 0.01244 -0.25852 -0.96593 0.01244 -0.25852 -0.96593 0.01244 -0.25852 0.96593 0.01244 -0.25852 0.96593 -0.01187 0.24675 0.96901 -0.02446 0.25792 0.96586 -0.02081 0.70686 0.70705 0.64196 -0.24387 0.72692 0.58184 -0.36676 0.72591 0.58532 -0.4456 0.67738 0.63513 -0.4692 0.61357 0.58929 -0.53346 0.60676 0.5931 -0.59738 0.53979 0.63374 -0.62192 0.45999 0.59486 -0.66593 0.4502 0.59726 -0.75257 0.27735 0.59726 -0.75257 0.27735 0.60087 -0.79486 0.08459 0.63749 -0.76852 0.0546 0.60279 -0.7974 -0.0282 0.59872 -0.78303 -0.16851 0.67741 -0.72706 -0.11184 0.60082 -0.76538 -0.23066 0.59944 -0.73453 -0.31801 0.64298 -0.67353 -0.3646 0.59627 -0.68468 -0.41914 0.59493 -0.63264 -0.49581 0.6235 -0.55754 -0.54809 0.58938 -0.56015 -0.58212 0.58044 -0.4029 -0.70765 0.58044 -0.4029 -0.70765 0.5705 -0.19626 -0.79751 0.63421 -0.21361 -0.74306 0.57011 -0.12103 -0.81261 0.55976 0.02693 -0.82822 0.6551 -0.02021 -0.75527 0.55975 0.08339 -0.82446 0.55586 0.1752 -0.81261 0.59488 0.2435 -0.76605 0.54931 0.28455 -0.78568 0.53908 0.45676 -0.70765 0.53908 0.45676 -0.70764 0.53289 0.61414 -0.58212 0.5671 0.61482 -0.54809 0.53145 0.68683 -0.49581 0.52442 0.76144 -0.38103 0.60295 0.69516 -0.39141 0.52289 0.84384 -0.12054 0.57317 0.80346 -0.16105 0.52457 0.81952 -0.23067 0.52616 0.78868 -0.31801 0.5218 0.84887 0.08459 0.52226 0.80642 0.27735 0.52226 0.80642 0.27735 0.52819 0.71996 0.4502 0.57112 0.67988 0.45999 0.53302 0.65155 0.53979 0.53464 0.549 0.64246 0.62198 0.54789 0.55942 0.53984 0.49973 0.67738 0.54395 0.42092 0.72591 0.59224 0.34512 0.72811 0.57561 -0.30265 0.75965 0.56518 -0.08572 0.8205 0.56518 -0.08572 0.8205 0.55434 0.13957 0.8205 0.55434 0.13957 0.8205 0.54784 0.31871 0.7735 0.80544 0.58186 -0.11273 0.80544 0.58186 -0.11273 0.80786 0.53139 -0.25491 0.80787 0.53139 -0.25491 0.81205 0.44447 -0.37818 0.81205 0.44447 -0.37819 0.81767 0.32756 -0.47341 0.81767 0.32756 -0.47341 0.82432 0.18932 -0.53353 0.82432 0.18932 -0.53353 0.83151 0.04 -0.55407 0.83151 0.04 -0.55407 0.83869 -0.10931 -0.53353 0.83869 -0.10931 -0.53353 0.84534 -0.24755 -0.47341 0.84534 -0.24755 -0.47341 0.85096 -0.36447 -0.37819 0.85096 -0.36447 -0.37818 0.85515 -0.45138 -0.25491 0.85515 -0.45138 -0.25491 0.85757 -0.50186 -0.11273 0.85757 -0.50186 -0.11273 0.85807 -0.51214 0.03781 0.85807 -0.51214 0.03781 0.85659 -0.48148 0.18555 0.85659 -0.48148 0.18555 0.85326 -0.41214 0.31952 0.85326 -0.41214 0.31952 0.84831 -0.30926 0.4298 0.84831 -0.30926 0.4298 0.84211 -0.18049 0.5082 0.84211 -0.18049 0.5082 0.83513 -0.03536 0.54891 0.83513 -0.03536 0.54891 0.82788 0.11536 0.54891 0.82788 0.11536 0.54891 0.8209 0.26049 0.5082 0.8209 0.26049 0.5082 0.8147 0.38927 0.4298 0.8147 0.38927 0.4298 0.80976 0.49214 0.31952 0.80975 0.49214 0.31952 0.80642 0.56148 0.18555 0.80642 0.56148 0.18555 0.9671 0.25352 0.02125 0.97075 0.24001 -0.0066 0.97054 0.23768 -0.03964 0.97054 0.23768 -0.03964 0.97139 0.21993 -0.08964 0.97139 0.21993 -0.08964 0.97286 0.18936 -0.13299 0.97286 0.18936 -0.13299 0.97484 0.14825 -0.16648 0.97484 0.14825 -0.16648 0.97718 0.09964 -0.18762 0.97718 0.09964 -0.18761 0.9797 0.04713 -0.19484 0.9797 0.04713 -0.19484 0.98223 -0.00538 -0.18762 0.98223 -0.00538 -0.18761 0.98457 -0.05399 -0.16647 0.98457 -0.05399 -0.16647 0.98654 -0.0951 -0.13299 0.98654 -0.0951 -0.13299 0.98801 -0.12566 -0.08964 0.98801 -0.12567 -0.08964 0.98887 -0.14341 -0.03964 0.98887 -0.14341 -0.03964 0.98904 -0.14703 0.0133 0.98904 -0.14703 0.0133 0.98852 -0.13625 0.06525 0.98852 -0.13625 0.06525 0.98735 -0.11186 0.11236 0.98735 -0.11186 0.11236 0.98561 -0.07569 0.15114 0.98561 -0.07569 0.15114 0.98343 -0.0304 0.17871 0.98343 -0.0304 0.17871 0.98098 0.02063 0.19302 0.98098 0.02063 0.19302 0.97843 0.07363 0.19302 0.97843 0.07363 0.19302 0.97597 0.12467 0.17871 0.97597 0.12467 0.17871 0.97379 0.16995 0.15114 0.97379 0.16995 0.15114 0.97205 0.20613 0.11236 0.97205 0.20613 0.11236 0.97088 0.23051 0.06525 0.97088 0.23051 0.06525 0.97036 0.2413 0.0133 0.80494 0.59214 0.03781 0.80495 0.59214 0.03781 0.56078 0.82616 0.0546 0.52346 0.85158 -0.0282 -0.98913 0.1457 0.01984 -0.98852 0.13625 0.06525 -0.98852 0.13625 0.06525 -0.98735 0.11186 0.11236 -0.98735 0.11186 0.11236 -0.98561 0.07569 0.15114 -0.98561 0.07569 0.15114 -0.98343 0.0304 0.17871 -0.98343 0.0304 0.17871 -0.98098 -0.02063 0.19302 -0.98098 -0.02063 0.19302 -0.97843 -0.07363 0.19302 -0.97843 -0.07363 0.19302 -0.97597 -0.12467 0.17871 -0.97597 -0.12467 0.17871 -0.97379 -0.16995 0.15114 -0.97379 -0.16995 0.15114 -0.97205 -0.20613 0.11236 -0.97205 -0.20613 0.11236 -0.97088 -0.23051 0.06525 -0.97088 -0.23051 0.06525 -0.97036 -0.24129 0.0133 -0.97036 -0.24129 0.0133 -0.97054 -0.23768 -0.03964 -0.97054 -0.23768 -0.03964 -0.97139 -0.21993 -0.08964 -0.97139 -0.21993 -0.08964 -0.97286 -0.18936 -0.13299 -0.97286 -0.18936 -0.13299 -0.97484 -0.14825 -0.16647 -0.97484 -0.14825 -0.16648 -0.97718 -0.09964 -0.18761 -0.97718 -0.09964 -0.18762 -0.9797 -0.04713 -0.19484 -0.9797 -0.04713 -0.19484 -0.98223 0.00537 -0.18761 -0.98223 0.00538 -0.18762 -0.98457 0.05399 -0.16648 -0.98457 0.05399 -0.16648 -0.98654 0.0951 -0.13299 -0.98654 0.0951 -0.13299 -0.98801 0.12566 -0.08964 -0.98801 0.12566 -0.08964 -0.98887 0.14341 -0.03964 -0.98887 0.14341 -0.03964 -0.9893 0.14572 -0.0066 -0.98768 0.15588 0.0139 -0.83513 0.03536 0.54891 -0.84211 0.18049 0.5082 -0.84211 0.18049 0.5082 -0.84831 0.30926 0.4298 -0.84831 0.30926 0.4298 -0.85326 0.41214 0.31952 -0.85326 0.41214 0.31952 -0.85659 0.48148 0.18555 -0.85659 0.48148 0.18555 -0.85807 0.51214 0.03781 -0.85807 0.51214 0.03781 -0.85758 0.50185 -0.11273 -0.85757 0.50186 -0.11273 -0.85514 0.45139 -0.25491 -0.85515 0.45138 -0.25491 -0.85096 0.36447 -0.37818 -0.85096 0.36447 -0.37819 -0.84534 0.24755 -0.47341 -0.84534 0.24755 -0.47341 -0.83869 0.10931 -0.53353 -0.83869 0.10931 -0.53353 -0.83151 -0.04 -0.55407 -0.83151 -0.04 -0.55407 -0.82432 -0.18932 -0.53353 -0.82432 -0.18932 -0.53353 -0.81767 -0.32756 -0.47341 -0.81767 -0.32756 -0.47341 -0.81205 -0.44447 -0.37819 -0.81205 -0.44447 -0.37818 -0.80787 -0.53139 -0.25491 -0.80787 -0.53139 -0.25491 -0.80544 -0.58186 -0.11273 -0.80544 -0.58186 -0.11273 -0.80494 -0.59215 0.03781 -0.80494 -0.59215 0.03781 -0.80642 -0.56148 0.18555 -0.80642 -0.56148 0.18555 -0.80975 -0.49214 0.31952 -0.80975 -0.49214 0.31952 -0.8147 -0.38927 0.4298 -0.8147 -0.38927 0.4298 -0.8209 -0.26049 0.5082 -0.8209 -0.26049 0.5082 -0.82788 -0.11536 0.54891 -0.82788 -0.11536 0.54891 -0.83513 0.03536 0.54891 -0.64088 -0.55829 0.52685 -0.4438 -0.57867 0.68424 -0.58905 -0.69235 0.41674 -0.49954 -0.7159 0.48781 -0.544 -0.79491 0.26868 -0.53709 -0.79777 0.27403 -0.50988 -0.85515 0.09348 -0.56078 -0.82616 0.0546 -0.48994 -0.86658 -0.09487 -0.57317 -0.80346 -0.16104 -0.52457 -0.81952 -0.23066 -0.52616 -0.78868 -0.31801 -0.61673 -0.67499 -0.40501 -0.4613 -0.7926 -0.39873 -0.57701 -0.59155 -0.56314 -0.52223 -0.63516 -0.56907 -0.54614 -0.46472 -0.69697 -0.5657 -0.4485 -0.69197 -0.52711 -0.30343 -0.79378 -0.59488 -0.2435 -0.76605 -0.55586 -0.1752 -0.81261 -0.60082 0.76538 -0.23067 -0.59944 0.73453 -0.31801 -0.64298 0.67353 -0.3646 -0.56762 0.6895 -0.44988 -0.6235 0.55754 -0.54809 -0.58336 0.56047 -0.58785 -0.58784 0.39987 -0.70324 -0.60896 0.40116 -0.68428 -0.53319 0.20461 -0.82088 -0.642 0.2258 -0.7327 -0.45511 -0.02189 -0.89017 -0.67952 0.04988 -0.73196 -0.55975 -0.08339 -0.82446 -0.69288 0.7161 -0.08435 -0.52605 0.83164 -0.17787 -0.6501 0.75468 0.08846 -0.58277 0.81061 0.0573 -0.61097 0.74407 0.27033 -0.6172 0.73809 0.27256 -0.57895 0.68263 0.44591 -0.63374 0.62192 0.45999 -0.55698 0.57408 0.60018 -0.63513 0.4692 0.61357 -0.58532 0.4456 0.67738 -0.53984 -0.49973 0.67738 -0.54395 -0.42091 0.72591 -0.59224 -0.34512 0.72811 -0.52319 -0.30407 0.79613 -0.58562 -0.13808 0.79873 -0.55648 -0.11952 0.82222 -0.56518 0.08572 0.8205 -0.60035 0.06107 0.7974 -0.52712 0.31744 0.78828 -0.65082 0.22294 0.72576 -0.58184 0.36676 0.72591 0.34757 -0.15231 -0.9252 -0.22245 -0.11984 -0.96755 -0.29761 -0.88338 -0.36204 -0.36096 0.43206 0.82646 -0.37615 0.77964 -0.50067 -0.36983 0.6484 -0.66543 -0.36192 0.48384 -0.79682 -0.35279 0.2942 -0.88825 -0.34292 0.08899 -0.93514 -0.34582 0.52654 0.77664 -0.27413 -0.92456 -0.26466 -0.33596 -0.08043 -0.93843 -0.324 -0.12142 -0.93823 -0.33135 -0.18497 -0.9252 -0.32292 -0.32671 -0.88825 -0.32292 -0.32671 -0.88825 -0.21224 -0.33217 -0.91903 -0.21224 -0.33217 -0.91903 -0.09882 -0.33323 -0.93765 -0.3138 -0.51635 -0.79682 -0.3138 -0.51635 -0.79682 -0.2028 -0.52838 -0.82443 -0.2028 -0.52838 -0.82443 -0.08919 -0.53342 -0.84113 -0.08919 -0.53342 -0.84113 0.02557 -0.53142 -0.84672 -0.30588 -0.68091 -0.66543 -0.30588 -0.68091 -0.66543 -0.19461 -0.69865 -0.68849 -0.19461 -0.69865 -0.68849 -0.08083 -0.70714 -0.70244 -0.08083 -0.70714 -0.70244 0.03398 -0.70629 -0.70711 0.14834 -0.69611 -0.70244 -0.29957 -0.81215 -0.50067 -0.29957 -0.81215 -0.50067 -0.18807 -0.83443 -0.51802 -0.18807 -0.83443 -0.51802 -0.07416 -0.84568 -0.52852 -0.07416 -0.84568 -0.52852 0.04069 -0.84575 -0.53203 0.155 -0.83465 -0.52852 0.155 -0.83465 -0.52852 0.26731 -0.81253 -0.51802 0.21224 0.33217 -0.91903 0.2028 0.52838 -0.82443 0.2028 0.52838 -0.82443 0.08919 0.53342 -0.84113 0.19461 0.69865 -0.68849 0.19461 0.69865 -0.68849 0.08083 0.70714 -0.70244 0.08083 0.70714 -0.70244 -0.03398 0.70629 -0.70711 0.18807 0.83443 -0.51802 0.18807 0.83443 -0.51802 0.07416 0.84568 -0.52852 0.07416 0.84568 -0.52852 -0.04069 0.84575 -0.53203 -0.155 0.83465 -0.52852 -0.27418 0.95548 0.10902 -0.27418 0.95548 0.10902 -0.16202 0.9805 0.11123 -0.16202 0.9805 0.11123 -0.04775 0.99256 0.11196 0.06715 0.99152 0.11123 0.06715 0.99152 0.11123 0.1812 0.97739 0.10902 0.1812 0.97739 0.10902 -0.27185 0.90702 0.32158 -0.27185 0.90702 0.32158 -0.15964 0.93106 0.3281 -0.15964 0.93106 0.3281 -0.04536 0.94279 0.33028 0.06953 0.94208 0.3281 0.06953 0.94208 0.3281 0.18353 0.92892 0.32158 0.18353 0.92892 0.32158 -0.26731 0.81253 0.51802 -0.26731 0.81253 0.51802 -0.155 0.83465 0.52852 -0.155 0.83465 0.52852 -0.04069 0.84575 0.53203 0.07416 0.84568 0.52852 0.07416 0.84568 0.52852 0.18807 0.83443 0.51802 0.18807 0.83443 0.51802 -0.35279 0.2942 0.88825 -0.35279 0.2942 0.88825 -0.24314 0.31026 0.91903 -0.24314 0.31026 0.91903 -0.13035 0.32221 0.93765 -0.13035 0.32221 0.93765 -0.01587 0.3299 0.94388 0.09882 0.33323 0.93765 0.09882 0.33323 0.93765 0.21224 0.33217 0.91903 0.21224 0.33217 0.91903 -0.34292 0.08899 0.93514 -0.34292 0.08899 0.93514 -0.23293 0.09794 0.96755 -0.23293 0.09794 0.96755 -0.11993 0.10558 0.98715 -0.11993 0.10558 0.98715 -0.00538 0.11184 0.99371 0.10924 0.11661 0.98715 0.10924 0.11661 0.98715 0.22245 0.11984 0.96755 0.22245 0.11984 0.96755 -0.3328 -0.1215 0.93514 -0.3328 -0.1215 0.93514 -0.22245 -0.11984 0.96755 -0.22245 -0.11984 0.96755 -0.10924 -0.11661 0.98715 -0.10924 -0.11661 0.98715 0.00538 -0.11184 0.99371 0.11993 -0.10558 0.98715 0.11993 -0.10558 0.98715 0.23293 -0.09794 0.96755 0.23293 -0.09794 0.96755 -0.32292 -0.32671 0.88825 -0.32292 -0.32671 0.88825 -0.21224 -0.33217 0.91903 -0.21224 -0.33217 0.91903 -0.09882 -0.33323 0.93765 -0.09882 -0.33323 0.93765 0.01587 -0.3299 0.94388 0.13035 -0.32221 0.93765 0.13035 -0.32221 0.93765 0.24314 -0.31026 0.91903 0.24314 -0.31026 0.91903 -0.18807 -0.83443 0.51802 -0.18807 -0.83443 0.51802 -0.07416 -0.84568 0.52852 -0.07416 -0.84568 0.52852 0.04069 -0.84575 0.53203 0.155 -0.83465 0.52852 0.155 -0.83465 0.52852 0.26731 -0.81253 0.51802 0.26731 -0.81253 0.51802 -0.18353 -0.92892 0.32158 -0.18353 -0.92892 0.32158 -0.06953 -0.94208 0.3281 -0.06953 -0.94208 0.3281 0.04536 -0.94279 0.33028 0.15964 -0.93106 0.3281 0.15964 -0.93106 0.3281 0.27185 -0.90702 0.32158 0.27185 -0.90702 0.32158 -0.1812 -0.97739 0.10902 -0.1812 -0.97739 0.10902 -0.06715 -0.99152 0.11123 -0.06715 -0.99152 0.11123 0.04775 -0.99256 0.11196 0.16202 -0.9805 0.11123 0.16202 -0.9805 0.11123 0.27418 -0.95548 0.10902 0.27418 -0.95548 0.10902 -0.26731 0.81253 -0.51802 -0.155 0.83465 -0.52852 -0.14834 0.69611 -0.70244 -0.02557 0.53142 -0.84672 0.08919 0.53342 -0.84113 0.09882 0.33323 -0.93765 0.21224 0.33217 -0.91903 0.22245 0.11984 -0.96755 0.324 0.12142 -0.93823 0.33596 0.08043 -0.93843 0.30588 0.68091 -0.66543 0.30394 0.68451 -0.66262 0.31548 0.51611 -0.79631 0.32151 0.50365 -0.80185 0.31761 0.32707 -0.89003 0.32436 0.3093 -0.89394 0.33135 0.18497 -0.9252 0.29412 0.94587 -0.13718 0.29518 0.90347 -0.31081 0.18353 0.92892 -0.32158 0.18353 0.92892 -0.32158 0.06953 0.94208 -0.3281 0.06953 0.94208 -0.3281 -0.04536 0.94279 -0.33028 -0.15964 0.93106 -0.3281 -0.15964 0.93106 -0.3281 -0.27185 0.90702 -0.32158 -0.27185 0.90702 -0.32158 -0.37149 0.87449 -0.31189 -0.38103 0.85073 -0.36204 0.27413 0.92456 -0.26467 0.29761 0.88338 -0.36204 0.29957 0.81215 -0.50067 0.28798 0.82919 -0.47906 0.30348 0.76757 -0.56457 -0.27418 0.95548 -0.10902 -0.27418 0.95548 -0.10902 -0.16202 0.9805 -0.11123 -0.16202 0.9805 -0.11123 -0.04775 0.99256 -0.11196 0.06715 0.99152 -0.11123 0.06715 0.99152 -0.11123 0.1812 0.97739 -0.10902 0.1812 0.97739 -0.10902 0.28499 0.95269 -0.10567 0.31326 0.55436 0.77107 0.30588 0.68091 0.66543 0.19461 0.69865 0.68849 0.19461 0.69865 0.68849 0.08083 0.70714 0.70244 0.08083 0.70714 0.70244 -0.03398 0.70629 0.70711 -0.14834 0.69611 0.70244 -0.14834 0.69611 0.70244 -0.26077 0.67674 0.68849 -0.26077 0.67674 0.68849 0.29258 0.65721 0.6946 0.30532 0.72735 0.61461 0.29957 0.81215 0.50067 0.29453 0.80608 0.51331 0.30065 0.90189 0.31017 0.29873 0.90095 0.31473 0.28996 0.95121 0.10548 0.2932 0.9512 0.09623 0.29441 0.95514 -0.03211 -0.38263 0.8858 -0.26259 -0.38279 0.91781 -0.10537 -0.38279 0.91781 -0.10536 -0.38279 0.91781 0.10537 -0.38279 0.91781 0.10536 -0.38054 0.87097 0.31081 -0.38054 0.87097 0.31081 -0.37615 0.77964 0.50067 -0.37615 0.77964 0.50067 -0.36983 0.6484 0.66543 -0.36983 0.6484 0.66543 -0.36192 0.48384 0.79682 -0.25258 0.50647 0.82443 -0.25258 0.50647 0.82443 -0.13998 0.5224 0.84113 -0.13998 0.5224 0.84113 -0.02557 0.53142 0.84672 0.08919 0.53342 0.84113 0.08919 0.53342 0.84113 0.2028 0.52838 0.82443 0.2028 0.52838 0.82443 0.30465 0.51762 0.79954 0.36964 -0.62165 0.6906 0.36192 -0.48384 0.79682 0.25258 -0.50647 0.82443 0.25258 -0.50647 0.82443 0.13998 -0.5224 0.84113 0.13998 -0.5224 0.84113 0.02557 -0.53142 0.84672 -0.08919 -0.53342 0.84113 -0.08919 -0.53342 0.84113 -0.2028 -0.52838 0.82443 -0.2028 -0.52838 0.82443 -0.30465 -0.51762 0.79954 -0.31782 -0.46471 0.82646 0.34582 -0.52654 0.77664 0.36096 -0.43206 0.82646 0.35279 -0.2942 0.88825 0.34496 -0.31729 0.88336 0.35254 -0.08813 0.93164 0.34311 -0.11183 0.93262 0.3328 0.1215 0.93514 0.34038 0.14423 0.92916 0.31662 0.32714 0.89035 0.32262 0.34819 0.88016 0.31782 0.46471 0.82646 -0.19461 -0.69865 0.68849 -0.19461 -0.69865 0.68849 -0.08083 -0.70714 0.70244 -0.08083 -0.70714 0.70244 0.03398 -0.70629 0.70711 0.14834 -0.69611 0.70244 0.14834 -0.69611 0.70244 0.26077 -0.67674 0.68849 0.26077 -0.67674 0.68849 0.36157 -0.6509 0.66753 0.38263 -0.8858 -0.26258 0.38279 -0.91781 -0.10537 0.27418 -0.95548 -0.10902 0.27418 -0.95548 -0.10902 0.16202 -0.9805 -0.11123 0.16202 -0.9805 -0.11123 0.04775 -0.99256 -0.11196 -0.06715 -0.99152 -0.11123 -0.06715 -0.99152 -0.11123 -0.1812 -0.97739 -0.10902 -0.1812 -0.97739 -0.10902 0.37024 -0.91865 -0.13788 0.38474 -0.92247 -0.03211 0.38279 -0.91781 0.10537 0.37936 -0.92022 0.09637 0.38394 -0.86962 0.3104 0.38572 -0.86736 0.31449 0.37204 -0.7811 0.50146 0.37625 -0.77208 0.51219 0.37373 -0.69468 0.61461 0.38103 -0.85073 -0.36204 0.37149 -0.87449 -0.31189 0.27185 -0.90702 -0.32158 0.27185 -0.90702 -0.32158 0.15964 -0.93106 -0.3281 0.15964 -0.93106 -0.3281 0.04536 -0.94279 -0.33028 -0.06953 -0.94208 -0.3281 -0.06953 -0.94208 -0.3281 -0.18353 -0.92892 -0.32158 -0.18353 -0.92892 -0.32158 -0.29518 -0.90348 -0.31081 -0.29292 -0.95031 -0.10537 -0.29292 -0.95031 -0.10536 -0.29292 -0.95031 0.10537 -0.29292 -0.95031 0.10536 -0.29518 -0.90348 0.31081 -0.29518 -0.90348 0.31081 -0.29957 -0.81215 0.50067 -0.29957 -0.81215 0.50067 -0.30588 -0.68091 0.66543 -0.30588 -0.68091 0.66543 -0.31326 -0.55436 0.77107 0.37576 -0.73489 -0.56457 -0.34292 0.08899 -0.93514 -0.23293 0.09794 -0.96755 -0.22245 -0.11984 -0.96755 -0.10924 -0.11661 -0.98715 -0.09882 -0.33323 -0.93765 0.01587 -0.3299 -0.94388 0.13998 -0.5224 -0.84113 0.14834 -0.69612 -0.70244 0.26077 -0.67674 -0.68849 0.26731 -0.81253 -0.51802 0.36915 -0.78212 -0.50202 0.37768 -0.79363 -0.47698 -0.35279 0.2942 -0.88825 -0.24314 0.31026 -0.91903 -0.23293 0.09794 -0.96755 -0.11993 0.10558 -0.98715 -0.10924 -0.11661 -0.98715 0.00538 -0.11184 -0.99371 0.13035 -0.32221 -0.93765 0.13998 -0.5224 -0.84113 0.25258 -0.50647 -0.82443 0.26077 -0.67674 -0.68849 0.36833 -0.64887 -0.66581 0.37015 -0.65159 -0.66213 -0.36192 0.48384 -0.79682 -0.25258 0.50647 -0.82443 -0.24314 0.31026 -0.91903 -0.13035 0.32221 -0.93765 -0.11993 0.10558 -0.98715 -0.00538 0.11184 -0.99371 0.11993 -0.10558 -0.98715 0.13035 -0.32221 -0.93765 0.24314 -0.31026 -0.91903 0.25258 -0.50647 -0.82443 0.36929 -0.48204 -0.79452 0.36269 -0.47182 -0.80364 -0.36983 0.6484 -0.66543 -0.26077 0.67674 -0.68849 -0.25258 0.50647 -0.82443 -0.13998 0.5224 -0.84113 -0.01587 0.3299 -0.94388 0.10924 0.11661 -0.98715 0.11993 -0.10558 -0.98715 0.23293 -0.09794 -0.96755 0.24314 -0.31026 -0.91903 0.35279 -0.2942 -0.88825 0.34488 -0.27796 -0.89655 -0.37615 0.77964 -0.50067 -0.26731 0.81253 -0.51802 -0.26077 0.67674 -0.68849 -0.14834 0.69611 -0.70244 -0.13998 0.5224 -0.84113 0.10924 0.11661 -0.98715 0.22245 0.11984 -0.96755 0.23293 -0.09794 -0.96755 0.34292 -0.08899 -0.93514 0.32471 -0.04906 -0.94454 0.99884 0.04805 -0 0.99884 0.04805 0 0.99884 0.04805 -0 0.99884 0.04805 -0 0.99884 0.04805 0 0.99884 0.04805 0 0.99884 0.04805 -0 0.99884 0.04805 0 0.99884 0.04805 -0 0.99884 0.04805 0 0.99884 0.04805 0 0.99884 0.04805 -0 0.99884 0.04805 0 0.99884 0.04805 -0 0.99884 0.04805 0 0.99884 0.04805 0 0.99884 0.04805 0 0.99884 0.04805 -0 0.99884 0.04805 -0 0.99884 0.04805 -0 0.99884 0.04805 0 0.99884 0.04805 -0 0.99884 0.04805 0 0.99884 0.04805 -0 0.99884 0.04805 -0 0.99884 0.04805 0 0.99884 0.04805 0 0.99884 0.04805 0 0.99884 0.04805 0 0.99884 0.04805 -0 0.99884 0.04805 -0 -0.99884 -0.04805 0 -0.99884 -0.04805 -0 -0.99884 -0.04805 0 -0.99884 -0.04805 -0 -0.99884 -0.04805 0 -0.99884 -0.04805 0 -0.99884 -0.04805 -0 -0.99884 -0.04805 -0 -0.99884 -0.04805 0 -0.99884 -0.04805 0 -0.99884 -0.04805 -0 -0.99884 -0.04805 -0 -0.99884 -0.04805 -0 -0.99884 -0.04805 -0 -0.99884 -0.04805 0 -0.99884 -0.04805 0 -0.99884 -0.04805 0 -0.99884 -0.04805 0 -0.99884 -0.04805 0 -0.99884 -0.04805 -0 -0.99884 -0.04805 0 -0.99884 -0.04805 0 -0.99884 -0.04805 -0 -0.99884 -0.04805 0 -0.99884 -0.04805 -0 -0.99884 -0.04805 0 -0.99884 -0.04805 -0 -0.99884 -0.04805 -0 -0.99884 -0.04805 0 -0.99884 -0.04805 0 -0.99884 -0.04805 -0 0.25792 0.02446 -0.96586 0.60709 0.02233 -0.79432 0.7018 0.09753 -0.70567 0.79933 0.03845 -0.59966 0.96255 0.08121 -0.25866 0.96232 0.0805 -0.25972 0.88796 0.04273 -0.45793 0.96109 0.09743 0.25848 0.99361 0.04783 0.10225 0.99737 0.04797 -0.05437 0.55801 0.19728 0.80604 0.76395 0.03941 0.64407 0.93166 0.04236 0.36087 0.24675 0.01187 -0.96901 -0.25852 -0.01244 -0.96593 -0.25852 -0.01244 -0.96593 -0.25852 -0.01244 0.96593 -0.25852 -0.01244 0.96593 0.24675 0.01187 0.96901 0.25792 0.02446 0.96586 0.70686 0.02081 0.70705 -0.24387 -0.64196 0.72692 -0.36676 -0.58184 0.72591 -0.4456 -0.58532 0.67738 -0.4692 -0.63513 0.61357 -0.53346 -0.58929 0.60676 -0.59738 -0.5931 0.53979 -0.62192 -0.63374 0.45999 -0.66593 -0.59486 0.4502 -0.75257 -0.59726 0.27735 -0.75257 -0.59726 0.27735 -0.79486 -0.60087 0.08459 -0.76852 -0.63749 0.0546 -0.7974 -0.60279 -0.0282 -0.78303 -0.59872 -0.16851 -0.72706 -0.67741 -0.11184 -0.76538 -0.60082 -0.23066 -0.73453 -0.59944 -0.31801 -0.67353 -0.64298 -0.3646 -0.68468 -0.59627 -0.41914 -0.63264 -0.59493 -0.49581 -0.55754 -0.6235 -0.54809 -0.56015 -0.58938 -0.58212 -0.4029 -0.58044 -0.70765 -0.4029 -0.58044 -0.70765 -0.19626 -0.5705 -0.79751 -0.21361 -0.63421 -0.74306 -0.12103 -0.57011 -0.81261 0.02693 -0.55976 -0.82822 -0.02021 -0.6551 -0.75527 0.08339 -0.55975 -0.82446 0.1752 -0.55586 -0.81261 0.2435 -0.59488 -0.76605 0.28455 -0.54931 -0.78568 0.45676 -0.53908 -0.70765 0.45676 -0.53908 -0.70764 0.61414 -0.53289 -0.58212 0.61482 -0.5671 -0.54809 0.68683 -0.53145 -0.49581 0.76144 -0.52442 -0.38103 0.69516 -0.60295 -0.39141 0.84384 -0.52289 -0.12054 0.80346 -0.57317 -0.16105 0.81952 -0.52457 -0.23067 0.78868 -0.52616 -0.31801 0.84887 -0.5218 0.08459 0.80642 -0.52226 0.27735 0.80642 -0.52226 0.27735 0.71996 -0.52819 0.4502 0.67988 -0.57112 0.45999 0.65155 -0.53302 0.53979 0.549 -0.53464 0.64246 0.54789 -0.62198 0.55942 0.49973 -0.53984 0.67738 0.42092 -0.54395 0.72591 0.34512 -0.59224 0.72811 -0.30265 -0.57561 0.75965 -0.08572 -0.56518 0.8205 -0.08572 -0.56518 0.8205 0.13957 -0.55434 0.8205 0.13957 -0.55434 0.8205 0.31871 -0.54784 0.7735 0.58186 -0.80544 -0.11273 0.58186 -0.80544 -0.11273 0.53139 -0.80786 -0.25491 0.53139 -0.80787 -0.25491 0.44447 -0.81205 -0.37818 0.44447 -0.81205 -0.37819 0.32756 -0.81767 -0.47341 0.32756 -0.81767 -0.47341 0.18932 -0.82432 -0.53353 0.18932 -0.82432 -0.53353 0.04 -0.83151 -0.55407 0.04 -0.83151 -0.55407 -0.10931 -0.83869 -0.53353 -0.10931 -0.83869 -0.53353 -0.24755 -0.84534 -0.47341 -0.24755 -0.84534 -0.47341 -0.36447 -0.85096 -0.37819 -0.36447 -0.85096 -0.37818 -0.45138 -0.85515 -0.25491 -0.45138 -0.85515 -0.25491 -0.50186 -0.85757 -0.11273 -0.50186 -0.85757 -0.11273 -0.51214 -0.85807 0.03781 -0.51214 -0.85807 0.03781 -0.48148 -0.85659 0.18555 -0.48148 -0.85659 0.18555 -0.41214 -0.85326 0.31952 -0.41214 -0.85326 0.31952 -0.30926 -0.84831 0.4298 -0.30926 -0.84831 0.4298 -0.18049 -0.84211 0.5082 -0.18049 -0.84211 0.5082 -0.03536 -0.83513 0.54891 -0.03536 -0.83513 0.54891 0.11536 -0.82788 0.54891 0.11536 -0.82788 0.54891 0.26049 -0.8209 0.5082 0.26049 -0.8209 0.5082 0.38927 -0.8147 0.4298 0.38927 -0.8147 0.4298 0.49214 -0.80976 0.31952 0.49214 -0.80975 0.31952 0.56148 -0.80642 0.18555 0.56148 -0.80642 0.18555 0.25352 -0.9671 0.02125 0.24001 -0.97075 -0.0066 0.23768 -0.97054 -0.03964 0.23768 -0.97054 -0.03964 0.21993 -0.97139 -0.08964 0.21993 -0.97139 -0.08964 0.18936 -0.97286 -0.13299 0.18936 -0.97286 -0.13299 0.14825 -0.97484 -0.16648 0.14825 -0.97484 -0.16648 0.09964 -0.97718 -0.18762 0.09964 -0.97718 -0.18761 0.04713 -0.9797 -0.19484 0.04713 -0.9797 -0.19484 -0.00538 -0.98223 -0.18762 -0.00538 -0.98223 -0.18761 -0.05399 -0.98457 -0.16647 -0.05399 -0.98457 -0.16647 -0.0951 -0.98654 -0.13299 -0.0951 -0.98654 -0.13299 -0.12566 -0.98801 -0.08964 -0.12567 -0.98801 -0.08964 -0.14341 -0.98887 -0.03964 -0.14341 -0.98887 -0.03964 -0.14703 -0.98904 0.0133 -0.14703 -0.98904 0.0133 -0.13625 -0.98852 0.06525 -0.13625 -0.98852 0.06525 -0.11186 -0.98735 0.11236 -0.11186 -0.98735 0.11236 -0.07569 -0.98561 0.15114 -0.07569 -0.98561 0.15114 -0.0304 -0.98343 0.17871 -0.0304 -0.98343 0.17871 0.02063 -0.98098 0.19302 0.02063 -0.98098 0.19302 0.07363 -0.97843 0.19302 0.07363 -0.97843 0.19302 0.12467 -0.97597 0.17871 0.12467 -0.97597 0.17871 0.16995 -0.97379 0.15114 0.16995 -0.97379 0.15114 0.20613 -0.97205 0.11236 0.20613 -0.97205 0.11236 0.23051 -0.97088 0.06525 0.23051 -0.97088 0.06525 0.2413 -0.97036 0.0133 0.59214 -0.80494 0.03781 0.59214 -0.80495 0.03781 0.82616 -0.56078 0.0546 0.85158 -0.52346 -0.0282 0.1457 0.98913 0.01984 0.13625 0.98852 0.06525 0.13625 0.98852 0.06525 0.11186 0.98735 0.11236 0.11186 0.98735 0.11236 0.07569 0.98561 0.15114 0.07569 0.98561 0.15114 0.0304 0.98343 0.17871 0.0304 0.98343 0.17871 -0.02063 0.98098 0.19302 -0.02063 0.98098 0.19302 -0.07363 0.97843 0.19302 -0.07363 0.97843 0.19302 -0.12467 0.97597 0.17871 -0.12467 0.97597 0.17871 -0.16995 0.97379 0.15114 -0.16995 0.97379 0.15114 -0.20613 0.97205 0.11236 -0.20613 0.97205 0.11236 -0.23051 0.97088 0.06525 -0.23051 0.97088 0.06525 -0.24129 0.97036 0.0133 -0.24129 0.97036 0.0133 -0.23768 0.97054 -0.03964 -0.23768 0.97054 -0.03964 -0.21993 0.97139 -0.08964 -0.21993 0.97139 -0.08964 -0.18936 0.97286 -0.13299 -0.18936 0.97286 -0.13299 -0.14825 0.97484 -0.16647 -0.14825 0.97484 -0.16648 -0.09964 0.97718 -0.18761 -0.09964 0.97718 -0.18762 -0.04713 0.9797 -0.19484 -0.04713 0.9797 -0.19484 0.00537 0.98223 -0.18761 0.00538 0.98223 -0.18762 0.05399 0.98457 -0.16648 0.05399 0.98457 -0.16648 0.0951 0.98654 -0.13299 0.0951 0.98654 -0.13299 0.12566 0.98801 -0.08964 0.12566 0.98801 -0.08964 0.14341 0.98887 -0.03964 0.14341 0.98887 -0.03964 0.14572 0.9893 -0.0066 0.15588 0.98768 0.0139 0.03536 0.83513 0.54891 0.18049 0.84211 0.5082 0.18049 0.84211 0.5082 0.30926 0.84831 0.4298 0.30926 0.84831 0.4298 0.41214 0.85326 0.31952 0.41214 0.85326 0.31952 0.48148 0.85659 0.18555 0.48148 0.85659 0.18555 0.51214 0.85807 0.03781 0.51214 0.85807 0.03781 0.50185 0.85758 -0.11273 0.50186 0.85757 -0.11273 0.45139 0.85514 -0.25491 0.45138 0.85515 -0.25491 0.36447 0.85096 -0.37818 0.36447 0.85096 -0.37819 0.24755 0.84534 -0.47341 0.24755 0.84534 -0.47341 0.10931 0.83869 -0.53353 0.10931 0.83869 -0.53353 -0.04 0.83151 -0.55407 -0.04 0.83151 -0.55407 -0.18932 0.82432 -0.53353 -0.18932 0.82432 -0.53353 -0.32756 0.81767 -0.47341 -0.32756 0.81767 -0.47341 -0.44447 0.81205 -0.37819 -0.44447 0.81205 -0.37818 -0.53139 0.80787 -0.25491 -0.53139 0.80787 -0.25491 -0.58186 0.80544 -0.11273 -0.58186 0.80544 -0.11273 -0.59215 0.80494 0.03781 -0.59215 0.80494 0.03781 -0.56148 0.80642 0.18555 -0.56148 0.80642 0.18555 -0.49214 0.80975 0.31952 -0.49214 0.80975 0.31952 -0.38927 0.8147 0.4298 -0.38927 0.8147 0.4298 -0.26049 0.8209 0.5082 -0.26049 0.8209 0.5082 -0.11536 0.82788 0.54891 -0.11536 0.82788 0.54891 0.03536 0.83513 0.54891 -0.55829 0.64088 0.52685 -0.57867 0.4438 0.68424 -0.69235 0.58905 0.41674 -0.7159 0.49954 0.48781 -0.79491 0.544 0.26868 -0.79777 0.53709 0.27403 -0.85515 0.50988 0.09348 -0.82616 0.56078 0.0546 -0.86658 0.48994 -0.09487 -0.80346 0.57317 -0.16104 -0.81952 0.52457 -0.23066 -0.78868 0.52616 -0.31801 -0.67499 0.61673 -0.40501 -0.7926 0.4613 -0.39873 -0.59155 0.57701 -0.56314 -0.63516 0.52223 -0.56907 -0.46472 0.54614 -0.69697 -0.4485 0.5657 -0.69197 -0.30343 0.52711 -0.79378 -0.2435 0.59488 -0.76605 -0.1752 0.55586 -0.81261 0.76538 0.60082 -0.23067 0.73453 0.59944 -0.31801 0.67353 0.64298 -0.3646 0.6895 0.56762 -0.44988 0.55754 0.6235 -0.54809 0.56047 0.58336 -0.58785 0.39987 0.58784 -0.70324 0.40116 0.60896 -0.68428 0.20461 0.53319 -0.82088 0.2258 0.642 -0.7327 -0.02189 0.45511 -0.89017 0.04988 0.67952 -0.73196 -0.08339 0.55975 -0.82446 0.7161 0.69288 -0.08435 0.83164 0.52605 -0.17787 0.75468 0.6501 0.08846 0.81061 0.58277 0.0573 0.74407 0.61097 0.27033 0.73809 0.6172 0.27256 0.68263 0.57895 0.44591 0.62192 0.63374 0.45999 0.57408 0.55698 0.60018 0.4692 0.63513 0.61357 0.4456 0.58532 0.67738 -0.49973 0.53984 0.67738 -0.42091 0.54395 0.72591 -0.34512 0.59224 0.72811 -0.30407 0.52319 0.79613 -0.13808 0.58562 0.79873 -0.11952 0.55648 0.82222 0.08572 0.56518 0.8205 0.06107 0.60035 0.7974 0.31744 0.52712 0.78828 0.22294 0.65082 0.72576 0.36676 0.58184 0.72591 -0.15231 -0.34757 -0.9252 -0.11984 0.22245 -0.96755 -0.88338 0.29761 -0.36204 0.43206 0.36096 0.82646 0.77964 0.37615 -0.50067 0.6484 0.36983 -0.66543 0.48384 0.36192 -0.79682 0.2942 0.35279 -0.88825 0.08899 0.34292 -0.93514 0.52654 0.34582 0.77664 -0.92456 0.27413 -0.26466 -0.08043 0.33596 -0.93843 -0.12142 0.324 -0.93823 -0.18497 0.33135 -0.9252 -0.32671 0.32292 -0.88825 -0.32671 0.32292 -0.88825 -0.33217 0.21224 -0.91903 -0.33217 0.21224 -0.91903 -0.33323 0.09882 -0.93765 -0.51635 0.3138 -0.79682 -0.51635 0.3138 -0.79682 -0.52838 0.2028 -0.82443 -0.52838 0.2028 -0.82443 -0.53342 0.08919 -0.84113 -0.53342 0.08919 -0.84113 -0.53142 -0.02557 -0.84672 -0.68091 0.30588 -0.66543 -0.68091 0.30588 -0.66543 -0.69865 0.19461 -0.68849 -0.69865 0.19461 -0.68849 -0.70714 0.08083 -0.70244 -0.70714 0.08083 -0.70244 -0.70629 -0.03398 -0.70711 -0.69611 -0.14834 -0.70244 -0.81215 0.29957 -0.50067 -0.81215 0.29957 -0.50067 -0.83443 0.18807 -0.51802 -0.83443 0.18807 -0.51802 -0.84568 0.07416 -0.52852 -0.84568 0.07416 -0.52852 -0.84575 -0.04069 -0.53203 -0.83465 -0.155 -0.52852 -0.83465 -0.155 -0.52852 -0.81253 -0.26731 -0.51802 0.33217 -0.21224 -0.91903 0.52838 -0.2028 -0.82443 0.52838 -0.2028 -0.82443 0.53342 -0.08919 -0.84113 0.69865 -0.19461 -0.68849 0.69865 -0.19461 -0.68849 0.70714 -0.08083 -0.70244 0.70714 -0.08083 -0.70244 0.70629 0.03398 -0.70711 0.83443 -0.18807 -0.51802 0.83443 -0.18807 -0.51802 0.84568 -0.07416 -0.52852 0.84568 -0.07416 -0.52852 0.84575 0.04069 -0.53203 0.83465 0.155 -0.52852 0.95548 0.27418 0.10902 0.95548 0.27418 0.10902 0.9805 0.16202 0.11123 0.9805 0.16202 0.11123 0.99256 0.04775 0.11196 0.99152 -0.06715 0.11123 0.99152 -0.06715 0.11123 0.97739 -0.1812 0.10902 0.97739 -0.1812 0.10902 0.90702 0.27185 0.32158 0.90702 0.27185 0.32158 0.93106 0.15964 0.3281 0.93106 0.15964 0.3281 0.94279 0.04536 0.33028 0.94208 -0.06953 0.3281 0.94208 -0.06953 0.3281 0.92892 -0.18353 0.32158 0.92892 -0.18353 0.32158 0.81253 0.26731 0.51802 0.81253 0.26731 0.51802 0.83465 0.155 0.52852 0.83465 0.155 0.52852 0.84575 0.04069 0.53203 0.84568 -0.07416 0.52852 0.84568 -0.07416 0.52852 0.83443 -0.18807 0.51802 0.83443 -0.18807 0.51802 0.2942 0.35279 0.88825 0.2942 0.35279 0.88825 0.31026 0.24314 0.91903 0.31026 0.24314 0.91903 0.32221 0.13035 0.93765 0.32221 0.13035 0.93765 0.3299 0.01587 0.94388 0.33323 -0.09882 0.93765 0.33323 -0.09882 0.93765 0.33217 -0.21224 0.91903 0.33217 -0.21224 0.91903 0.08899 0.34292 0.93514 0.08899 0.34292 0.93514 0.09794 0.23293 0.96755 0.09794 0.23293 0.96755 0.10558 0.11993 0.98715 0.10558 0.11993 0.98715 0.11184 0.00538 0.99371 0.11661 -0.10924 0.98715 0.11661 -0.10924 0.98715 0.11984 -0.22245 0.96755 0.11984 -0.22245 0.96755 -0.1215 0.3328 0.93514 -0.1215 0.3328 0.93514 -0.11984 0.22245 0.96755 -0.11984 0.22245 0.96755 -0.11661 0.10924 0.98715 -0.11661 0.10924 0.98715 -0.11184 -0.00538 0.99371 -0.10558 -0.11993 0.98715 -0.10558 -0.11993 0.98715 -0.09794 -0.23293 0.96755 -0.09794 -0.23293 0.96755 -0.32671 0.32292 0.88825 -0.32671 0.32292 0.88825 -0.33217 0.21224 0.91903 -0.33217 0.21224 0.91903 -0.33323 0.09882 0.93765 -0.33323 0.09882 0.93765 -0.3299 -0.01587 0.94388 -0.32221 -0.13035 0.93765 -0.32221 -0.13035 0.93765 -0.31026 -0.24314 0.91903 -0.31026 -0.24314 0.91903 -0.83443 0.18807 0.51802 -0.83443 0.18807 0.51802 -0.84568 0.07416 0.52852 -0.84568 0.07416 0.52852 -0.84575 -0.04069 0.53203 -0.83465 -0.155 0.52852 -0.83465 -0.155 0.52852 -0.81253 -0.26731 0.51802 -0.81253 -0.26731 0.51802 -0.92892 0.18353 0.32158 -0.92892 0.18353 0.32158 -0.94208 0.06953 0.3281 -0.94208 0.06953 0.3281 -0.94279 -0.04536 0.33028 -0.93106 -0.15964 0.3281 -0.93106 -0.15964 0.3281 -0.90702 -0.27185 0.32158 -0.90702 -0.27185 0.32158 -0.97739 0.1812 0.10902 -0.97739 0.1812 0.10902 -0.99152 0.06715 0.11123 -0.99152 0.06715 0.11123 -0.99256 -0.04775 0.11196 -0.9805 -0.16202 0.11123 -0.9805 -0.16202 0.11123 -0.95548 -0.27418 0.10902 -0.95548 -0.27418 0.10902 0.81253 0.26731 -0.51802 0.83465 0.155 -0.52852 0.69611 0.14834 -0.70244 0.53142 0.02557 -0.84672 0.53342 -0.08919 -0.84113 0.33323 -0.09882 -0.93765 0.33217 -0.21224 -0.91903 0.11984 -0.22245 -0.96755 0.12142 -0.324 -0.93823 0.08043 -0.33596 -0.93843 0.68091 -0.30588 -0.66543 0.68451 -0.30394 -0.66262 0.51611 -0.31548 -0.79631 0.50365 -0.32151 -0.80185 0.32707 -0.31761 -0.89003 0.3093 -0.32436 -0.89394 0.18497 -0.33135 -0.9252 0.94587 -0.29412 -0.13718 0.90347 -0.29518 -0.31081 0.92892 -0.18353 -0.32158 0.92892 -0.18353 -0.32158 0.94208 -0.06953 -0.3281 0.94208 -0.06953 -0.3281 0.94279 0.04536 -0.33028 0.93106 0.15964 -0.3281 0.93106 0.15964 -0.3281 0.90702 0.27185 -0.32158 0.90702 0.27185 -0.32158 0.87449 0.37149 -0.31189 0.85073 0.38103 -0.36204 0.92456 -0.27413 -0.26467 0.88338 -0.29761 -0.36204 0.81215 -0.29957 -0.50067 0.82919 -0.28798 -0.47906 0.76757 -0.30348 -0.56457 0.95548 0.27418 -0.10902 0.95548 0.27418 -0.10902 0.9805 0.16202 -0.11123 0.9805 0.16202 -0.11123 0.99256 0.04775 -0.11196 0.99152 -0.06715 -0.11123 0.99152 -0.06715 -0.11123 0.97739 -0.1812 -0.10902 0.97739 -0.1812 -0.10902 0.95269 -0.28499 -0.10567 0.55436 -0.31326 0.77107 0.68091 -0.30588 0.66543 0.69865 -0.19461 0.68849 0.69865 -0.19461 0.68849 0.70714 -0.08083 0.70244 0.70714 -0.08083 0.70244 0.70629 0.03398 0.70711 0.69611 0.14834 0.70244 0.69611 0.14834 0.70244 0.67674 0.26077 0.68849 0.67674 0.26077 0.68849 0.65721 -0.29258 0.6946 0.72735 -0.30532 0.61461 0.81215 -0.29957 0.50067 0.80608 -0.29453 0.51331 0.90189 -0.30065 0.31017 0.90095 -0.29873 0.31473 0.95121 -0.28996 0.10548 0.9512 -0.2932 0.09623 0.95514 -0.29441 -0.03211 0.8858 0.38263 -0.26259 0.91781 0.38279 -0.10537 0.91781 0.38279 -0.10536 0.91781 0.38279 0.10537 0.91781 0.38279 0.10536 0.87097 0.38054 0.31081 0.87097 0.38054 0.31081 0.77964 0.37615 0.50067 0.77964 0.37615 0.50067 0.6484 0.36983 0.66543 0.6484 0.36983 0.66543 0.48384 0.36192 0.79682 0.50647 0.25258 0.82443 0.50647 0.25258 0.82443 0.5224 0.13998 0.84113 0.5224 0.13998 0.84113 0.53142 0.02557 0.84672 0.53342 -0.08919 0.84113 0.53342 -0.08919 0.84113 0.52838 -0.2028 0.82443 0.52838 -0.2028 0.82443 0.51762 -0.30465 0.79954 -0.62165 -0.36964 0.6906 -0.48384 -0.36192 0.79682 -0.50647 -0.25258 0.82443 -0.50647 -0.25258 0.82443 -0.5224 -0.13998 0.84113 -0.5224 -0.13998 0.84113 -0.53142 -0.02557 0.84672 -0.53342 0.08919 0.84113 -0.53342 0.08919 0.84113 -0.52838 0.2028 0.82443 -0.52838 0.2028 0.82443 -0.51762 0.30465 0.79954 -0.46471 0.31782 0.82646 -0.52654 -0.34582 0.77664 -0.43206 -0.36096 0.82646 -0.2942 -0.35279 0.88825 -0.31729 -0.34496 0.88336 -0.08813 -0.35254 0.93164 -0.11183 -0.34311 0.93262 0.1215 -0.3328 0.93514 0.14423 -0.34038 0.92916 0.32714 -0.31662 0.89035 0.34819 -0.32262 0.88016 0.46471 -0.31782 0.82646 -0.69865 0.19461 0.68849 -0.69865 0.19461 0.68849 -0.70714 0.08083 0.70244 -0.70714 0.08083 0.70244 -0.70629 -0.03398 0.70711 -0.69611 -0.14834 0.70244 -0.69611 -0.14834 0.70244 -0.67674 -0.26077 0.68849 -0.67674 -0.26077 0.68849 -0.6509 -0.36157 0.66753 -0.8858 -0.38263 -0.26258 -0.91781 -0.38279 -0.10537 -0.95548 -0.27418 -0.10902 -0.95548 -0.27418 -0.10902 -0.9805 -0.16202 -0.11123 -0.9805 -0.16202 -0.11123 -0.99256 -0.04775 -0.11196 -0.99152 0.06715 -0.11123 -0.99152 0.06715 -0.11123 -0.97739 0.1812 -0.10902 -0.97739 0.1812 -0.10902 -0.91865 -0.37024 -0.13788 -0.92247 -0.38474 -0.03211 -0.91781 -0.38279 0.10537 -0.92022 -0.37936 0.09637 -0.86962 -0.38394 0.3104 -0.86736 -0.38572 0.31449 -0.7811 -0.37204 0.50146 -0.77208 -0.37625 0.51219 -0.69468 -0.37373 0.61461 -0.85073 -0.38103 -0.36204 -0.87449 -0.37149 -0.31189 -0.90702 -0.27185 -0.32158 -0.90702 -0.27185 -0.32158 -0.93106 -0.15964 -0.3281 -0.93106 -0.15964 -0.3281 -0.94279 -0.04536 -0.33028 -0.94208 0.06953 -0.3281 -0.94208 0.06953 -0.3281 -0.92892 0.18353 -0.32158 -0.92892 0.18353 -0.32158 -0.90348 0.29518 -0.31081 -0.95031 0.29292 -0.10537 -0.95031 0.29292 -0.10536 -0.95031 0.29292 0.10537 -0.95031 0.29292 0.10536 -0.90348 0.29518 0.31081 -0.90348 0.29518 0.31081 -0.81215 0.29957 0.50067 -0.81215 0.29957 0.50067 -0.68091 0.30588 0.66543 -0.68091 0.30588 0.66543 -0.55436 0.31326 0.77107 -0.73489 -0.37576 -0.56457 0.08899 0.34292 -0.93514 0.09794 0.23293 -0.96755 -0.11984 0.22245 -0.96755 -0.11661 0.10924 -0.98715 -0.33323 0.09882 -0.93765 -0.3299 -0.01587 -0.94388 -0.5224 -0.13998 -0.84113 -0.69612 -0.14834 -0.70244 -0.67674 -0.26077 -0.68849 -0.81253 -0.26731 -0.51802 -0.78212 -0.36915 -0.50202 -0.79363 -0.37768 -0.47698 0.2942 0.35279 -0.88825 0.31026 0.24314 -0.91903 0.09794 0.23293 -0.96755 0.10558 0.11993 -0.98715 -0.11661 0.10924 -0.98715 -0.11184 -0.00538 -0.99371 -0.32221 -0.13035 -0.93765 -0.5224 -0.13998 -0.84113 -0.50647 -0.25258 -0.82443 -0.67674 -0.26077 -0.68849 -0.64887 -0.36833 -0.66581 -0.65159 -0.37015 -0.66213 0.48384 0.36192 -0.79682 0.50647 0.25258 -0.82443 0.31026 0.24314 -0.91903 0.32221 0.13035 -0.93765 0.10558 0.11993 -0.98715 0.11184 0.00538 -0.99371 -0.10558 -0.11993 -0.98715 -0.32221 -0.13035 -0.93765 -0.31026 -0.24314 -0.91903 -0.50647 -0.25258 -0.82443 -0.48204 -0.36929 -0.79452 -0.47182 -0.36269 -0.80364 0.6484 0.36983 -0.66543 0.67674 0.26077 -0.68849 0.50647 0.25258 -0.82443 0.5224 0.13998 -0.84113 0.3299 0.01587 -0.94388 0.11661 -0.10924 -0.98715 -0.10558 -0.11993 -0.98715 -0.09794 -0.23293 -0.96755 -0.31026 -0.24314 -0.91903 -0.2942 -0.35279 -0.88825 -0.27796 -0.34488 -0.89655 0.77964 0.37615 -0.50067 0.81253 0.26731 -0.51802 0.67674 0.26077 -0.68849 0.69611 0.14834 -0.70244 0.5224 0.13998 -0.84113 0.11661 -0.10924 -0.98715 0.11984 -0.22245 -0.96755 -0.09794 -0.23293 -0.96755 -0.08899 -0.34292 -0.93514 -0.04906 -0.32471 -0.94454 0.04805 -0.99884 -0 0.04805 -0.99884 0 0.04805 -0.99884 -0 0.04805 -0.99884 -0 0.04805 -0.99884 0 0.04805 -0.99884 0 0.04805 -0.99884 -0 0.04805 -0.99884 0 0.04805 -0.99884 -0 0.04805 -0.99884 0 0.04805 -0.99884 0 0.04805 -0.99884 -0 0.04805 -0.99884 0 0.04805 -0.99884 -0 0.04805 -0.99884 0 0.04805 -0.99884 0 0.04805 -0.99884 0 0.04805 -0.99884 -0 0.04805 -0.99884 -0 0.04805 -0.99884 -0 0.04805 -0.99884 0 0.04805 -0.99884 0 0.04805 -0.99884 0 0.04805 -0.99884 -0 0.04805 -0.99884 -0 0.04805 -0.99884 0 0.04805 -0.99884 0 0.04805 -0.99884 -0 0.04805 -0.99884 -0 0.04805 -0.99884 0 0.04805 -0.99884 0 -0.04805 0.99884 -0 -0.04805 0.99884 0 -0.04805 0.99884 0 -0.04805 0.99884 -0 -0.04805 0.99884 -0 -0.04805 0.99884 -0 -0.04805 0.99884 -0 -0.04805 0.99884 -0 -0.04805 0.99884 0 -0.04805 0.99884 0 -0.04805 0.99884 0 -0.04805 0.99884 0 -0.04805 0.99884 0 -0.04805 0.99884 -0 -0.04805 0.99884 0 -0.04805 0.99884 -0 -0.04805 0.99884 -0 -0.04805 0.99884 0 -0.04805 0.99884 0 -0.04805 0.99884 0 -0.04805 0.99884 -0 -0.04805 0.99884 -0 -0.04805 0.99884 -0 -0.04805 0.99884 0 -0.04805 0.99884 0 -0.04805 0.99884 0 -0.04805 0.99884 -0 -0.04805 0.99884 -0 -0.04805 0.99884 0 -0.04805 0.99884 0 -0.04805 0.99884 -0 0.02446 -0.25792 -0.96586 0.02233 -0.60709 -0.79432 0.09753 -0.7018 -0.70567 0.03845 -0.79933 -0.59966 0.08121 -0.96255 -0.25866 0.08051 -0.96232 -0.25972 0.04273 -0.88796 -0.45793 0.09743 -0.96109 0.25848 0.04783 -0.99361 0.10224 0.04797 -0.99737 -0.05437 0.19728 -0.55801 0.80604 0.03941 -0.76395 0.64407 0.04236 -0.93166 0.36086 0.01187 -0.24675 -0.96901 -0.01244 0.25852 -0.96593 -0.01244 0.25852 -0.96593 -0.01244 0.25852 0.96593 -0.01244 0.25852 0.96593 0.01187 -0.24675 0.96901 0.02446 -0.25792 0.96586 0.02081 -0.70686 0.70705 -0.64196 0.24387 0.72692 -0.58184 0.36676 0.72591 -0.58532 0.4456 0.67738 -0.63513 0.4692 0.61357 -0.58929 0.53346 0.60676 -0.5931 0.59738 0.53979 -0.63374 0.62192 0.45999 -0.59486 0.66593 0.4502 -0.59726 0.75257 0.27735 -0.59726 0.75257 0.27735 -0.60087 0.79486 0.08459 -0.63749 0.76852 0.0546 -0.60279 0.7974 -0.0282 -0.59872 0.78303 -0.16851 -0.67741 0.72706 -0.11184 -0.60082 0.76538 -0.23066 -0.59944 0.73453 -0.31801 -0.64298 0.67353 -0.3646 -0.59627 0.68468 -0.41914 -0.59493 0.63264 -0.49581 -0.6235 0.55754 -0.54809 -0.58938 0.56015 -0.58212 -0.58044 0.4029 -0.70765 -0.58044 0.4029 -0.70765 -0.5705 0.19626 -0.79751 -0.63421 0.21361 -0.74306 -0.57011 0.12103 -0.81261 -0.55976 -0.02693 -0.82822 -0.6551 0.02021 -0.75527 -0.55975 -0.08339 -0.82446 -0.55586 -0.1752 -0.81261 -0.59488 -0.2435 -0.76605 -0.54931 -0.28455 -0.78568 -0.53908 -0.45676 -0.70765 -0.53908 -0.45676 -0.70764 -0.53289 -0.61414 -0.58212 -0.5671 -0.61482 -0.54809 -0.53145 -0.68683 -0.49581 -0.52442 -0.76144 -0.38103 -0.60295 -0.69516 -0.39141 -0.52289 -0.84384 -0.12054 -0.57317 -0.80346 -0.16105 -0.52457 -0.81952 -0.23067 -0.52616 -0.78868 -0.31801 -0.5218 -0.84887 0.08459 -0.52226 -0.80642 0.27735 -0.52226 -0.80642 0.27735 -0.52819 -0.71996 0.4502 -0.57112 -0.67988 0.45999 -0.53302 -0.65155 0.53979 -0.53464 -0.549 0.64246 -0.62198 -0.54789 0.55942 -0.53984 -0.49973 0.67738 -0.54395 -0.42092 0.72591 -0.59224 -0.34512 0.72811 -0.57561 0.30265 0.75965 -0.56518 0.08572 0.8205 -0.56518 0.08572 0.8205 -0.55434 -0.13957 0.8205 -0.55434 -0.13957 0.8205 -0.54784 -0.31871 0.7735 -0.80544 -0.58186 -0.11273 -0.80544 -0.58186 -0.11273 -0.80786 -0.53139 -0.25491 -0.80787 -0.53139 -0.25491 -0.81205 -0.44447 -0.37818 -0.81205 -0.44447 -0.37819 -0.81767 -0.32756 -0.47341 -0.81767 -0.32756 -0.47341 -0.82432 -0.18932 -0.53353 -0.82432 -0.18932 -0.53353 -0.83151 -0.04 -0.55407 -0.83151 -0.04 -0.55407 -0.83869 0.10931 -0.53353 -0.83869 0.10931 -0.53353 -0.84534 0.24755 -0.47341 -0.84534 0.24755 -0.47341 -0.85096 0.36447 -0.37819 -0.85096 0.36447 -0.37818 -0.85515 0.45138 -0.25491 -0.85515 0.45138 -0.25491 -0.85757 0.50186 -0.11273 -0.85757 0.50186 -0.11273 -0.85807 0.51214 0.03781 -0.85807 0.51214 0.03781 -0.85659 0.48148 0.18555 -0.85659 0.48148 0.18555 -0.85326 0.41214 0.31952 -0.85326 0.41214 0.31952 -0.84831 0.30926 0.4298 -0.84831 0.30926 0.4298 -0.84211 0.18049 0.5082 -0.84211 0.18049 0.5082 -0.83513 0.03536 0.54891 -0.82788 -0.11536 0.54891 -0.82788 -0.11536 0.54891 -0.8209 -0.26049 0.5082 -0.8209 -0.26049 0.5082 -0.8147 -0.38927 0.4298 -0.8147 -0.38927 0.4298 -0.80976 -0.49214 0.31952 -0.80975 -0.49214 0.31952 -0.80642 -0.56148 0.18555 -0.80642 -0.56148 0.18555 -0.9671 -0.25352 0.02125 -0.97075 -0.24001 -0.0066 -0.97054 -0.23768 -0.03964 -0.97054 -0.23768 -0.03964 -0.97139 -0.21993 -0.08964 -0.97139 -0.21993 -0.08964 -0.97286 -0.18936 -0.13299 -0.97286 -0.18936 -0.13299 -0.97484 -0.14825 -0.16648 -0.97484 -0.14825 -0.16648 -0.97718 -0.09964 -0.18762 -0.97718 -0.09964 -0.18761 -0.9797 -0.04713 -0.19484 -0.9797 -0.04713 -0.19484 -0.98223 0.00538 -0.18762 -0.98223 0.00538 -0.18761 -0.98457 0.05399 -0.16647 -0.98457 0.05399 -0.16647 -0.98654 0.0951 -0.13299 -0.98654 0.0951 -0.13299 -0.98801 0.12566 -0.08964 -0.98801 0.12567 -0.08964 -0.98887 0.14341 -0.03964 -0.98887 0.14341 -0.03964 -0.98904 0.14703 0.0133 -0.98904 0.14703 0.0133 -0.98852 0.13625 0.06525 -0.98852 0.13625 0.06525 -0.98735 0.11186 0.11236 -0.98735 0.11186 0.11236 -0.98561 0.07569 0.15114 -0.98561 0.07569 0.15114 -0.98343 0.0304 0.17871 -0.98343 0.0304 0.17871 -0.98098 -0.02063 0.19302 -0.98098 -0.02063 0.19302 -0.97843 -0.07363 0.19302 -0.97843 -0.07363 0.19302 -0.97597 -0.12467 0.17871 -0.97597 -0.12467 0.17871 -0.97379 -0.16995 0.15114 -0.97379 -0.16995 0.15114 -0.97205 -0.20613 0.11236 -0.97205 -0.20613 0.11236 -0.97088 -0.23051 0.06525 -0.97088 -0.23051 0.06525 -0.97036 -0.2413 0.0133 -0.80494 -0.59214 0.03781 -0.80495 -0.59214 0.03781 -0.56078 -0.82616 0.0546 -0.52346 -0.85158 -0.0282 0.98913 -0.1457 0.01984 0.98852 -0.13625 0.06525 0.98852 -0.13625 0.06525 0.98735 -0.11186 0.11236 0.98735 -0.11186 0.11236 0.98561 -0.07569 0.15114 0.98561 -0.07569 0.15114 0.98343 -0.0304 0.17871 0.98343 -0.0304 0.17871 0.98098 0.02063 0.19302 0.98098 0.02063 0.19302 0.97843 0.07363 0.19302 0.97843 0.07363 0.19302 0.97597 0.12467 0.17871 0.97597 0.12467 0.17871 0.97379 0.16995 0.15114 0.97379 0.16995 0.15114 0.97205 0.20613 0.11236 0.97205 0.20613 0.11236 0.97088 0.23051 0.06525 0.97088 0.23051 0.06525 0.97036 0.24129 0.0133 0.97036 0.24129 0.0133 0.97054 0.23768 -0.03964 0.97054 0.23768 -0.03964 0.97139 0.21993 -0.08964 0.97139 0.21993 -0.08964 0.97286 0.18936 -0.13299 0.97286 0.18936 -0.13299 0.97484 0.14825 -0.16647 0.97484 0.14825 -0.16648 0.97718 0.09964 -0.18761 0.97718 0.09964 -0.18762 0.9797 0.04713 -0.19484 0.9797 0.04713 -0.19484 0.98223 -0.00537 -0.18761 0.98223 -0.00538 -0.18762 0.98457 -0.05399 -0.16648 0.98457 -0.05399 -0.16648 0.98654 -0.0951 -0.13299 0.98654 -0.0951 -0.13299 0.98801 -0.12566 -0.08964 0.98801 -0.12566 -0.08964 0.98887 -0.14341 -0.03964 0.98887 -0.14341 -0.03964 0.9893 -0.14572 -0.0066 0.98768 -0.15588 0.0139 0.83513 -0.03536 0.54891 0.84211 -0.18049 0.5082 0.84211 -0.18049 0.5082 0.84831 -0.30926 0.4298 0.84831 -0.30926 0.4298 0.85326 -0.41214 0.31952 0.85326 -0.41214 0.31952 0.85659 -0.48148 0.18555 0.85659 -0.48148 0.18555 0.85807 -0.51214 0.03781 0.85807 -0.51214 0.03781 0.85758 -0.50185 -0.11273 0.85757 -0.50186 -0.11273 0.85514 -0.45139 -0.25491 0.85515 -0.45138 -0.25491 0.85096 -0.36447 -0.37818 0.85096 -0.36447 -0.37819 0.84534 -0.24755 -0.47341 0.84534 -0.24755 -0.47341 0.83869 -0.10931 -0.53353 0.83869 -0.10931 -0.53353 0.83151 0.04 -0.55407 0.83151 0.04 -0.55407 0.82432 0.18932 -0.53353 0.82432 0.18932 -0.53353 0.81767 0.32756 -0.47341 0.81767 0.32756 -0.47341 0.81205 0.44447 -0.37819 0.81205 0.44447 -0.37818 0.80787 0.53139 -0.25491 0.80787 0.53139 -0.25491 0.80544 0.58186 -0.11273 0.80544 0.58186 -0.11273 0.80494 0.59215 0.03781 0.80494 0.59215 0.03781 0.80642 0.56148 0.18555 0.80642 0.56148 0.18555 0.80975 0.49214 0.31952 0.80975 0.49214 0.31952 0.8147 0.38927 0.4298 0.8147 0.38927 0.4298 0.8209 0.26049 0.5082 0.8209 0.26049 0.5082 0.82788 0.11536 0.54891 0.82788 0.11536 0.54891 0.64088 0.55829 0.52685 0.4438 0.57867 0.68424 0.58905 0.69235 0.41674 0.49954 0.7159 0.48781 0.544 0.79491 0.26868 0.53709 0.79777 0.27403 0.50988 0.85515 0.09348 0.56078 0.82616 0.0546 0.48994 0.86658 -0.09487 0.57317 0.80346 -0.16104 0.52457 0.81952 -0.23066 0.52616 0.78868 -0.31801 0.61673 0.67499 -0.40501 0.4613 0.7926 -0.39873 0.57701 0.59155 -0.56314 0.52223 0.63516 -0.56907 0.54614 0.46472 -0.69697 0.5657 0.4485 -0.69197 0.52711 0.30343 -0.79378 0.59488 0.2435 -0.76605 0.55586 0.1752 -0.81261 0.60082 -0.76538 -0.23067 0.59944 -0.73453 -0.31801 0.64298 -0.67353 -0.3646 0.56762 -0.6895 -0.44988 0.6235 -0.55754 -0.54809 0.58336 -0.56047 -0.58785 0.58784 -0.39987 -0.70324 0.60896 -0.40116 -0.68428 0.53319 -0.20461 -0.82088 0.642 -0.2258 -0.7327 0.45511 0.02189 -0.89017 0.67952 -0.04988 -0.73196 0.55975 0.08339 -0.82446 0.69288 -0.7161 -0.08435 0.52605 -0.83164 -0.17787 0.6501 -0.75468 0.08846 0.58277 -0.81061 0.0573 0.61097 -0.74407 0.27033 0.6172 -0.73809 0.27256 0.57895 -0.68263 0.44591 0.63374 -0.62192 0.45999 0.55698 -0.57408 0.60018 0.63513 -0.4692 0.61357 0.58532 -0.4456 0.67738 0.53984 0.49973 0.67738 0.54395 0.42091 0.72591 0.59224 0.34512 0.72811 0.52319 0.30407 0.79613 0.58562 0.13808 0.79873 0.55648 0.11952 0.82222 0.56518 -0.08572 0.8205 0.60035 -0.06107 0.7974 0.52712 -0.31744 0.78828 0.65082 -0.22294 0.72576 0.58184 -0.36676 0.72591 -0.34757 0.15231 -0.9252 0.22245 0.11984 -0.96755 0.29761 0.88338 -0.36204 0.36096 -0.43206 0.82646 0.37615 -0.77964 -0.50067 0.36983 -0.6484 -0.66543 0.36192 -0.48384 -0.79682 0.35279 -0.2942 -0.88825 0.34292 -0.08899 -0.93514 0.34582 -0.52654 0.77664 0.27413 0.92456 -0.26466 0.33596 0.08043 -0.93843 0.324 0.12142 -0.93823 0.33135 0.18497 -0.9252 0.32292 0.32671 -0.88825 0.32292 0.32671 -0.88825 0.21224 0.33217 -0.91903 0.21224 0.33217 -0.91903 0.09882 0.33323 -0.93765 0.3138 0.51635 -0.79682 0.3138 0.51635 -0.79682 0.2028 0.52838 -0.82443 0.2028 0.52838 -0.82443 0.08919 0.53342 -0.84113 0.08919 0.53342 -0.84113 0.30588 0.68091 -0.66543 0.30588 0.68091 -0.66543 0.19461 0.69865 -0.68849 0.19461 0.69865 -0.68849 0.08083 0.70714 -0.70244 0.08083 0.70714 -0.70244 -0.03398 0.70629 -0.70711 -0.14834 0.69611 -0.70244 0.29957 0.81215 -0.50067 0.29957 0.81215 -0.50067 0.18807 0.83443 -0.51802 0.18807 0.83443 -0.51802 0.07416 0.84568 -0.52852 -0.155 0.83465 -0.52852 -0.155 0.83465 -0.52852 -0.26731 0.81253 -0.51802 -0.21224 -0.33217 -0.91903 -0.2028 -0.52838 -0.82443 -0.2028 -0.52838 -0.82443 -0.08919 -0.53342 -0.84113 -0.19461 -0.69865 -0.68849 -0.19461 -0.69865 -0.68849 -0.08083 -0.70714 -0.70244 -0.08083 -0.70714 -0.70244 0.03398 -0.70629 -0.70711 -0.18807 -0.83443 -0.51802 -0.18807 -0.83443 -0.51802 -0.07416 -0.84568 -0.52852 0.155 -0.83465 -0.52852 0.27418 -0.95548 0.10902 0.27418 -0.95548 0.10902 0.16202 -0.9805 0.11123 -0.06715 -0.99152 0.11123 -0.06715 -0.99152 0.11123 -0.1812 -0.97739 0.10902 -0.1812 -0.97739 0.10902 0.27185 -0.90702 0.32158 0.27185 -0.90702 0.32158 0.15964 -0.93106 0.3281 0.15964 -0.93106 0.3281 -0.06953 -0.94208 0.3281 -0.18353 -0.92892 0.32158 -0.18353 -0.92892 0.32158 0.26731 -0.81253 0.51802 0.26731 -0.81253 0.51802 0.155 -0.83465 0.52852 -0.07416 -0.84568 0.52852 -0.07416 -0.84568 0.52852 -0.18807 -0.83443 0.51802 -0.18807 -0.83443 0.51802 0.35279 -0.2942 0.88825 0.35279 -0.2942 0.88825 0.24314 -0.31026 0.91903 0.24314 -0.31026 0.91903 0.13035 -0.32221 0.93765 0.13035 -0.32221 0.93765 -0.09882 -0.33323 0.93765 -0.09882 -0.33323 0.93765 -0.21224 -0.33217 0.91903 -0.21224 -0.33217 0.91903 0.34292 -0.08899 0.93514 0.34292 -0.08899 0.93514 0.23293 -0.09794 0.96755 0.23293 -0.09794 0.96755 0.11993 -0.10558 0.98715 0.11993 -0.10558 0.98715 -0.10924 -0.11661 0.98715 -0.22245 -0.11984 0.96755 -0.22245 -0.11984 0.96755 0.3328 0.1215 0.93514 0.3328 0.1215 0.93514 0.22245 0.11984 0.96755 0.22245 0.11984 0.96755 0.10924 0.11661 0.98715 -0.11993 0.10558 0.98715 -0.11993 0.10558 0.98715 -0.23293 0.09794 0.96755 -0.23293 0.09794 0.96755 0.32292 0.32671 0.88825 0.32292 0.32671 0.88825 0.21224 0.33217 0.91903 0.21224 0.33217 0.91903 0.09882 0.33323 0.93765 0.09882 0.33323 0.93765 -0.13035 0.32221 0.93765 -0.13035 0.32221 0.93765 -0.24314 0.31026 0.91903 -0.24314 0.31026 0.91903 0.18807 0.83443 0.51802 0.18807 0.83443 0.51802 0.07416 0.84568 0.52852 0.07416 0.84568 0.52852 -0.155 0.83465 0.52852 -0.26731 0.81253 0.51802 -0.26731 0.81253 0.51802 0.18353 0.92892 0.32158 0.18353 0.92892 0.32158 0.06953 0.94208 0.3281 -0.15964 0.93106 0.3281 -0.15964 0.93106 0.3281 -0.27185 0.90702 0.32158 -0.27185 0.90702 0.32158 0.1812 0.97739 0.10902 0.1812 0.97739 0.10902 0.06715 0.99152 0.11123 0.06715 0.99152 0.11123 -0.16202 0.9805 0.11123 -0.27418 0.95548 0.10902 -0.27418 0.95548 0.10902 0.26731 -0.81253 -0.51802 0.155 -0.83465 -0.52852 0.14834 -0.69611 -0.70244 -0.08919 -0.53342 -0.84113 -0.09882 -0.33323 -0.93765 -0.21224 -0.33217 -0.91903 -0.22245 -0.11984 -0.96755 -0.324 -0.12142 -0.93823 -0.33596 -0.08043 -0.93843 -0.30588 -0.68091 -0.66543 -0.30394 -0.68451 -0.66262 -0.31548 -0.51611 -0.79631 -0.32151 -0.50365 -0.80185 -0.31761 -0.32707 -0.89003 -0.32436 -0.3093 -0.89394 -0.33135 -0.18497 -0.9252 -0.29412 -0.94587 -0.13718 -0.29518 -0.90347 -0.31081 -0.18353 -0.92892 -0.32158 -0.18353 -0.92892 -0.32158 -0.06953 -0.94208 -0.3281 -0.06953 -0.94208 -0.3281 0.15964 -0.93106 -0.3281 0.27185 -0.90702 -0.32158 0.27185 -0.90702 -0.32158 0.37149 -0.87449 -0.31189 0.38103 -0.85073 -0.36204 -0.27413 -0.92456 -0.26467 -0.29761 -0.88338 -0.36204 -0.29957 -0.81215 -0.50067 -0.28798 -0.82919 -0.47906 -0.30348 -0.76757 -0.56457 0.27418 -0.95548 -0.10902 0.27418 -0.95548 -0.10902 0.16202 -0.9805 -0.11123 0.16202 -0.9805 -0.11123 -0.06715 -0.99152 -0.11123 -0.1812 -0.97739 -0.10902 -0.1812 -0.97739 -0.10902 -0.28499 -0.95269 -0.10567 -0.30588 -0.68091 0.66543 -0.19461 -0.69865 0.68849 -0.19461 -0.69865 0.68849 -0.08083 -0.70714 0.70244 -0.08083 -0.70714 0.70244 0.03398 -0.70629 0.70711 0.14834 -0.69611 0.70244 0.14834 -0.69611 0.70244 0.26077 -0.67674 0.68849 0.26077 -0.67674 0.68849 -0.29258 -0.65721 0.6946 -0.30532 -0.72735 0.61461 -0.29957 -0.81215 0.50067 -0.29453 -0.80608 0.51331 -0.30065 -0.90189 0.31017 -0.29873 -0.90095 0.31473 -0.28996 -0.95121 0.10548 -0.2932 -0.9512 0.09623 -0.29441 -0.95514 -0.03211 0.38263 -0.8858 -0.26259 0.38279 -0.91781 -0.10537 0.38279 -0.91781 -0.10536 0.38279 -0.91781 0.10537 0.38279 -0.91781 0.10536 0.38054 -0.87097 0.31081 0.38054 -0.87097 0.31081 0.37615 -0.77964 0.50067 0.37615 -0.77964 0.50067 0.36983 -0.6484 0.66543 0.36983 -0.6484 0.66543 0.36192 -0.48384 0.79682 0.25258 -0.50647 0.82443 0.25258 -0.50647 0.82443 0.13998 -0.5224 0.84113 0.13998 -0.5224 0.84113 -0.08919 -0.53342 0.84113 -0.2028 -0.52838 0.82443 -0.2028 -0.52838 0.82443 -0.30465 -0.51762 0.79954 -0.36964 0.62165 0.6906 -0.36192 0.48384 0.79682 -0.25258 0.50647 0.82443 -0.25258 0.50647 0.82443 -0.13998 0.5224 0.84113 -0.13998 0.5224 0.84113 0.08919 0.53342 0.84113 0.2028 0.52838 0.82443 0.2028 0.52838 0.82443 0.30465 0.51762 0.79954 0.31782 0.46471 0.82646 -0.34582 0.52654 0.77664 -0.36096 0.43206 0.82646 -0.35279 0.2942 0.88825 -0.34496 0.31729 0.88336 -0.35254 0.08813 0.93164 -0.34311 0.11183 0.93262 -0.3328 -0.1215 0.93514 -0.34038 -0.14423 0.92916 -0.31662 -0.32714 0.89035 -0.32262 -0.34819 0.88016 -0.31782 -0.46471 0.82646 0.19461 0.69865 0.68849 0.19461 0.69865 0.68849 0.08083 0.70714 0.70244 0.08083 0.70714 0.70244 -0.03398 0.70629 0.70711 -0.14834 0.69611 0.70244 -0.14834 0.69611 0.70244 -0.26077 0.67674 0.68849 -0.26077 0.67674 0.68849 -0.36157 0.6509 0.66753 -0.38263 0.8858 -0.26258 -0.38279 0.91781 -0.10537 -0.27418 0.95548 -0.10902 -0.27418 0.95548 -0.10902 -0.16202 0.9805 -0.11123 -0.16202 0.9805 -0.11123 0.06715 0.99152 -0.11123 0.1812 0.97739 -0.10902 0.1812 0.97739 -0.10902 -0.37024 0.91865 -0.13788 -0.38474 0.92247 -0.03211 -0.38279 0.91781 0.10537 -0.37936 0.92022 0.09637 -0.38394 0.86962 0.3104 -0.38572 0.86736 0.31449 -0.37204 0.7811 0.50146 -0.37625 0.77208 0.51219 -0.37373 0.69468 0.61461 -0.38103 0.85073 -0.36204 -0.37149 0.87449 -0.31189 -0.27185 0.90702 -0.32158 -0.27185 0.90702 -0.32158 -0.15964 0.93106 -0.3281 0.06953 0.94208 -0.3281 0.06953 0.94208 -0.3281 0.18353 0.92892 -0.32158 0.18353 0.92892 -0.32158 0.29518 0.90348 -0.31081 0.29292 0.95031 -0.10537 0.29292 0.95031 -0.10536 0.29292 0.95031 0.10537 0.29292 0.95031 0.10536 0.29518 0.90348 0.31081 0.29518 0.90348 0.31081 0.29957 0.81215 0.50067 0.29957 0.81215 0.50067 0.30588 0.68091 0.66543 0.30588 0.68091 0.66543 -0.37576 0.73489 -0.56457 0.34292 -0.08899 -0.93514 0.23293 -0.09794 -0.96755 0.22245 0.11984 -0.96755 0.10924 0.11661 -0.98715 0.09882 0.33323 -0.93765 -0.14834 0.69612 -0.70244 -0.26077 0.67674 -0.68849 -0.26731 0.81253 -0.51802 -0.36915 0.78212 -0.50202 -0.37768 0.79363 -0.47698 0.35279 -0.2942 -0.88825 0.24314 -0.31026 -0.91903 0.23293 -0.09794 -0.96755 0.11993 -0.10558 -0.98715 0.10924 0.11661 -0.98715 -0.13035 0.32221 -0.93765 -0.13998 0.5224 -0.84113 -0.25258 0.50647 -0.82443 -0.26077 0.67674 -0.68849 -0.36833 0.64887 -0.66581 -0.37015 0.65159 -0.66213 0.36192 -0.48384 -0.79682 0.25258 -0.50647 -0.82443 0.24314 -0.31026 -0.91903 0.13035 -0.32221 -0.93765 0.11993 -0.10558 -0.98715 -0.11993 0.10558 -0.98715 -0.13035 0.32221 -0.93765 -0.24314 0.31026 -0.91903 -0.25258 0.50647 -0.82443 -0.36929 0.48204 -0.79452 -0.36269 0.47182 -0.80364 0.36983 -0.6484 -0.66543 0.26077 -0.67674 -0.68849 0.25258 -0.50647 -0.82443 0.13998 -0.5224 -0.84113 -0.10924 -0.11661 -0.98715 -0.11993 0.10558 -0.98715 -0.23293 0.09794 -0.96755 -0.24314 0.31026 -0.91903 -0.35279 0.2942 -0.88825 -0.34488 0.27796 -0.89655 0.37615 -0.77964 -0.50067 0.26731 -0.81253 -0.51802 0.26077 -0.67674 -0.68849 0.14834 -0.69611 -0.70244 -0.10924 -0.11661 -0.98715 -0.22245 -0.11984 -0.96755 -0.23293 0.09794 -0.96755 -0.34292 0.08899 -0.93514 -0.32471 0.04906 -0.94454 -0.99884 -0.04805 -0 -0.99884 -0.04805 0 -0.99884 -0.04805 0 -0.99884 -0.04805 -0 -0.99884 -0.04805 -0 -0.99884 -0.04805 0 -0.99884 -0.04805 0 -0.99884 -0.04805 -0 -0.99884 -0.04805 -0 -0.99884 -0.04805 0 -0.99884 -0.04805 0 -0.99884 -0.04805 -0 -0.99884 -0.04805 0 -0.99884 -0.04805 0 -0.99884 -0.04805 0 -0.99884 -0.04805 -0 -0.99884 -0.04805 0 -0.99884 -0.04805 -0 -0.99884 -0.04805 -0 -0.99884 -0.04805 -0 -0.99884 -0.04805 0 -0.99884 -0.04805 0 -0.99884 -0.04805 0 -0.99884 -0.04805 0 -0.99884 -0.04805 0 -0.99884 -0.04805 -0 -0.99884 -0.04805 0 -0.99884 -0.04805 -0 -0.99884 -0.04805 -0 -0.99884 -0.04805 0 0.99884 0.04805 -0 0.99884 0.04805 0 0.99884 0.04805 0 0.99884 0.04805 -0 0.99884 0.04805 0 0.99884 0.04805 0 0.99884 0.04805 -0 0.99884 0.04805 -0 0.99884 0.04805 0 0.99884 0.04805 0 0.99884 0.04805 0 0.99884 0.04805 -0 0.99884 0.04805 0 0.99884 0.04805 -0 0.99884 0.04805 -0 0.99884 0.04805 -0 0.99884 0.04805 -0 0.99884 0.04805 0 0.99884 0.04805 0 0.99884 0.04805 -0 0.99884 0.04805 -0 0.99884 0.04805 -0 0.99884 0.04805 0 0.99884 0.04805 0 0.99884 0.04805 0 0.99884 0.04805 0 0.99884 0.04805 0 0.99884 0.04805 -0 0.99884 0.04805 0 0.99884 0.04805 -0 -0.25792 -0.02446 -0.96586 -0.60709 -0.02233 -0.79432 -0.7018 -0.09753 -0.70567 -0.79933 -0.03845 -0.59966 -0.96255 -0.08121 -0.25866 -0.96232 -0.0805 -0.25972 -0.88796 -0.04273 -0.45793 -0.96109 -0.09743 0.25848 -0.99361 -0.04783 0.10225 -0.99737 -0.04797 -0.05437 -0.55801 -0.19728 0.80604 -0.76395 -0.03941 0.64407 -0.93166 -0.04236 0.36087 -0.24675 -0.01187 -0.96901 0.25852 0.01244 -0.96593 0.25852 0.01244 -0.96593 0.25852 0.01244 0.96593 0.25852 0.01244 0.96593 -0.24675 -0.01187 0.96901 -0.25792 -0.02446 0.96586 -0.70686 -0.02081 0.70705 0.24387 0.64196 0.72692 0.36676 0.58184 0.72591 0.4456 0.58532 0.67738 0.4692 0.63513 0.61357 0.53346 0.58929 0.60676 0.59738 0.5931 0.53979 0.62192 0.63374 0.45999 0.66593 0.59486 0.4502 0.75257 0.59726 0.27735 0.75257 0.59726 0.27735 0.79486 0.60087 0.08459 0.76852 0.63749 0.0546 0.7974 0.60279 -0.0282 0.78303 0.59872 -0.16851 0.72706 0.67741 -0.11184 0.76538 0.60082 -0.23066 0.73453 0.59944 -0.31801 0.67353 0.64298 -0.3646 0.68468 0.59627 -0.41914 0.63264 0.59493 -0.49581 0.55754 0.6235 -0.54809 0.56015 0.58938 -0.58212 0.4029 0.58044 -0.70765 0.4029 0.58044 -0.70765 0.19626 0.5705 -0.79751 0.21361 0.63421 -0.74306 0.12103 0.57011 -0.81261 -0.02693 0.55976 -0.82822 0.02021 0.6551 -0.75527 -0.08339 0.55975 -0.82446 -0.1752 0.55586 -0.81261 -0.2435 0.59488 -0.76605 -0.28455 0.54931 -0.78568 -0.45676 0.53908 -0.70765 -0.45676 0.53908 -0.70764 -0.61414 0.53289 -0.58212 -0.61482 0.5671 -0.54809 -0.68683 0.53145 -0.49581 -0.76144 0.52442 -0.38103 -0.69516 0.60295 -0.39141 -0.84384 0.52289 -0.12054 -0.80346 0.57317 -0.16105 -0.81952 0.52457 -0.23067 -0.78868 0.52616 -0.31801 -0.84887 0.5218 0.08459 -0.80642 0.52226 0.27735 -0.80642 0.52226 0.27735 -0.71996 0.52819 0.4502 -0.67988 0.57112 0.45999 -0.65155 0.53302 0.53979 -0.549 0.53464 0.64246 -0.54789 0.62198 0.55942 -0.49973 0.53984 0.67738 -0.42092 0.54395 0.72591 -0.34512 0.59224 0.72811 0.30265 0.57561 0.75965 0.08572 0.56518 0.8205 0.08572 0.56518 0.8205 -0.13957 0.55434 0.8205 -0.13957 0.55434 0.8205 -0.31871 0.54784 0.7735 -0.58186 0.80544 -0.11273 -0.58186 0.80544 -0.11273 -0.53139 0.80786 -0.25491 -0.53139 0.80787 -0.25491 -0.44447 0.81205 -0.37818 -0.44447 0.81205 -0.37819 -0.32756 0.81767 -0.47341 -0.32756 0.81767 -0.47341 -0.18932 0.82432 -0.53353 -0.18932 0.82432 -0.53353 -0.04 0.83151 -0.55407 -0.04 0.83151 -0.55407 0.10931 0.83869 -0.53353 0.10931 0.83869 -0.53353 0.24755 0.84534 -0.47341 0.24755 0.84534 -0.47341 0.36447 0.85096 -0.37819 0.36447 0.85096 -0.37818 0.45138 0.85515 -0.25491 0.45138 0.85515 -0.25491 0.50186 0.85757 -0.11273 0.50186 0.85757 -0.11273 0.51214 0.85807 0.03781 0.51214 0.85807 0.03781 0.48148 0.85659 0.18555 0.48148 0.85659 0.18555 0.41214 0.85326 0.31952 0.41214 0.85326 0.31952 0.30926 0.84831 0.4298 0.30926 0.84831 0.4298 0.18049 0.84211 0.5082 0.18049 0.84211 0.5082 0.03536 0.83513 0.54891 -0.11536 0.82788 0.54891 -0.11536 0.82788 0.54891 -0.26049 0.8209 0.5082 -0.26049 0.8209 0.5082 -0.38927 0.8147 0.4298 -0.38927 0.8147 0.4298 -0.49214 0.80976 0.31952 -0.49214 0.80975 0.31952 -0.56148 0.80642 0.18555 -0.56148 0.80642 0.18555 -0.25352 0.9671 0.02125 -0.24001 0.97075 -0.0066 -0.23768 0.97054 -0.03964 -0.23768 0.97054 -0.03964 -0.21993 0.97139 -0.08964 -0.21993 0.97139 -0.08964 -0.18936 0.97286 -0.13299 -0.18936 0.97286 -0.13299 -0.14825 0.97484 -0.16648 -0.14825 0.97484 -0.16648 -0.09964 0.97718 -0.18762 -0.09964 0.97718 -0.18761 -0.04713 0.9797 -0.19484 -0.04713 0.9797 -0.19484 0.00538 0.98223 -0.18762 0.00538 0.98223 -0.18761 0.05399 0.98457 -0.16647 0.05399 0.98457 -0.16647 0.0951 0.98654 -0.13299 0.0951 0.98654 -0.13299 0.12566 0.98801 -0.08964 0.12567 0.98801 -0.08964 0.14341 0.98887 -0.03964 0.14341 0.98887 -0.03964 0.14703 0.98904 0.0133 0.14703 0.98904 0.0133 0.13625 0.98852 0.06525 0.13625 0.98852 0.06525 0.11186 0.98735 0.11236 0.11186 0.98735 0.11236 0.07569 0.98561 0.15114 0.07569 0.98561 0.15114 0.0304 0.98343 0.17871 0.0304 0.98343 0.17871 -0.02063 0.98098 0.19302 -0.02063 0.98098 0.19302 -0.07363 0.97843 0.19302 -0.07363 0.97843 0.19302 -0.12467 0.97597 0.17871 -0.12467 0.97597 0.17871 -0.16995 0.97379 0.15114 -0.16995 0.97379 0.15114 -0.20613 0.97205 0.11236 -0.20613 0.97205 0.11236 -0.23051 0.97088 0.06525 -0.23051 0.97088 0.06525 -0.2413 0.97036 0.0133 -0.59214 0.80494 0.03781 -0.59214 0.80495 0.03781 -0.82616 0.56078 0.0546 -0.85158 0.52346 -0.0282 -0.1457 -0.98913 0.01984 -0.13625 -0.98852 0.06525 -0.13625 -0.98852 0.06525 -0.11186 -0.98735 0.11236 -0.11186 -0.98735 0.11236 -0.07569 -0.98561 0.15114 -0.07569 -0.98561 0.15114 -0.0304 -0.98343 0.17871 -0.0304 -0.98343 0.17871 0.02063 -0.98098 0.19302 0.02063 -0.98098 0.19302 0.07363 -0.97843 0.19302 0.07363 -0.97843 0.19302 0.12467 -0.97597 0.17871 0.12467 -0.97597 0.17871 0.16995 -0.97379 0.15114 0.16995 -0.97379 0.15114 0.20613 -0.97205 0.11236 0.20613 -0.97205 0.11236 0.23051 -0.97088 0.06525 0.23051 -0.97088 0.06525 0.24129 -0.97036 0.0133 0.24129 -0.97036 0.0133 0.23768 -0.97054 -0.03964 0.23768 -0.97054 -0.03964 0.21993 -0.97139 -0.08964 0.21993 -0.97139 -0.08964 0.18936 -0.97286 -0.13299 0.18936 -0.97286 -0.13299 0.14825 -0.97484 -0.16647 0.14825 -0.97484 -0.16648 0.09964 -0.97718 -0.18761 0.09964 -0.97718 -0.18762 0.04713 -0.9797 -0.19484 0.04713 -0.9797 -0.19484 -0.00537 -0.98223 -0.18761 -0.00538 -0.98223 -0.18762 -0.05399 -0.98457 -0.16648 -0.05399 -0.98457 -0.16648 -0.0951 -0.98654 -0.13299 -0.0951 -0.98654 -0.13299 -0.12566 -0.98801 -0.08964 -0.12566 -0.98801 -0.08964 -0.14341 -0.98887 -0.03964 -0.14341 -0.98887 -0.03964 -0.14572 -0.9893 -0.0066 -0.15588 -0.98768 0.0139 -0.03536 -0.83513 0.54891 -0.18049 -0.84211 0.5082 -0.18049 -0.84211 0.5082 -0.30926 -0.84831 0.4298 -0.30926 -0.84831 0.4298 -0.41214 -0.85326 0.31952 -0.41214 -0.85326 0.31952 -0.48148 -0.85659 0.18555 -0.48148 -0.85659 0.18555 -0.51214 -0.85807 0.03781 -0.51214 -0.85807 0.03781 -0.50185 -0.85758 -0.11273 -0.50186 -0.85757 -0.11273 -0.45139 -0.85514 -0.25491 -0.45138 -0.85515 -0.25491 -0.36447 -0.85096 -0.37818 -0.36447 -0.85096 -0.37819 -0.24755 -0.84534 -0.47341 -0.24755 -0.84534 -0.47341 -0.10931 -0.83869 -0.53353 -0.10931 -0.83869 -0.53353 0.04 -0.83151 -0.55407 0.04 -0.83151 -0.55407 0.18932 -0.82432 -0.53353 0.18932 -0.82432 -0.53353 0.32756 -0.81767 -0.47341 0.32756 -0.81767 -0.47341 0.44447 -0.81205 -0.37819 0.44447 -0.81205 -0.37818 0.53139 -0.80787 -0.25491 0.53139 -0.80787 -0.25491 0.58186 -0.80544 -0.11273 0.58186 -0.80544 -0.11273 0.59215 -0.80494 0.03781 0.59215 -0.80494 0.03781 0.56148 -0.80642 0.18555 0.56148 -0.80642 0.18555 0.49214 -0.80975 0.31952 0.49214 -0.80975 0.31952 0.38927 -0.8147 0.4298 0.38927 -0.8147 0.4298 0.26049 -0.8209 0.5082 0.26049 -0.8209 0.5082 0.11536 -0.82788 0.54891 0.11536 -0.82788 0.54891 0.55829 -0.64088 0.52685 0.57867 -0.4438 0.68424 0.69235 -0.58905 0.41674 0.7159 -0.49954 0.48781 0.79491 -0.544 0.26868 0.79777 -0.53709 0.27403 0.85515 -0.50988 0.09348 0.82616 -0.56078 0.0546 0.86658 -0.48994 -0.09487 0.80346 -0.57317 -0.16104 0.81952 -0.52457 -0.23066 0.78868 -0.52616 -0.31801 0.67499 -0.61673 -0.40501 0.7926 -0.4613 -0.39873 0.59155 -0.57701 -0.56314 0.63516 -0.52223 -0.56907 0.46472 -0.54614 -0.69697 0.4485 -0.5657 -0.69197 0.30343 -0.52711 -0.79378 0.2435 -0.59488 -0.76605 0.1752 -0.55586 -0.81261 -0.76538 -0.60082 -0.23067 -0.73453 -0.59944 -0.31801 -0.67353 -0.64298 -0.3646 -0.6895 -0.56762 -0.44988 -0.55754 -0.6235 -0.54809 -0.56047 -0.58336 -0.58785 -0.39987 -0.58784 -0.70324 -0.40116 -0.60896 -0.68428 -0.20461 -0.53319 -0.82088 -0.2258 -0.642 -0.7327 0.02189 -0.45511 -0.89017 -0.04988 -0.67952 -0.73196 0.08339 -0.55975 -0.82446 -0.7161 -0.69288 -0.08435 -0.83164 -0.52605 -0.17787 -0.75468 -0.6501 0.08846 -0.81061 -0.58277 0.0573 -0.74407 -0.61097 0.27033 -0.73809 -0.6172 0.27256 -0.68263 -0.57895 0.44591 -0.62192 -0.63374 0.45999 -0.57408 -0.55698 0.60018 -0.4692 -0.63513 0.61357 -0.4456 -0.58532 0.67738 0.49973 -0.53984 0.67738 0.42091 -0.54395 0.72591 0.34512 -0.59224 0.72811 0.30407 -0.52319 0.79613 0.13808 -0.58562 0.79873 0.11952 -0.55648 0.82222 -0.08572 -0.56518 0.8205 -0.06107 -0.60035 0.7974 -0.31744 -0.52712 0.78828 -0.22294 -0.65082 0.72576 -0.36676 -0.58184 0.72591 0.15231 0.34757 -0.9252 0.11984 -0.22245 -0.96755 0.88338 -0.29761 -0.36204 -0.43206 -0.36096 0.82646 -0.77964 -0.37615 -0.50067 -0.6484 -0.36983 -0.66543 -0.48384 -0.36192 -0.79682 -0.2942 -0.35279 -0.88825 -0.08899 -0.34292 -0.93514 -0.52654 -0.34582 0.77664 0.92456 -0.27413 -0.26466 0.08043 -0.33596 -0.93843 0.12142 -0.324 -0.93823 0.18497 -0.33135 -0.9252 0.32671 -0.32292 -0.88825 0.32671 -0.32292 -0.88825 0.33217 -0.21224 -0.91903 0.33217 -0.21224 -0.91903 0.33323 -0.09882 -0.93765 0.51635 -0.3138 -0.79682 0.51635 -0.3138 -0.79682 0.52838 -0.2028 -0.82443 0.52838 -0.2028 -0.82443 0.53342 -0.08919 -0.84113 0.53342 -0.08919 -0.84113 0.68091 -0.30588 -0.66543 0.68091 -0.30588 -0.66543 0.69865 -0.19461 -0.68849 0.69865 -0.19461 -0.68849 0.70714 -0.08083 -0.70244 0.70714 -0.08083 -0.70244 0.70629 0.03398 -0.70711 0.69611 0.14834 -0.70244 0.81215 -0.29957 -0.50067 0.81215 -0.29957 -0.50067 0.83443 -0.18807 -0.51802 0.83443 -0.18807 -0.51802 0.84568 -0.07416 -0.52852 0.83465 0.155 -0.52852 0.83465 0.155 -0.52852 0.81253 0.26731 -0.51802 -0.33217 0.21224 -0.91903 -0.52838 0.2028 -0.82443 -0.52838 0.2028 -0.82443 -0.53342 0.08919 -0.84113 -0.69865 0.19461 -0.68849 -0.69865 0.19461 -0.68849 -0.70714 0.08083 -0.70244 -0.70714 0.08083 -0.70244 -0.70629 -0.03398 -0.70711 -0.83443 0.18807 -0.51802 -0.83443 0.18807 -0.51802 -0.84568 0.07416 -0.52852 -0.83465 -0.155 -0.52852 -0.95548 -0.27418 0.10902 -0.95548 -0.27418 0.10902 -0.9805 -0.16202 0.11123 -0.99152 0.06715 0.11123 -0.99152 0.06715 0.11123 -0.97739 0.1812 0.10902 -0.97739 0.1812 0.10902 -0.90702 -0.27185 0.32158 -0.90702 -0.27185 0.32158 -0.93106 -0.15964 0.3281 -0.93106 -0.15964 0.3281 -0.94208 0.06953 0.3281 -0.92892 0.18353 0.32158 -0.92892 0.18353 0.32158 -0.81253 -0.26731 0.51802 -0.81253 -0.26731 0.51802 -0.83465 -0.155 0.52852 -0.84568 0.07416 0.52852 -0.84568 0.07416 0.52852 -0.83443 0.18807 0.51802 -0.83443 0.18807 0.51802 -0.2942 -0.35279 0.88825 -0.2942 -0.35279 0.88825 -0.31026 -0.24314 0.91903 -0.31026 -0.24314 0.91903 -0.32221 -0.13035 0.93765 -0.32221 -0.13035 0.93765 -0.33323 0.09882 0.93765 -0.33323 0.09882 0.93765 -0.33217 0.21224 0.91903 -0.33217 0.21224 0.91903 -0.08899 -0.34292 0.93514 -0.08899 -0.34292 0.93514 -0.09794 -0.23293 0.96755 -0.09794 -0.23293 0.96755 -0.10558 -0.11993 0.98715 -0.10558 -0.11993 0.98715 -0.11661 0.10924 0.98715 -0.11984 0.22245 0.96755 -0.11984 0.22245 0.96755 0.1215 -0.3328 0.93514 0.1215 -0.3328 0.93514 0.11984 -0.22245 0.96755 0.11984 -0.22245 0.96755 0.11661 -0.10924 0.98715 0.10558 0.11993 0.98715 0.10558 0.11993 0.98715 0.09794 0.23293 0.96755 0.09794 0.23293 0.96755 0.32671 -0.32292 0.88825 0.32671 -0.32292 0.88825 0.33217 -0.21224 0.91903 0.33217 -0.21224 0.91903 0.33323 -0.09882 0.93765 0.33323 -0.09882 0.93765 0.32221 0.13035 0.93765 0.32221 0.13035 0.93765 0.31026 0.24314 0.91903 0.31026 0.24314 0.91903 0.83443 -0.18807 0.51802 0.83443 -0.18807 0.51802 0.84568 -0.07416 0.52852 0.84568 -0.07416 0.52852 0.83465 0.155 0.52852 0.81253 0.26731 0.51802 0.81253 0.26731 0.51802 0.92892 -0.18353 0.32158 0.92892 -0.18353 0.32158 0.94208 -0.06953 0.3281 0.93106 0.15964 0.3281 0.93106 0.15964 0.3281 0.90702 0.27185 0.32158 0.90702 0.27185 0.32158 0.97739 -0.1812 0.10902 0.97739 -0.1812 0.10902 0.99152 -0.06715 0.11123 0.99152 -0.06715 0.11123 0.9805 0.16202 0.11123 0.95548 0.27418 0.10902 0.95548 0.27418 0.10902 -0.81253 -0.26731 -0.51802 -0.83465 -0.155 -0.52852 -0.69611 -0.14834 -0.70244 -0.53342 0.08919 -0.84113 -0.33323 0.09882 -0.93765 -0.33217 0.21224 -0.91903 -0.11984 0.22245 -0.96755 -0.12142 0.324 -0.93823 -0.08043 0.33596 -0.93843 -0.68091 0.30588 -0.66543 -0.68451 0.30394 -0.66262 -0.51611 0.31548 -0.79631 -0.50365 0.32151 -0.80185 -0.32707 0.31761 -0.89003 -0.3093 0.32436 -0.89394 -0.18497 0.33135 -0.9252 -0.94587 0.29412 -0.13718 -0.90347 0.29518 -0.31081 -0.92892 0.18353 -0.32158 -0.92892 0.18353 -0.32158 -0.94208 0.06953 -0.3281 -0.94208 0.06953 -0.3281 -0.93106 -0.15964 -0.3281 -0.90702 -0.27185 -0.32158 -0.90702 -0.27185 -0.32158 -0.87449 -0.37149 -0.31189 -0.85073 -0.38103 -0.36204 -0.92456 0.27413 -0.26467 -0.88338 0.29761 -0.36204 -0.81215 0.29957 -0.50067 -0.82919 0.28798 -0.47906 -0.76757 0.30348 -0.56457 -0.95548 -0.27418 -0.10902 -0.95548 -0.27418 -0.10902 -0.9805 -0.16202 -0.11123 -0.9805 -0.16202 -0.11123 -0.99152 0.06715 -0.11123 -0.97739 0.1812 -0.10902 -0.97739 0.1812 -0.10902 -0.95269 0.28499 -0.10567 -0.68091 0.30588 0.66543 -0.69865 0.19461 0.68849 -0.69865 0.19461 0.68849 -0.70714 0.08083 0.70244 -0.70714 0.08083 0.70244 -0.70629 -0.03398 0.70711 -0.69611 -0.14834 0.70244 -0.69611 -0.14834 0.70244 -0.67674 -0.26077 0.68849 -0.67674 -0.26077 0.68849 -0.65721 0.29258 0.6946 -0.72735 0.30532 0.61461 -0.81215 0.29957 0.50067 -0.80608 0.29453 0.51331 -0.90189 0.30065 0.31017 -0.90095 0.29873 0.31473 -0.95121 0.28996 0.10548 -0.9512 0.2932 0.09623 -0.95514 0.29441 -0.03211 -0.8858 -0.38263 -0.26259 -0.91781 -0.38279 -0.10537 -0.91781 -0.38279 -0.10536 -0.91781 -0.38279 0.10537 -0.91781 -0.38279 0.10536 -0.87097 -0.38054 0.31081 -0.87097 -0.38054 0.31081 -0.77964 -0.37615 0.50067 -0.77964 -0.37615 0.50067 -0.6484 -0.36983 0.66543 -0.6484 -0.36983 0.66543 -0.48384 -0.36192 0.79682 -0.50647 -0.25258 0.82443 -0.50647 -0.25258 0.82443 -0.5224 -0.13998 0.84113 -0.5224 -0.13998 0.84113 -0.53342 0.08919 0.84113 -0.52838 0.2028 0.82443 -0.52838 0.2028 0.82443 -0.51762 0.30465 0.79954 0.62165 0.36964 0.6906 0.48384 0.36192 0.79682 0.50647 0.25258 0.82443 0.50647 0.25258 0.82443 0.5224 0.13998 0.84113 0.5224 0.13998 0.84113 0.53342 -0.08919 0.84113 0.52838 -0.2028 0.82443 0.52838 -0.2028 0.82443 0.51762 -0.30465 0.79954 0.46471 -0.31782 0.82646 0.52654 0.34582 0.77664 0.43206 0.36096 0.82646 0.2942 0.35279 0.88825 0.31729 0.34496 0.88336 0.08813 0.35254 0.93164 0.11183 0.34311 0.93262 -0.1215 0.3328 0.93514 -0.14423 0.34038 0.92916 -0.32714 0.31662 0.89035 -0.34819 0.32262 0.88016 -0.46471 0.31782 0.82646 0.69865 -0.19461 0.68849 0.69865 -0.19461 0.68849 0.70714 -0.08083 0.70244 0.70714 -0.08083 0.70244 0.70629 0.03398 0.70711 0.69611 0.14834 0.70244 0.69611 0.14834 0.70244 0.67674 0.26077 0.68849 0.67674 0.26077 0.68849 0.6509 0.36157 0.66753 0.8858 0.38263 -0.26258 0.91781 0.38279 -0.10537 0.95548 0.27418 -0.10902 0.95548 0.27418 -0.10902 0.9805 0.16202 -0.11123 0.9805 0.16202 -0.11123 0.99152 -0.06715 -0.11123 0.97739 -0.1812 -0.10902 0.97739 -0.1812 -0.10902 0.91865 0.37024 -0.13788 0.92247 0.38474 -0.03211 0.91781 0.38279 0.10537 0.92022 0.37936 0.09637 0.86962 0.38394 0.3104 0.86736 0.38572 0.31449 0.7811 0.37204 0.50146 0.77208 0.37625 0.51219 0.69468 0.37373 0.61461 0.85073 0.38103 -0.36204 0.87449 0.37149 -0.31189 0.90702 0.27185 -0.32158 0.90702 0.27185 -0.32158 0.93106 0.15964 -0.3281 0.94208 -0.06953 -0.3281 0.94208 -0.06953 -0.3281 0.92892 -0.18353 -0.32158 0.92892 -0.18353 -0.32158 0.90348 -0.29518 -0.31081 0.95031 -0.29292 -0.10537 0.95031 -0.29292 -0.10536 0.95031 -0.29292 0.10537 0.95031 -0.29292 0.10536 0.90348 -0.29518 0.31081 0.90348 -0.29518 0.31081 0.81215 -0.29957 0.50067 0.81215 -0.29957 0.50067 0.68091 -0.30588 0.66543 0.68091 -0.30588 0.66543 0.73489 0.37576 -0.56457 -0.08899 -0.34292 -0.93514 -0.09794 -0.23293 -0.96755 0.11984 -0.22245 -0.96755 0.11661 -0.10924 -0.98715 0.33323 -0.09882 -0.93765 0.69612 0.14834 -0.70244 0.67674 0.26077 -0.68849 0.81253 0.26731 -0.51802 0.78212 0.36915 -0.50202 0.79363 0.37768 -0.47698 -0.2942 -0.35279 -0.88825 -0.31026 -0.24314 -0.91903 -0.09794 -0.23293 -0.96755 -0.10558 -0.11993 -0.98715 0.11661 -0.10924 -0.98715 0.32221 0.13035 -0.93765 0.5224 0.13998 -0.84113 0.50647 0.25258 -0.82443 0.67674 0.26077 -0.68849 0.64887 0.36833 -0.66581 0.65159 0.37015 -0.66213 -0.48384 -0.36192 -0.79682 -0.50647 -0.25258 -0.82443 -0.31026 -0.24314 -0.91903 -0.32221 -0.13035 -0.93765 -0.10558 -0.11993 -0.98715 0.10558 0.11993 -0.98715 0.32221 0.13035 -0.93765 0.31026 0.24314 -0.91903 0.50647 0.25258 -0.82443 0.48204 0.36929 -0.79452 0.47182 0.36269 -0.80364 -0.6484 -0.36983 -0.66543 -0.67674 -0.26077 -0.68849 -0.50647 -0.25258 -0.82443 -0.5224 -0.13998 -0.84113 -0.11661 0.10924 -0.98715 0.10558 0.11993 -0.98715 0.09794 0.23293 -0.96755 0.31026 0.24314 -0.91903 0.2942 0.35279 -0.88825 0.27796 0.34488 -0.89655 -0.77964 -0.37615 -0.50067 -0.81253 -0.26731 -0.51802 -0.67674 -0.26077 -0.68849 -0.69611 -0.14834 -0.70244 -0.11661 0.10924 -0.98715 -0.11984 0.22245 -0.96755 0.09794 0.23293 -0.96755 0.08899 0.34292 -0.93514 0.04906 0.32471 -0.94454 -0.04805 0.99884 -0 -0.04805 0.99884 -0 -0.04805 0.99884 0 -0.04805 0.99884 0 -0.04805 0.99884 -0 -0.04805 0.99884 0 -0.04805 0.99884 -0 -0.04805 0.99884 0 -0.04805 0.99884 0 -0.04805 0.99884 -0 -0.04805 0.99884 -0 -0.04805 0.99884 0 -0.04805 0.99884 -0 -0.04805 0.99884 0 -0.04805 0.99884 0 -0.04805 0.99884 0 -0.04805 0.99884 0 -0.04805 0.99884 -0 -0.04805 0.99884 -0 -0.04805 0.99884 -0 -0.04805 0.99884 -0 -0.04805 0.99884 -0 -0.04805 0.99884 -0 -0.04805 0.99884 0 -0.04805 0.99884 0 -0.04805 0.99884 0 -0.04805 0.99884 0 -0.04805 0.99884 -0 -0.04805 0.99884 0 -0.04805 0.99884 0 0.04805 -0.99884 -0 0.04805 -0.99884 0 0.04805 -0.99884 0 0.04805 -0.99884 -0 0.04805 -0.99884 0 0.04805 -0.99884 0 0.04805 -0.99884 -0 0.04805 -0.99884 0 0.04805 -0.99884 -0 0.04805 -0.99884 0 0.04805 -0.99884 -0 0.04805 -0.99884 0 0.04805 -0.99884 0 0.04805 -0.99884 -0 0.04805 -0.99884 -0 0.04805 -0.99884 -0 0.04805 -0.99884 -0 0.04805 -0.99884 0 0.04805 -0.99884 0 0.04805 -0.99884 0 0.04805 -0.99884 0 0.04805 -0.99884 0 0.04805 -0.99884 -0 0.04805 -0.99884 0 0.04805 -0.99884 0 0.04805 -0.99884 0 0.04805 -0.99884 -0 0.04805 -0.99884 0 0.04805 -0.99884 -0 0.04805 -0.99884 -0 -0.98391 0.17864 0 -0.99984 -0.01791 0 -0.96222 -0.27227 0 -0.95918 -0.28273 0.00585 -0.97651 -0.21524 -0.00983 -0.94539 -0.32578 0.01067 -0.96199 -0.27307 -0.00355 -0.92441 -0.38139 0.0031 -0.93634 -0.35108 -0.00421 -0.89986 -0.43618 0.00284 -0.90711 -0.42088 0 -0.99642 -0.08449 0 -0.98751 -0.15718 0.01063 -0.99197 -0.12647 0.00155 -0.98001 -0.19892 -0 -0.97313 -0.23024 0 -0.99891 0.04604 0.00767 -0.99952 0.03066 0.00374 -0.99552 0.0946 -0 -0.94244 0.33436 0 -0.94327 0.33204 -0.00039 -0.96473 0.26324 0.0004 -0.96166 0.27424 0.0021 -0.98376 0.17946 -0.00355 -0.97444 0.22448 0.00828 -0.99269 0.12051 -0.00619 -0.98543 0.17006 0.00299 -0.99207 0.12571 0 0.17864 0.98391 -0 -0.01791 0.99984 -0 -0.27227 0.96222 -0 -0.28273 0.95918 0.00585 -0.21524 0.97651 -0.00983 -0.32578 0.94539 0.01067 -0.27307 0.96199 -0.00355 -0.38139 0.92441 0.0031 -0.35108 0.93634 -0.00421 -0.43618 0.89986 0.00284 -0.42088 0.90711 -0 -0.08449 0.99642 -0 -0.15718 0.98751 0.01063 -0.12647 0.99197 0.00155 -0.19892 0.98001 -0 -0.23024 0.97313 0 0.04604 0.99891 0.00767 0.03066 0.99952 0.00374 0.0946 0.99552 -0 0.33436 0.94244 -0 0.33204 0.94327 -0.00039 0.26324 0.96473 0.0004 0.27424 0.96166 0.0021 0.17946 0.98376 -0.00355 0.22448 0.97444 0.00828 0.12051 0.99269 -0.00619 0.17006 0.98543 0.00299 0.12571 0.99207 0 -0.61228 0.79064 -0 -0.30494 0.95237 -0 0.03919 0.99923 -0 0.37858 0.92557 -0 0.88495 0.46568 -0 0.99086 0.13492 -0 0.97725 -0.21211 -0 0.84577 -0.53355 0 0.84577 -0.53355 0 0.61228 -0.79064 0 0.61228 -0.79064 0 0.30494 -0.95237 0 -0.03919 -0.99923 0 -0.37858 -0.92557 0 -0.88495 -0.46568 0 -0.99086 -0.13492 0 -0.97725 0.21211 0 -0.84577 0.53355 -0 0.81089 -0.5852 0 0.92078 -0.39009 0 0.98449 -0.17542 -0 0.96311 0.26911 -0 0.87908 0.47668 -0 0.75097 0.66034 -0 0.5852 0.81089 -0 0.39009 0.92078 -0 0.17542 0.98449 -0 -0.26911 0.96311 -0 -0.47668 0.87908 -0 -0.66034 0.75097 -0 -0.81089 0.5852 -0 -0.92078 0.39009 -0 -0.98449 0.17542 0 -0.96311 -0.26911 0 -0.87908 -0.47668 0 -0.75097 -0.66034 0 -0.5852 -0.81089 0 -0.39009 -0.92078 0 -0.17542 -0.98449 0 0.26911 -0.96311 0 0.47668 -0.87908 0 0.66034 -0.75097 0 -0.84577 0.53355 -0 -0.97725 0.21211 0 -0.99086 -0.13492 0 -0.88495 -0.46568 0 -0.37858 -0.92557 0 -0.03919 -0.99923 0 0.30494 -0.95237 0 0.61228 -0.79064 0 0.84577 -0.53355 0 0.97725 -0.21211 -0 0.99086 0.13492 -0 0.88495 0.46568 -0 0.37858 0.92557 -0 0.03919 0.99923 -0 -0.30494 0.95237 -0 -0.61228 0.79064 -0</float_array>
          <technique_common>
            <accessor source="#norm_0-array" count="24552" stride="3">
              <param name="X" type="float"/>
              <param name="Y" type="float"/>
              <param name="Z" type="float"/>
            </accessor>
          </technique_common>
        </source>
        <source id="uvs_0">
          <float_array id="uvs_0-array" count="0"></float_array>
          <technique_common>
            <accessor source="#uvs_0-array" count="0" stride="2">
              <param name="S" type="float"/>
              <param name="T" type="float"/>
            </accessor>
          </technique_common>
        </source>
        <vertices id="vert_0">
          <input semantic="POSITION" source="#pos_0"/>
        </vertices>
        <triangles count="9868" material="mat_0">
          <input semantic="VERTEX" source="#vert_0" offset="0"/>
          <input semantic="NORMAL" source="#norm_0" offset="1"/>
          <p>0 0 1 0 2 0 2 1 1 1 3 1 0 2 4 2 1 2 1 3 4 3 5 3 1 4 5 4 6 4 6 5 5 5 7 5 7 6 8 6 6 6 6 7 8 7 9 7 6 8 9 8 10 8 10 9 9 9 11 9 12 10 13 10 14 10 12 11 14 11 15 11 15 12 14 12 16 12 16 13 14 13 17 13 16 14 17 14 18 14 19 15 20 15 21 15 21 16 20 16 22 16 21 17 22 17 23 17 13 18 19 18 14 18 14 19 19 19 21 19 14 20 21 20 24 20 24 21 21 21 1 21 24 22 1 22 25 22 25 23 1 23 6 23 26 24 27 24 28 24 29 25 30 25 31 25 32 26 33 26 34 26 34 27 33 27 35 27 32 28 34 28 36 28 36 29 34 29 37 29 36 30 37 30 38 30 38 31 37 31 39 31 38 32 39 32 40 32 27 33 29 33 28 33 28 34 29 34 31 34 28 35 31 35 39 35 39 36 31 36 41 36 39 37 41 37 40 37 42 38 43 38 44 38 44 39 43 39 45 39 44 40 45 40 26 40 46 41 47 41 48 41 48 42 47 42 49 42 48 43 49 43 50 43 50 44 51 44 48 44 48 45 51 45 52 45 48 46 52 46 42 46 46 47 48 47 53 47 53 48 48 48 54 48 53 49 54 49 55 49 55 50 54 50 56 50 55 51 56 51 57 51 57 52 56 52 58 52 57 53 58 53 59 53 58 54 60 54 61 54 59 55 58 55 62 55 62 56 58 56 61 56 62 57 61 57 63 57 64 58 65 58 66 58 66 59 65 59 67 59 66 60 67 60 68 60 35 61 69 61 34 61 34 62 69 62 70 62 34 63 70 63 71 63 42 64 44 64 48 64 48 65 44 65 72 65 48 66 72 66 54 66 54 67 72 67 73 67 54 68 73 68 56 68 56 69 73 69 66 69 56 70 66 70 58 70 58 71 66 71 68 71 58 72 68 72 60 72 26 73 28 73 44 73 44 74 28 74 39 74 44 75 39 75 72 75 72 76 39 76 37 76 72 77 37 77 73 77 73 78 37 78 34 78 73 79 34 79 66 79 66 80 34 80 71 80 66 81 71 81 64 81 74 82 75 82 76 82 77 83 78 83 79 83 80 84 81 84 82 84 82 85 81 85 83 85 82 86 83 86 84 86 84 87 83 87 85 87 84 88 85 88 86 88 79 89 78 89 87 89 76 90 75 90 88 90 74 91 76 91 89 91 89 92 76 92 90 92 89 93 90 93 91 93 91 94 90 94 92 94 91 95 92 95 93 95 78 96 94 96 87 96 87 97 94 97 95 97 87 97 95 97 96 97 96 98 95 98 97 98 96 99 97 99 98 99 98 100 97 100 99 100 98 101 99 101 100 101 86 102 85 102 100 102 100 103 85 103 101 103 100 104 101 104 98 104 98 105 101 105 102 105 98 106 102 106 96 106 96 107 102 107 103 107 96 107 103 107 87 107 87 108 103 108 88 108 87 109 88 109 79 109 79 110 88 110 75 110 79 111 75 111 77 111 104 112 105 112 106 112 107 112 108 112 105 112 105 112 108 112 109 112 105 112 109 112 106 112 110 112 111 112 112 112 112 112 111 112 113 112 112 112 113 112 107 112 107 112 113 112 114 112 107 112 114 112 108 112 115 112 116 112 112 112 112 112 116 112 117 112 112 112 117 112 110 112 118 112 119 112 115 112 115 112 119 112 120 112 115 112 120 112 116 112 121 112 122 112 123 112 123 112 122 112 124 112 123 112 124 112 125 112 126 112 127 112 128 112 129 112 130 112 131 112 125 112 132 112 123 112 123 112 132 112 133 112 123 112 133 112 131 112 131 112 133 112 134 112 131 112 134 112 129 112 126 112 135 112 127 112 127 112 135 112 136 112 127 112 136 112 121 112 121 112 136 112 137 112 121 112 137 112 122 112 138 112 139 112 140 112 140 112 139 112 141 112 140 112 141 112 128 112 128 112 141 112 142 112 128 112 142 112 126 112 129 112 143 112 130 112 130 112 143 112 144 112 130 112 144 112 118 112 118 112 144 112 145 112 118 112 145 112 119 112 88 112 146 112 147 112 148 112 81 112 140 112 140 112 81 112 80 112 140 112 80 112 138 112 149 112 85 112 148 112 148 112 85 112 83 112 148 112 83 112 81 112 88 112 103 112 146 112 146 112 103 112 102 112 146 112 102 112 149 112 149 112 102 112 101 112 149 112 101 112 85 112 93 112 92 112 150 112 150 112 92 112 90 112 150 112 90 112 147 112 147 112 90 112 76 112 147 112 76 112 88 112 106 112 151 112 104 112 104 112 151 112 152 112 104 112 152 112 150 112 150 112 152 112 153 112 150 112 153 112 93 112 154 113 155 113 156 113 154 114 156 114 157 114 157 115 156 115 158 115 158 116 156 116 159 116 158 117 159 117 160 117 161 118 162 118 163 118 163 119 162 119 164 119 163 120 164 120 165 120 166 121 167 121 168 121 168 122 167 122 169 122 166 123 170 123 167 123 167 124 170 124 171 124 167 125 171 125 172 125 172 126 171 126 173 126 173 127 174 127 172 127 172 128 174 128 175 128 172 129 175 129 176 129 176 130 175 130 177 130 155 131 161 131 156 131 156 132 161 132 163 132 156 133 163 133 178 133 178 134 163 134 167 134 178 135 167 135 179 135 179 136 167 136 172 136 180 137 181 137 182 137 180 138 182 138 183 138 183 139 182 139 184 139 184 140 182 140 185 140 184 141 185 141 186 141 187 142 188 142 189 142 189 143 188 143 190 143 189 144 190 144 191 144 192 145 193 145 194 145 194 146 193 146 195 146 192 147 196 147 193 147 193 148 196 148 197 148 193 149 197 149 198 149 198 150 197 150 199 150 199 151 200 151 198 151 198 152 200 152 201 152 198 153 201 153 202 153 202 154 201 154 203 154 181 155 187 155 182 155 182 156 187 156 189 156 182 157 189 157 204 157 204 158 189 158 193 158 204 159 193 159 205 159 205 160 193 160 198 160 206 161 207 161 208 161 206 162 208 162 209 162 209 163 208 163 210 163 210 164 208 164 211 164 210 165 211 165 212 165 213 166 214 166 215 166 215 167 214 167 216 167 215 168 216 168 217 168 218 169 219 169 220 169 220 170 219 170 221 170 218 171 222 171 219 171 219 172 222 172 223 172 219 173 223 173 224 173 224 174 223 174 225 174 225 175 226 175 224 175 224 176 226 176 227 176 224 177 227 177 228 177 228 178 227 178 229 178 207 179 213 179 208 179 208 180 213 180 215 180 208 181 215 181 230 181 230 182 215 182 219 182 230 183 219 183 231 183 231 184 219 184 224 184 232 185 233 185 234 185 235 186 236 186 237 186 237 187 236 187 232 187 238 188 239 188 240 188 240 189 239 189 235 189 241 190 242 190 243 190 243 191 244 191 241 191 241 192 244 192 245 192 241 193 245 193 246 193 246 194 247 194 241 194 241 195 247 195 248 195 241 196 248 196 238 196 242 197 241 197 249 197 249 198 241 198 250 198 249 199 250 199 251 199 251 200 250 200 252 200 251 201 252 201 253 201 253 202 252 202 254 202 253 203 254 203 255 203 254 204 256 204 257 204 255 205 254 205 258 205 258 206 254 206 257 206 258 207 257 207 259 207 260 208 261 208 262 208 262 209 261 209 263 209 262 210 263 210 264 210 265 211 266 211 267 211 267 212 266 212 268 212 267 213 268 213 269 213 232 214 234 214 237 214 237 215 234 215 270 215 237 216 270 216 271 216 271 217 270 217 272 217 271 218 272 218 273 218 273 219 272 219 274 219 273 220 274 220 267 220 267 221 274 221 275 221 267 222 275 222 265 222 238 223 240 223 241 223 241 224 240 224 276 224 241 225 276 225 250 225 250 226 276 226 277 226 250 227 277 227 252 227 252 228 277 228 262 228 252 229 262 229 254 229 254 230 262 230 264 230 254 231 264 231 256 231 235 232 237 232 240 232 240 233 237 233 271 233 240 234 271 234 276 234 276 235 271 235 273 235 276 236 273 236 277 236 277 237 273 237 267 237 277 238 267 238 262 238 262 239 267 239 269 239 262 240 269 240 260 240 278 241 279 241 280 241 281 242 282 242 283 242 283 243 282 243 278 243 284 244 285 244 286 244 286 245 285 245 281 245 287 246 288 246 289 246 289 247 290 247 287 247 287 248 290 248 291 248 287 249 291 249 292 249 292 250 293 250 287 250 287 251 293 251 294 251 287 252 294 252 284 252 288 253 287 253 295 253 295 254 287 254 296 254 295 255 296 255 297 255 297 256 296 256 298 256 297 257 298 257 299 257 299 258 298 258 300 258 299 259 300 259 301 259 300 260 302 260 303 260 301 261 300 261 304 261 304 262 300 262 303 262 304 263 303 263 305 263 306 264 307 264 308 264 308 265 307 265 309 265 308 266 309 266 310 266 311 267 312 267 313 267 313 268 312 268 314 268 313 269 314 269 315 269 278 270 280 270 283 270 283 271 280 271 316 271 283 272 316 272 317 272 317 273 316 273 318 273 317 274 318 274 319 274 319 275 318 275 320 275 319 276 320 276 313 276 313 277 320 277 321 277 313 278 321 278 311 278 284 279 286 279 287 279 287 280 286 280 322 280 287 281 322 281 296 281 296 282 322 282 323 282 296 283 323 283 298 283 298 284 323 284 308 284 298 285 308 285 300 285 300 286 308 286 310 286 300 287 310 287 302 287 281 288 283 288 286 288 286 289 283 289 317 289 286 290 317 290 322 290 322 291 317 291 319 291 322 292 319 292 323 292 323 293 319 293 313 293 323 294 313 294 308 294 308 295 313 295 315 295 308 296 315 296 306 296 324 297 325 297 326 297 327 298 328 298 329 298 330 299 331 299 332 299 330 300 332 300 333 300 333 301 332 301 334 301 334 302 332 302 335 302 334 303 335 303 336 303 336 304 335 304 337 304 336 305 337 305 338 305 325 306 327 306 326 306 326 307 327 307 329 307 326 308 329 308 337 308 337 309 329 309 339 309 337 310 339 310 338 310 340 311 341 311 342 311 342 312 341 312 324 312 343 313 344 313 345 313 345 314 346 314 343 314 343 315 346 315 347 315 343 316 347 316 348 316 348 317 349 317 343 317 343 318 349 318 350 318 343 319 350 319 340 319 344 320 343 320 351 320 351 321 343 321 352 321 351 322 352 322 353 322 353 323 352 323 354 323 353 324 354 324 355 324 355 325 354 325 356 325 355 326 356 326 357 326 356 327 358 327 359 327 357 328 356 328 360 328 360 329 356 329 359 329 360 330 359 330 361 330 362 331 363 331 364 331 364 332 363 332 365 332 366 333 367 333 363 333 363 334 367 334 368 334 363 335 368 335 365 335 340 336 342 336 343 336 343 337 342 337 369 337 343 338 369 338 352 338 352 339 369 339 370 339 352 340 370 340 354 340 354 341 370 341 363 341 354 342 363 342 356 342 356 343 363 343 362 343 356 344 362 344 358 344 324 345 326 345 342 345 342 346 326 346 337 346 342 347 337 347 369 347 369 348 337 348 335 348 369 349 335 349 370 349 370 350 335 350 332 350 370 351 332 351 363 351 363 352 332 352 331 352 363 353 331 353 366 353 371 354 18 354 17 354 10 355 11 355 372 355 372 356 11 356 373 356 10 357 372 357 6 357 6 358 372 358 374 358 6 359 374 359 25 359 25 360 374 360 375 360 25 361 375 361 24 361 376 362 371 362 377 362 377 363 371 363 17 363 377 364 17 364 375 364 375 365 17 365 14 365 375 366 14 366 24 366 378 367 379 367 380 367 380 368 379 368 381 368 382 369 383 369 384 369 383 370 385 370 384 370 384 371 385 371 386 371 384 372 386 372 387 372 388 373 389 373 390 373 390 374 389 374 391 374 390 375 391 375 392 375 392 376 391 376 393 376 392 377 393 377 394 377 394 378 393 378 395 378 394 379 395 379 384 379 384 380 395 380 396 380 384 381 396 381 382 381 397 382 388 382 398 382 398 383 388 383 390 383 398 384 390 384 399 384 399 385 390 385 400 385 401 386 400 386 402 386 403 387 404 387 402 387 402 388 404 388 405 388 402 389 405 389 401 389 373 390 406 390 372 390 372 391 406 391 407 391 372 392 407 392 403 392 403 393 402 393 372 393 372 394 402 394 408 394 372 395 408 395 374 395 374 396 408 396 409 396 374 397 409 397 375 397 375 398 409 398 380 398 375 399 380 399 377 399 377 400 380 400 381 400 377 401 381 401 376 401 400 402 390 402 402 402 402 403 390 403 392 403 402 404 392 404 408 404 408 405 392 405 394 405 408 406 394 406 409 406 409 407 394 407 384 407 409 408 384 408 380 408 380 409 384 409 387 409 380 410 387 410 378 410 410 411 411 411 412 411 413 412 160 412 159 412 414 413 415 413 416 413 416 414 415 414 417 414 418 415 419 415 420 415 419 416 421 416 420 416 420 417 421 417 422 417 420 418 422 418 423 418 424 419 425 419 426 419 426 420 425 420 427 420 426 421 427 421 428 421 428 422 427 422 429 422 428 423 429 423 430 423 430 424 429 424 431 424 430 425 431 425 420 425 420 426 431 426 432 426 420 427 432 427 418 427 433 428 424 428 434 428 434 429 424 429 426 429 434 430 426 430 435 430 435 431 426 431 436 431 411 432 437 432 412 432 412 433 437 433 438 433 412 434 438 434 436 434 439 435 440 435 441 435 441 436 440 436 410 436 176 437 177 437 441 437 441 438 177 438 442 438 441 439 442 439 439 439 176 440 441 440 172 440 172 441 441 441 443 441 172 442 443 442 179 442 179 443 443 443 444 443 179 444 444 444 178 444 445 445 413 445 446 445 446 446 413 446 159 446 446 447 159 447 444 447 444 448 159 448 156 448 444 449 156 449 178 449 410 450 412 450 441 450 441 451 412 451 447 451 441 452 447 452 443 452 443 453 447 453 448 453 443 454 448 454 444 454 444 455 448 455 416 455 444 456 416 456 446 456 446 457 416 457 417 457 446 458 417 458 445 458 436 459 426 459 412 459 412 460 426 460 428 460 412 461 428 461 447 461 447 462 428 462 430 462 447 463 430 463 448 463 448 464 430 464 420 464 448 465 420 465 416 465 416 466 420 466 423 466 416 467 423 467 414 467 449 468 212 468 211 468 450 469 451 469 452 469 452 470 451 470 453 470 454 471 455 471 456 471 455 472 457 472 456 472 456 473 457 473 458 473 456 474 458 474 459 474 460 475 461 475 462 475 462 476 461 476 463 476 462 477 463 477 464 477 464 478 463 478 465 478 464 479 465 479 466 479 466 480 465 480 467 480 466 481 467 481 456 481 456 482 467 482 468 482 456 483 468 483 454 483 469 484 460 484 470 484 470 485 460 485 462 485 470 486 462 486 471 486 471 487 462 487 472 487 473 488 472 488 474 488 475 489 476 489 474 489 474 490 476 490 477 490 474 491 477 491 473 491 478 492 479 492 480 492 480 493 479 493 475 493 228 494 229 494 480 494 480 495 229 495 481 495 480 496 481 496 478 496 228 497 480 497 224 497 224 498 480 498 482 498 224 499 482 499 231 499 231 500 482 500 483 500 231 501 483 501 230 501 484 502 449 502 485 502 485 503 449 503 211 503 485 504 211 504 483 504 483 505 211 505 208 505 483 506 208 506 230 506 475 507 474 507 480 507 480 508 474 508 486 508 480 509 486 509 482 509 482 510 486 510 487 510 482 511 487 511 483 511 483 512 487 512 452 512 483 513 452 513 485 513 485 514 452 514 453 514 485 515 453 515 484 515 472 516 462 516 474 516 474 517 462 517 464 517 474 518 464 518 486 518 486 519 464 519 466 519 486 520 466 520 487 520 487 521 466 521 456 521 487 522 456 522 452 522 452 523 456 523 459 523 452 524 459 524 450 524 488 525 186 525 185 525 202 526 203 526 489 526 489 527 203 527 490 527 489 528 490 528 491 528 202 529 489 529 198 529 198 530 489 530 492 530 198 531 492 531 205 531 205 532 492 532 493 532 205 533 493 533 204 533 494 534 488 534 495 534 495 535 488 535 185 535 495 536 185 536 493 536 493 537 185 537 182 537 493 538 182 538 204 538 496 539 497 539 498 539 498 540 497 540 499 540 500 541 501 541 502 541 501 542 503 542 502 542 502 543 503 543 504 543 502 544 504 544 505 544 506 545 507 545 508 545 508 546 507 546 509 546 508 547 509 547 510 547 510 548 509 548 511 548 510 549 511 549 512 549 512 550 511 550 513 550 512 551 513 551 502 551 502 552 513 552 514 552 502 553 514 553 500 553 515 554 506 554 516 554 516 555 506 555 508 555 516 556 508 556 517 556 517 557 508 557 518 557 518 558 519 558 520 558 520 559 519 559 521 559 491 560 522 560 519 560 522 561 523 561 519 561 519 562 523 562 524 562 519 563 524 563 521 563 491 564 519 564 489 564 489 565 519 565 525 565 489 566 525 566 492 566 492 567 525 567 526 567 492 568 526 568 493 568 493 569 526 569 498 569 493 570 498 570 495 570 495 571 498 571 499 571 495 572 499 572 494 572 518 573 508 573 519 573 519 574 508 574 510 574 519 575 510 575 525 575 525 576 510 576 512 576 525 577 512 577 526 577 526 578 512 578 502 578 526 579 502 579 498 579 498 580 502 580 505 580 498 581 505 581 496 581 527 582 528 582 113 582 529 583 530 583 531 583 531 584 530 584 532 584 113 585 528 585 114 585 527 586 113 586 533 586 533 587 113 587 111 587 533 588 111 588 534 588 534 589 111 589 110 589 534 590 110 590 117 590 93 591 153 591 535 591 535 592 153 592 152 592 535 593 152 593 536 593 536 594 152 594 151 594 536 595 151 595 537 595 530 596 538 596 532 596 532 597 538 597 539 597 532 597 539 597 540 597 540 598 539 598 541 598 540 599 541 599 542 599 542 600 541 600 543 600 542 601 543 601 544 601 537 602 151 602 544 602 544 603 151 603 106 603 544 604 106 604 542 604 542 605 106 605 109 605 542 606 109 606 540 606 540 607 109 607 108 607 540 607 108 607 532 607 532 608 108 608 114 608 532 609 114 609 531 609 531 610 114 610 528 610 531 611 528 611 529 611 545 612 546 612 141 612 547 613 548 613 549 613 125 614 124 614 550 614 550 615 124 615 122 615 550 616 122 616 551 616 551 617 122 617 137 617 551 618 137 618 552 618 549 619 548 619 553 619 141 620 546 620 142 620 545 621 141 621 554 621 554 622 141 622 139 622 554 623 139 623 555 623 555 624 139 624 138 624 555 625 138 625 80 625 548 626 556 626 553 626 553 627 556 627 557 627 553 628 557 628 558 628 558 629 557 629 559 629 558 630 559 630 560 630 560 631 559 631 561 631 560 632 561 632 562 632 552 633 137 633 562 633 562 634 137 634 136 634 562 635 136 635 560 635 560 636 136 636 135 636 560 637 135 637 558 637 558 638 135 638 126 638 558 639 126 639 553 639 553 640 126 640 142 640 553 641 142 641 549 641 549 642 142 642 546 642 549 643 546 643 547 643 563 644 564 644 134 644 565 645 566 645 567 645 567 646 566 646 568 646 134 647 564 647 129 647 563 648 134 648 569 648 569 649 134 649 133 649 569 650 133 650 570 650 570 651 133 651 132 651 570 652 132 652 125 652 117 653 116 653 571 653 571 654 116 654 120 654 571 655 120 655 572 655 572 656 120 656 119 656 572 657 119 657 573 657 566 658 574 658 568 658 568 659 574 659 575 659 568 659 575 659 576 659 576 660 575 660 577 660 576 661 577 661 578 661 578 662 577 662 579 662 578 663 579 663 580 663 573 664 119 664 580 664 580 665 119 665 145 665 580 666 145 666 578 666 578 667 145 667 144 667 578 668 144 668 576 668 576 669 144 669 143 669 576 669 143 669 568 669 568 670 143 670 129 670 568 671 129 671 567 671 567 672 129 672 564 672 567 673 564 673 565 673 581 674 582 674 41 674 581 675 41 675 583 675 583 676 41 676 584 676 584 677 41 677 31 677 584 678 31 678 30 678 585 679 586 679 95 679 95 680 586 680 587 680 95 681 587 681 97 681 588 682 94 682 589 682 589 683 94 683 78 683 588 684 590 684 94 684 94 685 590 685 591 685 94 686 591 686 36 686 36 687 591 687 592 687 592 688 593 688 36 688 36 689 593 689 594 689 36 690 594 690 32 690 32 691 594 691 33 691 582 692 585 692 41 692 41 693 585 693 95 693 41 694 95 694 40 694 40 695 95 695 94 695 40 696 94 696 38 696 38 697 94 697 36 697 595 698 596 698 270 698 595 699 270 699 597 699 597 700 270 700 598 700 598 701 270 701 234 701 598 702 234 702 233 702 599 703 600 703 539 703 539 704 600 704 601 704 539 705 601 705 541 705 602 706 603 706 272 706 530 707 604 707 538 707 538 708 604 708 605 708 538 709 605 709 606 709 603 710 607 710 272 710 272 711 607 711 608 711 272 712 608 712 274 712 274 713 608 713 275 713 596 714 599 714 270 714 270 715 599 715 539 715 270 716 539 716 272 716 272 717 539 717 538 717 272 718 538 718 602 718 602 719 538 719 606 719 609 720 610 720 339 720 609 721 339 721 611 721 611 722 339 722 612 722 612 723 339 723 329 723 612 724 329 724 328 724 613 725 614 725 557 725 557 726 614 726 615 726 557 727 615 727 559 727 556 728 548 728 616 728 616 729 617 729 556 729 556 730 617 730 618 730 556 731 618 731 619 731 620 732 621 732 336 732 336 733 621 733 622 733 336 734 622 734 334 734 334 735 622 735 333 735 610 736 613 736 339 736 339 737 613 737 557 737 339 738 557 738 338 738 338 739 557 739 556 739 338 740 556 740 336 740 336 741 556 741 619 741 336 742 619 742 620 742 623 743 624 743 316 743 623 744 316 744 625 744 625 745 316 745 626 745 626 746 316 746 280 746 626 747 280 747 279 747 627 748 628 748 575 748 575 749 628 749 629 749 575 750 629 750 577 750 566 751 630 751 574 751 574 752 630 752 631 752 574 753 631 753 632 753 318 754 633 754 634 754 634 755 635 755 318 755 318 756 635 756 636 756 318 757 636 757 320 757 320 758 636 758 321 758 624 759 627 759 316 759 316 760 627 760 575 760 316 761 575 761 318 761 318 762 575 762 574 762 318 763 574 763 633 763 633 764 574 764 632 764 360 765 468 765 357 765 357 766 468 766 467 766 357 767 467 767 355 767 355 768 467 768 465 768 355 769 465 769 353 769 353 770 465 770 463 770 460 771 345 771 461 771 461 772 345 772 344 772 461 773 344 773 463 773 463 774 344 774 351 774 463 775 351 775 353 775 327 776 637 776 328 776 328 776 637 776 638 776 328 776 638 776 612 776 612 776 638 776 639 776 612 776 639 776 611 776 640 776 481 776 641 776 641 776 481 776 229 776 641 776 229 776 642 776 642 776 229 776 227 776 642 776 227 776 643 776 643 776 227 776 226 776 643 776 226 776 644 776 644 776 226 776 611 776 644 776 611 776 645 776 645 776 611 776 639 776 611 777 226 777 609 777 609 778 226 778 225 778 609 779 225 779 610 779 610 780 225 780 223 780 610 781 223 781 613 781 613 782 223 782 222 782 613 783 222 783 614 783 614 784 222 784 218 784 588 785 162 785 590 785 590 786 162 786 161 786 590 787 161 787 591 787 591 788 161 788 155 788 591 789 155 789 592 789 592 790 155 790 154 790 592 791 154 791 593 791 593 792 154 792 157 792 63 793 61 793 421 793 646 794 647 794 64 794 35 795 648 795 69 795 69 796 648 796 649 796 69 797 649 797 70 797 70 798 649 798 646 798 70 799 646 799 71 799 71 800 646 800 64 800 64 801 415 801 65 801 65 802 415 802 414 802 65 803 414 803 67 803 67 804 414 804 68 804 68 805 414 805 423 805 68 806 423 806 422 806 421 807 61 807 422 807 422 808 61 808 60 808 422 809 60 809 68 809 432 810 62 810 418 810 418 811 62 811 63 811 418 812 63 812 419 812 419 813 63 813 421 813 650 814 413 814 651 814 651 815 413 815 445 815 651 816 445 816 652 816 652 817 445 817 417 817 652 818 417 818 653 818 653 819 417 819 415 819 653 820 415 820 654 820 654 821 415 821 64 821 654 822 64 822 655 822 655 823 64 823 647 823 62 824 432 824 59 824 59 825 432 825 431 825 59 826 431 826 57 826 57 827 431 827 429 827 57 828 429 828 55 828 55 829 429 829 427 829 424 830 47 830 425 830 425 831 47 831 46 831 425 832 46 832 427 832 427 833 46 833 53 833 427 834 53 834 55 834 29 835 656 835 30 835 30 835 656 835 657 835 30 835 657 835 584 835 584 835 657 835 658 835 584 835 658 835 583 835 659 835 442 835 660 835 660 835 442 835 177 835 660 835 177 835 661 835 661 835 177 835 175 835 661 835 175 835 662 835 662 835 175 835 174 835 662 835 174 835 663 835 663 835 174 835 583 835 663 835 583 835 664 835 664 835 583 835 658 835 583 836 174 836 581 836 581 837 174 837 173 837 581 838 173 838 582 838 582 839 173 839 171 839 582 840 171 840 585 840 585 841 171 841 170 841 585 842 170 842 586 842 586 843 170 843 166 843 555 844 80 844 665 844 666 845 667 845 217 845 555 846 665 846 554 846 554 847 665 847 668 847 554 848 668 848 545 848 86 849 669 849 84 849 84 850 669 850 665 850 84 851 665 851 82 851 82 852 665 852 80 852 169 853 670 853 671 853 86 854 100 854 669 854 669 855 100 855 99 855 669 856 99 856 671 856 671 857 99 857 97 857 671 858 97 858 169 858 169 859 97 859 587 859 169 860 587 860 168 860 168 861 587 861 586 861 168 862 586 862 166 862 214 863 617 863 216 863 216 864 617 864 616 864 216 865 616 865 217 865 217 866 616 866 548 866 217 867 548 867 666 867 666 868 548 868 547 868 666 869 547 869 668 869 668 870 547 870 546 870 668 871 546 871 545 871 617 872 214 872 618 872 618 873 214 873 213 873 618 874 213 874 619 874 619 875 213 875 207 875 619 876 207 876 620 876 620 877 207 877 206 877 620 878 206 878 621 878 621 879 206 879 209 879 361 880 359 880 457 880 672 881 673 881 368 881 330 882 674 882 331 882 331 883 674 883 675 883 331 884 675 884 366 884 366 885 675 885 672 885 366 886 672 886 367 886 367 887 672 887 368 887 368 888 451 888 365 888 365 889 451 889 450 889 365 890 450 890 364 890 364 891 450 891 362 891 362 892 450 892 459 892 362 893 459 893 458 893 457 894 359 894 458 894 458 895 359 895 358 895 458 896 358 896 362 896 468 897 360 897 454 897 454 898 360 898 361 898 454 899 361 899 455 899 455 900 361 900 457 900 676 901 449 901 677 901 677 902 449 902 484 902 677 903 484 903 678 903 678 904 484 904 453 904 678 905 453 905 679 905 679 906 453 906 451 906 679 907 451 907 680 907 680 908 451 908 368 908 680 909 368 909 681 909 681 910 368 910 673 910 631 911 188 911 632 911 632 912 188 912 187 912 632 913 187 913 633 913 633 914 187 914 181 914 633 915 181 915 634 915 634 916 181 916 180 916 634 917 180 917 635 917 635 918 180 918 183 918 305 919 303 919 503 919 682 920 683 920 306 920 311 921 684 921 312 921 312 922 684 922 685 922 312 923 685 923 314 923 314 924 685 924 682 924 314 925 682 925 315 925 315 926 682 926 306 926 306 927 497 927 307 927 307 928 497 928 496 928 307 929 496 929 309 929 309 930 496 930 310 930 310 931 496 931 505 931 310 932 505 932 504 932 503 933 303 933 504 933 504 934 303 934 302 934 504 935 302 935 310 935 514 936 304 936 500 936 500 937 304 937 305 937 500 938 305 938 501 938 501 939 305 939 503 939 686 940 488 940 687 940 687 941 488 941 494 941 687 942 494 942 688 942 688 943 494 943 499 943 688 944 499 944 689 944 689 945 499 945 497 945 689 946 497 946 690 946 690 947 497 947 306 947 690 948 306 948 691 948 691 949 306 949 683 949 304 950 514 950 301 950 301 951 514 951 513 951 301 952 513 952 299 952 299 953 513 953 511 953 299 954 511 954 297 954 297 955 511 955 509 955 506 956 289 956 507 956 507 957 289 957 288 957 507 958 288 958 509 958 509 959 288 959 295 959 509 960 295 960 297 960 278 961 692 961 279 961 279 961 692 961 693 961 279 961 693 961 626 961 626 961 693 961 694 961 626 961 694 961 625 961 695 961 490 961 696 961 696 961 490 961 203 961 696 961 203 961 697 961 697 961 203 961 201 961 697 961 201 961 698 961 698 961 201 961 200 961 698 961 200 961 699 961 699 961 200 961 625 961 699 961 625 961 700 961 700 961 625 961 694 961 625 962 200 962 623 962 623 963 200 963 199 963 623 964 199 964 624 964 624 965 199 965 197 965 624 966 197 966 627 966 627 967 197 967 196 967 627 968 196 968 628 968 628 969 196 969 192 969 605 970 20 970 606 970 606 971 20 971 19 971 606 972 19 972 602 972 602 973 19 973 13 973 602 974 13 974 603 974 603 975 13 975 12 975 603 976 12 976 607 976 607 977 12 977 15 977 91 978 93 978 701 978 702 979 703 979 165 979 91 980 701 980 89 980 89 981 701 981 704 981 89 982 704 982 74 982 537 983 705 983 536 983 536 984 705 984 701 984 536 985 701 985 535 985 535 986 701 986 93 986 3 987 706 987 707 987 537 988 544 988 705 988 705 989 544 989 543 989 705 990 543 990 707 990 707 991 543 991 541 991 707 992 541 992 3 992 3 993 541 993 601 993 3 994 601 994 2 994 2 995 601 995 600 995 2 996 600 996 0 996 162 997 588 997 164 997 164 998 588 998 589 998 164 999 589 999 165 999 165 1000 589 1000 78 1000 165 1001 78 1001 702 1001 702 1002 78 1002 77 1002 702 1003 77 1003 704 1003 704 1004 77 1004 75 1004 704 1005 75 1005 74 1005 259 1006 257 1006 385 1006 708 1007 709 1007 260 1007 265 1008 710 1008 266 1008 266 1009 710 1009 711 1009 266 1010 711 1010 268 1010 268 1011 711 1011 708 1011 268 1012 708 1012 269 1012 269 1013 708 1013 260 1013 260 1014 379 1014 261 1014 261 1015 379 1015 378 1015 261 1016 378 1016 263 1016 263 1017 378 1017 264 1017 264 1018 378 1018 387 1018 264 1019 387 1019 386 1019 385 1020 257 1020 386 1020 386 1021 257 1021 256 1021 386 1022 256 1022 264 1022 396 1023 258 1023 382 1023 382 1024 258 1024 259 1024 382 1025 259 1025 383 1025 383 1026 259 1026 385 1026 712 1027 371 1027 713 1027 713 1028 371 1028 376 1028 713 1029 376 1029 714 1029 714 1030 376 1030 381 1030 714 1031 381 1031 715 1031 715 1032 381 1032 379 1032 715 1033 379 1033 716 1033 716 1034 379 1034 260 1034 716 1035 260 1035 717 1035 717 1036 260 1036 709 1036 597 1037 8 1037 595 1037 595 1038 8 1038 7 1038 595 1039 7 1039 596 1039 596 1040 7 1040 5 1040 596 1041 5 1041 599 1041 599 1042 5 1042 4 1042 599 1043 4 1043 600 1043 600 1044 4 1044 0 1044 258 1045 396 1045 255 1045 255 1046 396 1046 395 1046 255 1047 395 1047 253 1047 253 1048 395 1048 393 1048 253 1049 393 1049 251 1049 251 1050 393 1050 391 1050 388 1051 243 1051 389 1051 389 1052 243 1052 242 1052 389 1053 242 1053 391 1053 391 1054 242 1054 249 1054 391 1055 249 1055 251 1055 718 1056 373 1056 719 1056 719 1056 373 1056 11 1056 719 1056 11 1056 720 1056 720 1056 11 1056 9 1056 720 1056 9 1056 721 1056 721 1056 9 1056 8 1056 721 1056 8 1056 722 1056 722 1056 8 1056 597 1056 232 1056 723 1056 233 1056 233 1056 723 1056 724 1056 233 1056 724 1056 598 1056 598 1056 724 1056 725 1056 598 1056 725 1056 597 1056 597 1056 725 1056 726 1056 597 1056 726 1056 722 1056 433 1057 434 1057 51 1057 727 1058 728 1058 411 1058 442 1059 659 1059 439 1059 439 1060 659 1060 729 1060 439 1061 729 1061 440 1061 440 1062 729 1062 727 1062 440 1063 727 1063 410 1063 410 1064 727 1064 411 1064 411 1065 45 1065 437 1065 437 1066 45 1066 43 1066 437 1067 43 1067 438 1067 438 1068 43 1068 436 1068 436 1069 43 1069 42 1069 436 1070 42 1070 52 1070 51 1071 434 1071 52 1071 52 1072 434 1072 435 1072 52 1073 435 1073 436 1073 47 1074 424 1074 49 1074 49 1075 424 1075 433 1075 49 1076 433 1076 50 1076 50 1077 433 1077 51 1077 656 1078 29 1078 730 1078 730 1079 29 1079 27 1079 730 1080 27 1080 731 1080 731 1081 27 1081 26 1081 731 1082 26 1082 732 1082 732 1083 26 1083 45 1083 732 1084 45 1084 733 1084 733 1085 45 1085 411 1085 733 1086 411 1086 734 1086 734 1087 411 1087 728 1087 449 961 676 961 212 961 212 961 676 961 735 961 212 961 735 961 210 961 210 961 735 961 736 961 210 961 736 961 209 961 674 961 330 961 737 961 737 961 330 961 333 961 737 961 333 961 738 961 738 961 333 961 622 961 738 961 622 961 739 961 739 961 622 961 621 961 739 961 621 961 740 961 740 961 621 961 209 961 740 961 209 961 741 961 741 961 209 961 736 961 742 1088 737 1088 743 1088 743 1089 737 1089 738 1089 743 1089 738 1089 744 1089 744 1090 738 1090 739 1090 744 1090 739 1090 745 1090 745 1091 739 1091 740 1091 745 1091 740 1091 746 1091 746 1092 740 1092 741 1092 746 1092 741 1092 747 1092 747 1093 741 1093 736 1093 747 1093 736 1093 748 1093 748 1094 736 1094 735 1094 748 1094 735 1094 749 1094 749 1095 735 1095 676 1095 749 1096 676 1096 750 1096 673 1097 672 1097 751 1097 751 1098 672 1098 675 1098 751 1099 675 1099 742 1099 742 1100 675 1100 674 1100 742 1101 674 1101 737 1101 673 1102 751 1102 681 1102 681 1103 751 1103 752 1103 681 1104 752 1104 680 1104 680 1105 752 1105 679 1105 679 1106 752 1106 753 1106 679 1107 753 1107 678 1107 750 1108 676 1108 753 1108 753 1109 676 1109 677 1109 753 1110 677 1110 678 1110 413 776 650 776 160 776 160 776 650 776 754 776 160 776 754 776 158 776 158 776 754 776 755 776 158 776 755 776 157 776 648 776 35 776 756 776 756 776 35 776 33 776 756 776 33 776 757 776 757 776 33 776 594 776 757 776 594 776 758 776 758 776 594 776 593 776 758 776 593 776 759 776 759 776 593 776 157 776 759 776 157 776 760 776 760 776 157 776 755 776 397 1111 398 1111 246 1111 373 1112 718 1112 406 1112 406 1113 718 1113 761 1113 406 1114 761 1114 407 1114 761 1115 762 1115 407 1115 407 1116 762 1116 763 1116 407 1117 763 1117 403 1117 403 1118 763 1118 404 1118 404 1119 239 1119 405 1119 405 1120 239 1120 238 1120 405 1121 238 1121 401 1121 401 1122 238 1122 400 1122 400 1123 238 1123 248 1123 400 1124 248 1124 247 1124 246 1125 398 1125 247 1125 247 1126 398 1126 399 1126 247 1127 399 1127 400 1127 243 1128 388 1128 244 1128 244 1129 388 1129 397 1129 244 1130 397 1130 245 1130 245 1131 397 1131 246 1131 723 1132 232 1132 764 1132 764 1133 232 1133 236 1133 764 1134 236 1134 765 1134 765 1135 236 1135 235 1135 765 1136 235 1136 766 1136 766 1137 235 1137 239 1137 766 1138 239 1138 767 1138 767 1139 239 1139 404 1139 767 1140 404 1140 768 1140 768 1141 404 1141 763 1141 769 1142 756 1142 770 1142 770 1143 756 1143 757 1143 770 1143 757 1143 771 1143 771 1144 757 1144 758 1144 771 1144 758 1144 772 1144 772 1145 758 1145 759 1145 772 1145 759 1145 773 1145 773 1146 759 1146 760 1146 773 1146 760 1146 774 1146 774 1147 760 1147 755 1147 774 1147 755 1147 775 1147 775 1148 755 1148 754 1148 775 1148 754 1148 776 1148 776 1149 754 1149 650 1149 776 1150 650 1150 777 1150 647 1151 646 1151 778 1151 778 1152 646 1152 649 1152 778 1153 649 1153 769 1153 769 1154 649 1154 648 1154 769 1155 648 1155 756 1155 647 1156 778 1156 655 1156 655 1157 778 1157 779 1157 655 1158 779 1158 654 1158 654 1159 779 1159 653 1159 653 1160 779 1160 780 1160 653 1161 780 1161 652 1161 777 1162 650 1162 780 1162 780 1163 650 1163 651 1163 780 1164 651 1164 652 1164 515 1165 516 1165 292 1165 490 1166 695 1166 491 1166 491 1167 695 1167 781 1167 491 1168 781 1168 522 1168 781 1169 782 1169 522 1169 522 1170 782 1170 783 1170 522 1171 783 1171 523 1171 523 1172 783 1172 524 1172 524 1173 285 1173 521 1173 521 1174 285 1174 284 1174 521 1175 284 1175 520 1175 520 1176 284 1176 518 1176 518 1177 284 1177 294 1177 518 1178 294 1178 293 1178 292 1179 516 1179 293 1179 293 1180 516 1180 517 1180 293 1181 517 1181 518 1181 289 1182 506 1182 290 1182 290 1183 506 1183 515 1183 290 1184 515 1184 291 1184 291 1185 515 1185 292 1185 692 1186 278 1186 784 1186 784 1187 278 1187 282 1187 784 1188 282 1188 785 1188 785 1189 282 1189 281 1189 785 1190 281 1190 786 1190 786 1191 281 1191 285 1191 786 1192 285 1192 787 1192 787 1193 285 1193 524 1193 787 1194 524 1194 788 1194 788 1195 524 1195 783 1195 371 835 712 835 18 835 18 835 712 835 789 835 18 835 789 835 16 835 16 835 789 835 790 835 16 835 790 835 15 835 710 835 265 835 791 835 791 835 265 835 275 835 791 835 275 835 792 835 792 835 275 835 608 835 792 835 608 835 793 835 793 835 608 835 607 835 793 835 607 835 794 835 794 835 607 835 15 835 794 835 15 835 795 835 795 835 15 835 790 835 796 1089 791 1089 797 1089 797 1088 791 1088 792 1088 797 1088 792 1088 798 1088 798 1196 792 1196 793 1196 798 1196 793 1196 799 1196 799 1197 793 1197 794 1197 799 1197 794 1197 800 1197 800 1198 794 1198 795 1198 800 1198 795 1198 801 1198 801 1199 795 1199 790 1199 801 1199 790 1199 802 1199 802 1200 790 1200 789 1200 802 1200 789 1200 803 1200 803 1201 789 1201 712 1201 803 1202 712 1202 804 1202 709 1203 708 1203 805 1203 805 1204 708 1204 711 1204 805 1205 711 1205 796 1205 796 1206 711 1206 710 1206 796 1207 710 1207 791 1207 709 1208 805 1208 717 1208 717 1209 805 1209 806 1209 717 1210 806 1210 716 1210 716 1211 806 1211 715 1211 715 1212 806 1212 807 1212 715 1213 807 1213 714 1213 804 1214 712 1214 807 1214 807 1215 712 1215 713 1215 807 1216 713 1216 714 1216 469 1217 470 1217 348 1217 481 1218 640 1218 478 1218 478 1219 640 1219 808 1219 478 1220 808 1220 479 1220 808 1221 809 1221 479 1221 479 1222 809 1222 810 1222 479 1223 810 1223 475 1223 475 1224 810 1224 476 1224 476 1225 341 1225 477 1225 477 1226 341 1226 340 1226 477 1227 340 1227 473 1227 473 1228 340 1228 472 1228 472 1229 340 1229 350 1229 472 1230 350 1230 349 1230 348 1231 470 1231 349 1231 349 1232 470 1232 471 1232 349 1233 471 1233 472 1233 345 1234 460 1234 346 1234 346 1235 460 1235 469 1235 346 1236 469 1236 347 1236 347 1237 469 1237 348 1237 637 1238 327 1238 811 1238 811 1239 327 1239 325 1239 811 1240 325 1240 812 1240 812 1241 325 1241 324 1241 812 1242 324 1242 813 1242 813 1243 324 1243 341 1243 813 1244 341 1244 814 1244 814 1245 341 1245 476 1245 814 1246 476 1246 815 1246 815 1247 476 1247 810 1247 488 1056 686 1056 186 1056 186 1056 686 1056 816 1056 186 1056 816 1056 184 1056 184 1056 816 1056 817 1056 184 1056 817 1056 183 1056 684 1056 311 1056 818 1056 818 1056 311 1056 321 1056 818 1056 321 1056 819 1056 819 1056 321 1056 636 1056 819 1056 636 1056 820 1056 820 1056 636 1056 635 1056 820 1056 635 1056 821 1056 821 1056 635 1056 183 1056 821 1056 183 1056 822 1056 822 1056 183 1056 817 1056 823 1143 818 1143 824 1143 824 1142 818 1142 819 1142 824 1142 819 1142 825 1142 825 1248 819 1248 820 1248 825 1248 820 1248 826 1248 826 1249 820 1249 821 1249 826 1249 821 1249 827 1249 827 1250 821 1250 822 1250 827 1250 822 1250 828 1250 828 1251 822 1251 817 1251 828 1251 817 1251 829 1251 829 1252 817 1252 816 1252 829 1252 816 1252 830 1252 830 1253 816 1253 686 1253 830 1254 686 1254 831 1254 683 1255 682 1255 832 1255 832 1256 682 1256 685 1256 832 1257 685 1257 823 1257 823 1258 685 1258 684 1258 823 1259 684 1259 818 1259 683 1260 832 1260 691 1260 691 1261 832 1261 833 1261 691 1262 833 1262 690 1262 690 1263 833 1263 689 1263 689 1264 833 1264 834 1264 689 1265 834 1265 688 1265 831 1266 686 1266 834 1266 834 1267 686 1267 687 1267 834 1268 687 1268 688 1268 835 1269 836 1269 659 1269 659 1270 836 1270 729 1270 729 1271 836 1271 837 1271 729 1272 837 1272 727 1272 838 1273 734 1273 837 1273 837 1274 734 1274 728 1274 837 1275 728 1275 727 1275 839 1276 732 1276 838 1276 838 1277 732 1277 733 1277 838 1278 733 1278 734 1278 656 1279 730 1279 839 1279 839 1280 730 1280 731 1280 839 1281 731 1281 732 1281 659 1095 660 1095 835 1095 835 1094 660 1094 661 1094 835 1094 661 1094 840 1094 840 1093 661 1093 662 1093 840 1093 662 1093 841 1093 841 1092 662 1092 663 1092 841 1092 663 1092 842 1092 842 1091 663 1091 664 1091 842 1091 664 1091 843 1091 843 1090 664 1090 658 1090 843 1090 658 1090 844 1090 844 1089 658 1089 657 1089 844 1089 657 1089 845 1089 845 1282 657 1282 656 1282 845 1283 656 1283 846 1283 846 1284 656 1284 839 1284 847 1285 848 1285 849 1285 848 1286 850 1286 849 1286 849 1287 850 1287 851 1287 849 1288 851 1288 852 1288 851 1289 853 1289 852 1289 852 1290 853 1290 854 1290 852 1291 854 1291 855 1291 854 1292 856 1292 855 1292 855 1293 856 1293 857 1293 855 1294 857 1294 858 1294 858 1295 857 1295 859 1295 858 1296 859 1296 860 1296 860 1297 859 1297 861 1297 860 1298 861 1298 862 1298 862 1299 861 1299 863 1299 863 1300 864 1300 862 1300 862 1301 864 1301 865 1301 862 1302 865 1302 866 1302 865 1303 867 1303 866 1303 866 1304 867 1304 868 1304 866 1305 868 1305 869 1305 869 1306 868 1306 870 1306 869 1307 870 1307 871 1307 872 1308 873 1308 871 1308 871 1309 873 1309 874 1309 871 1310 874 1310 869 1310 872 1311 875 1311 873 1311 873 1312 875 1312 876 1312 873 1313 876 1313 877 1313 876 1314 878 1314 877 1314 877 1315 878 1315 879 1315 877 1316 879 1316 880 1316 879 1317 881 1317 880 1317 880 1318 881 1318 882 1318 880 1319 882 1319 883 1319 883 1320 882 1320 884 1320 883 1321 884 1321 885 1321 885 1322 884 1322 886 1322 885 1323 886 1323 887 1323 887 1324 886 1324 888 1324 889 1325 890 1325 891 1325 891 1326 890 1326 887 1326 891 1327 887 1327 892 1327 892 1328 887 1328 888 1328 893 1329 894 1329 895 1329 895 1330 894 1330 896 1330 895 1331 896 1331 897 1331 897 1332 896 1332 898 1332 897 1333 898 1333 899 1333 899 1334 898 1334 900 1334 899 1335 900 1335 901 1335 901 1336 900 1336 902 1336 902 1337 903 1337 901 1337 901 1338 903 1338 904 1338 901 1339 904 1339 905 1339 849 1340 906 1340 847 1340 847 1341 906 1341 907 1341 847 1342 907 1342 908 1342 908 1343 907 1343 905 1343 908 1344 905 1344 909 1344 909 1345 905 1345 904 1345 890 1346 910 1346 911 1346 890 1347 911 1347 887 1347 887 1348 911 1348 912 1348 887 1349 912 1349 885 1349 885 1350 912 1350 913 1350 885 1351 913 1351 883 1351 883 1352 913 1352 914 1352 883 1353 914 1353 880 1353 880 1354 914 1354 915 1354 880 1354 915 1354 877 1354 877 1355 915 1355 916 1355 877 1355 916 1355 873 1355 873 1356 916 1356 917 1356 873 1357 917 1357 874 1357 874 1358 917 1358 918 1358 874 1359 918 1359 869 1359 869 1360 918 1360 919 1360 869 1361 919 1361 866 1361 866 1362 919 1362 920 1362 866 1363 920 1363 862 1363 862 1364 920 1364 921 1364 862 1365 921 1365 860 1365 860 1366 921 1366 922 1366 860 1367 922 1367 858 1367 858 1368 922 1368 923 1368 858 1369 923 1369 855 1369 855 1370 923 1370 924 1370 855 1371 924 1371 852 1371 852 1372 924 1372 925 1372 852 1373 925 1373 849 1373 849 1374 925 1374 926 1374 849 1375 926 1375 906 1375 906 1376 926 1376 927 1376 906 1377 927 1377 907 1377 907 1378 927 1378 928 1378 907 1379 928 1379 905 1379 905 1380 928 1380 929 1380 905 1381 929 1381 901 1381 901 1382 929 1382 930 1382 901 1383 930 1383 899 1383 899 1384 930 1384 931 1384 899 1385 931 1385 897 1385 897 1386 931 1386 932 1386 897 1387 932 1387 895 1387 933 1388 934 1388 910 1388 934 1389 935 1389 910 1389 910 1390 935 1390 936 1390 910 1391 936 1391 911 1391 911 1392 936 1392 937 1392 911 1393 937 1393 912 1393 912 1394 937 1394 938 1394 912 1395 938 1395 913 1395 913 1396 938 1396 939 1396 913 1397 939 1397 914 1397 914 1398 939 1398 940 1398 914 1399 940 1399 915 1399 915 1400 940 1400 941 1400 915 1400 941 1400 916 1400 916 1401 941 1401 942 1401 916 1402 942 1402 917 1402 917 1403 942 1403 943 1403 917 1404 943 1404 918 1404 918 1405 943 1405 944 1405 918 1406 944 1406 919 1406 919 1407 944 1407 945 1407 919 1407 945 1407 920 1407 920 1408 945 1408 946 1408 920 1409 946 1409 921 1409 921 1410 946 1410 947 1410 921 1411 947 1411 922 1411 922 1412 947 1412 948 1412 922 1413 948 1413 923 1413 923 1414 948 1414 949 1414 923 1415 949 1415 924 1415 924 1416 949 1416 950 1416 924 1417 950 1417 925 1417 925 1418 950 1418 951 1418 925 1419 951 1419 926 1419 926 1420 951 1420 952 1420 926 1421 952 1421 927 1421 927 1422 952 1422 953 1422 927 1423 953 1423 928 1423 928 1424 953 1424 954 1424 928 1425 954 1425 929 1425 929 1426 954 1426 955 1426 929 1427 955 1427 930 1427 930 1428 955 1428 956 1428 930 1429 956 1429 931 1429 931 1430 956 1430 933 1430 931 1431 933 1431 932 1431 932 1432 933 1432 910 1432 932 1433 910 1433 895 1433 895 1434 910 1434 890 1434 895 1435 890 1435 893 1435 893 1436 890 1436 889 1436 957 1437 958 1437 959 1437 959 1438 958 1438 960 1438 959 1439 960 1439 961 1439 961 1440 960 1440 962 1440 961 1441 962 1441 963 1441 963 1442 962 1442 964 1442 963 1443 964 1443 965 1443 965 1444 964 1444 966 1444 965 1445 966 1445 967 1445 967 1446 966 1446 968 1446 967 1447 968 1447 969 1447 969 1448 968 1448 970 1448 969 1449 970 1449 971 1449 971 1450 970 1450 972 1450 971 1451 972 1451 973 1451 973 1452 972 1452 974 1452 973 1453 974 1453 975 1453 975 1454 974 1454 976 1454 975 1455 976 1455 977 1455 977 1456 976 1456 978 1456 977 1457 978 1457 979 1457 979 1458 978 1458 980 1458 979 1459 980 1459 981 1459 981 1460 980 1460 982 1460 981 1461 982 1461 983 1461 983 1462 982 1462 984 1462 983 1463 984 1463 985 1463 985 1464 984 1464 986 1464 985 1465 986 1465 987 1465 987 1466 986 1466 988 1466 987 1467 988 1467 989 1467 989 1468 988 1468 990 1468 989 1469 990 1469 991 1469 991 1470 990 1470 992 1470 991 1470 992 1470 993 1470 993 1471 992 1471 994 1471 993 1472 994 1472 995 1472 995 1473 994 1473 996 1473 995 1474 996 1474 997 1474 997 1475 996 1475 998 1475 997 1476 998 1476 999 1476 999 1477 998 1477 1000 1477 999 1478 1000 1478 1001 1478 1001 1479 1000 1479 1002 1479 1001 1480 1002 1480 1003 1480 1003 1481 1002 1481 957 1481 1003 1482 957 1482 959 1482 969 1483 1004 1483 967 1483 967 1484 1004 1484 1005 1484 967 1485 1005 1485 965 1485 965 1486 1005 1486 1006 1486 965 1487 1006 1487 963 1487 963 1488 1006 1488 1007 1488 963 1489 1007 1489 961 1489 961 1490 1007 1490 1008 1490 961 1491 1008 1491 959 1491 959 1492 1008 1492 1009 1492 959 1493 1009 1493 1003 1493 1003 1494 1009 1494 1010 1494 1003 1495 1010 1495 1001 1495 1001 1496 1010 1496 1011 1496 1001 1497 1011 1497 999 1497 999 1498 1011 1498 1012 1498 999 1499 1012 1499 997 1499 997 1500 1012 1500 1013 1500 997 1501 1013 1501 995 1501 995 1502 1013 1502 1014 1502 995 1502 1014 1502 993 1502 993 1503 1014 1503 1015 1503 993 1503 1015 1503 991 1503 991 1504 1015 1504 1016 1504 991 1505 1016 1505 989 1505 989 1506 1016 1506 1017 1506 989 1507 1017 1507 987 1507 987 1508 1017 1508 1018 1508 987 1509 1018 1509 985 1509 985 1510 1018 1510 1019 1510 985 1511 1019 1511 983 1511 983 1512 1019 1512 1020 1512 983 1513 1020 1513 981 1513 981 1514 1020 1514 1021 1514 981 1515 1021 1515 979 1515 979 1516 1021 1516 1022 1516 979 1517 1022 1517 977 1517 977 1518 1022 1518 1023 1518 977 1519 1023 1519 975 1519 975 1520 1023 1520 1024 1520 975 1521 1024 1521 973 1521 973 1522 1024 1522 1025 1522 973 1523 1025 1523 971 1523 971 1524 1025 1524 1026 1524 971 1525 1026 1525 969 1525 969 1526 1026 1526 1004 1526 1027 1527 1024 1527 1028 1527 1028 1528 1024 1528 1023 1528 1028 1529 1023 1529 1029 1529 1029 1530 1023 1530 1022 1530 1029 1531 1022 1531 1030 1531 1030 1532 1022 1532 1021 1532 1030 1533 1021 1533 1031 1533 1031 1534 1021 1534 1020 1534 1031 1535 1020 1535 1032 1535 1032 1536 1020 1536 1019 1536 1032 1537 1019 1537 1033 1537 1033 1538 1019 1538 1034 1538 1034 1539 1019 1539 1035 1539 1035 1540 1019 1540 1018 1540 1035 1541 1018 1541 1036 1541 1036 1542 1018 1542 1017 1542 1036 1543 1017 1543 1037 1543 1037 1544 1017 1544 1016 1544 1037 1545 1016 1545 1038 1545 1038 1546 1016 1546 1015 1546 1038 1547 1015 1547 1039 1547 1040 1548 1041 1548 1010 1548 1010 1549 1041 1549 1042 1549 1010 1550 1042 1550 1011 1550 1011 1551 1042 1551 1043 1551 1011 1552 1043 1552 1012 1552 1012 1553 1043 1553 1044 1553 1012 1554 1044 1554 1013 1554 1013 1555 1044 1555 1045 1555 1013 1556 1045 1556 1014 1556 1014 1557 1045 1557 1046 1557 1014 1558 1046 1558 1015 1558 1015 1559 1046 1559 1047 1559 1015 1560 1047 1560 1039 1560 1040 1561 1010 1561 1048 1561 1048 1562 1010 1562 1009 1562 1048 1563 1009 1563 1049 1563 1049 1564 1009 1564 1008 1564 1049 1565 1008 1565 1050 1565 1050 1566 1008 1566 1007 1566 1050 1567 1007 1567 1051 1567 1051 1568 1007 1568 1006 1568 1051 1569 1006 1569 1052 1569 1052 1570 1006 1570 1005 1570 1052 1571 1005 1571 1053 1571 1027 1572 1054 1572 1024 1572 1024 1573 1054 1573 1055 1573 1024 1574 1055 1574 1025 1574 1025 1575 1055 1575 1056 1575 1025 1576 1056 1576 1026 1576 1026 1577 1056 1577 1057 1577 1026 1578 1057 1578 1004 1578 1004 1579 1057 1579 1058 1579 1004 1580 1058 1580 1005 1580 1005 1581 1058 1581 1059 1581 1005 1582 1059 1582 1053 1582 875 1583 872 1583 1060 1583 1061 1584 1062 1584 1063 1584 1033 1585 1034 1585 1064 1585 1053 1586 1059 1586 1065 1586 1066 1587 1043 1587 1042 1587 1067 1588 1044 1588 1043 1588 1068 1589 1045 1589 1044 1589 1069 1590 1046 1590 1045 1590 1063 1591 1047 1591 1046 1591 1053 1592 1065 1592 1052 1592 1033 1593 1064 1593 1032 1593 1047 1594 1063 1594 1039 1594 1039 1595 1063 1595 1062 1595 1039 1596 1062 1596 1038 1596 1037 1597 1038 1597 1070 1597 1070 1598 1038 1598 1062 1598 1070 1599 1062 1599 1071 1599 1071 1600 1062 1600 1061 1600 1071 1601 1061 1601 1072 1601 1036 1602 1037 1602 1073 1602 1073 1603 1037 1603 1070 1603 1073 1604 1070 1604 1074 1604 1074 1605 1070 1605 1071 1605 1074 1606 1071 1606 1075 1606 1075 1607 1071 1607 1072 1607 1075 1608 1072 1608 1076 1608 1035 1609 1036 1609 1077 1609 1077 1610 1036 1610 1073 1610 1077 1611 1073 1611 1078 1611 1078 1612 1073 1612 1074 1612 1078 1613 1074 1613 1079 1613 1079 1614 1074 1614 1075 1614 1079 1615 1075 1615 1080 1615 1080 1615 1075 1615 1076 1615 1080 1616 1076 1616 1081 1616 1034 1617 1035 1617 1064 1617 1064 1618 1035 1618 1077 1618 1064 1619 1077 1619 1082 1619 1082 1620 1077 1620 1078 1620 1082 1621 1078 1621 1083 1621 1083 1622 1078 1622 1079 1622 1083 1623 1079 1623 1084 1623 1084 1623 1079 1623 1080 1623 1084 1624 1080 1624 1085 1624 1085 1625 1080 1625 1081 1625 1085 1626 1081 1626 1086 1626 1087 1627 1088 1627 1089 1627 1090 1628 1088 1628 1091 1628 1091 1629 1088 1629 1087 1629 1091 1630 1087 1630 1092 1630 1093 1631 1090 1631 1094 1631 1094 1631 1090 1631 1091 1631 1094 1632 1091 1632 1095 1632 1095 1633 1091 1633 1092 1633 1095 1634 1092 1634 1096 1634 1097 1635 1093 1635 1098 1635 1098 1636 1093 1636 1094 1636 1098 1637 1094 1637 1099 1637 1099 1638 1094 1638 1095 1638 1099 1639 1095 1639 1100 1639 1100 1639 1095 1639 1096 1639 1100 1640 1096 1640 1101 1640 1102 1641 1103 1641 1104 1641 1104 1642 1103 1642 1105 1642 1104 1643 1105 1643 1106 1643 1106 1644 1105 1644 1107 1644 1106 1645 1107 1645 1108 1645 1108 1645 1107 1645 1109 1645 1108 1646 1109 1646 1110 1646 1110 1647 1109 1647 1111 1647 1110 1648 1111 1648 1112 1648 1112 1649 1111 1649 1113 1649 1103 1650 1114 1650 1105 1650 1105 1651 1114 1651 1115 1651 1105 1652 1115 1652 1107 1652 1107 1653 1115 1653 1116 1653 1107 1654 1116 1654 1109 1654 1109 1654 1116 1654 1117 1654 1109 1655 1117 1655 1111 1655 1111 1656 1117 1656 1118 1656 1111 1657 1118 1657 1113 1657 1113 1658 1118 1658 1119 1658 1114 1659 1120 1659 1115 1659 1115 1660 1120 1660 1121 1660 1115 1661 1121 1661 1116 1661 1116 1662 1121 1662 1122 1662 1116 1663 1122 1663 1117 1663 1117 1663 1122 1663 1123 1663 1117 1664 1123 1664 1118 1664 1118 1665 1123 1665 1124 1665 1118 1666 1124 1666 1119 1666 1119 1667 1124 1667 1125 1667 1059 1668 1058 1668 1065 1668 1065 1669 1058 1669 1126 1669 1065 1670 1126 1670 1127 1670 1127 1671 1126 1671 1128 1671 1127 1672 1128 1672 1129 1672 1129 1673 1128 1673 1130 1673 1129 1674 1130 1674 1131 1674 1131 1674 1130 1674 1132 1674 1131 1675 1132 1675 1133 1675 1133 1676 1132 1676 1134 1676 1133 1677 1134 1677 1135 1677 1135 1678 1134 1678 1136 1678 1058 1679 1057 1679 1126 1679 1126 1680 1057 1680 1137 1680 1126 1681 1137 1681 1128 1681 1128 1682 1137 1682 1138 1682 1128 1683 1138 1683 1130 1683 1130 1684 1138 1684 1139 1684 1130 1685 1139 1685 1132 1685 1132 1685 1139 1685 1140 1685 1132 1686 1140 1686 1134 1686 1134 1687 1140 1687 1141 1687 1134 1688 1141 1688 1136 1688 1136 1689 1141 1689 1142 1689 1057 1690 1056 1690 1137 1690 1137 1691 1056 1691 1143 1691 1137 1692 1143 1692 1138 1692 1138 1693 1143 1693 1144 1693 1138 1694 1144 1694 1139 1694 1139 1695 1144 1695 1145 1695 1139 1696 1145 1696 1140 1696 1140 1696 1145 1696 1146 1696 1140 1697 1146 1697 1141 1697 1141 1698 1146 1698 1147 1698 1141 1699 1147 1699 1142 1699 1142 1700 1147 1700 1148 1700 1056 1701 1055 1701 1143 1701 1143 1702 1055 1702 1149 1702 1143 1703 1149 1703 1144 1703 1144 1704 1149 1704 1150 1704 1144 1705 1150 1705 1145 1705 1145 1706 1150 1706 1151 1706 1145 1707 1151 1707 1146 1707 1146 1707 1151 1707 1152 1707 1146 1708 1152 1708 1147 1708 1147 1709 1152 1709 1153 1709 1147 1710 1153 1710 1148 1710 1148 1711 1153 1711 1154 1711 1155 1712 1156 1712 1157 1712 1157 1713 1156 1713 1158 1713 1157 1714 1158 1714 1159 1714 1159 1715 1158 1715 1160 1715 1159 1716 1160 1716 1161 1716 1161 1716 1160 1716 1162 1716 1161 1717 1162 1717 1163 1717 1163 1718 1162 1718 1164 1718 1163 1719 1164 1719 1165 1719 1165 1720 1164 1720 1166 1720 1156 1721 1167 1721 1158 1721 1158 1722 1167 1722 1168 1722 1158 1723 1168 1723 1160 1723 1160 1724 1168 1724 1169 1724 1160 1725 1169 1725 1162 1725 1162 1725 1169 1725 1170 1725 1162 1726 1170 1726 1164 1726 1164 1727 1170 1727 1171 1727 1164 1728 1171 1728 1166 1728 1166 1729 1171 1729 1172 1729 1167 1730 1173 1730 1168 1730 1168 1731 1173 1731 1174 1731 1168 1732 1174 1732 1169 1732 1169 1733 1174 1733 1175 1733 1169 1734 1175 1734 1170 1734 1170 1734 1175 1734 1176 1734 1170 1735 1176 1735 1171 1735 1171 1736 1176 1736 1177 1736 1171 1737 1177 1737 1172 1737 1172 1738 1177 1738 1178 1738 1179 1739 1101 1739 1180 1739 1180 1740 1101 1740 1096 1740 1180 1741 1096 1741 1181 1741 1181 1634 1096 1634 1092 1634 1181 1742 1092 1742 1182 1742 1182 1743 1092 1743 1087 1743 1182 1744 1087 1744 1183 1744 1183 1745 1087 1745 1089 1745 1183 1746 1089 1746 1184 1746 1184 1747 1089 1747 878 1747 1184 1748 878 1748 876 1748 1093 1749 884 1749 1090 1749 1090 1750 884 1750 882 1750 1090 1751 882 1751 1088 1751 1088 1752 882 1752 881 1752 1088 1753 881 1753 1089 1753 1089 1754 881 1754 879 1754 1089 1755 879 1755 878 1755 889 1756 891 1756 1185 1756 1185 1757 891 1757 1097 1757 1185 1758 1097 1758 1186 1758 1186 1759 1097 1759 1098 1759 1186 1760 1098 1760 1187 1760 1187 1761 1098 1761 1099 1761 1187 1762 1099 1762 1188 1762 1188 1762 1099 1762 1100 1762 1188 1763 1100 1763 1189 1763 1189 1764 1100 1764 1101 1764 1189 1765 1101 1765 1190 1765 1190 1766 1101 1766 1179 1766 1190 1767 1179 1767 1041 1767 1041 1768 1179 1768 1042 1768 891 1769 892 1769 1097 1769 1097 1770 892 1770 888 1770 1097 1771 888 1771 1093 1771 1093 1772 888 1772 886 1772 1093 1773 886 1773 884 1773 1190 1774 1102 1774 1189 1774 1189 1775 1102 1775 1104 1775 1189 1776 1104 1776 1188 1776 1188 1777 1104 1777 1106 1777 1188 1778 1106 1778 1187 1778 1187 1778 1106 1778 1108 1778 1187 1779 1108 1779 1186 1779 1186 1780 1108 1780 1110 1780 1186 1781 1110 1781 1185 1781 1185 1782 1110 1782 1112 1782 1185 1783 1112 1783 889 1783 903 1784 902 1784 1191 1784 1191 1785 902 1785 1125 1785 1191 1786 1125 1786 1192 1786 1192 1787 1125 1787 1124 1787 1192 1788 1124 1788 1193 1788 1193 1789 1124 1789 1123 1789 1193 1790 1123 1790 1194 1790 1194 1790 1123 1790 1122 1790 1194 1791 1122 1791 1195 1791 1195 1792 1122 1792 1121 1792 1195 1793 1121 1793 1196 1793 1196 1794 1121 1794 1120 1794 902 1795 900 1795 1125 1795 1125 1796 900 1796 898 1796 1125 1797 898 1797 1119 1797 1119 1798 898 1798 896 1798 1119 1799 896 1799 1113 1799 1113 1800 896 1800 894 1800 1113 1801 894 1801 1112 1801 1112 1802 894 1802 893 1802 1112 1803 893 1803 889 1803 1041 1804 1040 1804 1190 1804 1190 1805 1040 1805 1048 1805 1190 1806 1048 1806 1102 1806 1102 1807 1048 1807 1049 1807 1102 1808 1049 1808 1103 1808 1103 1809 1049 1809 1050 1809 1103 1810 1050 1810 1114 1810 1114 1811 1050 1811 1051 1811 1114 1812 1051 1812 1120 1812 1120 1813 1051 1813 1052 1813 1120 1813 1052 1813 1196 1813 1196 1814 1052 1814 1065 1814 1196 1815 1065 1815 1195 1815 1195 1816 1065 1816 1127 1816 1195 1817 1127 1817 1194 1817 1194 1818 1127 1818 1129 1818 1194 1819 1129 1819 1193 1819 1193 1819 1129 1819 1131 1819 1193 1820 1131 1820 1192 1820 1192 1821 1131 1821 1133 1821 1192 1822 1133 1822 1191 1822 1191 1823 1133 1823 1135 1823 1191 1824 1135 1824 903 1824 853 1825 851 1825 1197 1825 1197 1826 851 1826 1154 1826 1197 1827 1154 1827 1198 1827 1198 1828 1154 1828 1153 1828 1198 1829 1153 1829 1199 1829 1199 1830 1153 1830 1152 1830 1199 1831 1152 1831 1200 1831 1200 1831 1152 1831 1151 1831 1200 1832 1151 1832 1201 1832 1201 1833 1151 1833 1150 1833 1201 1834 1150 1834 1202 1834 1202 1835 1150 1835 1149 1835 1202 1836 1149 1836 1054 1836 1054 1837 1149 1837 1055 1837 851 1838 850 1838 1154 1838 1154 1839 850 1839 848 1839 1154 1840 848 1840 1148 1840 1148 1841 848 1841 847 1841 1148 1842 847 1842 1142 1842 1142 1843 847 1843 908 1843 1142 1844 908 1844 1136 1844 1136 1845 908 1845 909 1845 1136 1846 909 1846 1135 1846 1135 1847 909 1847 904 1847 1135 1848 904 1848 903 1848 1202 1849 1155 1849 1201 1849 1201 1849 1155 1849 1157 1849 1201 1850 1157 1850 1200 1850 1200 1851 1157 1851 1159 1851 1200 1852 1159 1852 1199 1852 1199 1852 1159 1852 1161 1852 1199 1853 1161 1853 1198 1853 1198 1854 1161 1854 1163 1854 1198 1855 1163 1855 1197 1855 1197 1855 1163 1855 1165 1855 1197 1856 1165 1856 853 1856 864 1857 863 1857 1203 1857 1203 1858 863 1858 1178 1858 1203 1859 1178 1859 1204 1859 1204 1860 1178 1860 1177 1860 1204 1861 1177 1861 1205 1861 1205 1862 1177 1862 1176 1862 1205 1863 1176 1863 1206 1863 1206 1863 1176 1863 1175 1863 1206 1864 1175 1864 1207 1864 1207 1865 1175 1865 1174 1865 1207 1866 1174 1866 1208 1866 1208 1867 1174 1867 1173 1867 863 1868 861 1868 1178 1868 1178 1869 861 1869 859 1869 1178 1870 859 1870 1172 1870 1172 1871 859 1871 857 1871 1172 1872 857 1872 1166 1872 1166 1873 857 1873 856 1873 1166 1874 856 1874 1165 1874 1165 1875 856 1875 854 1875 1165 1876 854 1876 853 1876 865 1877 864 1877 1086 1877 1086 1878 864 1878 1203 1878 1086 1879 1203 1879 1085 1879 1085 1880 1203 1880 1204 1880 1085 1881 1204 1881 1084 1881 1084 1882 1204 1882 1205 1882 1084 1883 1205 1883 1083 1883 1083 1883 1205 1883 1206 1883 1083 1884 1206 1884 1082 1884 1082 1885 1206 1885 1207 1885 1082 1886 1207 1886 1064 1886 1064 1887 1207 1887 1208 1887 1064 1888 1208 1888 1032 1888 1032 1889 1208 1889 1173 1889 1032 1890 1173 1890 1031 1890 1031 1891 1173 1891 1167 1891 1031 1892 1167 1892 1030 1892 1030 1893 1167 1893 1156 1893 1030 1894 1156 1894 1029 1894 1029 1895 1156 1895 1155 1895 1029 1896 1155 1896 1028 1896 1028 1897 1155 1897 1202 1897 1028 1897 1202 1897 1027 1897 1027 1898 1202 1898 1054 1898 1209 1899 868 1899 867 1899 1046 1900 1069 1900 1063 1900 1063 1901 1069 1901 1210 1901 1063 1902 1210 1902 1061 1902 1061 1903 1210 1903 1211 1903 1061 1904 1211 1904 1072 1904 1072 1905 1211 1905 1212 1905 1072 1608 1212 1608 1076 1608 1076 1906 1212 1906 1213 1906 1076 1907 1213 1907 1081 1907 1081 1908 1213 1908 1209 1908 1081 1909 1209 1909 1086 1909 1086 1910 1209 1910 867 1910 1086 1911 867 1911 865 1911 1045 1912 1068 1912 1069 1912 1069 1913 1068 1913 1214 1913 1069 1914 1214 1914 1210 1914 1210 1915 1214 1915 1215 1915 1210 1916 1215 1916 1211 1916 1211 1917 1215 1917 1216 1917 1211 1905 1216 1905 1212 1905 1212 1918 1216 1918 1217 1918 1212 1919 1217 1919 1213 1919 1213 1920 1217 1920 1218 1920 1213 1921 1218 1921 1209 1921 1209 1922 1218 1922 870 1922 1209 1923 870 1923 868 1923 1044 1924 1067 1924 1068 1924 1068 1925 1067 1925 1219 1925 1068 1926 1219 1926 1214 1926 1214 1927 1219 1927 1220 1927 1214 1928 1220 1928 1215 1928 1215 1929 1220 1929 1221 1929 1215 1917 1221 1917 1216 1917 1216 1930 1221 1930 1222 1930 1216 1931 1222 1931 1217 1931 1217 1932 1222 1932 1223 1932 1217 1933 1223 1933 1218 1933 1218 1934 1223 1934 871 1934 1218 1935 871 1935 870 1935 1043 1936 1066 1936 1067 1936 1067 1937 1066 1937 1224 1937 1067 1938 1224 1938 1219 1938 1219 1939 1224 1939 1225 1939 1219 1940 1225 1940 1220 1940 1220 1941 1225 1941 1226 1941 1220 1929 1226 1929 1221 1929 1221 1942 1226 1942 1227 1942 1221 1943 1227 1943 1222 1943 1222 1944 1227 1944 1060 1944 1222 1945 1060 1945 1223 1945 1223 1946 1060 1946 872 1946 1223 1947 872 1947 871 1947 1042 1948 1179 1948 1066 1948 1066 1949 1179 1949 1180 1949 1066 1937 1180 1937 1224 1937 1224 1950 1180 1950 1181 1950 1224 1951 1181 1951 1225 1951 1225 1742 1181 1742 1182 1742 1225 1941 1182 1941 1226 1941 1226 1952 1182 1952 1183 1952 1226 1953 1183 1953 1227 1953 1227 1954 1183 1954 1184 1954 1227 1955 1184 1955 1060 1955 1060 1956 1184 1956 876 1956 1060 1957 876 1957 875 1957 947 961 842 961 843 961 947 961 946 961 842 961 842 961 946 961 945 961 842 961 945 961 841 961 844 961 949 961 843 961 843 961 949 961 948 961 843 961 948 961 947 961 838 961 934 961 933 961 945 961 944 961 841 961 841 961 944 961 943 961 841 961 943 961 840 961 840 961 943 961 942 961 840 961 942 961 835 961 845 961 951 961 844 961 844 961 951 961 950 961 844 961 950 961 949 961 838 961 933 961 839 961 837 961 836 961 938 961 942 961 941 961 835 961 835 961 941 961 940 961 835 961 940 961 836 961 836 961 940 961 939 961 836 961 939 961 938 961 938 961 937 961 837 961 837 961 937 961 936 961 837 961 936 961 838 961 838 961 936 961 935 961 838 961 935 961 934 961 846 961 953 961 845 961 845 961 953 961 952 961 845 961 952 961 951 961 933 961 956 961 839 961 839 961 956 961 955 961 839 961 955 961 846 961 846 961 955 961 954 961 846 961 954 961 953 961 957 835 752 835 958 835 958 835 752 835 751 835 957 835 1002 835 752 835 752 835 1002 835 1000 835 752 835 1000 835 753 835 745 835 746 835 978 835 747 835 982 835 746 835 746 835 982 835 980 835 746 835 980 835 978 835 750 835 992 835 749 835 749 835 992 835 990 835 749 835 990 835 748 835 1000 835 998 835 753 835 753 835 998 835 996 835 753 835 996 835 750 835 750 835 996 835 994 835 750 835 994 835 992 835 742 835 962 835 751 835 751 835 962 835 960 835 751 835 960 835 958 835 978 835 976 835 745 835 745 835 976 835 974 835 745 835 974 835 744 835 990 835 988 835 748 835 748 835 988 835 986 835 748 835 986 835 747 835 747 835 986 835 984 835 747 835 984 835 982 835 743 835 966 835 742 835 742 835 966 835 964 835 742 835 964 835 962 835 974 835 972 835 744 835 744 835 972 835 970 835 744 835 970 835 743 835 743 835 970 835 968 835 743 835 968 835 966 835 1228 1958 1229 1958 718 1958 718 1959 1229 1959 761 1959 761 1960 1229 1960 1230 1960 761 1961 1230 1961 762 1961 1231 1962 768 1962 1230 1962 1230 1963 768 1963 763 1963 1230 1964 763 1964 762 1964 1232 1965 766 1965 1231 1965 1231 1966 766 1966 767 1966 1231 1967 767 1967 768 1967 723 1968 764 1968 1232 1968 1232 1969 764 1969 765 1969 1232 1970 765 1970 766 1970 718 1149 719 1149 1228 1149 1228 1148 719 1148 720 1148 1228 1148 720 1148 1233 1148 1233 1147 720 1147 721 1147 1233 1147 721 1147 1234 1147 1234 1146 721 1146 722 1146 1234 1146 722 1146 1235 1146 1235 1145 722 1145 726 1145 1235 1145 726 1145 1236 1145 1236 1144 726 1144 725 1144 1236 1144 725 1144 1237 1144 1237 1143 725 1143 724 1143 1237 1143 724 1143 1238 1143 1238 1971 724 1971 723 1971 1238 1972 723 1972 1239 1972 1239 1973 723 1973 1232 1973 1240 1974 1241 1974 1242 1974 1241 1975 1243 1975 1242 1975 1242 1976 1243 1976 1244 1976 1242 1977 1244 1977 1245 1977 1244 1978 1246 1978 1245 1978 1245 1979 1246 1979 1247 1979 1245 1980 1247 1980 1248 1980 1247 1981 1249 1981 1248 1981 1248 1982 1249 1982 1250 1982 1248 1983 1250 1983 1251 1983 1251 1984 1250 1984 1252 1984 1251 1985 1252 1985 1253 1985 1253 1986 1252 1986 1254 1986 1253 1987 1254 1987 1255 1987 1255 1988 1254 1988 1256 1988 1256 1989 1257 1989 1255 1989 1255 1990 1257 1990 1258 1990 1255 1991 1258 1991 1259 1991 1258 1992 1260 1992 1259 1992 1259 1993 1260 1993 1261 1993 1259 1994 1261 1994 1262 1994 1262 1995 1261 1995 1263 1995 1262 1996 1263 1996 1264 1996 1265 1997 1266 1997 1264 1997 1264 1998 1266 1998 1267 1998 1264 1999 1267 1999 1262 1999 1265 2000 1268 2000 1266 2000 1266 2001 1268 2001 1269 2001 1266 2002 1269 2002 1270 2002 1269 2003 1271 2003 1270 2003 1270 2004 1271 2004 1272 2004 1270 2005 1272 2005 1273 2005 1272 2006 1274 2006 1273 2006 1273 2007 1274 2007 1275 2007 1273 2008 1275 2008 1276 2008 1276 2009 1275 2009 1277 2009 1276 2010 1277 2010 1278 2010 1278 2011 1277 2011 1279 2011 1278 2012 1279 2012 1280 2012 1280 2013 1279 2013 1281 2013 1282 2014 1283 2014 1284 2014 1284 2015 1283 2015 1280 2015 1284 2016 1280 2016 1285 2016 1285 2017 1280 2017 1281 2017 1286 2018 1287 2018 1288 2018 1288 2019 1287 2019 1289 2019 1288 2020 1289 2020 1290 2020 1290 2021 1289 2021 1291 2021 1290 2022 1291 2022 1292 2022 1292 2023 1291 2023 1293 2023 1292 2024 1293 2024 1294 2024 1294 2025 1293 2025 1295 2025 1295 2026 1296 2026 1294 2026 1294 2027 1296 2027 1297 2027 1294 2028 1297 2028 1298 2028 1242 2029 1299 2029 1240 2029 1240 2030 1299 2030 1300 2030 1240 2031 1300 2031 1301 2031 1301 2032 1300 2032 1298 2032 1301 2033 1298 2033 1302 2033 1302 2034 1298 2034 1297 2034 1283 2035 1303 2035 1304 2035 1283 2036 1304 2036 1280 2036 1280 2037 1304 2037 1305 2037 1280 2038 1305 2038 1278 2038 1278 2039 1305 2039 1306 2039 1278 2040 1306 2040 1276 2040 1276 2041 1306 2041 1307 2041 1276 2042 1307 2042 1273 2042 1273 2043 1307 2043 1308 2043 1273 2043 1308 2043 1270 2043 1270 2044 1308 2044 1309 2044 1270 2044 1309 2044 1266 2044 1266 2045 1309 2045 1310 2045 1266 2046 1310 2046 1267 2046 1267 2047 1310 2047 1311 2047 1267 2048 1311 2048 1262 2048 1262 2049 1311 2049 1312 2049 1262 2050 1312 2050 1259 2050 1259 2051 1312 2051 1313 2051 1259 2052 1313 2052 1255 2052 1255 2053 1313 2053 1314 2053 1255 2054 1314 2054 1253 2054 1253 2055 1314 2055 1315 2055 1253 2056 1315 2056 1251 2056 1251 2057 1315 2057 1316 2057 1251 2058 1316 2058 1248 2058 1248 2059 1316 2059 1317 2059 1248 2060 1317 2060 1245 2060 1245 2061 1317 2061 1318 2061 1245 2062 1318 2062 1242 2062 1242 2063 1318 2063 1319 2063 1242 2064 1319 2064 1299 2064 1299 2065 1319 2065 1320 2065 1299 2066 1320 2066 1300 2066 1300 2067 1320 2067 1321 2067 1300 2068 1321 2068 1298 2068 1298 2069 1321 2069 1322 2069 1298 2070 1322 2070 1294 2070 1294 2071 1322 2071 1323 2071 1294 2072 1323 2072 1292 2072 1292 2073 1323 2073 1324 2073 1292 2074 1324 2074 1290 2074 1290 2075 1324 2075 1325 2075 1290 2076 1325 2076 1288 2076 1326 2077 1327 2077 1303 2077 1327 2078 1328 2078 1303 2078 1303 2079 1328 2079 1329 2079 1303 2080 1329 2080 1304 2080 1304 2081 1329 2081 1330 2081 1304 2082 1330 2082 1305 2082 1305 2083 1330 2083 1331 2083 1305 2084 1331 2084 1306 2084 1306 2085 1331 2085 1332 2085 1306 2086 1332 2086 1307 2086 1307 2087 1332 2087 1333 2087 1307 2088 1333 2088 1308 2088 1308 2089 1333 2089 1334 2089 1308 2089 1334 2089 1309 2089 1309 2090 1334 2090 1335 2090 1309 2091 1335 2091 1310 2091 1310 2092 1335 2092 1336 2092 1310 2093 1336 2093 1311 2093 1311 2094 1336 2094 1337 2094 1311 2095 1337 2095 1312 2095 1312 2096 1337 2096 1338 2096 1312 2096 1338 2096 1313 2096 1313 2097 1338 2097 1339 2097 1313 2098 1339 2098 1314 2098 1314 2099 1339 2099 1340 2099 1314 2100 1340 2100 1315 2100 1315 2101 1340 2101 1341 2101 1315 2102 1341 2102 1316 2102 1316 2103 1341 2103 1342 2103 1316 2104 1342 2104 1317 2104 1317 2105 1342 2105 1343 2105 1317 2106 1343 2106 1318 2106 1318 2107 1343 2107 1344 2107 1318 2108 1344 2108 1319 2108 1319 2109 1344 2109 1345 2109 1319 2110 1345 2110 1320 2110 1320 2111 1345 2111 1346 2111 1320 2112 1346 2112 1321 2112 1321 2113 1346 2113 1347 2113 1321 2114 1347 2114 1322 2114 1322 2115 1347 2115 1348 2115 1322 2116 1348 2116 1323 2116 1323 2117 1348 2117 1349 2117 1323 2118 1349 2118 1324 2118 1324 2119 1349 2119 1326 2119 1324 2120 1326 2120 1325 2120 1325 2121 1326 2121 1303 2121 1325 2122 1303 2122 1288 2122 1288 2123 1303 2123 1283 2123 1288 2124 1283 2124 1286 2124 1286 2125 1283 2125 1282 2125 1350 2126 1351 2126 1352 2126 1352 2127 1351 2127 1353 2127 1352 2128 1353 2128 1354 2128 1354 2129 1353 2129 1355 2129 1354 2130 1355 2130 1356 2130 1356 2131 1355 2131 1357 2131 1356 2132 1357 2132 1358 2132 1358 2133 1357 2133 1359 2133 1358 2134 1359 2134 1360 2134 1360 2135 1359 2135 1361 2135 1360 2136 1361 2136 1362 2136 1362 2137 1361 2137 1363 2137 1362 2138 1363 2138 1364 2138 1364 2139 1363 2139 1365 2139 1364 2140 1365 2140 1366 2140 1366 2141 1365 2141 1367 2141 1366 2142 1367 2142 1368 2142 1368 2143 1367 2143 1369 2143 1368 2144 1369 2144 1370 2144 1370 2145 1369 2145 1371 2145 1370 2146 1371 2146 1372 2146 1372 2147 1371 2147 1373 2147 1372 2148 1373 2148 1374 2148 1374 2149 1373 2149 1375 2149 1374 2150 1375 2150 1376 2150 1376 2151 1375 2151 1377 2151 1376 2152 1377 2152 1378 2152 1378 2153 1377 2153 1379 2153 1378 2154 1379 2154 1380 2154 1380 2155 1379 2155 1381 2155 1380 2156 1381 2156 1382 2156 1382 2157 1381 2157 1383 2157 1382 2158 1383 2158 1384 2158 1384 2159 1383 2159 1385 2159 1384 2159 1385 2159 1386 2159 1386 2160 1385 2160 1387 2160 1386 2161 1387 2161 1388 2161 1388 2162 1387 2162 1389 2162 1388 2163 1389 2163 1390 2163 1390 2164 1389 2164 1391 2164 1390 2165 1391 2165 1392 2165 1392 2166 1391 2166 1393 2166 1392 2167 1393 2167 1394 2167 1394 2168 1393 2168 1395 2168 1394 2169 1395 2169 1396 2169 1396 2170 1395 2170 1350 2170 1396 2171 1350 2171 1352 2171 1362 2172 1397 2172 1360 2172 1360 2173 1397 2173 1398 2173 1360 2174 1398 2174 1358 2174 1358 2175 1398 2175 1399 2175 1358 2176 1399 2176 1356 2176 1356 2177 1399 2177 1400 2177 1356 2178 1400 2178 1354 2178 1354 2179 1400 2179 1401 2179 1354 2180 1401 2180 1352 2180 1352 2181 1401 2181 1402 2181 1352 2182 1402 2182 1396 2182 1396 2183 1402 2183 1403 2183 1396 2184 1403 2184 1394 2184 1394 2185 1403 2185 1404 2185 1394 2186 1404 2186 1392 2186 1392 2187 1404 2187 1405 2187 1392 2188 1405 2188 1390 2188 1390 2189 1405 2189 1406 2189 1390 2190 1406 2190 1388 2190 1388 2191 1406 2191 1407 2191 1388 2191 1407 2191 1386 2191 1386 2192 1407 2192 1408 2192 1386 2192 1408 2192 1384 2192 1384 2193 1408 2193 1409 2193 1384 2194 1409 2194 1382 2194 1382 2195 1409 2195 1410 2195 1382 2196 1410 2196 1380 2196 1380 2197 1410 2197 1411 2197 1380 2198 1411 2198 1378 2198 1378 2199 1411 2199 1412 2199 1378 2200 1412 2200 1376 2200 1376 2201 1412 2201 1413 2201 1376 2202 1413 2202 1374 2202 1374 2203 1413 2203 1414 2203 1374 2204 1414 2204 1372 2204 1372 2205 1414 2205 1415 2205 1372 2206 1415 2206 1370 2206 1370 2207 1415 2207 1416 2207 1370 2208 1416 2208 1368 2208 1368 2209 1416 2209 1417 2209 1368 2210 1417 2210 1366 2210 1366 2211 1417 2211 1418 2211 1366 2212 1418 2212 1364 2212 1364 2213 1418 2213 1419 2213 1364 2214 1419 2214 1362 2214 1362 2215 1419 2215 1397 2215 1420 2216 1417 2216 1421 2216 1421 2217 1417 2217 1416 2217 1421 2218 1416 2218 1422 2218 1422 2219 1416 2219 1415 2219 1422 2220 1415 2220 1423 2220 1423 2221 1415 2221 1414 2221 1423 2222 1414 2222 1424 2222 1424 2223 1414 2223 1413 2223 1424 2224 1413 2224 1425 2224 1425 2225 1413 2225 1412 2225 1425 2226 1412 2226 1426 2226 1426 2227 1412 2227 1427 2227 1427 2228 1412 2228 1428 2228 1428 2229 1412 2229 1411 2229 1428 2230 1411 2230 1429 2230 1429 2231 1411 2231 1410 2231 1429 2232 1410 2232 1430 2232 1430 2233 1410 2233 1409 2233 1430 2234 1409 2234 1431 2234 1431 2235 1409 2235 1408 2235 1431 2236 1408 2236 1432 2236 1433 2237 1434 2237 1403 2237 1403 2238 1434 2238 1435 2238 1403 2239 1435 2239 1404 2239 1404 2240 1435 2240 1436 2240 1404 2241 1436 2241 1405 2241 1405 2242 1436 2242 1437 2242 1405 2243 1437 2243 1406 2243 1406 2244 1437 2244 1438 2244 1406 2245 1438 2245 1407 2245 1407 2246 1438 2246 1439 2246 1407 2247 1439 2247 1408 2247 1408 2248 1439 2248 1440 2248 1408 2249 1440 2249 1432 2249 1433 2250 1403 2250 1441 2250 1441 2251 1403 2251 1402 2251 1441 2252 1402 2252 1442 2252 1442 2253 1402 2253 1401 2253 1442 2254 1401 2254 1443 2254 1443 2255 1401 2255 1400 2255 1443 2256 1400 2256 1444 2256 1444 2257 1400 2257 1399 2257 1444 2258 1399 2258 1445 2258 1445 2259 1399 2259 1398 2259 1445 2260 1398 2260 1446 2260 1420 2261 1447 2261 1417 2261 1417 2262 1447 2262 1448 2262 1417 2263 1448 2263 1418 2263 1418 2264 1448 2264 1449 2264 1418 2265 1449 2265 1419 2265 1419 2266 1449 2266 1450 2266 1419 2267 1450 2267 1397 2267 1397 2268 1450 2268 1451 2268 1397 2269 1451 2269 1398 2269 1398 2270 1451 2270 1452 2270 1398 2271 1452 2271 1446 2271 1268 2272 1265 2272 1453 2272 1454 2273 1455 2273 1456 2273 1426 2274 1427 2274 1457 2274 1446 2275 1452 2275 1458 2275 1459 2276 1436 2276 1435 2276 1460 2277 1437 2277 1436 2277 1461 2278 1438 2278 1437 2278 1462 2279 1439 2279 1438 2279 1456 2280 1440 2280 1439 2280 1446 2281 1458 2281 1445 2281 1426 2282 1457 2282 1425 2282 1440 2283 1456 2283 1432 2283 1432 2284 1456 2284 1455 2284 1432 2285 1455 2285 1431 2285 1430 2286 1431 2286 1463 2286 1463 2287 1431 2287 1455 2287 1463 2288 1455 2288 1464 2288 1464 2289 1455 2289 1454 2289 1464 2290 1454 2290 1465 2290 1429 2291 1430 2291 1466 2291 1466 2292 1430 2292 1463 2292 1466 2293 1463 2293 1467 2293 1467 2294 1463 2294 1464 2294 1467 2295 1464 2295 1468 2295 1468 2296 1464 2296 1465 2296 1468 2297 1465 2297 1469 2297 1428 2298 1429 2298 1470 2298 1470 2299 1429 2299 1466 2299 1470 2300 1466 2300 1471 2300 1471 2301 1466 2301 1467 2301 1471 2302 1467 2302 1472 2302 1472 2303 1467 2303 1468 2303 1472 2304 1468 2304 1473 2304 1473 2304 1468 2304 1469 2304 1473 2305 1469 2305 1474 2305 1427 2306 1428 2306 1457 2306 1457 2307 1428 2307 1470 2307 1457 2308 1470 2308 1475 2308 1475 2309 1470 2309 1471 2309 1475 2310 1471 2310 1476 2310 1476 2311 1471 2311 1472 2311 1476 2312 1472 2312 1477 2312 1477 2312 1472 2312 1473 2312 1477 2313 1473 2313 1478 2313 1478 2314 1473 2314 1474 2314 1478 2315 1474 2315 1479 2315 1480 2316 1481 2316 1482 2316 1483 2317 1481 2317 1484 2317 1484 2318 1481 2318 1480 2318 1484 2319 1480 2319 1485 2319 1486 2320 1483 2320 1487 2320 1487 2320 1483 2320 1484 2320 1487 2321 1484 2321 1488 2321 1488 2322 1484 2322 1485 2322 1488 2323 1485 2323 1489 2323 1490 2324 1486 2324 1491 2324 1491 2325 1486 2325 1487 2325 1491 2326 1487 2326 1492 2326 1492 2327 1487 2327 1488 2327 1492 2328 1488 2328 1493 2328 1493 2328 1488 2328 1489 2328 1493 2329 1489 2329 1494 2329 1495 2330 1496 2330 1497 2330 1497 2331 1496 2331 1498 2331 1497 2332 1498 2332 1499 2332 1499 2333 1498 2333 1500 2333 1499 2334 1500 2334 1501 2334 1501 2334 1500 2334 1502 2334 1501 2335 1502 2335 1503 2335 1503 2336 1502 2336 1504 2336 1503 2337 1504 2337 1505 2337 1505 2338 1504 2338 1506 2338 1496 2339 1507 2339 1498 2339 1498 2340 1507 2340 1508 2340 1498 2341 1508 2341 1500 2341 1500 2342 1508 2342 1509 2342 1500 2343 1509 2343 1502 2343 1502 2343 1509 2343 1510 2343 1502 2344 1510 2344 1504 2344 1504 2345 1510 2345 1511 2345 1504 2346 1511 2346 1506 2346 1506 2347 1511 2347 1512 2347 1507 2348 1513 2348 1508 2348 1508 2349 1513 2349 1514 2349 1508 2350 1514 2350 1509 2350 1509 2351 1514 2351 1515 2351 1509 2352 1515 2352 1510 2352 1510 2352 1515 2352 1516 2352 1510 2353 1516 2353 1511 2353 1511 2354 1516 2354 1517 2354 1511 2355 1517 2355 1512 2355 1512 2356 1517 2356 1518 2356 1452 2357 1451 2357 1458 2357 1458 2358 1451 2358 1519 2358 1458 2359 1519 2359 1520 2359 1520 2360 1519 2360 1521 2360 1520 2361 1521 2361 1522 2361 1522 2362 1521 2362 1523 2362 1522 2363 1523 2363 1524 2363 1524 2363 1523 2363 1525 2363 1524 2364 1525 2364 1526 2364 1526 2365 1525 2365 1527 2365 1526 2366 1527 2366 1528 2366 1528 2367 1527 2367 1529 2367 1451 2368 1450 2368 1519 2368 1519 2369 1450 2369 1530 2369 1519 2370 1530 2370 1521 2370 1521 2371 1530 2371 1531 2371 1521 2372 1531 2372 1523 2372 1523 2373 1531 2373 1532 2373 1523 2374 1532 2374 1525 2374 1525 2374 1532 2374 1533 2374 1525 2375 1533 2375 1527 2375 1527 2376 1533 2376 1534 2376 1527 2377 1534 2377 1529 2377 1529 2378 1534 2378 1535 2378 1450 2379 1449 2379 1530 2379 1530 2380 1449 2380 1536 2380 1530 2381 1536 2381 1531 2381 1531 2382 1536 2382 1537 2382 1531 2383 1537 2383 1532 2383 1532 2384 1537 2384 1538 2384 1532 2385 1538 2385 1533 2385 1533 2385 1538 2385 1539 2385 1533 2386 1539 2386 1534 2386 1534 2387 1539 2387 1540 2387 1534 2388 1540 2388 1535 2388 1535 2389 1540 2389 1541 2389 1449 2390 1448 2390 1536 2390 1536 2391 1448 2391 1542 2391 1536 2392 1542 2392 1537 2392 1537 2393 1542 2393 1543 2393 1537 2394 1543 2394 1538 2394 1538 2395 1543 2395 1544 2395 1538 2396 1544 2396 1539 2396 1539 2396 1544 2396 1545 2396 1539 2397 1545 2397 1540 2397 1540 2398 1545 2398 1546 2398 1540 2399 1546 2399 1541 2399 1541 2400 1546 2400 1547 2400 1548 2401 1549 2401 1550 2401 1550 2402 1549 2402 1551 2402 1550 2403 1551 2403 1552 2403 1552 2404 1551 2404 1553 2404 1552 2405 1553 2405 1554 2405 1554 2405 1553 2405 1555 2405 1554 2406 1555 2406 1556 2406 1556 2407 1555 2407 1557 2407 1556 2408 1557 2408 1558 2408 1558 2409 1557 2409 1559 2409 1549 2410 1560 2410 1551 2410 1551 2411 1560 2411 1561 2411 1551 2412 1561 2412 1553 2412 1553 2413 1561 2413 1562 2413 1553 2414 1562 2414 1555 2414 1555 2414 1562 2414 1563 2414 1555 2415 1563 2415 1557 2415 1557 2416 1563 2416 1564 2416 1557 2417 1564 2417 1559 2417 1559 2418 1564 2418 1565 2418 1560 2419 1566 2419 1561 2419 1561 2420 1566 2420 1567 2420 1561 2421 1567 2421 1562 2421 1562 2422 1567 2422 1568 2422 1562 2423 1568 2423 1563 2423 1563 2423 1568 2423 1569 2423 1563 2424 1569 2424 1564 2424 1564 2425 1569 2425 1570 2425 1564 2426 1570 2426 1565 2426 1565 2427 1570 2427 1571 2427 1572 2428 1494 2428 1573 2428 1573 2429 1494 2429 1489 2429 1573 2430 1489 2430 1574 2430 1574 2323 1489 2323 1485 2323 1574 2431 1485 2431 1575 2431 1575 2432 1485 2432 1480 2432 1575 2433 1480 2433 1576 2433 1576 2434 1480 2434 1482 2434 1576 2435 1482 2435 1577 2435 1577 2436 1482 2436 1271 2436 1577 2437 1271 2437 1269 2437 1486 2438 1277 2438 1483 2438 1483 2439 1277 2439 1275 2439 1483 2440 1275 2440 1481 2440 1481 2441 1275 2441 1274 2441 1481 2442 1274 2442 1482 2442 1482 2443 1274 2443 1272 2443 1482 2444 1272 2444 1271 2444 1282 2445 1284 2445 1578 2445 1578 2446 1284 2446 1490 2446 1578 2447 1490 2447 1579 2447 1579 2448 1490 2448 1491 2448 1579 2449 1491 2449 1580 2449 1580 2450 1491 2450 1492 2450 1580 2451 1492 2451 1581 2451 1581 2451 1492 2451 1493 2451 1581 2452 1493 2452 1582 2452 1582 2453 1493 2453 1494 2453 1582 2454 1494 2454 1583 2454 1583 2455 1494 2455 1572 2455 1583 2456 1572 2456 1434 2456 1434 2457 1572 2457 1435 2457 1284 2458 1285 2458 1490 2458 1490 2459 1285 2459 1281 2459 1490 2460 1281 2460 1486 2460 1486 2461 1281 2461 1279 2461 1486 2462 1279 2462 1277 2462 1583 2463 1495 2463 1582 2463 1582 2464 1495 2464 1497 2464 1582 2465 1497 2465 1581 2465 1581 2466 1497 2466 1499 2466 1581 2467 1499 2467 1580 2467 1580 2467 1499 2467 1501 2467 1580 2468 1501 2468 1579 2468 1579 2469 1501 2469 1503 2469 1579 2470 1503 2470 1578 2470 1578 2471 1503 2471 1505 2471 1578 2472 1505 2472 1282 2472 1296 2473 1295 2473 1584 2473 1584 2474 1295 2474 1518 2474 1584 2475 1518 2475 1585 2475 1585 2476 1518 2476 1517 2476 1585 2477 1517 2477 1586 2477 1586 2478 1517 2478 1516 2478 1586 2479 1516 2479 1587 2479 1587 2479 1516 2479 1515 2479 1587 2480 1515 2480 1588 2480 1588 2481 1515 2481 1514 2481 1588 2482 1514 2482 1589 2482 1589 2483 1514 2483 1513 2483 1295 2484 1293 2484 1518 2484 1518 2485 1293 2485 1291 2485 1518 2486 1291 2486 1512 2486 1512 2487 1291 2487 1289 2487 1512 2488 1289 2488 1506 2488 1506 2489 1289 2489 1287 2489 1506 2490 1287 2490 1505 2490 1505 2491 1287 2491 1286 2491 1505 2492 1286 2492 1282 2492 1434 2493 1433 2493 1583 2493 1583 2494 1433 2494 1441 2494 1583 2495 1441 2495 1495 2495 1495 2496 1441 2496 1442 2496 1495 2497 1442 2497 1496 2497 1496 2498 1442 2498 1443 2498 1496 2499 1443 2499 1507 2499 1507 2500 1443 2500 1444 2500 1507 2501 1444 2501 1513 2501 1513 2502 1444 2502 1445 2502 1513 2502 1445 2502 1589 2502 1589 2503 1445 2503 1458 2503 1589 2504 1458 2504 1588 2504 1588 2505 1458 2505 1520 2505 1588 2506 1520 2506 1587 2506 1587 2507 1520 2507 1522 2507 1587 2508 1522 2508 1586 2508 1586 2508 1522 2508 1524 2508 1586 2509 1524 2509 1585 2509 1585 2510 1524 2510 1526 2510 1585 2511 1526 2511 1584 2511 1584 2512 1526 2512 1528 2512 1584 2513 1528 2513 1296 2513 1246 2514 1244 2514 1590 2514 1590 2515 1244 2515 1547 2515 1590 2516 1547 2516 1591 2516 1591 2517 1547 2517 1546 2517 1591 2518 1546 2518 1592 2518 1592 2519 1546 2519 1545 2519 1592 2520 1545 2520 1593 2520 1593 2520 1545 2520 1544 2520 1593 2521 1544 2521 1594 2521 1594 2522 1544 2522 1543 2522 1594 2523 1543 2523 1595 2523 1595 2524 1543 2524 1542 2524 1595 2525 1542 2525 1447 2525 1447 2526 1542 2526 1448 2526 1244 2527 1243 2527 1547 2527 1547 2528 1243 2528 1241 2528 1547 2529 1241 2529 1541 2529 1541 2530 1241 2530 1240 2530 1541 2531 1240 2531 1535 2531 1535 2532 1240 2532 1301 2532 1535 2533 1301 2533 1529 2533 1529 2534 1301 2534 1302 2534 1529 2535 1302 2535 1528 2535 1528 2536 1302 2536 1297 2536 1528 2537 1297 2537 1296 2537 1595 2538 1548 2538 1594 2538 1594 2538 1548 2538 1550 2538 1594 2539 1550 2539 1593 2539 1593 2540 1550 2540 1552 2540 1593 2541 1552 2541 1592 2541 1592 2541 1552 2541 1554 2541 1592 2542 1554 2542 1591 2542 1591 2543 1554 2543 1556 2543 1591 2544 1556 2544 1590 2544 1590 2544 1556 2544 1558 2544 1590 2545 1558 2545 1246 2545 1257 2546 1256 2546 1596 2546 1596 2547 1256 2547 1571 2547 1596 2548 1571 2548 1597 2548 1597 2549 1571 2549 1570 2549 1597 2550 1570 2550 1598 2550 1598 2551 1570 2551 1569 2551 1598 2552 1569 2552 1599 2552 1599 2552 1569 2552 1568 2552 1599 2553 1568 2553 1600 2553 1600 2554 1568 2554 1567 2554 1600 2555 1567 2555 1601 2555 1601 2556 1567 2556 1566 2556 1256 2557 1254 2557 1571 2557 1571 2558 1254 2558 1252 2558 1571 2559 1252 2559 1565 2559 1565 2560 1252 2560 1250 2560 1565 2561 1250 2561 1559 2561 1559 2562 1250 2562 1249 2562 1559 2563 1249 2563 1558 2563 1558 2564 1249 2564 1247 2564 1558 2565 1247 2565 1246 2565 1258 2566 1257 2566 1479 2566 1479 2567 1257 2567 1596 2567 1479 2568 1596 2568 1478 2568 1478 2569 1596 2569 1597 2569 1478 2570 1597 2570 1477 2570 1477 2571 1597 2571 1598 2571 1477 2572 1598 2572 1476 2572 1476 2572 1598 2572 1599 2572 1476 2573 1599 2573 1475 2573 1475 2574 1599 2574 1600 2574 1475 2575 1600 2575 1457 2575 1457 2576 1600 2576 1601 2576 1457 2577 1601 2577 1425 2577 1425 2578 1601 2578 1566 2578 1425 2579 1566 2579 1424 2579 1424 2580 1566 2580 1560 2580 1424 2581 1560 2581 1423 2581 1423 2582 1560 2582 1549 2582 1423 2583 1549 2583 1422 2583 1422 2584 1549 2584 1548 2584 1422 2585 1548 2585 1421 2585 1421 2586 1548 2586 1595 2586 1421 2586 1595 2586 1420 2586 1420 2587 1595 2587 1447 2587 1602 2588 1261 2588 1260 2588 1439 2589 1462 2589 1456 2589 1456 2590 1462 2590 1603 2590 1456 2591 1603 2591 1454 2591 1454 2592 1603 2592 1604 2592 1454 2593 1604 2593 1465 2593 1465 2594 1604 2594 1605 2594 1465 2297 1605 2297 1469 2297 1469 2595 1605 2595 1606 2595 1469 2596 1606 2596 1474 2596 1474 2597 1606 2597 1602 2597 1474 2598 1602 2598 1479 2598 1479 2599 1602 2599 1260 2599 1479 2600 1260 2600 1258 2600 1438 2601 1461 2601 1462 2601 1462 2602 1461 2602 1607 2602 1462 2603 1607 2603 1603 2603 1603 2604 1607 2604 1608 2604 1603 2605 1608 2605 1604 2605 1604 2606 1608 2606 1609 2606 1604 2594 1609 2594 1605 2594 1605 2607 1609 2607 1610 2607 1605 2608 1610 2608 1606 2608 1606 2609 1610 2609 1611 2609 1606 2610 1611 2610 1602 2610 1602 2611 1611 2611 1263 2611 1602 2612 1263 2612 1261 2612 1437 2613 1460 2613 1461 2613 1461 2614 1460 2614 1612 2614 1461 2615 1612 2615 1607 2615 1607 2616 1612 2616 1613 2616 1607 2617 1613 2617 1608 2617 1608 2618 1613 2618 1614 2618 1608 2606 1614 2606 1609 2606 1609 2619 1614 2619 1615 2619 1609 2620 1615 2620 1610 2620 1610 2621 1615 2621 1616 2621 1610 2622 1616 2622 1611 2622 1611 2623 1616 2623 1264 2623 1611 2624 1264 2624 1263 2624 1436 2625 1459 2625 1460 2625 1460 2626 1459 2626 1617 2626 1460 2627 1617 2627 1612 2627 1612 2628 1617 2628 1618 2628 1612 2629 1618 2629 1613 2629 1613 2630 1618 2630 1619 2630 1613 2618 1619 2618 1614 2618 1614 2631 1619 2631 1620 2631 1614 2632 1620 2632 1615 2632 1615 2633 1620 2633 1453 2633 1615 2634 1453 2634 1616 2634 1616 2635 1453 2635 1265 2635 1616 2636 1265 2636 1264 2636 1435 2637 1572 2637 1459 2637 1459 2638 1572 2638 1573 2638 1459 2626 1573 2626 1617 2626 1617 2639 1573 2639 1574 2639 1617 2640 1574 2640 1618 2640 1618 2431 1574 2431 1575 2431 1618 2630 1575 2630 1619 2630 1619 2641 1575 2641 1576 2641 1619 2642 1576 2642 1620 2642 1620 2643 1576 2643 1577 2643 1620 2644 1577 2644 1453 2644 1453 2645 1577 2645 1269 2645 1453 2646 1269 2646 1268 2646 1340 776 1235 776 1236 776 1340 776 1339 776 1235 776 1235 776 1339 776 1338 776 1235 776 1338 776 1234 776 1237 776 1342 776 1236 776 1236 776 1342 776 1341 776 1236 776 1341 776 1340 776 1338 776 1337 776 1234 776 1234 776 1337 776 1336 776 1234 776 1336 776 1233 776 1233 776 1336 776 1335 776 1233 776 1335 776 1228 776 1238 776 1344 776 1237 776 1237 776 1344 776 1343 776 1237 776 1343 776 1342 776 1231 776 1327 776 1326 776 1230 776 1229 776 1331 776 1335 776 1334 776 1228 776 1228 776 1334 776 1333 776 1228 776 1333 776 1229 776 1229 776 1333 776 1332 776 1229 776 1332 776 1331 776 1231 776 1326 776 1232 776 1239 776 1346 776 1238 776 1238 776 1346 776 1345 776 1238 776 1345 776 1344 776 1326 776 1349 776 1232 776 1232 776 1349 776 1348 776 1232 776 1348 776 1239 776 1239 776 1348 776 1347 776 1239 776 1347 776 1346 776 1331 776 1330 776 1230 776 1230 776 1330 776 1329 776 1230 776 1329 776 1231 776 1231 776 1329 776 1328 776 1231 776 1328 776 1327 776 1350 1056 779 1056 1351 1056 1351 1056 779 1056 778 1056 1350 1056 1395 1056 779 1056 779 1056 1395 1056 1393 1056 779 1056 1393 1056 780 1056 769 1056 1355 1056 778 1056 778 1056 1355 1056 1353 1056 778 1056 1353 1056 1351 1056 771 1056 772 1056 1367 1056 770 1056 1359 1056 769 1056 769 1056 1359 1056 1357 1056 769 1056 1357 1056 1355 1056 774 1056 775 1056 1379 1056 777 1056 1385 1056 776 1056 776 1056 1385 1056 1383 1056 776 1056 1383 1056 775 1056 775 1056 1383 1056 1381 1056 775 1056 1381 1056 1379 1056 1393 1056 1391 1056 780 1056 780 1056 1391 1056 1389 1056 780 1056 1389 1056 777 1056 777 1056 1389 1056 1387 1056 777 1056 1387 1056 1385 1056 1367 1056 1365 1056 771 1056 771 1056 1365 1056 1363 1056 771 1056 1363 1056 770 1056 770 1056 1363 1056 1361 1056 770 1056 1361 1056 1359 1056 773 1056 1371 1056 772 1056 772 1056 1371 1056 1369 1056 772 1056 1369 1056 1367 1056 1379 1056 1377 1056 774 1056 774 1056 1377 1056 1375 1056 774 1056 1375 1056 773 1056 773 1056 1375 1056 1373 1056 773 1056 1373 1056 1371 1056 1621 2647 1622 2647 695 2647 695 2648 1622 2648 781 2648 781 2649 1622 2649 1623 2649 781 2650 1623 2650 782 2650 1624 2651 788 2651 1623 2651 1623 2652 788 2652 783 2652 1623 2653 783 2653 782 2653 1625 2654 786 2654 1624 2654 1624 2655 786 2655 787 2655 1624 2656 787 2656 788 2656 692 2657 784 2657 1625 2657 1625 2658 784 2658 785 2658 1625 2659 785 2659 786 2659 695 1201 696 1201 1621 1201 1621 1200 696 1200 697 1200 1621 1200 697 1200 1626 1200 1626 1199 697 1199 698 1199 1626 1199 698 1199 1627 1199 1627 1198 698 1198 699 1198 1627 1198 699 1198 1628 1198 1628 1197 699 1197 700 1197 1628 1197 700 1197 1629 1197 1629 1196 700 1196 694 1196 1629 1196 694 1196 1630 1196 1630 1088 694 1088 693 1088 1630 1088 693 1088 1631 1088 1631 2660 693 2660 692 2660 1631 2661 692 2661 1632 2661 1632 2662 692 2662 1625 2662 1633 2663 1634 2663 1635 2663 1634 2664 1636 2664 1635 2664 1635 2665 1636 2665 1637 2665 1635 2666 1637 2666 1638 2666 1637 2667 1639 2667 1638 2667 1638 2668 1639 2668 1640 2668 1638 1568 1640 1568 1641 1568 1640 2669 1642 2669 1641 2669 1641 2670 1642 2670 1643 2670 1641 2671 1643 2671 1644 2671 1644 2672 1643 2672 1645 2672 1644 2673 1645 2673 1646 2673 1646 2674 1645 2674 1647 2674 1646 2675 1647 2675 1648 2675 1648 2676 1647 2676 1649 2676 1649 2677 1650 2677 1648 2677 1648 2678 1650 2678 1651 2678 1648 2679 1651 2679 1652 2679 1651 2680 1653 2680 1652 2680 1652 2681 1653 2681 1654 2681 1652 1552 1654 1552 1655 1552 1655 2682 1654 2682 1656 2682 1655 2683 1656 2683 1657 2683 1658 2684 1659 2684 1657 2684 1657 2685 1659 2685 1660 2685 1657 2686 1660 2686 1655 2686 1658 2687 1661 2687 1659 2687 1659 2688 1661 2688 1662 2688 1659 2689 1662 2689 1663 2689 1662 2690 1664 2690 1663 2690 1663 2691 1664 2691 1665 2691 1663 2692 1665 2692 1666 2692 1665 2693 1667 2693 1666 2693 1666 2694 1667 2694 1668 2694 1666 2695 1668 2695 1669 2695 1669 2696 1668 2696 1670 2696 1669 2697 1670 2697 1671 2697 1671 2698 1670 2698 1672 2698 1671 2699 1672 2699 1673 2699 1673 2700 1672 2700 1674 2700 1675 2701 1676 2701 1677 2701 1677 2702 1676 2702 1673 2702 1677 2703 1673 2703 1678 2703 1678 2704 1673 2704 1674 2704 1679 2705 1680 2705 1681 2705 1681 2706 1680 2706 1682 2706 1681 2707 1682 2707 1683 2707 1683 2708 1682 2708 1684 2708 1683 2709 1684 2709 1685 2709 1685 2710 1684 2710 1686 2710 1685 2711 1686 2711 1687 2711 1687 2712 1686 2712 1688 2712 1688 2713 1689 2713 1687 2713 1687 2714 1689 2714 1690 2714 1687 2715 1690 2715 1691 2715 1635 2716 1692 2716 1633 2716 1633 2717 1692 2717 1693 2717 1633 2718 1693 2718 1694 2718 1694 2719 1693 2719 1691 2719 1694 2720 1691 2720 1695 2720 1695 2721 1691 2721 1690 2721 1676 1513 1696 1513 1697 1513 1676 1512 1697 1512 1673 1512 1673 2722 1697 2722 1698 2722 1673 2723 1698 2723 1671 2723 1671 1509 1698 1509 1699 1509 1671 1508 1699 1508 1669 1508 1669 1507 1699 1507 1700 1507 1669 1506 1700 1506 1666 1506 1666 1505 1700 1505 1701 1505 1666 1505 1701 1505 1663 1505 1663 1503 1701 1503 1702 1503 1663 1503 1702 1503 1659 1503 1659 2724 1702 2724 1703 2724 1659 2725 1703 2725 1660 2725 1660 1501 1703 1501 1704 1501 1660 1500 1704 1500 1655 1500 1655 1499 1704 1499 1705 1499 1655 1498 1705 1498 1652 1498 1652 2726 1705 2726 1706 2726 1652 2727 1706 2727 1648 2727 1648 1495 1706 1495 1707 1495 1648 1494 1707 1494 1646 1494 1646 1493 1707 1493 1708 1493 1646 2728 1708 2728 1644 2728 1644 2729 1708 2729 1709 2729 1644 2730 1709 2730 1641 2730 1641 2731 1709 2731 1710 2731 1641 1488 1710 1488 1638 1488 1638 1487 1710 1487 1711 1487 1638 2732 1711 2732 1635 2732 1635 2733 1711 2733 1712 2733 1635 2734 1712 2734 1692 2734 1692 2735 1712 2735 1713 2735 1692 2736 1713 2736 1693 2736 1693 2737 1713 2737 1714 2737 1693 2738 1714 2738 1691 2738 1691 1523 1714 1523 1715 1523 1691 2739 1715 2739 1687 2739 1687 2740 1715 2740 1716 2740 1687 2741 1716 2741 1685 2741 1685 2742 1716 2742 1717 2742 1685 2743 1717 2743 1683 2743 1683 2744 1717 2744 1718 2744 1683 2745 1718 2745 1681 2745 1719 2746 1720 2746 1696 2746 1720 2747 1721 2747 1696 2747 1696 1460 1721 1460 1722 1460 1696 1461 1722 1461 1697 1461 1697 2748 1722 2748 1723 2748 1697 2749 1723 2749 1698 2749 1698 1464 1723 1464 1724 1464 1698 1465 1724 1465 1699 1465 1699 1466 1724 1466 1725 1466 1699 1467 1725 1467 1700 1467 1700 1468 1725 1468 1726 1468 1700 1469 1726 1469 1701 1469 1701 1470 1726 1470 1727 1470 1701 1470 1727 1470 1702 1470 1702 1471 1727 1471 1728 1471 1702 1472 1728 1472 1703 1472 1703 1473 1728 1473 1729 1473 1703 1474 1729 1474 1704 1474 1704 1475 1729 1475 1730 1475 1704 1476 1730 1476 1705 1476 1705 2750 1730 2750 1731 2750 1705 2750 1731 2750 1706 2750 1706 1479 1731 1479 1732 1479 1706 1480 1732 1480 1707 1480 1707 2751 1732 2751 1733 2751 1707 2752 1733 2752 1708 2752 1708 1438 1733 1438 1734 1438 1708 1439 1734 1439 1709 1439 1709 1440 1734 1440 1735 1440 1709 2753 1735 2753 1710 2753 1710 2754 1735 2754 1736 2754 1710 2755 1736 2755 1711 2755 1711 2756 1736 2756 1737 2756 1711 2757 1737 2757 1712 2757 1712 2758 1737 2758 1738 2758 1712 1447 1738 1447 1713 1447 1713 1448 1738 1448 1739 1448 1713 2759 1739 2759 1714 2759 1714 2760 1739 2760 1740 2760 1714 2761 1740 2761 1715 2761 1715 2762 1740 2762 1741 2762 1715 2763 1741 2763 1716 2763 1716 2764 1741 2764 1742 2764 1716 2765 1742 2765 1717 2765 1717 1456 1742 1456 1719 1456 1717 1457 1719 1457 1718 1457 1718 2766 1719 2766 1696 2766 1718 2767 1696 2767 1681 2767 1681 2768 1696 2768 1676 2768 1681 2769 1676 2769 1679 2769 1679 2770 1676 2770 1675 2770 1743 2771 1744 2771 1745 2771 1745 1412 1744 1412 1746 1412 1745 1413 1746 1413 1747 1413 1747 1414 1746 1414 1748 1414 1747 2772 1748 2772 1749 2772 1749 2773 1748 2773 1750 2773 1749 2774 1750 2774 1751 2774 1751 2775 1750 2775 1752 2775 1751 2776 1752 2776 1753 2776 1753 2777 1752 2777 1754 2777 1753 1421 1754 1421 1755 1421 1755 1422 1754 1422 1756 1422 1755 2778 1756 2778 1757 2778 1757 2779 1756 2779 1758 2779 1757 2780 1758 2780 1759 2780 1759 2781 1758 2781 1760 2781 1759 2782 1760 2782 1761 2782 1761 2783 1760 2783 1762 2783 1761 2784 1762 2784 1763 2784 1763 1430 1762 1430 1764 1430 1763 1431 1764 1431 1765 1431 1765 2785 1764 2785 1766 2785 1765 2786 1766 2786 1767 2786 1767 1390 1766 1390 1768 1390 1767 1391 1768 1391 1769 1391 1769 2787 1768 2787 1770 2787 1769 2788 1770 2788 1771 2788 1771 1394 1770 1394 1772 1394 1771 1395 1772 1395 1773 1395 1773 1396 1772 1396 1774 1396 1773 1397 1774 1397 1775 1397 1775 1398 1774 1398 1776 1398 1775 1399 1776 1399 1777 1399 1777 1400 1776 1400 1778 1400 1777 1400 1778 1400 1779 1400 1779 1401 1778 1401 1780 1401 1779 1402 1780 1402 1781 1402 1781 1403 1780 1403 1782 1403 1781 1404 1782 1404 1783 1404 1783 1405 1782 1405 1784 1405 1783 1406 1784 1406 1785 1406 1785 2789 1784 2789 1786 2789 1785 2790 1786 2790 1787 2790 1787 1408 1786 1408 1788 1408 1787 1409 1788 1409 1789 1409 1789 2791 1788 2791 1743 2791 1789 2792 1743 2792 1745 2792 1755 2793 1790 2793 1753 2793 1753 2794 1790 2794 1791 2794 1753 2795 1791 2795 1751 2795 1751 2796 1791 2796 1792 2796 1751 1372 1792 1372 1749 1372 1749 1371 1792 1371 1793 1371 1749 2797 1793 2797 1747 2797 1747 2798 1793 2798 1794 2798 1747 2799 1794 2799 1745 2799 1745 2800 1794 2800 1795 2800 1745 1366 1795 1366 1789 1366 1789 1365 1795 1365 1796 1365 1789 1364 1796 1364 1787 1364 1787 2801 1796 2801 1797 2801 1787 2802 1797 2802 1785 2802 1785 1361 1797 1361 1798 1361 1785 1360 1798 1360 1783 1360 1783 1359 1798 1359 1799 1359 1783 1358 1799 1358 1781 1358 1781 2803 1799 2803 1800 2803 1781 2803 1800 2803 1779 2803 1779 1355 1800 1355 1801 1355 1779 1355 1801 1355 1777 1355 1777 2804 1801 2804 1802 2804 1777 1354 1802 1354 1775 1354 1775 1353 1802 1353 1803 1353 1775 1352 1803 1352 1773 1352 1773 1351 1803 1351 1804 1351 1773 1350 1804 1350 1771 1350 1771 2805 1804 2805 1805 2805 1771 2806 1805 2806 1769 2806 1769 1347 1805 1347 1806 1347 1769 1346 1806 1346 1767 1346 1767 2807 1806 2807 1807 2807 1767 2808 1807 2808 1765 2808 1765 2809 1807 2809 1808 2809 1765 2810 1808 2810 1763 2810 1763 2811 1808 2811 1809 2811 1763 2812 1809 2812 1761 2812 1761 2813 1809 2813 1810 2813 1761 2814 1810 2814 1759 2814 1759 2815 1810 2815 1811 2815 1759 1380 1811 1380 1757 1380 1757 2816 1811 2816 1812 2816 1757 2817 1812 2817 1755 2817 1755 2818 1812 2818 1790 2818 1813 2819 1810 2819 1814 2819 1814 2820 1810 2820 1809 2820 1814 2821 1809 2821 1815 2821 1815 2822 1809 2822 1808 2822 1815 2823 1808 2823 1816 2823 1816 2824 1808 2824 1807 2824 1816 2825 1807 2825 1817 2825 1817 2826 1807 2826 1806 2826 1817 2827 1806 2827 1818 2827 1818 2828 1806 2828 1805 2828 1818 2829 1805 2829 1819 2829 1819 2830 1805 2830 1820 2830 1820 2831 1805 2831 1821 2831 1821 2832 1805 2832 1804 2832 1821 2833 1804 2833 1822 2833 1822 2834 1804 2834 1803 2834 1822 2835 1803 2835 1823 2835 1823 2836 1803 2836 1802 2836 1823 2837 1802 2837 1824 2837 1824 2838 1802 2838 1801 2838 1824 2839 1801 2839 1825 2839 1826 2840 1827 2840 1796 2840 1796 2841 1827 2841 1828 2841 1796 2842 1828 2842 1797 2842 1797 2843 1828 2843 1829 2843 1797 1305 1829 1305 1798 1305 1798 2844 1829 2844 1830 2844 1798 2845 1830 2845 1799 2845 1799 2846 1830 2846 1831 2846 1799 2847 1831 2847 1800 2847 1800 2848 1831 2848 1832 2848 1800 2849 1832 2849 1801 2849 1801 2850 1832 2850 1833 2850 1801 2851 1833 2851 1825 2851 1826 2852 1796 2852 1834 2852 1834 2853 1796 2853 1795 2853 1834 2854 1795 2854 1835 2854 1835 2855 1795 2855 1794 2855 1835 2856 1794 2856 1836 2856 1836 2857 1794 2857 1793 2857 1836 2858 1793 2858 1837 2858 1837 1291 1793 1291 1792 1291 1837 2859 1792 2859 1838 2859 1838 2860 1792 2860 1791 2860 1838 2861 1791 2861 1839 2861 1813 2862 1840 2862 1810 2862 1810 2863 1840 2863 1841 2863 1810 2864 1841 2864 1811 2864 1811 2865 1841 2865 1842 2865 1811 2866 1842 2866 1812 2866 1812 2867 1842 2867 1843 2867 1812 2868 1843 2868 1790 2868 1790 2869 1843 2869 1844 2869 1790 2870 1844 2870 1791 2870 1791 2871 1844 2871 1845 2871 1791 2872 1845 2872 1839 2872 1661 2873 1658 2873 1846 2873 1847 2874 1848 2874 1849 2874 1819 2875 1820 2875 1850 2875 1839 1839 1845 1839 1851 1839 1852 2876 1829 2876 1828 2876 1853 2877 1830 2877 1829 2877 1854 2878 1831 2878 1830 2878 1855 2879 1832 2879 1831 2879 1849 2880 1833 2880 1832 2880 1839 1838 1851 1838 1838 1838 1819 1769 1850 1769 1818 1769 1833 2881 1849 2881 1825 2881 1825 2882 1849 2882 1848 2882 1825 1755 1848 1755 1824 1755 1823 2883 1824 2883 1856 2883 1856 2884 1824 2884 1848 2884 1856 2885 1848 2885 1857 2885 1857 2886 1848 2886 1847 2886 1857 2887 1847 2887 1858 2887 1822 2888 1823 2888 1859 2888 1859 2889 1823 2889 1856 2889 1859 2890 1856 2890 1860 2890 1860 2891 1856 2891 1857 2891 1860 2892 1857 2892 1861 2892 1861 2893 1857 2893 1858 2893 1861 1742 1858 1742 1862 1742 1821 2894 1822 2894 1863 2894 1863 2895 1822 2895 1859 2895 1863 1631 1859 1631 1864 1631 1864 2896 1859 2896 1860 2896 1864 2897 1860 2897 1865 2897 1865 2898 1860 2898 1861 2898 1865 1634 1861 1634 1866 1634 1866 1634 1861 1634 1862 1634 1866 1741 1862 1741 1867 1741 1820 2899 1821 2899 1850 2899 1850 2900 1821 2900 1863 2900 1850 1635 1863 1635 1868 1635 1868 1636 1863 1636 1864 1636 1868 2901 1864 2901 1869 2901 1869 2902 1864 2902 1865 2902 1869 2903 1865 2903 1870 2903 1870 2903 1865 2903 1866 2903 1870 2904 1866 2904 1871 2904 1871 1740 1866 1740 1867 1740 1871 1739 1867 1739 1872 1739 1873 2905 1874 2905 1875 2905 1876 2906 1874 2906 1877 2906 1877 2907 1874 2907 1873 2907 1877 2908 1873 2908 1878 2908 1879 1611 1876 1611 1880 1611 1880 1611 1876 1611 1877 1611 1880 2909 1877 2909 1881 2909 1881 2910 1877 2910 1878 2910 1881 1615 1878 1615 1882 1615 1883 1619 1879 1619 1884 1619 1884 1620 1879 1620 1880 1620 1884 2911 1880 2911 1885 2911 1885 2912 1880 2912 1881 2912 1885 2913 1881 2913 1886 2913 1886 2913 1881 2913 1882 2913 1886 2914 1882 2914 1887 2914 1888 2915 1889 2915 1890 2915 1890 2916 1889 2916 1891 2916 1890 2917 1891 2917 1892 2917 1892 2918 1891 2918 1893 2918 1892 1734 1893 1734 1894 1734 1894 1734 1893 1734 1895 1734 1894 1733 1895 1733 1896 1733 1896 2919 1895 2919 1897 2919 1896 2920 1897 2920 1898 2920 1898 2921 1897 2921 1899 2921 1889 2922 1900 2922 1891 2922 1891 2923 1900 2923 1901 2923 1891 2924 1901 2924 1893 2924 1893 2925 1901 2925 1902 2925 1893 2926 1902 2926 1895 2926 1895 2926 1902 2926 1903 2926 1895 2927 1903 2927 1897 2927 1897 2928 1903 2928 1904 2928 1897 2929 1904 2929 1899 2929 1899 1721 1904 1721 1905 1721 1900 1720 1906 1720 1901 1720 1901 1719 1906 1719 1907 1719 1901 2930 1907 2930 1902 2930 1902 2931 1907 2931 1908 2931 1902 2932 1908 2932 1903 2932 1903 2932 1908 2932 1909 2932 1903 2933 1909 2933 1904 2933 1904 1714 1909 1714 1910 1714 1904 1713 1910 1713 1905 1713 1905 1712 1910 1712 1911 1712 1845 2934 1844 2934 1851 2934 1851 2935 1844 2935 1912 2935 1851 2936 1912 2936 1913 2936 1913 2937 1912 2937 1914 2937 1913 2938 1914 2938 1915 2938 1915 1708 1914 1708 1916 1708 1915 1707 1916 1707 1917 1707 1917 1707 1916 1707 1918 1707 1917 2939 1918 2939 1919 2939 1919 2940 1918 2940 1920 2940 1919 2941 1920 2941 1921 2941 1921 1703 1920 1703 1922 1703 1844 2942 1843 2942 1912 2942 1912 2943 1843 2943 1923 2943 1912 2944 1923 2944 1914 2944 1914 2945 1923 2945 1924 2945 1914 2946 1924 2946 1916 2946 1916 2947 1924 2947 1925 2947 1916 2948 1925 2948 1918 2948 1918 2948 1925 2948 1926 2948 1918 2949 1926 2949 1920 2949 1920 2950 1926 2950 1927 2950 1920 2951 1927 2951 1922 2951 1922 2952 1927 2952 1928 2952 1843 2953 1842 2953 1923 2953 1923 2954 1842 2954 1929 2954 1923 2955 1929 2955 1924 2955 1924 2956 1929 2956 1930 2956 1924 2957 1930 2957 1925 2957 1925 2958 1930 2958 1931 2958 1925 2959 1931 2959 1926 2959 1926 2959 1931 2959 1932 2959 1926 2960 1932 2960 1927 2960 1927 2961 1932 2961 1933 2961 1927 2962 1933 2962 1928 2962 1928 2963 1933 2963 1934 2963 1842 2964 1841 2964 1929 2964 1929 2965 1841 2965 1935 2965 1929 1678 1935 1678 1930 1678 1930 2966 1935 2966 1936 2966 1930 2967 1936 2967 1931 2967 1931 2968 1936 2968 1937 2968 1931 1674 1937 1674 1932 1674 1932 1674 1937 1674 1938 1674 1932 1673 1938 1673 1933 1673 1933 2969 1938 2969 1939 2969 1933 2970 1939 2970 1934 2970 1934 2971 1939 2971 1940 2971 1941 1667 1942 1667 1943 1667 1943 1666 1942 1666 1944 1666 1943 1665 1944 1665 1945 1665 1945 2972 1944 2972 1946 2972 1945 2973 1946 2973 1947 2973 1947 2973 1946 2973 1948 2973 1947 2974 1948 2974 1949 2974 1949 2975 1948 2975 1950 2975 1949 1660 1950 1660 1951 1660 1951 1659 1950 1659 1952 1659 1942 1658 1953 1658 1944 1658 1944 2976 1953 2976 1954 2976 1944 2977 1954 2977 1946 2977 1946 2978 1954 2978 1955 2978 1946 2979 1955 2979 1948 2979 1948 2979 1955 2979 1956 2979 1948 2980 1956 2980 1950 2980 1950 2981 1956 2981 1957 2981 1950 2982 1957 2982 1952 2982 1952 2983 1957 2983 1958 2983 1953 2984 1959 2984 1954 2984 1954 2985 1959 2985 1960 2985 1954 2986 1960 2986 1955 2986 1955 1646 1960 1646 1961 1646 1955 1645 1961 1645 1956 1645 1956 1645 1961 1645 1962 1645 1956 2987 1962 2987 1957 2987 1957 2988 1962 2988 1963 2988 1957 2989 1963 2989 1958 2989 1958 2990 1963 2990 1964 2990 1965 1626 1887 1626 1966 1626 1966 1625 1887 1625 1882 1625 1966 1616 1882 1616 1967 1616 1967 1615 1882 1615 1878 1615 1967 1608 1878 1608 1968 1608 1968 2991 1878 2991 1873 2991 1968 2992 1873 2992 1969 2992 1969 2993 1873 2993 1875 2993 1969 2994 1875 2994 1970 2994 1970 2995 1875 2995 1664 2995 1970 2996 1664 2996 1662 2996 1879 2997 1670 2997 1876 2997 1876 2998 1670 2998 1668 2998 1876 2999 1668 2999 1874 2999 1874 3000 1668 3000 1667 3000 1874 3001 1667 3001 1875 3001 1875 3002 1667 3002 1665 3002 1875 1596 1665 1596 1664 1596 1675 3003 1677 3003 1971 3003 1971 1888 1677 1888 1883 1888 1971 3004 1883 3004 1972 3004 1972 3005 1883 3005 1884 3005 1972 3006 1884 3006 1973 3006 1973 3007 1884 3007 1885 3007 1973 3008 1885 3008 1974 3008 1974 3008 1885 3008 1886 3008 1974 3009 1886 3009 1975 3009 1975 3010 1886 3010 1887 3010 1975 3011 1887 3011 1976 3011 1976 1879 1887 1879 1965 1879 1976 1878 1965 1878 1827 1878 1827 3012 1965 3012 1828 3012 1677 1593 1678 1593 1883 1593 1883 3013 1678 3013 1674 3013 1883 3014 1674 3014 1879 3014 1879 3015 1674 3015 1672 3015 1879 3016 1672 3016 1670 3016 1976 3017 1888 3017 1975 3017 1975 3018 1888 3018 1890 3018 1975 3019 1890 3019 1974 3019 1974 1862 1890 1862 1892 1862 1974 1863 1892 1863 1973 1863 1973 1863 1892 1863 1894 1863 1973 3020 1894 3020 1972 3020 1972 3021 1894 3021 1896 3021 1972 3022 1896 3022 1971 3022 1971 3023 1896 3023 1898 3023 1971 3024 1898 3024 1675 3024 1689 1898 1688 1898 1977 1898 1977 1897 1688 1897 1911 1897 1977 3025 1911 3025 1978 3025 1978 3026 1911 3026 1910 3026 1978 3027 1910 3027 1979 3027 1979 1851 1910 1851 1909 1851 1979 1852 1909 1852 1980 1852 1980 1852 1909 1852 1908 1852 1980 3028 1908 3028 1981 3028 1981 3029 1908 3029 1907 3029 1981 3030 1907 3030 1982 3030 1982 1855 1907 1855 1906 1855 1688 3031 1686 3031 1911 3031 1911 3032 1686 3032 1684 3032 1911 3033 1684 3033 1905 3033 1905 3034 1684 3034 1682 3034 1905 3035 1682 3035 1899 3035 1899 3036 1682 3036 1680 3036 1899 3037 1680 3037 1898 3037 1898 3038 1680 3038 1679 3038 1898 3039 1679 3039 1675 3039 1827 1857 1826 1857 1976 1857 1976 3040 1826 3040 1834 3040 1976 3041 1834 3041 1888 3041 1888 3042 1834 3042 1835 3042 1888 3043 1835 3043 1889 3043 1889 3044 1835 3044 1836 3044 1889 3045 1836 3045 1900 3045 1900 3046 1836 3046 1837 3046 1900 3047 1837 3047 1906 3047 1906 3048 1837 3048 1838 3048 1906 3048 1838 3048 1982 3048 1982 1826 1838 1826 1851 1826 1982 3049 1851 3049 1981 3049 1981 3050 1851 3050 1913 3050 1981 3051 1913 3051 1980 3051 1980 3052 1913 3052 1915 3052 1980 1831 1915 1831 1979 1831 1979 1831 1915 1831 1917 1831 1979 3053 1917 3053 1978 3053 1978 3054 1917 3054 1919 3054 1978 3055 1919 3055 1977 3055 1977 3056 1919 3056 1921 3056 1977 1836 1921 1836 1689 1836 1639 3057 1637 3057 1983 3057 1983 1814 1637 1814 1940 1814 1983 3058 1940 3058 1984 3058 1984 3059 1940 3059 1939 3059 1984 3060 1939 3060 1985 3060 1985 3061 1939 3061 1938 3061 1985 1819 1938 1819 1986 1819 1986 1819 1938 1819 1937 1819 1986 3062 1937 3062 1987 3062 1987 3063 1937 3063 1936 3063 1987 3064 1936 3064 1988 3064 1988 3065 1936 3065 1935 3065 1988 1824 1935 1824 1840 1824 1840 1848 1935 1848 1841 1848 1637 1592 1636 1592 1940 1592 1940 1586 1636 1586 1634 1586 1940 3066 1634 3066 1934 3066 1934 3067 1634 3067 1633 3067 1934 3068 1633 3068 1928 3068 1928 3069 1633 3069 1694 3069 1928 3070 1694 3070 1922 3070 1922 3071 1694 3071 1695 3071 1922 3072 1695 3072 1921 3072 1921 3073 1695 3073 1690 3073 1921 1837 1690 1837 1689 1837 1988 3074 1941 3074 1987 3074 1987 3074 1941 3074 1943 3074 1987 3075 1943 3075 1986 3075 1986 1789 1943 1789 1945 1789 1986 1790 1945 1790 1985 1790 1985 1790 1945 1790 1947 1790 1985 3076 1947 3076 1984 3076 1984 3077 1947 3077 1949 3077 1984 1794 1949 1794 1983 1794 1983 1794 1949 1794 1951 1794 1983 3078 1951 3078 1639 3078 1650 1804 1649 1804 1989 1804 1989 3079 1649 3079 1964 3079 1989 3080 1964 3080 1990 3080 1990 3081 1964 3081 1963 3081 1990 3082 1963 3082 1991 3082 1991 1777 1963 1777 1962 1777 1991 1778 1962 1778 1992 1778 1992 1778 1962 1778 1961 1778 1992 3083 1961 3083 1993 3083 1993 3084 1961 3084 1960 3084 1993 3085 1960 3085 1994 3085 1994 3086 1960 3086 1959 3086 1649 3087 1647 3087 1964 3087 1964 3088 1647 3088 1645 3088 1964 3089 1645 3089 1958 3089 1958 3090 1645 3090 1643 3090 1958 3091 1643 3091 1952 3091 1952 3092 1643 3092 1642 3092 1952 3093 1642 3093 1951 3093 1951 3094 1642 3094 1640 3094 1951 3095 1640 3095 1639 3095 1651 3096 1650 3096 1872 3096 1872 1767 1650 1767 1989 1767 1872 1766 1989 1766 1871 1766 1871 3097 1989 3097 1990 3097 1871 3098 1990 3098 1870 3098 1870 3099 1990 3099 1991 3099 1870 3100 1991 3100 1869 3100 1869 3100 1991 3100 1992 3100 1869 3101 1992 3101 1868 3101 1868 3102 1992 3102 1993 3102 1868 3103 1993 3103 1850 3103 1850 3104 1993 3104 1994 3104 1850 1757 1994 1757 1818 1757 1818 3105 1994 3105 1959 3105 1818 3106 1959 3106 1817 3106 1817 3107 1959 3107 1953 3107 1817 3108 1953 3108 1816 3108 1816 3109 1953 3109 1942 3109 1816 3110 1942 3110 1815 3110 1815 3111 1942 3111 1941 3111 1815 3112 1941 3112 1814 3112 1814 1785 1941 1785 1988 1785 1814 1785 1988 1785 1813 1785 1813 1784 1988 1784 1840 1784 1995 3113 1654 3113 1653 3113 1832 3114 1855 3114 1849 3114 1849 3115 1855 3115 1996 3115 1849 3116 1996 3116 1847 3116 1847 3117 1996 3117 1997 3117 1847 1952 1997 1952 1858 1952 1858 1941 1997 1941 1998 1941 1858 1742 1998 1742 1862 1742 1862 3118 1998 3118 1999 3118 1862 3119 1999 3119 1867 3119 1867 3120 1999 3120 1995 3120 1867 1949 1995 1949 1872 1949 1872 3121 1995 3121 1653 3121 1872 3122 1653 3122 1651 3122 1831 3123 1854 3123 1855 3123 1855 1945 1854 1945 2000 1945 1855 3124 2000 3124 1996 3124 1996 3125 2000 3125 2001 3125 1996 3126 2001 3126 1997 3126 1997 3127 2001 3127 2002 3127 1997 1941 2002 1941 1998 1941 1998 3128 2002 3128 2003 3128 1998 3129 2003 3129 1999 3129 1999 3130 2003 3130 2004 3130 1999 3131 2004 3131 1995 3131 1995 3132 2004 3132 1656 3132 1995 3133 1656 3133 1654 3133 1830 3134 1853 3134 1854 3134 1854 3135 1853 3135 2005 3135 1854 3136 2005 3136 2000 3136 2000 3137 2005 3137 2006 3137 2000 3138 2006 3138 2001 3138 2001 3139 2006 3139 2007 3139 2001 3127 2007 3127 2002 3127 2002 3140 2007 3140 2008 3140 2002 3141 2008 3141 2003 3141 2003 3142 2008 3142 2009 3142 2003 3143 2009 3143 2004 3143 2004 3144 2009 3144 1657 3144 2004 3145 1657 3145 1656 3145 1829 3146 1852 3146 1853 3146 1853 3147 1852 3147 2010 3147 1853 3148 2010 3148 2005 3148 2005 3149 2010 3149 2011 3149 2005 3150 2011 3150 2006 3150 2006 1905 2011 1905 2012 1905 2006 3139 2012 3139 2007 3139 2007 3151 2012 3151 2013 3151 2007 3152 2013 3152 2008 3152 2008 3153 2013 3153 1846 3153 2008 1913 1846 1913 2009 1913 2009 3154 1846 3154 1658 3154 2009 3155 1658 3155 1657 3155 1828 3156 1965 3156 1852 3156 1852 1909 1965 1909 1966 1909 1852 3147 1966 3147 2010 3147 2010 3157 1966 3157 1967 3157 2010 3158 1967 3158 2011 3158 2011 1608 1967 1608 1968 1608 2011 1905 1968 1905 2012 1905 2012 1904 1968 1904 1969 1904 2012 3159 1969 3159 2013 3159 2013 3160 1969 3160 1970 3160 2013 3161 1970 3161 1846 3161 1846 3162 1970 3162 1662 3162 1846 3163 1662 3163 1661 3163 1733 835 1628 835 1629 835 1625 835 1742 835 1741 835 1733 835 1732 835 1628 835 1628 835 1732 835 1731 835 1628 835 1731 835 1627 835 1625 835 1741 835 1632 835 1742 835 1625 835 1719 835 1719 835 1625 835 1624 835 1719 835 1624 835 1720 835 1622 835 1621 835 1726 835 1731 835 1730 835 1627 835 1627 835 1730 835 1729 835 1627 835 1729 835 1626 835 1626 835 1729 835 1728 835 1626 835 1728 835 1621 835 1621 835 1728 835 1727 835 1621 835 1727 835 1726 835 1630 835 1735 835 1629 835 1629 835 1735 835 1734 835 1629 835 1734 835 1733 835 1631 835 1737 835 1630 835 1630 835 1737 835 1736 835 1630 835 1736 835 1735 835 1741 835 1740 835 1632 835 1632 835 1740 835 1739 835 1632 835 1739 835 1631 835 1631 835 1739 835 1738 835 1631 835 1738 835 1737 835 1726 835 1725 835 1622 835 1622 835 1725 835 1724 835 1622 835 1724 835 1623 835 1724 835 1723 835 1623 835 1623 835 1723 835 1722 835 1623 835 1722 835 1624 835 1624 835 1722 835 1721 835 1624 835 1721 835 1720 835 1752 961 796 961 797 961 798 961 1756 961 797 961 797 961 1756 961 1754 961 797 961 1754 961 1752 961 1743 961 806 961 1744 961 1744 961 806 961 805 961 1752 961 1750 961 796 961 796 961 1750 961 1748 961 796 961 1748 961 805 961 805 961 1748 961 1746 961 805 961 1746 961 1744 961 799 961 1760 961 798 961 798 961 1760 961 1758 961 798 961 1758 961 1756 961 800 961 1764 961 799 961 799 961 1764 961 1762 961 799 961 1762 961 1760 961 804 961 1778 961 803 961 803 961 1778 961 1776 961 803 961 1776 961 802 961 801 961 1768 961 800 961 800 961 1768 961 1766 961 800 961 1766 961 1764 961 807 961 1782 961 804 961 804 961 1782 961 1780 961 804 961 1780 961 1778 961 1776 961 1774 961 802 961 802 961 1774 961 1772 961 802 961 1772 961 801 961 801 961 1772 961 1770 961 801 961 1770 961 1768 961 1743 961 1788 961 806 961 806 961 1788 961 1786 961 806 961 1786 961 807 961 807 961 1786 961 1784 961 807 961 1784 961 1782 961 2014 3164 2015 3164 640 3164 640 3165 2015 3165 808 3165 808 3166 2015 3166 2016 3166 808 3167 2016 3167 809 3167 2017 3168 815 3168 2016 3168 2016 3169 815 3169 810 3169 2016 3170 810 3170 809 3170 2018 3171 813 3171 2017 3171 2017 3172 813 3172 814 3172 2017 3173 814 3173 815 3173 637 3174 811 3174 2018 3174 2018 3175 811 3175 812 3175 2018 3176 812 3176 813 3176 640 1253 641 1253 2014 1253 2014 1252 641 1252 642 1252 2014 1252 642 1252 2019 1252 2019 1251 642 1251 643 1251 2019 1251 643 1251 2020 1251 2020 1250 643 1250 644 1250 2020 1250 644 1250 2021 1250 2021 1249 644 1249 645 1249 2021 1249 645 1249 2022 1249 2022 1248 645 1248 639 1248 2022 1248 639 1248 2023 1248 2023 1142 639 1142 638 1142 2023 1142 638 1142 2024 1142 2024 3177 638 3177 637 3177 2024 3178 637 3178 2025 3178 2025 3179 637 3179 2018 3179 2026 3180 2027 3180 2028 3180 2027 3181 2029 3181 2028 3181 2028 3182 2029 3182 2030 3182 2028 3183 2030 3183 2031 3183 2030 3184 2032 3184 2031 3184 2031 3185 2032 3185 2033 3185 2031 2257 2033 2257 2034 2257 2033 3186 2035 3186 2034 3186 2034 3187 2035 3187 2036 3187 2034 3188 2036 3188 2037 3188 2037 3189 2036 3189 2038 3189 2037 3190 2038 3190 2039 3190 2039 3191 2038 3191 2040 3191 2039 3192 2040 3192 2041 3192 2041 3193 2040 3193 2042 3193 2042 3194 2043 3194 2041 3194 2041 3195 2043 3195 2044 3195 2041 3196 2044 3196 2045 3196 2044 3197 2046 3197 2045 3197 2045 3198 2046 3198 2047 3198 2045 2241 2047 2241 2048 2241 2047 3199 2049 3199 2048 3199 2048 3200 2049 3200 2050 3200 2048 3201 2050 3201 2051 3201 2051 3202 2050 3202 2052 3202 2050 3203 2053 3203 2052 3203 2052 3204 2053 3204 2054 3204 2052 3205 2054 3205 2055 3205 2055 3206 2054 3206 2056 3206 2056 3207 2057 3207 2055 3207 2055 3208 2057 3208 2058 3208 2055 3209 2058 3209 2059 3209 2058 3210 2060 3210 2059 3210 2059 3211 2060 3211 2061 3211 2059 3212 2061 3212 2062 3212 2062 3213 2061 3213 2063 3213 2062 3214 2063 3214 2064 3214 2064 3215 2063 3215 2065 3215 2064 3216 2065 3216 2066 3216 2066 3217 2065 3217 2067 3217 2068 3218 2069 3218 2070 3218 2070 3219 2069 3219 2066 3219 2070 3220 2066 3220 2071 3220 2071 3221 2066 3221 2067 3221 2072 3222 2073 3222 2074 3222 2074 3223 2073 3223 2075 3223 2074 3224 2075 3224 2076 3224 2076 3225 2075 3225 2077 3225 2076 3226 2077 3226 2078 3226 2078 3227 2077 3227 2079 3227 2078 3228 2079 3228 2080 3228 2080 3229 2079 3229 2081 3229 2081 3230 2082 3230 2080 3230 2080 3231 2082 3231 2083 3231 2080 3232 2083 3232 2084 3232 2028 3233 2085 3233 2026 3233 2026 3234 2085 3234 2086 3234 2026 3235 2086 3235 2087 3235 2087 3236 2086 3236 2084 3236 2087 3237 2084 3237 2088 3237 2088 3238 2084 3238 2083 3238 2069 2202 2089 2202 2090 2202 2069 2201 2090 2201 2066 2201 2066 3239 2090 3239 2091 3239 2066 3240 2091 3240 2064 3240 2064 2198 2091 2198 2092 2198 2064 2197 2092 2197 2062 2197 2062 2196 2092 2196 2093 2196 2062 2195 2093 2195 2059 2195 2059 2194 2093 2194 2094 2194 2059 2194 2094 2194 2055 2194 2055 2192 2094 2192 2095 2192 2055 2192 2095 2192 2052 2192 2052 3241 2095 3241 2096 3241 2052 3242 2096 3242 2051 3242 2051 2190 2096 2190 2097 2190 2051 2189 2097 2189 2048 2189 2048 2188 2097 2188 2098 2188 2048 2187 2098 2187 2045 2187 2045 3243 2098 3243 2099 3243 2045 3244 2099 3244 2041 3244 2041 2184 2099 2184 2100 2184 2041 2183 2100 2183 2039 2183 2039 2182 2100 2182 2101 2182 2039 3245 2101 3245 2037 3245 2037 3246 2101 3246 2102 3246 2037 3247 2102 3247 2034 3247 2034 3248 2102 3248 2103 3248 2034 2177 2103 2177 2031 2177 2031 2176 2103 2176 2104 2176 2031 3249 2104 3249 2028 3249 2028 3250 2104 3250 2105 3250 2028 3251 2105 3251 2085 3251 2085 3252 2105 3252 2106 3252 2085 3253 2106 3253 2086 3253 2086 3254 2106 3254 2107 3254 2086 3255 2107 3255 2084 3255 2084 2212 2107 2212 2108 2212 2084 3256 2108 3256 2080 3256 2080 3257 2108 3257 2109 3257 2080 3258 2109 3258 2078 3258 2078 3259 2109 3259 2110 3259 2078 3260 2110 3260 2076 3260 2076 3261 2110 3261 2111 3261 2076 3262 2111 3262 2074 3262 2112 3263 2113 3263 2089 3263 2113 3264 2114 3264 2089 3264 2089 2149 2114 2149 2115 2149 2089 2150 2115 2150 2090 2150 2090 3265 2115 3265 2116 3265 2090 3266 2116 3266 2091 3266 2091 2153 2116 2153 2117 2153 2091 2154 2117 2154 2092 2154 2092 2155 2117 2155 2118 2155 2092 2156 2118 2156 2093 2156 2093 2157 2118 2157 2119 2157 2093 2158 2119 2158 2094 2158 2094 2159 2119 2159 2120 2159 2094 2159 2120 2159 2095 2159 2095 2160 2120 2160 2121 2160 2095 2161 2121 2161 2096 2161 2096 2162 2121 2162 2122 2162 2096 2163 2122 2163 2097 2163 2097 2164 2122 2164 2123 2164 2097 2165 2123 2165 2098 2165 2098 3267 2123 3267 2124 3267 2098 3267 2124 3267 2099 3267 2099 2168 2124 2168 2125 2168 2099 2169 2125 2169 2100 2169 2100 3268 2125 3268 2126 3268 2100 3269 2126 3269 2101 3269 2101 2127 2126 2127 2127 2127 2101 2128 2127 2128 2102 2128 2102 2129 2127 2129 2128 2129 2102 3270 2128 3270 2103 3270 2103 3271 2128 3271 2129 3271 2103 3272 2129 3272 2104 3272 2104 3273 2129 3273 2130 3273 2104 3274 2130 3274 2105 3274 2105 3275 2130 3275 2131 3275 2105 2136 2131 2136 2106 2136 2106 2137 2131 2137 2132 2137 2106 3276 2132 3276 2107 3276 2107 3277 2132 3277 2133 3277 2107 3278 2133 3278 2108 3278 2108 3279 2133 3279 2134 3279 2108 3280 2134 3280 2109 3280 2109 3281 2134 3281 2135 3281 2109 3282 2135 3282 2110 3282 2110 2145 2135 2145 2112 2145 2110 2146 2112 2146 2111 2146 2111 3283 2112 3283 2089 3283 2111 3284 2089 3284 2074 3284 2074 3285 2089 3285 2069 3285 2074 3286 2069 3286 2072 3286 2072 3287 2069 3287 2068 3287 2136 3288 2137 3288 2138 3288 2138 2101 2137 2101 2139 2101 2138 2102 2139 2102 2140 2102 2140 2103 2139 2103 2141 2103 2140 3289 2141 3289 2142 3289 2142 3290 2141 3290 2143 3290 2142 3291 2143 3291 2144 3291 2144 3292 2143 3292 2145 3292 2144 3293 2145 3293 2146 3293 2146 3294 2145 3294 2147 3294 2146 2110 2147 2110 2148 2110 2148 2111 2147 2111 2149 2111 2148 3295 2149 3295 2150 3295 2150 3296 2149 3296 2151 3296 2150 3297 2151 3297 2152 3297 2152 3298 2151 3298 2153 3298 2152 3299 2153 3299 2154 3299 2154 3300 2153 3300 2155 3300 2154 3301 2155 3301 2156 3301 2156 2119 2155 2119 2157 2119 2156 2120 2157 2120 2158 2120 2158 3302 2157 3302 2159 3302 2158 3303 2159 3303 2160 3303 2160 2079 2159 2079 2161 2079 2160 2080 2161 2080 2162 2080 2162 3304 2161 3304 2163 3304 2162 3305 2163 3305 2164 3305 2164 2083 2163 2083 2165 2083 2164 2084 2165 2084 2166 2084 2166 2085 2165 2085 2167 2085 2166 2086 2167 2086 2168 2086 2168 2087 2167 2087 2169 2087 2168 2088 2169 2088 2170 2088 2170 2089 2169 2089 2171 2089 2170 2089 2171 2089 2172 2089 2172 2090 2171 2090 2173 2090 2172 2091 2173 2091 2174 2091 2174 2092 2173 2092 2175 2092 2174 2093 2175 2093 2176 2093 2176 2094 2175 2094 2177 2094 2176 2095 2177 2095 2178 2095 2178 3306 2177 3306 2179 3306 2178 3307 2179 3307 2180 3307 2180 2097 2179 2097 2181 2097 2180 2098 2181 2098 2182 2098 2182 3308 2181 3308 2136 3308 2182 3309 2136 3309 2138 3309 2148 3310 2183 3310 2146 3310 2146 3311 2183 3311 2184 3311 2146 3312 2184 3312 2144 3312 2144 3313 2184 3313 2185 3313 2144 2061 2185 2061 2142 2061 2142 2060 2185 2060 2186 2060 2142 3314 2186 3314 2140 3314 2140 3315 2186 3315 2187 3315 2140 3316 2187 3316 2138 3316 2138 3317 2187 3317 2188 3317 2138 2055 2188 2055 2182 2055 2182 2054 2188 2054 2189 2054 2182 2053 2189 2053 2180 2053 2180 3318 2189 3318 2190 3318 2180 3319 2190 3319 2178 3319 2178 2050 2190 2050 2191 2050 2178 2049 2191 2049 2176 2049 2176 2048 2191 2048 2192 2048 2176 2047 2192 2047 2174 2047 2174 3320 2192 3320 2193 3320 2174 3320 2193 3320 2172 3320 2172 2044 2193 2044 2194 2044 2172 2044 2194 2044 2170 2044 2170 3321 2194 3321 2195 3321 2170 2043 2195 2043 2168 2043 2168 2042 2195 2042 2196 2042 2168 2041 2196 2041 2166 2041 2166 2040 2196 2040 2197 2040 2166 2039 2197 2039 2164 2039 2164 3322 2197 3322 2198 3322 2164 3323 2198 3323 2162 3323 2162 2036 2198 2036 2199 2036 2162 2035 2199 2035 2160 2035 2160 3324 2199 3324 2200 3324 2160 3325 2200 3325 2158 3325 2158 3326 2200 3326 2201 3326 2158 3327 2201 3327 2156 3327 2156 3328 2201 3328 2202 3328 2156 3329 2202 3329 2154 3329 2154 3330 2202 3330 2203 3330 2154 3331 2203 3331 2152 3331 2152 3332 2203 3332 2204 3332 2152 2069 2204 2069 2150 2069 2150 3333 2204 3333 2205 3333 2150 3334 2205 3334 2148 3334 2148 3335 2205 3335 2183 3335 2206 3336 2203 3336 2207 3336 2207 3337 2203 3337 2202 3337 2207 3338 2202 3338 2208 3338 2208 3339 2202 3339 2201 3339 2208 3340 2201 3340 2209 3340 2209 3341 2201 3341 2200 3341 2209 3342 2200 3342 2210 3342 2210 3343 2200 3343 2199 3343 2210 3344 2199 3344 2211 3344 2211 3345 2199 3345 2198 3345 2211 3346 2198 3346 2212 3346 2212 3347 2198 3347 2213 3347 2213 3348 2198 3348 2214 3348 2214 3349 2198 3349 2197 3349 2214 3350 2197 3350 2215 3350 2215 3351 2197 3351 2196 3351 2215 3352 2196 3352 2216 3352 2216 3353 2196 3353 2195 3353 2216 3354 2195 3354 2217 3354 2217 3355 2195 3355 2194 3355 2217 3356 2194 3356 2218 3356 2219 3357 2220 3357 2189 3357 2189 3358 2220 3358 2221 3358 2189 3359 2221 3359 2190 3359 2190 3360 2221 3360 2222 3360 2190 1994 2222 1994 2191 1994 2191 3361 2222 3361 2223 3361 2191 3362 2223 3362 2192 3362 2192 3363 2223 3363 2224 3363 2192 3364 2224 3364 2193 3364 2193 3365 2224 3365 2225 3365 2193 3366 2225 3366 2194 3366 2194 3367 2225 3367 2226 3367 2194 3368 2226 3368 2218 3368 2219 3369 2189 3369 2227 3369 2227 3370 2189 3370 2188 3370 2227 3371 2188 3371 2228 3371 2228 3372 2188 3372 2187 3372 2228 3373 2187 3373 2229 3373 2229 3374 2187 3374 2186 3374 2229 3375 2186 3375 2230 3375 2230 1980 2186 1980 2185 1980 2230 3376 2185 3376 2231 3376 2231 3377 2185 3377 2184 3377 2231 3378 2184 3378 2232 3378 2206 3379 2233 3379 2203 3379 2203 3380 2233 3380 2234 3380 2203 3381 2234 3381 2204 3381 2204 3382 2234 3382 2235 3382 2204 3383 2235 3383 2205 3383 2205 3384 2235 3384 2236 3384 2205 3385 2236 3385 2183 3385 2183 3386 2236 3386 2237 3386 2183 3387 2237 3387 2184 3387 2184 3388 2237 3388 2238 3388 2184 3389 2238 3389 2232 3389 2054 3390 2053 3390 2239 3390 2240 3391 2241 3391 2242 3391 2212 3392 2213 3392 2243 3392 2232 2528 2238 2528 2244 2528 2245 3393 2222 3393 2221 3393 2246 3394 2223 3394 2222 3394 2247 3395 2224 3395 2223 3395 2248 3396 2225 3396 2224 3396 2242 3397 2226 3397 2225 3397 2232 2527 2244 2527 2231 2527 2212 2458 2243 2458 2211 2458 2226 3398 2242 3398 2218 3398 2218 3399 2242 3399 2241 3399 2218 2444 2241 2444 2217 2444 2216 3400 2217 3400 2249 3400 2249 3401 2217 3401 2241 3401 2249 3402 2241 3402 2250 3402 2250 3403 2241 3403 2240 3403 2250 3404 2240 3404 2251 3404 2215 3405 2216 3405 2252 3405 2252 3406 2216 3406 2249 3406 2252 3407 2249 3407 2253 3407 2253 3408 2249 3408 2250 3408 2253 3409 2250 3409 2254 3409 2254 3410 2250 3410 2251 3410 2254 2431 2251 2431 2255 2431 2214 3411 2215 3411 2256 3411 2256 3412 2215 3412 2252 3412 2256 2320 2252 2320 2257 2320 2257 3413 2252 3413 2253 3413 2257 3414 2253 3414 2258 3414 2258 3415 2253 3415 2254 3415 2258 2323 2254 2323 2259 2323 2259 2323 2254 2323 2255 2323 2259 2430 2255 2430 2260 2430 2213 3416 2214 3416 2243 3416 2243 3417 2214 3417 2256 3417 2243 2324 2256 2324 2261 2324 2261 2325 2256 2325 2257 2325 2261 3418 2257 3418 2262 3418 2262 3419 2257 3419 2258 3419 2262 3420 2258 3420 2263 3420 2263 3420 2258 3420 2259 3420 2263 3421 2259 3421 2264 3421 2264 2429 2259 2429 2260 2429 2264 2428 2260 2428 2265 2428 2266 3422 2267 3422 2268 3422 2269 3423 2267 3423 2270 3423 2270 3424 2267 3424 2266 3424 2270 3425 2266 3425 2271 3425 2272 2300 2269 2300 2273 2300 2273 2300 2269 2300 2270 2300 2273 3426 2270 3426 2274 3426 2274 3427 2270 3427 2271 3427 2274 2304 2271 2304 2275 2304 2276 2308 2272 2308 2277 2308 2277 2309 2272 2309 2273 2309 2277 3428 2273 3428 2278 3428 2278 3429 2273 3429 2274 3429 2278 3430 2274 3430 2279 3430 2279 3430 2274 3430 2275 3430 2279 3431 2275 3431 2280 3431 2281 3432 2282 3432 2283 3432 2283 3433 2282 3433 2284 3433 2283 3434 2284 3434 2285 3434 2285 3435 2284 3435 2286 3435 2285 2423 2286 2423 2287 2423 2287 2423 2286 2423 2288 2423 2287 2422 2288 2422 2289 2422 2289 3436 2288 3436 2290 3436 2289 3437 2290 3437 2291 3437 2291 3438 2290 3438 2292 3438 2282 3439 2293 3439 2284 3439 2284 3440 2293 3440 2294 3440 2284 3441 2294 3441 2286 3441 2286 3442 2294 3442 2295 3442 2286 3443 2295 3443 2288 3443 2288 3443 2295 3443 2296 3443 2288 3444 2296 3444 2290 3444 2290 3445 2296 3445 2297 3445 2290 3446 2297 3446 2292 3446 2292 2410 2297 2410 2298 2410 2293 2409 2299 2409 2294 2409 2294 2408 2299 2408 2300 2408 2294 3447 2300 3447 2295 3447 2295 3448 2300 3448 2301 3448 2295 3449 2301 3449 2296 3449 2296 3449 2301 3449 2302 3449 2296 3450 2302 3450 2297 3450 2297 2403 2302 2403 2303 2403 2297 2402 2303 2402 2298 2402 2298 2401 2303 2401 2304 2401 2238 3451 2237 3451 2244 3451 2244 3452 2237 3452 2305 3452 2244 3453 2305 3453 2306 3453 2306 3454 2305 3454 2307 3454 2306 3455 2307 3455 2308 3455 2308 2397 2307 2397 2309 2397 2308 2396 2309 2396 2310 2396 2310 2396 2309 2396 2311 2396 2310 3456 2311 3456 2312 3456 2312 3457 2311 3457 2313 3457 2312 3458 2313 3458 2314 3458 2314 2392 2313 2392 2315 2392 2237 3459 2236 3459 2305 3459 2305 3460 2236 3460 2316 3460 2305 3461 2316 3461 2307 3461 2307 3462 2316 3462 2317 3462 2307 3463 2317 3463 2309 3463 2309 3464 2317 3464 2318 3464 2309 3465 2318 3465 2311 3465 2311 3465 2318 3465 2319 3465 2311 3466 2319 3466 2313 3466 2313 3467 2319 3467 2320 3467 2313 3468 2320 3468 2315 3468 2315 3469 2320 3469 2321 3469 2236 3470 2235 3470 2316 3470 2316 3471 2235 3471 2322 3471 2316 3472 2322 3472 2317 3472 2317 3473 2322 3473 2323 3473 2317 3474 2323 3474 2318 3474 2318 3475 2323 3475 2324 3475 2318 3476 2324 3476 2319 3476 2319 3476 2324 3476 2325 3476 2319 3477 2325 3477 2320 3477 2320 3478 2325 3478 2326 3478 2320 3479 2326 3479 2321 3479 2321 3480 2326 3480 2327 3480 2235 3481 2234 3481 2322 3481 2322 3482 2234 3482 2328 3482 2322 2367 2328 2367 2323 2367 2323 3483 2328 3483 2329 3483 2323 3484 2329 3484 2324 3484 2324 3485 2329 3485 2330 3485 2324 2363 2330 2363 2325 2363 2325 2363 2330 2363 2331 2363 2325 2362 2331 2362 2326 2362 2326 3486 2331 3486 2332 3486 2326 3487 2332 3487 2327 3487 2327 3488 2332 3488 2333 3488 2334 2356 2335 2356 2336 2356 2336 2355 2335 2355 2337 2355 2336 2354 2337 2354 2338 2354 2338 3489 2337 3489 2339 3489 2338 3490 2339 3490 2340 3490 2340 3490 2339 3490 2341 3490 2340 3491 2341 3491 2342 3491 2342 3492 2341 3492 2343 3492 2342 2349 2343 2349 2344 2349 2344 2348 2343 2348 2345 2348 2335 2347 2346 2347 2337 2347 2337 3493 2346 3493 2347 3493 2337 3494 2347 3494 2339 3494 2339 3495 2347 3495 2348 3495 2339 3496 2348 3496 2341 3496 2341 3496 2348 3496 2349 3496 2341 3497 2349 3497 2343 3497 2343 3498 2349 3498 2350 3498 2343 3499 2350 3499 2345 3499 2345 3500 2350 3500 2351 3500 2346 3501 2352 3501 2347 3501 2347 3502 2352 3502 2353 3502 2347 3503 2353 3503 2348 3503 2348 2335 2353 2335 2354 2335 2348 2334 2354 2334 2349 2334 2349 2334 2354 2334 2355 2334 2349 3504 2355 3504 2350 3504 2350 3505 2355 3505 2356 3505 2350 3506 2356 3506 2351 3506 2351 3507 2356 3507 2357 3507 2358 2315 2280 2315 2359 2315 2359 2314 2280 2314 2275 2314 2359 2305 2275 2305 2360 2305 2360 2304 2275 2304 2271 2304 2360 2297 2271 2297 2361 2297 2361 3508 2271 3508 2266 3508 2361 3509 2266 3509 2362 3509 2362 3510 2266 3510 2268 3510 2362 3511 2268 3511 2363 3511 2363 3512 2268 3512 2057 3512 2363 3513 2057 3513 2056 3513 2272 3514 2063 3514 2269 3514 2269 3515 2063 3515 2061 3515 2269 3516 2061 3516 2267 3516 2267 3517 2061 3517 2060 3517 2267 3518 2060 3518 2268 3518 2268 3519 2060 3519 2058 3519 2268 2285 2058 2285 2057 2285 2068 3520 2070 3520 2364 3520 2364 2577 2070 2577 2276 2577 2364 3521 2276 3521 2365 3521 2365 3522 2276 3522 2277 3522 2365 3523 2277 3523 2366 3523 2366 3524 2277 3524 2278 3524 2366 3525 2278 3525 2367 3525 2367 3525 2278 3525 2279 3525 2367 3526 2279 3526 2368 3526 2368 3527 2279 3527 2280 3527 2368 3528 2280 3528 2369 3528 2369 2568 2280 2568 2358 2568 2369 2567 2358 2567 2220 2567 2220 3529 2358 3529 2221 3529 2070 2282 2071 2282 2276 2282 2276 3530 2071 3530 2067 3530 2276 3531 2067 3531 2272 3531 2272 3532 2067 3532 2065 3532 2272 3533 2065 3533 2063 3533 2369 3534 2281 3534 2368 3534 2368 3535 2281 3535 2283 3535 2368 3536 2283 3536 2367 3536 2367 2551 2283 2551 2285 2551 2367 2552 2285 2552 2366 2552 2366 2552 2285 2552 2287 2552 2366 3537 2287 3537 2365 3537 2365 3538 2287 3538 2289 3538 2365 3539 2289 3539 2364 3539 2364 3540 2289 3540 2291 3540 2364 3541 2291 3541 2068 3541 2082 2587 2081 2587 2370 2587 2370 2586 2081 2586 2304 2586 2370 3542 2304 3542 2371 3542 2371 3543 2304 3543 2303 3543 2371 3544 2303 3544 2372 3544 2372 2540 2303 2540 2302 2540 2372 2541 2302 2541 2373 2541 2373 2541 2302 2541 2301 2541 2373 3545 2301 3545 2374 3545 2374 3546 2301 3546 2300 3546 2374 3547 2300 3547 2375 3547 2375 2544 2300 2544 2299 2544 2081 3548 2079 3548 2304 3548 2304 3549 2079 3549 2077 3549 2304 3550 2077 3550 2298 3550 2298 3551 2077 3551 2075 3551 2298 3552 2075 3552 2292 3552 2292 3553 2075 3553 2073 3553 2292 3554 2073 3554 2291 3554 2291 3555 2073 3555 2072 3555 2291 3556 2072 3556 2068 3556 2220 2546 2219 2546 2369 2546 2369 3557 2219 3557 2227 3557 2369 3558 2227 3558 2281 3558 2281 3559 2227 3559 2228 3559 2281 3560 2228 3560 2282 3560 2282 3561 2228 3561 2229 3561 2282 3562 2229 3562 2293 3562 2293 3563 2229 3563 2230 3563 2293 3564 2230 3564 2299 3564 2299 3565 2230 3565 2231 3565 2299 3565 2231 3565 2375 3565 2375 2515 2231 2515 2244 2515 2375 3566 2244 3566 2374 3566 2374 3567 2244 3567 2306 3567 2374 3568 2306 3568 2373 3568 2373 3569 2306 3569 2308 3569 2373 2520 2308 2520 2372 2520 2372 2520 2308 2520 2310 2520 2372 3570 2310 3570 2371 3570 2371 3571 2310 3571 2312 3571 2371 3572 2312 3572 2370 3572 2370 3573 2312 3573 2314 3573 2370 2525 2314 2525 2082 2525 2032 3574 2030 3574 2376 3574 2376 2503 2030 2503 2333 2503 2376 3575 2333 3575 2377 3575 2377 3576 2333 3576 2332 3576 2377 3577 2332 3577 2378 3577 2378 3578 2332 3578 2331 3578 2378 2508 2331 2508 2379 2508 2379 2508 2331 2508 2330 2508 2379 3579 2330 3579 2380 3579 2380 3580 2330 3580 2329 3580 2380 3581 2329 3581 2381 3581 2381 3582 2329 3582 2328 3582 2381 2513 2328 2513 2233 2513 2233 2537 2328 2537 2234 2537 2030 2281 2029 2281 2333 2281 2333 2275 2029 2275 2027 2275 2333 3583 2027 3583 2327 3583 2327 3584 2027 3584 2026 3584 2327 3585 2026 3585 2321 3585 2321 3586 2026 3586 2087 3586 2321 3587 2087 3587 2315 3587 2315 3588 2087 3588 2088 3588 2315 3589 2088 3589 2314 3589 2314 3590 2088 3590 2083 3590 2314 2526 2083 2526 2082 2526 2381 3591 2334 3591 2380 3591 2380 3591 2334 3591 2336 3591 2380 3592 2336 3592 2379 3592 2379 2478 2336 2478 2338 2478 2379 2479 2338 2479 2378 2479 2378 2479 2338 2479 2340 2479 2378 3593 2340 3593 2377 3593 2377 3594 2340 3594 2342 3594 2377 2483 2342 2483 2376 2483 2376 2483 2342 2483 2344 2483 2376 3595 2344 3595 2032 3595 2043 2493 2042 2493 2382 2493 2382 3596 2042 3596 2357 3596 2382 3597 2357 3597 2383 3597 2383 3598 2357 3598 2356 3598 2383 3599 2356 3599 2384 3599 2384 2466 2356 2466 2355 2466 2384 2467 2355 2467 2385 2467 2385 2467 2355 2467 2354 2467 2385 3600 2354 3600 2386 3600 2386 3601 2354 3601 2353 3601 2386 3602 2353 3602 2387 3602 2387 3603 2353 3603 2352 3603 2042 3604 2040 3604 2357 3604 2357 3605 2040 3605 2038 3605 2357 3606 2038 3606 2351 3606 2351 3607 2038 3607 2036 3607 2351 3608 2036 3608 2345 3608 2345 3609 2036 3609 2035 3609 2345 3610 2035 3610 2344 3610 2344 3611 2035 3611 2033 3611 2344 3612 2033 3612 2032 3612 2044 3613 2043 3613 2265 3613 2265 2456 2043 2456 2382 2456 2265 2455 2382 2455 2264 2455 2264 3614 2382 3614 2383 3614 2264 3615 2383 3615 2263 3615 2263 3616 2383 3616 2384 3616 2263 3617 2384 3617 2262 3617 2262 3617 2384 3617 2385 3617 2262 3618 2385 3618 2261 3618 2261 3619 2385 3619 2386 3619 2261 3620 2386 3620 2243 3620 2243 3621 2386 3621 2387 3621 2243 2446 2387 2446 2211 2446 2211 3622 2387 3622 2352 3622 2211 3623 2352 3623 2210 3623 2210 3624 2352 3624 2346 3624 2210 3625 2346 3625 2209 3625 2209 3626 2346 3626 2335 3626 2209 3627 2335 3627 2208 3627 2208 3628 2335 3628 2334 3628 2208 3629 2334 3629 2207 3629 2207 2474 2334 2474 2381 2474 2207 2474 2381 2474 2206 2474 2206 2473 2381 2473 2233 2473 2388 3630 2047 3630 2046 3630 2225 3631 2248 3631 2242 3631 2242 3632 2248 3632 2389 3632 2242 3633 2389 3633 2240 3633 2240 3634 2389 3634 2390 3634 2240 2641 2390 2641 2251 2641 2251 2630 2390 2630 2391 2630 2251 2431 2391 2431 2255 2431 2255 3635 2391 3635 2392 3635 2255 3636 2392 3636 2260 3636 2260 3637 2392 3637 2388 3637 2260 2638 2388 2638 2265 2638 2265 3638 2388 3638 2046 3638 2265 3639 2046 3639 2044 3639 2224 3640 2247 3640 2248 3640 2248 2634 2247 2634 2393 2634 2248 3641 2393 3641 2389 3641 2389 3642 2393 3642 2394 3642 2389 3643 2394 3643 2390 3643 2390 3644 2394 3644 2395 3644 2390 2630 2395 2630 2391 2630 2391 3645 2395 3645 2396 3645 2391 3646 2396 3646 2392 3646 2392 3647 2396 3647 2397 3647 2392 3648 2397 3648 2388 3648 2388 3649 2397 3649 2049 3649 2388 3650 2049 3650 2047 3650 2223 3651 2246 3651 2247 3651 2247 3652 2246 3652 2398 3652 2247 3653 2398 3653 2393 3653 2393 3654 2398 3654 2399 3654 2393 3655 2399 3655 2394 3655 2394 3656 2399 3656 2400 3656 2394 3644 2400 3644 2395 3644 2395 3657 2400 3657 2401 3657 2395 3658 2401 3658 2396 3658 2396 3659 2401 3659 2402 3659 2396 3660 2402 3660 2397 3660 2397 3661 2402 3661 2050 3661 2397 3662 2050 3662 2049 3662 2222 3663 2245 3663 2246 3663 2246 3664 2245 3664 2403 3664 2246 3665 2403 3665 2398 3665 2398 3666 2403 3666 2404 3666 2398 3667 2404 3667 2399 3667 2399 2594 2404 2594 2405 2594 2399 3656 2405 3656 2400 3656 2400 3668 2405 3668 2406 3668 2400 3669 2406 3669 2401 3669 2401 3670 2406 3670 2239 3670 2401 2602 2239 2602 2402 2602 2402 3671 2239 3671 2053 3671 2402 3672 2053 3672 2050 3672 2221 3673 2358 3673 2245 3673 2245 2598 2358 2598 2359 2598 2245 3664 2359 3664 2403 3664 2403 3674 2359 3674 2360 3674 2403 3675 2360 3675 2404 3675 2404 2297 2360 2297 2361 2297 2404 2594 2361 2594 2405 2594 2405 2593 2361 2593 2362 2593 2405 3676 2362 3676 2406 3676 2406 3677 2362 3677 2363 3677 2406 3678 2363 3678 2239 3678 2239 3679 2363 3679 2056 3679 2239 3680 2056 3680 2054 3680 2126 1056 2021 1056 2022 1056 2018 1056 2135 1056 2134 1056 2126 1056 2125 1056 2021 1056 2021 1056 2125 1056 2124 1056 2021 1056 2124 1056 2020 1056 2018 1056 2134 1056 2025 1056 2135 1056 2018 1056 2112 1056 2112 1056 2018 1056 2017 1056 2112 1056 2017 1056 2113 1056 2015 1056 2014 1056 2119 1056 2124 1056 2123 1056 2020 1056 2020 1056 2123 1056 2122 1056 2020 1056 2122 1056 2019 1056 2019 1056 2122 1056 2121 1056 2019 1056 2121 1056 2014 1056 2014 1056 2121 1056 2120 1056 2014 1056 2120 1056 2119 1056 2023 1056 2128 1056 2022 1056 2022 1056 2128 1056 2127 1056 2022 1056 2127 1056 2126 1056 2024 1056 2130 1056 2023 1056 2023 1056 2130 1056 2129 1056 2023 1056 2129 1056 2128 1056 2134 1056 2133 1056 2025 1056 2025 1056 2133 1056 2132 1056 2025 1056 2132 1056 2024 1056 2024 1056 2132 1056 2131 1056 2024 1056 2131 1056 2130 1056 2119 1056 2118 1056 2015 1056 2015 1056 2118 1056 2117 1056 2015 1056 2117 1056 2016 1056 2117 1056 2116 1056 2016 1056 2016 1056 2116 1056 2115 1056 2016 1056 2115 1056 2017 1056 2017 1056 2115 1056 2114 1056 2017 1056 2114 1056 2113 1056 2145 776 823 776 824 776 825 776 2149 776 824 776 824 776 2149 776 2147 776 824 776 2147 776 2145 776 2136 776 833 776 2137 776 2137 776 833 776 832 776 2145 776 2143 776 823 776 823 776 2143 776 2141 776 823 776 2141 776 832 776 832 776 2141 776 2139 776 832 776 2139 776 2137 776 826 776 2153 776 825 776 825 776 2153 776 2151 776 825 776 2151 776 2149 776 827 776 2157 776 826 776 826 776 2157 776 2155 776 826 776 2155 776 2153 776 828 776 2161 776 827 776 827 776 2161 776 2159 776 827 776 2159 776 2157 776 831 776 2171 776 830 776 830 776 2171 776 2169 776 830 776 2169 776 829 776 2169 776 2167 776 829 776 829 776 2167 776 2165 776 829 776 2165 776 828 776 828 776 2165 776 2163 776 828 776 2163 776 2161 776 834 776 2175 776 831 776 831 776 2175 776 2173 776 831 776 2173 776 2171 776 2136 776 2181 776 833 776 833 776 2181 776 2179 776 833 776 2179 776 834 776 834 776 2179 776 2177 776 834 776 2177 776 2175 776 2407 3681 221 3681 2408 3681 2408 3681 221 3681 219 3681 2408 3681 219 3681 2409 3681 2409 3681 219 3681 215 3681 2409 3681 215 3681 2410 3681 2410 3681 215 3681 217 3681 2410 3681 217 3681 667 3681 670 3681 169 3681 2411 3681 2411 3681 169 3681 167 3681 2411 3681 167 3681 2412 3681 2412 3681 167 3681 163 3681 2412 3681 163 3681 2413 3681 2413 3681 163 3681 165 3681 2413 3681 165 3681 703 3681 706 3681 3 3681 2414 3681 2414 3681 3 3681 1 3681 2414 3681 1 3681 2415 3681 2415 3681 1 3681 21 3681 2415 3681 21 3681 2416 3681 2416 3681 21 3681 23 3681 2416 3681 23 3681 2417 3681 2418 3681 195 3681 2419 3681 2419 3681 195 3681 193 3681 2419 3681 193 3681 2420 3681 2420 3681 193 3681 189 3681 2420 3681 189 3681 2421 3681 2421 3681 189 3681 191 3681 2421 3681 191 3681 2422 3681 2423 3682 2417 3682 23 3682 534 3683 117 3683 2424 3683 195 3684 2418 3684 2425 3684 2426 3685 580 3685 579 3685 2426 3686 579 3686 2425 3686 2425 3687 579 3687 577 3687 2425 3688 577 3688 195 3688 195 3689 577 3689 629 3689 195 3690 629 3690 194 3690 194 3691 629 3691 628 3691 194 3692 628 3692 192 3692 117 3693 571 3693 2424 3693 2424 3694 571 3694 572 3694 2424 3695 572 3695 2426 3695 2426 3696 572 3696 573 3696 2426 3697 573 3697 580 3697 534 3698 2424 3698 533 3698 533 3699 2424 3699 2427 3699 533 3700 2427 3700 527 3700 20 3701 605 3701 22 3701 22 3702 605 3702 604 3702 22 3703 604 3703 23 3703 23 3704 604 3704 530 3704 23 3705 530 3705 2423 3705 2423 3706 530 3706 529 3706 2423 3707 529 3707 2427 3707 2427 3708 529 3708 528 3708 2427 3709 528 3709 527 3709 2428 3710 2422 3710 191 3710 570 3711 125 3711 2429 3711 221 3712 2407 3712 2430 3712 2431 3713 562 3713 561 3713 2431 3714 561 3714 2430 3714 2430 3715 561 3715 559 3715 2430 3716 559 3716 221 3716 221 3717 559 3717 615 3717 221 3718 615 3718 220 3718 220 3719 615 3719 614 3719 220 3720 614 3720 218 3720 125 3721 550 3721 2429 3721 2429 3722 550 3722 551 3722 2429 3723 551 3723 2431 3723 2431 3724 551 3724 552 3724 2431 3725 552 3725 562 3725 570 3726 2429 3726 569 3726 569 3727 2429 3727 2432 3727 569 3728 2432 3728 563 3728 188 3729 631 3729 190 3729 190 3730 631 3730 630 3730 190 3731 630 3731 191 3731 191 3732 630 3732 566 3732 191 3733 566 3733 2428 3733 2428 3734 566 3734 565 3734 2428 3735 565 3735 2432 3735 2432 3736 565 3736 564 3736 2432 3737 564 3737 563 3737 2433 3738 2434 3738 2435 3738 2435 3739 2434 3739 2436 3739 2433 3740 2437 3740 2434 3740 2434 3741 2437 3741 2438 3741 2434 3742 2438 3742 2439 3742 2439 3743 2438 3743 2440 3743 2440 3744 2441 3744 2439 3744 2439 3745 2441 3745 2442 3745 2439 3746 2442 3746 2443 3746 2443 3747 2442 3747 2444 3747 2445 3748 2446 3748 2447 3748 2445 3749 2447 3749 2448 3749 2448 3750 2447 3750 2449 3750 2449 3751 2447 3751 2450 3751 2449 3752 2450 3752 2451 3752 2452 3753 2453 3753 2454 3753 2454 3754 2453 3754 2455 3754 2454 3755 2455 3755 2456 3755 2446 3756 2452 3756 2447 3756 2447 3757 2452 3757 2454 3757 2447 3758 2454 3758 2457 3758 2457 3759 2454 3759 2434 3759 2457 3760 2434 3760 2458 3760 2458 3761 2434 3761 2439 3761 2459 3762 2460 3762 2461 3762 2462 3763 2463 3763 2464 3763 2465 3764 2466 3764 2467 3764 2467 3765 2466 3765 2468 3765 2465 3766 2467 3766 2469 3766 2469 3767 2467 3767 2470 3767 2469 3768 2470 3768 2471 3768 2471 3769 2470 3769 2472 3769 2471 3770 2472 3770 2473 3770 2460 3771 2462 3771 2461 3771 2461 3772 2462 3772 2464 3772 2461 3773 2464 3773 2472 3773 2472 3774 2464 3774 2474 3774 2472 3775 2474 3775 2473 3775 2475 3776 2476 3776 2477 3776 2477 3777 2476 3777 2459 3777 2478 3778 2479 3778 2480 3778 2480 3779 2481 3779 2478 3779 2478 3780 2481 3780 2482 3780 2478 3781 2482 3781 2483 3781 2483 3782 2484 3782 2478 3782 2478 3783 2484 3783 2485 3783 2478 3784 2485 3784 2475 3784 2479 3785 2478 3785 2486 3785 2486 3786 2478 3786 2487 3786 2486 3787 2487 3787 2488 3787 2488 3788 2487 3788 2489 3788 2488 3789 2489 3789 2490 3789 2490 3790 2489 3790 2491 3790 2490 3791 2491 3791 2492 3791 2491 3792 2493 3792 2494 3792 2492 3793 2491 3793 2495 3793 2495 3794 2491 3794 2494 3794 2495 3795 2494 3795 2496 3795 2497 3796 2498 3796 2499 3796 2499 3797 2498 3797 2500 3797 2499 3798 2500 3798 2501 3798 2468 3799 2502 3799 2467 3799 2467 3800 2502 3800 2503 3800 2467 3801 2503 3801 2504 3801 2475 3802 2477 3802 2478 3802 2478 3803 2477 3803 2505 3803 2478 3804 2505 3804 2487 3804 2487 3805 2505 3805 2506 3805 2487 3806 2506 3806 2489 3806 2489 3807 2506 3807 2499 3807 2489 3808 2499 3808 2491 3808 2491 3809 2499 3809 2501 3809 2491 3810 2501 3810 2493 3810 2459 3811 2461 3811 2477 3811 2477 3812 2461 3812 2472 3812 2477 3813 2472 3813 2505 3813 2505 3814 2472 3814 2470 3814 2505 3815 2470 3815 2506 3815 2506 3816 2470 3816 2467 3816 2506 3817 2467 3817 2499 3817 2499 3818 2467 3818 2504 3818 2499 3819 2504 3819 2497 3819 2507 3820 2508 3820 2509 3820 2510 3821 2511 3821 2512 3821 2513 3822 2514 3822 2515 3822 2515 3823 2514 3823 2516 3823 2515 3824 2516 3824 2517 3824 2517 3825 2516 3825 2518 3825 2517 3826 2518 3826 2519 3826 2512 3827 2511 3827 2520 3827 2509 3828 2508 3828 2521 3828 2507 3829 2509 3829 2522 3829 2522 3830 2509 3830 2523 3830 2522 3831 2523 3831 2524 3831 2524 3832 2523 3832 2525 3832 2524 3833 2525 3833 2526 3833 2511 3834 2527 3834 2520 3834 2520 3835 2527 3835 2528 3835 2520 3835 2528 3835 2529 3835 2529 3836 2528 3836 2530 3836 2529 3837 2530 3837 2531 3837 2531 3838 2530 3838 2532 3838 2531 3839 2532 3839 2533 3839 2519 3840 2518 3840 2533 3840 2533 3841 2518 3841 2534 3841 2533 3842 2534 3842 2531 3842 2531 3843 2534 3843 2535 3843 2531 3844 2535 3844 2529 3844 2529 3845 2535 3845 2536 3845 2529 3845 2536 3845 2520 3845 2520 3846 2536 3846 2521 3846 2520 3847 2521 3847 2512 3847 2512 3848 2521 3848 2508 3848 2512 3849 2508 3849 2510 3849 2537 3681 2538 3681 2539 3681 2540 3681 2541 3681 2542 3681 2542 3681 2541 3681 2538 3681 2542 3681 2538 3681 2543 3681 2543 3681 2538 3681 2537 3681 2544 3681 2545 3681 2546 3681 2546 3681 2545 3681 2547 3681 2548 3681 2549 3681 2550 3681 2550 3681 2549 3681 2551 3681 2552 3681 2553 3681 2554 3681 2536 3681 2535 3681 2555 3681 2555 3681 2535 3681 2556 3681 2557 3681 2509 3681 2555 3681 2555 3681 2509 3681 2521 3681 2555 3681 2521 3681 2536 3681 2558 3681 2559 3681 2560 3681 2560 3681 2559 3681 2561 3681 2560 3681 2561 3681 2539 3681 2539 3681 2561 3681 2562 3681 2539 3681 2562 3681 2537 3681 2558 3681 2560 3681 2563 3681 2563 3681 2560 3681 2564 3681 2563 3681 2564 3681 2565 3681 2545 3681 2566 3681 2547 3681 2547 3681 2566 3681 2567 3681 2547 3681 2567 3681 2564 3681 2564 3681 2567 3681 2568 3681 2564 3681 2568 3681 2565 3681 2569 3681 2570 3681 2571 3681 2571 3681 2570 3681 2551 3681 2571 3681 2551 3681 2572 3681 2572 3681 2551 3681 2549 3681 2552 3681 2554 3681 2573 3681 2535 3681 2534 3681 2556 3681 2556 3681 2534 3681 2518 3681 2556 3681 2518 3681 2574 3681 2540 3681 2526 3681 2541 3681 2541 3681 2526 3681 2525 3681 2541 3681 2525 3681 2557 3681 2557 3681 2525 3681 2523 3681 2557 3681 2523 3681 2509 3681 2544 3681 2546 3681 2575 3681 2575 3681 2546 3681 2576 3681 2575 3681 2576 3681 2577 3681 2578 3681 2579 3681 2576 3681 2576 3681 2579 3681 2580 3681 2576 3681 2580 3681 2577 3681 2554 3681 2581 3681 2573 3681 2573 3681 2581 3681 2582 3681 2573 3681 2582 3681 2550 3681 2550 3681 2582 3681 2583 3681 2550 3681 2583 3681 2548 3681 2518 3681 2516 3681 2574 3681 2574 3681 2516 3681 2514 3681 2574 3681 2514 3681 2552 3681 2552 3681 2514 3681 2513 3681 2552 3681 2513 3681 2553 3681 2569 3681 2584 3681 2570 3681 2570 3681 2584 3681 2585 3681 2570 3681 2585 3681 2578 3681 2578 3681 2585 3681 2586 3681 2578 3681 2586 3681 2579 3681 2587 3850 2588 3850 2589 3850 2587 3851 2589 3851 2590 3851 2590 3852 2589 3852 2591 3852 2591 3853 2589 3853 2592 3853 2591 3854 2592 3854 2593 3854 2594 3855 2595 3855 2596 3855 2596 3856 2595 3856 2597 3856 2596 3857 2597 3857 2598 3857 2599 3858 2600 3858 2601 3858 2601 3859 2600 3859 2602 3859 2599 3860 2603 3860 2600 3860 2600 3861 2603 3861 2604 3861 2600 3862 2604 3862 2605 3862 2605 3863 2604 3863 2606 3863 2606 3864 2607 3864 2605 3864 2605 3865 2607 3865 2608 3865 2605 3866 2608 3866 2609 3866 2609 3867 2608 3867 2610 3867 2588 3868 2594 3868 2589 3868 2589 3869 2594 3869 2596 3869 2589 3870 2596 3870 2611 3870 2611 3871 2596 3871 2600 3871 2611 3872 2600 3872 2612 3872 2612 3873 2600 3873 2605 3873 2613 3874 2614 3874 2615 3874 2613 3875 2615 3875 2616 3875 2616 3876 2615 3876 2617 3876 2617 3877 2615 3877 2618 3877 2617 3878 2618 3878 2619 3878 2620 3879 2621 3879 2622 3879 2622 3880 2621 3880 2623 3880 2622 3881 2623 3881 2624 3881 2625 3882 2626 3882 2627 3882 2627 3883 2626 3883 2628 3883 2625 3884 2629 3884 2626 3884 2626 3885 2629 3885 2630 3885 2626 3886 2630 3886 2631 3886 2631 3887 2630 3887 2632 3887 2632 3888 2633 3888 2631 3888 2631 3889 2633 3889 2634 3889 2631 3890 2634 3890 2635 3890 2635 3891 2634 3891 2636 3891 2614 3892 2620 3892 2615 3892 2615 3893 2620 3893 2622 3893 2615 3894 2622 3894 2637 3894 2637 3895 2622 3895 2626 3895 2637 3896 2626 3896 2638 3896 2638 3897 2626 3897 2631 3897 2639 3898 2640 3898 2641 3898 2639 3899 2641 3899 2642 3899 2642 3900 2641 3900 2643 3900 2643 3901 2641 3901 2644 3901 2643 3902 2644 3902 2645 3902 2646 3903 2647 3903 2648 3903 2648 3904 2647 3904 2649 3904 2648 3905 2649 3905 2650 3905 2651 3906 2652 3906 2653 3906 2653 3907 2652 3907 2654 3907 2651 3908 2655 3908 2652 3908 2652 3909 2655 3909 2656 3909 2652 3910 2656 3910 2657 3910 2657 3911 2656 3911 2658 3911 2658 3912 2659 3912 2657 3912 2657 3913 2659 3913 2660 3913 2657 3914 2660 3914 2661 3914 2661 3915 2660 3915 2662 3915 2640 3916 2646 3916 2641 3916 2641 3917 2646 3917 2648 3917 2641 3918 2648 3918 2663 3918 2663 3919 2648 3919 2652 3919 2663 3920 2652 3920 2664 3920 2664 3921 2652 3921 2657 3921 2665 3922 2666 3922 2667 3922 2668 3923 2669 3923 2670 3923 2670 3924 2669 3924 2665 3924 2671 3925 2672 3925 2673 3925 2673 3926 2672 3926 2668 3926 2674 3927 2675 3927 2676 3927 2676 3928 2677 3928 2674 3928 2674 3929 2677 3929 2678 3929 2674 3930 2678 3930 2679 3930 2679 3931 2680 3931 2674 3931 2674 3932 2680 3932 2681 3932 2674 3933 2681 3933 2671 3933 2675 3934 2674 3934 2682 3934 2682 3935 2674 3935 2683 3935 2682 3936 2683 3936 2684 3936 2684 3937 2683 3937 2685 3937 2684 3938 2685 3938 2686 3938 2686 3939 2685 3939 2687 3939 2686 3940 2687 3940 2688 3940 2687 3941 2689 3941 2690 3941 2688 3942 2687 3942 2691 3942 2691 3943 2687 3943 2690 3943 2691 3944 2690 3944 2692 3944 2693 3945 2694 3945 2695 3945 2695 3946 2694 3946 2696 3946 2695 3947 2696 3947 2697 3947 2698 3948 2699 3948 2700 3948 2700 3949 2699 3949 2701 3949 2700 3950 2701 3950 2702 3950 2665 3951 2667 3951 2670 3951 2670 3952 2667 3952 2703 3952 2670 3953 2703 3953 2704 3953 2704 3954 2703 3954 2705 3954 2704 3955 2705 3955 2706 3955 2706 3956 2705 3956 2707 3956 2706 3957 2707 3957 2700 3957 2700 3958 2707 3958 2708 3958 2700 3959 2708 3959 2698 3959 2671 3960 2673 3960 2674 3960 2674 3961 2673 3961 2709 3961 2674 3962 2709 3962 2683 3962 2683 3963 2709 3963 2710 3963 2683 3964 2710 3964 2685 3964 2685 3965 2710 3965 2695 3965 2685 3966 2695 3966 2687 3966 2687 3967 2695 3967 2697 3967 2687 3968 2697 3968 2689 3968 2668 3969 2670 3969 2673 3969 2673 3970 2670 3970 2704 3970 2673 3971 2704 3971 2709 3971 2709 3972 2704 3972 2706 3972 2709 3973 2706 3973 2710 3973 2710 3974 2706 3974 2700 3974 2710 3975 2700 3975 2695 3975 2695 3976 2700 3976 2702 3976 2695 3977 2702 3977 2693 3977 2711 3978 2712 3978 2713 3978 2714 3979 2715 3979 2716 3979 2716 3980 2715 3980 2711 3980 2717 3981 2718 3981 2719 3981 2719 3982 2718 3982 2714 3982 2720 3983 2721 3983 2722 3983 2722 3984 2723 3984 2720 3984 2720 3985 2723 3985 2724 3985 2720 3986 2724 3986 2725 3986 2725 3987 2726 3987 2720 3987 2720 3988 2726 3988 2727 3988 2720 3989 2727 3989 2717 3989 2721 3990 2720 3990 2728 3990 2728 3991 2720 3991 2729 3991 2728 3992 2729 3992 2730 3992 2730 3993 2729 3993 2731 3993 2730 3994 2731 3994 2732 3994 2732 3995 2731 3995 2733 3995 2732 3996 2733 3996 2734 3996 2733 3997 2735 3997 2736 3997 2734 3998 2733 3998 2737 3998 2737 3999 2733 3999 2736 3999 2737 4000 2736 4000 2738 4000 2739 4001 2740 4001 2741 4001 2741 4002 2740 4002 2742 4002 2741 4003 2742 4003 2743 4003 2744 4004 2745 4004 2746 4004 2746 4005 2745 4005 2747 4005 2746 4006 2747 4006 2748 4006 2711 4007 2713 4007 2716 4007 2716 4008 2713 4008 2749 4008 2716 4009 2749 4009 2750 4009 2750 4010 2749 4010 2751 4010 2750 4011 2751 4011 2752 4011 2752 4012 2751 4012 2753 4012 2752 4013 2753 4013 2746 4013 2746 4014 2753 4014 2754 4014 2746 4015 2754 4015 2744 4015 2717 4016 2719 4016 2720 4016 2720 4017 2719 4017 2755 4017 2720 4018 2755 4018 2729 4018 2729 4019 2755 4019 2756 4019 2729 4020 2756 4020 2731 4020 2731 4021 2756 4021 2741 4021 2731 4022 2741 4022 2733 4022 2733 4023 2741 4023 2743 4023 2733 4024 2743 4024 2735 4024 2714 4025 2716 4025 2719 4025 2719 4026 2716 4026 2750 4026 2719 4027 2750 4027 2755 4027 2755 4028 2750 4028 2752 4028 2755 4029 2752 4029 2756 4029 2756 4030 2752 4030 2746 4030 2756 4031 2746 4031 2741 4031 2741 4032 2746 4032 2748 4032 2741 4033 2748 4033 2739 4033 2757 4034 2758 4034 2759 4034 2760 4035 2761 4035 2762 4035 2763 4036 2764 4036 2765 4036 2763 4037 2765 4037 2766 4037 2766 4038 2765 4038 2767 4038 2767 4039 2765 4039 2768 4039 2767 4040 2768 4040 2769 4040 2769 4041 2768 4041 2770 4041 2769 4042 2770 4042 2771 4042 2758 4043 2760 4043 2759 4043 2759 4044 2760 4044 2762 4044 2759 4045 2762 4045 2770 4045 2770 4046 2762 4046 2772 4046 2770 4047 2772 4047 2771 4047 2773 4048 2774 4048 2775 4048 2775 4049 2774 4049 2757 4049 2776 4050 2777 4050 2778 4050 2778 4051 2779 4051 2776 4051 2776 4052 2779 4052 2780 4052 2776 4053 2780 4053 2781 4053 2781 4054 2782 4054 2776 4054 2776 4055 2782 4055 2783 4055 2776 4056 2783 4056 2773 4056 2777 4057 2776 4057 2784 4057 2784 4058 2776 4058 2785 4058 2784 4059 2785 4059 2786 4059 2786 4060 2785 4060 2787 4060 2786 4061 2787 4061 2788 4061 2788 4062 2787 4062 2789 4062 2788 4063 2789 4063 2790 4063 2789 4064 2791 4064 2792 4064 2790 4065 2789 4065 2793 4065 2793 4066 2789 4066 2792 4066 2793 4067 2792 4067 2794 4067 2795 4068 2796 4068 2797 4068 2797 4069 2796 4069 2798 4069 2799 4070 2800 4070 2796 4070 2796 4071 2800 4071 2801 4071 2796 4072 2801 4072 2798 4072 2773 4073 2775 4073 2776 4073 2776 4074 2775 4074 2802 4074 2776 4075 2802 4075 2785 4075 2785 4076 2802 4076 2803 4076 2785 4077 2803 4077 2787 4077 2787 4078 2803 4078 2796 4078 2787 4079 2796 4079 2789 4079 2789 4080 2796 4080 2795 4080 2789 4081 2795 4081 2791 4081 2757 4082 2759 4082 2775 4082 2775 4083 2759 4083 2770 4083 2775 4084 2770 4084 2802 4084 2802 4085 2770 4085 2768 4085 2802 4086 2768 4086 2803 4086 2803 4087 2768 4087 2765 4087 2803 4088 2765 4088 2796 4088 2796 4089 2765 4089 2764 4089 2796 4090 2764 4090 2799 4090 2804 4091 2451 4091 2450 4091 2443 4092 2444 4092 2805 4092 2805 4093 2444 4093 2806 4093 2443 4094 2805 4094 2439 4094 2439 4095 2805 4095 2807 4095 2439 4096 2807 4096 2458 4096 2458 4097 2807 4097 2808 4097 2458 4098 2808 4098 2457 4098 2809 4099 2804 4099 2810 4099 2810 4100 2804 4100 2450 4100 2810 4101 2450 4101 2808 4101 2808 4102 2450 4102 2447 4102 2808 4103 2447 4103 2457 4103 2811 4104 2812 4104 2813 4104 2814 4105 2815 4105 2816 4105 2814 4106 2816 4106 2817 4106 2815 4107 2818 4107 2816 4107 2816 4108 2818 4108 2819 4108 2816 4109 2819 4109 2820 4109 2821 4110 2822 4110 2823 4110 2823 4111 2822 4111 2824 4111 2823 4112 2824 4112 2825 4112 2825 4113 2824 4113 2826 4113 2825 4114 2826 4114 2827 4114 2827 4115 2826 4115 2828 4115 2827 4116 2828 4116 2816 4116 2816 4117 2828 4117 2829 4117 2816 4118 2829 4118 2817 4118 2830 4119 2821 4119 2831 4119 2831 4120 2821 4120 2823 4120 2831 4121 2823 4121 2832 4121 2832 4122 2823 4122 2833 4122 2834 4123 2833 4123 2835 4123 2836 4124 2837 4124 2835 4124 2835 4125 2837 4125 2838 4125 2835 4126 2838 4126 2834 4126 2806 4127 2839 4127 2805 4127 2805 4128 2839 4128 2840 4128 2805 4129 2840 4129 2836 4129 2836 4130 2835 4130 2805 4130 2805 4131 2835 4131 2841 4131 2805 4132 2841 4132 2807 4132 2807 4133 2841 4133 2842 4133 2807 4134 2842 4134 2808 4134 2808 4135 2842 4135 2811 4135 2808 4136 2811 4136 2810 4136 2810 4137 2811 4137 2813 4137 2810 4138 2813 4138 2809 4138 2833 4139 2823 4139 2835 4139 2835 4140 2823 4140 2825 4140 2835 4141 2825 4141 2841 4141 2841 4142 2825 4142 2827 4142 2841 4143 2827 4143 2842 4143 2842 4144 2827 4144 2816 4144 2842 4145 2816 4145 2811 4145 2811 4146 2816 4146 2820 4146 2811 4147 2820 4147 2812 4147 2843 4148 2593 4148 2592 4148 2844 4149 2845 4149 2846 4149 2847 4150 2848 4150 2849 4150 2847 4151 2849 4151 2850 4151 2848 4152 2851 4152 2849 4152 2849 4153 2851 4153 2852 4153 2849 4154 2852 4154 2853 4154 2854 4155 2855 4155 2856 4155 2856 4156 2855 4156 2857 4156 2856 4157 2857 4157 2858 4157 2858 4158 2857 4158 2859 4158 2858 4159 2859 4159 2860 4159 2860 4160 2859 4160 2861 4160 2860 4161 2861 4161 2849 4161 2849 4162 2861 4162 2862 4162 2849 4163 2862 4163 2850 4163 2863 4164 2854 4164 2864 4164 2864 4165 2854 4165 2856 4165 2864 4166 2856 4166 2865 4166 2865 4167 2856 4167 2866 4167 2867 4168 2866 4168 2868 4168 2869 4169 2870 4169 2868 4169 2868 4170 2870 4170 2871 4170 2868 4171 2871 4171 2867 4171 2872 4172 2873 4172 2874 4172 2874 4173 2873 4173 2869 4173 2609 4174 2610 4174 2874 4174 2874 4175 2610 4175 2875 4175 2874 4176 2875 4176 2872 4176 2609 4177 2874 4177 2605 4177 2605 4178 2874 4178 2876 4178 2605 4179 2876 4179 2612 4179 2612 4180 2876 4180 2877 4180 2612 4181 2877 4181 2611 4181 2878 4182 2843 4182 2879 4182 2879 4183 2843 4183 2592 4183 2879 4184 2592 4184 2877 4184 2877 4185 2592 4185 2589 4185 2877 4186 2589 4186 2611 4186 2869 4187 2868 4187 2874 4187 2874 4188 2868 4188 2880 4188 2874 4189 2880 4189 2876 4189 2876 4190 2880 4190 2881 4190 2876 4191 2881 4191 2877 4191 2877 4192 2881 4192 2844 4192 2877 4193 2844 4193 2879 4193 2879 4194 2844 4194 2846 4194 2879 4195 2846 4195 2878 4195 2866 4196 2856 4196 2868 4196 2868 4197 2856 4197 2858 4197 2868 4198 2858 4198 2880 4198 2880 4199 2858 4199 2860 4199 2880 4200 2860 4200 2881 4200 2881 4201 2860 4201 2849 4201 2881 4202 2849 4202 2844 4202 2844 4203 2849 4203 2853 4203 2844 4204 2853 4204 2845 4204 2882 4205 2645 4205 2644 4205 2883 4206 2884 4206 2885 4206 2886 4207 2887 4207 2888 4207 2886 4208 2888 4208 2889 4208 2887 4209 2890 4209 2888 4209 2888 4210 2890 4210 2891 4210 2888 4211 2891 4211 2892 4211 2893 4212 2894 4212 2895 4212 2895 4213 2894 4213 2896 4213 2895 4214 2896 4214 2897 4214 2897 4215 2896 4215 2898 4215 2897 4216 2898 4216 2899 4216 2899 4217 2898 4217 2900 4217 2899 4218 2900 4218 2888 4218 2888 4219 2900 4219 2901 4219 2888 4220 2901 4220 2889 4220 2902 4221 2893 4221 2903 4221 2903 4222 2893 4222 2895 4222 2903 4223 2895 4223 2904 4223 2904 4224 2895 4224 2905 4224 2906 4225 2905 4225 2907 4225 2908 4226 2909 4226 2907 4226 2907 4227 2909 4227 2910 4227 2907 4228 2910 4228 2906 4228 2911 4229 2912 4229 2913 4229 2913 4230 2912 4230 2908 4230 2661 4231 2662 4231 2913 4231 2913 4232 2662 4232 2914 4232 2913 4233 2914 4233 2911 4233 2661 4234 2913 4234 2657 4234 2657 4235 2913 4235 2915 4235 2657 4236 2915 4236 2664 4236 2664 4237 2915 4237 2916 4237 2664 4238 2916 4238 2663 4238 2917 4239 2882 4239 2918 4239 2918 4240 2882 4240 2644 4240 2918 4241 2644 4241 2916 4241 2916 4242 2644 4242 2641 4242 2916 4243 2641 4243 2663 4243 2908 4244 2907 4244 2913 4244 2913 4245 2907 4245 2919 4245 2913 4246 2919 4246 2915 4246 2915 4247 2919 4247 2920 4247 2915 4248 2920 4248 2916 4248 2916 4249 2920 4249 2883 4249 2916 4250 2883 4250 2918 4250 2918 4251 2883 4251 2885 4251 2918 4252 2885 4252 2917 4252 2905 4253 2895 4253 2907 4253 2907 4254 2895 4254 2897 4254 2907 4255 2897 4255 2919 4255 2919 4256 2897 4256 2899 4256 2919 4257 2899 4257 2920 4257 2920 4258 2899 4258 2888 4258 2920 4259 2888 4259 2883 4259 2883 4260 2888 4260 2892 4260 2883 4261 2892 4261 2884 4261 2921 4262 2619 4262 2618 4262 2635 4263 2636 4263 2922 4263 2922 4264 2636 4264 2923 4264 2922 4265 2923 4265 2924 4265 2635 4266 2922 4266 2631 4266 2631 4267 2922 4267 2925 4267 2631 4268 2925 4268 2638 4268 2638 4269 2925 4269 2926 4269 2638 4270 2926 4270 2637 4270 2927 4271 2921 4271 2928 4271 2928 4272 2921 4272 2618 4272 2928 4273 2618 4273 2926 4273 2926 4274 2618 4274 2615 4274 2926 4275 2615 4275 2637 4275 2929 4276 2930 4276 2931 4276 2932 4277 2933 4277 2934 4277 2932 4278 2934 4278 2935 4278 2933 4279 2936 4279 2934 4279 2934 4280 2936 4280 2937 4280 2934 4281 2937 4281 2938 4281 2939 4282 2940 4282 2941 4282 2941 4283 2940 4283 2942 4283 2941 4284 2942 4284 2943 4284 2943 4285 2942 4285 2944 4285 2943 4286 2944 4286 2945 4286 2945 4287 2944 4287 2946 4287 2945 4288 2946 4288 2934 4288 2934 4289 2946 4289 2947 4289 2934 4290 2947 4290 2935 4290 2948 4291 2939 4291 2949 4291 2949 4292 2939 4292 2941 4292 2949 4293 2941 4293 2950 4293 2950 4294 2941 4294 2951 4294 2951 4295 2952 4295 2953 4295 2953 4296 2952 4296 2954 4296 2924 4297 2955 4297 2952 4297 2955 4298 2956 4298 2952 4298 2952 4299 2956 4299 2957 4299 2952 4300 2957 4300 2954 4300 2924 4301 2952 4301 2922 4301 2922 4302 2952 4302 2958 4302 2922 4303 2958 4303 2925 4303 2925 4304 2958 4304 2959 4304 2925 4305 2959 4305 2926 4305 2926 4306 2959 4306 2929 4306 2926 4307 2929 4307 2928 4307 2928 4308 2929 4308 2931 4308 2928 4309 2931 4309 2927 4309 2951 4310 2941 4310 2952 4310 2952 4311 2941 4311 2943 4311 2952 4312 2943 4312 2958 4312 2958 4313 2943 4313 2945 4313 2958 4314 2945 4314 2959 4314 2959 4315 2945 4315 2934 4315 2959 4316 2934 4316 2929 4316 2929 4317 2934 4317 2938 4317 2929 4318 2938 4318 2930 4318 2960 4319 2961 4319 2558 4319 2962 4320 2963 4320 2964 4320 2964 4321 2963 4321 2965 4321 2558 4322 2961 4322 2559 4322 2960 4323 2558 4323 2966 4323 2966 4324 2558 4324 2563 4324 2966 4325 2563 4325 2967 4325 2967 4326 2563 4326 2565 4326 2967 4327 2565 4327 2568 4327 2526 4328 2540 4328 2968 4328 2968 4329 2540 4329 2542 4329 2968 4330 2542 4330 2969 4330 2969 4331 2542 4331 2543 4331 2969 4332 2543 4332 2970 4332 2963 4333 2971 4333 2965 4333 2965 4334 2971 4334 2972 4334 2965 4334 2972 4334 2973 4334 2973 4335 2972 4335 2974 4335 2973 4336 2974 4336 2975 4336 2975 4337 2974 4337 2976 4337 2975 4338 2976 4338 2977 4338 2970 4339 2543 4339 2977 4339 2977 4340 2543 4340 2537 4340 2977 4341 2537 4341 2975 4341 2975 4342 2537 4342 2562 4342 2975 4343 2562 4343 2973 4343 2973 4344 2562 4344 2561 4344 2973 4344 2561 4344 2965 4344 2965 4345 2561 4345 2559 4345 2965 4346 2559 4346 2964 4346 2964 4347 2559 4347 2961 4347 2964 4348 2961 4348 2962 4348 2978 4349 2979 4349 2581 4349 2980 4350 2981 4350 2982 4350 2584 4351 2569 4351 2983 4351 2983 4352 2569 4352 2571 4352 2983 4353 2571 4353 2984 4353 2984 4354 2571 4354 2572 4354 2984 4355 2572 4355 2985 4355 2982 4356 2981 4356 2986 4356 2581 4357 2979 4357 2582 4357 2978 4358 2581 4358 2987 4358 2987 4359 2581 4359 2554 4359 2987 4360 2554 4360 2988 4360 2988 4361 2554 4361 2553 4361 2988 4362 2553 4362 2513 4362 2981 4363 2989 4363 2986 4363 2986 4364 2989 4364 2990 4364 2986 4365 2990 4365 2991 4365 2991 4366 2990 4366 2992 4366 2991 4367 2992 4367 2993 4367 2993 4368 2992 4368 2994 4368 2993 4369 2994 4369 2995 4369 2985 4370 2572 4370 2995 4370 2995 4371 2572 4371 2549 4371 2995 4372 2549 4372 2993 4372 2993 4373 2549 4373 2548 4373 2993 4374 2548 4374 2991 4374 2991 4375 2548 4375 2583 4375 2991 4376 2583 4376 2986 4376 2986 4377 2583 4377 2582 4377 2986 4378 2582 4378 2982 4378 2982 4379 2582 4379 2979 4379 2982 4380 2979 4380 2980 4380 2996 4381 2997 4381 2579 4381 2998 4382 2999 4382 3000 4382 3000 4383 2999 4383 3001 4383 2579 4384 2997 4384 2580 4384 2996 4385 2579 4385 3002 4385 3002 4386 2579 4386 2586 4386 3002 4387 2586 4387 3003 4387 3003 4388 2586 4388 2585 4388 3003 4389 2585 4389 2584 4389 2568 4390 2567 4390 3004 4390 3004 4391 2567 4391 2566 4391 3004 4392 2566 4392 3005 4392 3005 4393 2566 4393 2545 4393 3005 4394 2545 4394 3006 4394 2999 4395 3007 4395 3001 4395 3001 4396 3007 4396 3008 4396 3001 4396 3008 4396 3009 4396 3009 4397 3008 4397 3010 4397 3009 4398 3010 4398 3011 4398 3011 4399 3010 4399 3012 4399 3011 4400 3012 4400 3013 4400 3006 4401 2545 4401 3013 4401 3013 4402 2545 4402 2544 4402 3013 4403 2544 4403 3011 4403 3011 4404 2544 4404 2575 4404 3011 4405 2575 4405 3009 4405 3009 4406 2575 4406 2577 4406 3009 4406 2577 4406 3001 4406 3001 4407 2577 4407 2580 4407 3001 4408 2580 4408 3000 4408 3000 4409 2580 4409 2997 4409 3000 4410 2997 4410 2998 4410 3014 4411 3015 4411 2474 4411 3014 4412 2474 4412 3016 4412 3016 4413 2474 4413 3017 4413 3017 4414 2474 4414 2464 4414 3017 4415 2464 4415 2463 4415 3018 4416 3019 4416 2528 4416 2528 4417 3019 4417 3020 4417 2528 4418 3020 4418 2530 4418 3021 4419 2527 4419 3022 4419 3022 4420 2527 4420 2511 4420 3021 4421 3023 4421 2527 4421 2527 4422 3023 4422 3024 4422 2527 4423 3024 4423 2469 4423 2469 4424 3024 4424 3025 4424 3025 4425 3026 4425 2469 4425 2469 4426 3026 4426 3027 4426 2469 4427 3027 4427 2465 4427 2465 4428 3027 4428 2466 4428 3015 4429 3018 4429 2474 4429 2474 4430 3018 4430 2528 4430 2474 4431 2528 4431 2473 4431 2473 4432 2528 4432 2527 4432 2473 4433 2527 4433 2471 4433 2471 4434 2527 4434 2469 4434 3028 4435 3029 4435 2703 4435 3028 4436 2703 4436 3030 4436 3030 4437 2703 4437 3031 4437 3031 4438 2703 4438 2667 4438 3031 4439 2667 4439 2666 4439 3032 4440 3033 4440 2972 4440 2972 4441 3033 4441 3034 4441 2972 4442 3034 4442 2974 4442 3035 4443 3036 4443 2705 4443 2963 4444 3037 4444 2971 4444 2971 4445 3037 4445 3038 4445 2971 4446 3038 4446 3039 4446 3036 4447 3040 4447 2705 4447 2705 4448 3040 4448 3041 4448 2705 4449 3041 4449 2707 4449 2707 4450 3041 4450 2708 4450 3029 4451 3032 4451 2703 4451 2703 4452 3032 4452 2972 4452 2703 4453 2972 4453 2705 4453 2705 4454 2972 4454 2971 4454 2705 4455 2971 4455 3035 4455 3035 4456 2971 4456 3039 4456 3042 4457 3043 4457 2772 4457 3042 4458 2772 4458 3044 4458 3044 4459 2772 4459 3045 4459 3045 4460 2772 4460 2762 4460 3045 4461 2762 4461 2761 4461 3046 4462 3047 4462 2990 4462 2990 4463 3047 4463 3048 4463 2990 4464 3048 4464 2992 4464 2989 4465 2981 4465 3049 4465 3049 4466 3050 4466 2989 4466 2989 4467 3050 4467 3051 4467 2989 4468 3051 4468 3052 4468 3053 4469 3054 4469 2769 4469 2769 4470 3054 4470 3055 4470 2769 4471 3055 4471 2767 4471 2767 4472 3055 4472 2766 4472 3043 4473 3046 4473 2772 4473 2772 4474 3046 4474 2990 4474 2772 4475 2990 4475 2771 4475 2771 4476 2990 4476 2989 4476 2771 4477 2989 4477 2769 4477 2769 4478 2989 4478 3052 4478 2769 4479 3052 4479 3053 4479 3056 4480 3057 4480 2749 4480 3056 4481 2749 4481 3058 4481 3058 4482 2749 4482 3059 4482 3059 4483 2749 4483 2713 4483 3059 4484 2713 4484 2712 4484 3060 4485 3061 4485 3008 4485 3008 4486 3061 4486 3062 4486 3008 4487 3062 4487 3010 4487 2999 4488 3063 4488 3007 4488 3007 4489 3063 4489 3064 4489 3007 4490 3064 4490 3065 4490 2751 4491 3066 4491 3067 4491 3067 4492 3068 4492 2751 4492 2751 4493 3068 4493 3069 4493 2751 4494 3069 4494 2753 4494 2753 4495 3069 4495 2754 4495 3057 4496 3060 4496 2749 4496 2749 4497 3060 4497 3008 4497 2749 4498 3008 4498 2751 4498 2751 4499 3008 4499 3007 4499 2751 4500 3007 4500 3066 4500 3066 4501 3007 4501 3065 4501 2793 4502 2901 4502 2790 4502 2790 4503 2901 4503 2900 4503 2790 4504 2900 4504 2788 4504 2788 4505 2900 4505 2898 4505 2788 4506 2898 4506 2786 4506 2786 4507 2898 4507 2896 4507 2893 4508 2778 4508 2894 4508 2894 4509 2778 4509 2777 4509 2894 4510 2777 4510 2896 4510 2896 4511 2777 4511 2784 4511 2896 4512 2784 4512 2786 4512 2760 4513 3070 4513 2761 4513 2761 4513 3070 4513 3071 4513 2761 4514 3071 4514 3045 4514 3045 4515 3071 4515 3072 4515 3045 4516 3072 4516 3044 4516 3073 4513 2914 4513 3074 4513 3074 4513 2914 4513 2662 4513 3074 4513 2662 4513 3075 4513 3075 4517 2662 4517 2660 4517 3075 4518 2660 4518 3076 4518 3076 4519 2660 4519 2659 4519 3076 4520 2659 4520 3077 4520 3077 4521 2659 4521 3044 4521 3077 4522 3044 4522 3078 4522 3078 4523 3044 4523 3072 4523 3044 4524 2659 4524 3042 4524 3042 4525 2659 4525 2658 4525 3042 4526 2658 4526 3043 4526 3043 4527 2658 4527 2656 4527 3043 4528 2656 4528 3046 4528 3046 4529 2656 4529 2655 4529 3046 4530 2655 4530 3047 4530 3047 4531 2655 4531 2651 4531 3021 4532 2595 4532 3023 4532 3023 4533 2595 4533 2594 4533 3023 4534 2594 4534 3024 4534 3024 4535 2594 4535 2588 4535 3024 4536 2588 4536 3025 4536 3025 4537 2588 4537 2587 4537 3025 4538 2587 4538 3026 4538 3026 4539 2587 4539 2590 4539 2496 4540 2494 4540 2848 4540 2468 4541 3079 4541 2502 4541 2502 4542 3079 4542 3080 4542 2502 4543 3080 4543 2503 4543 3080 4544 3081 4544 2503 4544 2503 4545 3081 4545 3082 4545 2503 4546 3082 4546 2504 4546 2504 4547 3082 4547 2497 4547 2497 4548 2845 4548 2498 4548 2498 4549 2845 4549 2853 4549 2498 4550 2853 4550 2500 4550 2500 4551 2853 4551 2501 4551 2501 4552 2853 4552 2852 4552 2501 4553 2852 4553 2851 4553 2848 4554 2494 4554 2851 4554 2851 4555 2494 4555 2493 4555 2851 4556 2493 4556 2501 4556 2862 4557 2495 4557 2850 4557 2850 4558 2495 4558 2496 4558 2850 4559 2496 4559 2847 4559 2847 4560 2496 4560 2848 4560 3083 4561 2843 4561 3084 4561 3084 4562 2843 4562 2878 4562 3084 4563 2878 4563 3085 4563 3085 4564 2878 4564 2846 4564 3085 4565 2846 4565 3086 4565 3086 4566 2846 4566 2845 4566 3086 4567 2845 4567 3087 4567 3087 4568 2845 4568 2497 4568 3087 4569 2497 4569 3088 4569 3088 4570 2497 4570 3082 4570 2495 4571 2862 4571 2492 4571 2492 4572 2862 4572 2861 4572 2492 4573 2861 4573 2490 4573 2490 4574 2861 4574 2859 4574 2490 4575 2859 4575 2488 4575 2488 4576 2859 4576 2857 4576 2854 4577 2480 4577 2855 4577 2855 4578 2480 4578 2479 4578 2855 4579 2479 4579 2857 4579 2857 4580 2479 4580 2486 4580 2857 4581 2486 4581 2488 4581 3089 4582 2875 4582 3090 4582 3090 4582 2875 4582 2610 4582 3090 4582 2610 4582 3091 4582 3091 4583 2610 4583 2608 4583 3091 4584 2608 4584 3092 4584 3092 4585 2608 4585 2607 4585 3092 4586 2607 4586 3093 4586 3093 4587 2607 4587 3016 4587 2462 4582 3094 4582 2463 4582 2463 4582 3094 4582 3095 4582 2463 4588 3095 4588 3017 4588 3017 4589 3095 4589 3096 4589 3017 4590 3096 4590 3016 4590 3016 4591 3096 4591 3097 4591 3016 4592 3097 4592 3093 4592 3016 4593 2607 4593 3014 4593 3014 4594 2607 4594 2606 4594 3014 4595 2606 4595 3015 4595 3015 4596 2606 4596 2604 4596 3015 4597 2604 4597 3018 4597 3018 4598 2604 4598 2603 4598 3018 4599 2603 4599 3019 4599 3019 4600 2603 4600 2599 4600 3050 4601 2647 4601 3051 4601 3051 4602 2647 4602 2646 4602 3051 4603 2646 4603 3052 4603 3052 4604 2646 4604 2640 4604 3052 4605 2640 4605 3053 4605 3053 4606 2640 4606 2639 4606 3053 4607 2639 4607 3054 4607 3054 4608 2639 4608 2642 4608 2794 4609 2792 4609 2887 4609 2763 4610 3098 4610 2764 4610 2764 4611 3098 4611 3099 4611 2764 4612 3099 4612 2799 4612 3099 4613 3100 4613 2799 4613 2799 4614 3100 4614 3101 4614 2799 4615 3101 4615 2800 4615 2800 4616 3101 4616 2801 4616 2801 4617 2884 4617 2798 4617 2798 4618 2884 4618 2892 4618 2798 4619 2892 4619 2797 4619 2797 4620 2892 4620 2795 4620 2795 4621 2892 4621 2891 4621 2795 4622 2891 4622 2890 4622 2887 4623 2792 4623 2890 4623 2890 4624 2792 4624 2791 4624 2890 4625 2791 4625 2795 4625 2901 4626 2793 4626 2889 4626 2889 4627 2793 4627 2794 4627 2889 4628 2794 4628 2886 4628 2886 4629 2794 4629 2887 4629 3102 4630 2882 4630 3103 4630 3103 4631 2882 4631 2917 4631 3103 4632 2917 4632 3104 4632 3104 4633 2917 4633 2885 4633 3104 4634 2885 4634 3105 4634 3105 4635 2885 4635 2884 4635 3105 4636 2884 4636 3106 4636 3106 4637 2884 4637 2801 4637 3106 4638 2801 4638 3107 4638 3107 4639 2801 4639 3101 4639 3064 4640 2621 4640 3065 4640 3065 4641 2621 4641 2620 4641 3065 4642 2620 4642 3066 4642 3066 4643 2620 4643 2614 4643 3066 4644 2614 4644 3067 4644 3067 4645 2614 4645 2613 4645 3067 4646 2613 4646 3068 4646 3068 4647 2613 4647 2616 4647 2738 4648 2736 4648 2933 4648 2744 4649 3108 4649 2745 4649 2745 4650 3108 4650 3109 4650 2745 4651 3109 4651 2747 4651 3109 4652 3110 4652 2747 4652 2747 4653 3110 4653 3111 4653 2747 4654 3111 4654 2748 4654 2748 4655 3111 4655 2739 4655 2739 4656 2930 4656 2740 4656 2740 4657 2930 4657 2938 4657 2740 4658 2938 4658 2742 4658 2742 4659 2938 4659 2743 4659 2743 4660 2938 4660 2937 4660 2743 4661 2937 4661 2936 4661 2933 4662 2736 4662 2936 4662 2936 4663 2736 4663 2735 4663 2936 4664 2735 4664 2743 4664 2947 4665 2737 4665 2935 4665 2935 4666 2737 4666 2738 4666 2935 4667 2738 4667 2932 4667 2932 4668 2738 4668 2933 4668 3112 4669 2921 4669 3113 4669 3113 4670 2921 4670 2927 4670 3113 4671 2927 4671 3114 4671 3114 4672 2927 4672 2931 4672 3114 4673 2931 4673 3115 4673 3115 4674 2931 4674 2930 4674 3115 4675 2930 4675 3116 4675 3116 4676 2930 4676 2739 4676 3116 4677 2739 4677 3117 4677 3117 4678 2739 4678 3111 4678 2737 4679 2947 4679 2734 4679 2734 4680 2947 4680 2946 4680 2734 4681 2946 4681 2732 4681 2732 4682 2946 4682 2944 4682 2732 4683 2944 4683 2730 4683 2730 4684 2944 4684 2942 4684 2939 4685 2722 4685 2940 4685 2940 4686 2722 4686 2721 4686 2940 4687 2721 4687 2942 4687 2942 4688 2721 4688 2728 4688 2942 4689 2728 4689 2730 4689 2711 4690 3118 4690 2712 4690 2712 4690 3118 4690 3119 4690 2712 4691 3119 4691 3059 4691 3059 4692 3119 4692 3120 4692 3059 4693 3120 4693 3058 4693 3121 4690 2923 4690 3122 4690 3122 4690 2923 4690 2636 4690 3122 4690 2636 4690 3123 4690 3123 4694 2636 4694 2634 4694 3123 4695 2634 4695 3124 4695 3124 4696 2634 4696 2633 4696 3124 4697 2633 4697 3125 4697 3125 4698 2633 4698 3058 4698 3125 4699 3058 4699 3126 4699 3126 4700 3058 4700 3120 4700 3058 4701 2633 4701 3056 4701 3056 4702 2633 4702 2632 4702 3056 4703 2632 4703 3057 4703 3057 4704 2632 4704 2630 4704 3057 4705 2630 4705 3060 4705 3060 4706 2630 4706 2629 4706 3060 4707 2629 4707 3061 4707 3061 4708 2629 4708 2625 4708 2967 4709 2568 4709 2420 4709 2422 4710 2428 4710 2456 4710 2967 4711 2420 4711 2966 4711 2966 4712 2420 4712 2421 4712 2966 4713 2421 4713 2960 4713 3006 4714 2419 4714 3005 4714 3005 4715 2419 4715 2420 4715 3005 4716 2420 4716 3004 4716 3004 4717 2420 4717 2568 4717 2628 4718 2425 4718 2418 4718 3006 4719 3013 4719 2419 4719 2419 4720 3013 4720 3012 4720 2419 4721 3012 4721 2418 4721 2418 4722 3012 4722 3010 4722 2418 4723 3010 4723 2628 4723 2628 4724 3010 4724 3062 4724 2628 4725 3062 4725 2627 4725 2627 4726 3062 4726 3061 4726 2627 4727 3061 4727 2625 4727 2453 4728 3038 4728 2455 4728 2455 4729 3038 4729 3037 4729 2455 4730 3037 4730 2456 4730 2456 4731 3037 4731 2963 4731 2456 4732 2963 4732 2422 4732 2422 4733 2963 4733 2962 4733 2422 4734 2962 4734 2421 4734 2421 4735 2962 4735 2961 4735 2421 4736 2961 4736 2960 4736 3038 4737 2453 4737 3039 4737 3039 4738 2453 4738 2452 4738 3039 4739 2452 4739 3035 4739 3035 4740 2452 4740 2446 4740 3035 4741 2446 4741 3036 4741 3036 4742 2446 4742 2445 4742 3036 4743 2445 4743 3040 4743 3040 4744 2445 4744 2448 4744 2524 4745 2526 4745 2409 4745 667 4746 666 4746 2598 4746 2524 4747 2409 4747 2522 4747 2522 4748 2409 4748 2410 4748 2522 4749 2410 4749 2507 4749 2970 4750 2408 4750 2969 4750 2969 4751 2408 4751 2409 4751 2969 4752 2409 4752 2968 4752 2968 4753 2409 4753 2526 4753 2436 4754 2430 4754 2407 4754 2970 4755 2977 4755 2408 4755 2408 4756 2977 4756 2976 4756 2408 4757 2976 4757 2407 4757 2407 4758 2976 4758 2974 4758 2407 4759 2974 4759 2436 4759 2436 4760 2974 4760 3034 4760 2436 4761 3034 4761 2435 4761 2435 4762 3034 4762 3033 4762 2435 4763 3033 4763 2433 4763 2595 4764 3021 4764 2597 4764 2597 4765 3021 4765 3022 4765 2597 4766 3022 4766 2598 4766 2598 4767 3022 4767 2511 4767 2598 4768 2511 4768 667 4768 667 4769 2511 4769 2510 4769 667 4770 2510 4770 2410 4770 2410 4771 2510 4771 2508 4771 2410 4772 2508 4772 2507 4772 2692 4773 2690 4773 2815 4773 2698 4774 3127 4774 2699 4774 2699 4775 3127 4775 3128 4775 2699 4776 3128 4776 2701 4776 3128 4777 3129 4777 2701 4777 2701 4778 3129 4778 3130 4778 2701 4779 3130 4779 2702 4779 2702 4780 3130 4780 2693 4780 2693 4781 2812 4781 2694 4781 2694 4782 2812 4782 2820 4782 2694 4783 2820 4783 2696 4783 2696 4784 2820 4784 2697 4784 2697 4785 2820 4785 2819 4785 2697 4786 2819 4786 2818 4786 2815 4787 2690 4787 2818 4787 2818 4788 2690 4788 2689 4788 2818 4789 2689 4789 2697 4789 2829 4790 2691 4790 2817 4790 2817 4791 2691 4791 2692 4791 2817 4792 2692 4792 2814 4792 2814 4793 2692 4793 2815 4793 3131 4794 2804 4794 3132 4794 3132 4795 2804 4795 2809 4795 3132 4796 2809 4796 3133 4796 3133 4797 2809 4797 2813 4797 3133 4798 2813 4798 3134 4798 3134 4799 2813 4799 2812 4799 3134 4800 2812 4800 3135 4800 3135 4801 2812 4801 2693 4801 3135 4802 2693 4802 3136 4802 3136 4803 2693 4803 3130 4803 3030 4804 2441 4804 3028 4804 3028 4805 2441 4805 2440 4805 3028 4806 2440 4806 3029 4806 3029 4807 2440 4807 2438 4807 3029 4808 2438 4808 3032 4808 3032 4809 2438 4809 2437 4809 3032 4810 2437 4810 3033 4810 3033 4811 2437 4811 2433 4811 2691 4812 2829 4812 2688 4812 2688 4813 2829 4813 2828 4813 2688 4814 2828 4814 2686 4814 2686 4815 2828 4815 2826 4815 2686 4816 2826 4816 2684 4816 2684 4817 2826 4817 2824 4817 2821 4818 2676 4818 2822 4818 2822 4819 2676 4819 2675 4819 2822 4820 2675 4820 2824 4820 2824 4821 2675 4821 2682 4821 2824 4822 2682 4822 2684 4822 3137 4823 2806 4823 3138 4823 3138 4823 2806 4823 2444 4823 3138 4823 2444 4823 3139 4823 3139 4824 2444 4824 2442 4824 3139 4825 2442 4825 3140 4825 3140 4826 2442 4826 2441 4826 3140 4827 2441 4827 3141 4827 3141 4828 2441 4828 3030 4828 2665 4823 3142 4823 2666 4823 2666 4823 3142 4823 3143 4823 2666 4829 3143 4829 3031 4829 3031 4830 3143 4830 3144 4830 3031 4831 3144 4831 3030 4831 3030 4832 3144 4832 3145 4832 3030 4833 3145 4833 3141 4833 2863 4834 2864 4834 2483 4834 3146 4835 3147 4835 2870 4835 2875 4836 3089 4836 2872 4836 2872 4837 3089 4837 3148 4837 2872 4838 3148 4838 2873 4838 2873 4839 3148 4839 3146 4839 2873 4840 3146 4840 2869 4840 2869 4841 3146 4841 2870 4841 2870 4842 2476 4842 2871 4842 2871 4843 2476 4843 2475 4843 2871 4844 2475 4844 2867 4844 2867 4845 2475 4845 2866 4845 2866 4846 2475 4846 2485 4846 2866 4847 2485 4847 2484 4847 2483 4848 2864 4848 2484 4848 2484 4849 2864 4849 2865 4849 2484 4850 2865 4850 2866 4850 2480 4851 2854 4851 2481 4851 2481 4852 2854 4852 2863 4852 2481 4853 2863 4853 2482 4853 2482 4854 2863 4854 2483 4854 3094 4855 2462 4855 3149 4855 3149 4856 2462 4856 2460 4856 3149 4857 2460 4857 3150 4857 3150 4858 2460 4858 2459 4858 3150 4859 2459 4859 3151 4859 3151 4860 2459 4860 2476 4860 3151 4861 2476 4861 3152 4861 3152 4862 2476 4862 2870 4862 3152 4863 2870 4863 3153 4863 3153 4864 2870 4864 3147 4864 2882 4690 3102 4690 2645 4690 2645 4690 3102 4690 3154 4690 2645 4865 3154 4865 2643 4865 2643 4866 3154 4866 3155 4866 2643 4867 3155 4867 2642 4867 3098 4690 2763 4690 3156 4690 3156 4690 2763 4690 2766 4690 3156 4690 2766 4690 3157 4690 3157 4868 2766 4868 3055 4868 3157 4869 3055 4869 3158 4869 3158 4870 3055 4870 3054 4870 3158 4871 3054 4871 3159 4871 3159 4872 3054 4872 2642 4872 3159 4873 2642 4873 3160 4873 3160 4874 2642 4874 3155 4874 3161 4875 3156 4875 3162 4875 3162 4876 3156 4876 3157 4876 3162 4877 3157 4877 3163 4877 3163 4878 3157 4878 3158 4878 3163 4878 3158 4878 3164 4878 3164 4879 3158 4879 3159 4879 3164 4879 3159 4879 3165 4879 3165 4880 3159 4880 3160 4880 3165 4880 3160 4880 3166 4880 3166 4881 3160 4881 3155 4881 3166 4881 3155 4881 3167 4881 3167 4882 3155 4882 3154 4882 3167 4883 3154 4883 3168 4883 3168 4884 3154 4884 3102 4884 3168 4885 3102 4885 3169 4885 3101 4886 3100 4886 3170 4886 3170 4887 3100 4887 3099 4887 3170 4888 3099 4888 3161 4888 3161 4889 3099 4889 3098 4889 3161 4890 3098 4890 3156 4890 3101 4891 3170 4891 3107 4891 3107 4892 3170 4892 3171 4892 3107 4893 3171 4893 3106 4893 3106 4894 3171 4894 3105 4894 3105 4895 3171 4895 3172 4895 3105 4896 3172 4896 3104 4896 3169 4897 3102 4897 3172 4897 3172 4898 3102 4898 3103 4898 3172 4899 3103 4899 3104 4899 2843 4513 3083 4513 2593 4513 2593 4513 3083 4513 3173 4513 2593 4900 3173 4900 2591 4900 2591 4901 3173 4901 3174 4901 2591 4902 3174 4902 2590 4902 3079 4513 2468 4513 3175 4513 3175 4513 2468 4513 2466 4513 3175 4513 2466 4513 3176 4513 3176 4903 2466 4903 3027 4903 3176 4904 3027 4904 3177 4904 3177 4905 3027 4905 3026 4905 3177 4906 3026 4906 3178 4906 3178 4907 3026 4907 2590 4907 3178 4908 2590 4908 3179 4908 3179 4909 2590 4909 3174 4909 2830 4910 2831 4910 2679 4910 3180 4911 3181 4911 2837 4911 2806 4912 3137 4912 2839 4912 2839 4913 3137 4913 3182 4913 2839 4914 3182 4914 2840 4914 2840 4915 3182 4915 3180 4915 2840 4916 3180 4916 2836 4916 2836 4917 3180 4917 2837 4917 2837 4918 2672 4918 2838 4918 2838 4919 2672 4919 2671 4919 2838 4920 2671 4920 2834 4920 2834 4921 2671 4921 2833 4921 2833 4922 2671 4922 2681 4922 2833 4923 2681 4923 2680 4923 2679 4924 2831 4924 2680 4924 2680 4925 2831 4925 2832 4925 2680 4926 2832 4926 2833 4926 2676 4927 2821 4927 2677 4927 2677 4928 2821 4928 2830 4928 2677 4929 2830 4929 2678 4929 2678 4930 2830 4930 2679 4930 3142 4931 2665 4931 3183 4931 3183 4932 2665 4932 2669 4932 3183 4933 2669 4933 3184 4933 3184 4934 2669 4934 2668 4934 3184 4935 2668 4935 3185 4935 3185 4936 2668 4936 2672 4936 3185 4937 2672 4937 3186 4937 3186 4938 2672 4938 2837 4938 3186 4939 2837 4939 3187 4939 3187 4940 2837 4940 3181 4940 3188 4941 3175 4941 3189 4941 3189 4942 3175 4942 3176 4942 3189 4943 3176 4943 3190 4943 3190 4944 3176 4944 3177 4944 3190 4944 3177 4944 3191 4944 3191 4945 3177 4945 3178 4945 3191 4945 3178 4945 3192 4945 3192 4946 3178 4946 3179 4946 3192 4946 3179 4946 3193 4946 3193 4947 3179 4947 3174 4947 3193 4947 3174 4947 3194 4947 3194 4948 3174 4948 3173 4948 3194 4949 3173 4949 3195 4949 3195 4950 3173 4950 3083 4950 3195 4951 3083 4951 3196 4951 3082 4952 3081 4952 3197 4952 3197 4953 3081 4953 3080 4953 3197 4954 3080 4954 3188 4954 3188 4955 3080 4955 3079 4955 3188 4956 3079 4956 3175 4956 3082 4957 3197 4957 3088 4957 3088 4958 3197 4958 3198 4958 3088 4959 3198 4959 3087 4959 3087 4960 3198 4960 3086 4960 3086 4961 3198 4961 3199 4961 3086 4962 3199 4962 3085 4962 3196 4963 3083 4963 3199 4963 3199 4964 3083 4964 3084 4964 3199 4965 3084 4965 3085 4965 2948 4966 2949 4966 2725 4966 3200 4967 3201 4967 2957 4967 2923 4968 3121 4968 2924 4968 2924 4969 3121 4969 3202 4969 2924 4970 3202 4970 2955 4970 2955 4971 3202 4971 3200 4971 2955 4972 3200 4972 2956 4972 2956 4973 3200 4973 2957 4973 2957 4974 2718 4974 2954 4974 2954 4975 2718 4975 2717 4975 2954 4976 2717 4976 2953 4976 2953 4977 2717 4977 2951 4977 2951 4978 2717 4978 2727 4978 2951 4979 2727 4979 2726 4979 2725 4980 2949 4980 2726 4980 2726 4981 2949 4981 2950 4981 2726 4982 2950 4982 2951 4982 2722 4983 2939 4983 2723 4983 2723 4984 2939 4984 2948 4984 2723 4985 2948 4985 2724 4985 2724 4986 2948 4986 2725 4986 3118 4987 2711 4987 3203 4987 3203 4988 2711 4988 2715 4988 3203 4989 2715 4989 3204 4989 3204 4990 2715 4990 2714 4990 3204 4991 2714 4991 3205 4991 3205 4992 2714 4992 2718 4992 3205 4993 2718 4993 3206 4993 3206 4994 2718 4994 2957 4994 3206 4995 2957 4995 3207 4995 3207 4996 2957 4996 3201 4996 3127 4582 2698 4582 3208 4582 3208 4582 2698 4582 2708 4582 3208 4582 2708 4582 3209 4582 3209 4997 2708 4997 3041 4997 3209 4998 3041 4998 3210 4998 3210 4999 3041 4999 3040 4999 3210 5000 3040 5000 3211 5000 3211 5001 3040 5001 2448 5001 2804 4582 3131 4582 2451 4582 2451 4582 3131 4582 3212 4582 2451 5002 3212 5002 2449 5002 2449 5003 3212 5003 3213 5003 2449 5004 3213 5004 2448 5004 2448 5005 3213 5005 3214 5005 2448 5006 3214 5006 3211 5006 3215 5007 3208 5007 3216 5007 3216 5008 3208 5008 3209 5008 3216 5009 3209 5009 3217 5009 3217 5010 3209 5010 3210 5010 3217 5010 3210 5010 3218 5010 3218 5011 3210 5011 3211 5011 3218 5011 3211 5011 3219 5011 3219 5012 3211 5012 3214 5012 3219 5012 3214 5012 3220 5012 3220 5013 3214 5013 3213 5013 3220 5013 3213 5013 3221 5013 3221 5014 3213 5014 3212 5014 3221 5015 3212 5015 3222 5015 3222 5016 3212 5016 3131 5016 3222 5017 3131 5017 3223 5017 3130 5018 3129 5018 3224 5018 3224 5019 3129 5019 3128 5019 3224 5020 3128 5020 3215 5020 3215 5021 3128 5021 3127 5021 3215 5022 3127 5022 3208 5022 3130 5023 3224 5023 3136 5023 3136 5024 3224 5024 3225 5024 3136 5025 3225 5025 3135 5025 3135 5026 3225 5026 3134 5026 3134 5027 3225 5027 3226 5027 3134 5028 3226 5028 3133 5028 3223 5029 3131 5029 3226 5029 3226 5030 3131 5030 3132 5030 3226 5031 3132 5031 3133 5031 2902 5032 2903 5032 2781 5032 3227 5033 3228 5033 2909 5033 2914 5034 3073 5034 2911 5034 2911 5035 3073 5035 3229 5035 2911 5036 3229 5036 2912 5036 2912 5037 3229 5037 3227 5037 2912 5038 3227 5038 2908 5038 2908 5039 3227 5039 2909 5039 2909 5040 2774 5040 2910 5040 2910 5041 2774 5041 2773 5041 2910 5042 2773 5042 2906 5042 2906 5043 2773 5043 2905 5043 2905 5044 2773 5044 2783 5044 2905 5045 2783 5045 2782 5045 2781 5046 2903 5046 2782 5046 2782 5047 2903 5047 2904 5047 2782 5048 2904 5048 2905 5048 2778 5049 2893 5049 2779 5049 2779 5050 2893 5050 2902 5050 2779 5051 2902 5051 2780 5051 2780 5052 2902 5052 2781 5052 3070 5053 2760 5053 3230 5053 3230 5054 2760 5054 2758 5054 3230 5055 2758 5055 3231 5055 3231 5056 2758 5056 2757 5056 3231 5057 2757 5057 3232 5057 3232 5058 2757 5058 2774 5058 3232 5059 2774 5059 3233 5059 3233 5060 2774 5060 2909 5060 3233 5061 2909 5061 3234 5061 3234 5062 2909 5062 3228 5062 3108 4823 2744 4823 3235 4823 3235 4823 2744 4823 2754 4823 3235 4823 2754 4823 3236 4823 3236 5063 2754 5063 3069 5063 3236 5064 3069 5064 3237 5064 3237 5065 3069 5065 3068 5065 3237 5066 3068 5066 3238 5066 3238 5067 3068 5067 2616 5067 2921 4823 3112 4823 2619 4823 2619 4823 3112 4823 3239 4823 2619 5068 3239 5068 2617 5068 2617 5069 3239 5069 3240 5069 2617 5070 3240 5070 2616 5070 2616 5071 3240 5071 3241 5071 2616 5072 3241 5072 3238 5072 3242 5073 3235 5073 3243 5073 3243 5074 3235 5074 3236 5074 3243 5075 3236 5075 3244 5075 3244 5076 3236 5076 3237 5076 3244 5076 3237 5076 3245 5076 3245 5077 3237 5077 3238 5077 3245 5077 3238 5077 3246 5077 3246 5078 3238 5078 3241 5078 3246 5078 3241 5078 3247 5078 3247 5079 3241 5079 3240 5079 3247 5079 3240 5079 3248 5079 3248 5080 3240 5080 3239 5080 3248 5081 3239 5081 3249 5081 3249 5082 3239 5082 3112 5082 3249 5083 3112 5083 3250 5083 3111 5084 3110 5084 3251 5084 3251 5085 3110 5085 3109 5085 3251 5086 3109 5086 3242 5086 3242 5087 3109 5087 3108 5087 3242 5088 3108 5088 3235 5088 3111 5089 3251 5089 3117 5089 3117 5090 3251 5090 3252 5090 3117 5091 3252 5091 3116 5091 3116 5092 3252 5092 3115 5092 3115 5093 3252 5093 3253 5093 3115 5094 3253 5094 3114 5094 3250 5095 3112 5095 3253 5095 3253 5096 3112 5096 3113 5096 3253 5097 3113 5097 3114 5097 3254 5098 3255 5098 3089 5098 3089 5099 3255 5099 3148 5099 3148 5100 3255 5100 3256 5100 3148 5101 3256 5101 3146 5101 3257 5102 3153 5102 3256 5102 3256 5103 3153 5103 3147 5103 3256 5104 3147 5104 3146 5104 3258 5105 3151 5105 3257 5105 3257 5106 3151 5106 3152 5106 3257 5107 3152 5107 3153 5107 3094 5108 3149 5108 3258 5108 3258 5109 3149 5109 3150 5109 3258 5110 3150 5110 3151 5110 3089 5111 3090 5111 3254 5111 3254 5112 3090 5112 3091 5112 3254 5113 3091 5113 3259 5113 3259 4881 3091 4881 3092 4881 3259 4881 3092 4881 3260 4881 3260 4880 3092 4880 3093 4880 3260 4880 3093 4880 3261 4880 3261 4879 3093 4879 3097 4879 3261 4879 3097 4879 3262 4879 3262 4878 3097 4878 3096 4878 3262 4878 3096 4878 3263 4878 3263 5114 3096 5114 3095 5114 3263 5115 3095 5115 3264 5115 3264 5116 3095 5116 3094 5116 3264 5117 3094 5117 3265 5117 3265 5118 3094 5118 3258 5118 3266 5119 3267 5119 3268 5119 3267 5120 3269 5120 3268 5120 3268 5121 3269 5121 3270 5121 3268 5122 3270 5122 3271 5122 3270 5123 3272 5123 3271 5123 3271 5124 3272 5124 3273 5124 3271 5125 3273 5125 3274 5125 3273 5126 3275 5126 3274 5126 3274 5127 3275 5127 3276 5127 3274 5128 3276 5128 3277 5128 3277 5129 3276 5129 3278 5129 3277 5130 3278 5130 3279 5130 3279 5131 3278 5131 3280 5131 3279 5132 3280 5132 3281 5132 3281 5133 3280 5133 3282 5133 3282 5134 3283 5134 3281 5134 3281 5135 3283 5135 3284 5135 3281 5136 3284 5136 3285 5136 3284 5137 3286 5137 3285 5137 3285 5138 3286 5138 3287 5138 3285 5139 3287 5139 3288 5139 3287 5140 3289 5140 3288 5140 3288 5141 3289 5141 3290 5141 3288 5142 3290 5142 3291 5142 3291 5143 3290 5143 3292 5143 3290 5144 3293 5144 3292 5144 3292 5145 3293 5145 3294 5145 3292 5146 3294 5146 3295 5146 3295 5147 3294 5147 3296 5147 3296 5148 3297 5148 3295 5148 3295 5149 3297 5149 3298 5149 3295 5150 3298 5150 3299 5150 3298 5151 3300 5151 3299 5151 3299 5152 3300 5152 3301 5152 3299 5153 3301 5153 3302 5153 3302 5154 3301 5154 3303 5154 3302 5155 3303 5155 3304 5155 3304 5156 3303 5156 3305 5156 3304 5157 3305 5157 3306 5157 3306 5158 3305 5158 3307 5158 3308 5159 3309 5159 3310 5159 3310 5160 3309 5160 3306 5160 3310 5161 3306 5161 3311 5161 3311 5162 3306 5162 3307 5162 3312 5163 3313 5163 3314 5163 3314 5164 3313 5164 3315 5164 3314 5165 3315 5165 3316 5165 3316 5166 3315 5166 3317 5166 3316 5167 3317 5167 3318 5167 3318 5168 3317 5168 3319 5168 3318 5169 3319 5169 3320 5169 3320 5170 3319 5170 3321 5170 3321 5171 3322 5171 3320 5171 3320 5172 3322 5172 3323 5172 3320 5173 3323 5173 3324 5173 3268 5174 3325 5174 3266 5174 3266 5175 3325 5175 3326 5175 3266 5176 3326 5176 3327 5176 3327 5177 3326 5177 3324 5177 3327 5178 3324 5178 3328 5178 3328 5179 3324 5179 3323 5179 3309 5180 3329 5180 3330 5180 3309 5181 3330 5181 3306 5181 3306 5182 3330 5182 3331 5182 3306 5183 3331 5183 3304 5183 3304 5184 3331 5184 3332 5184 3304 5185 3332 5185 3302 5185 3302 5186 3332 5186 3333 5186 3302 5187 3333 5187 3299 5187 3299 5188 3333 5188 3334 5188 3299 5189 3334 5189 3295 5189 3295 5190 3334 5190 3335 5190 3295 5191 3335 5191 3292 5191 3292 5192 3335 5192 3336 5192 3292 5193 3336 5193 3291 5193 3291 5194 3336 5194 3337 5194 3291 5195 3337 5195 3288 5195 3288 5196 3337 5196 3338 5196 3288 5197 3338 5197 3285 5197 3285 5198 3338 5198 3339 5198 3285 5199 3339 5199 3281 5199 3281 5200 3339 5200 3340 5200 3281 5201 3340 5201 3279 5201 3279 5202 3340 5202 3341 5202 3279 5203 3341 5203 3277 5203 3277 5204 3341 5204 3342 5204 3277 5205 3342 5205 3274 5205 3274 5206 3342 5206 3343 5206 3274 5207 3343 5207 3271 5207 3271 5208 3343 5208 3344 5208 3271 5209 3344 5209 3268 5209 3268 5210 3344 5210 3345 5210 3268 5211 3345 5211 3325 5211 3325 5212 3345 5212 3346 5212 3325 5213 3346 5213 3326 5213 3326 5214 3346 5214 3347 5214 3326 5215 3347 5215 3324 5215 3324 5216 3347 5216 3348 5216 3324 5217 3348 5217 3320 5217 3320 5218 3348 5218 3349 5218 3320 5219 3349 5219 3318 5219 3318 5220 3349 5220 3350 5220 3318 5221 3350 5221 3316 5221 3316 5222 3350 5222 3351 5222 3316 5223 3351 5223 3314 5223 3352 5224 3353 5224 3329 5224 3353 5225 3354 5225 3329 5225 3329 5226 3354 5226 3355 5226 3329 5227 3355 5227 3330 5227 3330 5228 3355 5228 3356 5228 3330 5229 3356 5229 3331 5229 3331 5230 3356 5230 3357 5230 3331 5231 3357 5231 3332 5231 3332 5232 3357 5232 3358 5232 3332 5233 3358 5233 3333 5233 3333 5234 3358 5234 3359 5234 3333 5235 3359 5235 3334 5235 3334 5236 3359 5236 3360 5236 3334 5237 3360 5237 3335 5237 3335 5238 3360 5238 3361 5238 3335 5239 3361 5239 3336 5239 3336 5240 3361 5240 3362 5240 3336 5241 3362 5241 3337 5241 3337 5242 3362 5242 3363 5242 3337 5243 3363 5243 3338 5243 3338 5244 3363 5244 3364 5244 3338 5245 3364 5245 3339 5245 3339 5246 3364 5246 3365 5246 3339 5247 3365 5247 3340 5247 3340 5248 3365 5248 3366 5248 3340 5249 3366 5249 3341 5249 3341 5250 3366 5250 3367 5250 3341 5251 3367 5251 3342 5251 3342 5252 3367 5252 3368 5252 3342 5253 3368 5253 3343 5253 3343 5254 3368 5254 3369 5254 3343 5255 3369 5255 3344 5255 3344 5256 3369 5256 3370 5256 3344 5257 3370 5257 3345 5257 3345 5258 3370 5258 3371 5258 3345 5259 3371 5259 3346 5259 3346 5260 3371 5260 3372 5260 3346 5261 3372 5261 3347 5261 3347 5262 3372 5262 3373 5262 3347 5263 3373 5263 3348 5263 3348 5264 3373 5264 3374 5264 3348 5265 3374 5265 3349 5265 3349 5266 3374 5266 3375 5266 3349 5267 3375 5267 3350 5267 3350 5268 3375 5268 3352 5268 3350 5269 3352 5269 3351 5269 3351 5270 3352 5270 3329 5270 3351 5271 3329 5271 3314 5271 3314 5272 3329 5272 3309 5272 3314 5273 3309 5273 3312 5273 3312 5274 3309 5274 3308 5274 3376 5275 3377 5275 3378 5275 3378 5276 3377 5276 3379 5276 3378 5277 3379 5277 3380 5277 3380 5278 3379 5278 3381 5278 3380 5279 3381 5279 3382 5279 3382 5280 3381 5280 3383 5280 3382 5281 3383 5281 3384 5281 3384 5282 3383 5282 3385 5282 3384 5283 3385 5283 3386 5283 3386 5284 3385 5284 3387 5284 3386 5285 3387 5285 3388 5285 3388 5286 3387 5286 3389 5286 3388 5287 3389 5287 3390 5287 3390 5288 3389 5288 3391 5288 3390 5289 3391 5289 3392 5289 3392 5290 3391 5290 3393 5290 3392 5291 3393 5291 3394 5291 3394 5292 3393 5292 3395 5292 3394 5293 3395 5293 3396 5293 3396 5294 3395 5294 3397 5294 3396 5295 3397 5295 3398 5295 3398 5296 3397 5296 3399 5296 3398 5297 3399 5297 3400 5297 3400 5298 3399 5298 3401 5298 3400 5299 3401 5299 3402 5299 3402 5300 3401 5300 3403 5300 3402 5301 3403 5301 3404 5301 3404 5302 3403 5302 3405 5302 3404 5303 3405 5303 3406 5303 3406 5304 3405 5304 3407 5304 3406 5305 3407 5305 3408 5305 3408 5306 3407 5306 3409 5306 3408 5307 3409 5307 3410 5307 3410 5308 3409 5308 3411 5308 3410 5309 3411 5309 3412 5309 3412 5310 3411 5310 3413 5310 3412 5311 3413 5311 3414 5311 3414 5312 3413 5312 3415 5312 3414 5313 3415 5313 3416 5313 3416 5314 3415 5314 3417 5314 3416 5315 3417 5315 3418 5315 3418 5316 3417 5316 3419 5316 3418 5317 3419 5317 3420 5317 3420 5318 3419 5318 3421 5318 3420 5319 3421 5319 3422 5319 3422 5320 3421 5320 3376 5320 3422 5321 3376 5321 3378 5321 3388 5322 3423 5322 3386 5322 3386 5323 3423 5323 3424 5323 3386 5324 3424 5324 3384 5324 3384 5325 3424 5325 3425 5325 3384 5326 3425 5326 3382 5326 3382 5327 3425 5327 3426 5327 3382 5328 3426 5328 3380 5328 3380 5329 3426 5329 3427 5329 3380 5330 3427 5330 3378 5330 3378 5331 3427 5331 3428 5331 3378 5332 3428 5332 3422 5332 3422 5333 3428 5333 3429 5333 3422 5334 3429 5334 3420 5334 3420 5335 3429 5335 3430 5335 3420 5336 3430 5336 3418 5336 3418 5337 3430 5337 3431 5337 3418 5338 3431 5338 3416 5338 3416 5339 3431 5339 3432 5339 3416 5340 3432 5340 3414 5340 3414 5341 3432 5341 3433 5341 3414 5342 3433 5342 3412 5342 3412 5343 3433 5343 3434 5343 3412 5344 3434 5344 3410 5344 3410 5345 3434 5345 3435 5345 3410 5346 3435 5346 3408 5346 3408 5347 3435 5347 3436 5347 3408 5348 3436 5348 3406 5348 3406 5349 3436 5349 3437 5349 3406 5350 3437 5350 3404 5350 3404 5351 3437 5351 3438 5351 3404 5352 3438 5352 3402 5352 3402 5353 3438 5353 3439 5353 3402 5354 3439 5354 3400 5354 3400 5355 3439 5355 3440 5355 3400 5356 3440 5356 3398 5356 3398 5357 3440 5357 3441 5357 3398 5358 3441 5358 3396 5358 3396 5359 3441 5359 3442 5359 3396 5360 3442 5360 3394 5360 3394 5361 3442 5361 3443 5361 3394 5362 3443 5362 3392 5362 3392 5363 3443 5363 3444 5363 3392 5364 3444 5364 3390 5364 3390 5365 3444 5365 3445 5365 3390 5366 3445 5366 3388 5366 3388 5367 3445 5367 3423 5367 3446 5368 3443 5368 3447 5368 3447 5369 3443 5369 3442 5369 3447 5370 3442 5370 3448 5370 3448 5371 3442 5371 3441 5371 3448 5372 3441 5372 3449 5372 3449 5373 3441 5373 3440 5373 3449 5374 3440 5374 3450 5374 3450 5375 3440 5375 3439 5375 3450 5376 3439 5376 3451 5376 3451 5377 3439 5377 3438 5377 3451 5378 3438 5378 3452 5378 3452 5379 3438 5379 3453 5379 3453 5380 3438 5380 3454 5380 3454 5381 3438 5381 3437 5381 3454 5382 3437 5382 3455 5382 3455 5383 3437 5383 3436 5383 3455 5384 3436 5384 3456 5384 3456 5385 3436 5385 3435 5385 3456 5386 3435 5386 3457 5386 3457 5387 3435 5387 3434 5387 3457 5388 3434 5388 3458 5388 3459 5389 3460 5389 3429 5389 3429 5390 3460 5390 3461 5390 3429 5391 3461 5391 3430 5391 3430 5392 3461 5392 3462 5392 3430 5393 3462 5393 3431 5393 3431 5394 3462 5394 3463 5394 3431 5395 3463 5395 3432 5395 3432 5396 3463 5396 3464 5396 3432 5397 3464 5397 3433 5397 3433 5398 3464 5398 3465 5398 3433 5399 3465 5399 3434 5399 3434 5400 3465 5400 3466 5400 3434 5401 3466 5401 3458 5401 3459 5402 3429 5402 3467 5402 3467 5403 3429 5403 3428 5403 3467 5404 3428 5404 3468 5404 3468 5405 3428 5405 3427 5405 3468 5406 3427 5406 3469 5406 3469 5407 3427 5407 3426 5407 3469 5408 3426 5408 3470 5408 3470 5409 3426 5409 3425 5409 3470 5410 3425 5410 3471 5410 3471 5411 3425 5411 3424 5411 3471 5412 3424 5412 3472 5412 3446 5413 3473 5413 3443 5413 3443 5414 3473 5414 3474 5414 3443 5415 3474 5415 3444 5415 3444 5416 3474 5416 3475 5416 3444 5417 3475 5417 3445 5417 3445 5418 3475 5418 3476 5418 3445 5419 3476 5419 3423 5419 3423 5420 3476 5420 3477 5420 3423 5421 3477 5421 3424 5421 3424 5422 3477 5422 3478 5422 3424 5423 3478 5423 3472 5423 3294 5424 3293 5424 3479 5424 3480 5425 3481 5425 3482 5425 3452 5426 3453 5426 3483 5426 3472 5427 3478 5427 3484 5427 3485 5428 3462 5428 3461 5428 3486 5429 3463 5429 3462 5429 3487 5430 3464 5430 3463 5430 3488 5431 3465 5431 3464 5431 3482 5432 3466 5432 3465 5432 3472 5433 3484 5433 3471 5433 3452 5434 3483 5434 3451 5434 3466 5435 3482 5435 3458 5435 3458 5436 3482 5436 3481 5436 3458 5437 3481 5437 3457 5437 3456 5438 3457 5438 3489 5438 3489 5439 3457 5439 3481 5439 3489 5440 3481 5440 3490 5440 3490 5441 3481 5441 3480 5441 3490 5442 3480 5442 3491 5442 3455 5443 3456 5443 3492 5443 3492 5444 3456 5444 3489 5444 3492 5445 3489 5445 3493 5445 3493 5446 3489 5446 3490 5446 3493 5447 3490 5447 3494 5447 3494 5448 3490 5448 3491 5448 3494 5449 3491 5449 3495 5449 3454 5450 3455 5450 3496 5450 3496 5451 3455 5451 3492 5451 3496 5452 3492 5452 3497 5452 3497 5453 3492 5453 3493 5453 3497 5454 3493 5454 3498 5454 3498 5455 3493 5455 3494 5455 3498 5456 3494 5456 3499 5456 3499 5456 3494 5456 3495 5456 3499 5457 3495 5457 3500 5457 3453 5458 3454 5458 3483 5458 3483 5459 3454 5459 3496 5459 3483 5460 3496 5460 3501 5460 3501 5461 3496 5461 3497 5461 3501 5462 3497 5462 3502 5462 3502 5463 3497 5463 3498 5463 3502 5464 3498 5464 3503 5464 3503 5464 3498 5464 3499 5464 3503 5465 3499 5465 3504 5465 3504 5466 3499 5466 3500 5466 3504 5467 3500 5467 3505 5467 3506 5468 3507 5468 3508 5468 3509 5469 3507 5469 3510 5469 3510 5470 3507 5470 3506 5470 3510 5471 3506 5471 3511 5471 3512 5472 3509 5472 3513 5472 3513 5473 3509 5473 3510 5473 3513 5474 3510 5474 3514 5474 3514 5475 3510 5475 3511 5475 3514 5476 3511 5476 3515 5476 3516 5477 3512 5477 3517 5477 3517 5478 3512 5478 3513 5478 3517 5479 3513 5479 3518 5479 3518 5480 3513 5480 3514 5480 3518 5481 3514 5481 3519 5481 3519 5481 3514 5481 3515 5481 3519 5482 3515 5482 3520 5482 3521 5483 3522 5483 3523 5483 3523 5484 3522 5484 3524 5484 3523 5485 3524 5485 3525 5485 3525 5486 3524 5486 3526 5486 3525 5487 3526 5487 3527 5487 3527 5487 3526 5487 3528 5487 3527 5488 3528 5488 3529 5488 3529 5489 3528 5489 3530 5489 3529 5490 3530 5490 3531 5490 3531 5491 3530 5491 3532 5491 3522 5492 3533 5492 3524 5492 3524 5493 3533 5493 3534 5493 3524 5494 3534 5494 3526 5494 3526 5495 3534 5495 3535 5495 3526 5496 3535 5496 3528 5496 3528 5496 3535 5496 3536 5496 3528 5497 3536 5497 3530 5497 3530 5498 3536 5498 3537 5498 3530 5499 3537 5499 3532 5499 3532 5500 3537 5500 3538 5500 3533 5501 3539 5501 3534 5501 3534 5502 3539 5502 3540 5502 3534 5503 3540 5503 3535 5503 3535 5504 3540 5504 3541 5504 3535 5505 3541 5505 3536 5505 3536 5505 3541 5505 3542 5505 3536 5506 3542 5506 3537 5506 3537 5507 3542 5507 3543 5507 3537 5508 3543 5508 3538 5508 3538 5509 3543 5509 3544 5509 3478 5510 3477 5510 3484 5510 3484 5511 3477 5511 3545 5511 3484 5512 3545 5512 3546 5512 3546 5513 3545 5513 3547 5513 3546 5514 3547 5514 3548 5514 3548 5515 3547 5515 3549 5515 3548 5516 3549 5516 3550 5516 3550 5516 3549 5516 3551 5516 3550 5517 3551 5517 3552 5517 3552 5518 3551 5518 3553 5518 3552 5519 3553 5519 3554 5519 3554 5520 3553 5520 3555 5520 3477 5521 3476 5521 3545 5521 3545 5522 3476 5522 3556 5522 3545 5523 3556 5523 3547 5523 3547 5524 3556 5524 3557 5524 3547 5525 3557 5525 3549 5525 3549 5526 3557 5526 3558 5526 3549 5527 3558 5527 3551 5527 3551 5527 3558 5527 3559 5527 3551 5528 3559 5528 3553 5528 3553 5529 3559 5529 3560 5529 3553 5530 3560 5530 3555 5530 3555 5531 3560 5531 3561 5531 3476 5532 3475 5532 3556 5532 3556 5533 3475 5533 3562 5533 3556 5534 3562 5534 3557 5534 3557 5535 3562 5535 3563 5535 3557 5536 3563 5536 3558 5536 3558 5537 3563 5537 3564 5537 3558 5538 3564 5538 3559 5538 3559 5538 3564 5538 3565 5538 3559 5539 3565 5539 3560 5539 3560 5540 3565 5540 3566 5540 3560 5541 3566 5541 3561 5541 3561 5542 3566 5542 3567 5542 3475 5543 3474 5543 3562 5543 3562 5544 3474 5544 3568 5544 3562 5545 3568 5545 3563 5545 3563 5546 3568 5546 3569 5546 3563 5547 3569 5547 3564 5547 3564 5548 3569 5548 3570 5548 3564 5549 3570 5549 3565 5549 3565 5549 3570 5549 3571 5549 3565 5550 3571 5550 3566 5550 3566 5551 3571 5551 3572 5551 3566 5552 3572 5552 3567 5552 3567 5553 3572 5553 3573 5553 3574 5554 3575 5554 3576 5554 3576 5555 3575 5555 3577 5555 3576 5556 3577 5556 3578 5556 3578 5557 3577 5557 3579 5557 3578 5558 3579 5558 3580 5558 3580 5558 3579 5558 3581 5558 3580 5559 3581 5559 3582 5559 3582 5560 3581 5560 3583 5560 3582 5561 3583 5561 3584 5561 3584 5562 3583 5562 3585 5562 3575 5563 3586 5563 3577 5563 3577 5564 3586 5564 3587 5564 3577 5565 3587 5565 3579 5565 3579 5566 3587 5566 3588 5566 3579 5567 3588 5567 3581 5567 3581 5567 3588 5567 3589 5567 3581 5568 3589 5568 3583 5568 3583 5569 3589 5569 3590 5569 3583 5570 3590 5570 3585 5570 3585 5571 3590 5571 3591 5571 3586 5572 3592 5572 3587 5572 3587 5573 3592 5573 3593 5573 3587 5574 3593 5574 3588 5574 3588 5575 3593 5575 3594 5575 3588 5576 3594 5576 3589 5576 3589 5576 3594 5576 3595 5576 3589 5577 3595 5577 3590 5577 3590 5578 3595 5578 3596 5578 3590 5579 3596 5579 3591 5579 3591 5580 3596 5580 3597 5580 3598 5581 3520 5581 3599 5581 3599 5582 3520 5582 3515 5582 3599 5583 3515 5583 3600 5583 3600 5476 3515 5476 3511 5476 3600 5584 3511 5584 3601 5584 3601 5585 3511 5585 3506 5585 3601 5586 3506 5586 3602 5586 3602 5587 3506 5587 3508 5587 3602 5588 3508 5588 3603 5588 3603 5589 3508 5589 3297 5589 3603 5590 3297 5590 3296 5590 3512 5591 3303 5591 3509 5591 3509 5592 3303 5592 3301 5592 3509 5593 3301 5593 3507 5593 3507 5594 3301 5594 3300 5594 3507 5595 3300 5595 3508 5595 3508 5596 3300 5596 3298 5596 3508 5597 3298 5597 3297 5597 3308 5598 3310 5598 3604 5598 3604 5599 3310 5599 3516 5599 3604 5600 3516 5600 3605 5600 3605 5601 3516 5601 3517 5601 3605 5602 3517 5602 3606 5602 3606 5603 3517 5603 3518 5603 3606 5604 3518 5604 3607 5604 3607 5604 3518 5604 3519 5604 3607 5605 3519 5605 3608 5605 3608 5606 3519 5606 3520 5606 3608 5607 3520 5607 3609 5607 3609 5608 3520 5608 3598 5608 3609 5609 3598 5609 3460 5609 3460 5610 3598 5610 3461 5610 3310 5611 3311 5611 3516 5611 3516 5612 3311 5612 3307 5612 3516 5613 3307 5613 3512 5613 3512 5614 3307 5614 3305 5614 3512 5615 3305 5615 3303 5615 3609 5616 3521 5616 3608 5616 3608 5617 3521 5617 3523 5617 3608 5618 3523 5618 3607 5618 3607 5619 3523 5619 3525 5619 3607 5620 3525 5620 3606 5620 3606 5620 3525 5620 3527 5620 3606 5621 3527 5621 3605 5621 3605 5622 3527 5622 3529 5622 3605 5623 3529 5623 3604 5623 3604 5624 3529 5624 3531 5624 3604 5625 3531 5625 3308 5625 3322 5626 3321 5626 3610 5626 3610 5627 3321 5627 3544 5627 3610 5628 3544 5628 3611 5628 3611 5629 3544 5629 3543 5629 3611 5630 3543 5630 3612 5630 3612 5631 3543 5631 3542 5631 3612 5632 3542 5632 3613 5632 3613 5632 3542 5632 3541 5632 3613 5633 3541 5633 3614 5633 3614 5634 3541 5634 3540 5634 3614 5635 3540 5635 3615 5635 3615 5636 3540 5636 3539 5636 3321 5637 3319 5637 3544 5637 3544 5638 3319 5638 3317 5638 3544 5639 3317 5639 3538 5639 3538 5640 3317 5640 3315 5640 3538 5641 3315 5641 3532 5641 3532 5642 3315 5642 3313 5642 3532 5643 3313 5643 3531 5643 3531 5644 3313 5644 3312 5644 3531 5645 3312 5645 3308 5645 3460 5646 3459 5646 3609 5646 3609 5647 3459 5647 3467 5647 3609 5648 3467 5648 3521 5648 3521 5649 3467 5649 3468 5649 3521 5650 3468 5650 3522 5650 3522 5651 3468 5651 3469 5651 3522 5652 3469 5652 3533 5652 3533 5653 3469 5653 3470 5653 3533 5654 3470 5654 3539 5654 3539 5655 3470 5655 3471 5655 3539 5656 3471 5656 3615 5656 3615 5657 3471 5657 3484 5657 3615 5658 3484 5658 3614 5658 3614 5659 3484 5659 3546 5659 3614 5660 3546 5660 3613 5660 3613 5661 3546 5661 3548 5661 3613 5662 3548 5662 3612 5662 3612 5662 3548 5662 3550 5662 3612 5663 3550 5663 3611 5663 3611 5664 3550 5664 3552 5664 3611 5665 3552 5665 3610 5665 3610 5666 3552 5666 3554 5666 3610 5667 3554 5667 3322 5667 3272 5668 3270 5668 3616 5668 3616 5669 3270 5669 3573 5669 3616 5670 3573 5670 3617 5670 3617 5671 3573 5671 3572 5671 3617 5672 3572 5672 3618 5672 3618 5673 3572 5673 3571 5673 3618 5674 3571 5674 3619 5674 3619 5674 3571 5674 3570 5674 3619 5675 3570 5675 3620 5675 3620 5676 3570 5676 3569 5676 3620 5677 3569 5677 3621 5677 3621 5678 3569 5678 3568 5678 3621 5679 3568 5679 3473 5679 3473 5680 3568 5680 3474 5680 3270 5681 3269 5681 3573 5681 3573 5682 3269 5682 3267 5682 3573 5683 3267 5683 3567 5683 3567 5684 3267 5684 3266 5684 3567 5685 3266 5685 3561 5685 3561 5686 3266 5686 3327 5686 3561 5687 3327 5687 3555 5687 3555 5688 3327 5688 3328 5688 3555 5689 3328 5689 3554 5689 3554 5690 3328 5690 3323 5690 3554 5691 3323 5691 3322 5691 3621 5692 3574 5692 3620 5692 3620 5693 3574 5693 3576 5693 3620 5694 3576 5694 3619 5694 3619 5695 3576 5695 3578 5695 3619 5696 3578 5696 3618 5696 3618 5696 3578 5696 3580 5696 3618 5697 3580 5697 3617 5697 3617 5698 3580 5698 3582 5698 3617 5699 3582 5699 3616 5699 3616 5700 3582 5700 3584 5700 3616 5701 3584 5701 3272 5701 3283 5702 3282 5702 3622 5702 3622 5703 3282 5703 3597 5703 3622 5704 3597 5704 3623 5704 3623 5705 3597 5705 3596 5705 3623 5706 3596 5706 3624 5706 3624 5707 3596 5707 3595 5707 3624 5708 3595 5708 3625 5708 3625 5708 3595 5708 3594 5708 3625 5709 3594 5709 3626 5709 3626 5710 3594 5710 3593 5710 3626 5711 3593 5711 3627 5711 3627 5712 3593 5712 3592 5712 3282 5713 3280 5713 3597 5713 3597 5714 3280 5714 3278 5714 3597 5715 3278 5715 3591 5715 3591 5716 3278 5716 3276 5716 3591 5717 3276 5717 3585 5717 3585 5718 3276 5718 3275 5718 3585 5719 3275 5719 3584 5719 3584 5720 3275 5720 3273 5720 3584 5721 3273 5721 3272 5721 3284 5722 3283 5722 3505 5722 3505 5723 3283 5723 3622 5723 3505 5724 3622 5724 3504 5724 3504 5725 3622 5725 3623 5725 3504 5726 3623 5726 3503 5726 3503 5727 3623 5727 3624 5727 3503 5728 3624 5728 3502 5728 3502 5728 3624 5728 3625 5728 3502 5729 3625 5729 3501 5729 3501 5730 3625 5730 3626 5730 3501 5731 3626 5731 3483 5731 3483 5732 3626 5732 3627 5732 3483 5733 3627 5733 3451 5733 3451 5734 3627 5734 3592 5734 3451 5735 3592 5735 3450 5735 3450 5736 3592 5736 3586 5736 3450 5737 3586 5737 3449 5737 3449 5738 3586 5738 3575 5738 3449 5739 3575 5739 3448 5739 3448 5740 3575 5740 3574 5740 3448 5741 3574 5741 3447 5741 3447 5742 3574 5742 3621 5742 3447 5743 3621 5743 3446 5743 3446 5744 3621 5744 3473 5744 3628 5745 3287 5745 3286 5745 3465 5746 3488 5746 3482 5746 3482 5747 3488 5747 3629 5747 3482 5748 3629 5748 3480 5748 3480 5749 3629 5749 3630 5749 3480 5750 3630 5750 3491 5750 3491 5751 3630 5751 3631 5751 3491 5449 3631 5449 3495 5449 3495 5752 3631 5752 3632 5752 3495 5753 3632 5753 3500 5753 3500 5754 3632 5754 3628 5754 3500 5755 3628 5755 3505 5755 3505 5756 3628 5756 3286 5756 3505 5757 3286 5757 3284 5757 3464 5758 3487 5758 3488 5758 3488 5759 3487 5759 3633 5759 3488 5760 3633 5760 3629 5760 3629 5761 3633 5761 3634 5761 3629 5762 3634 5762 3630 5762 3630 5763 3634 5763 3635 5763 3630 5751 3635 5751 3631 5751 3631 5764 3635 5764 3636 5764 3631 5765 3636 5765 3632 5765 3632 5766 3636 5766 3637 5766 3632 5767 3637 5767 3628 5767 3628 5768 3637 5768 3289 5768 3628 5769 3289 5769 3287 5769 3463 5770 3486 5770 3487 5770 3487 5771 3486 5771 3638 5771 3487 5772 3638 5772 3633 5772 3633 5773 3638 5773 3639 5773 3633 5774 3639 5774 3634 5774 3634 5775 3639 5775 3640 5775 3634 5763 3640 5763 3635 5763 3635 5776 3640 5776 3641 5776 3635 5777 3641 5777 3636 5777 3636 5778 3641 5778 3642 5778 3636 5779 3642 5779 3637 5779 3637 5780 3642 5780 3290 5780 3637 5781 3290 5781 3289 5781 3462 5782 3485 5782 3486 5782 3486 5783 3485 5783 3643 5783 3486 5784 3643 5784 3638 5784 3638 5785 3643 5785 3644 5785 3638 5773 3644 5773 3639 5773 3639 5786 3644 5786 3645 5786 3639 5775 3645 5775 3640 5775 3640 5787 3645 5787 3646 5787 3640 5788 3646 5788 3641 5788 3641 5789 3646 5789 3479 5789 3641 5790 3479 5790 3642 5790 3642 5791 3479 5791 3293 5791 3642 5792 3293 5792 3290 5792 3461 5793 3598 5793 3485 5793 3485 5794 3598 5794 3599 5794 3485 5795 3599 5795 3643 5795 3643 5796 3599 5796 3600 5796 3643 5797 3600 5797 3644 5797 3644 5584 3600 5584 3601 5584 3644 5786 3601 5786 3645 5786 3645 5586 3601 5586 3602 5586 3645 5798 3602 5798 3646 5798 3646 5799 3602 5799 3603 5799 3646 5800 3603 5800 3479 5800 3479 5801 3603 5801 3296 5801 3479 5802 3296 5802 3294 5802 3257 5803 3353 5803 3352 5803 3366 5804 3261 5804 3262 5804 3263 5805 3368 5805 3262 5805 3262 5806 3368 5806 3367 5806 3262 5807 3367 5807 3366 5807 3264 5808 3370 5808 3263 5808 3263 5809 3370 5809 3369 5809 3263 5810 3369 5810 3368 5810 3257 5811 3352 5811 3258 5811 3259 5812 3360 5812 3254 5812 3254 5813 3360 5813 3359 5813 3254 5814 3359 5814 3255 5814 3260 5815 3362 5815 3259 5815 3259 5816 3362 5816 3361 5816 3259 5817 3361 5817 3360 5817 3366 5818 3365 5818 3261 5818 3261 5819 3365 5819 3364 5819 3261 5820 3364 5820 3260 5820 3260 5821 3364 5821 3363 5821 3260 5822 3363 5822 3362 5822 3265 5823 3372 5823 3264 5823 3264 5824 3372 5824 3371 5824 3264 5824 3371 5824 3370 5824 3352 5825 3375 5825 3258 5825 3258 5826 3375 5826 3374 5826 3258 5827 3374 5827 3265 5827 3265 5828 3374 5828 3373 5828 3265 5829 3373 5829 3372 5829 3256 5830 3355 5830 3257 5830 3257 5831 3355 5831 3354 5831 3257 4690 3354 4690 3353 4690 3359 5832 3358 5832 3255 5832 3255 4690 3358 4690 3357 4690 3255 4690 3357 4690 3256 4690 3256 4690 3357 4690 3356 4690 3256 5833 3356 5833 3355 5833 3162 5834 3163 5834 3389 5834 3164 5835 3393 5835 3163 5835 3163 5836 3393 5836 3391 5836 3163 5837 3391 5837 3389 5837 3165 5838 3397 5838 3164 5838 3164 5839 3397 5839 3395 5839 3164 5840 3395 5840 3393 5840 3169 5841 3411 5841 3168 5841 3168 5842 3411 5842 3409 5842 3168 5843 3409 5843 3167 5843 3376 5844 3171 5844 3377 5844 3377 5845 3171 5845 3170 5845 3161 5846 3381 5846 3170 5846 3170 5847 3381 5847 3379 5847 3170 5848 3379 5848 3377 5848 3389 5849 3387 5849 3162 5849 3162 5849 3387 5849 3385 5849 3162 5850 3385 5850 3161 5850 3161 5851 3385 5851 3383 5851 3161 5852 3383 5852 3381 5852 3166 5853 3401 5853 3165 5853 3165 5854 3401 5854 3399 5854 3165 5855 3399 5855 3397 5855 3172 4582 3415 4582 3169 4582 3169 4582 3415 4582 3413 4582 3169 5856 3413 5856 3411 5856 3409 5857 3407 5857 3167 5857 3167 5858 3407 5858 3405 5858 3167 5859 3405 5859 3166 5859 3166 5860 3405 5860 3403 5860 3166 5861 3403 5861 3401 5861 3376 4582 3421 4582 3171 4582 3171 5862 3421 5862 3419 5862 3171 5863 3419 5863 3172 5863 3172 5864 3419 5864 3417 5864 3172 4582 3417 4582 3415 4582 3647 5865 3648 5865 3137 5865 3137 5866 3648 5866 3182 5866 3182 5867 3648 5867 3649 5867 3182 5868 3649 5868 3180 5868 3650 5869 3187 5869 3649 5869 3649 5870 3187 5870 3181 5870 3649 5871 3181 5871 3180 5871 3651 5872 3185 5872 3650 5872 3650 5873 3185 5873 3186 5873 3650 5874 3186 5874 3187 5874 3142 5875 3183 5875 3651 5875 3651 5876 3183 5876 3184 5876 3651 5877 3184 5877 3185 5877 3137 5878 3138 5878 3647 5878 3647 5879 3138 5879 3139 5879 3647 5880 3139 5880 3652 5880 3652 4947 3139 4947 3140 4947 3652 4947 3140 4947 3653 4947 3653 4946 3140 4946 3141 4946 3653 4946 3141 4946 3654 4946 3654 4945 3141 4945 3145 4945 3654 4945 3145 4945 3655 4945 3655 4944 3145 4944 3144 4944 3655 4944 3144 4944 3656 4944 3656 5881 3144 5881 3143 5881 3656 5882 3143 5882 3657 5882 3657 5883 3143 5883 3142 5883 3657 5884 3142 5884 3658 5884 3658 5885 3142 5885 3651 5885 3659 5886 3660 5886 3661 5886 3660 5887 3662 5887 3661 5887 3661 5888 3662 5888 3663 5888 3661 5889 3663 5889 3664 5889 3663 5890 3665 5890 3664 5890 3664 5891 3665 5891 3666 5891 3664 5892 3666 5892 3667 5892 3666 5893 3668 5893 3667 5893 3667 5894 3668 5894 3669 5894 3667 5895 3669 5895 3670 5895 3670 5896 3669 5896 3671 5896 3670 5897 3671 5897 3672 5897 3672 5898 3671 5898 3673 5898 3672 5899 3673 5899 3674 5899 3674 5900 3673 5900 3675 5900 3675 5901 3676 5901 3674 5901 3674 5902 3676 5902 3677 5902 3674 5903 3677 5903 3678 5903 3677 5904 3679 5904 3678 5904 3678 5905 3679 5905 3680 5905 3678 5906 3680 5906 3681 5906 3680 5907 3682 5907 3681 5907 3681 5908 3682 5908 3683 5908 3681 5909 3683 5909 3684 5909 3684 5910 3683 5910 3685 5910 3683 5911 3686 5911 3685 5911 3685 5912 3686 5912 3687 5912 3685 5913 3687 5913 3688 5913 3688 5914 3687 5914 3689 5914 3689 5915 3690 5915 3688 5915 3688 5916 3690 5916 3691 5916 3688 5917 3691 5917 3692 5917 3691 5918 3693 5918 3692 5918 3692 5919 3693 5919 3694 5919 3692 5920 3694 5920 3695 5920 3695 5921 3694 5921 3696 5921 3695 5922 3696 5922 3697 5922 3697 5923 3696 5923 3698 5923 3697 5924 3698 5924 3699 5924 3699 5925 3698 5925 3700 5925 3701 5926 3702 5926 3703 5926 3703 5927 3702 5927 3699 5927 3703 5928 3699 5928 3704 5928 3704 5929 3699 5929 3700 5929 3705 5930 3706 5930 3707 5930 3707 5931 3706 5931 3708 5931 3707 5932 3708 5932 3709 5932 3709 5933 3708 5933 3710 5933 3709 5934 3710 5934 3711 5934 3711 5935 3710 5935 3712 5935 3711 5936 3712 5936 3713 5936 3713 5937 3712 5937 3714 5937 3714 5938 3715 5938 3713 5938 3713 5939 3715 5939 3716 5939 3713 5940 3716 5940 3717 5940 3661 5941 3718 5941 3659 5941 3659 5942 3718 5942 3719 5942 3659 5943 3719 5943 3720 5943 3720 5944 3719 5944 3717 5944 3720 5945 3717 5945 3721 5945 3721 5946 3717 5946 3716 5946 3702 5947 3722 5947 3723 5947 3702 5948 3723 5948 3699 5948 3699 5949 3723 5949 3724 5949 3699 5950 3724 5950 3697 5950 3697 5951 3724 5951 3725 5951 3697 5952 3725 5952 3695 5952 3695 5953 3725 5953 3726 5953 3695 5954 3726 5954 3692 5954 3692 5955 3726 5955 3727 5955 3692 5956 3727 5956 3688 5956 3688 5957 3727 5957 3728 5957 3688 5958 3728 5958 3685 5958 3685 5959 3728 5959 3729 5959 3685 5960 3729 5960 3684 5960 3684 5961 3729 5961 3730 5961 3684 5962 3730 5962 3681 5962 3681 5963 3730 5963 3731 5963 3681 5964 3731 5964 3678 5964 3678 5965 3731 5965 3732 5965 3678 5966 3732 5966 3674 5966 3674 5967 3732 5967 3733 5967 3674 5968 3733 5968 3672 5968 3672 5969 3733 5969 3734 5969 3672 5970 3734 5970 3670 5970 3670 5971 3734 5971 3735 5971 3670 5972 3735 5972 3667 5972 3667 5973 3735 5973 3736 5973 3667 5974 3736 5974 3664 5974 3664 5975 3736 5975 3737 5975 3664 5976 3737 5976 3661 5976 3661 5977 3737 5977 3738 5977 3661 5978 3738 5978 3718 5978 3718 5979 3738 5979 3739 5979 3718 5980 3739 5980 3719 5980 3719 5981 3739 5981 3740 5981 3719 5982 3740 5982 3717 5982 3717 5983 3740 5983 3741 5983 3717 5984 3741 5984 3713 5984 3713 5985 3741 5985 3742 5985 3713 5986 3742 5986 3711 5986 3711 5987 3742 5987 3743 5987 3711 5988 3743 5988 3709 5988 3709 5989 3743 5989 3744 5989 3709 5990 3744 5990 3707 5990 3745 5991 3746 5991 3722 5991 3746 5992 3747 5992 3722 5992 3722 5993 3747 5993 3748 5993 3722 5994 3748 5994 3723 5994 3723 5995 3748 5995 3749 5995 3723 5996 3749 5996 3724 5996 3724 5997 3749 5997 3750 5997 3724 5998 3750 5998 3725 5998 3725 5999 3750 5999 3751 5999 3725 6000 3751 6000 3726 6000 3726 6001 3751 6001 3752 6001 3726 6002 3752 6002 3727 6002 3727 6003 3752 6003 3753 6003 3727 6004 3753 6004 3728 6004 3728 6005 3753 6005 3754 6005 3728 6006 3754 6006 3729 6006 3729 6007 3754 6007 3755 6007 3729 6008 3755 6008 3730 6008 3730 6009 3755 6009 3756 6009 3730 6010 3756 6010 3731 6010 3731 6011 3756 6011 3757 6011 3731 6012 3757 6012 3732 6012 3732 6013 3757 6013 3758 6013 3732 6014 3758 6014 3733 6014 3733 6015 3758 6015 3759 6015 3733 6016 3759 6016 3734 6016 3734 6017 3759 6017 3760 6017 3734 6018 3760 6018 3735 6018 3735 6019 3760 6019 3761 6019 3735 6020 3761 6020 3736 6020 3736 6021 3761 6021 3762 6021 3736 6022 3762 6022 3737 6022 3737 6023 3762 6023 3763 6023 3737 6024 3763 6024 3738 6024 3738 6025 3763 6025 3764 6025 3738 6026 3764 6026 3739 6026 3739 6027 3764 6027 3765 6027 3739 6028 3765 6028 3740 6028 3740 6029 3765 6029 3766 6029 3740 6030 3766 6030 3741 6030 3741 6031 3766 6031 3767 6031 3741 6032 3767 6032 3742 6032 3742 6033 3767 6033 3768 6033 3742 6034 3768 6034 3743 6034 3743 6035 3768 6035 3745 6035 3743 6036 3745 6036 3744 6036 3744 6037 3745 6037 3722 6037 3744 6038 3722 6038 3707 6038 3707 6039 3722 6039 3702 6039 3707 6040 3702 6040 3705 6040 3705 6041 3702 6041 3701 6041 3769 6042 3770 6042 3771 6042 3771 6043 3770 6043 3772 6043 3771 6044 3772 6044 3773 6044 3773 6045 3772 6045 3774 6045 3773 6046 3774 6046 3775 6046 3775 6047 3774 6047 3776 6047 3775 6048 3776 6048 3777 6048 3777 6049 3776 6049 3778 6049 3777 6050 3778 6050 3779 6050 3779 6051 3778 6051 3780 6051 3779 6052 3780 6052 3781 6052 3781 6053 3780 6053 3782 6053 3781 6054 3782 6054 3783 6054 3783 6055 3782 6055 3784 6055 3783 6056 3784 6056 3785 6056 3785 6057 3784 6057 3786 6057 3785 6058 3786 6058 3787 6058 3787 6059 3786 6059 3788 6059 3787 6060 3788 6060 3789 6060 3789 6061 3788 6061 3790 6061 3789 6062 3790 6062 3791 6062 3791 6063 3790 6063 3792 6063 3791 6064 3792 6064 3793 6064 3793 6065 3792 6065 3794 6065 3793 6066 3794 6066 3795 6066 3795 6067 3794 6067 3796 6067 3795 6068 3796 6068 3797 6068 3797 6069 3796 6069 3798 6069 3797 6070 3798 6070 3799 6070 3799 6071 3798 6071 3800 6071 3799 6072 3800 6072 3801 6072 3801 6073 3800 6073 3802 6073 3801 6074 3802 6074 3803 6074 3803 6075 3802 6075 3804 6075 3803 6076 3804 6076 3805 6076 3805 6077 3804 6077 3806 6077 3805 6078 3806 6078 3807 6078 3807 6079 3806 6079 3808 6079 3807 6080 3808 6080 3809 6080 3809 6081 3808 6081 3810 6081 3809 6082 3810 6082 3811 6082 3811 6083 3810 6083 3812 6083 3811 6084 3812 6084 3813 6084 3813 6085 3812 6085 3814 6085 3813 6086 3814 6086 3815 6086 3815 6087 3814 6087 3769 6087 3815 6088 3769 6088 3771 6088 3781 6089 3816 6089 3779 6089 3779 6090 3816 6090 3817 6090 3779 6091 3817 6091 3777 6091 3777 6092 3817 6092 3818 6092 3777 6093 3818 6093 3775 6093 3775 6094 3818 6094 3819 6094 3775 6095 3819 6095 3773 6095 3773 6096 3819 6096 3820 6096 3773 6097 3820 6097 3771 6097 3771 6098 3820 6098 3821 6098 3771 6099 3821 6099 3815 6099 3815 6100 3821 6100 3822 6100 3815 6101 3822 6101 3813 6101 3813 6102 3822 6102 3823 6102 3813 6103 3823 6103 3811 6103 3811 6104 3823 6104 3824 6104 3811 6105 3824 6105 3809 6105 3809 6106 3824 6106 3825 6106 3809 6107 3825 6107 3807 6107 3807 6108 3825 6108 3826 6108 3807 6109 3826 6109 3805 6109 3805 6110 3826 6110 3827 6110 3805 6111 3827 6111 3803 6111 3803 6112 3827 6112 3828 6112 3803 6113 3828 6113 3801 6113 3801 6114 3828 6114 3829 6114 3801 6115 3829 6115 3799 6115 3799 6116 3829 6116 3830 6116 3799 6117 3830 6117 3797 6117 3797 6118 3830 6118 3831 6118 3797 6119 3831 6119 3795 6119 3795 6120 3831 6120 3832 6120 3795 6121 3832 6121 3793 6121 3793 6122 3832 6122 3833 6122 3793 6123 3833 6123 3791 6123 3791 6124 3833 6124 3834 6124 3791 6125 3834 6125 3789 6125 3789 6126 3834 6126 3835 6126 3789 6127 3835 6127 3787 6127 3787 6128 3835 6128 3836 6128 3787 6129 3836 6129 3785 6129 3785 6130 3836 6130 3837 6130 3785 6131 3837 6131 3783 6131 3783 6132 3837 6132 3838 6132 3783 6133 3838 6133 3781 6133 3781 6134 3838 6134 3816 6134 3839 6135 3836 6135 3840 6135 3840 6136 3836 6136 3835 6136 3840 6137 3835 6137 3841 6137 3841 6138 3835 6138 3834 6138 3841 6139 3834 6139 3842 6139 3842 6140 3834 6140 3833 6140 3842 6141 3833 6141 3843 6141 3843 6142 3833 6142 3832 6142 3843 6143 3832 6143 3844 6143 3844 6144 3832 6144 3831 6144 3844 6145 3831 6145 3845 6145 3845 6146 3831 6146 3846 6146 3846 6147 3831 6147 3847 6147 3847 6148 3831 6148 3830 6148 3847 6149 3830 6149 3848 6149 3848 6150 3830 6150 3829 6150 3848 6151 3829 6151 3849 6151 3849 6152 3829 6152 3828 6152 3849 6153 3828 6153 3850 6153 3850 6154 3828 6154 3827 6154 3850 6155 3827 6155 3851 6155 3852 6156 3853 6156 3822 6156 3822 6157 3853 6157 3854 6157 3822 6158 3854 6158 3823 6158 3823 6159 3854 6159 3855 6159 3823 6160 3855 6160 3824 6160 3824 6161 3855 6161 3856 6161 3824 6162 3856 6162 3825 6162 3825 6163 3856 6163 3857 6163 3825 6164 3857 6164 3826 6164 3826 6165 3857 6165 3858 6165 3826 6166 3858 6166 3827 6166 3827 6167 3858 6167 3859 6167 3827 6168 3859 6168 3851 6168 3852 6169 3822 6169 3860 6169 3860 6170 3822 6170 3821 6170 3860 6171 3821 6171 3861 6171 3861 6172 3821 6172 3820 6172 3861 6173 3820 6173 3862 6173 3862 6174 3820 6174 3819 6174 3862 6175 3819 6175 3863 6175 3863 6176 3819 6176 3818 6176 3863 6177 3818 6177 3864 6177 3864 6178 3818 6178 3817 6178 3864 6179 3817 6179 3865 6179 3839 6180 3866 6180 3836 6180 3836 6181 3866 6181 3867 6181 3836 6182 3867 6182 3837 6182 3837 6183 3867 6183 3868 6183 3837 6184 3868 6184 3838 6184 3838 6185 3868 6185 3869 6185 3838 6186 3869 6186 3816 6186 3816 6187 3869 6187 3870 6187 3816 6188 3870 6188 3817 6188 3817 6189 3870 6189 3871 6189 3817 6190 3871 6190 3865 6190 3687 6191 3686 6191 3872 6191 3873 6192 3874 6192 3875 6192 3845 6193 3846 6193 3876 6193 3865 6194 3871 6194 3877 6194 3878 6195 3855 6195 3854 6195 3879 6196 3856 6196 3855 6196 3880 6197 3857 6197 3856 6197 3881 6198 3858 6198 3857 6198 3875 6199 3859 6199 3858 6199 3865 6200 3877 6200 3864 6200 3845 6201 3876 6201 3844 6201 3859 6202 3875 6202 3851 6202 3851 6203 3875 6203 3874 6203 3851 6204 3874 6204 3850 6204 3849 6205 3850 6205 3882 6205 3882 6206 3850 6206 3874 6206 3882 6207 3874 6207 3883 6207 3883 6208 3874 6208 3873 6208 3883 6209 3873 6209 3884 6209 3848 6210 3849 6210 3885 6210 3885 6211 3849 6211 3882 6211 3885 6212 3882 6212 3886 6212 3886 6213 3882 6213 3883 6213 3886 6214 3883 6214 3887 6214 3887 6215 3883 6215 3884 6215 3887 6216 3884 6216 3888 6216 3847 6217 3848 6217 3889 6217 3889 6218 3848 6218 3885 6218 3889 6219 3885 6219 3890 6219 3890 6220 3885 6220 3886 6220 3890 6221 3886 6221 3891 6221 3891 6222 3886 6222 3887 6222 3891 6223 3887 6223 3892 6223 3892 6223 3887 6223 3888 6223 3892 6224 3888 6224 3893 6224 3846 6225 3847 6225 3876 6225 3876 6226 3847 6226 3889 6226 3876 6227 3889 6227 3894 6227 3894 6228 3889 6228 3890 6228 3894 6229 3890 6229 3895 6229 3895 6230 3890 6230 3891 6230 3895 6231 3891 6231 3896 6231 3896 6231 3891 6231 3892 6231 3896 6232 3892 6232 3897 6232 3897 6233 3892 6233 3893 6233 3897 6234 3893 6234 3898 6234 3899 6235 3900 6235 3901 6235 3902 6236 3900 6236 3903 6236 3903 6237 3900 6237 3899 6237 3903 6238 3899 6238 3904 6238 3905 6239 3902 6239 3906 6239 3906 6240 3902 6240 3903 6240 3906 6241 3903 6241 3907 6241 3907 6242 3903 6242 3904 6242 3907 6243 3904 6243 3908 6243 3909 6244 3905 6244 3910 6244 3910 6245 3905 6245 3906 6245 3910 6246 3906 6246 3911 6246 3911 6247 3906 6247 3907 6247 3911 6248 3907 6248 3912 6248 3912 6248 3907 6248 3908 6248 3912 6249 3908 6249 3913 6249 3914 6250 3915 6250 3916 6250 3916 6251 3915 6251 3917 6251 3916 6252 3917 6252 3918 6252 3918 6253 3917 6253 3919 6253 3918 6254 3919 6254 3920 6254 3920 6254 3919 6254 3921 6254 3920 6255 3921 6255 3922 6255 3922 6256 3921 6256 3923 6256 3922 6257 3923 6257 3924 6257 3924 6258 3923 6258 3925 6258 3915 6259 3926 6259 3917 6259 3917 6260 3926 6260 3927 6260 3917 6261 3927 6261 3919 6261 3919 6262 3927 6262 3928 6262 3919 6263 3928 6263 3921 6263 3921 6263 3928 6263 3929 6263 3921 6264 3929 6264 3923 6264 3923 6265 3929 6265 3930 6265 3923 6266 3930 6266 3925 6266 3925 6267 3930 6267 3931 6267 3926 6268 3932 6268 3927 6268 3927 6269 3932 6269 3933 6269 3927 6270 3933 6270 3928 6270 3928 6271 3933 6271 3934 6271 3928 6272 3934 6272 3929 6272 3929 6272 3934 6272 3935 6272 3929 6273 3935 6273 3930 6273 3930 6274 3935 6274 3936 6274 3930 6275 3936 6275 3931 6275 3931 6276 3936 6276 3937 6276 3871 6277 3870 6277 3877 6277 3877 6278 3870 6278 3938 6278 3877 6279 3938 6279 3939 6279 3939 6280 3938 6280 3940 6280 3939 6281 3940 6281 3941 6281 3941 6282 3940 6282 3942 6282 3941 6283 3942 6283 3943 6283 3943 6283 3942 6283 3944 6283 3943 6284 3944 6284 3945 6284 3945 6285 3944 6285 3946 6285 3945 6286 3946 6286 3947 6286 3947 6287 3946 6287 3948 6287 3870 6288 3869 6288 3938 6288 3938 6289 3869 6289 3949 6289 3938 6290 3949 6290 3940 6290 3940 6291 3949 6291 3950 6291 3940 6292 3950 6292 3942 6292 3942 6293 3950 6293 3951 6293 3942 6294 3951 6294 3944 6294 3944 6294 3951 6294 3952 6294 3944 6295 3952 6295 3946 6295 3946 6296 3952 6296 3953 6296 3946 6297 3953 6297 3948 6297 3948 6298 3953 6298 3954 6298 3869 6299 3868 6299 3949 6299 3949 6300 3868 6300 3955 6300 3949 6301 3955 6301 3950 6301 3950 6302 3955 6302 3956 6302 3950 6303 3956 6303 3951 6303 3951 6304 3956 6304 3957 6304 3951 6305 3957 6305 3952 6305 3952 6305 3957 6305 3958 6305 3952 6306 3958 6306 3953 6306 3953 6307 3958 6307 3959 6307 3953 6308 3959 6308 3954 6308 3954 6309 3959 6309 3960 6309 3868 6310 3867 6310 3955 6310 3955 6311 3867 6311 3961 6311 3955 6312 3961 6312 3956 6312 3956 6313 3961 6313 3962 6313 3956 6314 3962 6314 3957 6314 3957 6315 3962 6315 3963 6315 3957 6316 3963 6316 3958 6316 3958 6316 3963 6316 3964 6316 3958 6317 3964 6317 3959 6317 3959 6318 3964 6318 3965 6318 3959 6319 3965 6319 3960 6319 3960 6320 3965 6320 3966 6320 3967 6321 3968 6321 3969 6321 3969 6322 3968 6322 3970 6322 3969 6323 3970 6323 3971 6323 3971 6324 3970 6324 3972 6324 3971 6325 3972 6325 3973 6325 3973 6325 3972 6325 3974 6325 3973 6326 3974 6326 3975 6326 3975 6327 3974 6327 3976 6327 3975 6328 3976 6328 3977 6328 3977 6329 3976 6329 3978 6329 3968 6330 3979 6330 3970 6330 3970 6331 3979 6331 3980 6331 3970 6332 3980 6332 3972 6332 3972 6333 3980 6333 3981 6333 3972 6334 3981 6334 3974 6334 3974 6334 3981 6334 3982 6334 3974 6335 3982 6335 3976 6335 3976 6336 3982 6336 3983 6336 3976 6337 3983 6337 3978 6337 3978 6338 3983 6338 3984 6338 3979 6339 3985 6339 3980 6339 3980 6340 3985 6340 3986 6340 3980 6341 3986 6341 3981 6341 3981 6342 3986 6342 3987 6342 3981 6343 3987 6343 3982 6343 3982 6343 3987 6343 3988 6343 3982 6344 3988 6344 3983 6344 3983 6345 3988 6345 3989 6345 3983 6346 3989 6346 3984 6346 3984 6347 3989 6347 3990 6347 3991 6348 3913 6348 3992 6348 3992 6349 3913 6349 3908 6349 3992 6350 3908 6350 3993 6350 3993 6243 3908 6243 3904 6243 3993 6351 3904 6351 3994 6351 3994 6352 3904 6352 3899 6352 3994 6353 3899 6353 3995 6353 3995 6354 3899 6354 3901 6354 3995 6355 3901 6355 3996 6355 3996 6356 3901 6356 3690 6356 3996 6357 3690 6357 3689 6357 3905 6358 3696 6358 3902 6358 3902 6359 3696 6359 3694 6359 3902 6360 3694 6360 3900 6360 3900 6361 3694 6361 3693 6361 3900 6362 3693 6362 3901 6362 3901 6363 3693 6363 3691 6363 3901 6364 3691 6364 3690 6364 3701 6365 3703 6365 3997 6365 3997 6366 3703 6366 3909 6366 3997 6367 3909 6367 3998 6367 3998 6368 3909 6368 3910 6368 3998 6369 3910 6369 3999 6369 3999 6370 3910 6370 3911 6370 3999 6371 3911 6371 4000 6371 4000 6371 3911 6371 3912 6371 4000 6372 3912 6372 4001 6372 4001 6373 3912 6373 3913 6373 4001 6374 3913 6374 4002 6374 4002 6375 3913 6375 3991 6375 4002 6376 3991 6376 3853 6376 3853 6377 3991 6377 3854 6377 3703 6378 3704 6378 3909 6378 3909 6379 3704 6379 3700 6379 3909 6380 3700 6380 3905 6380 3905 6381 3700 6381 3698 6381 3905 6382 3698 6382 3696 6382 4002 6383 3914 6383 4001 6383 4001 6384 3914 6384 3916 6384 4001 6385 3916 6385 4000 6385 4000 6386 3916 6386 3918 6386 4000 6387 3918 6387 3999 6387 3999 6387 3918 6387 3920 6387 3999 6388 3920 6388 3998 6388 3998 6389 3920 6389 3922 6389 3998 6390 3922 6390 3997 6390 3997 6391 3922 6391 3924 6391 3997 6392 3924 6392 3701 6392 3715 6393 3714 6393 4003 6393 4003 6394 3714 6394 3937 6394 4003 6395 3937 6395 4004 6395 4004 6396 3937 6396 3936 6396 4004 6397 3936 6397 4005 6397 4005 6398 3936 6398 3935 6398 4005 6399 3935 6399 4006 6399 4006 6399 3935 6399 3934 6399 4006 6400 3934 6400 4007 6400 4007 6401 3934 6401 3933 6401 4007 6402 3933 6402 4008 6402 4008 6403 3933 6403 3932 6403 3714 6404 3712 6404 3937 6404 3937 6405 3712 6405 3710 6405 3937 6406 3710 6406 3931 6406 3931 6407 3710 6407 3708 6407 3931 6408 3708 6408 3925 6408 3925 6409 3708 6409 3706 6409 3925 6410 3706 6410 3924 6410 3924 6411 3706 6411 3705 6411 3924 6412 3705 6412 3701 6412 3853 6413 3852 6413 4002 6413 4002 6414 3852 6414 3860 6414 4002 6415 3860 6415 3914 6415 3914 6416 3860 6416 3861 6416 3914 6417 3861 6417 3915 6417 3915 6418 3861 6418 3862 6418 3915 6419 3862 6419 3926 6419 3926 6420 3862 6420 3863 6420 3926 6421 3863 6421 3932 6421 3932 6422 3863 6422 3864 6422 3932 6423 3864 6423 4008 6423 4008 6424 3864 6424 3877 6424 4008 6425 3877 6425 4007 6425 4007 6426 3877 6426 3939 6426 4007 6427 3939 6427 4006 6427 4006 6428 3939 6428 3941 6428 4006 6429 3941 6429 4005 6429 4005 6429 3941 6429 3943 6429 4005 6430 3943 6430 4004 6430 4004 6431 3943 6431 3945 6431 4004 6432 3945 6432 4003 6432 4003 6433 3945 6433 3947 6433 4003 6434 3947 6434 3715 6434 3665 6435 3663 6435 4009 6435 4009 6436 3663 6436 3966 6436 4009 6437 3966 6437 4010 6437 4010 6438 3966 6438 3965 6438 4010 6439 3965 6439 4011 6439 4011 6440 3965 6440 3964 6440 4011 6441 3964 6441 4012 6441 4012 6441 3964 6441 3963 6441 4012 6442 3963 6442 4013 6442 4013 6443 3963 6443 3962 6443 4013 6444 3962 6444 4014 6444 4014 6445 3962 6445 3961 6445 4014 6446 3961 6446 3866 6446 3866 6447 3961 6447 3867 6447 3663 6448 3662 6448 3966 6448 3966 6449 3662 6449 3660 6449 3966 6450 3660 6450 3960 6450 3960 6451 3660 6451 3659 6451 3960 6452 3659 6452 3954 6452 3954 6453 3659 6453 3720 6453 3954 6454 3720 6454 3948 6454 3948 6455 3720 6455 3721 6455 3948 6456 3721 6456 3947 6456 3947 6457 3721 6457 3716 6457 3947 6458 3716 6458 3715 6458 4014 6459 3967 6459 4013 6459 4013 6460 3967 6460 3969 6460 4013 6461 3969 6461 4012 6461 4012 6462 3969 6462 3971 6462 4012 6463 3971 6463 4011 6463 4011 6463 3971 6463 3973 6463 4011 6464 3973 6464 4010 6464 4010 6465 3973 6465 3975 6465 4010 6466 3975 6466 4009 6466 4009 6467 3975 6467 3977 6467 4009 6468 3977 6468 3665 6468 3676 6469 3675 6469 4015 6469 4015 6470 3675 6470 3990 6470 4015 6471 3990 6471 4016 6471 4016 6472 3990 6472 3989 6472 4016 6473 3989 6473 4017 6473 4017 6474 3989 6474 3988 6474 4017 6475 3988 6475 4018 6475 4018 6475 3988 6475 3987 6475 4018 6476 3987 6476 4019 6476 4019 6477 3987 6477 3986 6477 4019 6478 3986 6478 4020 6478 4020 6479 3986 6479 3985 6479 3675 6480 3673 6480 3990 6480 3990 6481 3673 6481 3671 6481 3990 6482 3671 6482 3984 6482 3984 6483 3671 6483 3669 6483 3984 6484 3669 6484 3978 6484 3978 6485 3669 6485 3668 6485 3978 6486 3668 6486 3977 6486 3977 6487 3668 6487 3666 6487 3977 6488 3666 6488 3665 6488 3677 6489 3676 6489 3898 6489 3898 6490 3676 6490 4015 6490 3898 6491 4015 6491 3897 6491 3897 6492 4015 6492 4016 6492 3897 6493 4016 6493 3896 6493 3896 6494 4016 6494 4017 6494 3896 6495 4017 6495 3895 6495 3895 6495 4017 6495 4018 6495 3895 6496 4018 6496 3894 6496 3894 6497 4018 6497 4019 6497 3894 6498 4019 6498 3876 6498 3876 6499 4019 6499 4020 6499 3876 6500 4020 6500 3844 6500 3844 6501 4020 6501 3985 6501 3844 6502 3985 6502 3843 6502 3843 6503 3985 6503 3979 6503 3843 6504 3979 6504 3842 6504 3842 6505 3979 6505 3968 6505 3842 6506 3968 6506 3841 6506 3841 6507 3968 6507 3967 6507 3841 6508 3967 6508 3840 6508 3840 6509 3967 6509 4014 6509 3840 6510 4014 6510 3839 6510 3839 6511 4014 6511 3866 6511 4021 6512 3680 6512 3679 6512 3858 6513 3881 6513 3875 6513 3875 6514 3881 6514 4022 6514 3875 6515 4022 6515 3873 6515 3873 6516 4022 6516 4023 6516 3873 6517 4023 6517 3884 6517 3884 6518 4023 6518 4024 6518 3884 6216 4024 6216 3888 6216 3888 6519 4024 6519 4025 6519 3888 6520 4025 6520 3893 6520 3893 6521 4025 6521 4021 6521 3893 6522 4021 6522 3898 6522 3898 6523 4021 6523 3679 6523 3898 6524 3679 6524 3677 6524 3857 6525 3880 6525 3881 6525 3881 6526 3880 6526 4026 6526 3881 6527 4026 6527 4022 6527 4022 6528 4026 6528 4027 6528 4022 6529 4027 6529 4023 6529 4023 6530 4027 6530 4028 6530 4023 6518 4028 6518 4024 6518 4024 6531 4028 6531 4029 6531 4024 6532 4029 6532 4025 6532 4025 6533 4029 6533 4030 6533 4025 6534 4030 6534 4021 6534 4021 6535 4030 6535 3682 6535 4021 6536 3682 6536 3680 6536 3856 6537 3879 6537 3880 6537 3880 6538 3879 6538 4031 6538 3880 6539 4031 6539 4026 6539 4026 6540 4031 6540 4032 6540 4026 6541 4032 6541 4027 6541 4027 6542 4032 6542 4033 6542 4027 6530 4033 6530 4028 6530 4028 6543 4033 6543 4034 6543 4028 6544 4034 6544 4029 6544 4029 6545 4034 6545 4035 6545 4029 6546 4035 6546 4030 6546 4030 6547 4035 6547 3683 6547 4030 6548 3683 6548 3682 6548 3855 6549 3878 6549 3879 6549 3879 6550 3878 6550 4036 6550 3879 6551 4036 6551 4031 6551 4031 6552 4036 6552 4037 6552 4031 6540 4037 6540 4032 6540 4032 6553 4037 6553 4038 6553 4032 6542 4038 6542 4033 6542 4033 6554 4038 6554 4039 6554 4033 6555 4039 6555 4034 6555 4034 6556 4039 6556 3872 6556 4034 6557 3872 6557 4035 6557 4035 6558 3872 6558 3686 6558 4035 6559 3686 6559 3683 6559 3854 6560 3991 6560 3878 6560 3878 6561 3991 6561 3992 6561 3878 6562 3992 6562 4036 6562 4036 6563 3992 6563 3993 6563 4036 6564 3993 6564 4037 6564 4037 6351 3993 6351 3994 6351 4037 6553 3994 6553 4038 6553 4038 6353 3994 6353 3995 6353 4038 6565 3995 6565 4039 6565 4039 6566 3995 6566 3996 6566 4039 6567 3996 6567 3872 6567 3872 6568 3996 6568 3689 6568 3872 6569 3689 6569 3687 6569 3650 6570 3746 6570 3745 6570 3759 6571 3654 6571 3655 6571 3656 6572 3761 6572 3655 6572 3655 6573 3761 6573 3760 6573 3655 6574 3760 6574 3759 6574 3657 6575 3763 6575 3656 6575 3656 6576 3763 6576 3762 6576 3656 6577 3762 6577 3761 6577 3650 6578 3745 6578 3651 6578 3652 6579 3753 6579 3647 6579 3647 6580 3753 6580 3752 6580 3647 6581 3752 6581 3648 6581 3653 6582 3755 6582 3652 6582 3652 6583 3755 6583 3754 6583 3652 6584 3754 6584 3753 6584 3759 6585 3758 6585 3654 6585 3654 6586 3758 6586 3757 6586 3654 6587 3757 6587 3653 6587 3653 6588 3757 6588 3756 6588 3653 6589 3756 6589 3755 6589 3658 6590 3765 6590 3657 6590 3657 6591 3765 6591 3764 6591 3657 6591 3764 6591 3763 6591 3745 6592 3768 6592 3651 6592 3651 6593 3768 6593 3767 6593 3651 6594 3767 6594 3658 6594 3658 6595 3767 6595 3766 6595 3658 6596 3766 6596 3765 6596 3752 6597 3751 6597 3648 6597 3648 4513 3751 4513 3750 4513 3648 4513 3750 4513 3649 4513 3750 4513 3749 4513 3649 4513 3649 6598 3749 6598 3748 6598 3649 6599 3748 6599 3650 6599 3650 6600 3748 6600 3747 6600 3650 4513 3747 4513 3746 4513 3190 6601 3191 6601 3786 6601 3192 6602 3790 6602 3191 6602 3191 6603 3790 6603 3788 6603 3191 6604 3788 6604 3786 6604 3769 6605 3198 6605 3770 6605 3770 6606 3198 6606 3197 6606 3188 6607 3774 6607 3197 6607 3197 6608 3774 6608 3772 6608 3197 6609 3772 6609 3770 6609 3189 6610 3778 6610 3188 6610 3188 6611 3778 6611 3776 6611 3188 6612 3776 6612 3774 6612 3786 6613 3784 6613 3190 6613 3190 6614 3784 6614 3782 6614 3190 6615 3782 6615 3189 6615 3189 6616 3782 6616 3780 6616 3189 6616 3780 6616 3778 6616 3193 6617 3794 6617 3192 6617 3192 6618 3794 6618 3792 6618 3192 6619 3792 6619 3790 6619 3194 6620 3798 6620 3193 6620 3193 6621 3798 6621 3796 6621 3193 6622 3796 6622 3794 6622 3196 6623 3804 6623 3195 6623 3195 6624 3804 6624 3802 6624 3195 6625 3802 6625 3194 6625 3194 6626 3802 6626 3800 6626 3194 6627 3800 6627 3798 6627 3199 4823 3808 4823 3196 4823 3196 4823 3808 4823 3806 4823 3196 6628 3806 6628 3804 6628 3769 4823 3814 4823 3198 4823 3198 6629 3814 6629 3812 6629 3198 6630 3812 6630 3199 6630 3199 6631 3812 6631 3810 6631 3199 4823 3810 4823 3808 4823 4040 6632 4041 6632 3121 6632 3121 6633 4041 6633 3202 6633 3202 6634 4041 6634 4042 6634 3202 6635 4042 6635 3200 6635 4043 6636 3207 6636 4042 6636 4042 6637 3207 6637 3201 6637 4042 6638 3201 6638 3200 6638 4044 6639 3205 6639 4043 6639 4043 6640 3205 6640 3206 6640 4043 6641 3206 6641 3207 6641 3118 6642 3203 6642 4044 6642 4044 6643 3203 6643 3204 6643 4044 6644 3204 6644 3205 6644 3121 6645 3122 6645 4040 6645 4040 6646 3122 6646 3123 6646 4040 6647 3123 6647 4045 6647 4045 5013 3123 5013 3124 5013 4045 5013 3124 5013 4046 5013 4046 5012 3124 5012 3125 5012 4046 5012 3125 5012 4047 5012 4047 5011 3125 5011 3126 5011 4047 5011 3126 5011 4048 5011 4048 5010 3126 5010 3120 5010 4048 5010 3120 5010 4049 5010 4049 6648 3120 6648 3119 6648 4049 6649 3119 6649 4050 6649 4050 6650 3119 6650 3118 6650 4050 6651 3118 6651 4051 6651 4051 6652 3118 6652 4044 6652 4052 6653 4053 6653 4054 6653 4053 6654 4055 6654 4054 6654 4054 6655 4055 6655 4056 6655 4054 6656 4056 6656 4057 6656 4056 6657 4058 6657 4057 6657 4057 6658 4058 6658 4059 6658 4057 6659 4059 6659 4060 6659 4059 6660 4061 6660 4060 6660 4060 6661 4061 6661 4062 6661 4060 6662 4062 6662 4063 6662 4063 6663 4062 6663 4064 6663 4063 6664 4064 6664 4065 6664 4065 6665 4064 6665 4066 6665 4065 6666 4066 6666 4067 6666 4067 6667 4066 6667 4068 6667 4068 6668 4069 6668 4067 6668 4067 6669 4069 6669 4070 6669 4067 6670 4070 6670 4071 6670 4070 6671 4072 6671 4071 6671 4071 6672 4072 6672 4073 6672 4071 6673 4073 6673 4074 6673 4073 6674 4075 6674 4074 6674 4074 6675 4075 6675 4076 6675 4074 6676 4076 6676 4077 6676 4077 6677 4076 6677 4078 6677 4076 6678 4079 6678 4078 6678 4078 6679 4079 6679 4080 6679 4078 6680 4080 6680 4081 6680 4081 6681 4080 6681 4082 6681 4082 6682 4083 6682 4081 6682 4081 6683 4083 6683 4084 6683 4081 6684 4084 6684 4085 6684 4084 6685 4086 6685 4085 6685 4085 6686 4086 6686 4087 6686 4085 6687 4087 6687 4088 6687 4088 6688 4087 6688 4089 6688 4088 6689 4089 6689 4090 6689 4090 6690 4089 6690 4091 6690 4090 6691 4091 6691 4092 6691 4092 6692 4091 6692 4093 6692 4094 6693 4095 6693 4096 6693 4096 6694 4095 6694 4092 6694 4096 6695 4092 6695 4097 6695 4097 6696 4092 6696 4093 6696 4098 6697 4099 6697 4100 6697 4100 6698 4099 6698 4101 6698 4100 6699 4101 6699 4102 6699 4102 6700 4101 6700 4103 6700 4102 6701 4103 6701 4104 6701 4104 6702 4103 6702 4105 6702 4104 6703 4105 6703 4106 6703 4106 6704 4105 6704 4107 6704 4107 6705 4108 6705 4106 6705 4106 6706 4108 6706 4109 6706 4106 6707 4109 6707 4110 6707 4054 6708 4111 6708 4052 6708 4052 6709 4111 6709 4112 6709 4052 6710 4112 6710 4113 6710 4113 6711 4112 6711 4110 6711 4113 6712 4110 6712 4114 6712 4114 6713 4110 6713 4109 6713 4095 6714 4115 6714 4116 6714 4095 6715 4116 6715 4092 6715 4092 6716 4116 6716 4117 6716 4092 6717 4117 6717 4090 6717 4090 6718 4117 6718 4118 6718 4090 6719 4118 6719 4088 6719 4088 6720 4118 6720 4119 6720 4088 6721 4119 6721 4085 6721 4085 6722 4119 6722 4120 6722 4085 6723 4120 6723 4081 6723 4081 6724 4120 6724 4121 6724 4081 6725 4121 6725 4078 6725 4078 6726 4121 6726 4122 6726 4078 6727 4122 6727 4077 6727 4077 6728 4122 6728 4123 6728 4077 6729 4123 6729 4074 6729 4074 6730 4123 6730 4124 6730 4074 6731 4124 6731 4071 6731 4071 6732 4124 6732 4125 6732 4071 6733 4125 6733 4067 6733 4067 6734 4125 6734 4126 6734 4067 6735 4126 6735 4065 6735 4065 6736 4126 6736 4127 6736 4065 6737 4127 6737 4063 6737 4063 6738 4127 6738 4128 6738 4063 6739 4128 6739 4060 6739 4060 6740 4128 6740 4129 6740 4060 6741 4129 6741 4057 6741 4057 6742 4129 6742 4130 6742 4057 6743 4130 6743 4054 6743 4054 6744 4130 6744 4131 6744 4054 6745 4131 6745 4111 6745 4111 6746 4131 6746 4132 6746 4111 5367 4132 5367 4112 5367 4112 6747 4132 6747 4133 6747 4112 6748 4133 6748 4110 6748 4110 6749 4133 6749 4134 6749 4110 6750 4134 6750 4106 6750 4106 6751 4134 6751 4135 6751 4106 6752 4135 6752 4104 6752 4104 6753 4135 6753 4136 6753 4104 6754 4136 6754 4102 6754 4102 6755 4136 6755 4137 6755 4102 6756 4137 6756 4100 6756 4138 6757 4139 6757 4115 6757 4139 6758 4140 6758 4115 6758 4115 6759 4140 6759 4141 6759 4115 6760 4141 6760 4116 6760 4116 6761 4141 6761 4142 6761 4116 6762 4142 6762 4117 6762 4117 6763 4142 6763 4143 6763 4117 6764 4143 6764 4118 6764 4118 6765 4143 6765 4144 6765 4118 6766 4144 6766 4119 6766 4119 6767 4144 6767 4145 6767 4119 6768 4145 6768 4120 6768 4120 6769 4145 6769 4146 6769 4120 6770 4146 6770 4121 6770 4121 6771 4146 6771 4147 6771 4121 6772 4147 6772 4122 6772 4122 6773 4147 6773 4148 6773 4122 6774 4148 6774 4123 6774 4123 6775 4148 6775 4149 6775 4123 6776 4149 6776 4124 6776 4124 6777 4149 6777 4150 6777 4124 6778 4150 6778 4125 6778 4125 6779 4150 6779 4151 6779 4125 6780 4151 6780 4126 6780 4126 6781 4151 6781 4152 6781 4126 6782 4152 6782 4127 6782 4127 6783 4152 6783 4153 6783 4127 6784 4153 6784 4128 6784 4128 6785 4153 6785 4154 6785 4128 6786 4154 6786 4129 6786 4129 6787 4154 6787 4155 6787 4129 6788 4155 6788 4130 6788 4130 6789 4155 6789 4156 6789 4130 6790 4156 6790 4131 6790 4131 6791 4156 6791 4157 6791 4131 6792 4157 6792 4132 6792 4132 6793 4157 6793 4158 6793 4132 6794 4158 6794 4133 6794 4133 6795 4158 6795 4159 6795 4133 6796 4159 6796 4134 6796 4134 6797 4159 6797 4160 6797 4134 6798 4160 6798 4135 6798 4135 6799 4160 6799 4161 6799 4135 6800 4161 6800 4136 6800 4136 6801 4161 6801 4138 6801 4136 6802 4138 6802 4137 6802 4137 6803 4138 6803 4115 6803 4137 6804 4115 6804 4100 6804 4100 6805 4115 6805 4095 6805 4100 6806 4095 6806 4098 6806 4098 6807 4095 6807 4094 6807 4162 6808 4163 6808 4164 6808 4164 6809 4163 6809 4165 6809 4164 6810 4165 6810 4166 6810 4166 6811 4165 6811 4167 6811 4166 6812 4167 6812 4168 6812 4168 6813 4167 6813 4169 6813 4168 6814 4169 6814 4170 6814 4170 6815 4169 6815 4171 6815 4170 6816 4171 6816 4172 6816 4172 6817 4171 6817 4173 6817 4172 6818 4173 6818 4174 6818 4174 6819 4173 6819 4175 6819 4174 6820 4175 6820 4176 6820 4176 6821 4175 6821 4177 6821 4176 6822 4177 6822 4178 6822 4178 6823 4177 6823 4179 6823 4178 6824 4179 6824 4180 6824 4180 6825 4179 6825 4181 6825 4180 6826 4181 6826 4182 6826 4182 6827 4181 6827 4183 6827 4182 6828 4183 6828 4184 6828 4184 6829 4183 6829 4185 6829 4184 6830 4185 6830 4186 6830 4186 6831 4185 6831 4187 6831 4186 6832 4187 6832 4188 6832 4188 6833 4187 6833 4189 6833 4188 6834 4189 6834 4190 6834 4190 6835 4189 6835 4191 6835 4190 6836 4191 6836 4192 6836 4192 6837 4191 6837 4193 6837 4192 6838 4193 6838 4194 6838 4194 6839 4193 6839 4195 6839 4194 6840 4195 6840 4196 6840 4196 6841 4195 6841 4197 6841 4196 6842 4197 6842 4198 6842 4198 6843 4197 6843 4199 6843 4198 6844 4199 6844 4200 6844 4200 6845 4199 6845 4201 6845 4200 6846 4201 6846 4202 6846 4202 6847 4201 6847 4203 6847 4202 6848 4203 6848 4204 6848 4204 6849 4203 6849 4205 6849 4204 6850 4205 6850 4206 6850 4206 6851 4205 6851 4207 6851 4206 6852 4207 6852 4208 6852 4208 6853 4207 6853 4162 6853 4208 6854 4162 6854 4164 6854 4174 6855 4209 6855 4172 6855 4172 6856 4209 6856 4210 6856 4172 6857 4210 6857 4170 6857 4170 6858 4210 6858 4211 6858 4170 6859 4211 6859 4168 6859 4168 6860 4211 6860 4212 6860 4168 6861 4212 6861 4166 6861 4166 6862 4212 6862 4213 6862 4166 6863 4213 6863 4164 6863 4164 6864 4213 6864 4214 6864 4164 6865 4214 6865 4208 6865 4208 6866 4214 6866 4215 6866 4208 6867 4215 6867 4206 6867 4206 6868 4215 6868 4216 6868 4206 6869 4216 6869 4204 6869 4204 6870 4216 6870 4217 6870 4204 6871 4217 6871 4202 6871 4202 6872 4217 6872 4218 6872 4202 6873 4218 6873 4200 6873 4200 6874 4218 6874 4219 6874 4200 6875 4219 6875 4198 6875 4198 6876 4219 6876 4220 6876 4198 6877 4220 6877 4196 6877 4196 6878 4220 6878 4221 6878 4196 6879 4221 6879 4194 6879 4194 6880 4221 6880 4222 6880 4194 6881 4222 6881 4192 6881 4192 6882 4222 6882 4223 6882 4192 6883 4223 6883 4190 6883 4190 6884 4223 6884 4224 6884 4190 6885 4224 6885 4188 6885 4188 6886 4224 6886 4225 6886 4188 6887 4225 6887 4186 6887 4186 6888 4225 6888 4226 6888 4186 6889 4226 6889 4184 6889 4184 6890 4226 6890 4227 6890 4184 6891 4227 6891 4182 6891 4182 6892 4227 6892 4228 6892 4182 6893 4228 6893 4180 6893 4180 6894 4228 6894 4229 6894 4180 6895 4229 6895 4178 6895 4178 6896 4229 6896 4230 6896 4178 6897 4230 6897 4176 6897 4176 6898 4230 6898 4231 6898 4176 6899 4231 6899 4174 6899 4174 5213 4231 5213 4209 5213 4232 6900 4229 6900 4233 6900 4233 6901 4229 6901 4228 6901 4233 6902 4228 6902 4234 6902 4234 6903 4228 6903 4227 6903 4234 6904 4227 6904 4235 6904 4235 6905 4227 6905 4226 6905 4235 6906 4226 6906 4236 6906 4236 6907 4226 6907 4225 6907 4236 6908 4225 6908 4237 6908 4237 6909 4225 6909 4224 6909 4237 6910 4224 6910 4238 6910 4238 6911 4224 6911 4239 6911 4239 6912 4224 6912 4240 6912 4240 6913 4224 6913 4223 6913 4240 6914 4223 6914 4241 6914 4241 6915 4223 6915 4222 6915 4241 6916 4222 6916 4242 6916 4242 6917 4222 6917 4221 6917 4242 6918 4221 6918 4243 6918 4243 6919 4221 6919 4220 6919 4243 6920 4220 6920 4244 6920 4245 6921 4246 6921 4215 6921 4215 6922 4246 6922 4247 6922 4215 6923 4247 6923 4216 6923 4216 6924 4247 6924 4248 6924 4216 6925 4248 6925 4217 6925 4217 6926 4248 6926 4249 6926 4217 6927 4249 6927 4218 6927 4218 6928 4249 6928 4250 6928 4218 6929 4250 6929 4219 6929 4219 6930 4250 6930 4251 6930 4219 6931 4251 6931 4220 6931 4220 6932 4251 6932 4252 6932 4220 6933 4252 6933 4244 6933 4245 6934 4215 6934 4253 6934 4253 6935 4215 6935 4214 6935 4253 6936 4214 6936 4254 6936 4254 6937 4214 6937 4213 6937 4254 6938 4213 6938 4255 6938 4255 6939 4213 6939 4212 6939 4255 6940 4212 6940 4256 6940 4256 6941 4212 6941 4211 6941 4256 6942 4211 6942 4257 6942 4257 6943 4211 6943 4210 6943 4257 6944 4210 6944 4258 6944 4232 6945 4259 6945 4229 6945 4229 6946 4259 6946 4260 6946 4229 6947 4260 6947 4230 6947 4230 6948 4260 6948 4261 6948 4230 6949 4261 6949 4231 6949 4231 6950 4261 6950 4262 6950 4231 6951 4262 6951 4209 6951 4209 6952 4262 6952 4263 6952 4209 6953 4263 6953 4210 6953 4210 6954 4263 6954 4264 6954 4210 6955 4264 6955 4258 6955 4080 6956 4079 6956 4265 6956 4266 6957 4267 6957 4268 6957 4238 6958 4239 6958 4269 6958 4258 6959 4264 6959 4270 6959 4271 6960 4248 6960 4247 6960 4272 6961 4249 6961 4248 6961 4273 6962 4250 6962 4249 6962 4274 6963 4251 6963 4250 6963 4268 6964 4252 6964 4251 6964 4258 6965 4270 6965 4257 6965 4238 6966 4269 6966 4237 6966 4252 6967 4268 6967 4244 6967 4244 6968 4268 6968 4267 6968 4244 6969 4267 6969 4243 6969 4242 6970 4243 6970 4275 6970 4275 6971 4243 6971 4267 6971 4275 6972 4267 6972 4276 6972 4276 6973 4267 6973 4266 6973 4276 6974 4266 6974 4277 6974 4241 6975 4242 6975 4278 6975 4278 6976 4242 6976 4275 6976 4278 6977 4275 6977 4279 6977 4279 6978 4275 6978 4276 6978 4279 6979 4276 6979 4280 6979 4280 6980 4276 6980 4277 6980 4280 5584 4277 5584 4281 5584 4240 6981 4241 6981 4282 6981 4282 6982 4241 6982 4278 6982 4282 6983 4278 6983 4283 6983 4283 6984 4278 6984 4279 6984 4283 6985 4279 6985 4284 6985 4284 6986 4279 6986 4280 6986 4284 6987 4280 6987 4285 6987 4285 6987 4280 6987 4281 6987 4285 6988 4281 6988 4286 6988 4239 6989 4240 6989 4269 6989 4269 6990 4240 6990 4282 6990 4269 6991 4282 6991 4287 6991 4287 6992 4282 6992 4283 6992 4287 6993 4283 6993 4288 6993 4288 5480 4283 5480 4284 5480 4288 5481 4284 5481 4289 5481 4289 5481 4284 5481 4285 5481 4289 6994 4285 6994 4290 6994 4290 6995 4285 6995 4286 6995 4290 6996 4286 6996 4291 6996 4292 6997 4293 6997 4294 6997 4295 6998 4293 6998 4296 6998 4296 6999 4293 6999 4292 6999 4296 7000 4292 7000 4297 7000 4298 7001 4295 7001 4299 7001 4299 7002 4295 7002 4296 7002 4299 7003 4296 7003 4300 7003 4300 7004 4296 7004 4297 7004 4300 7005 4297 7005 4301 7005 4302 7006 4298 7006 4303 7006 4303 7007 4298 7007 4299 7007 4303 7008 4299 7008 4304 7008 4304 5463 4299 5463 4300 5463 4304 5464 4300 5464 4305 5464 4305 5464 4300 5464 4301 5464 4305 7009 4301 7009 4306 7009 4307 7010 4308 7010 4309 7010 4309 7011 4308 7011 4310 7011 4309 7012 4310 7012 4311 7012 4311 5577 4310 5577 4312 5577 4311 5576 4312 5576 4313 5576 4313 5576 4312 5576 4314 5576 4313 7013 4314 7013 4315 7013 4315 7014 4314 7014 4316 7014 4315 7015 4316 7015 4317 7015 4317 7016 4316 7016 4318 7016 4308 7017 4319 7017 4310 7017 4310 7018 4319 7018 4320 7018 4310 7019 4320 7019 4312 7019 4312 7020 4320 7020 4321 7020 4312 5567 4321 5567 4314 5567 4314 5567 4321 5567 4322 5567 4314 5566 4322 5566 4316 5566 4316 7021 4322 7021 4323 7021 4316 7022 4323 7022 4318 7022 4318 7023 4323 7023 4324 7023 4319 7024 4325 7024 4320 7024 4320 7025 4325 7025 4326 7025 4320 7026 4326 7026 4321 7026 4321 5559 4326 5559 4327 5559 4321 5558 4327 5558 4322 5558 4322 5558 4327 5558 4328 5558 4322 7027 4328 7027 4323 7027 4323 7028 4328 7028 4329 7028 4323 7029 4329 7029 4324 7029 4324 7030 4329 7030 4330 7030 4264 7031 4263 7031 4270 7031 4270 7032 4263 7032 4331 7032 4270 7033 4331 7033 4332 7033 4332 7034 4331 7034 4333 7034 4332 7035 4333 7035 4334 7035 4334 7036 4333 7036 4335 7036 4334 5549 4335 5549 4336 5549 4336 5549 4335 5549 4337 5549 4336 7037 4337 7037 4338 7037 4338 7038 4337 7038 4339 7038 4338 7039 4339 7039 4340 7039 4340 7040 4339 7040 4341 7040 4263 7041 4262 7041 4331 7041 4331 7042 4262 7042 4342 7042 4331 7043 4342 7043 4333 7043 4333 7044 4342 7044 4343 7044 4333 7045 4343 7045 4335 7045 4335 7046 4343 7046 4344 7046 4335 5538 4344 5538 4337 5538 4337 5538 4344 5538 4345 5538 4337 5537 4345 5537 4339 5537 4339 7047 4345 7047 4346 7047 4339 7048 4346 7048 4341 7048 4341 7049 4346 7049 4347 7049 4262 7050 4261 7050 4342 7050 4342 7051 4261 7051 4348 7051 4342 7052 4348 7052 4343 7052 4343 7053 4348 7053 4349 7053 4343 7054 4349 7054 4344 7054 4344 5528 4349 5528 4350 5528 4344 5527 4350 5527 4345 5527 4345 5527 4350 5527 4351 5527 4345 7055 4351 7055 4346 7055 4346 7056 4351 7056 4352 7056 4346 7057 4352 7057 4347 7057 4347 7058 4352 7058 4353 7058 4261 7059 4260 7059 4348 7059 4348 7060 4260 7060 4354 7060 4348 7061 4354 7061 4349 7061 4349 7062 4354 7062 4355 7062 4349 7063 4355 7063 4350 7063 4350 7064 4355 7064 4356 7064 4350 5516 4356 5516 4351 5516 4351 5516 4356 5516 4357 5516 4351 7065 4357 7065 4352 7065 4352 7066 4357 7066 4358 7066 4352 7067 4358 7067 4353 7067 4353 7068 4358 7068 4359 7068 4360 7069 4361 7069 4362 7069 4362 7070 4361 7070 4363 7070 4362 7071 4363 7071 4364 7071 4364 7072 4363 7072 4365 7072 4364 5505 4365 5505 4366 5505 4366 5505 4365 5505 4367 5505 4366 5504 4367 5504 4368 5504 4368 7073 4367 7073 4369 7073 4368 7074 4369 7074 4370 7074 4370 7075 4369 7075 4371 7075 4361 7076 4372 7076 4363 7076 4363 7077 4372 7077 4373 7077 4363 7078 4373 7078 4365 7078 4365 5497 4373 5497 4374 5497 4365 5496 4374 5496 4367 5496 4367 5496 4374 5496 4375 5496 4367 7079 4375 7079 4369 7079 4369 7080 4375 7080 4376 7080 4369 7081 4376 7081 4371 7081 4371 7082 4376 7082 4377 7082 4372 7083 4378 7083 4373 7083 4373 7084 4378 7084 4379 7084 4373 7085 4379 7085 4374 7085 4374 7086 4379 7086 4380 7086 4374 5487 4380 5487 4375 5487 4375 5487 4380 5487 4381 5487 4375 5486 4381 5486 4376 5486 4376 7087 4381 7087 4382 7087 4376 7088 4382 7088 4377 7088 4377 7089 4382 7089 4383 7089 4384 7090 4306 7090 4385 7090 4385 7091 4306 7091 4301 7091 4385 7092 4301 7092 4386 7092 4386 7005 4301 7005 4297 7005 4386 5449 4297 5449 4387 5449 4387 7093 4297 7093 4292 7093 4387 7094 4292 7094 4388 7094 4388 7095 4292 7095 4294 7095 4388 7096 4294 7096 4389 7096 4389 7097 4294 7097 4083 7097 4389 7098 4083 7098 4082 7098 4298 7099 4089 7099 4295 7099 4295 7100 4089 7100 4087 7100 4295 7101 4087 7101 4293 7101 4293 7102 4087 7102 4086 7102 4293 7103 4086 7103 4294 7103 4294 7104 4086 7104 4084 7104 4294 7105 4084 7105 4083 7105 4094 7106 4096 7106 4390 7106 4390 7107 4096 7107 4302 7107 4390 7108 4302 7108 4391 7108 4391 7109 4302 7109 4303 7109 4391 7110 4303 7110 4392 7110 4392 7111 4303 7111 4304 7111 4392 5728 4304 5728 4393 5728 4393 5728 4304 5728 4305 5728 4393 5727 4305 5727 4394 5727 4394 7112 4305 7112 4306 7112 4394 7113 4306 7113 4395 7113 4395 7114 4306 7114 4384 7114 4395 7115 4384 7115 4246 7115 4246 7116 4384 7116 4247 7116 4096 7117 4097 7117 4302 7117 4302 7118 4097 7118 4093 7118 4302 7119 4093 7119 4298 7119 4298 7120 4093 7120 4091 7120 4298 7121 4091 7121 4089 7121 4395 7122 4307 7122 4394 7122 4394 7123 4307 7123 4309 7123 4394 7124 4309 7124 4393 7124 4393 7125 4309 7125 4311 7125 4393 5708 4311 5708 4392 5708 4392 5708 4311 5708 4313 5708 4392 5709 4313 5709 4391 5709 4391 7126 4313 7126 4315 7126 4391 7127 4315 7127 4390 7127 4390 7128 4315 7128 4317 7128 4390 7129 4317 7129 4094 7129 4108 5744 4107 5744 4396 5744 4396 7130 4107 7130 4330 7130 4396 7131 4330 7131 4397 7131 4397 7132 4330 7132 4329 7132 4397 7133 4329 7133 4398 7133 4398 7134 4329 7134 4328 7134 4398 7135 4328 7135 4399 7135 4399 7135 4328 7135 4327 7135 4399 7136 4327 7136 4400 7136 4400 7137 4327 7137 4326 7137 4400 7138 4326 7138 4401 7138 4401 7139 4326 7139 4325 7139 4107 7140 4105 7140 4330 7140 4330 7141 4105 7141 4103 7141 4330 7142 4103 7142 4324 7142 4324 7143 4103 7143 4101 7143 4324 7144 4101 7144 4318 7144 4318 7145 4101 7145 4099 7145 4318 7146 4099 7146 4317 7146 4317 7147 4099 7147 4098 7147 4317 7148 4098 7148 4094 7148 4246 7149 4245 7149 4395 7149 4395 7150 4245 7150 4253 7150 4395 7151 4253 7151 4307 7151 4307 7152 4253 7152 4254 7152 4307 7153 4254 7153 4308 7153 4308 7154 4254 7154 4255 7154 4308 7155 4255 7155 4319 7155 4319 7156 4255 7156 4256 7156 4319 7157 4256 7157 4325 7157 4325 7158 4256 7158 4257 7158 4325 7159 4257 7159 4401 7159 4401 7160 4257 7160 4270 7160 4401 7161 4270 7161 4400 7161 4400 7162 4270 7162 4332 7162 4400 7163 4332 7163 4399 7163 4399 7164 4332 7164 4334 7164 4399 5674 4334 5674 4398 5674 4398 5674 4334 5674 4336 5674 4398 5675 4336 5675 4397 5675 4397 7165 4336 7165 4338 7165 4397 7166 4338 7166 4396 7166 4396 7167 4338 7167 4340 7167 4396 7168 4340 7168 4108 7168 4058 7169 4056 7169 4402 7169 4402 7170 4056 7170 4359 7170 4402 7171 4359 7171 4403 7171 4403 7172 4359 7172 4358 7172 4403 7173 4358 7173 4404 7173 4404 7174 4358 7174 4357 7174 4404 5662 4357 5662 4405 5662 4405 5662 4357 5662 4356 5662 4405 5663 4356 5663 4406 5663 4406 7175 4356 7175 4355 7175 4406 7176 4355 7176 4407 7176 4407 7177 4355 7177 4354 7177 4407 7178 4354 7178 4259 7178 4259 7179 4354 7179 4260 7179 4056 7180 4055 7180 4359 7180 4359 7181 4055 7181 4053 7181 4359 7182 4053 7182 4353 7182 4353 7183 4053 7183 4052 7183 4353 7184 4052 7184 4347 7184 4347 7185 4052 7185 4113 7185 4347 7186 4113 7186 4341 7186 4341 7187 4113 7187 4114 7187 4341 7188 4114 7188 4340 7188 4340 7189 4114 7189 4109 7189 4340 7190 4109 7190 4108 7190 4407 7191 4360 7191 4406 7191 4406 7192 4360 7192 4362 7192 4406 7193 4362 7193 4405 7193 4405 7194 4362 7194 4364 7194 4405 7195 4364 7195 4404 7195 4404 7195 4364 7195 4366 7195 4404 7196 4366 7196 4403 7196 4403 7197 4366 7197 4368 7197 4403 7198 4368 7198 4402 7198 4402 7199 4368 7199 4370 7199 4402 7200 4370 7200 4058 7200 4069 7201 4068 7201 4408 7201 4408 7202 4068 7202 4383 7202 4408 7203 4383 7203 4409 7203 4409 7204 4383 7204 4382 7204 4409 7205 4382 7205 4410 7205 4410 7206 4382 7206 4381 7206 4410 5620 4381 5620 4411 5620 4411 5620 4381 5620 4380 5620 4411 5621 4380 5621 4412 5621 4412 7207 4380 7207 4379 7207 4412 7208 4379 7208 4413 7208 4413 7209 4379 7209 4378 7209 4068 7210 4066 7210 4383 7210 4383 7211 4066 7211 4064 7211 4383 7212 4064 7212 4377 7212 4377 7213 4064 7213 4062 7213 4377 7214 4062 7214 4371 7214 4371 7215 4062 7215 4061 7215 4371 7216 4061 7216 4370 7216 4370 7217 4061 7217 4059 7217 4370 7218 4059 7218 4058 7218 4070 7219 4069 7219 4291 7219 4291 7220 4069 7220 4408 7220 4291 7221 4408 7221 4290 7221 4290 7222 4408 7222 4409 7222 4290 7223 4409 7223 4289 7223 4289 5605 4409 5605 4410 5605 4289 5604 4410 5604 4288 5604 4288 5604 4410 5604 4411 5604 4288 7224 4411 7224 4287 7224 4287 7225 4411 7225 4412 7225 4287 7226 4412 7226 4269 7226 4269 7227 4412 7227 4413 7227 4269 7228 4413 7228 4237 7228 4237 7229 4413 7229 4378 7229 4237 7230 4378 7230 4236 7230 4236 7231 4378 7231 4372 7231 4236 7232 4372 7232 4235 7232 4235 7233 4372 7233 4361 7233 4235 7234 4361 7234 4234 7234 4234 7235 4361 7235 4360 7235 4234 7236 4360 7236 4233 7236 4233 7237 4360 7237 4407 7237 4233 7238 4407 7238 4232 7238 4232 5626 4407 5626 4259 5626 4414 7239 4073 7239 4072 7239 4251 7240 4274 7240 4268 7240 4268 7241 4274 7241 4415 7241 4268 7242 4415 7242 4266 7242 4266 7243 4415 7243 4416 7243 4266 7244 4416 7244 4277 7244 4277 5786 4416 5786 4417 5786 4277 5584 4417 5584 4281 5584 4281 5797 4417 5797 4418 5797 4281 7245 4418 7245 4286 7245 4286 7246 4418 7246 4414 7246 4286 7247 4414 7247 4291 7247 4291 7248 4414 7248 4072 7248 4291 7249 4072 7249 4070 7249 4250 7250 4273 7250 4274 7250 4274 7251 4273 7251 4419 7251 4274 7252 4419 7252 4415 7252 4415 7253 4419 7253 4420 7253 4415 7254 4420 7254 4416 7254 4416 5775 4420 5775 4421 5775 4416 5786 4421 5786 4417 5786 4417 7255 4421 7255 4422 7255 4417 7256 4422 7256 4418 7256 4418 7257 4422 7257 4423 7257 4418 7258 4423 7258 4414 7258 4414 7259 4423 7259 4075 7259 4414 7260 4075 7260 4073 7260 4249 7261 4272 7261 4273 7261 4273 7262 4272 7262 4424 7262 4273 7263 4424 7263 4419 7263 4419 7264 4424 7264 4425 7264 4419 7265 4425 7265 4420 7265 4420 5763 4425 5763 4426 5763 4420 5775 4426 5775 4421 5775 4421 7266 4426 7266 4427 7266 4421 7267 4427 7267 4422 7267 4422 7268 4427 7268 4428 7268 4422 7269 4428 7269 4423 7269 4423 7270 4428 7270 4076 7270 4423 7271 4076 7271 4075 7271 4248 7272 4271 7272 4272 7272 4272 7273 4271 7273 4429 7273 4272 7274 4429 7274 4424 7274 4424 7275 4429 7275 4430 7275 4424 7264 4430 7264 4425 7264 4425 5751 4430 5751 4431 5751 4425 5763 4431 5763 4426 5763 4426 7276 4431 7276 4432 7276 4426 7277 4432 7277 4427 7277 4427 7278 4432 7278 4265 7278 4427 7279 4265 7279 4428 7279 4428 7280 4265 7280 4079 7280 4428 7281 4079 7281 4076 7281 4247 7282 4384 7282 4271 7282 4271 7283 4384 7283 4385 7283 4271 7284 4385 7284 4429 7284 4429 7285 4385 7285 4386 7285 4429 5752 4386 5752 4430 5752 4430 5449 4386 5449 4387 5449 4430 5751 4387 5751 4431 5751 4431 7094 4387 7094 4388 7094 4431 7286 4388 7286 4432 7286 4432 7287 4388 7287 4389 7287 4432 7288 4389 7288 4265 7288 4265 7289 4389 7289 4082 7289 4265 7290 4082 7290 4080 7290 4043 5844 4139 5844 4138 5844 4043 7291 4138 7291 4044 7291 4042 4582 4041 4582 4143 4582 4045 7292 4146 7292 4040 7292 4040 7293 4146 7293 4145 7293 4040 7294 4145 7294 4041 7294 4041 7295 4145 7295 4144 7295 4041 4582 4144 4582 4143 4582 4050 7296 4051 7296 4158 7296 4138 7297 4161 7297 4044 7297 4044 7298 4161 7298 4160 7298 4044 7299 4160 7299 4051 7299 4051 7300 4160 7300 4159 7300 4051 7301 4159 7301 4158 7301 4143 4582 4142 4582 4042 4582 4042 7302 4142 7302 4141 7302 4042 7303 4141 7303 4043 7303 4043 7304 4141 7304 4140 7304 4043 4582 4140 4582 4139 4582 4046 7305 4148 7305 4045 7305 4045 7306 4148 7306 4147 7306 4045 7307 4147 7307 4146 7307 4047 7308 4150 7308 4046 7308 4046 7309 4150 7309 4149 7309 4046 7310 4149 7310 4148 7310 4158 7311 4157 7311 4050 7311 4050 7311 4157 7311 4156 7311 4050 7312 4156 7312 4049 7312 4048 7313 4152 7313 4047 7313 4047 7314 4152 7314 4151 7314 4047 7315 4151 7315 4150 7315 4156 7316 4155 7316 4049 7316 4049 7317 4155 7317 4154 7317 4049 7318 4154 7318 4048 7318 4048 7319 4154 7319 4153 7319 4048 7320 4153 7320 4152 7320 3223 7321 4197 7321 3222 7321 3222 7322 4197 7322 4195 7322 3222 7323 4195 7323 3221 7323 3217 7324 3218 7324 4179 7324 3219 7325 4183 7325 3218 7325 3218 7326 4183 7326 4181 7326 3218 7327 4181 7327 4179 7327 3220 7328 4187 7328 3219 7328 3219 7329 4187 7329 4185 7329 3219 7330 4185 7330 4183 7330 4195 7331 4193 7331 3221 7331 3221 7332 4193 7332 4191 7332 3221 7333 4191 7333 3220 7333 3220 7334 4191 7334 4189 7334 3220 7335 4189 7335 4187 7335 3226 4690 4201 4690 3223 4690 3223 4690 4201 4690 4199 4690 3223 7336 4199 7336 4197 7336 4162 5803 3225 5803 4163 5803 4163 7337 3225 7337 3224 7337 4162 4690 4207 4690 3225 4690 3225 7338 4207 7338 4205 7338 3225 7339 4205 7339 3226 7339 3226 7340 4205 7340 4203 7340 3226 4690 4203 4690 4201 4690 3215 7341 4167 7341 3224 7341 3224 7342 4167 7342 4165 7342 3224 7343 4165 7343 4163 7343 3216 7344 4171 7344 3215 7344 3215 7345 4171 7345 4169 7345 3215 7346 4169 7346 4167 7346 4179 7347 4177 7347 3217 7347 3217 7348 4177 7348 4175 7348 3217 7349 4175 7349 3216 7349 3216 7350 4175 7350 4173 7350 3216 7350 4173 7350 4171 7350 4433 7351 4434 7351 3073 7351 3073 7352 4434 7352 3229 7352 3229 7353 4434 7353 4435 7353 3229 7354 4435 7354 3227 7354 4436 7355 3234 7355 4435 7355 4435 7356 3234 7356 3228 7356 4435 7357 3228 7357 3227 7357 4437 7358 3232 7358 4436 7358 4436 7359 3232 7359 3233 7359 4436 7360 3233 7360 3234 7360 3070 7361 3230 7361 4437 7361 4437 7362 3230 7362 3231 7362 4437 7363 3231 7363 3232 7363 3073 7364 3074 7364 4433 7364 4433 7365 3074 7365 3075 7365 4433 7366 3075 7366 4438 7366 4438 5079 3075 5079 3076 5079 4438 5079 3076 5079 4439 5079 4439 5078 3076 5078 3077 5078 4439 5078 3077 5078 4440 5078 4440 5077 3077 5077 3078 5077 4440 5077 3078 5077 4441 5077 4441 5076 3078 5076 3072 5076 4441 5076 3072 5076 4442 5076 4442 7367 3072 7367 3071 7367 4442 7368 3071 7368 4443 7368 4443 7369 3071 7369 3070 7369 4443 7370 3070 7370 4444 7370 4444 7371 3070 7371 4437 7371 4445 7372 4446 7372 4447 7372 4446 7373 4448 7373 4447 7373 4447 7374 4448 7374 4449 7374 4447 7375 4449 7375 4450 7375 4449 7376 4451 7376 4450 7376 4450 7377 4451 7377 4452 7377 4450 7378 4452 7378 4453 7378 4452 7379 4454 7379 4453 7379 4453 7380 4454 7380 4455 7380 4453 7381 4455 7381 4456 7381 4456 7382 4455 7382 4457 7382 4456 7383 4457 7383 4458 7383 4458 7384 4457 7384 4459 7384 4458 7385 4459 7385 4460 7385 4460 7386 4459 7386 4461 7386 4461 7387 4462 7387 4460 7387 4460 7388 4462 7388 4463 7388 4460 7389 4463 7389 4464 7389 4463 7390 4465 7390 4464 7390 4464 7391 4465 7391 4466 7391 4464 7392 4466 7392 4467 7392 4466 7393 4468 7393 4467 7393 4467 7394 4468 7394 4469 7394 4467 7395 4469 7395 4470 7395 4470 7396 4469 7396 4471 7396 4469 7397 4472 7397 4471 7397 4471 7398 4472 7398 4473 7398 4471 7399 4473 7399 4474 7399 4474 7400 4473 7400 4475 7400 4475 7401 4476 7401 4474 7401 4474 7402 4476 7402 4477 7402 4474 7403 4477 7403 4478 7403 4477 7404 4479 7404 4478 7404 4478 7405 4479 7405 4480 7405 4478 7406 4480 7406 4481 7406 4481 7407 4480 7407 4482 7407 4481 7408 4482 7408 4483 7408 4483 7409 4482 7409 4484 7409 4483 7410 4484 7410 4485 7410 4485 7411 4484 7411 4486 7411 4487 7412 4488 7412 4489 7412 4489 7413 4488 7413 4485 7413 4489 7414 4485 7414 4490 7414 4490 7415 4485 7415 4486 7415 4491 7416 4492 7416 4493 7416 4493 7417 4492 7417 4494 7417 4493 7418 4494 7418 4495 7418 4495 7419 4494 7419 4496 7419 4495 7420 4496 7420 4497 7420 4497 7421 4496 7421 4498 7421 4497 7422 4498 7422 4499 7422 4499 7423 4498 7423 4500 7423 4500 7424 4501 7424 4499 7424 4499 7425 4501 7425 4502 7425 4499 7426 4502 7426 4503 7426 4447 7427 4504 7427 4445 7427 4445 7428 4504 7428 4505 7428 4445 7429 4505 7429 4506 7429 4506 7430 4505 7430 4503 7430 4506 7431 4503 7431 4507 7431 4507 7432 4503 7432 4502 7432 4488 7433 4508 7433 4509 7433 4488 7434 4509 7434 4485 7434 4485 7435 4509 7435 4510 7435 4485 7436 4510 7436 4483 7436 4483 7437 4510 7437 4511 7437 4483 7438 4511 7438 4481 7438 4481 7439 4511 7439 4512 7439 4481 7440 4512 7440 4478 7440 4478 7441 4512 7441 4513 7441 4478 7442 4513 7442 4474 7442 4474 7443 4513 7443 4514 7443 4474 7444 4514 7444 4471 7444 4471 7445 4514 7445 4515 7445 4471 7446 4515 7446 4470 7446 4470 7447 4515 7447 4516 7447 4470 7448 4516 7448 4467 7448 4467 7449 4516 7449 4517 7449 4467 7450 4517 7450 4464 7450 4464 7451 4517 7451 4518 7451 4464 7452 4518 7452 4460 7452 4460 7453 4518 7453 4519 7453 4460 7454 4519 7454 4458 7454 4458 7455 4519 7455 4520 7455 4458 7456 4520 7456 4456 7456 4456 7457 4520 7457 4521 7457 4456 7458 4521 7458 4453 7458 4453 7459 4521 7459 4522 7459 4453 7460 4522 7460 4450 7460 4450 7461 4522 7461 4523 7461 4450 7462 4523 7462 4447 7462 4447 7463 4523 7463 4524 7463 4447 7464 4524 7464 4504 7464 4504 7465 4524 7465 4525 7465 4504 6134 4525 6134 4505 6134 4505 7466 4525 7466 4526 7466 4505 7467 4526 7467 4503 7467 4503 7468 4526 7468 4527 7468 4503 7469 4527 7469 4499 7469 4499 7470 4527 7470 4528 7470 4499 7471 4528 7471 4497 7471 4497 7472 4528 7472 4529 7472 4497 7473 4529 7473 4495 7473 4495 7474 4529 7474 4530 7474 4495 7475 4530 7475 4493 7475 4531 7476 4532 7476 4508 7476 4532 7477 4533 7477 4508 7477 4508 7478 4533 7478 4534 7478 4508 7479 4534 7479 4509 7479 4509 7480 4534 7480 4535 7480 4509 7481 4535 7481 4510 7481 4510 7482 4535 7482 4536 7482 4510 7483 4536 7483 4511 7483 4511 7484 4536 7484 4537 7484 4511 7485 4537 7485 4512 7485 4512 7486 4537 7486 4538 7486 4512 7487 4538 7487 4513 7487 4513 7488 4538 7488 4539 7488 4513 7489 4539 7489 4514 7489 4514 7490 4539 7490 4540 7490 4514 7491 4540 7491 4515 7491 4515 7492 4540 7492 4541 7492 4515 7493 4541 7493 4516 7493 4516 7494 4541 7494 4542 7494 4516 7495 4542 7495 4517 7495 4517 7496 4542 7496 4543 7496 4517 7497 4543 7497 4518 7497 4518 7498 4543 7498 4544 7498 4518 7499 4544 7499 4519 7499 4519 7500 4544 7500 4545 7500 4519 7501 4545 7501 4520 7501 4520 7502 4545 7502 4546 7502 4520 7503 4546 7503 4521 7503 4521 7504 4546 7504 4547 7504 4521 7505 4547 7505 4522 7505 4522 7506 4547 7506 4548 7506 4522 7507 4548 7507 4523 7507 4523 7508 4548 7508 4549 7508 4523 7509 4549 7509 4524 7509 4524 7510 4549 7510 4550 7510 4524 7511 4550 7511 4525 7511 4525 7512 4550 7512 4551 7512 4525 7513 4551 7513 4526 7513 4526 7514 4551 7514 4552 7514 4526 7515 4552 7515 4527 7515 4527 7516 4552 7516 4553 7516 4527 7517 4553 7517 4528 7517 4528 7518 4553 7518 4554 7518 4528 7519 4554 7519 4529 7519 4529 7520 4554 7520 4531 7520 4529 7521 4531 7521 4530 7521 4530 7522 4531 7522 4508 7522 4530 7523 4508 7523 4493 7523 4493 7524 4508 7524 4488 7524 4493 7525 4488 7525 4491 7525 4491 7526 4488 7526 4487 7526 4555 7527 4556 7527 4557 7527 4557 7528 4556 7528 4558 7528 4557 7529 4558 7529 4559 7529 4559 7530 4558 7530 4560 7530 4559 7531 4560 7531 4561 7531 4561 7532 4560 7532 4562 7532 4561 7533 4562 7533 4563 7533 4563 7534 4562 7534 4564 7534 4563 7535 4564 7535 4565 7535 4565 7536 4564 7536 4566 7536 4565 7537 4566 7537 4567 7537 4567 7538 4566 7538 4568 7538 4567 7539 4568 7539 4569 7539 4569 7540 4568 7540 4570 7540 4569 7541 4570 7541 4571 7541 4571 7542 4570 7542 4572 7542 4571 7543 4572 7543 4573 7543 4573 7544 4572 7544 4574 7544 4573 7545 4574 7545 4575 7545 4575 7546 4574 7546 4576 7546 4575 7547 4576 7547 4577 7547 4577 7548 4576 7548 4578 7548 4577 7549 4578 7549 4579 7549 4579 7550 4578 7550 4580 7550 4579 7551 4580 7551 4581 7551 4581 7552 4580 7552 4582 7552 4581 7553 4582 7553 4583 7553 4583 7554 4582 7554 4584 7554 4583 7555 4584 7555 4585 7555 4585 7556 4584 7556 4586 7556 4585 7557 4586 7557 4587 7557 4587 7558 4586 7558 4588 7558 4587 7559 4588 7559 4589 7559 4589 7560 4588 7560 4590 7560 4589 7561 4590 7561 4591 7561 4591 7562 4590 7562 4592 7562 4591 7563 4592 7563 4593 7563 4593 7564 4592 7564 4594 7564 4593 7565 4594 7565 4595 7565 4595 7566 4594 7566 4596 7566 4595 7567 4596 7567 4597 7567 4597 7568 4596 7568 4598 7568 4597 7569 4598 7569 4599 7569 4599 7570 4598 7570 4600 7570 4599 7571 4600 7571 4601 7571 4601 7572 4600 7572 4555 7572 4601 7573 4555 7573 4557 7573 4567 7574 4602 7574 4565 7574 4565 7575 4602 7575 4603 7575 4565 7576 4603 7576 4563 7576 4563 7577 4603 7577 4604 7577 4563 7578 4604 7578 4561 7578 4561 7579 4604 7579 4605 7579 4561 7580 4605 7580 4559 7580 4559 7581 4605 7581 4606 7581 4559 7582 4606 7582 4557 7582 4557 7583 4606 7583 4607 7583 4557 7584 4607 7584 4601 7584 4601 7585 4607 7585 4608 7585 4601 7586 4608 7586 4599 7586 4599 7587 4608 7587 4609 7587 4599 7588 4609 7588 4597 7588 4597 7589 4609 7589 4610 7589 4597 7590 4610 7590 4595 7590 4595 7591 4610 7591 4611 7591 4595 7592 4611 7592 4593 7592 4593 7593 4611 7593 4612 7593 4593 7594 4612 7594 4591 7594 4591 7595 4612 7595 4613 7595 4591 7596 4613 7596 4589 7596 4589 7597 4613 7597 4614 7597 4589 7598 4614 7598 4587 7598 4587 7599 4614 7599 4615 7599 4587 7600 4615 7600 4585 7600 4585 7601 4615 7601 4616 7601 4585 7602 4616 7602 4583 7602 4583 7603 4616 7603 4617 7603 4583 7604 4617 7604 4581 7604 4581 7605 4617 7605 4618 7605 4581 7606 4618 7606 4579 7606 4579 7607 4618 7607 4619 7607 4579 7608 4619 7608 4577 7608 4577 7609 4619 7609 4620 7609 4577 7610 4620 7610 4575 7610 4575 7611 4620 7611 4621 7611 4575 7612 4621 7612 4573 7612 4573 7613 4621 7613 4622 7613 4573 7614 4622 7614 4571 7614 4571 7615 4622 7615 4623 7615 4571 7616 4623 7616 4569 7616 4569 7617 4623 7617 4624 7617 4569 7618 4624 7618 4567 7618 4567 5980 4624 5980 4602 5980 4625 7619 4622 7619 4626 7619 4626 7620 4622 7620 4621 7620 4626 7621 4621 7621 4627 7621 4627 7622 4621 7622 4620 7622 4627 7623 4620 7623 4628 7623 4628 7624 4620 7624 4619 7624 4628 7625 4619 7625 4629 7625 4629 7626 4619 7626 4618 7626 4629 7627 4618 7627 4630 7627 4630 7628 4618 7628 4617 7628 4630 7629 4617 7629 4631 7629 4631 7630 4617 7630 4632 7630 4632 7631 4617 7631 4633 7631 4633 7632 4617 7632 4616 7632 4633 7633 4616 7633 4634 7633 4634 7634 4616 7634 4615 7634 4634 7635 4615 7635 4635 7635 4635 7636 4615 7636 4614 7636 4635 7637 4614 7637 4636 7637 4636 7638 4614 7638 4613 7638 4636 7639 4613 7639 4637 7639 4638 7640 4639 7640 4608 7640 4608 7641 4639 7641 4640 7641 4608 7642 4640 7642 4609 7642 4609 7643 4640 7643 4641 7643 4609 7644 4641 7644 4610 7644 4610 7645 4641 7645 4642 7645 4610 7646 4642 7646 4611 7646 4611 7647 4642 7647 4643 7647 4611 7648 4643 7648 4612 7648 4612 7649 4643 7649 4644 7649 4612 7650 4644 7650 4613 7650 4613 7651 4644 7651 4645 7651 4613 7652 4645 7652 4637 7652 4638 7653 4608 7653 4646 7653 4646 7654 4608 7654 4607 7654 4646 7655 4607 7655 4647 7655 4647 7656 4607 7656 4606 7656 4647 7657 4606 7657 4648 7657 4648 7658 4606 7658 4605 7658 4648 7659 4605 7659 4649 7659 4649 7660 4605 7660 4604 7660 4649 7661 4604 7661 4650 7661 4650 7662 4604 7662 4603 7662 4650 7663 4603 7663 4651 7663 4625 7664 4652 7664 4622 7664 4622 7665 4652 7665 4653 7665 4622 7666 4653 7666 4623 7666 4623 7667 4653 7667 4654 7667 4623 7668 4654 7668 4624 7668 4624 7669 4654 7669 4655 7669 4624 7670 4655 7670 4602 7670 4602 7671 4655 7671 4656 7671 4602 7672 4656 7672 4603 7672 4603 7673 4656 7673 4657 7673 4603 7674 4657 7674 4651 7674 4473 7675 4472 7675 4658 7675 4659 7676 4660 7676 4661 7676 4631 7677 4632 7677 4662 7677 4651 7678 4657 7678 4663 7678 4664 7679 4641 7679 4640 7679 4665 7680 4642 7680 4641 7680 4666 7681 4643 7681 4642 7681 4667 7682 4644 7682 4643 7682 4661 7683 4645 7683 4644 7683 4651 7684 4663 7684 4650 7684 4631 7685 4662 7685 4630 7685 4645 7686 4661 7686 4637 7686 4637 7687 4661 7687 4660 7687 4637 7688 4660 7688 4636 7688 4635 7689 4636 7689 4668 7689 4668 7690 4636 7690 4660 7690 4668 7691 4660 7691 4669 7691 4669 7692 4660 7692 4659 7692 4669 7693 4659 7693 4670 7693 4634 7694 4635 7694 4671 7694 4671 7695 4635 7695 4668 7695 4671 7696 4668 7696 4672 7696 4672 7697 4668 7697 4669 7697 4672 7698 4669 7698 4673 7698 4673 7699 4669 7699 4670 7699 4673 6351 4670 6351 4674 6351 4633 7700 4634 7700 4675 7700 4675 7701 4634 7701 4671 7701 4675 7702 4671 7702 4676 7702 4676 7703 4671 7703 4672 7703 4676 7704 4672 7704 4677 7704 4677 7705 4672 7705 4673 7705 4677 7706 4673 7706 4678 7706 4678 7706 4673 7706 4674 7706 4678 7707 4674 7707 4679 7707 4632 7708 4633 7708 4662 7708 4662 7709 4633 7709 4675 7709 4662 7710 4675 7710 4680 7710 4680 7711 4675 7711 4676 7711 4680 7712 4676 7712 4681 7712 4681 6247 4676 6247 4677 6247 4681 6248 4677 6248 4682 6248 4682 6248 4677 6248 4678 6248 4682 7713 4678 7713 4683 7713 4683 7714 4678 7714 4679 7714 4683 7715 4679 7715 4684 7715 4685 7716 4686 7716 4687 7716 4688 7717 4686 7717 4689 7717 4689 7718 4686 7718 4685 7718 4689 7719 4685 7719 4690 7719 4691 7720 4688 7720 4692 7720 4692 7721 4688 7721 4689 7721 4692 7722 4689 7722 4693 7722 4693 7723 4689 7723 4690 7723 4693 7724 4690 7724 4694 7724 4695 7725 4691 7725 4696 7725 4696 7726 4691 7726 4692 7726 4696 7727 4692 7727 4697 7727 4697 6230 4692 6230 4693 6230 4697 6231 4693 6231 4698 6231 4698 6231 4693 6231 4694 6231 4698 7728 4694 7728 4699 7728 4700 7729 4701 7729 4702 7729 4702 7730 4701 7730 4703 7730 4702 7731 4703 7731 4704 7731 4704 6344 4703 6344 4705 6344 4704 6343 4705 6343 4706 6343 4706 6343 4705 6343 4707 6343 4706 7732 4707 7732 4708 7732 4708 7733 4707 7733 4709 7733 4708 7734 4709 7734 4710 7734 4710 7735 4709 7735 4711 7735 4701 7736 4712 7736 4703 7736 4703 7737 4712 7737 4713 7737 4703 7738 4713 7738 4705 7738 4705 7739 4713 7739 4714 7739 4705 6334 4714 6334 4707 6334 4707 6334 4714 6334 4715 6334 4707 6333 4715 6333 4709 6333 4709 7740 4715 7740 4716 7740 4709 7741 4716 7741 4711 7741 4711 7742 4716 7742 4717 7742 4712 7743 4718 7743 4713 7743 4713 7744 4718 7744 4719 7744 4713 7745 4719 7745 4714 7745 4714 6326 4719 6326 4720 6326 4714 6325 4720 6325 4715 6325 4715 6325 4720 6325 4721 6325 4715 7746 4721 7746 4716 7746 4716 7747 4721 7747 4722 7747 4716 7748 4722 7748 4717 7748 4717 7749 4722 7749 4723 7749 4657 7750 4656 7750 4663 7750 4663 7751 4656 7751 4724 7751 4663 7752 4724 7752 4725 7752 4725 7753 4724 7753 4726 7753 4725 7754 4726 7754 4727 7754 4727 7755 4726 7755 4728 7755 4727 6316 4728 6316 4729 6316 4729 6316 4728 6316 4730 6316 4729 7756 4730 7756 4731 7756 4731 7757 4730 7757 4732 7757 4731 7758 4732 7758 4733 7758 4733 7759 4732 7759 4734 7759 4656 7760 4655 7760 4724 7760 4724 7761 4655 7761 4735 7761 4724 7762 4735 7762 4726 7762 4726 7763 4735 7763 4736 7763 4726 7764 4736 7764 4728 7764 4728 7765 4736 7765 4737 7765 4728 6305 4737 6305 4730 6305 4730 6305 4737 6305 4738 6305 4730 6304 4738 6304 4732 6304 4732 7766 4738 7766 4739 7766 4732 7767 4739 7767 4734 7767 4734 7768 4739 7768 4740 7768 4655 7769 4654 7769 4735 7769 4735 7770 4654 7770 4741 7770 4735 7771 4741 7771 4736 7771 4736 7772 4741 7772 4742 7772 4736 7773 4742 7773 4737 7773 4737 6295 4742 6295 4743 6295 4737 6294 4743 6294 4738 6294 4738 6294 4743 6294 4744 6294 4738 7774 4744 7774 4739 7774 4739 7775 4744 7775 4745 7775 4739 7776 4745 7776 4740 7776 4740 7777 4745 7777 4746 7777 4654 7778 4653 7778 4741 7778 4741 7779 4653 7779 4747 7779 4741 7780 4747 7780 4742 7780 4742 7781 4747 7781 4748 7781 4742 7782 4748 7782 4743 7782 4743 7783 4748 7783 4749 7783 4743 6283 4749 6283 4744 6283 4744 6283 4749 6283 4750 6283 4744 7784 4750 7784 4745 7784 4745 7785 4750 7785 4751 7785 4745 7786 4751 7786 4746 7786 4746 7787 4751 7787 4752 7787 4753 7788 4754 7788 4755 7788 4755 7789 4754 7789 4756 7789 4755 7790 4756 7790 4757 7790 4757 7791 4756 7791 4758 7791 4757 6272 4758 6272 4759 6272 4759 6272 4758 6272 4760 6272 4759 6271 4760 6271 4761 6271 4761 7792 4760 7792 4762 7792 4761 7793 4762 7793 4763 7793 4763 7794 4762 7794 4764 7794 4754 7795 4765 7795 4756 7795 4756 7796 4765 7796 4766 7796 4756 7797 4766 7797 4758 7797 4758 6264 4766 6264 4767 6264 4758 6263 4767 6263 4760 6263 4760 6263 4767 6263 4768 6263 4760 7798 4768 7798 4762 7798 4762 7799 4768 7799 4769 7799 4762 7800 4769 7800 4764 7800 4764 7801 4769 7801 4770 7801 4765 7802 4771 7802 4766 7802 4766 7803 4771 7803 4772 7803 4766 7804 4772 7804 4767 7804 4767 7805 4772 7805 4773 7805 4767 6254 4773 6254 4768 6254 4768 6254 4773 6254 4774 6254 4768 6253 4774 6253 4769 6253 4769 7806 4774 7806 4775 7806 4769 7807 4775 7807 4770 7807 4770 7808 4775 7808 4776 7808 4777 7809 4699 7809 4778 7809 4778 7810 4699 7810 4694 7810 4778 7811 4694 7811 4779 7811 4779 7724 4694 7724 4690 7724 4779 6216 4690 6216 4780 6216 4780 7812 4690 7812 4685 7812 4780 7813 4685 7813 4781 7813 4781 7814 4685 7814 4687 7814 4781 7815 4687 7815 4782 7815 4782 7816 4687 7816 4476 7816 4782 7817 4476 7817 4475 7817 4691 7818 4482 7818 4688 7818 4688 7819 4482 7819 4480 7819 4688 7820 4480 7820 4686 7820 4686 7821 4480 7821 4479 7821 4686 7822 4479 7822 4687 7822 4687 7823 4479 7823 4477 7823 4687 7824 4477 7824 4476 7824 4487 7825 4489 7825 4783 7825 4783 7826 4489 7826 4695 7826 4783 7827 4695 7827 4784 7827 4784 7828 4695 7828 4696 7828 4784 7829 4696 7829 4785 7829 4785 7830 4696 7830 4697 7830 4785 6495 4697 6495 4786 6495 4786 6495 4697 6495 4698 6495 4786 6494 4698 6494 4787 6494 4787 7831 4698 7831 4699 7831 4787 7832 4699 7832 4788 7832 4788 7833 4699 7833 4777 7833 4788 7834 4777 7834 4639 7834 4639 7835 4777 7835 4640 7835 4489 7836 4490 7836 4695 7836 4695 7837 4490 7837 4486 7837 4695 7838 4486 7838 4691 7838 4691 7839 4486 7839 4484 7839 4691 7840 4484 7840 4482 7840 4788 7841 4700 7841 4787 7841 4787 7842 4700 7842 4702 7842 4787 7843 4702 7843 4786 7843 4786 7844 4702 7844 4704 7844 4786 6475 4704 6475 4785 6475 4785 6475 4704 6475 4706 6475 4785 6476 4706 6476 4784 6476 4784 7845 4706 7845 4708 7845 4784 7846 4708 7846 4783 7846 4783 7847 4708 7847 4710 7847 4783 7848 4710 7848 4487 7848 4501 6511 4500 6511 4789 6511 4789 7849 4500 7849 4723 7849 4789 7850 4723 7850 4790 7850 4790 7851 4723 7851 4722 7851 4790 7852 4722 7852 4791 7852 4791 7853 4722 7853 4721 7853 4791 7854 4721 7854 4792 7854 4792 7854 4721 7854 4720 7854 4792 7855 4720 7855 4793 7855 4793 7856 4720 7856 4719 7856 4793 7857 4719 7857 4794 7857 4794 7858 4719 7858 4718 7858 4500 7859 4498 7859 4723 7859 4723 7860 4498 7860 4496 7860 4723 7861 4496 7861 4717 7861 4717 7862 4496 7862 4494 7862 4717 7863 4494 7863 4711 7863 4711 7864 4494 7864 4492 7864 4711 7865 4492 7865 4710 7865 4710 7866 4492 7866 4491 7866 4710 7867 4491 7867 4487 7867 4639 7868 4638 7868 4788 7868 4788 7869 4638 7869 4646 7869 4788 7870 4646 7870 4700 7870 4700 7871 4646 7871 4647 7871 4700 7872 4647 7872 4701 7872 4701 7873 4647 7873 4648 7873 4701 7874 4648 7874 4712 7874 4712 7875 4648 7875 4649 7875 4712 7876 4649 7876 4718 7876 4718 7877 4649 7877 4650 7877 4718 7878 4650 7878 4794 7878 4794 7879 4650 7879 4663 7879 4794 7880 4663 7880 4793 7880 4793 7881 4663 7881 4725 7881 4793 7882 4725 7882 4792 7882 4792 7883 4725 7883 4727 7883 4792 6441 4727 6441 4791 6441 4791 6441 4727 6441 4729 6441 4791 6442 4729 6442 4790 6442 4790 7884 4729 7884 4731 7884 4790 7885 4731 7885 4789 7885 4789 7886 4731 7886 4733 7886 4789 7887 4733 7887 4501 7887 4451 7888 4449 7888 4795 7888 4795 7889 4449 7889 4752 7889 4795 7890 4752 7890 4796 7890 4796 7891 4752 7891 4751 7891 4796 7892 4751 7892 4797 7892 4797 7893 4751 7893 4750 7893 4797 6429 4750 6429 4798 6429 4798 6429 4750 6429 4749 6429 4798 6430 4749 6430 4799 6430 4799 7894 4749 7894 4748 7894 4799 7895 4748 7895 4800 7895 4800 7896 4748 7896 4747 7896 4800 7897 4747 7897 4652 7897 4652 7898 4747 7898 4653 7898 4449 7899 4448 7899 4752 7899 4752 7900 4448 7900 4446 7900 4752 7901 4446 7901 4746 7901 4746 7902 4446 7902 4445 7902 4746 7903 4445 7903 4740 7903 4740 7904 4445 7904 4506 7904 4740 7905 4506 7905 4734 7905 4734 7906 4506 7906 4507 7906 4734 7907 4507 7907 4733 7907 4733 7908 4507 7908 4502 7908 4733 7909 4502 7909 4501 7909 4800 7910 4753 7910 4799 7910 4799 7911 4753 7911 4755 7911 4799 7912 4755 7912 4798 7912 4798 7913 4755 7913 4757 7913 4798 7914 4757 7914 4797 7914 4797 7914 4757 7914 4759 7914 4797 7915 4759 7915 4796 7915 4796 7916 4759 7916 4761 7916 4796 7917 4761 7917 4795 7917 4795 7918 4761 7918 4763 7918 4795 7919 4763 7919 4451 7919 4462 7920 4461 7920 4801 7920 4801 7921 4461 7921 4776 7921 4801 7922 4776 7922 4802 7922 4802 7923 4776 7923 4775 7923 4802 7924 4775 7924 4803 7924 4803 7925 4775 7925 4774 7925 4803 6387 4774 6387 4804 6387 4804 6387 4774 6387 4773 6387 4804 6388 4773 6388 4805 6388 4805 7926 4773 7926 4772 7926 4805 7927 4772 7927 4806 7927 4806 7928 4772 7928 4771 7928 4461 7929 4459 7929 4776 7929 4776 7930 4459 7930 4457 7930 4776 7931 4457 7931 4770 7931 4770 7932 4457 7932 4455 7932 4770 7933 4455 7933 4764 7933 4764 7934 4455 7934 4454 7934 4764 7935 4454 7935 4763 7935 4763 7936 4454 7936 4452 7936 4763 7937 4452 7937 4451 7937 4463 7938 4462 7938 4684 7938 4684 7939 4462 7939 4801 7939 4684 7940 4801 7940 4683 7940 4683 7941 4801 7941 4802 7941 4683 7942 4802 7942 4682 7942 4682 6372 4802 6372 4803 6372 4682 6371 4803 6371 4681 6371 4681 6371 4803 6371 4804 6371 4681 7943 4804 7943 4680 7943 4680 7944 4804 7944 4805 7944 4680 7945 4805 7945 4662 7945 4662 7946 4805 7946 4806 7946 4662 7947 4806 7947 4630 7947 4630 7948 4806 7948 4771 7948 4630 7949 4771 7949 4629 7949 4629 7950 4771 7950 4765 7950 4629 7951 4765 7951 4628 7951 4628 7952 4765 7952 4754 7952 4628 7953 4754 7953 4627 7953 4627 7954 4754 7954 4753 7954 4627 7955 4753 7955 4626 7955 4626 7956 4753 7956 4800 7956 4626 7957 4800 7957 4625 7957 4625 6393 4800 6393 4652 6393 4807 7958 4466 7958 4465 7958 4644 7959 4667 7959 4661 7959 4661 7960 4667 7960 4808 7960 4661 7961 4808 7961 4659 7961 4659 7962 4808 7962 4809 7962 4659 7963 4809 7963 4670 7963 4670 6553 4809 6553 4810 6553 4670 6351 4810 6351 4674 6351 4674 6564 4810 6564 4811 6564 4674 7964 4811 7964 4679 7964 4679 7965 4811 7965 4807 7965 4679 7966 4807 7966 4684 7966 4684 7967 4807 7967 4465 7967 4684 7968 4465 7968 4463 7968 4643 7969 4666 7969 4667 7969 4667 7970 4666 7970 4812 7970 4667 7971 4812 7971 4808 7971 4808 7972 4812 7972 4813 7972 4808 7973 4813 7973 4809 7973 4809 6542 4813 6542 4814 6542 4809 6553 4814 6553 4810 6553 4810 7974 4814 7974 4815 7974 4810 7975 4815 7975 4811 7975 4811 7976 4815 7976 4816 7976 4811 7977 4816 7977 4807 7977 4807 7978 4816 7978 4468 7978 4807 7979 4468 7979 4466 7979 4642 7980 4665 7980 4666 7980 4666 7981 4665 7981 4817 7981 4666 7982 4817 7982 4812 7982 4812 7983 4817 7983 4818 7983 4812 7984 4818 7984 4813 7984 4813 6530 4818 6530 4819 6530 4813 6542 4819 6542 4814 6542 4814 7985 4819 7985 4820 7985 4814 7986 4820 7986 4815 7986 4815 7987 4820 7987 4821 7987 4815 7988 4821 7988 4816 7988 4816 7989 4821 7989 4469 7989 4816 7990 4469 7990 4468 7990 4641 7991 4664 7991 4665 7991 4665 7992 4664 7992 4822 7992 4665 7993 4822 7993 4817 7993 4817 7994 4822 7994 4823 7994 4817 7983 4823 7983 4818 7983 4818 6518 4823 6518 4824 6518 4818 6530 4824 6530 4819 6530 4819 7995 4824 7995 4825 7995 4819 7996 4825 7996 4820 7996 4820 7997 4825 7997 4658 7997 4820 7998 4658 7998 4821 7998 4821 7999 4658 7999 4472 7999 4821 8000 4472 8000 4469 8000 4640 8001 4777 8001 4664 8001 4664 8002 4777 8002 4778 8002 4664 8003 4778 8003 4822 8003 4822 8004 4778 8004 4779 8004 4822 6519 4779 6519 4823 6519 4823 6216 4779 6216 4780 6216 4823 6518 4780 6518 4824 6518 4824 7813 4780 7813 4781 7813 4824 8005 4781 8005 4825 8005 4825 8006 4781 8006 4782 8006 4825 8007 4782 8007 4658 8007 4658 8008 4782 8008 4475 8008 4658 8009 4475 8009 4473 8009 4547 8010 4441 8010 4442 8010 4436 6605 4532 6605 4531 6605 4436 8011 4531 8011 4437 8011 4438 8012 4539 8012 4433 8012 4433 8013 4539 8013 4538 8013 4433 8014 4538 8014 4434 8014 4443 8015 4549 8015 4442 8015 4442 8016 4549 8016 4548 8016 4442 8017 4548 8017 4547 8017 4531 8018 4554 8018 4437 8018 4437 8019 4554 8019 4553 8019 4437 8020 4553 8020 4444 8020 4439 8021 4541 8021 4438 8021 4438 8022 4541 8022 4540 8022 4438 8023 4540 8023 4539 8023 4553 8024 4552 8024 4444 8024 4444 8025 4552 8025 4551 8025 4444 8026 4551 8026 4443 8026 4443 8027 4551 8027 4550 8027 4443 8027 4550 8027 4549 8027 4538 8028 4537 8028 4434 8028 4434 4823 4537 4823 4536 4823 4434 4823 4536 4823 4435 4823 4440 8029 4543 8029 4439 8029 4439 8030 4543 8030 4542 8030 4439 8031 4542 8031 4541 8031 4547 8032 4546 8032 4441 8032 4441 8033 4546 8033 4545 8033 4441 8034 4545 8034 4440 8034 4440 8035 4545 8035 4544 8035 4440 8036 4544 8036 4543 8036 4536 4823 4535 4823 4435 4823 4435 8037 4535 8037 4534 8037 4435 8038 4534 8038 4436 8038 4436 8039 4534 8039 4533 8039 4436 4823 4533 4823 4532 4823 3244 8040 3245 8040 4572 8040 3246 8041 4576 8041 3245 8041 3245 8042 4576 8042 4574 8042 3245 8043 4574 8043 4572 8043 4600 8044 4598 8044 3252 8044 3252 8045 4598 8045 3253 8045 3251 8046 4556 8046 3252 8046 3252 6570 4556 6570 4555 6570 3252 4513 4555 4513 4600 4513 4572 8047 4570 8047 3244 8047 3244 8048 4570 8048 4568 8048 3244 8049 4568 8049 3243 8049 3250 8050 4590 8050 3249 8050 3249 8051 4590 8051 4588 8051 3249 8052 4588 8052 3248 8052 4598 8053 4596 8053 3253 8053 3253 4513 4596 4513 4594 4513 3253 4513 4594 4513 3250 4513 3250 4513 4594 4513 4592 4513 3250 8054 4592 8054 4590 8054 3242 8055 4560 8055 3251 8055 3251 8056 4560 8056 4558 8056 3251 8057 4558 8057 4556 8057 4568 8058 4566 8058 3243 8058 3243 8058 4566 8058 4564 8058 3243 8059 4564 8059 3242 8059 3242 8060 4564 8060 4562 8060 3242 8061 4562 8061 4560 8061 3247 8062 4580 8062 3246 8062 3246 8063 4580 8063 4578 8063 3246 8064 4578 8064 4576 8064 4588 8065 4586 8065 3248 8065 3248 8066 4586 8066 4584 8066 3248 8067 4584 8067 3247 8067 3247 8068 4584 8068 4582 8068 3247 8069 4582 8069 4580 8069 671 112 2602 112 669 112 669 112 2602 112 2600 112 669 112 2600 112 665 112 665 112 2600 112 2596 112 665 112 2596 112 668 112 668 112 2596 112 2598 112 668 112 2598 112 666 112 2430 112 2436 112 2431 112 2431 112 2436 112 2434 112 2431 112 2434 112 2429 112 2429 112 2434 112 2454 112 2429 112 2454 112 2432 112 2432 112 2454 112 2456 112 2432 112 2456 112 2428 112 2425 112 2628 112 2426 112 2426 112 2628 112 2626 112 2426 112 2626 112 2424 112 2424 112 2626 112 2622 112 2424 112 2622 112 2427 112 2427 112 2622 112 2624 112 2427 112 2624 112 2423 112 707 112 2654 112 705 112 705 112 2654 112 2652 112 705 112 2652 112 701 112 701 112 2652 112 2648 112 701 112 2648 112 704 112 704 112 2648 112 2650 112 704 112 2650 112 702 112 2417 8070 2423 8070 2624 8070 3003 8071 2584 8071 2415 8071 2654 8072 707 8072 706 8072 2414 8073 2995 8073 2994 8073 2414 8074 2994 8074 706 8074 706 8075 2994 8075 2992 8075 706 8076 2992 8076 2654 8076 2654 8077 2992 8077 3048 8077 2654 8078 3048 8078 2653 8078 2653 8079 3048 8079 3047 8079 2653 8080 3047 8080 2651 8080 2584 8081 2983 8081 2415 8081 2415 8082 2983 8082 2984 8082 2415 8083 2984 8083 2414 8083 2414 8084 2984 8084 2985 8084 2414 8085 2985 8085 2995 8085 3003 8086 2415 8086 3002 8086 3002 8087 2415 8087 2416 8087 3002 8088 2416 8088 2996 8088 2621 8089 3064 8089 2623 8089 2623 8090 3064 8090 3063 8090 2623 8091 3063 8091 2624 8091 2624 8092 3063 8092 2999 8092 2624 8093 2999 8093 2417 8093 2417 8094 2999 8094 2998 8094 2417 8095 2998 8095 2416 8095 2416 8096 2998 8096 2997 8096 2416 8097 2997 8097 2996 8097 703 8098 702 8098 2650 8098 2988 8099 2513 8099 2412 8099 2602 8100 671 8100 670 8100 2411 8101 2533 8101 2532 8101 2411 8102 2532 8102 670 8102 670 8103 2532 8103 2530 8103 670 8104 2530 8104 2602 8104 2602 8105 2530 8105 3020 8105 2602 8106 3020 8106 2601 8106 2601 8107 3020 8107 3019 8107 2601 8108 3019 8108 2599 8108 2513 8109 2515 8109 2412 8109 2412 8110 2515 8110 2517 8110 2412 8111 2517 8111 2411 8111 2411 8112 2517 8112 2519 8112 2411 8113 2519 8113 2533 8113 2988 8114 2412 8114 2987 8114 2987 8115 2412 8115 2413 8115 2987 8116 2413 8116 2978 8116 2647 8117 3050 8117 2649 8117 2649 8118 3050 8118 3049 8118 2649 8119 3049 8119 2650 8119 2650 8120 3049 8120 2981 8120 2650 8121 2981 8121 703 8121 703 8122 2981 8122 2980 8122 703 8123 2980 8123 2413 8123 2413 8124 2980 8124 2979 8124 2413 8125 2979 8125 2978 8125 2539 8126 123 8126 2560 8126 2560 8126 123 8126 131 8126 2560 8127 131 8127 2564 8127 2564 8127 131 8127 130 8127 2564 8128 130 8128 2547 8128 2547 8128 130 8128 118 8128 2547 8129 118 8129 2546 8129 2546 8129 118 8129 115 8129 2546 1056 115 1056 2576 1056 2576 1056 115 1056 112 1056 2576 8130 112 8130 2578 8130 2578 8130 112 8130 107 8130 2578 8131 107 8131 2570 8131 2570 8131 107 8131 105 8131 2570 8132 105 8132 2551 8132 2551 8132 105 8132 104 8132 2551 8133 104 8133 2550 8133 2550 8134 104 8134 150 8134 2550 8135 150 8135 2573 8135 2573 8136 150 8136 147 8136 2573 8137 147 8137 2552 8137 2552 8137 147 8137 146 8137 2552 8138 146 8138 2574 8138 2574 8138 146 8138 149 8138 2574 8139 149 8139 2556 8139 2556 8139 149 8139 148 8139 2556 776 148 776 2555 776 2555 776 148 776 140 776 2555 8140 140 8140 2557 8140 2557 8140 140 8140 128 8140 2557 8141 128 8141 2541 8141 2541 8141 128 8141 127 8141 2541 8142 127 8142 2538 8142 2538 8142 127 8142 121 8142 2538 8143 121 8143 2539 8143 2539 8143 121 8143 123 8143 4826 112 4827 112 4828 112 4829 112 4830 112 4831 112 4831 112 4830 112 4832 112 4831 112 4832 112 4827 112 4827 112 4832 112 4833 112 4827 112 4833 112 4828 112 4834 112 4835 112 4836 112 4836 112 4835 112 4837 112 4836 112 4837 112 4838 112 4839 112 4840 112 4841 112 4841 112 4840 112 4842 112 4841 112 4842 112 4829 112 4829 112 4842 112 4843 112 4829 112 4843 112 4830 112 4837 112 4844 112 4838 112 4838 112 4844 112 4845 112 4838 112 4845 112 4846 112 4846 112 4845 112 4847 112 4846 112 4847 112 4839 112 4839 112 4847 112 4848 112 4839 112 4848 112 4840 112 4849 112 4850 112 4834 112 4834 112 4850 112 4851 112 4834 112 4851 112 4835 112 4852 112 4853 112 4854 112 4854 112 4853 112 4855 112 4854 112 4855 112 4849 112 4849 112 4855 112 4856 112 4849 112 4856 112 4850 112 4857 112 4858 112 4859 112 4859 112 4858 112 4860 112 4859 112 4860 112 4852 112 4852 112 4860 112 4861 112 4852 112 4861 112 4853 112 4862 112 4863 112 4864 112 4864 112 4863 112 4865 112 4864 112 4865 112 4857 112 4857 112 4865 112 4866 112 4857 112 4866 112 4858 112 4828 112 4867 112 4826 112 4826 112 4867 112 4868 112 4826 112 4868 112 4869 112 4869 112 4868 112 4870 112 4869 112 4870 112 4862 112 4862 112 4870 112 4871 112 4862 112 4871 112 4863 112 4872 3681 4873 3681 4874 3681 4875 3681 4876 3681 4877 3681 4877 3681 4876 3681 4878 3681 4877 3681 4878 3681 4879 3681 4880 3681 4881 3681 4882 3681 4882 3681 4881 3681 4883 3681 4882 3681 4883 3681 4873 3681 4873 3681 4883 3681 4884 3681 4873 3681 4884 3681 4874 3681 4878 3681 4885 3681 4879 3681 4879 3681 4885 3681 4886 3681 4879 3681 4886 3681 4887 3681 4887 3681 4886 3681 4888 3681 4887 3681 4888 3681 4880 3681 4880 3681 4888 3681 4889 3681 4880 3681 4889 3681 4881 3681 4890 3681 4891 3681 4892 3681 4892 3681 4891 3681 4893 3681 4892 3681 4893 3681 4875 3681 4875 3681 4893 3681 4894 3681 4875 3681 4894 3681 4876 3681 4895 3681 4896 3681 4890 3681 4890 3681 4896 3681 4897 3681 4890 3681 4897 3681 4891 3681 4898 3681 4899 3681 4900 3681 4900 3681 4899 3681 4901 3681 4900 3681 4901 3681 4895 3681 4895 3681 4901 3681 4902 3681 4895 3681 4902 3681 4896 3681 4903 3681 4904 3681 4905 3681 4905 3681 4904 3681 4906 3681 4905 3681 4906 3681 4898 3681 4898 3681 4906 3681 4907 3681 4898 3681 4907 3681 4899 3681 4908 3681 4909 3681 4910 3681 4910 3681 4909 3681 4911 3681 4910 3681 4911 3681 4903 3681 4903 3681 4911 3681 4912 3681 4903 3681 4912 3681 4904 3681 4874 3681 4913 3681 4872 3681 4872 3681 4913 3681 4914 3681 4872 3681 4914 3681 4915 3681 4915 3681 4914 3681 4916 3681 4915 3681 4916 3681 4908 3681 4908 3681 4916 3681 4917 3681 4908 3681 4917 3681 4909 3681 4913 8144 4850 8144 4914 8144 4914 8145 4850 8145 4856 8145 4914 8145 4856 8145 4916 8145 4916 8146 4856 8146 4855 8146 4916 8146 4855 8146 4917 8146 4917 4690 4855 4690 4853 4690 4917 4690 4853 4690 4909 4690 4909 8147 4853 8147 4861 8147 4909 8147 4861 8147 4911 8147 4911 8148 4861 8148 4860 8148 4911 8148 4860 8148 4912 8148 4912 8149 4860 8149 4858 8149 4912 8149 4858 8149 4904 8149 4904 8150 4858 8150 4866 8150 4904 8150 4866 8150 4906 8150 4906 8151 4866 8151 4865 8151 4906 8151 4865 8151 4907 8151 4907 8152 4865 8152 4863 8152 4907 8152 4863 8152 4899 8152 4899 4823 4863 4823 4871 4823 4899 4823 4871 4823 4901 4823 4901 8153 4871 8153 4870 8153 4901 8153 4870 8153 4902 8153 4902 8154 4870 8154 4868 8154 4902 8154 4868 8154 4896 8154 4896 8155 4868 8155 4867 8155 4896 8155 4867 8155 4897 8155 4897 8156 4867 8156 4828 8156 4897 8156 4828 8156 4891 8156 4891 8157 4828 8157 4833 8157 4891 8157 4833 8157 4893 8157 4893 8158 4833 8158 4832 8158 4893 8158 4832 8158 4894 8158 4894 4582 4832 4582 4830 4582 4894 4582 4830 4582 4876 4582 4876 8159 4830 8159 4843 8159 4876 8159 4843 8159 4878 8159 4878 8160 4843 8160 4842 8160 4878 8160 4842 8160 4885 8160 4885 8161 4842 8161 4840 8161 4885 8161 4840 8161 4886 8161 4886 8162 4840 8162 4848 8162 4886 8162 4848 8162 4888 8162 4888 8163 4848 8163 4847 8163 4888 8163 4847 8163 4889 8163 4889 8164 4847 8164 4845 8164 4889 8164 4845 8164 4881 8164 4881 4513 4845 4513 4844 4513 4881 4513 4844 4513 4883 4513 4883 8165 4844 8165 4837 8165 4883 8165 4837 8165 4884 8165 4884 8166 4837 8166 4835 8166 4884 8166 4835 8166 4874 8166 4874 8167 4835 8167 4851 8167 4874 8167 4851 8167 4913 8167 4913 8144 4851 8144 4850 8144 4834 8168 4872 8168 4849 8168 4849 8168 4872 8168 4915 8168 4849 8169 4915 8169 4854 8169 4854 8169 4915 8169 4908 8169 4854 8170 4908 8170 4852 8170 4852 8170 4908 8170 4910 8170 4852 8171 4910 8171 4859 8171 4859 8171 4910 8171 4903 8171 4859 776 4903 776 4857 776 4857 776 4903 776 4905 776 4857 8172 4905 8172 4864 8172 4864 8172 4905 8172 4898 8172 4864 8173 4898 8173 4862 8173 4862 8173 4898 8173 4900 8173 4862 8174 4900 8174 4869 8174 4869 8174 4900 8174 4895 8174 4869 8175 4895 8175 4826 8175 4826 8175 4895 8175 4890 8175 4826 8176 4890 8176 4827 8176 4827 8176 4890 8176 4892 8176 4827 8177 4892 8177 4831 8177 4831 8177 4892 8177 4875 8177 4831 8178 4875 8178 4829 8178 4829 8178 4875 8178 4877 8178 4829 8179 4877 8179 4841 8179 4841 8179 4877 8179 4879 8179 4841 1056 4879 1056 4839 1056 4839 1056 4879 1056 4887 1056 4839 8180 4887 8180 4846 8180 4846 8180 4887 8180 4880 8180 4846 8181 4880 8181 4838 8181 4838 8181 4880 8181 4882 8181 4838 8182 4882 8182 4836 8182 4836 8182 4882 8182 4873 8182 4836 8183 4873 8183 4834 8183 4834 8183 4873 8183 4872 8183</p>
        </triangles>
      </mesh>
    </geometry>
  </library_geometries>
  <library_visual_scenes>
    <visual_scene id="DefaultScene">
      <node id="node_7ac12f76_9f52_459c_aea0_aed6c4c4b73c" type="NODE">
        <matrix>1 0 0 0 0 1 0 0 0 0 1 0 0 0 0 1</matrix>
        <node id="node_af59e0fa_4e49_43fd_8a3f_f62d0f6af2e2" type="NODE">
          <matrix>1 0 0 0 0 1 0 0 0 0 1 0 0 0 0 1</matrix>
          <node id="node_af59e0fa_4e49_43fd_8a3f_f62d0f6af2e2_mesh0" type="NODE">
            <matrix>1 0 0 0 0 1 0 0 0 0 1 0 0 0 0 1</matrix>
            <instance_geometry url="#geometry_3944fd71_57f6_4a29_9419_4c5392a4bc20">
              <bind_material>
                <technique_common>
                  <instance_material symbol="mat_0" target="#mat_0"/>
                </technique_common>
              </bind_material>
            </instance_geometry>
          </node>
        </node>
      </node>
    </visual_scene>
  </library_visual_scenes>
  <scene>
    <instance_visual_scene url="#DefaultScene"/>
  </scene>
</COLLADA>
