<?xml version="1.0" encoding="UTF-8"?>
<COLLADA xmlns="http://www.collada.org/2005/11/COLLADASchema" version="1.4.1">
<!--
# File generated by ImageToStl.com - Free Image and 3D model conversion tools
-->
  <asset>
    <contributor>
      <author>ImageToStl.com</author>
      <authoring_tool>ImageToStl.com</authoring_tool>
    </contributor>
    <created>2025-05-13T04:40:12</created>
    <modified>2025-05-13T04:40:12</modified>
    <up_axis>Z_UP</up_axis>
  </asset>
  <library_effects>
    <effect id="effect_0">
        <profile_COMMON>
          <technique sid="common">
            <phong>
              <diffuse>
                <color>0.85 0.85 0.85 1</color>
              </diffuse>
              <specular>
                <color>0.05 0.05 0.05 1</color>
              </specular>
              <shininess>
                <float>64</float>
              </shininess>
            </phong>
          </technique>
        </profile_COMMON>
    </effect>
  </library_effects>
  <library_materials>
    <material id="mat_0">
      <instance_effect url="#effect_0"/>
    </material>
  </library_materials>
  <library_geometries>
    <geometry id="geometry_6a0e65cd_0f67_48a6_94f5_a3f9b2f14270">
      <mesh>
        <source id="pos_0">
          <float_array id="pos_0-array" count="14754">-0.00890627 0.00763963 -0.0102509 -0.0072944 0.0061283 -0.00955 -0.00756668 0.00735659 -0.0098762 -0.00626068 0.00718109 -0.00955 -0.00905924 0.00769153 -0.01029839 -0.00934576 0.0078793 -0.01040659 -0.01149098 0.00965401 -0.01129074 -0.00954395 0.0081372 -0.01050715 -0.00964666 0.00843228 -0.01059345 -0.00987429 0.00969666 -0.01091955 -0.01071827 0.01050529 -0.01129074 -0.01012329 0.01107977 -0.01129074 -0.01115174 0.0061141 -0.01056331 -0.01083096 0.00608188 -0.01046954 -0.01305541 0.00740262 -0.01129074 -0.01126717 0.00610019 -0.01059345 -0.01253156 0.00587256 -0.01091955 -0.01358318 0.00638277 -0.01129074 -0.01391467 0.00562356 -0.01129074 -0.0105108 0.0059312 -0.01035721 -0.01026607 0.00568272 -0.0102509 -0.00828748 0.00469913 -0.00955 -0.00958181 0.00460838 -0.00990129 -0.00891367 0.00336315 -0.00955 -0.01278448 0.00786127 -0.01129074 -0.0118255 0.00924121 -0.01129074 0.01214597 0.0105087 -0.0164202 0.01189575 0.01031931 -0.01665629 0.01093901 0.01116281 -0.01673103 0.01160201 0.01021731 -0.01682421 0.01107977 0.01012329 -0.01700926 0.01050432 0.01071922 -0.01700926 0.00638154 0.01358376 -0.01700926 0.00562356 0.01391467 -0.01700926 0.00664562 0.01414588 -0.01673103 0.00552954 0.0144369 -0.01682421 0.00751516 0.01299095 -0.01700926 0.00818537 0.01331427 -0.01673103 0.00786011 0.01278519 -0.01700926 0.00962251 0.01231574 -0.01673103 0.00924013 0.01182634 -0.01700926 0.00955435 0.01157397 -0.01700926 0.01241869 0.01109085 -0.01572921 0.01232478 0.01076549 -0.01611676 0.01139347 0.01162657 -0.0162126 0.01227655 0.01067749 -0.01622065 0.01189849 0.01214191 -0.01491811 0.01213888 0.01190158 -0.01491811 0.01173097 0.01197097 -0.01553595 0.0121825 0.01185412 -0.01492569 0.01229631 0.01169192 -0.01503138 0.0123466 0.01158921 -0.01513513 0.01240112 0.01141793 -0.01533201 0.01055597 0.01332559 -0.01491811 0.01031916 0.01320738 -0.01553595 0.01046652 0.01339597 -0.01491811 0.00877798 0.0142782 -0.01553595 0.00890333 0.01448209 -0.01491811 0.00712675 0.01517002 -0.01553595 0.00722851 0.01538664 -0.01491811 0.00626644 0.01558303 -0.01546607 0.00656995 0.0156125 -0.01512086 0.00692083 0.01552746 -0.01491811 0.00679217 0.01557453 -0.01495072 0.00572482 0.0152286 -0.01622237 0.00576089 0.01527229 -0.01616476 0.00692171 0.01473357 -0.0162126 0.00597948 0.01545942 -0.01584412 0.00609617 0.01552274 -0.01568534 0.00551886 0.01471534 -0.01667678 0.00553038 0.01479584 -0.0166241 0.00559991 0.01502022 -0.01644632 0.01002228 0.0128274 -0.0162126 0.00852543 0.01386741 -0.0162126 0.00141022 0.00810081 -0.01896732 0.00197183 0.00830724 -0.0189322 0.00156246 0.00733544 -0.019 0.00291935 0.00870496 -0.01882124 0.0038332 0.00915115 -0.0186247 0.00314566 0.00813845 -0.01890562 0.00738134 0.00132886 -0.019 0.00727021 0.00184229 -0.019 0.00719584 0.00263004 -0.01899835 0.00688692 0.00296991 -0.019 0.00710533 0.00395594 -0.01897494 0.00632996 0.00402263 -0.019 0.00710038 0.00414684 -0.01896729 0.00439428 0.0075379 -0.01890562 0.00270393 0.00699562 -0.019 0.0009086 0.00793407 -0.01898506 0.00038159 0.00749029 -0.019 -0.00026681 0.00760579 -0.01899913 -0.0008089 0.00745625 -0.019 -0.00132886 0.00738134 -0.019 0.00499678 0.00857142 -0.0186247 0.0062906 0.00767238 -0.0186247 0.00553209 0.00674726 -0.01890562 0.00723974 0.00678404 -0.0186247 0.00653041 0.00578648 -0.01890562 0.00716873 0.00612849 -0.01876327 0.00710629 0.00511023 -0.01890113 0.00561338 0.00497392 -0.019 0.00475526 0.00579979 -0.019 0.00377722 0.0064794 -0.019 -0.00206273 0.00354333 -0.019 -0.00315022 0.00262414 -0.019 -0.00497392 0.00561338 -0.019 -0.00385775 0.00138845 -0.019 -0.0064794 0.00377722 -0.019 -0.00579979 0.00475526 -0.019 -0.00745625 -0.0008089 -0.019 -0.00749029 0.00038159 -0.019 -0.00409997 -1.471E-05 -0.019 -0.00733544 0.00156246 -0.019 -0.00699562 0.00270393 -0.019 -0.00384768 -0.0014161 -0.019 -0.00727021 -0.00184229 -0.019 -0.00738134 -0.00132886 -0.019 -0.00313131 -0.00264668 -0.019 -0.00632996 -0.00402263 -0.019 -0.00688692 -0.00296991 -0.019 0.00206273 -0.00354333 -0.019 0.00302498 -0.00686291 -0.019 0.00072644 -0.00403513 -0.019 0.00190731 -0.00725342 -0.019 0.00132886 -0.00738134 -0.019 0.00649536 -0.00374971 -0.019 0.00315022 -0.00262414 -0.019 0.00385775 -0.00138845 -0.019 -0.00270393 -0.00699562 -0.019 -0.00203725 -0.00355804 -0.019 -0.00069746 -0.00404024 -0.019 0.0008089 -0.00745625 -0.019 -0.00038159 -0.00749029 -0.019 -0.00156246 -0.00733544 -0.019 0.00582436 -0.00472513 -0.019 0.00500822 -0.00558281 -0.019 0.00406728 -0.00630137 -0.019 0.00745587 0.00081241 -0.019 0.00749082 -0.000371 -0.019 0.00409997 1.471E-05 -0.019 0.0073391 -0.00154517 -0.019 0.0070045 -0.00268084 -0.019 -0.00377722 -0.0064794 -0.019 -0.00475526 -0.00579979 -0.019 -0.00561338 -0.00497392 -0.019 0.00203725 0.00355804 -0.019 0.00069746 0.00404024 -0.019 0.00384768 0.0014161 -0.019 0.00313131 0.00264668 -0.019 -0.00072644 0.00403513 -0.019 -0.00402263 0.00632996 -0.019 -0.00296991 0.00688692 -0.019 -0.00184229 0.00727021 -0.019 0.0061141 0.01115174 -0.01056331 0.00608188 0.01083096 -0.01046954 0.00740262 0.01305541 -0.01129074 0.00610019 0.01126717 -0.01059345 0.00587256 0.01253156 -0.01091955 0.00638277 0.01358318 -0.01129074 0.00562356 0.01391467 -0.01129074 0.0059312 0.0105108 -0.01035721 0.00568272 0.01026607 -0.0102509 0.00469913 0.00828748 -0.00955 0.00460838 0.00958181 -0.00990129 0.00336315 0.00891367 -0.00955 0.00763963 0.00890627 -0.0102509 0.0061283 0.0072944 -0.00955 0.00735659 0.00756668 -0.0098762 0.00718109 0.00626068 -0.00955 0.00768019 0.00903189 -0.01028947 0.0078601 0.00932466 -0.01039757 0.00965401 0.01149098 -0.01129074 0.00810681 0.00952698 -0.01049683 0.00843228 0.00964666 -0.01059345 0.00969666 0.00987429 -0.01091955 0.01050529 0.01071827 -0.01129074 0.01107977 0.01012329 -0.01129074 0.00786127 0.01278448 -0.01129074 0.00924121 0.0118255 -0.01129074 -0.0061141 -0.01115174 -0.01056331 -0.00608188 -0.01083096 -0.01046954 -0.00740262 -0.01305541 -0.01129074 -0.00610019 -0.01126717 -0.01059345 -0.00587256 -0.01253156 -0.01091955 -0.00638277 -0.01358318 -0.01129074 -0.00562356 -0.01391467 -0.01129074 -0.0059312 -0.0105108 -0.01035721 -0.00568272 -0.01026607 -0.0102509 -0.00469913 -0.00828748 -0.00955 -0.00460838 -0.00958181 -0.00990129 -0.00336315 -0.00891367 -0.00955 -0.00763963 -0.00890627 -0.0102509 -0.0061283 -0.0072944 -0.00955 -0.00735659 -0.00756668 -0.0098762 -0.00718109 -0.00626068 -0.00955 -0.00769153 -0.00905924 -0.01029839 -0.0078793 -0.00934576 -0.01040659 -0.00965401 -0.01149098 -0.01129074 -0.0081372 -0.00954395 -0.01050715 -0.00843228 -0.00964666 -0.01059345 -0.00969666 -0.00987429 -0.01091955 -0.01050529 -0.01071827 -0.01129074 -0.01107977 -0.01012329 -0.01129074 -0.00786127 -0.01278448 -0.01129074 -0.00924121 -0.0118255 -0.01129074 0.01115174 -0.0061141 -0.01056331 0.01083096 -0.00608188 -0.01046954 0.01305541 -0.00740262 -0.01129074 0.01126717 -0.00610019 -0.01059345 0.01253156 -0.00587256 -0.01091955 0.01358318 -0.00638277 -0.01129074 0.01391467 -0.00562356 -0.01129074 0.0105108 -0.0059312 -0.01035721 0.01026607 -0.00568272 -0.0102509 0.00828748 -0.00469913 -0.00955 0.00958181 -0.00460838 -0.00990129 0.00891367 -0.00336315 -0.00955 0.00890627 -0.00763963 -0.0102509 0.0072944 -0.0061283 -0.00955 0.00756668 -0.00735659 -0.0098762 0.00626068 -0.00718109 -0.00955 0.00905924 -0.00769153 -0.01029839 0.00934576 -0.0078793 -0.01040659 0.01149098 -0.00965401 -0.01129074 0.00954395 -0.0081372 -0.01050715 0.00964666 -0.00843228 -0.01059345 0.00987429 -0.00969666 -0.01091955 0.01071827 -0.01050529 -0.01129074 0.01012329 -0.01107977 -0.01129074 0.01278448 -0.00786127 -0.01129074 0.0118255 -0.00924121 -0.01129074 -0.01021731 0.01160201 -0.01682421 -0.01012329 0.01107977 -0.01700926 -0.01071922 0.01050432 -0.01700926 -0.0105087 0.01214597 -0.0164202 -0.01031931 0.01189575 -0.01665629 -0.01116281 0.01093901 -0.01673103 -0.01076549 0.01232478 -0.01611676 -0.01067749 0.01227655 -0.01622065 -0.01162657 0.01139347 -0.0162126 -0.01197097 0.01173097 -0.01553595 -0.01214191 0.01189849 -0.01491811 -0.01190158 0.01213888 -0.01491811 -0.01184771 0.01218798 -0.01492809 -0.0116678 0.01230945 -0.01505406 -0.01159091 0.01234589 -0.01513295 -0.0114238 0.0123998 -0.01532481 -0.01109085 0.01241869 -0.01572921 -0.01332559 0.01055597 -0.01491811 -0.01320738 0.01031916 -0.01553595 -0.01339597 0.01046652 -0.01491811 -0.0142782 0.00877798 -0.01553595 -0.01448209 0.00890333 -0.01491811 -0.01517002 0.00712675 -0.01553595 -0.01538664 0.00722851 -0.01491811 -0.01558759 0.00628508 -0.01544304 -0.01561251 0.00656983 -0.01512097 -0.01552746 0.00692083 -0.01491811 -0.01557453 0.00679217 -0.01495072 -0.0152286 0.00572482 -0.01622237 -0.01527229 0.00576089 -0.01616476 -0.01473357 0.00692171 -0.0162126 -0.01545828 0.00597769 -0.01584663 -0.01552274 0.00609617 -0.01568534 -0.0144369 0.00552954 -0.01682421 -0.01471534 0.00551886 -0.01667678 -0.01414588 0.00664562 -0.01673103 -0.01479584 0.00553038 -0.0166241 -0.01502022 0.00559991 -0.01644632 -0.01182634 0.00924013 -0.01700926 -0.01231574 0.00962251 -0.01673103 -0.01278519 0.00786011 -0.01700926 -0.01331427 0.00818537 -0.01673103 -0.01358376 0.00638154 -0.01700926 -0.01391467 0.00562356 -0.01700926 -0.0128274 0.01002228 -0.0162126 -0.01386741 0.00852543 -0.0162126 -0.01160201 -0.01021731 -0.01682421 -0.01107977 -0.01012329 -0.01700926 -0.01050432 -0.01071922 -0.01700926 -0.01214597 -0.0105087 -0.01642019 -0.01189575 -0.01031931 -0.01665628 -0.01093901 -0.01116281 -0.01673103 -0.01232478 -0.01076549 -0.01611676 -0.0122806 -0.01068413 -0.01621281 -0.01139347 -0.01162657 -0.0162126 -0.01173097 -0.01197097 -0.01553595 -0.01189849 -0.01214191 -0.01491811 -0.01213888 -0.01190158 -0.01491811 -0.0121825 -0.01185412 -0.01492569 -0.01229631 -0.01169192 -0.01503138 -0.01234573 -0.01159127 -0.01513289 -0.01240112 -0.01141794 -0.01533201 -0.01241869 -0.01109085 -0.01572921 -0.01055597 -0.01332559 -0.01491811 -0.01031916 -0.01320738 -0.01553595 -0.01046652 -0.01339597 -0.01491811 -0.00877798 -0.0142782 -0.01553595 -0.00890333 -0.01448209 -0.01491811 -0.00712675 -0.01517002 -0.01553595 -0.00722851 -0.01538664 -0.01491811 -0.00628508 -0.01558759 -0.01544304 -0.00656983 -0.01561251 -0.01512097 -0.00692083 -0.01552746 -0.01491811 -0.00679217 -0.01557453 -0.01495072 -0.00572482 -0.0152286 -0.01622237 -0.00576089 -0.01527229 -0.01616476 -0.00692171 -0.01473357 -0.0162126 -0.00597769 -0.01545828 -0.01584663 -0.00609617 -0.01552274 -0.01568534 -0.00552954 -0.0144369 -0.01682421 -0.00551886 -0.01471534 -0.01667678 -0.00664562 -0.01414588 -0.01673103 -0.00553038 -0.01479584 -0.0166241 -0.00559991 -0.01502022 -0.01644632 -0.00924013 -0.01182634 -0.01700926 -0.00962251 -0.01231574 -0.01673103 -0.00786011 -0.01278519 -0.01700926 -0.00818537 -0.01331427 -0.01673103 -0.00638154 -0.01358376 -0.01700926 -0.00562356 -0.01391467 -0.01700926 -0.01002228 -0.0128274 -0.0162126 -0.00852543 -0.01386741 -0.0162126 0.0105087 -0.01214597 -0.0164202 0.01031931 -0.01189575 -0.01665629 0.01116281 -0.01093901 -0.01673103 0.01021731 -0.01160201 -0.01682421 0.01012329 -0.01107977 -0.01700926 0.01071922 -0.01050432 -0.01700926 0.0144369 -0.00552954 -0.01682421 0.01471534 -0.00551886 -0.01667678 0.01414588 -0.00664562 -0.01673103 0.01391467 -0.00562356 -0.01700926 0.01358376 -0.00638154 -0.01700926 0.01331427 -0.00818537 -0.01673103 0.01278519 -0.00786011 -0.01700926 0.01231574 -0.00962251 -0.01673103 0.01182634 -0.00924013 -0.01700926 0.01157397 -0.00955435 -0.01700926 0.01076549 -0.01232478 -0.01611676 0.01067749 -0.01227655 -0.01622065 0.01162657 -0.01139347 -0.0162126 0.01197097 -0.01173097 -0.01553595 0.01214191 -0.01189849 -0.01491811 0.01190158 -0.01213888 -0.01491811 0.01185412 -0.0121825 -0.01492569 0.01169192 -0.01229631 -0.01503138 0.01158921 -0.0123466 -0.01513513 0.01141793 -0.01240112 -0.01533201 0.01109085 -0.01241869 -0.01572921 0.01332559 -0.01055597 -0.01491811 0.01320738 -0.01031916 -0.01553595 0.01339597 -0.01046652 -0.01491811 0.0142782 -0.00877798 -0.01553595 0.01448209 -0.00890333 -0.01491811 0.01517002 -0.00712675 -0.01553595 0.01538664 -0.00722851 -0.01491811 0.01558759 -0.00628508 -0.01544304 0.01561251 -0.00656983 -0.01512097 0.01552746 -0.00692083 -0.01491811 0.01557453 -0.00679217 -0.01495072 0.01552484 -0.00610078 -0.01567921 0.01473357 -0.00692171 -0.0162126 0.01545828 -0.00597769 -0.01584663 0.01527229 -0.00576089 -0.01616476 0.01480671 -0.00553245 -0.01661659 0.01502021 -0.00559991 -0.01644632 0.01523465 -0.00572957 -0.01621467 0.0128274 -0.01002228 -0.0162126 0.01386741 -0.00852543 -0.0162126 -0.0144369 0.00552954 -0.01147579 -0.01116181 0.01094002 -0.01156897 -0.01021731 0.01160201 -0.01147579 -0.01231487 0.00962363 -0.01156897 -0.01331353 0.00818658 -0.01156897 -0.01474777 0.0055227 -0.01164372 -0.01414528 0.0066469 -0.01156897 -0.01530547 0.00579124 -0.01218324 -0.01522958 0.00572558 -0.01207935 -0.01473294 0.00692305 -0.0120874 -0.01504833 0.00561293 -0.0118798 -0.0155518 0.00686113 -0.01337431 -0.01560189 0.00666943 -0.01326862 -0.01516937 0.00712813 -0.01276405 -0.0156132 0.00655563 -0.01316487 -0.01560457 0.00637609 -0.01296799 -0.01550696 0.00606342 -0.01257079 -0.01190158 0.01213888 -0.01338189 -0.01214083 0.01189959 -0.01338189 -0.01196991 0.01173206 -0.01276405 -0.01339502 0.01046773 -0.01338189 -0.01320644 0.01032036 -0.01276405 -0.01448128 0.00890464 -0.01338189 -0.0142774 0.00877928 -0.01276405 -0.01538598 0.00722991 -0.01338189 -0.01552746 0.00692083 -0.01338189 -0.01179741 0.01222787 -0.01334928 -0.01160238 0.01234095 -0.01317914 -0.01130766 0.01241918 -0.01283393 -0.01112705 0.01242205 -0.01261466 -0.01099561 0.01240341 -0.01245588 -0.01162553 0.01139453 -0.0120874 -0.01048669 0.01212416 -0.01185368 -0.01067644 0.0122759 -0.01207763 -0.01072547 0.01230427 -0.01213524 -0.0103044 0.01186669 -0.01162322 -0.01034328 0.01193812 -0.0116759 -0.01282649 0.01002344 -0.0120874 -0.01386664 0.0085267 -0.0120874 0.01212416 0.01048669 -0.01185368 0.0122759 0.01067644 -0.01207763 0.01139453 0.01162553 -0.0120874 0.00552954 0.0144369 -0.01147579 0.00579124 0.01530547 -0.01218324 0.00572558 0.01522958 -0.01207935 0.00692305 0.01473294 -0.0120874 0.00561293 0.01504833 -0.0118798 0.00685322 0.01555469 -0.01337191 0.00664224 0.01560579 -0.01324594 0.00712813 0.01516937 -0.01276405 0.00655747 0.01561313 -0.01316705 0.00638205 0.01560538 -0.01297519 0.00606342 0.01550696 -0.01257079 0.01213888 0.01190158 -0.01338189 0.01189959 0.01214083 -0.01338189 0.01173206 0.01196991 -0.01276405 0.01046773 0.01339502 -0.01338189 0.01032036 0.01320644 -0.01276405 0.00890464 0.01448128 -0.01338189 0.00877928 0.0142774 -0.01276405 0.00722991 0.01538598 -0.01338189 0.00692083 0.01552746 -0.01338189 0.01222787 0.01179741 -0.01334928 0.012341 0.01160228 -0.01317903 0.01241696 0.01132672 -0.01285696 0.01242205 0.01112705 -0.01261466 0.01230427 0.01072547 -0.01213524 0.01240296 0.01099353 -0.01245337 0.01186669 0.0103044 -0.01162322 0.01193812 0.01034328 -0.0116759 0.01094002 0.01116181 -0.01156897 0.01160201 0.01021731 -0.01147579 0.00962363 0.01231487 -0.01156897 0.00818658 0.01331353 -0.01156897 0.0055227 0.01474777 -0.01164372 0.0066469 0.01414528 -0.01156897 0.01002344 0.01282649 -0.0120874 0.0085267 0.01386664 -0.0120874 0.0144369 -0.00552954 -0.01147579 0.01530547 -0.00579124 -0.01218324 0.01523569 -0.00573039 -0.01208719 0.01473294 -0.00692305 -0.0120874 0.01504833 -0.00561293 -0.0118798 0.0155518 -0.00686113 -0.01337431 0.01560189 -0.00666943 -0.01326862 0.01516937 -0.00712813 -0.01276405 0.01561311 -0.00655786 -0.01316711 0.01560457 -0.00637609 -0.01296799 0.01550696 -0.00606342 -0.01257079 0.01190158 -0.01213888 -0.01338189 0.01214083 -0.01189959 -0.01338189 0.01196991 -0.01173206 -0.01276405 0.01339502 -0.01046773 -0.01338189 0.01320644 -0.01032036 -0.01276405 0.01448128 -0.00890464 -0.01338189 0.0142774 -0.00877928 -0.01276405 0.01538598 -0.00722991 -0.01338189 0.01552746 -0.00692083 -0.01338189 0.01179741 -0.01222787 -0.01334928 0.01160228 -0.012341 -0.01317903 0.01132672 -0.01241696 -0.01285696 0.01112705 -0.01242205 -0.01261466 0.01099353 -0.01240296 -0.01245337 0.01162553 -0.01139453 -0.0120874 0.01048669 -0.01212416 -0.01185368 0.01067644 -0.0122759 -0.01207763 0.01072547 -0.01230427 -0.01213524 0.0103044 -0.01186669 -0.01162322 0.01034328 -0.01193812 -0.0116759 0.01116181 -0.01094002 -0.01156897 0.01021731 -0.01160201 -0.01147579 0.01231487 -0.00962363 -0.01156897 0.01331353 -0.00818658 -0.01156897 0.01474777 -0.0055227 -0.01164372 0.01414528 -0.0066469 -0.01156897 0.01282649 -0.01002344 -0.0120874 0.01386664 -0.0085267 -0.0120874 -0.00552954 -0.0144369 -0.01147579 -0.01094002 -0.01116181 -0.01156897 -0.01160201 -0.01021731 -0.01147579 -0.01186669 -0.0103044 -0.01162322 -0.00962363 -0.01231487 -0.01156897 -0.00818658 -0.01331353 -0.01156897 -0.0055227 -0.01474777 -0.01164372 -0.0066469 -0.01414528 -0.01156897 -0.00579124 -0.01530547 -0.01218324 -0.00572558 -0.01522958 -0.01207935 -0.00692305 -0.01473294 -0.0120874 -0.00561293 -0.01504833 -0.0118798 -0.00686113 -0.0155518 -0.01337431 -0.00666943 -0.01560189 -0.01326862 -0.00712813 -0.01516937 -0.01276405 -0.00655563 -0.0156132 -0.01316487 -0.00637609 -0.01560457 -0.01296799 -0.00606342 -0.01550696 -0.01257079 -0.01213888 -0.01190158 -0.01338189 -0.01189959 -0.01214083 -0.01338189 -0.01173206 -0.01196991 -0.01276405 -0.01046773 -0.01339502 -0.01338189 -0.01032036 -0.01320644 -0.01276405 -0.00890464 -0.01448128 -0.01338189 -0.00877928 -0.0142774 -0.01276405 -0.00722991 -0.01538598 -0.01338189 -0.00692083 -0.01552746 -0.01338189 -0.01222787 -0.01179741 -0.01334928 -0.012341 -0.01160228 -0.01317903 -0.01241696 -0.01132672 -0.01285696 -0.01242242 -0.0111321 -0.01262079 -0.01139453 -0.01162553 -0.0120874 -0.01240296 -0.01099353 -0.01245337 -0.01230427 -0.01072547 -0.01213524 -0.01194758 -0.010349 -0.01168341 -0.01212416 -0.01048669 -0.01185368 -0.01227991 -0.010683 -0.01208534 -0.01002344 -0.01282649 -0.0120874 -0.0085267 -0.01386664 -0.0120874 -0.00810081 0.00141022 -0.01896732 -0.00830724 0.00197183 -0.0189322 -0.00870496 0.00291935 -0.01882124 -0.00915115 0.0038332 -0.0186247 -0.00813845 0.00314566 -0.01890562 -0.0075379 0.00439428 -0.01890562 -0.00793407 0.0009086 -0.01898506 -0.00760579 -0.00026681 -0.01899913 -0.00263004 0.00719584 -0.01899835 -0.00395594 0.00710533 -0.01897494 -0.00414684 0.00710038 -0.01896729 -0.00857142 0.00499678 -0.0186247 -0.00767238 0.0062906 -0.0186247 -0.00674726 0.00553209 -0.01890562 -0.00678404 0.00723974 -0.0186247 -0.00578648 0.00653041 -0.01890562 -0.00612849 0.00716873 -0.01876327 -0.00511023 0.00710629 -0.01890113 0.00810081 -0.00141022 -0.01896732 0.00830724 -0.00197183 -0.0189322 0.00870496 -0.00291935 -0.01882124 0.00915115 -0.0038332 -0.0186247 0.00814878 -0.00311879 -0.01890562 0.00263004 -0.00719584 -0.01899835 0.00395594 -0.00710533 -0.01897494 0.00414684 -0.00710038 -0.01896729 0.00755646 -0.00436227 -0.01890562 0.00793407 -0.0009086 -0.01898506 0.00760579 0.00026681 -0.01899913 0.00859253 -0.00496038 -0.0186247 0.00770488 -0.00625074 -0.0186247 0.00677584 -0.00549704 -0.01890562 0.00678404 -0.00723974 -0.0186247 0.00582638 -0.00649484 -0.01890562 0.00612849 -0.00716873 -0.01876327 0.00511023 -0.00710629 -0.01890113 -0.00141022 -0.00810081 -0.01896732 -0.00197183 -0.00830724 -0.0189322 -0.00291935 -0.00870496 -0.01882124 -0.0038332 -0.00915115 -0.0186247 -0.00314566 -0.00813845 -0.01890562 -0.00439428 -0.0075379 -0.01890562 -0.0009086 -0.00793407 -0.01898506 0.00026681 -0.00760579 -0.01899913 -0.00719584 -0.00263004 -0.01899835 -0.00710533 -0.00395594 -0.01897494 -0.00710038 -0.00414684 -0.01896729 -0.00499678 -0.00857142 -0.0186247 -0.0062906 -0.00767238 -0.0186247 -0.00553209 -0.00674726 -0.01890562 -0.00723974 -0.00678404 -0.0186247 -0.00653041 -0.00578648 -0.01890562 -0.00716873 -0.00612849 -0.01876327 -0.00710629 -0.00511023 -0.01890113 0.00831924 0.00961945 -0.01773669 0.00802984 0.00947738 -0.01783046 0.00843228 0.00964666 -0.01770655 0.00969779 0.00987449 -0.01738015 0.00778233 0.0092245 -0.01794279 0.00763963 0.00890627 -0.0180491 0.00747573 0.00819326 -0.01825314 0.00568272 0.01026607 -0.0180491 0.00452845 0.00953506 -0.0184232 0.00580799 0.01036807 -0.01800161 0.00601103 0.01064397 -0.01789341 0.00610683 0.0109548 -0.01779285 0.00610019 0.01126717 -0.01770655 0.00587236 0.01253269 -0.01738015 -0.00961945 0.00831924 -0.01773669 -0.00947738 0.00802984 -0.01783046 -0.00964666 0.00843228 -0.01770655 -0.00987449 0.00969779 -0.01738015 -0.0092245 0.00778233 -0.01794279 -0.00890627 0.00763963 -0.0180491 -0.00819326 0.00747573 -0.01825314 -0.01061862 0.00599795 -0.01790243 -0.0109204 0.00610153 -0.01780317 -0.00953506 0.00452845 -0.0184232 -0.01026607 0.00568272 -0.0180491 -0.01034789 0.00578631 -0.01801053 -0.01126717 0.00610019 -0.01770655 -0.01253269 0.00587236 -0.01738015 0.00961945 -0.00831924 -0.01773669 0.00947738 -0.00802984 -0.01783046 0.00964666 -0.00843228 -0.01770655 0.00987449 -0.00969779 -0.01738015 0.0092245 -0.00778233 -0.01794279 0.00890627 -0.00763963 -0.0180491 0.00819326 -0.00747573 -0.01825314 0.00953506 -0.00452845 -0.0184232 0.01026607 -0.00568272 -0.0180491 0.01036807 -0.00580799 -0.01800161 0.01064397 -0.00601103 -0.01789341 0.0109548 -0.00610683 -0.01779285 0.01126717 -0.00610019 -0.01770655 0.01253269 -0.00587236 -0.01738015 -0.00831924 -0.00961945 -0.01773669 -0.00802984 -0.00947738 -0.01783046 -0.00843228 -0.00964666 -0.01770655 -0.00969779 -0.00987449 -0.01738015 -0.00778233 -0.0092245 -0.01794279 -0.00763963 -0.00890627 -0.0180491 -0.00747573 -0.00819326 -0.01825314 -0.00452845 -0.00953506 -0.0184232 -0.00568272 -0.01026607 -0.0180491 -0.00580799 -0.01036807 -0.01800161 -0.00601103 -0.01064397 -0.01789341 -0.00610683 -0.0109548 -0.01779285 -0.00610019 -0.01126717 -0.01770655 -0.00587236 -0.01253269 -0.01738015 0.01021731 -0.01160201 -0.01502795 0.01013248 -0.01113083 -0.01515 0.01004389 -0.01063874 -0.01501602 0.01021731 -0.01160201 -0.01327205 0.01013248 -0.01113083 -0.01315 0.01004389 -0.01063874 -0.01328397 0.00997904 -0.0102785 -0.01365 0.0099553 -0.01014665 -0.01415 0.00997904 -0.0102785 -0.01465 0.00553773 0.0148319 -0.01464996 0.00554946 0.01487902 -0.01456397 0.00552954 0.0144369 -0.01502795 0.00551607 0.01468259 -0.01484094 0.00552954 0.0144369 -0.01327205 0.00551377 0.01460425 -0.01338686 0.00553667 0.0148271 -0.01364228 0.00557295 0.01495311 -0.01394657 0.00558146 0.01497587 -0.01414981 0.00557897 0.01496939 -0.01425883 0.01160201 0.01021731 -0.01502795 0.01113083 0.01013248 -0.01515 0.01063874 0.01004389 -0.01501602 0.01160201 0.01021731 -0.01327205 0.01113083 0.01013248 -0.01315 0.01063874 0.01004389 -0.01328397 0.0102785 0.00997904 -0.01365 0.01014665 0.0099553 -0.01415 0.0102785 0.00997904 -0.01465 0.00738134 0.00132886 -0.00995 0.00824027 -0.00179583 -0.00995 0.00824027 -0.00179583 -0.00955 0.00810071 -0.00140991 -0.00995 0.00710038 0.00414655 -0.00995 0.00709659 0.00455691 -0.00955 0.00709659 0.00455691 -0.00995 0.0148319 -0.00553773 -0.01464996 0.01487902 -0.00554946 -0.01456397 0.0144369 -0.00552954 -0.01502795 0.01468259 -0.00551607 -0.01484094 0.0144369 -0.00552954 -0.01327205 0.01460425 -0.00551377 -0.01338686 0.01482711 -0.00553667 -0.01364228 0.01495311 -0.00557295 -0.01394657 0.01497587 -0.00558146 -0.01414981 0.01496939 -0.00557897 -0.01425883 -0.00553773 -0.0148319 -0.01464996 -0.00554946 -0.01487902 -0.01456397 -0.00552954 -0.0144369 -0.01502795 -0.00551607 -0.01468259 -0.01484094 -0.00552954 -0.0144369 -0.01327205 -0.00551377 -0.01460425 -0.01338686 -0.00553667 -0.0148271 -0.01364228 -0.00557295 -0.01495311 -0.01394657 -0.00558146 -0.01497587 -0.01414981 -0.00557897 -0.01496939 -0.01425883 -0.01160201 -0.01021731 -0.01502795 -0.01113083 -0.01013248 -0.01515 -0.01063874 -0.01004389 -0.01501602 -0.01160201 -0.01021731 -0.01327205 -0.01113083 -0.01013248 -0.01315 -0.01063874 -0.01004389 -0.01328397 -0.0102785 -0.00997904 -0.01365 -0.01014665 -0.0099553 -0.01415 -0.0102785 -0.00997904 -0.01465 -0.00132886 0.00738134 -0.00995 0.00179583 0.00824027 -0.00995 0.00179583 0.00824027 -0.00955 0.00140991 0.00810071 -0.00995 -0.00414655 0.00710038 -0.00995 -0.00455691 0.00709659 -0.00955 -0.00455691 0.00709659 -0.00995 -0.0148319 0.00553773 -0.01464996 -0.01487902 0.00554946 -0.01456397 -0.0144369 0.00552954 -0.01502795 -0.01468259 0.00551607 -0.01484094 -0.0144369 0.00552954 -0.01327205 -0.01460425 0.00551377 -0.01338686 -0.0148271 0.00553667 -0.01364228 -0.01495311 0.00557295 -0.01394657 -0.01497587 0.00558146 -0.01414981 -0.01496939 0.00557897 -0.01425883 -0.01021731 0.01160201 -0.01327205 -0.01013248 0.01113083 -0.01315 -0.01004389 0.01063874 -0.01328397 -0.00997904 0.0102785 -0.01365 -0.0099553 0.01014665 -0.01415 -0.01021731 0.01160201 -0.01502795 -0.01013248 0.01113083 -0.01515 -0.01004389 0.01063874 -0.01501602 -0.00997904 0.0102785 -0.01465 0.01196935 0.01036274 -0.01365004 0.01200942 0.01039016 -0.01373602 0.01183697 0.01029037 -0.01345906 0.01176435 0.01026089 -0.01491314 0.01196522 0.01036008 -0.01465772 0.01207067 0.01043802 -0.01435343 0.01208903 0.01045394 -0.01415019 0.01208383 0.01044934 -0.01404117 0.01396572 -0.00561437 -0.01315 0.01347363 -0.00570296 -0.01328397 0.01396572 -0.00561437 -0.01515 0.01347363 -0.00570296 -0.01501602 0.0131134 -0.00576781 -0.01465 0.01298154 -0.00579155 -0.01415 0.0131134 -0.00576781 -0.01365 0.01436922 -0.00503369 -0.01501602 0.01387713 -0.00512228 -0.01515 0.01338504 -0.00521087 -0.01501602 0.01302481 -0.00527572 -0.01465 0.01289295 -0.00529946 -0.01415 0.01302481 -0.00527572 -0.01365 0.01338504 -0.00521087 -0.01328397 0.01387713 -0.00512228 -0.01315 0.01436922 -0.00503369 -0.01328397 0.01472945 -0.00496884 -0.01465 0.01486131 -0.0049451 -0.01415 0.01472945 -0.00496884 -0.01365 0.00561437 0.01396572 -0.01315 0.00570296 0.01347363 -0.01328397 0.00561437 0.01396572 -0.01515 0.00570296 0.01347363 -0.01501602 0.00576781 0.0131134 -0.01465 0.00579155 0.01298154 -0.01415 0.00576781 0.0131134 -0.01365 -0.01029037 0.01183697 -0.01345906 -0.01036274 0.01196935 -0.01365004 -0.01039016 0.01200942 -0.01373602 -0.01026089 0.01176435 -0.01491314 -0.01036008 0.01196522 -0.01465772 -0.01043802 0.01207067 -0.01435343 -0.01045394 0.01208903 -0.01415019 -0.01044934 0.01208383 -0.01404117 0.00503369 0.01436922 -0.01501602 0.00512228 0.01387713 -0.01515 0.00521087 0.01338504 -0.01501602 0.00527572 0.01302481 -0.01465 0.00529946 0.01289295 -0.01415 0.00527572 0.01302481 -0.01365 0.00521087 0.01338504 -0.01328397 0.00512228 0.01387713 -0.01315 0.00503369 0.01436922 -0.01328397 0.00496884 0.01472945 -0.01465 0.0049451 0.01486131 -0.01415 0.00496884 0.01472945 -0.01365 -0.01183697 -0.01029037 -0.01345906 -0.01196935 -0.01036274 -0.01365004 -0.01200942 -0.01039016 -0.01373603 -0.01176435 -0.01026089 -0.01491314 -0.01196523 -0.01036008 -0.01465772 -0.01207067 -0.01043802 -0.01435343 -0.01208903 -0.01045394 -0.01415019 -0.01208383 -0.01044934 -0.01404117 -0.01396572 0.00561437 -0.01315 -0.01347363 0.00570296 -0.01328397 -0.01396572 0.00561437 -0.01515 -0.01347363 0.00570296 -0.01501602 -0.0131134 0.00576781 -0.01465 -0.01298154 0.00579155 -0.01415 -0.0131134 0.00576781 -0.01365 -0.01436922 0.00503369 -0.01501602 -0.01387713 0.00512228 -0.01515 -0.01338504 0.00521087 -0.01501602 -0.01302481 0.00527572 -0.01465 -0.01289295 0.00529946 -0.01415 -0.01302481 0.00527572 -0.01365 -0.01338504 0.00521087 -0.01328397 -0.01387713 0.00512228 -0.01315 -0.01436922 0.00503369 -0.01328397 -0.01472945 0.00496884 -0.01465 -0.01486131 0.0049451 -0.01415 -0.01472945 0.00496884 -0.01365 0.01029037 -0.01183697 -0.01345906 0.01036274 -0.01196935 -0.01365004 0.01039016 -0.01200942 -0.01373602 0.01026089 -0.01176435 -0.01491314 0.01036008 -0.01196522 -0.01465772 0.01043802 -0.01207067 -0.01435343 0.01045394 -0.01208903 -0.01415019 0.01044934 -0.01208383 -0.01404117 -0.00561437 -0.01396572 -0.01315 -0.00570296 -0.01347363 -0.01328397 -0.00561437 -0.01396572 -0.01515 -0.00570296 -0.01347363 -0.01501602 -0.00576781 -0.0131134 -0.01465 -0.00579155 -0.01298154 -0.01415 -0.00576781 -0.0131134 -0.01365 -0.00503369 -0.01436922 -0.01501602 -0.00512228 -0.01387713 -0.01515 -0.00521087 -0.01338504 -0.01501602 -0.00527572 -0.01302481 -0.01465 -0.00529946 -0.01289295 -0.01415 -0.00527572 -0.01302481 -0.01365 -0.00521087 -0.01338504 -0.01328397 -0.00512228 -0.01387713 -0.01315 -0.00503369 -0.01436922 -0.01328397 -0.00496884 -0.01472945 -0.01465 -0.0049451 -0.01486131 -0.01415 -0.00496884 -0.01472945 -0.01365 0.01121942 0.00964039 -0.01315 0.01171151 0.00972898 -0.01328397 0.01207174 0.00979384 -0.01365 0.0122036 0.00981757 -0.01415 0.01207174 0.00979384 -0.01465 0.01072733 0.0095518 -0.01328397 0.01036709 0.00948695 -0.01365 0.01023524 0.00946321 -0.01415 0.01036709 0.00948695 -0.01465 0.01072733 0.0095518 -0.01501602 0.01121942 0.00964039 -0.01515 0.01171151 0.00972898 -0.01501602 0.01044129 0.0088845 -0.01736122 0.00990274 0.00878755 -0.01715463 0.00967634 0.00907082 -0.01681329 0.00962146 0.00873691 -0.01699939 0.00928043 0.00867551 -0.01675732 0.00902827 0.00895415 -0.01627757 0.00892811 0.00861209 -0.01642624 0.00876073 0.00858195 -0.01622927 0.00854648 0.00886741 -0.01558406 0.00841265 0.00851929 -0.01568427 0.00811332 0.0084654 -0.0148285 0.0082667 0.00881704 -0.01478419 0.00804468 0.00845304 -0.01415 0.00820969 0.00880678 -0.01393728 0.00805233 0.00845442 -0.01392242 0.00837967 0.00883738 -0.01310616 0.00812697 0.00846786 -0.01340792 0.00823418 0.00848716 -0.01303321 0.00836971 0.00851156 -0.01270305 0.00876403 0.00890658 -0.01235244 0.0086454 0.00856119 -0.01222684 0.00876073 0.00858195 -0.01207073 0.00933427 0.00900924 -0.01173205 0.00925549 0.00867103 -0.01156309 0.0100192 0.00880852 -0.0110912 0.01059646 0.00891244 -0.01089873 0.01085257 0.00928257 -0.01106196 0.0100481 0.00913775 -0.01129098 0.01087988 0.00896346 -0.01084617 0.0113268 0.00904392 -0.01081511 0.01168802 0.00943298 -0.01106196 0.01177372 0.00912438 -0.01084617 0.01205714 0.0091754 -0.01089873 0.01249249 0.00957781 -0.01129098 0.0126344 0.00927933 -0.0110912 0.01339811 0.00941682 -0.01156309 0.01320632 0.00970632 -0.01173205 0.01389287 0.00950589 -0.01207073 0.01377656 0.00980898 -0.01235244 0.0140082 0.00952665 -0.01222684 0.01416092 0.00987818 -0.01310616 0.01428389 0.00957628 -0.01270305 0.01460127 0.00963342 -0.01392242 0.0143309 0.00990878 -0.01393728 0.01452663 0.00961998 -0.01340792 0.01441942 0.00960068 -0.01303321 0.01460892 0.0096348 -0.01415 0.01454027 0.00962244 -0.0148285 0.01427389 0.00989851 -0.01478419 0.01424095 0.00956855 -0.01568427 0.01399411 0.00984814 -0.01558406 0.01389287 0.00950589 -0.01622927 0.01351232 0.00976141 -0.01627757 0.01372549 0.00947576 -0.01642624 0.01286425 0.00964474 -0.01681329 0.01337317 0.00941233 -0.01675732 0.01303214 0.00935093 -0.01699939 0.01275086 0.00930029 -0.01715463 0.01209797 0.00950678 -0.01715149 0.01044262 0.00920877 -0.01715149 0.0112703 0.00935778 -0.01726708 0.0113268 0.00904392 -0.01748489 0.01221231 0.00920334 -0.01736122 0.01397667 0.01006101 -0.01395928 0.01382427 0.01003357 -0.01321412 0.01347967 0.00997153 -0.01253837 0.01296841 0.00987949 -0.01198214 0.01232841 0.00976428 -0.0115867 0.01160715 0.00963443 -0.01138136 0.01085811 0.00949958 -0.01138136 0.01013685 0.00936973 -0.0115867 0.00949685 0.00925451 -0.01198214 0.00898559 0.00916247 -0.01253837 0.00864099 0.00910043 -0.01321412 0.00848859 0.00907299 -0.01395928 0.0085397 0.0090822 -0.01471859 0.00879054 0.00912736 -0.01543573 0.0092225 0.00920512 -0.01605751 0.00980354 0.00930972 -0.01653782 0.01049057 0.00943341 -0.01684104 0.01123263 0.009567 -0.01694467 0.01197469 0.0097006 -0.01684104 0.01266172 0.00982428 -0.01653782 0.01324276 0.00992888 -0.01605751 0.01367472 0.01000665 -0.01543573 0.01392555 0.01005181 -0.01471859 0.01354722 0.01005946 -0.0146415 0.01359695 0.01006842 -0.01415 0.0135914 0.01006742 -0.01398514 0.01345967 0.0100437 -0.01334101 0.01316179 0.00999008 -0.01275688 0.01271985 0.00991051 -0.01227607 0.01216663 0.00981092 -0.01193425 0.01154316 0.00969868 -0.01175675 0.01089568 0.00958211 -0.01175675 0.01027221 0.00946987 -0.01193425 0.00971899 0.00937027 -0.01227607 0.00927705 0.00929071 -0.01275688 0.00897916 0.00923708 -0.01334101 0.00884743 0.00921337 -0.01398514 0.00889162 0.00922132 -0.0146415 0.00910844 0.00926036 -0.0152614 0.00948183 0.00932758 -0.01579888 0.00998409 0.009418 -0.01621407 0.01057797 0.00952491 -0.01647617 0.01121942 0.00964039 -0.01656575 0.01186087 0.00975587 -0.01647617 0.01245474 0.00986279 -0.01621407 0.012957 0.00995321 -0.01579888 0.01333039 0.01002043 -0.0152614 0.01625466 -0.00469426 -0.01415 0.01620493 -0.00470321 -0.0146415 0.01655684 -0.00456409 -0.01471859 0.0159881 -0.00474224 -0.0152614 0.016306 -0.00460924 -0.01543573 0.01561471 -0.00480947 -0.01579888 0.01587405 -0.00468701 -0.01605751 0.01511246 -0.00489989 -0.01621407 0.01529301 -0.00479161 -0.01653782 0.01451858 -0.0050068 -0.01647617 0.01460598 -0.0049153 -0.01684104 0.01387713 -0.00512228 -0.01656575 0.01386392 -0.00504889 -0.01694467 0.01323568 -0.00523776 -0.01647617 0.01312185 -0.00518248 -0.01684104 0.0126418 -0.00534468 -0.01621407 0.01243483 -0.00530617 -0.01653782 0.01213955 -0.0054351 -0.01579888 0.01185379 -0.00541077 -0.01605751 0.01176616 -0.00550232 -0.0152614 0.01142183 -0.00548854 -0.01543573 0.01154933 -0.00554135 -0.0146415 0.01117099 -0.0055337 -0.01471859 0.01150514 -0.00554931 -0.01398514 0.01111988 -0.0055429 -0.01395928 0.01163688 -0.00552559 -0.01334101 0.01127227 -0.00551546 -0.01321412 0.01193476 -0.00547196 -0.01275688 0.01161688 -0.00545342 -0.01253837 0.0123767 -0.0053924 -0.01227607 0.01212814 -0.00536138 -0.01198214 0.01292992 -0.00529281 -0.01193425 0.01276813 -0.00524616 -0.0115867 0.01355339 -0.00518056 -0.01175675 0.0134894 -0.00511632 -0.01138136 0.01420087 -0.005064 -0.01175675 0.01423844 -0.00498147 -0.01138136 0.01482434 -0.00495176 -0.01193425 0.0149597 -0.00485162 -0.0115867 0.01537756 -0.00485216 -0.01227607 0.0155997 -0.0047364 -0.01198214 0.0158195 -0.0047726 -0.01275688 0.01611095 -0.00464436 -0.01253837 0.01611738 -0.00471897 -0.01334101 0.01645556 -0.00458232 -0.01321412 0.01624912 -0.00469525 -0.01398514 0.01660796 -0.00455488 -0.01395928 0.01465392 -0.00469066 -0.01715149 0.01542021 -0.00455271 -0.01681329 0.01606828 -0.00443604 -0.01627757 0.01655007 -0.0043493 -0.01558406 0.01682984 -0.00429893 -0.01478419 0.01688686 -0.00428867 -0.01393728 0.01671688 -0.00431927 -0.01310616 0.01633252 -0.00438847 -0.01235244 0.01576228 -0.00449113 -0.01173205 0.01504845 -0.00461963 -0.01129098 0.01424398 -0.00476446 -0.01106196 0.01340852 -0.00491487 -0.01106196 0.01260405 -0.0050597 -0.01129098 0.01189023 -0.00518821 -0.01173205 0.01131998 -0.00529087 -0.01235244 0.01093562 -0.00536006 -0.01310616 0.01076564 -0.00539067 -0.01393728 0.01082266 -0.0053804 -0.01478419 0.01110243 -0.00533003 -0.01558406 0.01158422 -0.0052433 -0.01627757 0.01223229 -0.00512663 -0.01681329 0.01299858 -0.00498867 -0.01715149 0.01382625 -0.00483967 -0.01726708 0.01172338 -0.00489422 -0.01675732 0.01120368 -0.00498778 -0.01622927 0.01081266 -0.00505817 -0.01559695 0.01056991 -0.00510187 -0.01489208 0.01048762 -0.00511669 -0.01415 0.01056991 -0.00510187 -0.01340792 0.01067713 -0.00508257 -0.01303321 0.01081266 -0.00505817 -0.01270305 0.01120368 -0.00498778 -0.01207073 0.01172338 -0.00489422 -0.01154268 0.01234569 -0.00478218 -0.01114537 0.01303941 -0.00465729 -0.01089873 0.01332283 -0.00460627 -0.01084617 0.01696958 -0.00394975 -0.01340792 0.01686236 -0.00396905 -0.01303321 0.01672684 -0.00399345 -0.01270305 0.01633582 -0.00406384 -0.01207073 0.01581612 -0.0041574 -0.01154268 0.01519381 -0.00426944 -0.01114537 0.01450009 -0.00439433 -0.01089873 0.01376975 -0.00452581 -0.01081511 0.01705187 -0.00393493 -0.01415 0.01696958 -0.00394975 -0.01489208 0.01672684 -0.00399345 -0.01559695 0.01633582 -0.00406384 -0.01622927 0.01581612 -0.0041574 -0.01675732 0.01547509 -0.0042188 -0.01699939 0.01206441 -0.00483282 -0.01699939 0.01234569 -0.00478218 -0.01715463 0.01303941 -0.00465729 -0.01740127 0.01376975 -0.00452581 -0.01748489 0.01450009 -0.00439433 -0.01740127 0.01519381 -0.00426944 -0.01715463 0.01078287 0.00701262 -0.01022772 0.01210096 -0.00089168 -0.00977534 0.01255154 -0.00281174 -0.01022772 0.01343261 -0.00265313 -0.01012685 0.00986523 -0.00329536 -0.01240442 0.01515057 -0.00234384 -0.01777473 0.01652827 -0.00209582 -0.01164161 0.01590131 -0.00220869 -0.01100458 0.01515057 -0.00234384 -0.01052527 0.01431368 -0.00249451 -0.01022772 0.01171465 -0.00296241 -0.01052527 0.01116755 -0.00105972 -0.01010721 0.01071169 0.00090043 -0.00989677 0.01096391 -0.00309756 -0.01100458 0.01033021 -0.00121047 -0.0106418 0.00983077 0.00074184 -0.01045918 0.00947226 0.00273327 -0.01045918 0.01033695 -0.00321043 -0.01164161 0.00963095 -0.00133636 -0.0113523 0.00909511 0.0006094 -0.01120667 0.0087366 0.00260083 -0.01120667 0.0085602 0.0046113 -0.0113523 0.00910482 -0.00143108 -0.01220309 0.00854159 0.00050975 -0.01210175 0.00818308 0.00250118 -0.01210175 0.00803407 0.00451658 -0.01220309 0.00809656 0.006529 -0.01240442 0.013929 0.00557784 -0.01010721 0.0133819 0.00748052 -0.01052527 0.01254501 0.00732986 -0.01022772 0.01413264 0.00761568 -0.01100458 0.01476633 0.00572858 -0.0106418 0.01526577 0.00377627 -0.01045918 0.01475959 0.00772855 -0.01164161 0.0154656 0.00585447 -0.0113523 0.01600144 0.00390871 -0.01120667 0.01635995 0.00191729 -0.01120667 0.01523132 0.00781347 -0.01240442 0.01599173 0.00594919 -0.01220309 0.01655495 0.00400836 -0.01210175 0.01691347 0.00201693 -0.01210175 0.01706248 1.54E-06 -0.01220309 0.0173921 -0.0019403 -0.01415 0.01729283 -0.00195817 -0.01504523 0.01749982 8.027E-05 -0.01415 0.01738909 6.034E-05 -0.01514849 0.01737357 0.00209977 -0.01415 0.01725709 0.0020788 -0.01520046 0.01701506 0.00409119 -0.01415 0.01689857 0.00407022 -0.01520046 0.01642906 0.00602792 -0.01415 0.01631834 0.00600799 -0.01514849 0.01562343 0.00788406 -0.01415 0.01552416 0.00786619 -0.01504523 0.01699999 -0.00201089 -0.01589558 0.01706248 1.54E-06 -0.01609691 0.01691347 0.00201693 -0.01619825 0.01655495 0.00400836 -0.01619825 0.01599173 0.00594919 -0.01609691 0.01523132 0.00781347 -0.01589558 0.01652827 -0.00209582 -0.01665839 0.01653635 -9.318E-05 -0.0169477 0.01635995 0.00191729 -0.01709333 0.01600144 0.00390871 -0.01709333 0.0154656 0.00585447 -0.0169477 0.01475959 0.00772855 -0.01665839 0.01431368 -0.00249451 -0.01807228 0.01499975 -0.00036982 -0.01819279 0.01406634 -0.00053786 -0.01852466 0.01474337 0.00162625 -0.01840323 0.01376137 0.00144946 -0.01875237 0.01438486 0.00361768 -0.01840323 0.01340286 0.00344089 -0.01875237 0.013929 0.00557784 -0.01819279 0.01299559 0.00540979 -0.01852466 0.0133819 0.00748052 -0.01777473 0.01254501 0.00732986 -0.01807228 0.01343261 -0.00265313 -0.01817315 0.01308365 -0.00071477 -0.01863716 0.01272753 0.00126334 -0.01887073 0.01236902 0.00325477 -0.01887073 0.0120129 0.00523288 -0.01863716 0.01166394 0.00717124 -0.01817315 0.01255154 -0.00281174 -0.01807228 0.01210096 -0.00089168 -0.01852466 0.01169369 0.00107722 -0.01875237 0.01133517 0.00306865 -0.01875237 0.01103021 0.00505597 -0.01852466 0.01078287 0.00701262 -0.01807228 0.01171465 -0.00296241 -0.01777473 0.01116755 -0.00105972 -0.01819279 0.01071169 0.00090043 -0.01840323 0.01035317 0.00289186 -0.01840323 0.01009679 0.00488793 -0.01819279 0.00994598 0.00686195 -0.01777473 0.01033695 -0.00321043 -0.01665839 0.00986523 -0.00329536 -0.01589558 0.00963095 -0.00133636 -0.0169477 0.00910482 -0.00143108 -0.01609691 0.00909511 0.0006094 -0.01709333 0.00854159 0.00050975 -0.01619825 0.0087366 0.00260083 -0.01709333 0.00818308 0.00250118 -0.01619825 0.0085602 0.0046113 -0.0169477 0.00803407 0.00451658 -0.01609691 0.00856828 0.00661393 -0.01665839 0.00809656 0.006529 -0.01589558 0.00957239 -0.00334808 -0.01504523 0.0087782 -0.00148988 -0.01514849 0.00819798 0.00044789 -0.01520046 0.00783946 0.00243932 -0.01520046 0.00770745 0.00445778 -0.01514849 0.00780372 0.00647628 -0.01504523 0.00947312 -0.00336595 -0.01415 0.00866748 -0.00150981 -0.01415 0.00808149 0.00042692 -0.01415 0.00772298 0.00241835 -0.01415 0.00759673 0.00443784 -0.01415 0.00770444 0.00645841 -0.01415 0.01699999 -0.00201089 -0.01240442 0.01653635 -9.318E-05 -0.0113523 0.01562429 0.00178484 -0.01045918 0.01438486 0.00361768 -0.00989677 0.01299559 0.00540979 -0.00977534 0.01166394 0.00717124 -0.01012685 0.01552416 0.00786619 -0.01325477 0.01631834 0.00600799 -0.01315151 0.01689857 0.00407022 -0.01309954 0.01725709 0.0020788 -0.01309954 0.01738909 6.034E-05 -0.01315151 0.01729283 -0.00195817 -0.01325477 0.01413264 0.00761568 -0.01729542 0.01476633 0.00572858 -0.0176582 0.01526577 0.00377627 -0.01784082 0.01562429 0.00178484 -0.01784082 0.01583708 -0.00021907 -0.0176582 0.01590131 -0.00220869 -0.01729542 0.00919523 0.0067268 -0.01729542 0.00925946 0.00473718 -0.0176582 0.00947226 0.00273327 -0.01784082 0.00983077 0.00074184 -0.01784082 0.01033021 -0.00121047 -0.0176582 0.01096391 -0.00309756 -0.01729542 0.00780372 0.00647628 -0.01325477 0.00770745 0.00445778 -0.01315151 0.00783946 0.00243932 -0.01309954 0.00819798 0.00044789 -0.01309954 0.0087782 -0.00148988 -0.01315151 0.00957239 -0.00334808 -0.01325477 0.00856828 0.00661393 -0.01164161 0.01308365 -0.00071477 -0.00966284 0.01169369 0.00107722 -0.00954763 0.01035317 0.00289186 -0.00989677 0.00925946 0.00473718 -0.0106418 0.01406634 -0.00053786 -0.00977534 0.01272753 0.00126334 -0.00942927 0.01133517 0.00306865 -0.00954763 0.01009679 0.00488793 -0.01010721 0.00919523 0.0067268 -0.01100458 0.01499975 -0.00036982 -0.01010721 0.01376137 0.00144946 -0.00954763 0.01236902 0.00325477 -0.00942927 0.01103021 0.00505597 -0.00977534 0.00994598 0.00686195 -0.01052527 0.01583708 -0.00021907 -0.0106418 0.01474337 0.00162625 -0.00989677 0.01340286 0.00344089 -0.00954763 0.0120129 0.00523288 -0.00966284 -0.00964039 0.01121942 -0.01315 -0.00972898 0.01171151 -0.01328397 -0.00979384 0.01207174 -0.01365 -0.00981757 0.0122036 -0.01415 -0.00979384 0.01207174 -0.01465 -0.0095518 0.01072733 -0.01328397 -0.00948695 0.01036709 -0.01365 -0.00946321 0.01023524 -0.01415 -0.00948695 0.01036709 -0.01465 -0.0095518 0.01072733 -0.01501602 -0.00964039 0.01121942 -0.01515 -0.00972898 0.01171151 -0.01501602 -0.0088845 0.01044129 -0.01736122 -0.00878755 0.00990274 -0.01715463 -0.00907082 0.00967634 -0.01681329 -0.00873691 0.00962146 -0.01699939 -0.00867551 0.00928043 -0.01675732 -0.00895415 0.00902827 -0.01627757 -0.00861209 0.00892811 -0.01642624 -0.00858195 0.00876073 -0.01622927 -0.00886741 0.00854648 -0.01558406 -0.00851929 0.00841265 -0.01568427 -0.0084654 0.00811332 -0.0148285 -0.00881704 0.0082667 -0.01478419 -0.00845304 0.00804468 -0.01415 -0.00880678 0.00820969 -0.01393728 -0.00845442 0.00805233 -0.01392242 -0.00883738 0.00837967 -0.01310616 -0.00846786 0.00812697 -0.01340792 -0.00848716 0.00823418 -0.01303321 -0.00851156 0.00836971 -0.01270305 -0.00890658 0.00876403 -0.01235244 -0.00856119 0.0086454 -0.01222684 -0.00858195 0.00876073 -0.01207073 -0.00900924 0.00933427 -0.01173205 -0.00867103 0.00925549 -0.01156309 -0.00880852 0.0100192 -0.0110912 -0.00891244 0.01059646 -0.01089873 -0.00928257 0.01085257 -0.01106196 -0.00913775 0.0100481 -0.01129098 -0.00896346 0.01087988 -0.01084617 -0.00904392 0.0113268 -0.01081511 -0.00943298 0.01168802 -0.01106196 -0.00912438 0.01177372 -0.01084617 -0.0091754 0.01205714 -0.01089873 -0.00957781 0.01249249 -0.01129098 -0.00927933 0.0126344 -0.0110912 -0.00941682 0.01339811 -0.01156309 -0.00970632 0.01320632 -0.01173205 -0.00950589 0.01389287 -0.01207073 -0.00980898 0.01377656 -0.01235244 -0.00952665 0.0140082 -0.01222684 -0.00987818 0.01416092 -0.01310616 -0.00957628 0.01428389 -0.01270305 -0.00963342 0.01460127 -0.01392242 -0.00990878 0.0143309 -0.01393728 -0.00961998 0.01452663 -0.01340792 -0.00960068 0.01441942 -0.01303321 -0.0096348 0.01460892 -0.01415 -0.00962244 0.01454027 -0.0148285 -0.00989851 0.01427389 -0.01478419 -0.00956855 0.01424095 -0.01568427 -0.00984814 0.01399411 -0.01558406 -0.00950589 0.01389287 -0.01622927 -0.00976141 0.01351232 -0.01627757 -0.00947576 0.01372549 -0.01642624 -0.00964474 0.01286425 -0.01681329 -0.00941233 0.01337317 -0.01675732 -0.00935093 0.01303214 -0.01699939 -0.00930029 0.01275086 -0.01715463 -0.00950678 0.01209797 -0.01715149 -0.00920877 0.01044262 -0.01715149 -0.00935778 0.0112703 -0.01726708 -0.00904392 0.0113268 -0.01748489 -0.00920334 0.01221231 -0.01736122 -0.01006101 0.01397667 -0.01395928 -0.01003357 0.01382427 -0.01321412 -0.00997153 0.01347967 -0.01253837 -0.00987949 0.01296841 -0.01198214 -0.00976428 0.01232841 -0.0115867 -0.00963443 0.01160715 -0.01138136 -0.00949958 0.01085811 -0.01138136 -0.00936973 0.01013685 -0.0115867 -0.00925451 0.00949685 -0.01198214 -0.00916247 0.00898559 -0.01253837 -0.00910043 0.00864099 -0.01321412 -0.00907299 0.00848859 -0.01395928 -0.0090822 0.0085397 -0.01471859 -0.00912736 0.00879054 -0.01543573 -0.00920512 0.0092225 -0.01605751 -0.00930972 0.00980354 -0.01653782 -0.00943341 0.01049057 -0.01684104 -0.009567 0.01123263 -0.01694467 -0.0097006 0.01197469 -0.01684104 -0.00982428 0.01266172 -0.01653782 -0.00992888 0.01324276 -0.01605751 -0.01000665 0.01367472 -0.01543573 -0.01005181 0.01392555 -0.01471859 -0.01005946 0.01354722 -0.0146415 -0.01006842 0.01359695 -0.01415 -0.01006742 0.0135914 -0.01398514 -0.0100437 0.01345967 -0.01334101 -0.00999008 0.01316179 -0.01275688 -0.00991051 0.01271985 -0.01227607 -0.00981092 0.01216663 -0.01193425 -0.00969868 0.01154316 -0.01175675 -0.00958211 0.01089568 -0.01175675 -0.00946987 0.01027221 -0.01193425 -0.00937027 0.00971899 -0.01227607 -0.00929071 0.00927705 -0.01275688 -0.00923708 0.00897916 -0.01334101 -0.00921337 0.00884743 -0.01398514 -0.00922132 0.00889162 -0.0146415 -0.00926036 0.00910844 -0.0152614 -0.00932758 0.00948183 -0.01579888 -0.009418 0.00998409 -0.01621407 -0.00952491 0.01057797 -0.01647617 -0.00964039 0.01121942 -0.01656575 -0.00975587 0.01186087 -0.01647617 -0.00986279 0.01245474 -0.01621407 -0.00995321 0.012957 -0.01579888 -0.01002043 0.01333039 -0.0152614 0.00469426 0.01625466 -0.01415 0.00470321 0.01620493 -0.0146415 0.00456409 0.01655684 -0.01471859 0.00474224 0.0159881 -0.0152614 0.00460924 0.016306 -0.01543573 0.00480947 0.01561471 -0.01579888 0.00468701 0.01587405 -0.01605751 0.00489989 0.01511246 -0.01621407 0.00479161 0.01529301 -0.01653782 0.0050068 0.01451858 -0.01647617 0.0049153 0.01460598 -0.01684104 0.00512228 0.01387713 -0.01656575 0.00504889 0.01386392 -0.01694467 0.00523776 0.01323568 -0.01647617 0.00518248 0.01312185 -0.01684104 0.00534468 0.0126418 -0.01621407 0.00530617 0.01243483 -0.01653782 0.0054351 0.01213955 -0.01579888 0.00541077 0.01185379 -0.01605751 0.00550232 0.01176616 -0.0152614 0.00548854 0.01142183 -0.01543573 0.00554135 0.01154933 -0.0146415 0.0055337 0.01117099 -0.01471859 0.00554931 0.01150514 -0.01398514 0.0055429 0.01111988 -0.01395928 0.00552559 0.01163688 -0.01334101 0.00551546 0.01127227 -0.01321412 0.00547196 0.01193476 -0.01275688 0.00545342 0.01161688 -0.01253837 0.0053924 0.0123767 -0.01227607 0.00536138 0.01212814 -0.01198214 0.00529281 0.01292992 -0.01193425 0.00524616 0.01276813 -0.0115867 0.00518056 0.01355339 -0.01175675 0.00511632 0.0134894 -0.01138136 0.005064 0.01420087 -0.01175675 0.00498147 0.01423844 -0.01138136 0.00495176 0.01482434 -0.01193425 0.00485162 0.0149597 -0.0115867 0.00485216 0.01537756 -0.01227607 0.0047364 0.0155997 -0.01198214 0.0047726 0.0158195 -0.01275688 0.00464436 0.01611095 -0.01253837 0.00471897 0.01611738 -0.01334101 0.00458232 0.01645556 -0.01321412 0.00469525 0.01624912 -0.01398514 0.00455488 0.01660796 -0.01395928 0.00469066 0.01465392 -0.01715149 0.00455271 0.01542021 -0.01681329 0.00443604 0.01606828 -0.01627757 0.0043493 0.01655007 -0.01558406 0.00429893 0.01682984 -0.01478419 0.00428867 0.01688686 -0.01393728 0.00431927 0.01671688 -0.01310616 0.00438847 0.01633252 -0.01235244 0.00449113 0.01576228 -0.01173205 0.00461963 0.01504845 -0.01129098 0.00476446 0.01424398 -0.01106196 0.00491487 0.01340852 -0.01106196 0.0050597 0.01260405 -0.01129098 0.00518821 0.01189023 -0.01173205 0.00529087 0.01131998 -0.01235244 0.00536006 0.01093562 -0.01310616 0.00539067 0.01076564 -0.01393728 0.0053804 0.01082266 -0.01478419 0.00533003 0.01110243 -0.01558406 0.0052433 0.01158422 -0.01627757 0.00512663 0.01223229 -0.01681329 0.00498867 0.01299858 -0.01715149 0.00483967 0.01382625 -0.01726708 0.00489422 0.01172338 -0.01675732 0.00498778 0.01120368 -0.01622927 0.00505817 0.01081266 -0.01559695 0.00510187 0.01056991 -0.01489208 0.00511669 0.01048762 -0.01415 0.00510187 0.01056991 -0.01340792 0.00508257 0.01067713 -0.01303321 0.00505817 0.01081266 -0.01270305 0.00498778 0.01120368 -0.01207073 0.00489422 0.01172338 -0.01154268 0.00478218 0.01234569 -0.01114537 0.00465729 0.01303941 -0.01089873 0.00460627 0.01332283 -0.01084617 0.00394975 0.01696958 -0.01340792 0.00396905 0.01686236 -0.01303321 0.00399345 0.01672684 -0.01270305 0.00406384 0.01633582 -0.01207073 0.0041574 0.01581612 -0.01154268 0.00426944 0.01519381 -0.01114537 0.00439433 0.01450009 -0.01089873 0.00452581 0.01376975 -0.01081511 0.00393493 0.01705187 -0.01415 0.00394975 0.01696958 -0.01489208 0.00399345 0.01672684 -0.01559695 0.00406384 0.01633582 -0.01622927 0.0041574 0.01581612 -0.01675732 0.0042188 0.01547509 -0.01699939 0.00483282 0.01206441 -0.01699939 0.00478218 0.01234569 -0.01715463 0.00465729 0.01303941 -0.01740127 0.00452581 0.01376975 -0.01748489 0.00439433 0.01450009 -0.01740127 0.00426944 0.01519381 -0.01715463 -0.00701262 0.01078287 -0.01022772 0.00089168 0.01210096 -0.00977534 0.00281174 0.01255154 -0.01022772 0.00265313 0.01343261 -0.01012685 0.00329536 0.00986523 -0.01240442 0.00234384 0.01515057 -0.01777473 0.00209582 0.01652827 -0.01164161 0.00220869 0.01590131 -0.01100458 0.00234384 0.01515057 -0.01052527 0.00249451 0.01431368 -0.01022772 0.00296241 0.01171465 -0.01052527 0.00105972 0.01116755 -0.01010721 -0.00090043 0.01071169 -0.00989677 0.00309756 0.01096391 -0.01100458 0.00121047 0.01033021 -0.0106418 -0.00074184 0.00983077 -0.01045918 -0.00273327 0.00947226 -0.01045918 0.00321043 0.01033695 -0.01164161 0.00133636 0.00963095 -0.0113523 -0.0006094 0.00909511 -0.01120667 -0.00260083 0.0087366 -0.01120667 -0.0046113 0.0085602 -0.0113523 0.00143108 0.00910482 -0.01220309 -0.00050975 0.00854159 -0.01210175 -0.00250118 0.00818308 -0.01210175 -0.00451658 0.00803407 -0.01220309 -0.006529 0.00809656 -0.01240442 -0.00557784 0.013929 -0.01010721 -0.00748052 0.0133819 -0.01052527 -0.00732986 0.01254501 -0.01022772 -0.00761568 0.01413264 -0.01100458 -0.00572858 0.01476633 -0.0106418 -0.00377627 0.01526577 -0.01045918 -0.00772855 0.01475959 -0.01164161 -0.00585447 0.0154656 -0.0113523 -0.00390871 0.01600144 -0.01120667 -0.00191729 0.01635995 -0.01120667 -0.00781347 0.01523132 -0.01240442 -0.00594919 0.01599173 -0.01220309 -0.00400836 0.01655495 -0.01210175 -0.00201693 0.01691347 -0.01210175 -1.54E-06 0.01706248 -0.01220309 0.0019403 0.0173921 -0.01415 0.00195817 0.01729283 -0.01504523 -8.027E-05 0.01749982 -0.01415 -6.034E-05 0.01738909 -0.01514849 -0.00209977 0.01737357 -0.01415 -0.0020788 0.01725709 -0.01520046 -0.00409119 0.01701506 -0.01415 -0.00407022 0.01689857 -0.01520046 -0.00602792 0.01642906 -0.01415 -0.00600799 0.01631834 -0.01514849 -0.00788406 0.01562343 -0.01415 -0.00786619 0.01552416 -0.01504523 0.00201089 0.01699999 -0.01589558 -1.54E-06 0.01706248 -0.01609691 -0.00201693 0.01691347 -0.01619825 -0.00400836 0.01655495 -0.01619825 -0.00594919 0.01599173 -0.01609691 -0.00781347 0.01523132 -0.01589558 0.00209582 0.01652827 -0.01665839 9.318E-05 0.01653635 -0.0169477 -0.00191729 0.01635995 -0.01709333 -0.00390871 0.01600144 -0.01709333 -0.00585447 0.0154656 -0.0169477 -0.00772855 0.01475959 -0.01665839 0.00249451 0.01431368 -0.01807228 0.00036982 0.01499975 -0.01819279 0.00053786 0.01406634 -0.01852466 -0.00162625 0.01474337 -0.01840323 -0.00144946 0.01376137 -0.01875237 -0.00361768 0.01438486 -0.01840323 -0.00344089 0.01340286 -0.01875237 -0.00557784 0.013929 -0.01819279 -0.00540979 0.01299559 -0.01852466 -0.00748052 0.0133819 -0.01777473 -0.00732986 0.01254501 -0.01807228 0.00265313 0.01343261 -0.01817315 0.00071477 0.01308365 -0.01863716 -0.00126334 0.01272753 -0.01887073 -0.00325477 0.01236902 -0.01887073 -0.00523288 0.0120129 -0.01863716 -0.00717124 0.01166394 -0.01817315 0.00281174 0.01255154 -0.01807228 0.00089168 0.01210096 -0.01852466 -0.00107722 0.01169369 -0.01875237 -0.00306865 0.01133517 -0.01875237 -0.00505597 0.01103021 -0.01852466 -0.00701262 0.01078287 -0.01807228 0.00296241 0.01171465 -0.01777473 0.00105972 0.01116755 -0.01819279 -0.00090043 0.01071169 -0.01840323 -0.00289186 0.01035317 -0.01840323 -0.00488793 0.01009679 -0.01819279 -0.00686195 0.00994598 -0.01777473 0.00321043 0.01033695 -0.01665839 0.00329536 0.00986523 -0.01589558 0.00133636 0.00963095 -0.0169477 0.00143108 0.00910482 -0.01609691 -0.0006094 0.00909511 -0.01709333 -0.00050975 0.00854159 -0.01619825 -0.00260083 0.0087366 -0.01709333 -0.00250118 0.00818308 -0.01619825 -0.0046113 0.0085602 -0.0169477 -0.00451658 0.00803407 -0.01609691 -0.00661393 0.00856828 -0.01665839 -0.006529 0.00809656 -0.01589558 0.00334808 0.00957239 -0.01504523 0.00148988 0.0087782 -0.01514849 -0.00044789 0.00819798 -0.01520046 -0.00243932 0.00783946 -0.01520046 -0.00445778 0.00770745 -0.01514849 -0.00647628 0.00780372 -0.01504523 0.00336595 0.00947312 -0.01415 0.00150981 0.00866748 -0.01415 -0.00042692 0.00808149 -0.01415 -0.00241835 0.00772298 -0.01415 -0.00443784 0.00759673 -0.01415 -0.00645841 0.00770444 -0.01415 0.00201089 0.01699999 -0.01240442 9.318E-05 0.01653635 -0.0113523 -0.00178484 0.01562429 -0.01045918 -0.00361768 0.01438486 -0.00989677 -0.00540979 0.01299559 -0.00977534 -0.00717124 0.01166394 -0.01012685 -0.00786619 0.01552416 -0.01325477 -0.00600799 0.01631834 -0.01315151 -0.00407022 0.01689857 -0.01309954 -0.0020788 0.01725709 -0.01309954 -6.034E-05 0.01738909 -0.01315151 0.00195817 0.01729283 -0.01325477 -0.00761568 0.01413264 -0.01729542 -0.00572858 0.01476633 -0.0176582 -0.00377627 0.01526577 -0.01784082 -0.00178484 0.01562429 -0.01784082 0.00021907 0.01583708 -0.0176582 0.00220869 0.01590131 -0.01729542 -0.0067268 0.00919523 -0.01729542 -0.00473718 0.00925946 -0.0176582 -0.00273327 0.00947226 -0.01784082 -0.00074184 0.00983077 -0.01784082 0.00121047 0.01033021 -0.0176582 0.00309756 0.01096391 -0.01729542 -0.00647628 0.00780372 -0.01325477 -0.00445778 0.00770745 -0.01315151 -0.00243932 0.00783946 -0.01309954 -0.00044789 0.00819798 -0.01309954 0.00148988 0.0087782 -0.01315151 0.00334808 0.00957239 -0.01325477 -0.00661393 0.00856828 -0.01164161 0.00071477 0.01308365 -0.00966284 -0.00107722 0.01169369 -0.00954763 -0.00289186 0.01035317 -0.00989677 -0.00473718 0.00925946 -0.0106418 0.00053786 0.01406634 -0.00977534 -0.00126334 0.01272753 -0.00942927 -0.00306865 0.01133517 -0.00954763 -0.00488793 0.01009679 -0.01010721 -0.0067268 0.00919523 -0.01100458 0.00036982 0.01499975 -0.01010721 -0.00144946 0.01376137 -0.00954763 -0.00325477 0.01236902 -0.00942927 -0.00505597 0.01103021 -0.00977534 -0.00686195 0.00994598 -0.01052527 0.00021907 0.01583708 -0.0106418 -0.00162625 0.01474337 -0.00989677 -0.00344089 0.01340286 -0.00954763 -0.00523288 0.0120129 -0.00966284 -0.01121942 -0.00964039 -0.01315 -0.01171151 -0.00972898 -0.01328397 -0.01207174 -0.00979384 -0.01365 -0.0122036 -0.00981757 -0.01415 -0.01207174 -0.00979384 -0.01465 -0.01072733 -0.0095518 -0.01328397 -0.01036709 -0.00948695 -0.01365 -0.01023524 -0.00946321 -0.01415 -0.01036709 -0.00948695 -0.01465 -0.01072733 -0.0095518 -0.01501602 -0.01121942 -0.00964039 -0.01515 -0.01171151 -0.00972898 -0.01501602 -0.01044129 -0.0088845 -0.01736122 -0.00990274 -0.00878755 -0.01715463 -0.00967634 -0.00907082 -0.01681329 -0.00962146 -0.00873691 -0.01699939 -0.00928043 -0.00867551 -0.01675732 -0.00902827 -0.00895415 -0.01627757 -0.00892811 -0.00861209 -0.01642624 -0.00876073 -0.00858195 -0.01622927 -0.00854648 -0.00886741 -0.01558406 -0.00841265 -0.00851929 -0.01568427 -0.00811332 -0.0084654 -0.0148285 -0.0082667 -0.00881704 -0.01478419 -0.00804468 -0.00845304 -0.01415 -0.00820969 -0.00880678 -0.01393728 -0.00805233 -0.00845442 -0.01392242 -0.00837967 -0.00883738 -0.01310616 -0.00812697 -0.00846786 -0.01340792 -0.00823418 -0.00848716 -0.01303321 -0.00836971 -0.00851156 -0.01270305 -0.00876403 -0.00890658 -0.01235244 -0.0086454 -0.00856119 -0.01222684 -0.00876073 -0.00858195 -0.01207073 -0.00933427 -0.00900924 -0.01173205 -0.00925549 -0.00867103 -0.01156309 -0.0100192 -0.00880852 -0.0110912 -0.01059646 -0.00891244 -0.01089873 -0.01085257 -0.00928257 -0.01106196 -0.0100481 -0.00913775 -0.01129098 -0.01087988 -0.00896346 -0.01084617 -0.0113268 -0.00904392 -0.01081511 -0.01168802 -0.00943298 -0.01106196 -0.01177372 -0.00912438 -0.01084617 -0.01205714 -0.0091754 -0.01089873 -0.01249249 -0.00957781 -0.01129098 -0.0126344 -0.00927933 -0.0110912 -0.01339811 -0.00941682 -0.01156309 -0.01320632 -0.00970632 -0.01173205 -0.01389287 -0.00950589 -0.01207073 -0.01377656 -0.00980898 -0.01235244 -0.0140082 -0.00952665 -0.01222684 -0.01416092 -0.00987818 -0.01310616 -0.01428389 -0.00957628 -0.01270305 -0.01460127 -0.00963342 -0.01392242 -0.0143309 -0.00990878 -0.01393728 -0.01452663 -0.00961998 -0.01340792 -0.01441942 -0.00960068 -0.01303321 -0.01460892 -0.0096348 -0.01415 -0.01454027 -0.00962244 -0.0148285 -0.01427389 -0.00989851 -0.01478419 -0.01424095 -0.00956855 -0.01568427 -0.01399411 -0.00984814 -0.01558406 -0.01389287 -0.00950589 -0.01622927 -0.01351232 -0.00976141 -0.01627757 -0.01372549 -0.00947576 -0.01642624 -0.01286425 -0.00964474 -0.01681329 -0.01337317 -0.00941233 -0.01675732 -0.01303214 -0.00935093 -0.01699939 -0.01275086 -0.00930029 -0.01715463 -0.01209797 -0.00950678 -0.01715149 -0.01044262 -0.00920877 -0.01715149 -0.0112703 -0.00935778 -0.01726708 -0.0113268 -0.00904392 -0.01748489 -0.01221231 -0.00920334 -0.01736122 -0.01397667 -0.01006101 -0.01395928 -0.01382427 -0.01003357 -0.01321412 -0.01347967 -0.00997153 -0.01253837 -0.01296841 -0.00987949 -0.01198214 -0.01232841 -0.00976428 -0.0115867 -0.01160715 -0.00963443 -0.01138136 -0.01085811 -0.00949958 -0.01138136 -0.01013685 -0.00936973 -0.0115867 -0.00949685 -0.00925451 -0.01198214 -0.00898559 -0.00916247 -0.01253837 -0.00864099 -0.00910043 -0.01321412 -0.00848859 -0.00907299 -0.01395928 -0.0085397 -0.0090822 -0.01471859 -0.00879054 -0.00912736 -0.01543573 -0.0092225 -0.00920512 -0.01605751 -0.00980354 -0.00930972 -0.01653782 -0.01049057 -0.00943341 -0.01684104 -0.01123263 -0.009567 -0.01694467 -0.01197469 -0.0097006 -0.01684104 -0.01266172 -0.00982428 -0.01653782 -0.01324276 -0.00992888 -0.01605751 -0.01367472 -0.01000665 -0.01543573 -0.01392555 -0.01005181 -0.01471859 -0.01354722 -0.01005946 -0.0146415 -0.01359695 -0.01006842 -0.01415 -0.0135914 -0.01006742 -0.01398514 -0.01345967 -0.0100437 -0.01334101 -0.01316179 -0.00999008 -0.01275688 -0.01271985 -0.00991051 -0.01227607 -0.01216663 -0.00981092 -0.01193425 -0.01154316 -0.00969868 -0.01175675 -0.01089568 -0.00958211 -0.01175675 -0.01027221 -0.00946987 -0.01193425 -0.00971899 -0.00937027 -0.01227607 -0.00927705 -0.00929071 -0.01275688 -0.00897916 -0.00923708 -0.01334101 -0.00884743 -0.00921337 -0.01398514 -0.00889162 -0.00922132 -0.0146415 -0.00910844 -0.00926036 -0.0152614 -0.00948183 -0.00932758 -0.01579888 -0.00998409 -0.009418 -0.01621407 -0.01057797 -0.00952491 -0.01647617 -0.01121942 -0.00964039 -0.01656575 -0.01186087 -0.00975587 -0.01647617 -0.01245474 -0.00986279 -0.01621407 -0.012957 -0.00995321 -0.01579888 -0.01333039 -0.01002043 -0.0152614 -0.01625466 0.00469426 -0.01415 -0.01620493 0.00470321 -0.0146415 -0.01655684 0.00456409 -0.01471859 -0.0159881 0.00474224 -0.0152614 -0.016306 0.00460924 -0.01543573 -0.01561471 0.00480947 -0.01579888 -0.01587405 0.00468701 -0.01605751 -0.01511246 0.00489989 -0.01621407 -0.01529301 0.00479161 -0.01653782 -0.01451858 0.0050068 -0.01647617 -0.01460598 0.0049153 -0.01684104 -0.01387713 0.00512228 -0.01656575 -0.01386392 0.00504889 -0.01694467 -0.01323568 0.00523776 -0.01647617 -0.01312185 0.00518248 -0.01684104 -0.0126418 0.00534468 -0.01621407 -0.01243483 0.00530617 -0.01653782 -0.01213955 0.0054351 -0.01579888 -0.01185379 0.00541077 -0.01605751 -0.01176616 0.00550232 -0.0152614 -0.01142183 0.00548854 -0.01543573 -0.01154933 0.00554135 -0.0146415 -0.01117099 0.0055337 -0.01471859 -0.01150514 0.00554931 -0.01398514 -0.01111988 0.0055429 -0.01395928 -0.01163688 0.00552559 -0.01334101 -0.01127227 0.00551546 -0.01321412 -0.01193476 0.00547196 -0.01275688 -0.01161688 0.00545342 -0.01253837 -0.0123767 0.0053924 -0.01227607 -0.01212814 0.00536138 -0.01198214 -0.01292992 0.00529281 -0.01193425 -0.01276813 0.00524616 -0.0115867 -0.01355339 0.00518056 -0.01175675 -0.0134894 0.00511632 -0.01138136 -0.01420087 0.005064 -0.01175675 -0.01423844 0.00498147 -0.01138136 -0.01482434 0.00495176 -0.01193425 -0.0149597 0.00485162 -0.0115867 -0.01537756 0.00485216 -0.01227607 -0.0155997 0.0047364 -0.01198214 -0.0158195 0.0047726 -0.01275688 -0.01611095 0.00464436 -0.01253837 -0.01611738 0.00471897 -0.01334101 -0.01645556 0.00458232 -0.01321412 -0.01624912 0.00469525 -0.01398514 -0.01660796 0.00455488 -0.01395928 -0.01465392 0.00469066 -0.01715149 -0.01542021 0.00455271 -0.01681329 -0.01606828 0.00443604 -0.01627757 -0.01655007 0.0043493 -0.01558406 -0.01682984 0.00429893 -0.01478419 -0.01688686 0.00428867 -0.01393728 -0.01671688 0.00431927 -0.01310616 -0.01633252 0.00438847 -0.01235244 -0.01576228 0.00449113 -0.01173205 -0.01504845 0.00461963 -0.01129098 -0.01424398 0.00476446 -0.01106196 -0.01340852 0.00491487 -0.01106196 -0.01260405 0.0050597 -0.01129098 -0.01189023 0.00518821 -0.01173205 -0.01131998 0.00529087 -0.01235244 -0.01093562 0.00536006 -0.01310616 -0.01076564 0.00539067 -0.01393728 -0.01082266 0.0053804 -0.01478419 -0.01110243 0.00533003 -0.01558406 -0.01158422 0.0052433 -0.01627757 -0.01223229 0.00512663 -0.01681329 -0.01299858 0.00498867 -0.01715149 -0.01382625 0.00483967 -0.01726708 -0.01172338 0.00489422 -0.01675732 -0.01120368 0.00498778 -0.01622927 -0.01081266 0.00505817 -0.01559695 -0.01056991 0.00510187 -0.01489208 -0.01048762 0.00511669 -0.01415 -0.01056991 0.00510187 -0.01340792 -0.01067713 0.00508257 -0.01303321 -0.01081266 0.00505817 -0.01270305 -0.01120368 0.00498778 -0.01207073 -0.01172338 0.00489422 -0.01154268 -0.01234569 0.00478218 -0.01114537 -0.01303941 0.00465729 -0.01089873 -0.01332283 0.00460627 -0.01084617 -0.01696958 0.00394975 -0.01340792 -0.01686236 0.00396905 -0.01303321 -0.01672684 0.00399345 -0.01270305 -0.01633582 0.00406384 -0.01207073 -0.01581612 0.0041574 -0.01154268 -0.01519381 0.00426944 -0.01114537 -0.01450009 0.00439433 -0.01089873 -0.01376975 0.00452581 -0.01081511 -0.01705187 0.00393493 -0.01415 -0.01696958 0.00394975 -0.01489208 -0.01672684 0.00399345 -0.01559695 -0.01633582 0.00406384 -0.01622927 -0.01581612 0.0041574 -0.01675732 -0.01547509 0.0042188 -0.01699939 -0.01206441 0.00483282 -0.01699939 -0.01234569 0.00478218 -0.01715463 -0.01303941 0.00465729 -0.01740127 -0.01376975 0.00452581 -0.01748489 -0.01450009 0.00439433 -0.01740127 -0.01519381 0.00426944 -0.01715463 -0.01078287 -0.00701262 -0.01022772 -0.01210096 0.00089168 -0.00977534 -0.01255154 0.00281174 -0.01022772 -0.01343261 0.00265313 -0.01012685 -0.00986523 0.00329536 -0.01240442 -0.01515057 0.00234384 -0.01777473 -0.01652827 0.00209582 -0.01164161 -0.01590131 0.00220869 -0.01100458 -0.01515057 0.00234384 -0.01052527 -0.01431368 0.00249451 -0.01022772 -0.01171465 0.00296241 -0.01052527 -0.01116755 0.00105972 -0.01010721 -0.01071169 -0.00090043 -0.00989677 -0.01096391 0.00309756 -0.01100458 -0.01033021 0.00121047 -0.0106418 -0.00983077 -0.00074184 -0.01045918 -0.00947226 -0.00273327 -0.01045918 -0.01033695 0.00321043 -0.01164161 -0.00963095 0.00133636 -0.0113523 -0.00909511 -0.0006094 -0.01120667 -0.0087366 -0.00260083 -0.01120667 -0.0085602 -0.0046113 -0.0113523 -0.00910482 0.00143108 -0.01220309 -0.00854159 -0.00050975 -0.01210175 -0.00818308 -0.00250118 -0.01210175 -0.00803407 -0.00451658 -0.01220309 -0.00809656 -0.006529 -0.01240442 -0.013929 -0.00557784 -0.01010721 -0.0133819 -0.00748052 -0.01052527 -0.01254501 -0.00732986 -0.01022772 -0.01413264 -0.00761568 -0.01100458 -0.01476633 -0.00572858 -0.0106418 -0.01526577 -0.00377627 -0.01045918 -0.01475959 -0.00772855 -0.01164161 -0.0154656 -0.00585447 -0.0113523 -0.01600144 -0.00390871 -0.01120667 -0.01635995 -0.00191729 -0.01120667 -0.01523132 -0.00781347 -0.01240442 -0.01599173 -0.00594919 -0.01220309 -0.01655495 -0.00400836 -0.01210175 -0.01691347 -0.00201693 -0.01210175 -0.01706248 -1.54E-06 -0.01220309 -0.0173921 0.0019403 -0.01415 -0.01729283 0.00195817 -0.01504523 -0.01749982 -8.027E-05 -0.01415 -0.01738909 -6.034E-05 -0.01514849 -0.01737357 -0.00209977 -0.01415 -0.01725709 -0.0020788 -0.01520046 -0.01701506 -0.00409119 -0.01415 -0.01689857 -0.00407022 -0.01520046 -0.01642906 -0.00602792 -0.01415 -0.01631834 -0.00600799 -0.01514849 -0.01562343 -0.00788406 -0.01415 -0.01552416 -0.00786619 -0.01504523 -0.01699999 0.00201089 -0.01589558 -0.01706248 -1.54E-06 -0.01609691 -0.01691347 -0.00201693 -0.01619825 -0.01655495 -0.00400836 -0.01619825 -0.01599173 -0.00594919 -0.01609691 -0.01523132 -0.00781347 -0.01589558 -0.01652827 0.00209582 -0.01665839 -0.01653635 9.318E-05 -0.0169477 -0.01635995 -0.00191729 -0.01709333 -0.01600144 -0.00390871 -0.01709333 -0.0154656 -0.00585447 -0.0169477 -0.01475959 -0.00772855 -0.01665839 -0.01431368 0.00249451 -0.01807228 -0.01499975 0.00036982 -0.01819279 -0.01406634 0.00053786 -0.01852466 -0.01474337 -0.00162625 -0.01840323 -0.01376137 -0.00144946 -0.01875237 -0.01438486 -0.00361768 -0.01840323 -0.01340286 -0.00344089 -0.01875237 -0.013929 -0.00557784 -0.01819279 -0.01299559 -0.00540979 -0.01852466 -0.0133819 -0.00748052 -0.01777473 -0.01254501 -0.00732986 -0.01807228 -0.01343261 0.00265313 -0.01817315 -0.01308365 0.00071477 -0.01863716 -0.01272753 -0.00126334 -0.01887073 -0.01236902 -0.00325477 -0.01887073 -0.0120129 -0.00523288 -0.01863716 -0.01166394 -0.00717124 -0.01817315 -0.01255154 0.00281174 -0.01807228 -0.01210096 0.00089168 -0.01852466 -0.01169369 -0.00107722 -0.01875237 -0.01133517 -0.00306865 -0.01875237 -0.01103021 -0.00505597 -0.01852466 -0.01078287 -0.00701262 -0.01807228 -0.01171465 0.00296241 -0.01777473 -0.01116755 0.00105972 -0.01819279 -0.01071169 -0.00090043 -0.01840323 -0.01035317 -0.00289186 -0.01840323 -0.01009679 -0.00488793 -0.01819279 -0.00994598 -0.00686195 -0.01777473 -0.01033695 0.00321043 -0.01665839 -0.00986523 0.00329536 -0.01589558 -0.00963095 0.00133636 -0.0169477 -0.00910482 0.00143108 -0.01609691 -0.00909511 -0.0006094 -0.01709333 -0.00854159 -0.00050975 -0.01619825 -0.0087366 -0.00260083 -0.01709333 -0.00818308 -0.00250118 -0.01619825 -0.0085602 -0.0046113 -0.0169477 -0.00803407 -0.00451658 -0.01609691 -0.00856828 -0.00661393 -0.01665839 -0.00809656 -0.006529 -0.01589558 -0.00957239 0.00334808 -0.01504523 -0.0087782 0.00148988 -0.01514849 -0.00819798 -0.00044789 -0.01520046 -0.00783946 -0.00243932 -0.01520046 -0.00770745 -0.00445778 -0.01514849 -0.00780372 -0.00647628 -0.01504523 -0.00947312 0.00336595 -0.01415 -0.00866748 0.00150981 -0.01415 -0.00808149 -0.00042692 -0.01415 -0.00772298 -0.00241835 -0.01415 -0.00759673 -0.00443784 -0.01415 -0.00770444 -0.00645841 -0.01415 -0.01699999 0.00201089 -0.01240442 -0.01653635 9.318E-05 -0.0113523 -0.01562429 -0.00178484 -0.01045918 -0.01438486 -0.00361768 -0.00989677 -0.01299559 -0.00540979 -0.00977534 -0.01166394 -0.00717124 -0.01012685 -0.01552416 -0.00786619 -0.01325477 -0.01631834 -0.00600799 -0.01315151 -0.01689857 -0.00407022 -0.01309954 -0.01725709 -0.0020788 -0.01309954 -0.01738909 -6.034E-05 -0.01315151 -0.01729283 0.00195817 -0.01325477 -0.01413264 -0.00761568 -0.01729542 -0.01476633 -0.00572858 -0.0176582 -0.01526577 -0.00377627 -0.01784082 -0.01562429 -0.00178484 -0.01784082 -0.01583708 0.00021907 -0.0176582 -0.01590131 0.00220869 -0.01729542 -0.00919523 -0.0067268 -0.01729542 -0.00925946 -0.00473718 -0.0176582 -0.00947226 -0.00273327 -0.01784082 -0.00983077 -0.00074184 -0.01784082 -0.01033021 0.00121047 -0.0176582 -0.01096391 0.00309756 -0.01729542 -0.00780372 -0.00647628 -0.01325477 -0.00770745 -0.00445778 -0.01315151 -0.00783946 -0.00243932 -0.01309954 -0.00819798 -0.00044789 -0.01309954 -0.0087782 0.00148988 -0.01315151 -0.00957239 0.00334808 -0.01325477 -0.00856828 -0.00661393 -0.01164161 -0.01308365 0.00071477 -0.00966284 -0.01169369 -0.00107722 -0.00954763 -0.01035317 -0.00289186 -0.00989677 -0.00925946 -0.00473718 -0.0106418 -0.01406634 0.00053786 -0.00977534 -0.01272753 -0.00126334 -0.00942927 -0.01133517 -0.00306865 -0.00954763 -0.01009679 -0.00488793 -0.01010721 -0.00919523 -0.0067268 -0.01100458 -0.01499975 0.00036982 -0.01010721 -0.01376137 -0.00144946 -0.00954763 -0.01236902 -0.00325477 -0.00942927 -0.01103021 -0.00505597 -0.00977534 -0.00994598 -0.00686195 -0.01052527 -0.01583708 0.00021907 -0.0106418 -0.01474337 -0.00162625 -0.00989677 -0.01340286 -0.00344089 -0.00954763 -0.0120129 -0.00523288 -0.00966284 0.00964039 -0.01121942 -0.01315 0.00972898 -0.01171151 -0.01328397 0.00979384 -0.01207174 -0.01365 0.00981757 -0.0122036 -0.01415 0.00979384 -0.01207174 -0.01465 0.0095518 -0.01072733 -0.01328397 0.00948695 -0.01036709 -0.01365 0.00946321 -0.01023524 -0.01415 0.00948695 -0.01036709 -0.01465 0.0095518 -0.01072733 -0.01501602 0.00964039 -0.01121942 -0.01515 0.00972898 -0.01171151 -0.01501602 0.0088845 -0.01044129 -0.01736122 0.00878755 -0.00990274 -0.01715463 0.00907082 -0.00967634 -0.01681329 0.00873691 -0.00962146 -0.01699939 0.00867551 -0.00928043 -0.01675732 0.00895415 -0.00902827 -0.01627757 0.00861209 -0.00892811 -0.01642624 0.00858195 -0.00876073 -0.01622927 0.00886741 -0.00854648 -0.01558406 0.00851929 -0.00841265 -0.01568427 0.0084654 -0.00811332 -0.0148285 0.00881704 -0.0082667 -0.01478419 0.00845304 -0.00804468 -0.01415 0.00880678 -0.00820969 -0.01393728 0.00845442 -0.00805233 -0.01392242 0.00883738 -0.00837967 -0.01310616 0.00846786 -0.00812697 -0.01340792 0.00848716 -0.00823418 -0.01303321 0.00851156 -0.00836971 -0.01270305 0.00890658 -0.00876403 -0.01235244 0.00856119 -0.0086454 -0.01222684 0.00858195 -0.00876073 -0.01207073 0.00900924 -0.00933427 -0.01173205 0.00867103 -0.00925549 -0.01156309 0.00880852 -0.0100192 -0.0110912 0.00913775 -0.0100481 -0.01129098 0.00928257 -0.01085257 -0.01106196 0.00891244 -0.01059646 -0.01089873 0.00896346 -0.01087988 -0.01084617 0.00943298 -0.01168802 -0.01106196 0.00904392 -0.0113268 -0.01081511 0.00912438 -0.01177372 -0.01084617 0.0091754 -0.01205714 -0.01089873 0.00957781 -0.01249249 -0.01129098 0.00927933 -0.0126344 -0.0110912 0.00941682 -0.01339811 -0.01156309 0.00970632 -0.01320632 -0.01173205 0.00950589 -0.01389287 -0.01207073 0.00980898 -0.01377656 -0.01235244 0.00952665 -0.0140082 -0.01222684 0.00987818 -0.01416092 -0.01310616 0.00957628 -0.01428389 -0.01270305 0.00963342 -0.01460127 -0.01392242 0.00990878 -0.0143309 -0.01393728 0.00961998 -0.01452663 -0.01340792 0.00960068 -0.01441942 -0.01303321 0.0096348 -0.01460892 -0.01415 0.00962244 -0.01454027 -0.0148285 0.00989851 -0.01427389 -0.01478419 0.00956855 -0.01424095 -0.01568427 0.00984814 -0.01399411 -0.01558406 0.00950589 -0.01389287 -0.01622927 0.00976141 -0.01351232 -0.01627757 0.00947576 -0.01372549 -0.01642624 0.00964474 -0.01286425 -0.01681329 0.00941233 -0.01337317 -0.01675732 0.00935093 -0.01303214 -0.01699939 0.00930029 -0.01275086 -0.01715463 0.00950678 -0.01209797 -0.01715149 0.00920877 -0.01044262 -0.01715149 0.00935778 -0.0112703 -0.01726708 0.00904392 -0.0113268 -0.01748489 0.00920334 -0.01221231 -0.01736122 0.01006101 -0.01397667 -0.01395928 0.01003357 -0.01382427 -0.01321412 0.00997153 -0.01347967 -0.01253837 0.00987949 -0.01296841 -0.01198214 0.00976428 -0.01232841 -0.0115867 0.00963443 -0.01160715 -0.01138136 0.00949958 -0.01085811 -0.01138136 0.00936973 -0.01013685 -0.0115867 0.00925451 -0.00949685 -0.01198214 0.00916247 -0.00898559 -0.01253837 0.00910043 -0.00864099 -0.01321412 0.00907299 -0.00848859 -0.01395928 0.0090822 -0.0085397 -0.01471859 0.00912736 -0.00879054 -0.01543573 0.00920512 -0.0092225 -0.01605751 0.00930972 -0.00980354 -0.01653782 0.00943341 -0.01049057 -0.01684104 0.009567 -0.01123263 -0.01694467 0.0097006 -0.01197469 -0.01684104 0.00982428 -0.01266172 -0.01653782 0.00992888 -0.01324276 -0.01605751 0.01000665 -0.01367472 -0.01543573 0.01005181 -0.01392555 -0.01471859 0.01005946 -0.01354722 -0.0146415 0.01006842 -0.01359695 -0.01415 0.01006742 -0.0135914 -0.01398514 0.0100437 -0.01345967 -0.01334101 0.00999008 -0.01316179 -0.01275688 0.00991051 -0.01271985 -0.01227607 0.00981092 -0.01216663 -0.01193425 0.00969868 -0.01154316 -0.01175675 0.00958211 -0.01089568 -0.01175675 0.00946987 -0.01027221 -0.01193425 0.00937027 -0.00971899 -0.01227607 0.00929071 -0.00927705 -0.01275688 0.00923708 -0.00897916 -0.01334101 0.00921337 -0.00884743 -0.01398514 0.00922132 -0.00889162 -0.0146415 0.00926036 -0.00910844 -0.0152614 0.00932758 -0.00948183 -0.01579888 0.009418 -0.00998409 -0.01621407 0.00952491 -0.01057797 -0.01647617 0.00964039 -0.01121942 -0.01656575 0.00975587 -0.01186087 -0.01647617 0.00986279 -0.01245474 -0.01621407 0.00995321 -0.012957 -0.01579888 0.01002043 -0.01333039 -0.0152614 -0.00469426 -0.01625466 -0.01415 -0.00470321 -0.01620493 -0.0146415 -0.00456409 -0.01655684 -0.01471859 -0.00474224 -0.0159881 -0.0152614 -0.00460924 -0.016306 -0.01543573 -0.00480947 -0.01561471 -0.01579888 -0.00468701 -0.01587405 -0.01605751 -0.00489989 -0.01511246 -0.01621407 -0.00479161 -0.01529301 -0.01653782 -0.0050068 -0.01451858 -0.01647617 -0.0049153 -0.01460598 -0.01684104 -0.00512228 -0.01387713 -0.01656575 -0.00504889 -0.01386392 -0.01694467 -0.00523776 -0.01323568 -0.01647617 -0.00518248 -0.01312185 -0.01684104 -0.00534468 -0.0126418 -0.01621407 -0.00530617 -0.01243483 -0.01653782 -0.0054351 -0.01213955 -0.01579888 -0.00541077 -0.01185379 -0.01605751 -0.00550232 -0.01176616 -0.0152614 -0.00548854 -0.01142183 -0.01543573 -0.00554135 -0.01154933 -0.0146415 -0.0055337 -0.01117099 -0.01471859 -0.00554931 -0.01150514 -0.01398514 -0.0055429 -0.01111988 -0.01395928 -0.00552559 -0.01163688 -0.01334101 -0.00551546 -0.01127227 -0.01321412 -0.00547196 -0.01193476 -0.01275688 -0.00545342 -0.01161688 -0.01253837 -0.0053924 -0.0123767 -0.01227607 -0.00536138 -0.01212814 -0.01198214 -0.00529281 -0.01292992 -0.01193425 -0.00524616 -0.01276813 -0.0115867 -0.00518056 -0.01355339 -0.01175675 -0.00511632 -0.0134894 -0.01138136 -0.005064 -0.01420087 -0.01175675 -0.00498147 -0.01423844 -0.01138136 -0.00495176 -0.01482434 -0.01193425 -0.00485162 -0.0149597 -0.0115867 -0.00485216 -0.01537756 -0.01227607 -0.0047364 -0.0155997 -0.01198214 -0.0047726 -0.0158195 -0.01275688 -0.00464436 -0.01611095 -0.01253837 -0.00471897 -0.01611738 -0.01334101 -0.00458232 -0.01645556 -0.01321412 -0.00469525 -0.01624912 -0.01398514 -0.00455488 -0.01660796 -0.01395928 -0.00469066 -0.01465392 -0.01715149 -0.00455271 -0.01542021 -0.01681329 -0.00443604 -0.01606828 -0.01627757 -0.0043493 -0.01655007 -0.01558406 -0.00429893 -0.01682984 -0.01478419 -0.00428867 -0.01688686 -0.01393728 -0.00431927 -0.01671688 -0.01310616 -0.00438847 -0.01633252 -0.01235244 -0.00449113 -0.01576228 -0.01173205 -0.00461963 -0.01504845 -0.01129098 -0.00476446 -0.01424398 -0.01106196 -0.00491487 -0.01340852 -0.01106196 -0.0050597 -0.01260405 -0.01129098 -0.00518821 -0.01189023 -0.01173205 -0.00529087 -0.01131998 -0.01235244 -0.00536006 -0.01093562 -0.01310616 -0.00539067 -0.01076564 -0.01393728 -0.0053804 -0.01082266 -0.01478419 -0.00533003 -0.01110243 -0.01558406 -0.0052433 -0.01158422 -0.01627757 -0.00512663 -0.01223229 -0.01681329 -0.00498867 -0.01299858 -0.01715149 -0.00483967 -0.01382625 -0.01726708 -0.00489422 -0.01172338 -0.01675732 -0.00498778 -0.01120368 -0.01622927 -0.00505817 -0.01081266 -0.01559695 -0.00510187 -0.01056991 -0.01489208 -0.00511669 -0.01048762 -0.01415 -0.00510187 -0.01056991 -0.01340792 -0.00508257 -0.01067713 -0.01303321 -0.00505817 -0.01081266 -0.01270305 -0.00498778 -0.01120368 -0.01207073 -0.00489422 -0.01172338 -0.01154268 -0.00478218 -0.01234569 -0.01114537 -0.00465729 -0.01303941 -0.01089873 -0.00460627 -0.01332283 -0.01084617 -0.00394975 -0.01696958 -0.01340792 -0.00396905 -0.01686236 -0.01303321 -0.00399345 -0.01672684 -0.01270305 -0.00406384 -0.01633582 -0.01207073 -0.0041574 -0.01581612 -0.01154268 -0.00426944 -0.01519381 -0.01114537 -0.00439433 -0.01450009 -0.01089873 -0.00452581 -0.01376975 -0.01081511 -0.00393493 -0.01705187 -0.01415 -0.00394975 -0.01696958 -0.01489208 -0.00399345 -0.01672684 -0.01559695 -0.00406384 -0.01633582 -0.01622927 -0.0041574 -0.01581612 -0.01675732 -0.0042188 -0.01547509 -0.01699939 -0.00483282 -0.01206441 -0.01699939 -0.00478218 -0.01234569 -0.01715463 -0.00465729 -0.01303941 -0.01740127 -0.00452581 -0.01376975 -0.01748489 -0.00439433 -0.01450009 -0.01740127 -0.00426944 -0.01519381 -0.01715463 0.00701262 -0.01078287 -0.01022772 -0.00089168 -0.01210096 -0.00977534 -0.00281174 -0.01255154 -0.01022772 -0.00265313 -0.01343261 -0.01012685 -0.00329536 -0.00986523 -0.01240442 -0.00234384 -0.01515057 -0.01777473 -0.00209582 -0.01652827 -0.01164161 -0.00220869 -0.01590131 -0.01100458 -0.00234384 -0.01515057 -0.01052527 -0.00249451 -0.01431368 -0.01022772 -0.00296241 -0.01171465 -0.01052527 -0.00105972 -0.01116755 -0.01010721 0.00090043 -0.01071169 -0.00989677 -0.00309756 -0.01096391 -0.01100458 -0.00121047 -0.01033021 -0.0106418 0.00074184 -0.00983077 -0.01045918 0.00273327 -0.00947226 -0.01045918 -0.00321043 -0.01033695 -0.01164161 -0.00133636 -0.00963095 -0.0113523 0.0006094 -0.00909511 -0.01120667 0.00260083 -0.0087366 -0.01120667 0.0046113 -0.0085602 -0.0113523 -0.00143108 -0.00910482 -0.01220309 0.00050975 -0.00854159 -0.01210175 0.00250118 -0.00818308 -0.01210175 0.00451658 -0.00803407 -0.01220309 0.006529 -0.00809656 -0.01240442 0.00557784 -0.013929 -0.01010721 0.00748052 -0.0133819 -0.01052527 0.00732986 -0.01254501 -0.01022772 0.00761568 -0.01413264 -0.01100458 0.00572858 -0.01476633 -0.0106418 0.00377627 -0.01526577 -0.01045918 0.00772855 -0.01475959 -0.01164161 0.00585447 -0.0154656 -0.0113523 0.00390871 -0.01600144 -0.01120667 0.00191729 -0.01635995 -0.01120667 0.00781347 -0.01523132 -0.01240442 0.00594919 -0.01599173 -0.01220309 0.00400836 -0.01655495 -0.01210175 0.00201693 -0.01691347 -0.01210175 1.54E-06 -0.01706248 -0.01220309 -0.0019403 -0.0173921 -0.01415 -0.00195817 -0.01729283 -0.01504523 8.027E-05 -0.01749982 -0.01415 6.034E-05 -0.01738909 -0.01514849 0.00209977 -0.01737357 -0.01415 0.0020788 -0.01725709 -0.01520046 0.00409119 -0.01701506 -0.01415 0.00407022 -0.01689857 -0.01520046 0.00602792 -0.01642906 -0.01415 0.00600799 -0.01631834 -0.01514849 0.00788406 -0.01562343 -0.01415 0.00786619 -0.01552416 -0.01504523 -0.00201089 -0.01699999 -0.01589558 1.54E-06 -0.01706248 -0.01609691 0.00201693 -0.01691347 -0.01619825 0.00400836 -0.01655495 -0.01619825 0.00594919 -0.01599173 -0.01609691 0.00781347 -0.01523132 -0.01589558 -0.00209582 -0.01652827 -0.01665839 -9.318E-05 -0.01653635 -0.0169477 0.00191729 -0.01635995 -0.01709333 0.00390871 -0.01600144 -0.01709333 0.00585447 -0.0154656 -0.0169477 0.00772855 -0.01475959 -0.01665839 -0.00249451 -0.01431368 -0.01807228 -0.00036982 -0.01499975 -0.01819279 -0.00053786 -0.01406634 -0.01852466 0.00162625 -0.01474337 -0.01840323 0.00144946 -0.01376137 -0.01875237 0.00361768 -0.01438486 -0.01840323 0.00344089 -0.01340286 -0.01875237 0.00557784 -0.013929 -0.01819279 0.00540979 -0.01299559 -0.01852466 0.00748052 -0.0133819 -0.01777473 0.00732986 -0.01254501 -0.01807228 -0.00265313 -0.01343261 -0.01817315 -0.00071477 -0.01308365 -0.01863716 0.00126334 -0.01272753 -0.01887073 0.00325477 -0.01236902 -0.01887073 0.00523288 -0.0120129 -0.01863716 0.00717124 -0.01166394 -0.01817315 -0.00281174 -0.01255154 -0.01807228 -0.00089168 -0.01210096 -0.01852466 0.00107722 -0.01169369 -0.01875237 0.00306865 -0.01133517 -0.01875237 0.00505597 -0.01103021 -0.01852466 0.00701262 -0.01078287 -0.01807228 -0.00296241 -0.01171465 -0.01777473 -0.00105972 -0.01116755 -0.01819279 0.00090043 -0.01071169 -0.01840323 0.00289186 -0.01035317 -0.01840323 0.00488793 -0.01009679 -0.01819279 0.00686195 -0.00994598 -0.01777473 -0.00321043 -0.01033695 -0.01665839 -0.00329536 -0.00986523 -0.01589558 -0.00133636 -0.00963095 -0.0169477 -0.00143108 -0.00910482 -0.01609691 0.0006094 -0.00909511 -0.01709333 0.00050975 -0.00854159 -0.01619825 0.00260083 -0.0087366 -0.01709333 0.00250118 -0.00818308 -0.01619825 0.0046113 -0.0085602 -0.0169477 0.00451658 -0.00803407 -0.01609691 0.00661393 -0.00856828 -0.01665839 0.006529 -0.00809656 -0.01589558 -0.00334808 -0.00957239 -0.01504523 -0.00148988 -0.0087782 -0.01514849 0.00044789 -0.00819798 -0.01520046 0.00243932 -0.00783946 -0.01520046 0.00445778 -0.00770745 -0.01514849 0.00647628 -0.00780372 -0.01504523 -0.00336595 -0.00947312 -0.01415 -0.00150981 -0.00866748 -0.01415 0.00042692 -0.00808149 -0.01415 0.00241835 -0.00772298 -0.01415 0.00443784 -0.00759673 -0.01415 0.00645841 -0.00770444 -0.01415 -0.00201089 -0.01699999 -0.01240442 -9.318E-05 -0.01653635 -0.0113523 0.00178484 -0.01562429 -0.01045918 0.00361768 -0.01438486 -0.00989677 0.00540979 -0.01299559 -0.00977534 0.00717124 -0.01166394 -0.01012685 0.00786619 -0.01552416 -0.01325477 0.00600799 -0.01631834 -0.01315151 0.00407022 -0.01689857 -0.01309954 0.0020788 -0.01725709 -0.01309954 6.034E-05 -0.01738909 -0.01315151 -0.00195817 -0.01729283 -0.01325477 0.00761568 -0.01413264 -0.01729542 0.00572858 -0.01476633 -0.0176582 0.00377627 -0.01526577 -0.01784082 0.00178484 -0.01562429 -0.01784082 -0.00021907 -0.01583708 -0.0176582 -0.00220869 -0.01590131 -0.01729542 0.0067268 -0.00919523 -0.01729542 0.00473718 -0.00925946 -0.0176582 0.00273327 -0.00947226 -0.01784082 0.00074184 -0.00983077 -0.01784082 -0.00121047 -0.01033021 -0.0176582 -0.00309756 -0.01096391 -0.01729542 0.00647628 -0.00780372 -0.01325477 0.00445778 -0.00770745 -0.01315151 0.00243932 -0.00783946 -0.01309954 0.00044789 -0.00819798 -0.01309954 -0.00148988 -0.0087782 -0.01315151 -0.00334808 -0.00957239 -0.01325477 0.00661393 -0.00856828 -0.01164161 -0.00071477 -0.01308365 -0.00966284 0.00107722 -0.01169369 -0.00954763 0.00289186 -0.01035317 -0.00989677 0.00473718 -0.00925946 -0.0106418 -0.00053786 -0.01406634 -0.00977534 0.00126334 -0.01272753 -0.00942927 0.00306865 -0.01133517 -0.00954763 0.00488793 -0.01009679 -0.01010721 0.0067268 -0.00919523 -0.01100458 -0.00036982 -0.01499975 -0.01010721 0.00144946 -0.01376137 -0.00954763 0.00325477 -0.01236902 -0.00942927 0.00505597 -0.01103021 -0.00977534 0.00686195 -0.00994598 -0.01052527 -0.00021907 -0.01583708 -0.0106418 0.00162625 -0.01474337 -0.00989677 0.00344089 -0.01340286 -0.00954763 0.00523288 -0.0120129 -0.00966284 0.00455691 -0.00709659 -0.00955 0.00473111 -0.00672502 -0.00955 0.00615904 -0.00427975 -0.00955 0.00795278 -0.00208868 -0.00955 0.00672502 0.00473111 -0.00955 0.00427975 0.00615904 -0.00955 0.00208868 0.00795278 -0.00955 -0.00473111 0.00672502 -0.00955 -0.00615904 0.00427975 -0.00955 -0.00795278 0.00208868 -0.00955 -0.00824027 0.00179583 -0.00955 -0.00709659 -0.00455691 -0.00955 -0.00672502 -0.00473111 -0.00955 -0.00427975 -0.00615904 -0.00955 -0.00208868 -0.00795278 -0.00955 -0.00179583 -0.00824027 -0.00955 -0.00824027 0.00179583 -0.00995 -0.00738134 -0.00132886 -0.00995 -0.00709659 -0.00455691 -0.00995 -0.00710038 -0.00414655 -0.00995 -0.00810071 0.00140991 -0.00995 -0.00179583 -0.00824027 -0.00995 0.00132886 -0.00738134 -0.00995 0.00455691 -0.00709659 -0.00995 0.00414655 -0.00710038 -0.00995 -0.00140991 -0.00810071 -0.00995 0.00324092 -0.0112775 -0.0092491 0.00253735 -0.00918293 -0.00995 0.00354095 -0.00994162 -0.0096238 0.0039248 -0.00868102 -0.00995 0.00322446 -0.0114382 -0.00920161 0.00327598 -0.01177687 -0.00909341 0.00399712 -0.01446601 -0.00820926 0.00342803 -0.01206439 -0.00899285 0.00365361 -0.01228058 -0.00890655 0.00470862 -0.01301368 -0.00858045 0.00509274 -0.01411759 -0.00820926 0.0058627 -0.01381561 -0.00820926 0.00091938 -0.01268457 -0.00893669 0.00102356 -0.01237947 -0.00903046 0.00129894 -0.01495176 -0.00820926 0.0008587 -0.01278374 -0.00890655 0.0001256 -0.01383875 -0.00858045 0.00015196 -0.01500731 -0.00820926 -0.00067634 -0.01499283 -0.00820926 0.00101977 -0.01202565 -0.00914279 0.00089565 -0.01169972 -0.0092491 0.00082456 -0.00949128 -0.00995 0.00020346 -0.01063047 -0.00959871 -0.00065083 -0.00950477 -0.00995 0.00182873 -0.01489625 -0.00820926 0.00348256 -0.01459843 -0.00820926 0.01460972 0.00667184 -0.0030798 0.01433339 0.00652311 -0.00284372 0.01470229 0.00530215 -0.00276897 0.01411841 0.00629845 -0.00267579 0.01381561 0.0058627 -0.00249074 0.01411806 0.00509146 -0.00249074 0.01500732 0.0001506 -0.00249074 0.01499283 -0.00067634 -0.00249074 0.01562836 0.00015683 -0.00276897 0.01542859 -0.00097913 -0.00267579 0.01493998 0.00142809 -0.00249074 0.01551286 0.00190299 -0.00276897 0.01489641 0.00182737 -0.00249074 0.01520287 0.0036253 -0.00276897 0.01459875 0.00348124 -0.00249074 0.01450001 0.00387197 -0.00249074 0.01491763 0.00672758 -0.00338324 0.01481753 0.00672034 -0.00327935 0.0153131 0.00552243 -0.0032874 0.01576671 0.00568602 -0.00396405 0.01599185 0.00576721 -0.00458189 0.01587334 0.00608581 -0.00458189 0.01584833 0.00614523 -0.00457431 0.0157482 0.0063162 -0.00446862 0.01567573 0.00640468 -0.00436487 0.01554267 0.00652552 -0.00416799 0.01525256 0.00667759 -0.00377079 0.01650957 0.00405391 -0.00458189 0.01630353 0.00388776 -0.00396405 0.01653634 0.00394328 -0.00458189 0.01663596 0.00204076 -0.00396405 0.01687351 0.00206991 -0.00458189 0.01675982 0.00016818 -0.00396405 0.01699914 0.00017058 -0.00458189 0.01677741 -0.00078596 -0.00403393 0.0169305 -0.00052224 -0.00437914 0.01699917 -0.0001678 -0.00458189 0.01698844 -0.00030438 -0.00454928 0.01622975 -0.00113099 -0.00327763 0.01628449 -0.00111637 -0.00333523 0.01627764 0.00016334 -0.0032874 0.0165456 -0.00099546 -0.00365588 0.01665173 -0.0009157 -0.00381466 0.01567733 -0.0011047 -0.00282322 0.01575533 -0.00112773 -0.0028759 0.01598828 -0.00115787 -0.00305368 0.01583448 0.00377591 -0.0032874 0.01615734 0.00198205 -0.0032874 0.00795301 -0.00208844 -0.00053268 0.00837441 -0.00166365 -0.0005678 0.00732039 -0.00163153 -0.0005 0.00913032 -0.00096754 -0.00067876 0.00991631 -0.00032223 -0.00087529 0.00870935 -0.00052604 -0.00059438 0.00427975 0.00615904 -0.0005 0.00470039 0.00584435 -0.0005 0.00538575 0.00544894 -0.00050165 0.00556626 0.00502661 -0.0005 0.00655375 0.00481492 -0.00052506 0.00629177 0.00408211 -0.0005 0.00672528 0.00473098 -0.00053271 0.00868281 0.00085925 -0.00059438 0.00748636 -0.00045217 -0.0005 0.00759266 -0.00247518 -0.00051494 0.00696983 -0.00276974 -0.0005 0.00680506 -0.00340741 -0.00050087 0.00644351 -0.00383812 -0.0005 0.00615904 -0.00427975 -0.0005 0.00987331 0.00097706 -0.00087529 0.00959416 0.00252765 -0.00087529 0.00843732 0.00222287 -0.00059438 0.00918132 0.00376036 -0.00087529 0.00797907 0.00353044 -0.00059438 0.00855567 0.00396857 -0.00073673 0.00760377 0.00433549 -0.00059887 0.00685862 0.00303468 -0.0005 0.00725252 0.00191073 -0.0005 0.00746354 0.00073859 -0.0005 0.00303468 -0.00685862 -0.0005 0.00206273 -0.00354333 -0.0005 0.00072644 -0.00403513 -0.0005 0.00584435 -0.00470039 -0.0005 0.00315022 -0.00262414 -0.0005 0.00502661 -0.00556626 -0.0005 0.00408211 -0.00629177 -0.0005 -0.00685862 -0.00303468 -0.0005 -0.00629177 -0.00408211 -0.0005 -0.00384768 -0.0014161 -0.0005 -0.00313131 -0.00264668 -0.0005 -0.00187311 0.00726233 -0.0005 -0.00299261 0.00687708 -0.0005 -0.00072644 0.00403513 -0.0005 -0.00206273 0.00354333 -0.0005 0.00203725 0.00355804 -0.0005 0.00384115 0.0064417 -0.0005 0.00277959 0.00696591 -0.0005 0.00409997 1.471E-05 -0.0005 0.00384768 0.0014161 -0.0005 0.00385775 -0.00138845 -0.0005 -0.00163153 -0.00732039 -0.0005 -0.00045217 -0.00748636 -0.0005 -0.00069746 -0.00404024 -0.0005 0.00073859 -0.00746354 -0.0005 0.00191073 -0.00725252 -0.0005 -0.00276974 -0.00696983 -0.0005 -0.00203725 -0.00355804 -0.0005 -0.00383812 -0.00644351 -0.0005 -0.00556626 -0.00502661 -0.0005 -0.00470039 -0.00584435 -0.0005 -0.00427975 -0.00615904 -0.0005 -0.00580203 0.00475252 -0.0005 -0.00315022 0.00262414 -0.0005 -0.00498185 0.00560635 -0.0005 -0.00403754 0.00632047 -0.0005 0.00069746 0.00404024 -0.0005 0.00313131 0.00264668 -0.0005 -0.00725252 -0.00191073 -0.0005 -0.00409997 -1.471E-05 -0.0005 -0.00746354 -0.00073859 -0.0005 -0.00385775 0.00138845 -0.0005 -0.00732039 0.00163153 -0.0005 -0.00748636 0.00045217 -0.0005 0.00164877 0.00731653 -0.0005 0.00047686 0.00748482 -0.0005 -0.00070693 0.00746661 -0.0005 -0.00615904 0.00427975 -0.0005 -0.00644351 0.00383812 -0.0005 -0.00696983 0.00276974 -0.0005 0.01268457 0.00091938 -0.00893669 0.01237947 0.00102356 -0.00903046 0.01495176 0.00129894 -0.00820926 0.01278374 0.0008587 -0.00890655 0.01383875 0.0001256 -0.00858045 0.01500731 0.00015196 -0.00820926 0.01499283 -0.00067634 -0.00820926 0.01202565 0.00101977 -0.00914279 0.01169972 0.00089565 -0.0092491 0.00949128 0.00082456 -0.00995 0.01063047 0.00020346 -0.00959871 0.00950477 -0.00065083 -0.00995 0.0112775 0.00324092 -0.0092491 0.00918293 0.00253735 -0.00995 0.00994162 0.00354095 -0.0096238 0.00868102 0.0039248 -0.00995 0.0114086 0.00322553 -0.00921053 0.01174968 0.00326731 -0.00910243 0.01446601 0.00399712 -0.00820926 0.01203632 0.00340746 -0.00900317 0.01228058 0.00365361 -0.00890655 0.01301368 0.00470862 -0.00858045 0.01411759 0.00509274 -0.00820926 0.01381561 0.0058627 -0.00820926 0.01489625 0.00182873 -0.00820926 0.01459843 0.00348256 -0.00820926 -0.01268457 -0.00091938 -0.00893669 -0.01237947 -0.00102356 -0.00903046 -0.01495176 -0.00129894 -0.00820926 -0.01278374 -0.0008587 -0.00890655 -0.01383875 -0.0001256 -0.00858045 -0.01500731 -0.00015196 -0.00820926 -0.01499283 0.00067634 -0.00820926 -0.01202565 -0.00101977 -0.00914279 -0.01169972 -0.00089565 -0.0092491 -0.00949128 -0.00082456 -0.00995 -0.01063047 -0.00020346 -0.00959871 -0.00950477 0.00065083 -0.00995 -0.0112775 -0.00324092 -0.0092491 -0.00918293 -0.00253735 -0.00995 -0.00994162 -0.00354095 -0.0096238 -0.00868102 -0.0039248 -0.00995 -0.0114382 -0.00322446 -0.00920161 -0.01177687 -0.00327598 -0.00909341 -0.01446601 -0.00399712 -0.00820926 -0.01206439 -0.00342803 -0.00899285 -0.01228058 -0.00365361 -0.00890655 -0.01301368 -0.00470862 -0.00858045 -0.01411759 -0.00509274 -0.00820926 -0.01381561 -0.0058627 -0.00820926 -0.01489625 -0.00182873 -0.00820926 -0.01459843 -0.00348256 -0.00820926 -0.00091938 0.01268457 -0.00893669 -0.00102356 0.01237947 -0.00903046 -0.00129894 0.01495176 -0.00820926 -0.0008587 0.01278374 -0.00890655 -0.0001256 0.01383875 -0.00858045 -0.00015196 0.01500731 -0.00820926 0.00067634 0.01499283 -0.00820926 -0.00101977 0.01202565 -0.00914279 -0.00089565 0.01169972 -0.0092491 -0.00082456 0.00949128 -0.00995 -0.00020346 0.01063047 -0.00959871 0.00065083 0.00950477 -0.00995 -0.00324092 0.0112775 -0.0092491 -0.00253735 0.00918293 -0.00995 -0.00354095 0.00994162 -0.0096238 -0.0039248 0.00868102 -0.00995 -0.00322446 0.0114382 -0.00920161 -0.00327598 0.01177687 -0.00909341 -0.00399712 0.01446601 -0.00820926 -0.00342803 0.01206439 -0.00899285 -0.00365361 0.01228058 -0.00890655 -0.00470862 0.01301368 -0.00858045 -0.00509274 0.01411759 -0.00820926 -0.0058627 0.01381561 -0.00820926 -0.00182873 0.01489625 -0.00820926 -0.00348256 0.01459843 -0.00820926 0.00629845 -0.01411841 -0.00267579 0.0058627 -0.01381561 -0.00249074 0.00509146 -0.01411806 -0.00249074 0.00667184 -0.01460972 -0.0030798 0.00652311 -0.01433339 -0.00284372 0.00530215 -0.01470229 -0.00276897 0.00672758 -0.01491763 -0.00338324 0.00672034 -0.01481753 -0.00327935 0.00552243 -0.0153131 -0.0032874 0.00568602 -0.01576671 -0.00396405 0.00576721 -0.01599185 -0.00458189 0.00608581 -0.01587334 -0.00458189 0.00615287 -0.01584478 -0.00457191 0.00633819 -0.01573174 -0.00444594 0.00640332 -0.01567698 -0.00436705 0.00652188 -0.01554746 -0.00417519 0.00667759 -0.01525256 -0.00377079 0.00405391 -0.01650957 -0.00458189 0.00388776 -0.01630353 -0.00396405 0.00394328 -0.01653634 -0.00458189 0.00204076 -0.01663596 -0.00396405 0.00206991 -0.01687351 -0.00458189 0.00016818 -0.01675982 -0.00396405 0.00017058 -0.01699914 -0.00458189 -0.00077092 -0.01678931 -0.00405696 -0.00052235 -0.01693045 -0.00437903 -0.0001678 -0.01699917 -0.00458189 -0.00030438 -0.01698844 -0.00454928 -0.00113099 -0.01622975 -0.00327763 -0.00111637 -0.01628449 -0.00333523 0.00016334 -0.01627764 -0.0032874 -0.00099662 -0.01654382 -0.00365337 -0.0009157 -0.01665173 -0.00381466 -0.00097913 -0.01542859 -0.00267579 -0.0011047 -0.01567733 -0.00282322 0.00015683 -0.01562836 -0.00276897 -0.00112773 -0.01575533 -0.0028759 -0.00115787 -0.01598828 -0.00305368 0.00348124 -0.01459875 -0.00249074 0.0036253 -0.01520287 -0.00276897 0.00182737 -0.01489641 -0.00249074 0.00190299 -0.01551286 -0.00276897 0.0001506 -0.01500732 -0.00249074 -0.00067634 -0.01499283 -0.00249074 0.00377591 -0.01583448 -0.0032874 0.00198205 -0.01615734 -0.0032874 -0.01411841 -0.00629845 -0.00267579 -0.01381561 -0.0058627 -0.00249074 -0.01411806 -0.00509146 -0.00249074 -0.01460972 -0.00667184 -0.0030798 -0.01433339 -0.00652311 -0.00284372 -0.01470229 -0.00530215 -0.00276897 -0.01491763 -0.00672758 -0.00338324 -0.01482526 -0.00672126 -0.00328719 -0.0153131 -0.00552243 -0.0032874 -0.01576671 -0.00568602 -0.00396405 -0.01599185 -0.00576721 -0.00458189 -0.01587334 -0.00608581 -0.00458189 -0.01584833 -0.00614523 -0.00457431 -0.0157482 -0.0063162 -0.00446862 -0.01567724 -0.00640303 -0.00436711 -0.01554268 -0.00652552 -0.00416799 -0.01525256 -0.00667759 -0.00377079 -0.01650957 -0.00405391 -0.00458189 -0.01630353 -0.00388776 -0.00396405 -0.01653634 -0.00394328 -0.00458189 -0.01663596 -0.00204076 -0.00396405 -0.01687351 -0.00206991 -0.00458189 -0.01675982 -0.00016818 -0.00396405 -0.01699914 -0.00017058 -0.00458189 -0.01678931 0.00077092 -0.00405696 -0.01693045 0.00052235 -0.00437903 -0.01699917 0.0001678 -0.00458189 -0.01698844 0.00030438 -0.00454928 -0.01622975 0.00113099 -0.00327763 -0.01628449 0.00111637 -0.00333523 -0.01627764 -0.00016334 -0.0032874 -0.01654382 0.00099662 -0.00365337 -0.01665173 0.0009157 -0.00381466 -0.01542859 0.00097913 -0.00267579 -0.01567733 0.0011047 -0.00282322 -0.01562836 -0.00015683 -0.00276897 -0.01575533 0.00112773 -0.0028759 -0.01598828 0.00115787 -0.00305368 -0.01459875 -0.00348124 -0.00249074 -0.01520287 -0.0036253 -0.00276897 -0.01489641 -0.00182737 -0.00249074 -0.01551286 -0.00190299 -0.00276897 -0.01500732 -0.0001506 -0.00249074 -0.01499283 0.00067634 -0.00249074 -0.01583448 -0.00377591 -0.0032874 -0.01615734 -0.00198205 -0.0032874 -0.00667184 0.01460972 -0.0030798 -0.00652311 0.01433339 -0.00284372 -0.00530215 0.01470229 -0.00276897 -0.00629845 0.01411841 -0.00267579 -0.0058627 0.01381561 -0.00249074 -0.00509146 0.01411806 -0.00249074 0.00097913 0.01542859 -0.00267579 0.0011047 0.01567733 -0.00282322 -0.00015683 0.01562836 -0.00276897 0.00067634 0.01499283 -0.00249074 -0.0001506 0.01500732 -0.00249074 -0.00190299 0.01551286 -0.00276897 -0.00182737 0.01489641 -0.00249074 -0.0036253 0.01520287 -0.00276897 -0.00348124 0.01459875 -0.00249074 -0.00387197 0.01450001 -0.00249074 -0.00672758 0.01491763 -0.00338324 -0.00672034 0.01481753 -0.00327935 -0.00552243 0.0153131 -0.0032874 -0.00568602 0.01576671 -0.00396405 -0.00576721 0.01599185 -0.00458189 -0.00608581 0.01587334 -0.00458189 -0.00614523 0.01584833 -0.00457431 -0.0063162 0.0157482 -0.00446862 -0.00640468 0.01567573 -0.00436487 -0.00652552 0.01554267 -0.00416799 -0.00667759 0.01525256 -0.00377079 -0.00405391 0.01650957 -0.00458189 -0.00388776 0.01630353 -0.00396405 -0.00394328 0.01653634 -0.00458189 -0.00204076 0.01663596 -0.00396405 -0.00206991 0.01687351 -0.00458189 -0.00016818 0.01675982 -0.00396405 -0.00017058 0.01699914 -0.00458189 0.00077092 0.01678931 -0.00405696 0.00052235 0.01693045 -0.00437903 0.0001678 0.01699917 -0.00458189 0.00030438 0.01698844 -0.00454928 0.00091239 0.01665556 -0.00382079 -0.00016334 0.01627764 -0.0032874 0.00099662 0.01654382 -0.00365337 0.00111637 0.01628449 -0.00333523 0.00113037 0.01576607 -0.00288341 0.00115787 0.01598828 -0.00305368 0.00112919 0.01623723 -0.00328534 -0.00377591 0.01583448 -0.0032874 -0.00198205 0.01615734 -0.0032874 -0.00097913 -0.01542859 -0.00802421 0.00530349 -0.01470181 -0.00793103 0.00629845 -0.01411841 -0.00802421 0.00362668 -0.01520254 -0.00793103 0.0019044 -0.01551269 -0.00793103 -0.00111471 -0.01570842 -0.00785628 0.00015825 -0.01562834 -0.00793103 0.00016482 -0.01627762 -0.0074126 -0.00113071 -0.01623095 -0.00742065 -0.00115772 -0.01601927 -0.0076202 -0.00042736 -0.01696224 -0.00623138 -0.00053556 -0.01692517 -0.00633513 0.00016971 -0.01675981 -0.00673595 -0.0002322 -0.01699646 -0.00612569 -0.00069522 -0.01684262 -0.00653201 -0.00093892 -0.01662376 -0.00692921 -0.00110258 -0.01632728 -0.00731676 0.00608581 -0.01587334 -0.00611811 0.00576866 -0.01599133 -0.00611811 0.00568745 -0.01576619 -0.00673595 0.00394478 -0.01653598 -0.00611811 0.00388924 -0.01630318 -0.00673595 0.00207144 -0.01687333 -0.00611811 0.00204228 -0.01663578 -0.00673595 0.00017213 -0.01699913 -0.00611811 -0.0001678 -0.01699917 -0.00611811 0.00621007 -0.01581565 -0.00615072 0.00639405 -0.01568536 -0.00632086 0.00658782 -0.01544991 -0.00666607 0.00666559 -0.01528688 -0.00688534 0.00670332 -0.01515959 -0.00704412 0.00552382 -0.0153126 -0.0074126 0.00666116 -0.01458063 -0.00764632 0.00672019 -0.01481631 -0.00742237 0.00672558 -0.01487271 -0.00736476 0.00650289 -0.01430774 -0.00787678 0.00655167 -0.01437281 -0.0078241 0.00377735 -0.01583414 -0.0074126 0.00198352 -0.01615716 -0.0074126 0.01542859 -0.00097913 -0.00802421 0.01627762 0.00016482 -0.0074126 0.01623095 -0.00113071 -0.00742065 0.01601927 -0.00115772 -0.0076202 0.01695447 -0.00045371 -0.00625406 0.01692587 -0.00053385 -0.00633295 0.01675981 0.00016971 -0.00673595 0.0169958 -0.00024061 -0.00612809 0.01684583 -0.00069014 -0.00652481 0.01662376 -0.00093892 -0.00692921 0.01632728 -0.00110258 -0.00731676 0.01587334 0.00608581 -0.00611811 0.01599133 0.00576866 -0.00611811 0.01576619 0.00568745 -0.00673595 0.01653598 0.00394478 -0.00611811 0.01630318 0.00388924 -0.00673595 0.01687333 0.00207144 -0.00611811 0.01663578 0.00204228 -0.00673595 0.01699913 0.00017213 -0.00611811 0.01699917 -0.0001678 -0.00611811 0.01581565 0.00621007 -0.00615072 0.01568528 0.00639413 -0.00632097 0.01546631 0.00657787 -0.00664304 0.01528688 0.00666559 -0.00688534 0.01515752 0.00670379 -0.00704663 0.0153126 0.00552382 -0.0074126 0.01458063 0.00666116 -0.00764632 0.01481631 0.00672019 -0.00742237 0.01487271 0.00672558 -0.00736476 0.01430774 0.00650289 -0.00787678 0.01437281 0.00655167 -0.0078241 0.01470181 0.00530349 -0.00793103 0.01411841 0.00629845 -0.00802421 0.01520254 0.00362668 -0.00793103 0.01551269 0.0019044 -0.00793103 0.01570842 -0.00111471 -0.00785628 0.01562834 0.00015825 -0.00793103 0.01583414 0.00377735 -0.0074126 0.01615716 0.00198352 -0.0074126 0.00097913 0.01542859 -0.00802421 -0.00016482 0.01627762 -0.0074126 0.00112887 0.01623851 -0.00741281 0.00115772 0.01601927 -0.0076202 0.00042736 0.01696224 -0.00623138 0.00053349 0.01692602 -0.00633289 -0.00016971 0.01675981 -0.00673595 0.00023221 0.01699646 -0.00612569 0.00069522 0.01684262 -0.00653201 0.00093892 0.01662376 -0.00692921 0.00110258 0.01632728 -0.00731676 -0.00608581 0.01587334 -0.00611811 -0.00576866 0.01599133 -0.00611811 -0.00568745 0.01576619 -0.00673595 -0.00394478 0.01653598 -0.00611811 -0.00388924 0.01630318 -0.00673595 -0.00207144 0.01687333 -0.00611811 -0.00204228 0.01663578 -0.00673595 -0.00017213 0.01699913 -0.00611811 0.0001678 0.01699917 -0.00611811 -0.00621007 0.01581565 -0.00615072 -0.00639413 0.01568528 -0.00632097 -0.00657787 0.01546631 -0.00664304 -0.00666559 0.01528688 -0.00688534 -0.00670379 0.01515752 -0.00704663 -0.00552382 0.0153126 -0.0074126 -0.00666116 0.01458063 -0.00764632 -0.00672019 0.01481631 -0.00742237 -0.00672558 0.01487271 -0.00736476 -0.00650289 0.01430774 -0.00787678 -0.00655167 0.01437281 -0.0078241 -0.00530349 0.01470181 -0.00793103 -0.00629845 0.01411841 -0.00802421 -0.00362668 0.01520254 -0.00793103 -0.0019044 0.01551269 -0.00793103 0.00111471 0.01570842 -0.00785628 -0.00015825 0.01562834 -0.00793103 -0.00377735 0.01583414 -0.0074126 -0.00198352 0.01615716 -0.0074126 -0.01542859 0.00097913 -0.00802421 -0.01470181 -0.00530349 -0.00793103 -0.01411841 -0.00629845 -0.00802421 -0.01430774 -0.00650289 -0.00787678 -0.01520254 -0.00362668 -0.00793103 -0.01551269 -0.0019044 -0.00793103 -0.01570842 0.00111471 -0.00785628 -0.01562834 -0.00015825 -0.00793103 -0.01627762 -0.00016482 -0.0074126 -0.01623095 0.00113071 -0.00742065 -0.01601927 0.00115772 -0.0076202 -0.01696224 0.00042736 -0.00623138 -0.01692517 0.00053556 -0.00633513 -0.01675981 -0.00016971 -0.00673595 -0.01699646 0.0002322 -0.00612569 -0.01684262 0.00069522 -0.00653201 -0.01662376 0.00093892 -0.00692921 -0.01632728 0.00110258 -0.00731676 -0.01587334 -0.00608581 -0.00611811 -0.01599133 -0.00576866 -0.00611811 -0.01576619 -0.00568745 -0.00673595 -0.01653598 -0.00394478 -0.00611811 -0.01630318 -0.00388924 -0.00673595 -0.01687333 -0.00207144 -0.00611811 -0.01663578 -0.00204228 -0.00673595 -0.01699913 -0.00017213 -0.00611811 -0.01699917 0.0001678 -0.00611811 -0.01581565 -0.00621007 -0.00615072 -0.01568528 -0.00639413 -0.00632097 -0.01546631 -0.00657787 -0.00664304 -0.01529162 -0.00666382 -0.00687921 -0.0153126 -0.00552382 -0.0074126 -0.01515752 -0.00670379 -0.00704663 -0.01487271 -0.00672558 -0.00736476 -0.01438196 -0.00655789 -0.00781659 -0.01458063 -0.00666116 -0.00764632 -0.01482395 -0.00672111 -0.00741466 -0.01583414 -0.00377735 -0.0074126 -0.01615716 -0.00198352 -0.0074126 -0.00208844 -0.00795301 -0.00053268 -0.00166365 -0.00837441 -0.0005678 -0.00096754 -0.00913032 -0.00067876 -0.00032223 -0.00991631 -0.00087529 -0.00052604 -0.00870935 -0.00059438 0.00085925 -0.00868281 -0.00059438 -0.00247518 -0.00759266 -0.00051494 -0.00340741 -0.00680506 -0.00050087 0.00544894 -0.00538575 -0.00050165 0.00481492 -0.00655375 -0.00052506 0.00473098 -0.00672528 -0.00053271 0.00097706 -0.00987331 -0.00087529 0.00252765 -0.00959416 -0.00087529 0.00222287 -0.00843732 -0.00059438 0.00376036 -0.00918132 -0.00087529 0.00353044 -0.00797907 -0.00059438 0.00396857 -0.00855567 -0.00073673 0.00433549 -0.00760377 -0.00059887 0.00208844 0.00795301 -0.00053268 0.00166365 0.00837441 -0.0005678 0.00096754 0.00913032 -0.00067876 0.00032223 0.00991631 -0.00087529 0.00055476 0.00870757 -0.00059438 -0.00544894 0.00538575 -0.00050165 -0.00481492 0.00655375 -0.00052506 -0.00473098 0.00672528 -0.00053271 -0.00082242 0.00868638 -0.00059438 0.00247518 0.00759266 -0.00051494 0.00340741 0.00680506 -0.00050087 -0.00093518 0.00987737 -0.00087529 -0.00247788 0.00960714 -0.00087529 -0.00217911 0.00844873 -0.00059438 -0.00376036 0.00918132 -0.00087529 -0.00348149 0.00800055 -0.00059438 -0.00396857 0.00855567 -0.00073673 -0.00433549 0.00760377 -0.00059887 -0.00795301 0.00208844 -0.00053268 -0.00837441 0.00166365 -0.0005678 -0.00913032 0.00096754 -0.00067876 -0.00991631 0.00032223 -0.00087529 -0.00870935 0.00052604 -0.00059438 -0.00868281 -0.00085925 -0.00059438 -0.00759266 0.00247518 -0.00051494 -0.00680506 0.00340741 -0.00050087 -0.00538575 -0.00544894 -0.00050165 -0.00655375 -0.00481492 -0.00052506 -0.00672528 -0.00473098 -0.00053271 -0.00987331 -0.00097706 -0.00087529 -0.00959416 -0.00252765 -0.00087529 -0.00843732 -0.00222287 -0.00059438 -0.00918132 -0.00376036 -0.00087529 -0.00797907 -0.00353044 -0.00059438 -0.00855567 -0.00396857 -0.00073673 -0.00760377 -0.00433549 -0.00059887 0.01220879 0.00356215 -0.00176331 0.01195919 0.00335811 -0.00166954 0.01228058 0.00365361 -0.00179345 0.01301433 0.00470956 -0.00211985 0.01162625 0.00323826 -0.00155721 0.0112775 0.00324092 -0.0014509 0.01056095 0.00338857 -0.00124686 0.01169972 0.00089565 -0.0014509 0.0105547 0.00015023 -0.0010768 0.01184459 0.00096712 -0.00149839 0.01217996 0.00103695 -0.00160659 0.01250246 0.00099472 -0.00170715 0.01278374 0.0008587 -0.00179345 0.0138397 0.00012495 -0.00211985 0.00356215 -0.01220879 -0.00176331 0.00335811 -0.01195919 -0.00166954 0.00365361 -0.01228058 -0.00179345 0.00470956 -0.01301433 -0.00211985 0.00323826 -0.01162625 -0.00155721 0.00324092 -0.0112775 -0.0014509 0.00338857 -0.01056095 -0.00124686 0.0010356 -0.01215146 -0.00159757 0.00100421 -0.01246898 -0.00169683 0.00015023 -0.0105547 -0.0010768 0.00089565 -0.01169972 -0.0014509 0.0009558 -0.01181722 -0.00148947 0.0008587 -0.01278374 -0.00179345 0.00012495 -0.0138397 -0.00211985 -0.00356215 0.01220879 -0.00176331 -0.00335811 0.01195919 -0.00166954 -0.00365361 0.01228058 -0.00179345 -0.00470956 0.01301433 -0.00211985 -0.00323826 0.01162625 -0.00155721 -0.00324092 0.0112775 -0.0014509 -0.00338857 0.01056095 -0.00124686 -0.00015023 0.0105547 -0.0010768 -0.00089565 0.01169972 -0.0014509 -0.00096712 0.01184459 -0.00149839 -0.00103695 0.01217996 -0.00160659 -0.00099472 0.01250246 -0.00170715 -0.0008587 0.01278374 -0.00179345 -0.00012495 0.0138397 -0.00211985 -0.01220879 -0.00356215 -0.00176331 -0.01195919 -0.00335811 -0.00166954 -0.01228058 -0.00365361 -0.00179345 -0.01301433 -0.00470956 -0.00211985 -0.01162625 -0.00323826 -0.00155721 -0.0112775 -0.00324092 -0.0014509 -0.01056095 -0.00338857 -0.00124686 -0.0105547 -0.00015023 -0.0010768 -0.01169972 -0.00089565 -0.0014509 -0.01184459 -0.00096712 -0.00149839 -0.01217996 -0.00103695 -0.00160659 -0.01250246 -0.00099472 -0.00170715 -0.01278374 -0.0008587 -0.00179345 -0.0138397 -0.00012495 -0.00211985 -0.00629845 0.01411841 -0.00447205 -0.0059053 0.01384521 -0.00435 -0.00549469 0.0135599 -0.00448398 -0.00629845 0.01411841 -0.00622795 -0.0059053 0.01384521 -0.00635 -0.00549469 0.0135599 -0.00621603 -0.00519411 0.01335103 -0.00585 -0.00508409 0.01327458 -0.00535 -0.00519411 0.01335103 -0.00485 0.01542859 -0.00097913 -0.00447205 0.01564639 -0.00109361 -0.00465906 0.01579118 -0.00113604 -0.00485004 0.01583889 -0.00114499 -0.00493603 0.01542859 -0.00097913 -0.00622795 0.0155742 -0.00106311 -0.00611314 0.01578637 -0.00113501 -0.00585772 0.01591605 -0.00115446 -0.00555343 0.01594028 -0.00115619 -0.00535019 0.01593336 -0.00115575 -0.00524117 0.01411841 0.00629845 -0.00622795 0.01384521 0.0059053 -0.00635 0.0135599 0.00549469 -0.00621603 0.01335103 0.00519411 -0.00585 0.01327458 0.00508409 -0.00535 0.01411841 0.00629845 -0.00447205 0.01384521 0.0059053 -0.00435 0.0135599 0.00549469 -0.00448398 0.01335103 0.00519411 -0.00485 0.00097913 0.01542859 -0.00447205 0.00109361 0.01564639 -0.00465906 0.00113604 0.01579118 -0.00485004 0.00114499 0.01583889 -0.00493603 0.00097913 0.01542859 -0.00622795 0.00106311 0.0155742 -0.00611314 0.00113501 0.01578637 -0.00585772 0.00115446 0.01591605 -0.00555343 0.00115619 0.01594028 -0.00535019 0.00115575 0.01593336 -0.00524117 -0.01542859 0.00097913 -0.00447205 -0.01564639 0.00109361 -0.00465906 -0.01579118 0.00113604 -0.00485004 -0.01583889 0.00114499 -0.00493603 -0.01542859 0.00097913 -0.00622795 -0.0155742 0.00106311 -0.00611314 -0.01578637 0.00113501 -0.00585772 -0.01591605 0.00115446 -0.00555343 -0.01594028 0.00115619 -0.00535019 -0.01593336 0.00115575 -0.00524117 -0.01411841 -0.00629845 -0.00447205 -0.01384521 -0.0059053 -0.00435 -0.0135599 -0.00549469 -0.00448398 -0.01411841 -0.00629845 -0.00622795 -0.01384521 -0.0059053 -0.00635 -0.0135599 -0.00549469 -0.00621603 -0.01335103 -0.00519411 -0.00585 -0.01327458 -0.00508409 -0.00535 -0.01335103 -0.00519411 -0.00485 -0.00097913 -0.01542859 -0.00447205 -0.00109361 -0.01564639 -0.00465906 -0.00113604 -0.01579118 -0.00485004 -0.00114499 -0.01583889 -0.00493603 -0.00097913 -0.01542859 -0.00622795 -0.00106311 -0.0155742 -0.00611314 -0.00113501 -0.01578637 -0.00585772 -0.00115446 -0.01591605 -0.00555343 -0.00115619 -0.01594028 -0.00535019 -0.00115575 -0.01593336 -0.00524117 0.00629845 -0.01411841 -0.00622795 0.0059053 -0.01384521 -0.00635 0.00549469 -0.0135599 -0.00621603 0.00519411 -0.01335103 -0.00585 0.00508409 -0.01327458 -0.00535 0.00629845 -0.01411841 -0.00447205 0.0059053 -0.01384521 -0.00435 0.00549469 -0.0135599 -0.00448398 0.00519411 -0.01335103 -0.00485 0.01440351 0.00657197 -0.00584996 0.01444511 0.006597 -0.00576398 0.01428261 0.00648171 -0.00604094 0.01422559 0.00642794 -0.00458686 0.01439937 0.00656932 -0.00484228 0.01451412 0.00663278 -0.00514657 0.01453623 0.00664285 -0.00534981 0.01452989 0.00664003 -0.00545883 0.00070594 0.01503543 -0.00635 0.00042062 0.01462483 -0.00621603 0.00070594 0.01503543 -0.00435 0.00042062 0.01462483 -0.00448398 0.00021175 0.01432425 -0.00485 0.0001353 0.01421423 -0.00535 0.00021175 0.01432425 -0.00585 0.00140186 0.01516072 -0.00448398 0.00111654 0.01475011 -0.00435 0.00083122 0.01433951 -0.00448398 0.00062236 0.01403893 -0.00485 0.00054591 0.01392891 -0.00535 0.00062236 0.01403893 -0.00585 0.00083122 0.01433951 -0.00621603 0.00111654 0.01475011 -0.00635 0.00140186 0.01516072 -0.00621603 0.00161072 0.0154613 -0.00485 0.00168717 0.01557132 -0.00535 0.00161072 0.0154613 -0.00585 0.01503543 -0.00070594 -0.00635 0.01462483 -0.00042062 -0.00621603 0.01503543 -0.00070594 -0.00435 0.01462483 -0.00042062 -0.00448398 0.01432425 -0.00021175 -0.00485 0.01421423 -0.0001353 -0.00535 0.01432425 -0.00021175 -0.00585 0.00657197 -0.01440351 -0.00584996 0.006597 -0.01444511 -0.00576398 0.00648171 -0.01428261 -0.00604094 0.00642794 -0.01422559 -0.00458686 0.00656932 -0.01439937 -0.00484228 0.00663278 -0.01451412 -0.00514657 0.00664285 -0.01453623 -0.00534981 0.00664003 -0.01452989 -0.00545883 0.01516072 -0.00140186 -0.00448398 0.01475011 -0.00111654 -0.00435 0.01433951 -0.00083122 -0.00448398 0.01403893 -0.00062236 -0.00485 0.01392891 -0.00054591 -0.00535 0.01403893 -0.00062236 -0.00585 0.01433951 -0.00083122 -0.00621603 0.01475011 -0.00111654 -0.00635 0.01516072 -0.00140186 -0.00621603 0.0154613 -0.00161072 -0.00485 0.01557132 -0.00168717 -0.00535 0.0154613 -0.00161072 -0.00585 -0.01440351 -0.00657197 -0.00584996 -0.01444511 -0.006597 -0.00576397 -0.01428261 -0.00648171 -0.00604094 -0.01422559 -0.00642794 -0.00458686 -0.01439937 -0.00656933 -0.00484228 -0.01451412 -0.00663278 -0.00514657 -0.01453623 -0.00664285 -0.00534981 -0.01452989 -0.00664003 -0.00545883 -0.00070594 -0.01503543 -0.00435 -0.00042062 -0.01462483 -0.00448398 -0.00021175 -0.01432425 -0.00485 -0.0001353 -0.01421423 -0.00535 -0.00070594 -0.01503543 -0.00635 -0.00042062 -0.01462483 -0.00621603 -0.00021175 -0.01432425 -0.00585 -0.00140186 -0.01516072 -0.00448398 -0.00111654 -0.01475011 -0.00435 -0.00083122 -0.01433951 -0.00448398 -0.00062236 -0.01403893 -0.00485 -0.00054591 -0.01392891 -0.00535 -0.00062236 -0.01403893 -0.00585 -0.00083122 -0.01433951 -0.00621603 -0.00111654 -0.01475011 -0.00635 -0.00140186 -0.01516072 -0.00621603 -0.00161072 -0.0154613 -0.00485 -0.00168717 -0.01557132 -0.00535 -0.00161072 -0.0154613 -0.00585 -0.00657197 0.01440351 -0.00584996 -0.006597 0.01444511 -0.00576398 -0.00648171 0.01428261 -0.00604094 -0.00642794 0.01422559 -0.00458686 -0.00656932 0.01439937 -0.00484228 -0.00663278 0.01451412 -0.00514657 -0.00664285 0.01453623 -0.00534981 -0.00664003 0.01452989 -0.00545883 -0.01503543 0.00070594 -0.00435 -0.01462483 0.00042062 -0.00448398 -0.01432425 0.00021175 -0.00485 -0.01421423 0.0001353 -0.00535 -0.01503543 0.00070594 -0.00635 -0.01462483 0.00042062 -0.00621603 -0.01432425 0.00021175 -0.00585 -0.01516072 0.00140186 -0.00448398 -0.01475011 0.00111654 -0.00435 -0.01433951 0.00083122 -0.00448398 -0.01403893 0.00062236 -0.00485 -0.01392891 0.00054591 -0.00535 -0.01403893 0.00062236 -0.00585 -0.01433951 0.00083122 -0.00621603 -0.01475011 0.00111654 -0.00635 -0.01516072 0.00140186 -0.00621603 -0.0154613 0.00161072 -0.00485 -0.01557132 0.00168717 -0.00535 -0.0154613 0.00161072 -0.00585 0.01343461 0.00619061 -0.00635 0.01371993 0.00660121 -0.00621603 0.0139288 0.0069018 -0.00585 0.01400525 0.00701182 -0.00535 0.0139288 0.0069018 -0.00485 0.0131493 0.00578001 -0.00621603 0.01294043 0.00547943 -0.00585 0.01286398 0.00536941 -0.00535 0.01294043 0.00547943 -0.00485 0.0131493 0.00578001 -0.00448398 0.01343461 0.00619061 -0.00435 0.01371993 0.00660121 -0.00448398 0.01242349 0.00579758 -0.00213878 0.01211123 0.00534821 -0.00234537 0.01227461 0.00502447 -0.00268671 0.01194815 0.0051135 -0.00250061 0.01175041 0.00482895 -0.00274268 0.01189885 0.00448371 -0.00322243 0.01154613 0.00453496 -0.00307376 0.01144909 0.00439531 -0.00327073 0.01161951 0.0040817 -0.00391594 0.01124727 0.00410487 -0.00381573 0.01107372 0.00385511 -0.0046715 0.01145729 0.00384826 -0.00471581 0.01103391 0.00379782 -0.00535 0.01142424 0.00380068 -0.00556272 0.01103835 0.00380421 -0.00557758 0.01152279 0.00394251 -0.00639385 0.01108163 0.00386649 -0.00609208 0.01114379 0.00395595 -0.00646679 0.01122237 0.00406903 -0.00679695 0.01174565 0.00426323 -0.00714756 0.01138222 0.00429908 -0.00727316 0.01144909 0.00439531 -0.00742927 0.01207628 0.00473904 -0.00776795 0.01173595 0.00480814 -0.00793691 0.01217876 0.00544538 -0.0084088 0.01249016 0.00533466 -0.00820902 0.0129566 0.00600592 -0.00843804 0.01251346 0.00592705 -0.00860127 0.01267779 0.00616354 -0.00865383 0.013441 0.00670303 -0.00843804 0.01293691 0.00653645 -0.00868489 0.01319604 0.00690936 -0.00865383 0.01336037 0.00714585 -0.00860127 0.01390744 0.00737429 -0.00820902 0.01369507 0.00762752 -0.0084088 0.01413787 0.00826477 -0.00793691 0.01432132 0.00796991 -0.00776795 0.01442474 0.00867759 -0.00742927 0.01465195 0.00844572 -0.00714756 0.0144916 0.00877383 -0.00727316 0.0148748 0.00876644 -0.00639385 0.01465145 0.00900387 -0.00679695 0.01483547 0.00926869 -0.00557758 0.01497336 0.00890827 -0.00556272 0.0147922 0.00920641 -0.00609208 0.01473003 0.00911695 -0.00646679 0.01483991 0.00927508 -0.00535 0.01480011 0.0092178 -0.0046715 0.0149403 0.00886069 -0.00471581 0.01462656 0.00896804 -0.00381573 0.01477808 0.00862725 -0.00391594 0.01442474 0.00867759 -0.00327073 0.01449874 0.00822524 -0.00322243 0.01432769 0.00853794 -0.00307376 0.01412298 0.00768448 -0.00268671 0.01412341 0.00824396 -0.00274268 0.01392568 0.0079594 -0.00250061 0.01376259 0.0077247 -0.00234537 0.01367869 0.00704509 -0.00234851 0.01271891 0.00566386 -0.00234851 0.0131988 0.00635447 -0.00223292 0.01293691 0.00653645 -0.00201511 0.01345034 0.00727532 -0.00213878 0.01496439 0.00852281 -0.00554072 0.01487603 0.00839565 -0.00628588 0.01467622 0.00810811 -0.00696163 0.01437979 0.00768151 -0.00751786 0.01400872 0.00714749 -0.0079133 0.01359052 0.00654567 -0.00811864 0.01315623 0.00592066 -0.00811864 0.01273803 0.00531884 -0.0079133 0.01236696 0.00478482 -0.00751786 0.01207053 0.00435822 -0.00696163 0.01187072 0.00407068 -0.00628588 0.01178236 0.00394352 -0.00554072 0.011812 0.00398617 -0.00478141 0.01195744 0.00419547 -0.00406427 0.01220789 0.0045559 -0.00344249 0.01254478 0.00504072 -0.00296218 0.01294312 0.00561398 -0.00265896 0.01337338 0.00623316 -0.00255533 0.01380363 0.00685235 -0.00265896 0.01420197 0.00742561 -0.00296218 0.01453886 0.00791043 -0.00344249 0.01478931 0.00827086 -0.00406427 0.01493475 0.00848016 -0.00478141 0.01478429 0.00813295 -0.0048585 0.01481312 0.00817444 -0.00535 0.01480991 0.00816981 -0.00551486 0.01473353 0.00805989 -0.00615899 0.01456081 0.00781134 -0.00674312 0.01430457 0.00744258 -0.00722393 0.01398381 0.00698097 -0.00756575 0.01362232 0.00646074 -0.00774325 0.01324691 0.00592048 -0.00774325 0.01288541 0.00540025 -0.00756575 0.01256465 0.00493864 -0.00722393 0.01230841 0.00456989 -0.00674312 0.0121357 0.00432133 -0.00615899 0.01205932 0.00421141 -0.00551486 0.01208494 0.00424828 -0.0048585 0.01221066 0.0044292 -0.0042386 0.01242715 0.00474076 -0.00370112 0.01271836 0.00515985 -0.00328594 0.0130627 0.00565538 -0.00302383 0.01343461 0.00619061 -0.00293425 0.01380653 0.00672584 -0.00302383 0.01415086 0.00722138 -0.00328594 0.01444208 0.00764046 -0.00370112 0.01465857 0.00795202 -0.0042386 0.00249505 0.01673394 -0.00535 0.00246621 0.01669245 -0.0048585 0.00273915 0.01695455 -0.00478141 0.0023405 0.01651152 -0.0042386 0.00259371 0.01674525 -0.00406427 0.002124 0.01619997 -0.00370112 0.00234326 0.01638483 -0.00344249 0.00183279 0.01578088 -0.00328594 0.00200637 0.0159 -0.00296218 0.00148846 0.01528534 -0.00302383 0.00160803 0.01532674 -0.00265896 0.00111654 0.01475011 -0.00293425 0.00117778 0.01470756 -0.00255533 0.00074462 0.01421488 -0.00302383 0.00074752 0.01408838 -0.00265896 0.00040029 0.01371935 -0.00328594 0.00034918 0.01351512 -0.00296218 0.00010908 0.01330026 -0.00370112 1.229E-05 0.0130303 -0.00344249 -0.00010742 0.0129887 -0.0042386 -0.00023816 0.01266987 -0.00406427 -0.00023314 0.01280778 -0.0048585 -0.0003836 0.01246057 -0.00478141 -0.00025876 0.01277091 -0.00551486 -0.00041324 0.01241792 -0.00554072 -0.00018238 0.01288083 -0.00615899 -0.00032488 0.01254508 -0.00628588 -9.66E-06 0.01312939 -0.00674312 -0.00012507 0.01283262 -0.00696163 0.00024658 0.01349814 -0.00722393 0.00017136 0.01325922 -0.00751786 0.00056734 0.01395975 -0.00756575 0.00054243 0.01379323 -0.0079133 0.00092883 0.01447998 -0.00774325 0.00096063 0.01439506 -0.00811864 0.00130425 0.01502024 -0.00774325 0.00139493 0.01502006 -0.00811864 0.00166574 0.01554047 -0.00756575 0.00181312 0.01562189 -0.0079133 0.0019865 0.01600208 -0.00722393 0.00218419 0.01615591 -0.00751786 0.00224274 0.01637084 -0.00674312 0.00248062 0.0165825 -0.00696163 0.00241545 0.0166194 -0.00615899 0.00268043 0.01687005 -0.00628588 0.00249183 0.01672931 -0.00551486 0.00276879 0.01699721 -0.00554072 0.00183224 0.01527687 -0.00234851 0.00227654 0.01591626 -0.00268671 0.0026523 0.01645701 -0.00322243 0.00293164 0.01685902 -0.00391594 0.00309386 0.01709247 -0.00471581 0.00312692 0.01714004 -0.00556272 0.00302836 0.01699821 -0.00639385 0.00280551 0.0166775 -0.00714756 0.00247488 0.01620168 -0.00776795 0.00206099 0.01560606 -0.00820902 0.00159456 0.0149348 -0.00843804 0.00111015 0.0142377 -0.00843804 0.00064372 0.01356644 -0.00820902 0.00022983 0.01297082 -0.00776795 -0.0001008 0.01249501 -0.00714756 -0.00032365 0.01217429 -0.00639385 -0.00042221 0.01203246 -0.00556272 -0.00038915 0.01208003 -0.00471581 -0.00022693 0.01231348 -0.00391594 5.241E-05 0.01271549 -0.00322243 0.00042817 0.01325624 -0.00268671 0.00087247 0.01389564 -0.00234851 0.00135235 0.01458625 -0.00223292 0.00042774 0.01269677 -0.00274268 0.00012641 0.01226313 -0.00327073 -0.0001003 0.01193686 -0.00390305 -0.00024105 0.01173431 -0.00460792 -0.00028876 0.01166565 -0.00535 -0.00024105 0.01173431 -0.00609208 -0.00017888 0.01182377 -0.00646679 -0.0001003 0.01193686 -0.00679695 0.00012641 0.01226313 -0.00742927 0.00042774 0.01269677 -0.00795732 0.00078856 0.01321603 -0.00835463 0.00119078 0.01379487 -0.00860127 0.00135511 0.01403137 -0.00865383 0.00346952 0.01707424 -0.00609208 0.00340736 0.01698477 -0.00646679 0.00332878 0.01687169 -0.00679695 0.00310206 0.01654542 -0.00742927 0.00280074 0.01611178 -0.00795732 0.00243992 0.01559252 -0.00835463 0.0020377 0.01501368 -0.00860127 0.00161424 0.01440427 -0.00868489 0.00351724 0.0171429 -0.00535 0.00346952 0.01707424 -0.00460792 0.00332878 0.01687169 -0.00390305 0.00310206 0.01654542 -0.00327073 0.00280074 0.01611178 -0.00274268 0.00260301 0.01582722 -0.00250061 0.00062547 0.01298133 -0.00250061 0.00078856 0.01321603 -0.00234537 0.00119078 0.01379487 -0.00209873 0.00161424 0.01440427 -0.00201511 0.0020377 0.01501368 -0.00209873 0.00243992 0.01559252 -0.00234537 0.01086348 0.00688708 -0.00927228 0.00422443 0.01137464 -0.00972466 0.00266597 0.01258331 -0.00927228 0.00317682 0.01331848 -0.00937315 0.00110843 0.01034183 -0.00709558 0.0041729 0.01475196 -0.00172527 0.0049717 0.01590152 -0.00785839 0.00460819 0.01537838 -0.00849542 0.0041729 0.01475196 -0.00897473 0.00368767 0.01405365 -0.00927228 0.00218073 0.011885 -0.00897473 0.00368323 0.0105958 -0.00939279 0.00527595 0.00936565 -0.00960323 0.00174545 0.01125858 -0.00849542 0.00319773 0.00989712 -0.0088582 0.00476519 0.00863061 -0.00904082 0.00642684 0.00747597 -0.00904082 0.00138194 0.01073544 -0.00785839 0.0027923 0.00931365 -0.0081477 0.00433864 0.00801677 -0.00829333 0.0060003 0.00686213 -0.00829333 0.00775506 0.00586516 -0.0081477 0.00248724 0.00887465 -0.00729691 0.00401771 0.00755491 -0.00739825 0.00567937 0.00640027 -0.00739825 0.00745 0.00542616 -0.00729691 0.00930594 0.0046456 -0.00709558 0.01086793 0.01034493 -0.00939279 0.01237042 0.00905572 -0.00897473 0.01188518 0.00835742 -0.00927228 0.0128057 0.00968215 -0.00849542 0.01135342 0.0110436 -0.0088582 0.00978597 0.01231012 -0.00904082 0.01316922 0.01020528 -0.00785839 0.01175885 0.01162707 -0.0081477 0.01021251 0.01292396 -0.00829333 0.00855085 0.0140786 -0.00829333 0.01344272 0.01059889 -0.00709558 0.01206391 0.01206608 -0.00729691 0.01053344 0.01338582 -0.00739825 0.00887178 0.01454046 -0.00739825 0.00710115 0.01551457 -0.00729691 0.00547256 0.01662231 -0.00535 0.005415 0.01653947 -0.00445477 0.00735472 0.01587949 -0.00535 0.00729052 0.0157871 -0.00435151 0.00913855 0.01492437 -0.00535 0.00907101 0.01482717 -0.00429954 0.01080021 0.01376973 -0.00535 0.01073267 0.01367253 -0.00429954 0.01231748 0.012431 -0.00535 0.01225328 0.01233861 -0.00435151 0.01367007 0.01092607 -0.00535 0.01361252 0.01084324 -0.00445477 0.00524521 0.01629513 -0.00360442 0.00710115 0.01551457 -0.00340309 0.00887178 0.01454046 -0.00330175 0.01053344 0.01338582 -0.00330175 0.01206391 0.01206608 -0.00340309 0.01344272 0.01059889 -0.00360442 0.0049717 0.01590152 -0.00284161 0.00679609 0.01507556 -0.0025523 0.00855085 0.0140786 -0.00240667 0.01021251 0.01292396 -0.00240667 0.01175885 0.01162707 -0.0025523 0.01316922 0.01020528 -0.00284161 0.00368767 0.01405365 -0.00142772 0.00590517 0.01379342 -0.00130721 0.00536397 0.01301457 -0.00097534 0.00761354 0.01272972 -0.00109677 0.00704418 0.01191033 -0.00074763 0.0092752 0.01157507 -0.00109677 0.00870583 0.01075569 -0.00074763 0.01086793 0.01034493 -0.00130721 0.01032673 0.00956608 -0.00097534 0.01237042 0.00905572 -0.00172527 0.01188518 0.00835742 -0.00142772 0.00317682 0.01331848 -0.00132685 0.0047942 0.01219461 -0.00086284 0.00644475 0.01104768 -0.00062927 0.0081064 0.00989304 -0.00062927 0.00975696 0.00874612 -0.00086284 0.01137433 0.00762225 -0.00132685 0.00266597 0.01258331 -0.00142772 0.00422443 0.01137464 -0.00097534 0.00584532 0.01018504 -0.00074763 0.00750698 0.0090304 -0.00074763 0.00918719 0.00792616 -0.00097534 0.01086348 0.00688708 -0.00142772 0.00218073 0.011885 -0.00172527 0.00368323 0.0105958 -0.00130721 0.00527595 0.00936565 -0.00109677 0.00693761 0.00821101 -0.00109677 0.00864599 0.00714731 -0.00130721 0.01037825 0.00618877 -0.00172527 0.00138194 0.01073544 -0.00284161 0.00110843 0.01034183 -0.00360442 0.0027923 0.00931365 -0.0025523 0.00248724 0.00887465 -0.00340309 0.00433864 0.00801677 -0.00240667 0.00401771 0.00755491 -0.00330175 0.0060003 0.00686213 -0.00240667 0.00567937 0.00640027 -0.00330175 0.00775506 0.00586516 -0.0025523 0.00745 0.00542616 -0.00340309 0.00957945 0.00503921 -0.00284161 0.00930594 0.0046456 -0.00360442 0.00093864 0.01009749 -0.00445477 0.00229787 0.00860212 -0.00435151 0.00381848 0.00726819 -0.00429954 0.00548014 0.00611355 -0.00429954 0.00726063 0.00515363 -0.00435151 0.00913615 0.00440125 -0.00445477 0.00088108 0.01001465 -0.00535 0.00223367 0.00850973 -0.00535 0.00375094 0.007171 -0.00535 0.0054126 0.00601635 -0.00535 0.00719643 0.00506124 -0.00535 0.00907859 0.00431842 -0.00535 0.00524521 0.01629513 -0.00709558 0.00679609 0.01507556 -0.0081477 0.00812431 0.01346476 -0.00904082 0.0092752 0.01157507 -0.00960323 0.01032673 0.00956608 -0.00972466 0.01137433 0.00762225 -0.00937315 0.01361252 0.01084324 -0.00624523 0.01225328 0.01233861 -0.00634849 0.01073267 0.01367253 -0.00640046 0.00907101 0.01482717 -0.00640046 0.00729052 0.0157871 -0.00634849 0.005415 0.01653947 -0.00624523 0.0128057 0.00968215 -0.00220458 0.01135342 0.0110436 -0.0018418 0.00978597 0.01231012 -0.00165918 0.00812431 0.01346476 -0.00165918 0.00639066 0.01449209 -0.0018418 0.00460819 0.01537838 -0.00220458 0.00994296 0.00556234 -0.00220458 0.0081605 0.00644863 -0.0018418 0.00642684 0.00747597 -0.00165918 0.00476519 0.00863061 -0.00165918 0.00319773 0.00989712 -0.0018418 0.00174545 0.01125858 -0.00220458 0.00913615 0.00440125 -0.00624523 0.00726063 0.00515363 -0.00634849 0.00548014 0.00611355 -0.00640046 0.00381848 0.00726819 -0.00640046 0.00229787 0.00860212 -0.00634849 0.00093864 0.01009749 -0.00624523 0.00957945 0.00503921 -0.00785839 0.0047942 0.01219461 -0.00983716 0.00584532 0.01018504 -0.00995237 0.00693761 0.00821101 -0.00960323 0.0081605 0.00644863 -0.0088582 0.00536397 0.01301457 -0.00972466 0.00644475 0.01104768 -0.01007073 0.00750698 0.0090304 -0.00995237 0.00864599 0.00714731 -0.00939279 0.00994296 0.00556234 -0.00849542 0.00590517 0.01379342 -0.00939279 0.00704418 0.01191033 -0.00995237 0.0081064 0.00989304 -0.01007073 0.00918719 0.00792616 -0.00972466 0.01037825 0.00618877 -0.00897473 0.00639066 0.01449209 -0.0088582 0.00761354 0.01272972 -0.00960323 0.00870583 0.01075569 -0.00995237 0.00975696 0.00874612 -0.00983716 0.00619061 -0.01343461 -0.00635 0.00660121 -0.01371993 -0.00621603 0.0069018 -0.0139288 -0.00585 0.00701182 -0.01400525 -0.00535 0.0069018 -0.0139288 -0.00485 0.00578001 -0.0131493 -0.00621603 0.00547943 -0.01294043 -0.00585 0.00536941 -0.01286398 -0.00535 0.00547943 -0.01294043 -0.00485 0.00578001 -0.0131493 -0.00448398 0.00619061 -0.01343461 -0.00435 0.00660121 -0.01371993 -0.00448398 0.00579758 -0.01242349 -0.00213878 0.00534821 -0.01211123 -0.00234537 0.00502447 -0.01227461 -0.00268671 0.0051135 -0.01194815 -0.00250061 0.00482895 -0.01175041 -0.00274268 0.00448371 -0.01189885 -0.00322243 0.00453496 -0.01154613 -0.00307376 0.00439531 -0.01144909 -0.00327073 0.0040817 -0.01161951 -0.00391594 0.00410487 -0.01124727 -0.00381573 0.00385511 -0.01107372 -0.0046715 0.00384826 -0.01145729 -0.00471581 0.00379782 -0.01103391 -0.00535 0.00380068 -0.01142424 -0.00556272 0.00380421 -0.01103835 -0.00557758 0.00394251 -0.01152279 -0.00639385 0.00386649 -0.01108163 -0.00609208 0.00395595 -0.01114379 -0.00646679 0.00406903 -0.01122237 -0.00679695 0.00426323 -0.01174565 -0.00714756 0.00429908 -0.01138222 -0.00727316 0.00439531 -0.01144909 -0.00742927 0.00473904 -0.01207628 -0.00776795 0.00480814 -0.01173595 -0.00793691 0.00544538 -0.01217876 -0.0084088 0.00533466 -0.01249016 -0.00820902 0.00600592 -0.0129566 -0.00843804 0.00592705 -0.01251346 -0.00860127 0.00616354 -0.01267779 -0.00865383 0.00670303 -0.013441 -0.00843804 0.00653645 -0.01293691 -0.00868489 0.00690936 -0.01319604 -0.00865383 0.00714585 -0.01336037 -0.00860127 0.00737429 -0.01390744 -0.00820902 0.00762752 -0.01369507 -0.0084088 0.00826477 -0.01413787 -0.00793691 0.00796991 -0.01432132 -0.00776795 0.00867759 -0.01442474 -0.00742927 0.00844572 -0.01465195 -0.00714756 0.00877383 -0.0144916 -0.00727316 0.00876644 -0.0148748 -0.00639385 0.00900387 -0.01465145 -0.00679695 0.00926869 -0.01483547 -0.00557758 0.00890827 -0.01497336 -0.00556272 0.00920641 -0.0147922 -0.00609208 0.00911695 -0.01473003 -0.00646679 0.00927508 -0.01483991 -0.00535 0.0092178 -0.01480011 -0.0046715 0.00886069 -0.0149403 -0.00471581 0.00896804 -0.01462656 -0.00381573 0.00862725 -0.01477808 -0.00391594 0.00867759 -0.01442474 -0.00327073 0.00822524 -0.01449874 -0.00322243 0.00853794 -0.01432769 -0.00307376 0.00768448 -0.01412298 -0.00268671 0.00824396 -0.01412341 -0.00274268 0.0079594 -0.01392568 -0.00250061 0.0077247 -0.01376259 -0.00234537 0.00704509 -0.01367869 -0.00234851 0.00566386 -0.01271891 -0.00234851 0.00635447 -0.0131988 -0.00223292 0.00653645 -0.01293691 -0.00201511 0.00727532 -0.01345034 -0.00213878 0.00852281 -0.01496439 -0.00554072 0.00839565 -0.01487603 -0.00628588 0.00810811 -0.01467622 -0.00696163 0.00768151 -0.01437979 -0.00751786 0.00714749 -0.01400872 -0.0079133 0.00654567 -0.01359052 -0.00811864 0.00592066 -0.01315623 -0.00811864 0.00531884 -0.01273803 -0.0079133 0.00478482 -0.01236696 -0.00751786 0.00435822 -0.01207053 -0.00696163 0.00407068 -0.01187072 -0.00628588 0.00394352 -0.01178236 -0.00554072 0.00398617 -0.011812 -0.00478141 0.00419547 -0.01195744 -0.00406427 0.0045559 -0.01220789 -0.00344249 0.00504072 -0.01254478 -0.00296218 0.00561398 -0.01294312 -0.00265896 0.00623316 -0.01337338 -0.00255533 0.00685235 -0.01380363 -0.00265896 0.00742561 -0.01420197 -0.00296218 0.00791043 -0.01453886 -0.00344249 0.00827086 -0.01478931 -0.00406427 0.00848016 -0.01493475 -0.00478141 0.00813295 -0.01478429 -0.0048585 0.00817444 -0.01481312 -0.00535 0.00816981 -0.01480991 -0.00551486 0.00805989 -0.01473353 -0.00615899 0.00781134 -0.01456081 -0.00674312 0.00744258 -0.01430457 -0.00722393 0.00698097 -0.01398381 -0.00756575 0.00646074 -0.01362232 -0.00774325 0.00592048 -0.01324691 -0.00774325 0.00540025 -0.01288541 -0.00756575 0.00493864 -0.01256465 -0.00722393 0.00456989 -0.01230841 -0.00674312 0.00432133 -0.0121357 -0.00615899 0.00421141 -0.01205932 -0.00551486 0.00424828 -0.01208494 -0.0048585 0.0044292 -0.01221066 -0.0042386 0.00474076 -0.01242715 -0.00370112 0.00515985 -0.01271836 -0.00328594 0.00565538 -0.0130627 -0.00302383 0.00619061 -0.01343461 -0.00293425 0.00672584 -0.01380653 -0.00302383 0.00722138 -0.01415086 -0.00328594 0.00764046 -0.01444208 -0.00370112 0.00795202 -0.01465857 -0.0042386 0.01673394 -0.00249505 -0.00535 0.01669245 -0.00246621 -0.0048585 0.01695455 -0.00273915 -0.00478141 0.01651152 -0.0023405 -0.0042386 0.01674525 -0.00259371 -0.00406427 0.01619997 -0.002124 -0.00370112 0.01638483 -0.00234326 -0.00344249 0.01578088 -0.00183279 -0.00328594 0.0159 -0.00200637 -0.00296218 0.01528534 -0.00148846 -0.00302383 0.01532674 -0.00160803 -0.00265896 0.01475011 -0.00111654 -0.00293425 0.01470756 -0.00117778 -0.00255533 0.01421488 -0.00074462 -0.00302383 0.01408838 -0.00074752 -0.00265896 0.01371935 -0.00040029 -0.00328594 0.01351512 -0.00034918 -0.00296218 0.01330026 -0.00010908 -0.00370112 0.0130303 -1.229E-05 -0.00344249 0.0129887 0.00010742 -0.0042386 0.01266987 0.00023816 -0.00406427 0.01280778 0.00023314 -0.0048585 0.01246057 0.0003836 -0.00478141 0.01277091 0.00025876 -0.00551486 0.01241792 0.00041324 -0.00554072 0.01288083 0.00018238 -0.00615899 0.01254508 0.00032488 -0.00628588 0.01312939 9.66E-06 -0.00674312 0.01283262 0.00012507 -0.00696163 0.01349814 -0.00024658 -0.00722393 0.01325922 -0.00017136 -0.00751786 0.01395975 -0.00056734 -0.00756575 0.01379323 -0.00054243 -0.0079133 0.01447998 -0.00092883 -0.00774325 0.01439506 -0.00096063 -0.00811864 0.01502024 -0.00130425 -0.00774325 0.01502006 -0.00139493 -0.00811864 0.01554047 -0.00166574 -0.00756575 0.01562189 -0.00181312 -0.0079133 0.01600208 -0.0019865 -0.00722393 0.01615591 -0.00218419 -0.00751786 0.01637084 -0.00224274 -0.00674312 0.0165825 -0.00248062 -0.00696163 0.0166194 -0.00241545 -0.00615899 0.01687005 -0.00268043 -0.00628588 0.01672931 -0.00249183 -0.00551486 0.01699721 -0.00276879 -0.00554072 0.01527687 -0.00183224 -0.00234851 0.01591626 -0.00227654 -0.00268671 0.01645701 -0.0026523 -0.00322243 0.01685902 -0.00293164 -0.00391594 0.01709247 -0.00309386 -0.00471581 0.01714004 -0.00312692 -0.00556272 0.01699821 -0.00302836 -0.00639385 0.0166775 -0.00280551 -0.00714756 0.01620168 -0.00247488 -0.00776795 0.01560606 -0.00206099 -0.00820902 0.0149348 -0.00159456 -0.00843804 0.0142377 -0.00111015 -0.00843804 0.01356644 -0.00064372 -0.00820902 0.01297082 -0.00022983 -0.00776795 0.01249501 0.0001008 -0.00714756 0.01217429 0.00032365 -0.00639385 0.01203246 0.00042221 -0.00556272 0.01208003 0.00038915 -0.00471581 0.01231348 0.00022693 -0.00391594 0.01271549 -5.241E-05 -0.00322243 0.01325624 -0.00042817 -0.00268671 0.01389564 -0.00087247 -0.00234851 0.01458625 -0.00135235 -0.00223292 0.01269677 -0.00042774 -0.00274268 0.01226313 -0.00012641 -0.00327073 0.01193686 0.0001003 -0.00390305 0.01173431 0.00024105 -0.00460792 0.01166565 0.00028876 -0.00535 0.01173431 0.00024105 -0.00609208 0.01182377 0.00017888 -0.00646679 0.01193686 0.0001003 -0.00679695 0.01226313 -0.00012641 -0.00742927 0.01269677 -0.00042774 -0.00795732 0.01321603 -0.00078856 -0.00835463 0.01379487 -0.00119078 -0.00860127 0.01403137 -0.00135511 -0.00865383 0.01707424 -0.00346952 -0.00609208 0.01698477 -0.00340736 -0.00646679 0.01687169 -0.00332878 -0.00679695 0.01654542 -0.00310206 -0.00742927 0.01611178 -0.00280074 -0.00795732 0.01559252 -0.00243992 -0.00835463 0.01501368 -0.0020377 -0.00860127 0.01440427 -0.00161424 -0.00868489 0.0171429 -0.00351724 -0.00535 0.01707424 -0.00346952 -0.00460792 0.01687169 -0.00332878 -0.00390305 0.01654542 -0.00310206 -0.00327073 0.01611178 -0.00280074 -0.00274268 0.01582722 -0.00260301 -0.00250061 0.01298133 -0.00062547 -0.00250061 0.01321603 -0.00078856 -0.00234537 0.01379487 -0.00119078 -0.00209873 0.01440427 -0.00161424 -0.00201511 0.01501368 -0.0020377 -0.00209873 0.01559252 -0.00243992 -0.00234537 0.00688708 -0.01086348 -0.00927228 0.01137464 -0.00422443 -0.00972466 0.01258331 -0.00266597 -0.00927228 0.01331848 -0.00317682 -0.00937315 0.01034183 -0.00110843 -0.00709558 0.01475196 -0.0041729 -0.00172527 0.01590152 -0.0049717 -0.00785839 0.01537838 -0.00460819 -0.00849542 0.01475196 -0.0041729 -0.00897473 0.01405365 -0.00368767 -0.00927228 0.011885 -0.00218073 -0.00897473 0.0105958 -0.00368323 -0.00939279 0.00936565 -0.00527595 -0.00960323 0.01125858 -0.00174545 -0.00849542 0.00989712 -0.00319773 -0.0088582 0.00863061 -0.00476519 -0.00904082 0.00747597 -0.00642684 -0.00904082 0.01073544 -0.00138194 -0.00785839 0.00931365 -0.0027923 -0.0081477 0.00801677 -0.00433864 -0.00829333 0.00686213 -0.0060003 -0.00829333 0.00586516 -0.00775506 -0.0081477 0.00887465 -0.00248724 -0.00729691 0.00755491 -0.00401771 -0.00739825 0.00640027 -0.00567937 -0.00739825 0.00542616 -0.00745 -0.00729691 0.0046456 -0.00930594 -0.00709558 0.01034493 -0.01086793 -0.00939279 0.00905572 -0.01237042 -0.00897473 0.00835742 -0.01188518 -0.00927228 0.00968215 -0.0128057 -0.00849542 0.0110436 -0.01135342 -0.0088582 0.01231012 -0.00978597 -0.00904082 0.01020528 -0.01316922 -0.00785839 0.01162707 -0.01175885 -0.0081477 0.01292396 -0.01021251 -0.00829333 0.0140786 -0.00855085 -0.00829333 0.01059889 -0.01344272 -0.00709558 0.01206608 -0.01206391 -0.00729691 0.01338582 -0.01053344 -0.00739825 0.01454046 -0.00887178 -0.00739825 0.01551457 -0.00710115 -0.00729691 0.01662231 -0.00547256 -0.00535 0.01653947 -0.005415 -0.00445477 0.01587949 -0.00735472 -0.00535 0.0157871 -0.00729052 -0.00435151 0.01492437 -0.00913855 -0.00535 0.01482717 -0.00907101 -0.00429954 0.01376973 -0.01080021 -0.00535 0.01367253 -0.01073267 -0.00429954 0.012431 -0.01231748 -0.00535 0.01233861 -0.01225328 -0.00435151 0.01092607 -0.01367007 -0.00535 0.01084324 -0.01361252 -0.00445477 0.01629513 -0.00524521 -0.00360442 0.01551457 -0.00710115 -0.00340309 0.01454046 -0.00887178 -0.00330175 0.01338582 -0.01053344 -0.00330175 0.01206608 -0.01206391 -0.00340309 0.01059889 -0.01344272 -0.00360442 0.01590152 -0.0049717 -0.00284161 0.01507556 -0.00679609 -0.0025523 0.0140786 -0.00855085 -0.00240667 0.01292396 -0.01021251 -0.00240667 0.01162707 -0.01175885 -0.0025523 0.01020528 -0.01316922 -0.00284161 0.01405365 -0.00368767 -0.00142772 0.01379342 -0.00590517 -0.00130721 0.01301457 -0.00536397 -0.00097534 0.01272972 -0.00761354 -0.00109677 0.01191033 -0.00704418 -0.00074763 0.01157507 -0.0092752 -0.00109677 0.01075569 -0.00870583 -0.00074763 0.01034493 -0.01086793 -0.00130721 0.00956608 -0.01032673 -0.00097534 0.00905572 -0.01237042 -0.00172527 0.00835742 -0.01188518 -0.00142772 0.01331848 -0.00317682 -0.00132685 0.01219461 -0.0047942 -0.00086284 0.01104768 -0.00644475 -0.00062927 0.00989304 -0.0081064 -0.00062927 0.00874612 -0.00975696 -0.00086284 0.00762225 -0.01137433 -0.00132685 0.01258331 -0.00266597 -0.00142772 0.01137464 -0.00422443 -0.00097534 0.01018504 -0.00584532 -0.00074763 0.0090304 -0.00750698 -0.00074763 0.00792616 -0.00918719 -0.00097534 0.00688708 -0.01086348 -0.00142772 0.011885 -0.00218073 -0.00172527 0.0105958 -0.00368323 -0.00130721 0.00936565 -0.00527595 -0.00109677 0.00821101 -0.00693761 -0.00109677 0.00714731 -0.00864599 -0.00130721 0.00618877 -0.01037825 -0.00172527 0.01073544 -0.00138194 -0.00284161 0.01034183 -0.00110843 -0.00360442 0.00931365 -0.0027923 -0.0025523 0.00887465 -0.00248724 -0.00340309 0.00801677 -0.00433864 -0.00240667 0.00755491 -0.00401771 -0.00330175 0.00686213 -0.0060003 -0.00240667 0.00640027 -0.00567937 -0.00330175 0.00586516 -0.00775506 -0.0025523 0.00542616 -0.00745 -0.00340309 0.00503921 -0.00957945 -0.00284161 0.0046456 -0.00930594 -0.00360442 0.01009749 -0.00093864 -0.00445477 0.00860212 -0.00229787 -0.00435151 0.00726819 -0.00381848 -0.00429954 0.00611355 -0.00548014 -0.00429954 0.00515363 -0.00726063 -0.00435151 0.00440125 -0.00913615 -0.00445477 0.01001465 -0.00088108 -0.00535 0.00850973 -0.00223367 -0.00535 0.007171 -0.00375094 -0.00535 0.00601635 -0.0054126 -0.00535 0.00506124 -0.00719643 -0.00535 0.00431842 -0.00907859 -0.00535 0.01629513 -0.00524521 -0.00709558 0.01507556 -0.00679609 -0.0081477 0.01346476 -0.00812431 -0.00904082 0.01157507 -0.0092752 -0.00960323 0.00956608 -0.01032673 -0.00972466 0.00762225 -0.01137433 -0.00937315 0.01084324 -0.01361252 -0.00624523 0.01233861 -0.01225328 -0.00634849 0.01367253 -0.01073267 -0.00640046 0.01482717 -0.00907101 -0.00640046 0.0157871 -0.00729052 -0.00634849 0.01653947 -0.005415 -0.00624523 0.00968215 -0.0128057 -0.00220458 0.0110436 -0.01135342 -0.0018418 0.01231012 -0.00978597 -0.00165918 0.01346476 -0.00812431 -0.00165918 0.01449209 -0.00639066 -0.0018418 0.01537838 -0.00460819 -0.00220458 0.00556234 -0.00994296 -0.00220458 0.00644863 -0.0081605 -0.0018418 0.00747597 -0.00642684 -0.00165918 0.00863061 -0.00476519 -0.00165918 0.00989712 -0.00319773 -0.0018418 0.01125858 -0.00174545 -0.00220458 0.00440125 -0.00913615 -0.00624523 0.00515363 -0.00726063 -0.00634849 0.00611355 -0.00548014 -0.00640046 0.00726819 -0.00381848 -0.00640046 0.00860212 -0.00229787 -0.00634849 0.01009749 -0.00093864 -0.00624523 0.00503921 -0.00957945 -0.00785839 0.01219461 -0.0047942 -0.00983716 0.01018504 -0.00584532 -0.00995237 0.00821101 -0.00693761 -0.00960323 0.00644863 -0.0081605 -0.0088582 0.01301457 -0.00536397 -0.00972466 0.01104768 -0.00644475 -0.01007073 0.0090304 -0.00750698 -0.00995237 0.00714731 -0.00864599 -0.00939279 0.00556234 -0.00994296 -0.00849542 0.01379342 -0.00590517 -0.00939279 0.01191033 -0.00704418 -0.00995237 0.00989304 -0.0081064 -0.01007073 0.00792616 -0.00918719 -0.00972466 0.00618877 -0.01037825 -0.00897473 0.01449209 -0.00639066 -0.0088582 0.01272972 -0.00761354 -0.00960323 0.01075569 -0.00870583 -0.00995237 0.00874612 -0.00975696 -0.00983716 -0.01343461 -0.00619061 -0.00635 -0.01371993 -0.00660121 -0.00621603 -0.0139288 -0.0069018 -0.00585 -0.01400525 -0.00701182 -0.00535 -0.0139288 -0.0069018 -0.00485 -0.0131493 -0.00578001 -0.00621603 -0.01294043 -0.00547943 -0.00585 -0.01286398 -0.00536941 -0.00535 -0.01294043 -0.00547943 -0.00485 -0.0131493 -0.00578001 -0.00448398 -0.01343461 -0.00619061 -0.00435 -0.01371993 -0.00660121 -0.00448398 -0.01242349 -0.00579758 -0.00213878 -0.01211123 -0.00534821 -0.00234537 -0.01227461 -0.00502447 -0.00268671 -0.01194815 -0.0051135 -0.00250061 -0.01175041 -0.00482895 -0.00274268 -0.01189885 -0.00448371 -0.00322243 -0.01154613 -0.00453496 -0.00307376 -0.01144909 -0.00439531 -0.00327073 -0.01161951 -0.0040817 -0.00391594 -0.01124727 -0.00410487 -0.00381573 -0.01107372 -0.00385511 -0.0046715 -0.01145729 -0.00384826 -0.00471581 -0.01103391 -0.00379782 -0.00535 -0.01142424 -0.00380068 -0.00556272 -0.01103835 -0.00380421 -0.00557758 -0.01152279 -0.00394251 -0.00639385 -0.01108163 -0.00386649 -0.00609208 -0.01114379 -0.00395595 -0.00646679 -0.01122237 -0.00406903 -0.00679695 -0.01174565 -0.00426323 -0.00714756 -0.01138222 -0.00429908 -0.00727316 -0.01144909 -0.00439531 -0.00742927 -0.01207628 -0.00473904 -0.00776795 -0.01173595 -0.00480814 -0.00793691 -0.01217876 -0.00544538 -0.0084088 -0.01249016 -0.00533466 -0.00820902 -0.0129566 -0.00600592 -0.00843804 -0.01251346 -0.00592705 -0.00860127 -0.01267779 -0.00616354 -0.00865383 -0.013441 -0.00670303 -0.00843804 -0.01293691 -0.00653645 -0.00868489 -0.01319604 -0.00690936 -0.00865383 -0.01336037 -0.00714585 -0.00860127 -0.01390744 -0.00737429 -0.00820902 -0.01369507 -0.00762752 -0.0084088 -0.01413787 -0.00826477 -0.00793691 -0.01432132 -0.00796991 -0.00776795 -0.01442474 -0.00867759 -0.00742927 -0.01465195 -0.00844572 -0.00714756 -0.0144916 -0.00877383 -0.00727316 -0.0148748 -0.00876644 -0.00639385 -0.01465145 -0.00900387 -0.00679695 -0.01483547 -0.00926869 -0.00557758 -0.01497336 -0.00890827 -0.00556272 -0.0147922 -0.00920641 -0.00609208 -0.01473003 -0.00911695 -0.00646679 -0.01483991 -0.00927508 -0.00535 -0.01480011 -0.0092178 -0.0046715 -0.0149403 -0.00886069 -0.00471581 -0.01462656 -0.00896804 -0.00381573 -0.01477808 -0.00862725 -0.00391594 -0.01442474 -0.00867759 -0.00327073 -0.01449874 -0.00822524 -0.00322243 -0.01432769 -0.00853794 -0.00307376 -0.01412298 -0.00768448 -0.00268671 -0.01412341 -0.00824396 -0.00274268 -0.01392568 -0.0079594 -0.00250061 -0.01376259 -0.0077247 -0.00234537 -0.01367869 -0.00704509 -0.00234851 -0.01271891 -0.00566386 -0.00234851 -0.0131988 -0.00635447 -0.00223292 -0.01293691 -0.00653645 -0.00201511 -0.01345034 -0.00727532 -0.00213878 -0.01496439 -0.00852281 -0.00554072 -0.01487603 -0.00839565 -0.00628588 -0.01467622 -0.00810811 -0.00696163 -0.01437979 -0.00768151 -0.00751786 -0.01400872 -0.00714749 -0.0079133 -0.01359052 -0.00654567 -0.00811864 -0.01315623 -0.00592066 -0.00811864 -0.01273803 -0.00531884 -0.0079133 -0.01236696 -0.00478482 -0.00751786 -0.01207053 -0.00435822 -0.00696163 -0.01187072 -0.00407068 -0.00628588 -0.01178236 -0.00394352 -0.00554072 -0.011812 -0.00398617 -0.00478141 -0.01195744 -0.00419547 -0.00406427 -0.01220789 -0.0045559 -0.00344249 -0.01254478 -0.00504072 -0.00296218 -0.01294312 -0.00561398 -0.00265896 -0.01337338 -0.00623316 -0.00255533 -0.01380363 -0.00685235 -0.00265896 -0.01420197 -0.00742561 -0.00296218 -0.01453886 -0.00791043 -0.00344249 -0.01478931 -0.00827086 -0.00406427 -0.01493475 -0.00848016 -0.00478141 -0.01478429 -0.00813295 -0.0048585 -0.01481312 -0.00817444 -0.00535 -0.01480991 -0.00816981 -0.00551486 -0.01473353 -0.00805989 -0.00615899 -0.01456081 -0.00781134 -0.00674312 -0.01430457 -0.00744258 -0.00722393 -0.01398381 -0.00698097 -0.00756575 -0.01362232 -0.00646074 -0.00774325 -0.01324691 -0.00592048 -0.00774325 -0.01288541 -0.00540025 -0.00756575 -0.01256465 -0.00493864 -0.00722393 -0.01230841 -0.00456989 -0.00674312 -0.0121357 -0.00432133 -0.00615899 -0.01205932 -0.00421141 -0.00551486 -0.01208494 -0.00424828 -0.0048585 -0.01221066 -0.0044292 -0.0042386 -0.01242715 -0.00474076 -0.00370112 -0.01271836 -0.00515985 -0.00328594 -0.0130627 -0.00565538 -0.00302383 -0.01343461 -0.00619061 -0.00293425 -0.01380653 -0.00672584 -0.00302383 -0.01415086 -0.00722138 -0.00328594 -0.01444208 -0.00764046 -0.00370112 -0.01465857 -0.00795202 -0.0042386 -0.00249505 -0.01673394 -0.00535 -0.00246621 -0.01669245 -0.0048585 -0.00273915 -0.01695455 -0.00478141 -0.0023405 -0.01651152 -0.0042386 -0.00259371 -0.01674525 -0.00406427 -0.002124 -0.01619997 -0.00370112 -0.00234326 -0.01638483 -0.00344249 -0.00183279 -0.01578088 -0.00328594 -0.00200637 -0.0159 -0.00296218 -0.00148846 -0.01528534 -0.00302383 -0.00160803 -0.01532674 -0.00265896 -0.00111654 -0.01475011 -0.00293425 -0.00117778 -0.01470756 -0.00255533 -0.00074462 -0.01421488 -0.00302383 -0.00074752 -0.01408838 -0.00265896 -0.00040029 -0.01371935 -0.00328594 -0.00034918 -0.01351512 -0.00296218 -0.00010908 -0.01330026 -0.00370112 -1.229E-05 -0.0130303 -0.00344249 0.00010742 -0.0129887 -0.0042386 0.00023816 -0.01266987 -0.00406427 0.00023314 -0.01280778 -0.0048585 0.0003836 -0.01246057 -0.00478141 0.00025876 -0.01277091 -0.00551486 0.00041324 -0.01241792 -0.00554072 0.00018238 -0.01288083 -0.00615899 0.00032488 -0.01254508 -0.00628588 9.66E-06 -0.01312939 -0.00674312 0.00012507 -0.01283262 -0.00696163 -0.00024658 -0.01349814 -0.00722393 -0.00017136 -0.01325922 -0.00751786 -0.00056734 -0.01395975 -0.00756575 -0.00054243 -0.01379323 -0.0079133 -0.00092883 -0.01447998 -0.00774325 -0.00096063 -0.01439506 -0.00811864 -0.00130425 -0.01502024 -0.00774325 -0.00139493 -0.01502006 -0.00811864 -0.00166574 -0.01554047 -0.00756575 -0.00181312 -0.01562189 -0.0079133 -0.0019865 -0.01600208 -0.00722393 -0.00218419 -0.01615591 -0.00751786 -0.00224274 -0.01637084 -0.00674312 -0.00248062 -0.0165825 -0.00696163 -0.00241545 -0.0166194 -0.00615899 -0.00268043 -0.01687005 -0.00628588 -0.00249183 -0.01672931 -0.00551486 -0.00276879 -0.01699721 -0.00554072 -0.00183224 -0.01527687 -0.00234851 -0.00227654 -0.01591626 -0.00268671 -0.0026523 -0.01645701 -0.00322243 -0.00293164 -0.01685902 -0.00391594 -0.00309386 -0.01709247 -0.00471581 -0.00312692 -0.01714004 -0.00556272 -0.00302836 -0.01699821 -0.00639385 -0.00280551 -0.0166775 -0.00714756 -0.00247488 -0.01620168 -0.00776795 -0.00206099 -0.01560606 -0.00820902 -0.00159456 -0.0149348 -0.00843804 -0.00111015 -0.0142377 -0.00843804 -0.00064372 -0.01356644 -0.00820902 -0.00022983 -0.01297082 -0.00776795 0.0001008 -0.01249501 -0.00714756 0.00032365 -0.01217429 -0.00639385 0.00042221 -0.01203246 -0.00556272 0.00038915 -0.01208003 -0.00471581 0.00022693 -0.01231348 -0.00391594 -5.241E-05 -0.01271549 -0.00322243 -0.00042817 -0.01325624 -0.00268671 -0.00087247 -0.01389564 -0.00234851 -0.00135235 -0.01458625 -0.00223292 -0.00042774 -0.01269677 -0.00274268 -0.00012641 -0.01226313 -0.00327073 0.0001003 -0.01193686 -0.00390305 0.00024105 -0.01173431 -0.00460792 0.00028876 -0.01166565 -0.00535 0.00024105 -0.01173431 -0.00609208 0.00017888 -0.01182377 -0.00646679 0.0001003 -0.01193686 -0.00679695 -0.00012641 -0.01226313 -0.00742927 -0.00042774 -0.01269677 -0.00795732 -0.00078856 -0.01321603 -0.00835463 -0.00119078 -0.01379487 -0.00860127 -0.00135511 -0.01403137 -0.00865383 -0.00346952 -0.01707424 -0.00609208 -0.00340736 -0.01698477 -0.00646679 -0.00332878 -0.01687169 -0.00679695 -0.00310206 -0.01654542 -0.00742927 -0.00280074 -0.01611178 -0.00795732 -0.00243992 -0.01559252 -0.00835463 -0.0020377 -0.01501368 -0.00860127 -0.00161424 -0.01440427 -0.00868489 -0.00351724 -0.0171429 -0.00535 -0.00346952 -0.01707424 -0.00460792 -0.00332878 -0.01687169 -0.00390305 -0.00310206 -0.01654542 -0.00327073 -0.00280074 -0.01611178 -0.00274268 -0.00260301 -0.01582722 -0.00250061 -0.00062547 -0.01298133 -0.00250061 -0.00078856 -0.01321603 -0.00234537 -0.00119078 -0.01379487 -0.00209873 -0.00161424 -0.01440427 -0.00201511 -0.0020377 -0.01501368 -0.00209873 -0.00243992 -0.01559252 -0.00234537 -0.01086348 -0.00688708 -0.00927228 -0.00422443 -0.01137464 -0.00972466 -0.00266597 -0.01258331 -0.00927228 -0.00317682 -0.01331848 -0.00937315 -0.00110843 -0.01034183 -0.00709558 -0.0041729 -0.01475196 -0.00172527 -0.0049717 -0.01590152 -0.00785839 -0.00460819 -0.01537838 -0.00849542 -0.0041729 -0.01475196 -0.00897473 -0.00368767 -0.01405365 -0.00927228 -0.00218073 -0.011885 -0.00897473 -0.00368323 -0.0105958 -0.00939279 -0.00527595 -0.00936565 -0.00960323 -0.00174545 -0.01125858 -0.00849542 -0.00319773 -0.00989712 -0.0088582 -0.00476519 -0.00863061 -0.00904082 -0.00642684 -0.00747597 -0.00904082 -0.00138194 -0.01073544 -0.00785839 -0.0027923 -0.00931365 -0.0081477 -0.00433864 -0.00801677 -0.00829333 -0.0060003 -0.00686213 -0.00829333 -0.00775506 -0.00586516 -0.0081477 -0.00248724 -0.00887465 -0.00729691 -0.00401771 -0.00755491 -0.00739825 -0.00567937 -0.00640027 -0.00739825 -0.00745 -0.00542616 -0.00729691 -0.00930594 -0.0046456 -0.00709558 -0.01086793 -0.01034493 -0.00939279 -0.01237042 -0.00905572 -0.00897473 -0.01188518 -0.00835742 -0.00927228 -0.0128057 -0.00968215 -0.00849542 -0.01135342 -0.0110436 -0.0088582 -0.00978597 -0.01231012 -0.00904082 -0.01316922 -0.01020528 -0.00785839 -0.01175885 -0.01162707 -0.0081477 -0.01021251 -0.01292396 -0.00829333 -0.00855085 -0.0140786 -0.00829333 -0.01344272 -0.01059889 -0.00709558 -0.01206391 -0.01206608 -0.00729691 -0.01053344 -0.01338582 -0.00739825 -0.00887178 -0.01454046 -0.00739825 -0.00710115 -0.01551457 -0.00729691 -0.00547256 -0.01662231 -0.00535 -0.005415 -0.01653947 -0.00445477 -0.00735472 -0.01587949 -0.00535 -0.00729052 -0.0157871 -0.00435151 -0.00913855 -0.01492437 -0.00535 -0.00907101 -0.01482717 -0.00429954 -0.01080021 -0.01376973 -0.00535 -0.01073267 -0.01367253 -0.00429954 -0.01231748 -0.012431 -0.00535 -0.01225328 -0.01233861 -0.00435151 -0.01367007 -0.01092607 -0.00535 -0.01361252 -0.01084324 -0.00445477 -0.00524521 -0.01629513 -0.00360442 -0.00710115 -0.01551457 -0.00340309 -0.00887178 -0.01454046 -0.00330175 -0.01053344 -0.01338582 -0.00330175 -0.01206391 -0.01206608 -0.00340309 -0.01344272 -0.01059889 -0.00360442 -0.0049717 -0.01590152 -0.00284161 -0.00679609 -0.01507556 -0.0025523 -0.00855085 -0.0140786 -0.00240667 -0.01021251 -0.01292396 -0.00240667 -0.01175885 -0.01162707 -0.0025523 -0.01316922 -0.01020528 -0.00284161 -0.00368767 -0.01405365 -0.00142772 -0.00590517 -0.01379342 -0.00130721 -0.00536397 -0.01301457 -0.00097534 -0.00761354 -0.01272972 -0.00109677 -0.00704418 -0.01191033 -0.00074763 -0.0092752 -0.01157507 -0.00109677 -0.00870583 -0.01075569 -0.00074763 -0.01086793 -0.01034493 -0.00130721 -0.01032673 -0.00956608 -0.00097534 -0.01237042 -0.00905572 -0.00172527 -0.01188518 -0.00835742 -0.00142772 -0.00317682 -0.01331848 -0.00132685 -0.0047942 -0.01219461 -0.00086284 -0.00644475 -0.01104768 -0.00062927 -0.0081064 -0.00989304 -0.00062927 -0.00975696 -0.00874612 -0.00086284 -0.01137433 -0.00762225 -0.00132685 -0.00266597 -0.01258331 -0.00142772 -0.00422443 -0.01137464 -0.00097534 -0.00584532 -0.01018504 -0.00074763 -0.00750698 -0.0090304 -0.00074763 -0.00918719 -0.00792616 -0.00097534 -0.01086348 -0.00688708 -0.00142772 -0.00218073 -0.011885 -0.00172527 -0.00368323 -0.0105958 -0.00130721 -0.00527595 -0.00936565 -0.00109677 -0.00693761 -0.00821101 -0.00109677 -0.00864599 -0.00714731 -0.00130721 -0.01037825 -0.00618877 -0.00172527 -0.00138194 -0.01073544 -0.00284161 -0.00110843 -0.01034183 -0.00360442 -0.0027923 -0.00931365 -0.0025523 -0.00248724 -0.00887465 -0.00340309 -0.00433864 -0.00801677 -0.00240667 -0.00401771 -0.00755491 -0.00330175 -0.0060003 -0.00686213 -0.00240667 -0.00567937 -0.00640027 -0.00330175 -0.00775506 -0.00586516 -0.0025523 -0.00745 -0.00542616 -0.00340309 -0.00957945 -0.00503921 -0.00284161 -0.00930594 -0.0046456 -0.00360442 -0.00093864 -0.01009749 -0.00445477 -0.00229787 -0.00860212 -0.00435151 -0.00381848 -0.00726819 -0.00429954 -0.00548014 -0.00611355 -0.00429954 -0.00726063 -0.00515363 -0.00435151 -0.00913615 -0.00440125 -0.00445477 -0.00088108 -0.01001465 -0.00535 -0.00223367 -0.00850973 -0.00535 -0.00375094 -0.007171 -0.00535 -0.0054126 -0.00601635 -0.00535 -0.00719643 -0.00506124 -0.00535 -0.00907859 -0.00431842 -0.00535 -0.00524521 -0.01629513 -0.00709558 -0.00679609 -0.01507556 -0.0081477 -0.00812431 -0.01346476 -0.00904082 -0.0092752 -0.01157507 -0.00960323 -0.01032673 -0.00956608 -0.00972466 -0.01137433 -0.00762225 -0.00937315 -0.01361252 -0.01084324 -0.00624523 -0.01225328 -0.01233861 -0.00634849 -0.01073267 -0.01367253 -0.00640046 -0.00907101 -0.01482717 -0.00640046 -0.00729052 -0.0157871 -0.00634849 -0.005415 -0.01653947 -0.00624523 -0.0128057 -0.00968215 -0.00220458 -0.01135342 -0.0110436 -0.0018418 -0.00978597 -0.01231012 -0.00165918 -0.00812431 -0.01346476 -0.00165918 -0.00639066 -0.01449209 -0.0018418 -0.00460819 -0.01537838 -0.00220458 -0.00994296 -0.00556234 -0.00220458 -0.0081605 -0.00644863 -0.0018418 -0.00642684 -0.00747597 -0.00165918 -0.00476519 -0.00863061 -0.00165918 -0.00319773 -0.00989712 -0.0018418 -0.00174545 -0.01125858 -0.00220458 -0.00913615 -0.00440125 -0.00624523 -0.00726063 -0.00515363 -0.00634849 -0.00548014 -0.00611355 -0.00640046 -0.00381848 -0.00726819 -0.00640046 -0.00229787 -0.00860212 -0.00634849 -0.00093864 -0.01009749 -0.00624523 -0.00957945 -0.00503921 -0.00785839 -0.0047942 -0.01219461 -0.00983716 -0.00584532 -0.01018504 -0.00995237 -0.00693761 -0.00821101 -0.00960323 -0.0081605 -0.00644863 -0.0088582 -0.00536397 -0.01301457 -0.00972466 -0.00644475 -0.01104768 -0.01007073 -0.00750698 -0.0090304 -0.00995237 -0.00864599 -0.00714731 -0.00939279 -0.00994296 -0.00556234 -0.00849542 -0.00590517 -0.01379342 -0.00939279 -0.00704418 -0.01191033 -0.00995237 -0.0081064 -0.00989304 -0.01007073 -0.00918719 -0.00792616 -0.00972466 -0.01037825 -0.00618877 -0.00897473 -0.00639066 -0.01449209 -0.0088582 -0.00761354 -0.01272972 -0.00960323 -0.00870583 -0.01075569 -0.00995237 -0.00975696 -0.00874612 -0.00983716 -0.00619061 0.01343461 -0.00635 -0.00660121 0.01371993 -0.00621603 -0.0069018 0.0139288 -0.00585 -0.00701182 0.01400525 -0.00535 -0.0069018 0.0139288 -0.00485 -0.00578001 0.0131493 -0.00621603 -0.00547943 0.01294043 -0.00585 -0.00536941 0.01286398 -0.00535 -0.00547943 0.01294043 -0.00485 -0.00578001 0.0131493 -0.00448398 -0.00619061 0.01343461 -0.00435 -0.00660121 0.01371993 -0.00448398 -0.00579758 0.01242349 -0.00213878 -0.00534821 0.01211123 -0.00234537 -0.00502447 0.01227461 -0.00268671 -0.0051135 0.01194815 -0.00250061 -0.00482895 0.01175041 -0.00274268 -0.00448371 0.01189885 -0.00322243 -0.00453496 0.01154613 -0.00307376 -0.00439531 0.01144909 -0.00327073 -0.0040817 0.01161951 -0.00391594 -0.00410487 0.01124727 -0.00381573 -0.00385511 0.01107372 -0.0046715 -0.00384826 0.01145729 -0.00471581 -0.00379782 0.01103391 -0.00535 -0.00380068 0.01142424 -0.00556272 -0.00380421 0.01103835 -0.00557758 -0.00394251 0.01152279 -0.00639385 -0.00386649 0.01108163 -0.00609208 -0.00395595 0.01114379 -0.00646679 -0.00406903 0.01122237 -0.00679695 -0.00426323 0.01174565 -0.00714756 -0.00429908 0.01138222 -0.00727316 -0.00439531 0.01144909 -0.00742927 -0.00473904 0.01207628 -0.00776795 -0.00480814 0.01173595 -0.00793691 -0.00544538 0.01217876 -0.0084088 -0.00533466 0.01249016 -0.00820902 -0.00600592 0.0129566 -0.00843804 -0.00592705 0.01251346 -0.00860127 -0.00616354 0.01267779 -0.00865383 -0.00670303 0.013441 -0.00843804 -0.00653645 0.01293691 -0.00868489 -0.00690936 0.01319604 -0.00865383 -0.00714585 0.01336037 -0.00860127 -0.00737429 0.01390744 -0.00820902 -0.00762752 0.01369507 -0.0084088 -0.00826477 0.01413787 -0.00793691 -0.00796991 0.01432132 -0.00776795 -0.00867759 0.01442474 -0.00742927 -0.00844572 0.01465195 -0.00714756 -0.00877383 0.0144916 -0.00727316 -0.00876644 0.0148748 -0.00639385 -0.00900387 0.01465145 -0.00679695 -0.00926869 0.01483547 -0.00557758 -0.00890827 0.01497336 -0.00556272 -0.00920641 0.0147922 -0.00609208 -0.00911695 0.01473003 -0.00646679 -0.00927508 0.01483991 -0.00535 -0.0092178 0.01480011 -0.0046715 -0.00886069 0.0149403 -0.00471581 -0.00896804 0.01462656 -0.00381573 -0.00862725 0.01477808 -0.00391594 -0.00867759 0.01442474 -0.00327073 -0.00822524 0.01449874 -0.00322243 -0.00853794 0.01432769 -0.00307376 -0.00768448 0.01412298 -0.00268671 -0.00824396 0.01412341 -0.00274268 -0.0079594 0.01392568 -0.00250061 -0.0077247 0.01376259 -0.00234537 -0.00704509 0.01367869 -0.00234851 -0.00566386 0.01271891 -0.00234851 -0.00635447 0.0131988 -0.00223292 -0.00653645 0.01293691 -0.00201511 -0.00727532 0.01345034 -0.00213878 -0.00852281 0.01496439 -0.00554072 -0.00839565 0.01487603 -0.00628588 -0.00810811 0.01467622 -0.00696163 -0.00768151 0.01437979 -0.00751786 -0.00714749 0.01400872 -0.0079133 -0.00654567 0.01359052 -0.00811864 -0.00592066 0.01315623 -0.00811864 -0.00531884 0.01273803 -0.0079133 -0.00478482 0.01236696 -0.00751786 -0.00435822 0.01207053 -0.00696163 -0.00407068 0.01187072 -0.00628588 -0.00394352 0.01178236 -0.00554072 -0.00398617 0.011812 -0.00478141 -0.00419547 0.01195744 -0.00406427 -0.0045559 0.01220789 -0.00344249 -0.00504072 0.01254478 -0.00296218 -0.00561398 0.01294312 -0.00265896 -0.00623316 0.01337338 -0.00255533 -0.00685235 0.01380363 -0.00265896 -0.00742561 0.01420197 -0.00296218 -0.00791043 0.01453886 -0.00344249 -0.00827086 0.01478931 -0.00406427 -0.00848016 0.01493475 -0.00478141 -0.00813295 0.01478429 -0.0048585 -0.00817444 0.01481312 -0.00535 -0.00816981 0.01480991 -0.00551486 -0.00805989 0.01473353 -0.00615899 -0.00781134 0.01456081 -0.00674312 -0.00744258 0.01430457 -0.00722393 -0.00698097 0.01398381 -0.00756575 -0.00646074 0.01362232 -0.00774325 -0.00592048 0.01324691 -0.00774325 -0.00540025 0.01288541 -0.00756575 -0.00493864 0.01256465 -0.00722393 -0.00456989 0.01230841 -0.00674312 -0.00432133 0.0121357 -0.00615899 -0.00421141 0.01205932 -0.00551486 -0.00424828 0.01208494 -0.0048585 -0.0044292 0.01221066 -0.0042386 -0.00474076 0.01242715 -0.00370112 -0.00515985 0.01271836 -0.00328594 -0.00565538 0.0130627 -0.00302383 -0.00619061 0.01343461 -0.00293425 -0.00672584 0.01380653 -0.00302383 -0.00722138 0.01415086 -0.00328594 -0.00764046 0.01444208 -0.00370112 -0.00795202 0.01465857 -0.0042386 -0.01673394 0.00249505 -0.00535 -0.01669245 0.00246621 -0.0048585 -0.01695455 0.00273915 -0.00478141 -0.01651152 0.0023405 -0.0042386 -0.01674525 0.00259371 -0.00406427 -0.01619997 0.002124 -0.00370112 -0.01638483 0.00234326 -0.00344249 -0.01578088 0.00183279 -0.00328594 -0.0159 0.00200637 -0.00296218 -0.01528534 0.00148846 -0.00302383 -0.01532674 0.00160803 -0.00265896 -0.01475011 0.00111654 -0.00293425 -0.01470756 0.00117778 -0.00255533 -0.01421488 0.00074462 -0.00302383 -0.01408838 0.00074752 -0.00265896 -0.01371935 0.00040029 -0.00328594 -0.01351512 0.00034918 -0.00296218 -0.01330026 0.00010908 -0.00370112 -0.0130303 1.229E-05 -0.00344249 -0.0129887 -0.00010742 -0.0042386 -0.01266987 -0.00023816 -0.00406427 -0.01280778 -0.00023314 -0.0048585 -0.01246057 -0.0003836 -0.00478141 -0.01277091 -0.00025876 -0.00551486 -0.01241792 -0.00041324 -0.00554072 -0.01288083 -0.00018238 -0.00615899 -0.01254508 -0.00032488 -0.00628588 -0.01312939 -9.66E-06 -0.00674312 -0.01283262 -0.00012507 -0.00696163 -0.01349814 0.00024658 -0.00722393 -0.01325922 0.00017136 -0.00751786 -0.01395975 0.00056734 -0.00756575 -0.01379323 0.00054243 -0.0079133 -0.01447998 0.00092883 -0.00774325 -0.01439506 0.00096063 -0.00811864 -0.01502024 0.00130425 -0.00774325 -0.01502006 0.00139493 -0.00811864 -0.01554047 0.00166574 -0.00756575 -0.01562189 0.00181312 -0.0079133 -0.01600208 0.0019865 -0.00722393 -0.01615591 0.00218419 -0.00751786 -0.01637084 0.00224274 -0.00674312 -0.0165825 0.00248062 -0.00696163 -0.0166194 0.00241545 -0.00615899 -0.01687005 0.00268043 -0.00628588 -0.01672931 0.00249183 -0.00551486 -0.01699721 0.00276879 -0.00554072 -0.01527687 0.00183224 -0.00234851 -0.01591626 0.00227654 -0.00268671 -0.01645701 0.0026523 -0.00322243 -0.01685902 0.00293164 -0.00391594 -0.01709247 0.00309386 -0.00471581 -0.01714004 0.00312692 -0.00556272 -0.01699821 0.00302836 -0.00639385 -0.0166775 0.00280551 -0.00714756 -0.01620168 0.00247488 -0.00776795 -0.01560606 0.00206099 -0.00820902 -0.0149348 0.00159456 -0.00843804 -0.0142377 0.00111015 -0.00843804 -0.01356644 0.00064372 -0.00820902 -0.01297082 0.00022983 -0.00776795 -0.01249501 -0.0001008 -0.00714756 -0.01217429 -0.00032365 -0.00639385 -0.01203246 -0.00042221 -0.00556272 -0.01208003 -0.00038915 -0.00471581 -0.01231348 -0.00022693 -0.00391594 -0.01271549 5.241E-05 -0.00322243 -0.01325624 0.00042817 -0.00268671 -0.01389564 0.00087247 -0.00234851 -0.01458625 0.00135235 -0.00223292 -0.01269677 0.00042774 -0.00274268 -0.01226313 0.00012641 -0.00327073 -0.01193686 -0.0001003 -0.00390305 -0.01173431 -0.00024105 -0.00460792 -0.01166565 -0.00028876 -0.00535 -0.01173431 -0.00024105 -0.00609208 -0.01182377 -0.00017888 -0.00646679 -0.01193686 -0.0001003 -0.00679695 -0.01226313 0.00012641 -0.00742927 -0.01269677 0.00042774 -0.00795732 -0.01321603 0.00078856 -0.00835463 -0.01379487 0.00119078 -0.00860127 -0.01403137 0.00135511 -0.00865383 -0.01707424 0.00346952 -0.00609208 -0.01698477 0.00340736 -0.00646679 -0.01687169 0.00332878 -0.00679695 -0.01654542 0.00310206 -0.00742927 -0.01611178 0.00280074 -0.00795732 -0.01559252 0.00243992 -0.00835463 -0.01501368 0.0020377 -0.00860127 -0.01440427 0.00161424 -0.00868489 -0.0171429 0.00351724 -0.00535 -0.01707424 0.00346952 -0.00460792 -0.01687169 0.00332878 -0.00390305 -0.01654542 0.00310206 -0.00327073 -0.01611178 0.00280074 -0.00274268 -0.01582722 0.00260301 -0.00250061 -0.01298133 0.00062547 -0.00250061 -0.01321603 0.00078856 -0.00234537 -0.01379487 0.00119078 -0.00209873 -0.01440427 0.00161424 -0.00201511 -0.01501368 0.0020377 -0.00209873 -0.01559252 0.00243992 -0.00234537 -0.00688708 0.01086348 -0.00927228 -0.01137464 0.00422443 -0.00972466 -0.01258331 0.00266597 -0.00927228 -0.01331848 0.00317682 -0.00937315 -0.01034183 0.00110843 -0.00709558 -0.01475196 0.0041729 -0.00172527 -0.01590152 0.0049717 -0.00785839 -0.01537838 0.00460819 -0.00849542 -0.01475196 0.0041729 -0.00897473 -0.01405365 0.00368767 -0.00927228 -0.011885 0.00218073 -0.00897473 -0.0105958 0.00368323 -0.00939279 -0.00936565 0.00527595 -0.00960323 -0.01125858 0.00174545 -0.00849542 -0.00989712 0.00319773 -0.0088582 -0.00863061 0.00476519 -0.00904082 -0.00747597 0.00642684 -0.00904082 -0.01073544 0.00138194 -0.00785839 -0.00931365 0.0027923 -0.0081477 -0.00801677 0.00433864 -0.00829333 -0.00686213 0.0060003 -0.00829333 -0.00586516 0.00775506 -0.0081477 -0.00887465 0.00248724 -0.00729691 -0.00755491 0.00401771 -0.00739825 -0.00640027 0.00567937 -0.00739825 -0.00542616 0.00745 -0.00729691 -0.0046456 0.00930594 -0.00709558 -0.01034493 0.01086793 -0.00939279 -0.00905572 0.01237042 -0.00897473 -0.00835742 0.01188518 -0.00927228 -0.00968215 0.0128057 -0.00849542 -0.0110436 0.01135342 -0.0088582 -0.01231012 0.00978597 -0.00904082 -0.01020528 0.01316922 -0.00785839 -0.01162707 0.01175885 -0.0081477 -0.01292396 0.01021251 -0.00829333 -0.0140786 0.00855085 -0.00829333 -0.01059889 0.01344272 -0.00709558 -0.01206608 0.01206391 -0.00729691 -0.01338582 0.01053344 -0.00739825 -0.01454046 0.00887178 -0.00739825 -0.01551457 0.00710115 -0.00729691 -0.01662231 0.00547256 -0.00535 -0.01653947 0.005415 -0.00445477 -0.01587949 0.00735472 -0.00535 -0.0157871 0.00729052 -0.00435151 -0.01492437 0.00913855 -0.00535 -0.01482717 0.00907101 -0.00429954 -0.01376973 0.01080021 -0.00535 -0.01367253 0.01073267 -0.00429954 -0.012431 0.01231748 -0.00535 -0.01233861 0.01225328 -0.00435151 -0.01092607 0.01367007 -0.00535 -0.01084324 0.01361252 -0.00445477 -0.01629513 0.00524521 -0.00360442 -0.01551457 0.00710115 -0.00340309 -0.01454046 0.00887178 -0.00330175 -0.01338582 0.01053344 -0.00330175 -0.01206608 0.01206391 -0.00340309 -0.01059889 0.01344272 -0.00360442 -0.01590152 0.0049717 -0.00284161 -0.01507556 0.00679609 -0.0025523 -0.0140786 0.00855085 -0.00240667 -0.01292396 0.01021251 -0.00240667 -0.01162707 0.01175885 -0.0025523 -0.01020528 0.01316922 -0.00284161 -0.01405365 0.00368767 -0.00142772 -0.01379342 0.00590517 -0.00130721 -0.01301457 0.00536397 -0.00097534 -0.01272972 0.00761354 -0.00109677 -0.01191033 0.00704418 -0.00074763 -0.01157507 0.0092752 -0.00109677 -0.01075569 0.00870583 -0.00074763 -0.01034493 0.01086793 -0.00130721 -0.00956608 0.01032673 -0.00097534 -0.00905572 0.01237042 -0.00172527 -0.00835742 0.01188518 -0.00142772 -0.01331848 0.00317682 -0.00132685 -0.01219461 0.0047942 -0.00086284 -0.01104768 0.00644475 -0.00062927 -0.00989304 0.0081064 -0.00062927 -0.00874612 0.00975696 -0.00086284 -0.00762225 0.01137433 -0.00132685 -0.01258331 0.00266597 -0.00142772 -0.01137464 0.00422443 -0.00097534 -0.01018504 0.00584532 -0.00074763 -0.0090304 0.00750698 -0.00074763 -0.00792616 0.00918719 -0.00097534 -0.00688708 0.01086348 -0.00142772 -0.011885 0.00218073 -0.00172527 -0.0105958 0.00368323 -0.00130721 -0.00936565 0.00527595 -0.00109677 -0.00821101 0.00693761 -0.00109677 -0.00714731 0.00864599 -0.00130721 -0.00618877 0.01037825 -0.00172527 -0.01073544 0.00138194 -0.00284161 -0.01034183 0.00110843 -0.00360442 -0.00931365 0.0027923 -0.0025523 -0.00887465 0.00248724 -0.00340309 -0.00801677 0.00433864 -0.00240667 -0.00755491 0.00401771 -0.00330175 -0.00686213 0.0060003 -0.00240667 -0.00640027 0.00567937 -0.00330175 -0.00586516 0.00775506 -0.0025523 -0.00542616 0.00745 -0.00340309 -0.00503921 0.00957945 -0.00284161 -0.0046456 0.00930594 -0.00360442 -0.01009749 0.00093864 -0.00445477 -0.00860212 0.00229787 -0.00435151 -0.00726819 0.00381848 -0.00429954 -0.00611355 0.00548014 -0.00429954 -0.00515363 0.00726063 -0.00435151 -0.00440125 0.00913615 -0.00445477 -0.01001465 0.00088108 -0.00535 -0.00850973 0.00223367 -0.00535 -0.007171 0.00375094 -0.00535 -0.00601635 0.0054126 -0.00535 -0.00506124 0.00719643 -0.00535 -0.00431842 0.00907859 -0.00535 -0.01629513 0.00524521 -0.00709558 -0.01507556 0.00679609 -0.0081477 -0.01346476 0.00812431 -0.00904082 -0.01157507 0.0092752 -0.00960323 -0.00956608 0.01032673 -0.00972466 -0.00762225 0.01137433 -0.00937315 -0.01084324 0.01361252 -0.00624523 -0.01233861 0.01225328 -0.00634849 -0.01367253 0.01073267 -0.00640046 -0.01482717 0.00907101 -0.00640046 -0.0157871 0.00729052 -0.00634849 -0.01653947 0.005415 -0.00624523 -0.00968215 0.0128057 -0.00220458 -0.0110436 0.01135342 -0.0018418 -0.01231012 0.00978597 -0.00165918 -0.01346476 0.00812431 -0.00165918 -0.01449209 0.00639066 -0.0018418 -0.01537838 0.00460819 -0.00220458 -0.00556234 0.00994296 -0.00220458 -0.00644863 0.0081605 -0.0018418 -0.00747597 0.00642684 -0.00165918 -0.00863061 0.00476519 -0.00165918 -0.00989712 0.00319773 -0.0018418 -0.01125858 0.00174545 -0.00220458 -0.00440125 0.00913615 -0.00624523 -0.00515363 0.00726063 -0.00634849 -0.00611355 0.00548014 -0.00640046 -0.00726819 0.00381848 -0.00640046 -0.00860212 0.00229787 -0.00634849 -0.01009749 0.00093864 -0.00624523 -0.00503921 0.00957945 -0.00785839 -0.01219461 0.0047942 -0.00983716 -0.01018504 0.00584532 -0.00995237 -0.00821101 0.00693761 -0.00960323 -0.00644863 0.0081605 -0.0088582 -0.01301457 0.00536397 -0.00972466 -0.01104768 0.00644475 -0.01007073 -0.0090304 0.00750698 -0.00995237 -0.00714731 0.00864599 -0.00939279 -0.00556234 0.00994296 -0.00849542 -0.01379342 0.00590517 -0.00939279 -0.01191033 0.00704418 -0.00995237 -0.00989304 0.0081064 -0.01007073 -0.00792616 0.00918719 -0.00972466 -0.00618877 0.01037825 -0.00897473 -0.01449209 0.00639066 -0.0088582 -0.01272972 0.00761354 -0.00960323 -0.01075569 0.00870583 -0.00995237 -0.00874612 0.00975696 -0.00983716 -0.00028349 0.00157469 -0.019 -0.00080497 0.00138276 -0.019 -0.00158654 0.00372631 -0.019 -0.00150546 0.00054183 -0.019 -0.00356372 0.00192415 -0.019 -0.00122935 0.00102406 -0.019 -0.00304621 0.00266891 -0.019 -0.00237595 0.00327984 -0.019 0.00028349 -0.00157469 -0.019 -0.00018736 -0.00404566 -0.019 -0.00027218 -0.00157668 -0.019 -0.00108291 -0.00390254 -0.019 -0.00079502 -0.0013885 -0.019 -0.00150153 -0.00055262 -0.019 -0.00398592 -0.00071758 -0.019 -0.00159999 -5.74E-06 -0.019 -0.00404566 0.00018736 -0.019 -0.00390254 0.00108291 -0.019 -0.00192415 -0.00356372 -0.019 -0.00266891 -0.00304621 -0.019 -0.00122197 -0.00103285 -0.019 -0.00327984 -0.00237595 -0.019 -0.00372631 -0.00158654 -0.019 0.00080497 -0.00138276 -0.019 0.00158654 -0.00372631 -0.019 0.00071758 -0.00398592 -0.019 0.00150546 -0.00054183 -0.019 0.00356372 -0.00192415 -0.019 0.00122935 -0.00102406 -0.019 0.00304621 -0.00266891 -0.019 0.00237595 -0.00327984 -0.019 0.00150153 0.00055262 -0.019 0.00398592 0.00071758 -0.019 0.00159999 5.74E-06 -0.019 0.00404566 -0.00018736 -0.019 0.00390254 -0.00108291 -0.019 0.00079502 0.0013885 -0.019 0.00266891 0.00304621 -0.019 0.00122197 0.00103285 -0.019 0.00327984 0.00237595 -0.019 0.00372631 0.00158654 -0.019 -0.00071758 0.00398592 -0.019 0.00018736 0.00404566 -0.019 0.00027218 0.00157668 -0.019 0.00108291 0.00390254 -0.019 0.00192415 0.00356372 -0.019 0.00028349 -0.00157469 0 -0.00027218 -0.00157668 0 -0.00018736 -0.00404566 0 -0.00122935 0.00102406 0 -0.00356372 0.00192415 0 -0.00150546 0.00054183 0 -0.00390254 0.00108291 0 -0.00159999 -5.74E-06 0 -0.00122197 -0.00103285 0 -0.00266891 -0.00304621 0 -0.00079502 -0.0013885 0 -0.00192415 -0.00356372 0 -0.00108291 -0.00390254 0 -0.00404566 0.00018736 0 -0.00398592 -0.00071758 0 -0.00150153 -0.00055262 0 -0.00372631 -0.00158654 0 -0.00327984 -0.00237595 0 -0.00028349 0.00157469 0 -0.00158654 0.00372631 0 -0.00080497 0.00138276 0 -0.00237595 0.00327984 0 -0.00304621 0.00266891 0 0.00027218 0.00157668 0 0.00018736 0.00404566 0 -0.00071758 0.00398592 0 0.00122197 0.00103285 0 0.00266891 0.00304621 0 0.00079502 0.0013885 0 0.00192415 0.00356372 0 0.00108291 0.00390254 0 0.00159999 5.74E-06 0 0.00398592 0.00071758 0 0.00150153 0.00055262 0 0.00372631 0.00158654 0 0.00327984 0.00237595 0 0.00122935 -0.00102406 0 0.00356372 -0.00192415 0 0.00150546 -0.00054183 0 0.00390254 -0.00108291 0 0.00404566 -0.00018736 0 0.00071758 -0.00398592 0 0.00158654 -0.00372631 0 0.00080497 -0.00138276 0 0.00237595 -0.00327984 0 0.00304621 -0.00266891 0</float_array>
          <technique_common>
            <accessor source="#pos_0-array" count="14754" stride="3">
              <param name="X" type="float"/>
              <param name="Y" type="float"/>
              <param name="Z" type="float"/>
            </accessor>
          </technique_common>
        </source>
        <source id="norm_0">
          <float_array id="norm_0-array" count="24540">-0.22361 0.20357 0.95318 -0.21081 0.20699 0.95536 -0.22869 0.19812 0.95313 -0.234 0.1921 0.95307 -0.23031 0.19643 0.95309 -0.23436 0.19154 0.95309 -0.2283 0.19927 0.95298 -0.22415 0.20535 0.95267 -0.22419 0.2035 0.95306 -0.21038 0.21789 0.95303 -0.26368 0.14852 0.95311 -0.26631 0.14456 0.95299 -0.27063 0.13846 0.95267 -0.26889 0.13915 0.95307 -0.27758 0.1212 0.95303 -0.26435 0.14741 0.9531 -0.26846 0.13919 0.95318 -0.26805 0.12564 0.95518 -0.26775 0.14161 0.95303 -0.26271 0.15036 0.95309 -0.26066 0.15397 0.95307 -0.2479 0.17226 0.95335 -0.2479 0.17227 0.95335 -0.2352 0.1906 0.95307 0.43333 0.42089 -0.79691 0.27835 0.26879 -0.9221 0.16363 0.37481 -0.91255 0.16959 0.35614 -0.91891 0.1896 0.36257 -0.91247 0.1991 0.36865 -0.90799 0.20946 0.35115 -0.91259 0.23359 0.33619 -0.91237 0.23359 0.33619 -0.91237 0.37226 0.34592 -0.86126 0.28699 0.29119 -0.9126 0.26971 0.30797 -0.91237 0.28255 0.31402 -0.9064 0.25604 0.31878 -0.91259 0.57382 0.55343 -0.60369 0.53628 0.50473 -0.6765 0.50021 0.47158 -0.72622 0.65928 0.65945 -0.3612 0.65762 0.66186 -0.35983 0.64583 0.67971 -0.3477 0.6483 0.67441 -0.35339 0.6543 0.65088 -0.38503 0.6425 0.60524 -0.46998 0.6168 0.69957 -0.36078 0.61245 0.69934 -0.36856 0.57657 0.73287 -0.36122 0.53218 0.76594 -0.36073 0.53218 0.76594 -0.36073 0.44322 0.82063 -0.36073 0.44322 0.82063 -0.36073 0.37067 0.83938 -0.39755 0.38808 0.84789 -0.36121 0.40749 0.84274 -0.35176 0.39664 0.8579 -0.32663 0.28296 0.67061 -0.68573 0.30655 0.71621 -0.62696 0.35676 0.74754 -0.56028 0.19336 0.46491 -0.86398 0.21886 0.51217 -0.83053 0.24649 0.55379 -0.79534 0.57498 0.57672 -0.58034 0.53681 0.61297 -0.57975 0.53681 0.61297 -0.57975 0.46492 0.66914 -0.57975 0.46492 0.66914 -0.57975 0.3872 0.71692 -0.57975 0.3872 0.71692 -0.57975 0.33775 0.74105 -0.58032 0.34511 0.80149 -0.48837 0.44066 0.44175 -0.78146 0.41147 0.46984 -0.78099 0.41147 0.46984 -0.78099 0.35636 0.51289 -0.78099 0.35636 0.51289 -0.78099 0.29679 0.54952 -0.78099 0.29679 0.54952 -0.78099 0.26107 0.56671 -0.78146 0.2655 0.62747 -0.73197 0.04354 0.05126 -0.99774 0.11608 0.19154 -0.9746 0.01717 0.00372 -0.99985 0.00854 0.0029 -0.99996 0.02677 0.01947 -0.99945 0.03384 0.0179 -0.99927 0.03579 0.04095 -0.99852 0.09797 0.2037 -0.97412 0.01842 0.06186 -0.99791 0.01983 0.04659 -0.99872 0.00382 0.02912 -0.99957 0.00384 0.0291 -0.99957 -0.00019 0.00652 -0.99998 -0.00176 0.01223 -0.99992 0.10215 0.20503 -0.97341 0.13084 0.18829 -0.97336 0.15653 0.16724 -0.97341 0.15674 0.16286 -0.97412 0.11354 0.19368 -0.97447 0.15255 0.1234 -0.98056 0.03133 0.06828 -0.99717 0.06178 0.04653 -0.997 0.06182 0.04603 -0.99702 0.05343 0.05551 -0.99703 0.05343 0.05551 -0.99703 0.04396 0.06327 -0.99703 0.03339 0.06943 -0.99703 0.03339 0.06943 -0.99703 0.03261 0.06974 -0.99703 0.04606 0.16515 -0.98519 -0 0 -1 0.14852 0.26368 0.95311 0.14456 0.26631 0.95299 0.13846 0.27063 0.95267 0.13915 0.26889 0.95307 0.1212 0.27758 0.95303 0.14741 0.26435 0.9531 0.13919 0.26846 0.95318 0.12564 0.26805 0.95518 0.20357 0.22361 0.95318 0.20699 0.21081 0.95536 0.19816 0.22865 0.95313 0.19273 0.23348 0.95307 0.19798 0.229 0.95308 0.19066 0.23507 0.95309 0.19889 0.22855 0.953 0.20535 0.22415 0.95267 0.2035 0.22419 0.95306 0.21789 0.21038 0.95303 0.14161 0.26775 0.95303 0.15036 0.26271 0.95309 0.15397 0.26066 0.95307 0.17226 0.2479 0.95335 0.17227 0.2479 0.95335 0.1906 0.2352 0.95307 -0.14852 -0.26368 0.95311 -0.14456 -0.26631 0.95299 -0.13846 -0.27063 0.95267 -0.13915 -0.26889 0.95307 -0.1212 -0.27758 0.95303 -0.14741 -0.26435 0.9531 -0.13919 -0.26846 0.95318 -0.12564 -0.26805 0.95518 -0.20357 -0.22361 0.95318 -0.20699 -0.21081 0.95536 -0.19812 -0.22869 0.95313 -0.1921 -0.234 0.95307 -0.19643 -0.23031 0.95309 -0.19154 -0.23436 0.95309 -0.19927 -0.2283 0.95298 -0.20535 -0.22415 0.95267 -0.2035 -0.22419 0.95306 -0.21789 -0.21038 0.95303 -0.14161 -0.26775 0.95303 -0.15036 -0.26271 0.95309 -0.15397 -0.26066 0.95307 -0.17226 -0.2479 0.95335 -0.17227 -0.2479 0.95335 -0.1906 -0.2352 0.95307 0.26368 -0.14852 0.95311 0.26631 -0.14456 0.95299 0.27063 -0.13846 0.95267 0.26889 -0.13915 0.95307 0.27758 -0.1212 0.95303 0.26435 -0.14741 0.9531 0.26846 -0.13919 0.95318 0.26805 -0.12564 0.95518 0.22361 -0.20357 0.95318 0.21081 -0.20699 0.95536 0.22869 -0.19812 0.95313 0.234 -0.1921 0.95307 0.23031 -0.19643 0.95309 0.23436 -0.19154 0.95309 0.2283 -0.19927 0.95298 0.22415 -0.20535 0.95267 0.22419 -0.2035 0.95306 0.21038 -0.21789 0.95303 0.26775 -0.14161 0.95303 0.26271 -0.15036 0.95309 0.26066 -0.15397 0.95307 0.2479 -0.17226 0.95335 0.2479 -0.17227 0.95335 0.2352 -0.1906 0.95307 -0.26879 0.27835 -0.9221 -0.42089 0.43333 -0.79691 -0.34592 0.37226 -0.86126 -0.50473 0.53628 -0.6765 -0.47158 0.50021 -0.72622 -0.65945 0.65928 -0.3612 -0.66423 0.65597 -0.35848 -0.67961 0.64589 -0.34778 -0.67257 0.64889 -0.35581 -0.65166 0.65427 -0.38374 -0.60554 0.64329 -0.4685 -0.56671 0.55384 -0.60999 -0.69957 0.6168 -0.36078 -0.69934 0.61245 -0.36856 -0.73287 0.57657 -0.36122 -0.76594 0.53218 -0.36073 -0.76594 0.53218 -0.36073 -0.82063 0.44322 -0.36073 -0.82063 0.44322 -0.36073 -0.83967 0.37301 -0.39474 -0.84789 0.38808 -0.36121 -0.84275 0.40749 -0.35176 -0.85789 0.39665 -0.32666 -0.67061 0.28296 -0.68573 -0.71593 0.3064 -0.62734 -0.74744 0.35647 -0.56058 -0.46491 0.19336 -0.86398 -0.51217 0.21886 -0.83053 -0.55379 0.24649 -0.79534 -0.29119 0.28699 -0.9126 -0.30797 0.26971 -0.91237 -0.30797 0.26971 -0.91237 -0.33619 0.23359 -0.91237 -0.33619 0.23359 -0.91237 -0.3602 0.19454 -0.91237 -0.3602 0.19454 -0.91237 -0.37481 0.16363 -0.91255 -0.35614 0.16959 -0.91891 -0.56738 0.5843 -0.58023 -0.61297 0.53681 -0.57975 -0.61297 0.53681 -0.57975 -0.66914 0.46492 -0.57975 -0.66914 0.46492 -0.57975 -0.71692 0.3872 -0.57975 -0.71692 0.3872 -0.57975 -0.74105 0.33775 -0.58032 -0.80382 0.34533 -0.48439 -0.44175 0.44066 -0.78146 -0.46984 0.41147 -0.78099 -0.46984 0.41147 -0.78099 -0.51289 0.35636 -0.78099 -0.51289 0.35636 -0.78099 -0.54952 0.29679 -0.78099 -0.54952 0.29679 -0.78099 -0.56671 0.26107 -0.78146 -0.62747 0.2655 -0.73197 -0.27835 -0.26879 -0.9221 -0.43334 -0.4209 -0.79691 -0.37226 -0.34591 -0.86126 -0.53697 -0.50561 -0.67529 -0.50146 -0.47219 -0.72496 -0.65928 -0.65945 -0.3612 -0.65762 -0.66186 -0.35984 -0.64583 -0.67971 -0.3477 -0.64822 -0.67457 -0.35322 -0.65433 -0.65103 -0.38472 -0.6425 -0.60524 -0.46998 -0.55385 -0.56671 -0.60999 -0.6168 -0.69957 -0.36078 -0.61245 -0.69934 -0.36856 -0.57657 -0.73287 -0.36122 -0.53218 -0.76594 -0.36073 -0.53218 -0.76594 -0.36073 -0.44322 -0.82063 -0.36073 -0.44322 -0.82063 -0.36073 -0.37301 -0.83967 -0.39474 -0.38808 -0.84789 -0.36121 -0.40749 -0.84275 -0.35176 -0.39665 -0.85789 -0.32666 -0.28296 -0.67061 -0.68573 -0.3064 -0.71593 -0.62734 -0.35647 -0.74744 -0.56058 -0.19336 -0.46491 -0.86398 -0.21886 -0.51217 -0.83053 -0.24649 -0.55379 -0.79534 -0.28699 -0.29119 -0.9126 -0.26971 -0.30797 -0.91237 -0.26971 -0.30797 -0.91237 -0.23359 -0.33619 -0.91237 -0.23359 -0.33619 -0.91237 -0.19454 -0.3602 -0.91237 -0.19454 -0.3602 -0.91237 -0.16363 -0.37481 -0.91255 -0.16959 -0.35614 -0.91891 -0.5843 -0.56738 -0.58023 -0.53681 -0.61297 -0.57975 -0.53681 -0.61297 -0.57975 -0.46492 -0.66914 -0.57975 -0.46492 -0.66914 -0.57975 -0.3872 -0.71692 -0.57975 -0.3872 -0.71692 -0.57975 -0.33775 -0.74105 -0.58032 -0.34533 -0.80382 -0.48439 -0.44066 -0.44175 -0.78146 -0.41147 -0.46984 -0.78099 -0.41147 -0.46984 -0.78099 -0.35636 -0.51289 -0.78099 -0.35636 -0.51289 -0.78099 -0.29679 -0.54952 -0.78099 -0.29679 -0.54952 -0.78099 -0.26107 -0.56671 -0.78146 -0.2655 -0.62747 -0.73197 0.42089 -0.43333 -0.79691 0.26879 -0.27835 -0.9221 0.46491 -0.19336 -0.86399 0.35614 -0.16959 -0.91891 0.37481 -0.16363 -0.91255 0.3602 -0.19454 -0.91237 0.3602 -0.19454 -0.91237 0.33619 -0.23359 -0.91237 0.33619 -0.23359 -0.91237 0.34592 -0.37226 -0.86126 0.29119 -0.28699 -0.9126 0.30797 -0.26971 -0.91237 0.31402 -0.28255 -0.9064 0.31878 -0.25604 -0.91259 0.50473 -0.53628 -0.6765 0.47158 -0.50021 -0.72622 0.65945 -0.65928 -0.3612 0.66186 -0.65762 -0.35983 0.67971 -0.64583 -0.3477 0.67441 -0.6483 -0.35339 0.65088 -0.6543 -0.38503 0.60524 -0.6425 -0.46998 0.56671 -0.55384 -0.60999 0.69957 -0.6168 -0.36078 0.69934 -0.61245 -0.36856 0.73287 -0.57657 -0.36122 0.76594 -0.53218 -0.36073 0.76594 -0.53218 -0.36073 0.82063 -0.44322 -0.36073 0.82063 -0.44322 -0.36073 0.83967 -0.37301 -0.39474 0.84789 -0.38808 -0.36121 0.84275 -0.40749 -0.35176 0.85789 -0.39665 -0.32666 0.74777 -0.35703 -0.55979 0.71593 -0.3064 -0.62734 0.55063 -0.25968 -0.79333 0.62885 -0.26558 -0.73077 0.67163 -0.28349 -0.68451 0.56738 -0.5843 -0.58023 0.61297 -0.53681 -0.57975 0.61297 -0.53681 -0.57975 0.66914 -0.46492 -0.57975 0.66914 -0.46492 -0.57975 0.71692 -0.3872 -0.57975 0.71692 -0.3872 -0.57975 0.74122 -0.33738 -0.58032 0.80425 -0.34565 -0.48344 0.44175 -0.44066 -0.78146 0.46984 -0.41147 -0.78099 0.46984 -0.41147 -0.78099 0.51289 -0.35636 -0.78099 0.51289 -0.35636 -0.78099 0.54952 -0.29679 -0.78099 0.54952 -0.29679 -0.78099 0.57131 -0.25112 -0.78137 0.50246 -0.26571 -0.82276 -0.35462 0.15484 0.9221 -0.28407 0.29421 0.91255 -0.28315 0.27464 0.91891 -0.30291 0.27495 0.91249 -0.31657 0.27729 0.90713 -0.31768 0.25744 0.91258 -0.33617 0.23362 0.91237 -0.33617 0.23362 0.91237 -0.46952 0.19437 0.86126 -0.37052 0.17281 0.9126 -0.36018 0.19457 0.91237 -0.37905 0.19616 0.90435 -0.35206 0.20797 0.91258 -0.67864 0.286 0.6765 -0.63327 0.26752 0.72622 -0.84234 0.4118 0.3477 -0.8428 0.40597 0.35339 -0.84022 0.38182 0.38503 -0.81324 0.34317 0.46998 -0.65942 0.65931 0.36121 -0.70159 0.61453 0.36073 -0.70159 0.61453 0.36073 -0.76589 0.53225 0.36073 -0.76589 0.53225 0.36073 -0.82059 0.44329 0.36073 -0.82059 0.44329 0.36073 -0.84788 0.38812 0.3612 -0.84716 0.39096 0.35983 -0.67094 0.6657 0.32663 -0.67582 0.64772 0.35176 -0.64014 0.6574 0.39755 -0.60297 0.63081 0.48838 -0.59507 0.57618 0.56028 -0.46766 0.49548 0.73198 -0.49907 0.52982 0.68572 -0.53708 0.56433 0.62696 -0.34336 0.36829 0.86398 -0.38374 0.40368 0.83053 -0.42415 0.43306 0.79534 -0.44232 0.44008 0.78146 -0.4698 0.41151 0.78099 -0.4698 0.41151 0.78099 -0.51286 0.35641 0.78099 -0.54949 0.29684 0.78099 -0.54949 0.29684 0.78099 -0.56706 0.26034 0.78146 -0.55292 0.24334 0.79691 -0.57499 0.57673 0.58032 -0.61292 0.53687 0.57975 -0.61292 0.53687 0.57975 -0.66909 0.46498 0.57975 -0.66909 0.46498 0.57975 -0.71688 0.38727 0.57975 -0.71688 0.38727 0.57975 -0.74002 0.33998 0.58034 -0.73081 0.31856 0.60368 0.49548 0.46766 0.73198 0.15484 0.35462 0.9221 0.286 0.67864 0.6765 0.26752 0.63327 0.72622 0.41168 0.84236 0.34778 0.40404 0.84271 0.35581 0.38257 0.84047 0.38374 0.34317 0.81409 0.4685 0.65931 0.65942 0.36121 0.61453 0.70159 0.36073 0.61453 0.70159 0.36073 0.53225 0.76589 0.36073 0.53225 0.76589 0.36073 0.44329 0.82059 0.36073 0.44329 0.82059 0.36073 0.38812 0.84788 0.3612 0.39375 0.84643 0.35848 0.66569 0.67093 0.32666 0.64772 0.67581 0.35176 0.65686 0.64243 0.39474 0.63291 0.60398 0.48439 0.52982 0.49907 0.68572 0.56412 0.53685 0.62734 0.57619 0.59477 0.56058 0.40368 0.38374 0.83053 0.43306 0.42415 0.79534 0.29421 0.28407 0.91255 0.27464 0.28315 0.91891 0.36829 0.34336 0.86398 0.27495 0.30291 0.91249 0.27729 0.31657 0.90713 0.25744 0.31768 0.91258 0.23362 0.33617 0.91237 0.23362 0.33617 0.91237 0.19437 0.46952 0.86126 0.17281 0.37052 0.9126 0.19457 0.36018 0.91237 0.19616 0.37905 0.90435 0.20797 0.35206 0.91258 0.44008 0.44232 0.78146 0.41151 0.4698 0.78099 0.41151 0.4698 0.78099 0.35641 0.51286 0.78099 0.29684 0.54949 0.78099 0.29684 0.54949 0.78099 0.26034 0.56706 0.78146 0.24334 0.55292 0.79691 0.57673 0.57499 0.58032 0.53687 0.61292 0.57975 0.53687 0.61292 0.57975 0.46498 0.66909 0.57975 0.46498 0.66909 0.57975 0.38727 0.71688 0.57975 0.38727 0.71688 0.57975 0.33998 0.74002 0.58034 0.31856 0.73081 0.60368 0.35462 -0.15484 0.9221 0.67959 -0.28659 0.67529 0.63466 -0.26766 0.72496 0.84234 -0.4118 0.3477 0.84278 -0.40614 0.35322 0.8403 -0.38195 0.38471 0.81324 -0.34317 0.46998 0.65942 -0.65931 0.36121 0.70159 -0.61453 0.36073 0.70159 -0.61453 0.36073 0.76589 -0.53225 0.36073 0.76589 -0.53225 0.36073 0.82059 -0.44329 0.36073 0.82059 -0.44329 0.36073 0.84788 -0.38812 0.3612 0.84716 -0.39096 0.35983 0.67093 -0.66569 0.32666 0.67581 -0.64772 0.35176 0.64243 -0.65686 0.39474 0.60398 -0.63291 0.48439 0.59477 -0.57619 0.56058 0.46766 -0.49548 0.73198 0.49907 -0.52982 0.68572 0.53685 -0.56412 0.62734 0.38374 -0.40368 0.83053 0.42415 -0.43306 0.79534 0.28407 -0.29421 0.91255 0.28315 -0.27464 0.91891 0.34336 -0.36829 0.86398 0.30291 -0.27495 0.91249 0.31657 -0.27729 0.90713 0.31768 -0.25744 0.91258 0.33617 -0.23362 0.91237 0.33617 -0.23362 0.91237 0.46952 -0.19437 0.86126 0.37052 -0.17281 0.9126 0.36018 -0.19457 0.91237 0.37905 -0.19616 0.90435 0.35206 -0.20797 0.91258 0.44232 -0.44008 0.78146 0.4698 -0.41151 0.78099 0.4698 -0.41151 0.78099 0.51286 -0.35641 0.78099 0.54949 -0.29684 0.78099 0.54949 -0.29684 0.78099 0.56706 -0.26034 0.78146 0.55292 -0.24334 0.79691 0.57499 -0.57673 0.58032 0.61292 -0.53687 0.57975 0.61292 -0.53687 0.57975 0.66909 -0.46498 0.57975 0.66909 -0.46498 0.57975 0.71688 -0.38727 0.57975 0.71688 -0.38727 0.57975 0.74002 -0.33998 0.58034 0.73081 -0.31856 0.60368 -0.15484 -0.35462 0.9221 -0.29421 -0.28407 0.91255 -0.27464 -0.28315 0.91891 -0.36828 -0.34336 0.86399 -0.27495 -0.30291 0.91249 -0.27729 -0.31657 0.90713 -0.25744 -0.31768 0.91258 -0.23362 -0.33617 0.91237 -0.23362 -0.33617 0.91237 -0.19437 -0.46952 0.86126 -0.17281 -0.37052 0.9126 -0.19457 -0.36018 0.91237 -0.19616 -0.37905 0.90435 -0.20797 -0.35206 0.91258 -0.286 -0.67864 0.6765 -0.26752 -0.63327 0.72622 -0.4118 -0.84234 0.3477 -0.40597 -0.8428 0.35339 -0.38182 -0.84022 0.38503 -0.34317 -0.81324 0.46998 -0.65931 -0.65942 0.36121 -0.61453 -0.70159 0.36073 -0.61453 -0.70159 0.36073 -0.53225 -0.76589 0.36073 -0.53225 -0.76589 0.36073 -0.44329 -0.82059 0.36073 -0.44329 -0.82059 0.36073 -0.38812 -0.84788 0.3612 -0.39096 -0.84716 0.35983 -0.66569 -0.67093 0.32666 -0.64772 -0.67581 0.35176 -0.65686 -0.64243 0.39474 -0.63321 -0.60443 0.48344 -0.5763 -0.59541 0.55979 -0.56412 -0.53685 0.62734 -0.37825 -0.42426 0.82276 -0.42549 -0.43541 0.79333 -0.49674 -0.46822 0.73077 -0.53059 -0.49992 0.68451 -0.44786 -0.4346 0.78137 -0.41151 -0.4698 0.78099 -0.41151 -0.4698 0.78099 -0.35641 -0.51286 0.78099 -0.29684 -0.54949 0.78099 -0.29684 -0.54949 0.78099 -0.26034 -0.56706 0.78146 -0.24334 -0.55292 0.79691 -0.57702 -0.5747 0.58032 -0.53687 -0.61292 0.57975 -0.53687 -0.61292 0.57975 -0.46498 -0.66909 0.57975 -0.46498 -0.66909 0.57975 -0.38727 -0.71688 0.57975 -0.38727 -0.71688 0.57975 -0.33998 -0.74002 0.58034 -0.31856 -0.73081 0.60368 -0.05126 0.04354 -0.99774 -0.19154 0.11608 -0.9746 -0.2037 0.09797 -0.97412 -0.06186 0.01842 -0.99791 -0.04659 0.01983 -0.99872 -0.02912 0.00382 -0.99957 -0.0291 0.00384 -0.99957 -0.00652 -0.00019 -0.99998 -0.01223 -0.00176 -0.99992 -0.00372 0.01717 -0.99985 -0.0029 0.00854 -0.99996 -0.01947 0.02677 -0.99945 -0.0179 0.03384 -0.99927 -0.04095 0.03579 -0.99852 -0.20503 0.10215 -0.97341 -0.18829 0.13084 -0.97336 -0.16724 0.15653 -0.97341 -0.16286 0.15674 -0.97412 -0.19368 0.11354 -0.97447 -0.1234 0.15255 -0.98056 -0.06828 0.03133 -0.99717 -0.04653 0.06178 -0.997 -0.04603 0.06182 -0.99702 -0.05551 0.05343 -0.99703 -0.05551 0.05343 -0.99703 -0.06327 0.04396 -0.99703 -0.06943 0.03339 -0.99703 -0.06943 0.03339 -0.99703 -0.06974 0.03261 -0.99703 -0.16515 0.04606 -0.98519 0.05057 -0.0438 -0.99776 0.18984 -0.11696 -0.97482 0.00357 -0.01615 -0.99986 0.00296 -0.00847 -0.99996 0.01957 -0.02817 -0.99941 0.01813 -0.03366 -0.99927 0.04097 -0.0368 -0.99848 0.20382 -0.09709 -0.97418 0.06185 -0.01822 -0.99792 0.04638 -0.0199 -0.99873 0.02913 -0.00376 -0.99957 0.02901 -0.00386 -0.99957 0.00653 0.00019 -0.99998 0.01227 0.00177 -0.99992 0.20522 -0.1017 -0.97342 0.1889 -0.12994 -0.97336 0.1889 -0.12994 -0.97336 0.16767 -0.15612 -0.9734 0.16418 -0.15623 -0.97398 0.19295 -0.11922 -0.97394 0.12346 -0.1518 -0.98067 0.06826 -0.03402 -0.99709 0.04701 -0.06155 -0.997 0.04635 -0.0616 -0.99702 0.05581 -0.05311 -0.99703 0.05581 -0.05311 -0.99703 0.06347 -0.04366 -0.99703 0.06347 -0.04366 -0.99703 0.06955 -0.03313 -0.99703 0.06955 -0.03313 -0.99703 0.0697 -0.03274 -0.99703 0.16586 -0.04575 -0.98509 -0.04354 -0.05126 -0.99774 -0.11608 -0.19154 -0.9746 -0.09797 -0.2037 -0.97412 -0.01842 -0.06186 -0.99791 -0.01983 -0.04659 -0.99872 -0.00382 -0.02912 -0.99957 -0.00384 -0.0291 -0.99957 0.00019 -0.00652 -0.99998 0.00176 -0.01223 -0.99992 -0.01717 -0.00372 -0.99985 -0.00854 -0.0029 -0.99996 -0.02677 -0.01947 -0.99945 -0.03384 -0.0179 -0.99927 -0.03579 -0.04095 -0.99852 -0.10215 -0.20503 -0.97341 -0.13084 -0.18829 -0.97336 -0.15653 -0.16724 -0.97341 -0.15674 -0.16286 -0.97412 -0.11354 -0.19368 -0.97447 -0.15255 -0.1234 -0.98056 -0.03133 -0.06828 -0.99717 -0.06178 -0.04653 -0.997 -0.06182 -0.04603 -0.99702 -0.05343 -0.05551 -0.99703 -0.05343 -0.05551 -0.99703 -0.04396 -0.06327 -0.99703 -0.03339 -0.06943 -0.99703 -0.03339 -0.06943 -0.99703 -0.03261 -0.06974 -0.99703 -0.04606 -0.16515 -0.98519 0.19522 0.23135 -0.95308 0.19902 0.22888 -0.95289 0.20512 0.22518 -0.95248 0.20253 0.22509 -0.95306 0.21789 0.2104 -0.95302 0.19574 0.23064 -0.95315 0.1991 0.22703 -0.95332 0.20365 0.21759 -0.95456 0.13973 0.26728 -0.95343 0.13137 0.26368 -0.95562 0.14585 0.26474 -0.95323 0.1519 0.26195 -0.95305 0.15018 0.2628 -0.95309 0.15239 0.2614 -0.95313 0.14508 0.26636 -0.95289 0.13951 0.27077 -0.95248 0.14032 0.26833 -0.95305 0.12119 0.27759 -0.95303 0.19904 0.22853 -0.95297 0.19353 0.23273 -0.95309 0.18958 0.23603 -0.95307 0.17249 0.24823 -0.95322 0.17248 0.24824 -0.95322 0.15509 0.26 -0.95307 -0.23298 0.19434 -0.95286 -0.23118 0.19836 -0.95248 -0.22876 0.2043 -0.9518 -0.22789 0.19957 -0.95302 -0.2104 0.21789 -0.95302 -0.23064 0.19574 -0.95315 -0.22703 0.1991 -0.95332 -0.21759 0.20365 -0.95456 -0.26066 0.15387 -0.95309 -0.26368 0.13137 -0.95562 -0.26728 0.13973 -0.95343 -0.26476 0.14579 -0.95323 -0.266 0.14796 -0.95255 -0.27125 0.14314 -0.95181 -0.26655 0.14396 -0.95301 -0.27759 0.12119 -0.95303 -0.23288 0.19454 -0.95285 -0.23463 0.19153 -0.95303 -0.24823 0.17247 -0.95322 -0.24823 0.17249 -0.95322 -0.26146 0.1529 -0.95303 -0.26221 0.1514 -0.95306 0.23135 -0.19522 -0.95308 0.22888 -0.19902 -0.95289 0.22518 -0.20512 -0.95248 0.22509 -0.20253 -0.95306 0.2104 -0.21789 -0.95302 0.2308 -0.19539 -0.95318 0.22717 -0.19862 -0.95339 0.21777 -0.20276 -0.95471 0.26431 -0.13099 -0.9555 0.26772 -0.13943 -0.95335 0.26499 -0.14563 -0.95319 0.26195 -0.15189 -0.95305 0.26631 -0.14768 -0.95251 0.27125 -0.14314 -0.95181 0.26655 -0.14396 -0.95301 0.27759 -0.12119 -0.95303 0.22853 -0.19904 -0.95297 0.23302 -0.19315 -0.9531 0.23605 -0.18959 -0.95307 0.24924 -0.17145 -0.95315 0.24809 -0.17237 -0.95328 0.26134 -0.15307 -0.95303 0.26106 -0.1534 -0.95306 -0.19434 -0.23298 -0.95286 -0.19836 -0.23118 -0.95248 -0.2043 -0.22876 -0.9518 -0.19957 -0.22789 -0.95302 -0.21789 -0.2104 -0.95302 -0.19574 -0.23064 -0.95315 -0.1991 -0.22703 -0.95332 -0.20365 -0.21759 -0.95456 -0.13137 -0.26368 -0.95562 -0.13973 -0.26728 -0.95343 -0.14585 -0.26474 -0.95323 -0.1534 -0.26106 -0.95306 -0.14768 -0.26631 -0.95251 -0.14314 -0.27125 -0.95181 -0.14396 -0.26655 -0.95301 -0.12119 -0.27759 -0.95303 -0.19454 -0.23288 -0.95285 -0.19153 -0.23463 -0.95303 -0.17247 -0.24823 -0.95322 -0.17249 -0.24823 -0.95322 -0.153 -0.2614 -0.95303 -0.1519 -0.26195 -0.95305 0.90928 -0.41618 -0 0.90926 -0.41622 1E-05 0.87987 -0.47521 -6E-05 0.87983 -0.47529 6E-05 0.82123 -0.5706 -6E-05 0.82118 -0.57067 6E-05 0.70716 -0.70705 -0 0.7072 -0.70702 -1E-05 0.75223 -0.6589 6E-05 0.75008 -0.66134 0.00409 0.78593 -0.61831 -0 -0.98418 -0.17718 0 -0.97221 -0.2341 0 -0.94456 -0.32834 -0.0016 -0.89788 -0.44023 0.00171 -0.79325 -0.6089 -0.00172 -0.69996 -0.71418 0.00207 -0.54863 -0.83607 -0.00193 -0.40972 -0.91221 0.00198 -0.32132 -0.94697 -0 -0.63141 0.77545 0 -0.70213 0.71204 -0.00198 -0.80576 0.59224 0.00193 -0.90508 0.42523 -0.00207 -0.9558 0.29402 0.00172 -0.99504 0.09945 -0.00171 -0.99976 -0.0217 0.0016 -0.99281 -0.11966 0 0.16785 0.98581 0.00076 -0.95205 0.30376 -0.03664 -0.99926 -0.03834 0 -0.9986 -0.05288 -0.00246 -0.99001 0.14098 0.00101 -0.98984 0.14221 0.00109 -0.95477 0.29735 -0.00187 -0.86776 0.4965 0.02201 -0.77118 0.63662 -1E-05 -0.75605 0.65451 0.00031 -0.64912 0.76068 -0.00139 -0.48899 0.87221 0.01153 -0.59702 0.80222 -0.00221 -0.29308 0.95609 0.00176 -0.0448 0.999 -0.00061 -0.09137 0.99581 -0.00469 -0.34229 0.93957 0.00746 0.37355 0.92761 0 0.34392 0.939 -0.0015 0.23711 0.97148 0.00304 0.07544 0.99708 -0.01165 -0.99559 -0.09384 0 -0.99981 -0.01843 0.00664 -0.9951 0.09879 -0.00304 -0.9567 0.29103 0.00486 -0.95753 0.28829 0.00524 -0.85299 0.52187 -0.00754 -0.90306 0.42938 0.01024 -0.86966 0.49366 4E-05 -0.89181 0.45236 -0.00653 -0.92849 0.37082 -0.02001 0.41618 0.90928 0 0.41622 0.90926 1E-05 0.47521 0.87987 -6E-05 0.47529 0.87983 6E-05 0.5706 0.82123 -6E-05 0.57067 0.82118 6E-05 0.70705 0.70716 0 0.70702 0.7072 -1E-05 0.6589 0.75223 6E-05 0.66134 0.75008 0.00409 0.61831 0.78593 -0 0.17718 -0.98418 -0 0.2341 -0.97221 -0 0.34465 -0.93873 -0.00188 0.4403 -0.89785 0.00145 0.63378 -0.77352 -0.00142 0.71422 -0.69992 0.00193 0.85168 -0.52406 -0.00182 0.91222 -0.40969 0.00186 0.95162 -0.30727 -0 0.97839 0.20678 -0 0.91879 0.39475 -0 0.96314 0.2689 -0.00767 0.96719 0.25404 -0.00374 0.94894 0.31545 0 0.99966 0.02593 0 0.99506 0.09922 -0.00155 0.99761 0.06829 -0.01063 0.98999 0.14113 -0 0.99877 -0.04954 -0 0.99998 -0.00614 -0 0.99816 -0.06042 -0.00585 0.99991 0.00924 0.00983 0.99437 -0.10546 -0.01067 0.99872 -0.05037 0.00355 0.9864 -0.16436 -0.0031 0.99122 -0.13214 0.00421 0.97476 -0.22326 -0.00284 0.9784 -0.20673 -0 0.84345 0.53721 -0 0.84477 0.53512 0.00039 0.88112 0.47289 -0.0004 0.87566 0.48292 -0.0021 0.91845 0.39552 0.00355 0.89928 0.4373 -0.00828 0.94038 0.34007 0.00619 0.92219 0.38673 -0.00299 0.9386 0.345 -0 0.77545 0.63141 0 0.71204 0.70213 -0.00198 0.59224 0.80576 0.00193 0.42523 0.90508 -0.00207 0.29402 0.9558 0.00172 0.09945 0.99504 -0.00171 -0.0217 0.99976 0.0016 -0.11966 0.99281 0 0.98582 -0.16781 0.00073 0.30587 0.95132 -0.0379 -0.03834 0.99926 0 -0.05289 0.9986 -0.00246 0.14638 0.98923 0.00111 0.14253 0.98979 0.00083 0.30222 0.95324 -0.00131 0.49948 0.86604 0.02239 0.63958 0.76872 -1E-05 0.65741 0.75353 0.00027 0.75998 0.64994 -0.00138 0.8729 0.48777 0.01159 0.80198 0.59734 -0.00257 0.95527 0.29574 0.00194 0.99887 0.04759 -0.0006 0.99655 0.08291 -0.00379 0.9444 0.32876 0.00561 0.92603 -0.37745 -0 0.939 -0.34392 -0.0015 0.96713 -0.25427 0.00283 0.99576 -0.0915 -0.00952 -0.09384 0.99559 0 -0.01843 0.99981 0.00664 0.09879 0.9951 -0.00304 0.29103 0.9567 0.00486 0.28829 0.95753 0.00524 0.52501 0.85106 -0.00772 0.43237 0.90163 0.01064 0.49702 0.86774 5E-05 0.45558 0.89017 -0.00675 0.37319 0.92752 -0.0208 0.63141 -0.77545 -0 0.70213 -0.71204 -0.00198 0.80576 -0.59224 0.00193 0.90508 -0.42523 -0.00207 0.9558 -0.29402 0.00172 0.99504 -0.09945 -0.00171 0.99976 0.0217 0.0016 0.99281 0.11966 -0 -0.16771 -0.98584 0.00087 0.95205 -0.30376 -0.03664 0.99926 0.03834 -0 0.9986 0.05288 -0.00246 0.99001 -0.14098 0.00101 0.98984 -0.14221 0.00109 0.95477 -0.29735 -0.00187 0.86776 -0.4965 0.02201 0.77118 -0.63662 -1E-05 0.75605 -0.65451 0.00031 0.64994 -0.75998 -0.00138 0.48982 -0.87175 0.01143 0.59702 -0.80222 -0.00221 0.29599 -0.95519 0.00173 0.04883 -0.99881 -0.00071 0.08291 -0.99655 -0.00379 0.33126 -0.94352 0.00571 -0.37746 -0.92603 -0 -0.34392 -0.939 -0.0015 -0.25426 -0.96713 0.00283 -0.09029 -0.99587 -0.00961 0.99559 0.09384 -0 0.99981 0.01843 0.00664 0.9951 -0.09879 -0.00304 0.9567 -0.29103 0.00486 0.95753 -0.28829 0.00524 0.85299 -0.52187 -0.00754 0.90306 -0.42938 0.01024 0.86966 -0.49366 4E-05 0.89181 -0.45236 -0.00653 0.92849 -0.37082 -0.02001 -0.41618 -0.90928 -0 -0.41622 -0.90926 1E-05 -0.47521 -0.87987 -6E-05 -0.47529 -0.87983 6E-05 -0.5706 -0.82123 -6E-05 -0.57067 -0.82118 6E-05 -0.70705 -0.70716 -0 -0.70702 -0.7072 -1E-05 -0.6589 -0.75223 6E-05 -0.66134 -0.75008 0.00409 -0.61831 -0.78593 -0 -0.17718 0.98418 0 -0.2341 0.97221 0 -0.32834 0.94456 -0.0016 -0.44023 0.89788 0.00171 -0.6089 0.79325 -0.00172 -0.71418 0.69996 0.00207 -0.83607 0.54863 -0.00193 -0.91221 0.40972 0.00198 -0.94697 0.32132 0 -0.78471 -0.61986 -0 -0.71207 -0.70211 -0.00186 -0.61544 -0.78818 0.00182 -0.42527 -0.90506 -0.00193 -0.32422 -0.94598 0.00142 -0.09952 -0.99503 -0.00145 0.00438 -0.99999 0.00188 0.11966 -0.99281 -0 -0.20678 0.97839 0 -0.39475 0.91879 0 -0.2689 0.96314 -0.00767 -0.25404 0.96719 -0.00374 -0.31545 0.94894 0 -0.02593 0.99966 0 -0.09922 0.99506 -0.00155 -0.06829 0.99761 -0.01063 -0.14113 0.98999 0 0.04954 0.99877 0 0.00614 0.99998 -0 0.06042 0.99816 -0.00585 -0.00924 0.99991 0.00983 0.10546 0.99437 -0.01067 0.05037 0.99872 0.00355 0.16436 0.9864 -0.0031 0.13214 0.99122 0.00421 0.22326 0.97476 -0.00284 0.20673 0.9784 0 -0.53721 0.84345 0 -0.53512 0.84477 0.00039 -0.47289 0.88112 -0.0004 -0.48292 0.87566 -0.0021 -0.39552 0.91845 0.00355 -0.4373 0.89928 -0.00828 -0.34007 0.94038 0.00619 -0.38673 0.92219 -0.00299 -0.345 0.9386 -0 -0.98584 0.16771 0.00087 -0.30376 -0.95205 -0.03664 0.03834 -0.99926 -0 0.05288 -0.9986 -0.00246 -0.14098 -0.99001 0.00101 -0.14221 -0.98984 0.00109 -0.29735 -0.95477 -0.00187 -0.4965 -0.86776 0.02201 -0.63662 -0.77118 -1E-05 -0.65451 -0.75605 0.00031 -0.75998 -0.64994 -0.00138 -0.87175 -0.48982 0.01143 -0.80222 -0.59702 -0.00221 -0.95519 -0.29599 0.00173 -0.99881 -0.04883 -0.00071 -0.99655 -0.08291 -0.00379 -0.94352 -0.33126 0.00571 -0.92603 0.37746 0 -0.939 0.34392 -0.0015 -0.96713 0.25426 0.00283 -0.99587 0.09029 -0.00961 0.09384 -0.99559 -0 0.01843 -0.99981 0.00664 -0.09879 -0.9951 -0.00304 -0.29103 -0.9567 0.00486 -0.28829 -0.95753 0.00524 -0.52187 -0.85299 -0.00754 -0.42938 -0.90306 0.01024 -0.49366 -0.86966 4E-05 -0.45236 -0.89181 -0.00653 -0.37082 -0.92849 -0.02001 0.97221 0.2341 -0 0.94456 0.32834 -0.0016 0.89788 0.44023 0.00171 0.79325 0.6089 -0.00172 0.69996 0.71418 0.00207 0.54863 0.83607 -0.00193 0.40972 0.91221 0.00198 0.32132 0.94697 0 -0.90928 0.41618 0 -0.90926 0.41622 1E-05 -0.87987 0.47521 -6E-05 -0.87983 0.47529 6E-05 -0.82123 0.5706 -6E-05 -0.82118 0.57067 6E-05 -0.70716 0.70705 0 -0.7072 0.70702 -1E-05 -0.75223 0.6589 6E-05 -0.75008 0.66134 0.00409 -0.78593 0.61831 -0 0.98418 0.17718 -0 0.86545 0.50099 -0.00087 0.61671 -0.78633 0.03664 0.31257 -0.9499 -0 0.2987 -0.95434 0.00246 0.4774 -0.87869 -0.00101 0.47849 -0.87809 -0.00109 0.61166 -0.79112 0.00187 0.76796 -0.64012 -0.02201 0.8656 -0.50073 1E-05 0.87709 -0.48032 -0.00031 0.93894 -0.34409 0.00138 0.98784 -0.15504 -0.01143 0.96007 -0.27975 0.00221 0.99844 0.05572 -0.00173 0.95313 0.30257 0.00071 0.9629 0.26985 0.00379 0.99981 0.0186 -0.00571 0.73625 0.67671 0 0.7601 0.64981 0.0015 0.81773 0.57559 -0.00283 0.90186 0.43193 0.00961 0.25927 -0.96581 -0 0.33141 -0.94346 -0.00664 0.43964 -0.89817 0.00304 0.60641 -0.79514 -0.00486 0.60413 -0.79687 -0.00524 0.78659 -0.61743 0.00754 0.71737 -0.69661 -0.01024 0.76596 -0.64289 -4E-05 0.73498 -0.67806 0.00653 0.67136 -0.74086 0.02001 0.25472 0.04586 -0.96593 -0.25472 -0.04586 -0.96593 -0.69592 -0.12529 -0.70711 -0.95064 -0.17114 -0.25882 -0.95064 -0.17114 0.25882 -0.69592 -0.12529 0.70711 -0.25472 -0.04586 0.96593 0.24313 0.04377 0.96901 0.25257 0.0577 0.96586 0.87492 0.15752 -0.45793 0.7876 0.14179 -0.59965 0.68322 0.18772 -0.70567 0.59907 0.10087 -0.79432 0.24087 0.05618 -0.96893 0.94375 0.20462 -0.25972 0.94389 0.20536 -0.25866 0.98273 0.1769 -0.05437 0.97902 0.17628 0.10224 0.94034 0.22125 0.25848 0.91829 0.16283 0.36086 0.69819 0.1123 0.70705 0.52772 0.26798 0.80604 0.75239 0.13815 0.64407 -0.50111 0.86538 -0.00076 0.9499 0.31257 -0 0.95434 0.2987 0.00246 0.87869 0.4774 -0.00101 0.87809 0.47849 -0.00109 0.82445 0.56593 0.00082 0.7905 0.61246 0.00321 0.63489 0.77247 -0.01453 0.50073 0.8656 1E-05 0.48032 0.87709 -0.00031 0.34308 0.93931 0.00139 0.1541 0.98799 -0.01153 0.27976 0.96007 0.00221 -0.05876 0.99827 -0.00176 -0.30642 0.9519 0.00061 -0.26166 0.96515 0.00469 -0.00688 0.99995 -0.00746 -0.67361 0.73909 0 -0.64981 0.7601 0.0015 -0.56103 0.82779 -0.00304 -0.41844 0.90817 0.01165 0.96581 0.25927 -0 0.94346 0.33141 -0.00664 0.89817 0.43964 0.00304 0.79514 0.60641 -0.00486 0.79687 0.60413 -0.00524 0.61743 0.78659 0.00754 0.69661 0.71737 -0.01024 0.64289 0.76596 -4E-05 0.67806 0.73498 0.00653 0.74086 0.67136 0.02001 -0.04586 0.25472 -0.96593 0.04586 -0.25472 -0.96593 0.12529 -0.69592 -0.70711 0.17114 -0.95064 -0.25882 0.17114 -0.95064 0.25882 0.12529 -0.69592 0.70711 0.04586 -0.25472 0.96593 -0.04377 0.24313 0.96901 -0.0577 0.25257 0.96586 -0.15752 0.87492 -0.45793 -0.14179 0.7876 -0.59966 -0.18772 0.68322 -0.70567 -0.10087 0.59907 -0.79432 -0.05618 0.24087 -0.96893 -0.20462 0.94375 -0.25972 -0.20536 0.94389 -0.25866 -0.1769 0.98273 -0.05437 -0.17628 0.97902 0.10225 -0.22125 0.94034 0.25848 -0.16282 0.91829 0.36087 -0.1123 0.69819 0.70705 -0.26798 0.52771 0.80604 -0.13815 0.75239 0.64407 -0.8654 -0.50109 -0.00073 -0.31257 0.9499 0 -0.2987 0.95434 0.00246 -0.48219 0.87607 -0.00111 -0.47878 0.87794 -0.00083 -0.56545 0.82478 0.0005 -0.61658 0.78729 0.00279 -0.77472 0.63214 -0.01481 -0.86752 0.4974 1E-05 -0.87893 0.47694 -0.00027 -0.93894 0.34409 0.00138 -0.9882 0.15272 -0.01159 -0.95996 0.28014 0.00257 -0.99843 -0.05598 -0.00194 -0.95275 -0.30376 0.0006 -0.9629 -0.26985 0.00379 -0.99976 -0.02125 -0.00561 -0.73625 -0.67671 -0 -0.7601 -0.64981 0.0015 -0.81773 -0.57559 -0.00283 -0.90133 -0.43303 0.00952 -0.25927 0.96581 0 -0.33142 0.94346 -0.00664 -0.43964 0.89817 0.00304 -0.60641 0.79514 -0.00486 -0.60413 0.79687 -0.00524 -0.78886 0.61452 0.00772 -0.71968 0.69423 -0.01064 -0.76844 0.63992 -5E-05 -0.73742 0.6754 0.00675 -0.67324 0.73914 0.0208 0.69592 0.12529 -0.70711 0.95064 0.17114 -0.25882 0.95064 0.17114 0.25882 0.69592 0.12529 0.70711 0.25472 0.04586 0.96593 -0.24313 -0.04377 0.96901 -0.25257 -0.0577 0.96586 -0.87492 -0.15752 -0.45793 -0.7876 -0.14179 -0.59966 -0.68322 -0.18772 -0.70567 -0.59907 -0.10087 -0.79432 -0.24087 -0.05618 -0.96893 -0.94375 -0.20462 -0.25972 -0.94389 -0.20536 -0.25866 -0.98273 -0.1769 -0.05437 -0.97902 -0.17628 0.10225 -0.94034 -0.22125 0.25848 -0.91829 -0.16282 0.36087 -0.69819 -0.1123 0.70705 -0.52771 -0.26798 0.80604 -0.75239 -0.13815 0.64407 0.50099 -0.86545 -0.00087 -0.9499 -0.31257 0 -0.95434 -0.2987 0.00246 -0.87869 -0.4774 -0.00101 -0.87809 -0.47849 -0.00109 -0.82445 -0.56593 0.00082 -0.7905 -0.61246 0.00321 -0.63489 -0.77247 -0.01453 -0.50073 -0.8656 1E-05 -0.48032 -0.87709 -0.00031 -0.34409 -0.93894 0.00138 -0.15504 -0.98784 -0.01143 -0.27975 -0.96007 0.00221 0.05572 -0.99844 -0.00173 0.30257 -0.95313 0.00071 0.26985 -0.9629 0.00379 0.0186 -0.99981 -0.00571 0.67671 -0.73625 -0 0.64981 -0.7601 0.0015 0.57559 -0.81773 -0.00283 0.43193 -0.90186 0.00961 -0.96581 -0.25927 0 -0.94346 -0.33141 -0.00664 -0.89817 -0.43964 0.00304 -0.79514 -0.60641 -0.00486 -0.79687 -0.60413 -0.00524 -0.61743 -0.78659 0.00754 -0.69661 -0.71737 -0.01024 -0.64289 -0.76596 -4E-05 -0.67806 -0.73498 0.00653 -0.74086 -0.67136 0.02001 -0.12529 0.69592 -0.70711 -0.17114 0.95064 -0.25882 -0.17114 0.95064 0.25882 -0.12529 0.69592 0.70711 -0.04586 0.25472 0.96593 0.04377 -0.24313 0.96901 0.0577 -0.25257 0.96586 0.15752 -0.87492 -0.45793 0.14179 -0.7876 -0.59966 0.18772 -0.68322 -0.70567 0.10087 -0.59907 -0.79432 0.05618 -0.24087 -0.96893 0.20462 -0.94375 -0.25972 0.20536 -0.94389 -0.25866 0.1769 -0.98273 -0.05437 0.17628 -0.97902 0.10225 0.22125 -0.94034 0.25848 0.16282 -0.91829 0.36087 0.1123 -0.69819 0.70705 0.26798 -0.52771 0.80604 0.13815 -0.75239 0.64407 0.25684 0.03401 0.96586 0.59663 0.11439 0.79432 0.70579 0.06235 0.70567 0.7876 0.14179 0.59966 0.95624 0.13672 0.25866 0.95586 0.13736 0.25972 0.87492 0.1575 0.45793 0.95846 0.12059 -0.25848 0.97903 0.17622 -0.10225 0.98272 0.17693 0.05437 0.58804 -0.06711 -0.80604 0.75333 0.13293 -0.64407 0.91742 0.16766 -0.36087 0.24313 0.04377 -0.96901 0.25684 0.03401 -0.96586 0.69352 0.13825 -0.70705 -0.38163 0.57092 -0.72692 -0.4879 0.48477 -0.72591 -0.56552 0.47047 -0.67738 -0.59968 0.51373 -0.61357 -0.65203 0.45464 -0.60676 -0.71517 0.44402 -0.53979 -0.74821 0.47812 -0.45999 -0.78237 0.43036 -0.4502 -0.86734 0.41327 -0.27735 -0.86734 0.41327 -0.27735 -0.90937 0.4073 -0.08459 -0.89191 0.4489 -0.0546 -0.91227 0.40861 0.0282 -0.89736 0.40787 0.16851 -0.86046 0.4971 0.11184 -0.88063 0.41386 0.23066 -0.85026 0.41944 0.31801 -0.80057 0.47555 0.3646 -0.80096 0.42753 0.41914 -0.74995 0.43789 0.49581 -0.68317 0.48258 0.54809 -0.67806 0.44875 0.58212 -0.52281 0.47529 0.70765 -0.35041 0.57015 0.74306 -0.31921 0.51195 0.7975 -0.52281 0.47529 0.70765 -0.2458 0.52844 0.81261 -0.15527 0.54421 0.82446 -0.10845 0.60241 0.79078 -0.04427 0.56419 0.82446 0.04607 0.58099 0.81261 0.10389 0.63433 0.76605 0.15411 0.59913 0.78568 0.32423 0.62779 0.70765 0.32423 0.62779 0.70765 0.47899 0.65705 0.58212 0.47198 0.69054 0.54809 0.55014 0.67195 0.49581 0.62443 0.68183 0.38103 0.54223 0.7435 0.39141 0.70507 0.69881 0.12053 0.65445 0.73876 0.16104 0.681 0.695 0.23066 0.65059 0.68964 0.31802 0.71022 0.69888 -0.08459 0.66876 0.68981 -0.27735 0.66876 0.68981 -0.27735 0.58316 0.67619 -0.4502 0.53448 0.70904 -0.45999 0.51542 0.66556 -0.53979 0.41511 0.64415 -0.64246 0.39445 0.72901 -0.55942 0.36593 0.63816 -0.67738 0.2882 0.62449 -0.72591 0.20351 0.65455 -0.72811 -0.42404 0.49308 -0.75965 -0.21028 0.53156 -0.8205 -0.21028 0.53156 -0.8205 0.0117 0.57152 -0.8205 0.0117 0.57152 -0.8205 0.18773 0.60536 -0.7735 0.3864 0.91541 0.11273 0.3864 0.91541 0.11273 0.33667 0.90646 0.25491 0.33667 0.90646 0.25491 0.25103 0.89104 0.37818 0.25103 0.89104 0.37818 0.13584 0.87031 0.47341 0.13584 0.87031 0.47341 -0.00038 0.84578 0.53353 -0.00038 0.84578 0.53353 -0.1475 0.8193 0.55407 -0.29462 0.79281 0.53353 -0.29462 0.79281 0.53353 -0.43083 0.76829 0.47341 -0.43083 0.76829 0.47341 -0.54603 0.74755 0.37818 -0.54603 0.74755 0.37818 -0.63167 0.73213 0.25491 -0.63167 0.73213 0.25491 -0.6814 0.72318 0.11273 -0.6814 0.72318 0.11273 -0.69153 0.72135 -0.03781 -0.69153 0.72135 -0.03781 -0.66132 0.72679 -0.18555 -0.66132 0.72679 -0.18555 -0.593 0.73909 -0.31952 -0.593 0.73909 -0.31952 -0.49163 0.75734 -0.4298 -0.49163 0.75734 -0.4298 -0.36475 0.78019 -0.5082 -0.36475 0.78019 -0.5082 -0.22175 0.80593 -0.54891 -0.22175 0.80593 -0.54891 -0.07324 0.83266 -0.54891 -0.07325 0.83266 -0.54891 0.06975 0.85841 -0.5082 0.06975 0.85841 -0.5082 0.19664 0.88125 -0.4298 0.19664 0.88125 -0.4298 0.298 0.8995 -0.31952 0.298 0.8995 -0.31952 0.36632 0.9118 -0.18555 0.36632 0.9118 -0.18555 0.03017 0.99932 -0.02125 0.01619 0.99985 0.0066 0.01396 0.99912 0.03964 0.01396 0.99912 0.03964 -0.00353 0.99597 0.08964 -0.00353 0.99597 0.08964 -0.03364 0.99055 0.13299 -0.03364 0.99055 0.13299 -0.07415 0.98325 0.16648 -0.07415 0.98325 0.16648 -0.12205 0.97463 0.18761 -0.12205 0.97463 0.18761 -0.17379 0.96532 0.19484 -0.22552 0.956 0.18761 -0.22552 0.956 0.18761 -0.27342 0.94738 0.16648 -0.27342 0.94738 0.16648 -0.31393 0.94009 0.13299 -0.31393 0.94009 0.13299 -0.34404 0.93467 0.08964 -0.36153 0.93152 0.03964 -0.36153 0.93152 0.03964 -0.3651 0.93088 -0.0133 -0.3651 0.93088 -0.0133 -0.35447 0.93279 -0.06525 -0.35447 0.93279 -0.06525 -0.33045 0.93711 -0.11236 -0.33045 0.93711 -0.11236 -0.2948 0.94353 -0.15114 -0.2948 0.94353 -0.15114 -0.25018 0.95156 -0.17871 -0.25018 0.95156 -0.17871 -0.1999 0.96062 -0.19303 -0.1999 0.96062 -0.19303 -0.14767 0.97002 -0.19303 -0.14767 0.97002 -0.19303 -0.09739 0.97907 -0.17871 -0.09739 0.97907 -0.17871 -0.05277 0.9871 -0.15114 -0.05277 0.9871 -0.15114 -0.01713 0.99352 -0.11236 -0.01713 0.99352 -0.11236 0.0069 0.99785 -0.06525 0.0069 0.99785 -0.06525 0.01753 0.99976 -0.0133 0.39654 0.91724 -0.03781 0.39654 0.91724 -0.03781 0.67936 0.73177 -0.0546 0.71249 0.70111 0.0282 0.36381 -0.93126 -0.01985 0.35447 -0.93279 -0.06525 0.35447 -0.93279 -0.06525 0.33045 -0.93711 -0.11236 0.33045 -0.93711 -0.11236 0.2948 -0.94353 -0.15114 0.2948 -0.94353 -0.15114 0.25018 -0.95156 -0.17871 0.25018 -0.95156 -0.17871 0.1999 -0.96062 -0.19303 0.1999 -0.96062 -0.19303 0.14767 -0.97002 -0.19303 0.14767 -0.97002 -0.19303 0.09739 -0.97907 -0.17871 0.09739 -0.97907 -0.17871 0.05277 -0.9871 -0.15114 0.05277 -0.9871 -0.15114 0.01713 -0.99352 -0.11236 0.01713 -0.99352 -0.11236 -0.0069 -0.99785 -0.06525 -0.0069 -0.99785 -0.06525 -0.01753 -0.99976 -0.0133 -0.01753 -0.99976 -0.0133 -0.01396 -0.99912 0.03964 -0.01396 -0.99912 0.03964 0.00353 -0.99597 0.08964 0.00353 -0.99597 0.08964 0.03364 -0.99055 0.13299 0.03364 -0.99055 0.13299 0.07415 -0.98325 0.16648 0.07415 -0.98325 0.16648 0.12205 -0.97463 0.18761 0.12205 -0.97463 0.18761 0.17379 -0.96532 0.19484 0.22552 -0.956 0.18761 0.22552 -0.956 0.18761 0.27342 -0.94738 0.16648 0.27342 -0.94738 0.16648 0.31393 -0.94009 0.13299 0.31393 -0.94009 0.13299 0.34404 -0.93466 0.08964 0.34404 -0.93467 0.08964 0.36153 -0.93152 0.03964 0.36153 -0.93152 0.03964 0.36388 -0.93142 0.0066 0.37342 -0.92756 -0.0139 0.22175 -0.80593 -0.54891 0.36475 -0.78019 -0.5082 0.36475 -0.78019 -0.5082 0.49163 -0.75734 -0.4298 0.49163 -0.75734 -0.4298 0.593 -0.73909 -0.31952 0.593 -0.73909 -0.31952 0.66132 -0.72679 -0.18555 0.66132 -0.7268 -0.18555 0.69153 -0.72136 -0.03781 0.69153 -0.72135 -0.03781 0.6814 -0.72318 0.11273 0.6814 -0.72318 0.11273 0.63167 -0.73213 0.25491 0.63167 -0.73213 0.25491 0.54603 -0.74755 0.37818 0.54603 -0.74755 0.37818 0.43083 -0.76829 0.47341 0.43083 -0.76829 0.47341 0.29462 -0.79281 0.53353 0.1475 -0.8193 0.55407 0.00038 -0.84578 0.53353 0.00038 -0.84578 0.53353 -0.13584 -0.87031 0.47341 -0.13584 -0.87031 0.47341 -0.25103 -0.89104 0.37818 -0.25103 -0.89104 0.37818 -0.33667 -0.90646 0.25491 -0.33667 -0.90646 0.25491 -0.3864 -0.91541 0.11273 -0.3864 -0.91541 0.11273 -0.39654 -0.91724 -0.03781 -0.39654 -0.91724 -0.03781 -0.36632 -0.9118 -0.18555 -0.36632 -0.9118 -0.18555 -0.298 -0.8995 -0.31952 -0.298 -0.8995 -0.31952 -0.19664 -0.88125 -0.4298 -0.19664 -0.88125 -0.4298 -0.06975 -0.85841 -0.5082 -0.06975 -0.85841 -0.5082 0.07325 -0.83266 -0.54891 0.07324 -0.83266 -0.54891 0.22175 -0.80593 -0.54891 -0.40034 -0.74977 -0.52685 -0.4644 -0.56227 -0.68424 -0.54261 -0.72932 -0.41674 -0.58563 -0.64736 -0.48781 -0.65266 -0.70841 -0.26868 -0.657 -0.70233 -0.27403 -0.71902 -0.68867 -0.09348 -0.67936 -0.73178 -0.0546 -0.73463 -0.67181 0.09488 -0.65445 -0.73876 0.16104 -0.681 -0.695 0.23066 -0.65059 -0.68963 0.31801 -0.51948 -0.7524 0.40501 -0.66896 -0.6273 0.39873 -0.44708 -0.69498 0.56314 -0.50186 -0.65138 0.56907 -0.3304 -0.63645 0.69697 -0.31021 -0.65188 0.69197 -0.17749 -0.58174 0.79378 -0.10389 -0.63433 0.76605 -0.04607 -0.58099 0.81261 0.88063 -0.41386 0.23066 0.85026 -0.41944 0.31802 0.80057 -0.47555 0.3646 0.79924 -0.39853 0.44988 0.68317 -0.48258 0.54809 0.67702 -0.4428 0.58785 0.52151 -0.48319 0.70324 0.52751 -0.50348 0.68428 0.31898 -0.47372 0.82088 0.36402 -0.57501 0.7327 0.08073 -0.44843 0.89017 0.201 -0.65102 0.73196 0.04427 -0.56419 0.82446 0.85325 -0.51463 0.08434 0.92844 -0.32614 0.17787 0.88126 -0.46429 -0.08845 0.92066 -0.38613 -0.0573 0.86213 -0.42854 -0.27033 0.85771 -0.43594 -0.27256 0.79508 -0.41111 -0.44591 0.74821 -0.47812 -0.45999 0.68437 -0.41404 -0.60018 0.59968 -0.51373 -0.61357 0.56552 -0.47048 -0.67738 -0.36593 -0.63816 -0.67738 -0.2882 -0.62449 -0.72591 -0.20351 -0.65455 -0.72811 -0.17899 -0.57805 -0.79613 -0.00323 -0.60167 -0.79873 0.00832 -0.56911 -0.82222 0.21028 -0.53156 -0.8205 0.19415 -0.57136 -0.7974 0.42756 -0.4425 -0.78828 0.36322 -0.58424 -0.72576 0.4879 -0.48477 -0.72591 -0.22638 0.30456 0.9252 -0.0669 -0.24366 0.96755 -0.79413 -0.48814 0.36204 0.502 -0.25487 -0.82646 0.84414 -0.19172 0.50067 0.71483 -0.215 0.66543 0.55268 -0.24419 0.79682 0.36582 -0.27783 0.88825 0.16363 -0.31423 0.93514 0.59069 -0.21892 -0.77664 -0.83953 -0.4745 0.26466 -0.00303 -0.34544 0.93843 -0.04567 -0.34297 0.93823 -0.10595 -0.36439 0.9252 -0.24596 -0.38797 0.88825 -0.24596 -0.38797 0.88825 -0.27611 -0.28133 0.91903 -0.27611 -0.28133 0.91903 -0.30258 -0.17103 0.93765 -0.43282 -0.42161 0.79682 -0.43282 -0.42161 0.79682 -0.46944 -0.31613 0.82443 -0.46944 -0.31613 0.82443 -0.49983 -0.20654 0.84113 -0.49983 -0.20654 0.84113 -0.52361 -0.09427 0.84672 -0.59497 -0.4508 0.66543 -0.59497 -0.4508 0.66543 -0.63721 -0.34633 0.68849 -0.63721 -0.34633 0.68849 -0.671 -0.23736 0.70244 -0.671 -0.23736 0.70244 -0.69592 -0.12529 0.70711 -0.71165 -0.01156 0.70244 -0.72428 -0.47408 0.50067 -0.72428 -0.47408 0.50067 -0.771 -0.37042 0.51802 -0.771 -0.37042 0.51802 -0.8075 -0.26193 0.52852 -0.8075 -0.26193 0.52852 -0.83333 -0.15002 0.53203 -0.84815 -0.03613 0.52852 -0.84815 -0.03613 0.52852 -0.85178 0.07827 0.51802 0.27611 0.28133 0.91903 0.46944 0.31613 0.82443 0.46944 0.31613 0.82443 0.49983 0.20654 0.84113 0.63721 0.34633 0.68849 0.671 0.23736 0.70244 0.671 0.23736 0.70244 0.69592 0.12529 0.70711 0.771 0.37042 0.51802 0.771 0.37042 0.51802 0.8075 0.26193 0.52852 0.8075 0.26193 0.52852 0.83333 0.15002 0.53203 0.84815 0.03613 0.52852 0.99263 -0.05292 -0.10902 0.99263 -0.05292 -0.10902 0.99186 0.062 -0.11123 0.99186 0.062 -0.11122 0.97799 0.17607 -0.11196 0.95121 0.2878 -0.11122 0.95121 0.28781 -0.11123 0.91185 0.39578 -0.10902 0.91185 0.39578 -0.10902 0.94488 -0.06151 -0.32158 0.94488 -0.06151 -0.32158 0.94314 0.05323 -0.3281 0.94314 0.05323 -0.3281 0.92895 0.16724 -0.33028 0.90249 0.27903 -0.3281 0.90249 0.27903 -0.3281 0.8641 0.38718 -0.32158 0.8641 0.38718 -0.32158 0.85178 -0.07827 -0.51802 0.85178 -0.07827 -0.51802 0.84815 0.03613 -0.52852 0.84815 0.03613 -0.52852 0.83333 0.15002 -0.53203 0.8075 0.26193 -0.52852 0.8075 0.26193 -0.52852 0.771 0.37042 -0.51802 0.771 0.37042 -0.51802 0.36582 -0.27783 -0.88825 0.36583 -0.27783 -0.88825 0.35688 -0.16737 -0.91903 0.35688 -0.16737 -0.91903 0.34323 -0.05477 -0.93765 0.34323 -0.05477 -0.93765 0.32505 0.05852 -0.94388 0.30258 0.17103 -0.93765 0.30258 0.17103 -0.93765 0.27611 0.28133 -0.91903 0.27611 0.28133 -0.91903 0.16363 -0.31423 -0.93514 0.16363 -0.31423 -0.93514 0.14768 -0.20503 -0.96755 0.14768 -0.20503 -0.96755 0.12979 -0.09319 -0.98715 0.12979 -0.09319 -0.98715 0.11019 0.01984 -0.99371 0.08914 0.13261 -0.98715 0.08914 0.13261 -0.98715 0.0669 0.24366 -0.96755 0.0669 0.24366 -0.96755 -0.04377 -0.35157 -0.93514 -0.04377 -0.35157 -0.93514 -0.0669 -0.24366 -0.96755 -0.0669 -0.24366 -0.96755 -0.08914 -0.13261 -0.98715 -0.08914 -0.13261 -0.98715 -0.11019 -0.01984 -0.99371 -0.12979 0.09319 -0.98715 -0.12979 0.09319 -0.98715 -0.14768 0.20503 -0.96755 -0.14768 0.20503 -0.96755 -0.24596 -0.38797 -0.88825 -0.24596 -0.38797 -0.88825 -0.27611 -0.28133 -0.91903 -0.27611 -0.28133 -0.91903 -0.30258 -0.17103 -0.93765 -0.30258 -0.17103 -0.93765 -0.32505 -0.05852 -0.94388 -0.34323 0.05477 -0.93765 -0.34323 0.05477 -0.93765 -0.35688 0.16737 -0.91903 -0.35688 0.16737 -0.91903 -0.771 -0.37042 -0.51802 -0.771 -0.37042 -0.51802 -0.8075 -0.26193 -0.52852 -0.8075 -0.26193 -0.52852 -0.83333 -0.15002 -0.53203 -0.84815 -0.03613 -0.52852 -0.84815 -0.03613 -0.52852 -0.85178 0.07827 -0.51802 -0.85178 0.07827 -0.51802 -0.8641 -0.38718 -0.32158 -0.8641 -0.38718 -0.32158 -0.90249 -0.27903 -0.3281 -0.90249 -0.27903 -0.3281 -0.92895 -0.16724 -0.33028 -0.94314 -0.05323 -0.3281 -0.94314 -0.05323 -0.3281 -0.94488 0.06151 -0.32158 -0.94488 0.06151 -0.32158 -0.91185 -0.39578 -0.10902 -0.91185 -0.39578 -0.10902 -0.95121 -0.2878 -0.11123 -0.95121 -0.2878 -0.11122 -0.97799 -0.17607 -0.11196 -0.99186 -0.062 -0.11122 -0.99186 -0.062 -0.11123 -0.99263 0.05292 -0.10902 -0.99263 0.05292 -0.10902 0.85178 -0.07827 0.51802 0.84815 0.03613 0.52852 0.71165 0.01156 0.70244 0.52361 0.09427 0.84672 0.49983 0.20654 0.84113 0.30258 0.17103 0.93765 0.27611 0.28133 0.91903 0.0669 0.24366 0.96755 0.04567 0.34297 0.93823 0.00303 0.34544 0.93843 0.59497 0.4508 0.66543 0.59891 0.44971 0.66262 0.43221 0.42319 0.79631 0.41872 0.42627 0.80185 0.24751 0.38287 0.89003 0.22867 0.38547 0.89394 0.10595 0.36439 0.9252 0.85582 0.49875 0.13718 0.81426 0.49028 0.31081 0.8641 0.38718 0.32158 0.8641 0.38718 0.32158 0.90249 0.27903 0.3281 0.90249 0.27903 0.3281 0.92895 0.16724 0.33028 0.94314 0.05323 0.3281 0.94314 0.05323 0.3281 0.94488 -0.06151 0.32158 0.94488 -0.06151 0.32158 0.93552 -0.1659 0.31189 0.91451 -0.18053 0.36205 0.83953 0.4745 0.26466 0.79413 0.48814 0.36205 0.72428 0.47408 0.50067 0.74349 0.46661 0.47906 0.67995 0.46789 0.56457 0.99263 -0.05291 0.10902 0.99263 -0.05292 0.10902 0.99186 0.062 0.11123 0.99186 0.062 0.11122 0.97799 0.17607 0.11196 0.95121 0.28781 0.11122 0.95121 0.2878 0.11123 0.91185 0.39578 0.10902 0.91185 0.39578 0.10902 0.86451 0.49139 0.10567 0.46998 0.42961 -0.77107 0.59497 0.4508 -0.66543 0.63721 0.34633 -0.68849 0.63721 0.34633 -0.68849 0.671 0.23736 -0.70244 0.671 0.23736 -0.70244 0.69592 0.12529 -0.70711 0.71165 0.01156 -0.70244 0.71165 0.01156 -0.70244 0.71799 -0.10236 -0.68849 0.71799 -0.10236 -0.68849 0.57485 0.43252 -0.6946 0.64035 0.46066 -0.61461 0.72428 0.47408 -0.50067 0.71949 0.4678 -0.51331 0.81149 0.49526 -0.31017 0.811 0.49318 -0.31473 0.86195 0.4959 -0.10548 0.86121 0.49905 -0.09622 0.86478 0.50112 0.03211 0.94905 -0.17423 0.26258 0.98028 -0.16721 0.10536 0.98028 -0.16721 0.10536 0.98028 -0.16721 -0.10536 0.98028 -0.16721 -0.10536 0.93412 -0.17552 -0.31081 0.93413 -0.17552 -0.31081 0.84414 -0.19172 -0.50067 0.84414 -0.19172 -0.50067 0.71483 -0.215 -0.66543 0.55268 -0.24419 -0.79682 0.55022 -0.13256 -0.82443 0.55022 -0.13256 -0.82443 0.54048 -0.01926 -0.84113 0.54048 -0.01926 -0.84113 0.52361 0.09427 -0.84672 0.49983 0.20654 -0.84113 0.49983 0.20654 -0.84113 0.46944 0.31613 -0.82443 0.46944 0.31613 -0.82443 0.43611 0.41298 -0.79954 -0.68871 0.2208 -0.6906 -0.55268 0.24419 -0.79682 -0.55022 0.13256 -0.82443 -0.55022 0.13256 -0.82443 -0.54048 0.01926 -0.84113 -0.54048 0.01926 -0.84113 -0.52361 -0.09427 -0.84672 -0.49983 -0.20654 -0.84113 -0.49983 -0.20654 -0.84113 -0.46944 -0.31613 -0.82443 -0.46944 -0.31613 -0.82443 -0.43611 -0.41298 -0.79954 -0.3816 -0.41395 -0.82646 -0.59069 0.21892 -0.77664 -0.502 0.25487 -0.82646 -0.36583 0.27783 -0.88825 -0.38657 0.26502 -0.88336 -0.16495 0.32379 -0.93164 -0.18593 0.30929 -0.93262 0.04377 0.35157 -0.93514 0.06422 0.36406 -0.92916 0.2478 0.38193 -0.89035 0.26697 0.3925 -0.88016 0.3816 0.41395 -0.82646 -0.63721 -0.34633 -0.68849 -0.671 -0.23736 -0.70244 -0.671 -0.23736 -0.70244 -0.69592 -0.12529 -0.70711 -0.71165 -0.01156 -0.70244 -0.71165 -0.01156 -0.70244 -0.71799 0.10236 -0.68849 -0.71541 0.20639 -0.66753 -0.94905 0.17423 0.26258 -0.98028 0.16721 0.10536 -0.99263 0.05292 0.10902 -0.99263 0.05292 0.10902 -0.99186 -0.062 0.11123 -0.99186 -0.062 0.11122 -0.97799 -0.17607 0.11196 -0.95121 -0.2878 0.11122 -0.95121 -0.2878 0.11123 -0.91185 -0.39578 0.10902 -0.91185 -0.39578 0.10902 -0.97828 0.15478 0.13788 -0.98525 0.16806 0.03211 -0.98028 0.16721 -0.10536 -0.98185 0.16333 -0.09637 -0.93358 0.17913 -0.3104 -0.93177 0.18137 -0.31449 -0.84464 0.18739 -0.50146 -0.83679 0.19351 -0.51219 -0.76081 0.20841 -0.61461 -0.91451 0.18053 0.36204 -0.93552 0.1659 0.31189 -0.94488 0.06151 0.32158 -0.94488 0.06151 0.32158 -0.94314 -0.05323 0.3281 -0.94314 -0.05323 0.3281 -0.92895 -0.16724 0.33028 -0.90249 -0.27903 0.3281 -0.90249 -0.27903 0.3281 -0.8641 -0.38718 0.32158 -0.8641 -0.38718 0.32158 -0.81426 -0.49028 0.31081 -0.86041 -0.49859 0.10536 -0.86041 -0.49859 0.10537 -0.86041 -0.49859 -0.10536 -0.86041 -0.49859 -0.10537 -0.81426 -0.49028 -0.31081 -0.81426 -0.49028 -0.31081 -0.72428 -0.47408 -0.50067 -0.72428 -0.47408 -0.50067 -0.59497 -0.4508 -0.66543 -0.46998 -0.42961 -0.77107 -0.80044 0.20138 0.56457 0.16363 -0.31423 0.93514 0.14768 -0.20503 0.96755 -0.0669 -0.24366 0.96755 -0.08914 -0.13261 0.98715 -0.30258 -0.17103 0.93765 -0.32505 -0.05852 0.94388 -0.54048 0.01926 0.84113 -0.71165 -0.01156 0.70244 -0.71799 0.10236 0.68849 -0.85178 0.07827 0.51802 -0.84498 0.18434 0.50202 -0.85811 0.19007 0.47698 0.36583 -0.27783 0.88825 0.35688 -0.16737 0.91903 0.14768 -0.20503 0.96755 0.12979 -0.09319 0.98715 -0.08914 -0.13261 0.98715 -0.11019 -0.01984 0.99371 -0.34323 0.05477 0.93765 -0.54048 0.01926 0.84113 -0.55022 0.13256 0.82443 -0.71799 0.10236 0.68849 -0.71494 0.21342 0.66581 -0.71801 0.21459 0.66213 0.55268 -0.24419 0.79682 0.55022 -0.13256 0.82443 0.35688 -0.16737 0.91903 0.34323 -0.05477 0.93765 0.12979 -0.09319 0.98715 0.11019 0.01984 0.99371 -0.12979 0.09319 0.98715 -0.34323 0.05477 0.93765 -0.35688 0.16737 0.91903 -0.55022 0.13256 0.82443 -0.55258 0.25178 0.79452 -0.54114 0.24763 0.80364 0.71483 -0.215 0.66543 0.71799 -0.10236 0.68849 0.55022 -0.13256 0.82443 0.54048 -0.01926 0.84113 0.34323 -0.05477 0.93765 0.32505 0.05852 0.94388 0.08914 0.13261 0.98715 -0.12979 0.09319 0.98715 -0.14768 0.20503 0.96755 -0.35688 0.16737 0.91903 -0.36583 0.27783 0.88825 -0.34822 0.27376 0.89655 0.84414 -0.19172 0.50067 0.85178 -0.07827 0.51802 0.71799 -0.10236 0.68849 0.71165 0.01156 0.70244 0.54048 -0.01926 0.84113 0.30258 0.17103 0.93765 0.08914 0.13261 0.98715 0.0669 0.24366 0.96755 -0.14768 0.20503 0.96755 -0.16363 0.31423 0.93514 -0.12063 0.30543 0.94454 -0.03401 0.25684 0.96586 -0.11439 0.59663 0.79432 -0.06235 0.70579 0.70567 -0.14179 0.7876 0.59966 -0.13672 0.95624 0.25866 -0.13736 0.95586 0.25972 -0.1575 0.87492 0.45793 -0.12059 0.95846 -0.25848 -0.17622 0.97903 -0.10225 -0.17693 0.98272 0.05437 0.06711 0.58804 -0.80604 -0.13293 0.75333 -0.64407 -0.16766 0.91742 -0.36087 -0.04377 0.24313 -0.96901 -0.03401 0.25684 -0.96586 -0.13825 0.69352 -0.70705 -0.57092 -0.38163 -0.72692 -0.48477 -0.4879 -0.72591 -0.47047 -0.56552 -0.67738 -0.51373 -0.59968 -0.61357 -0.45464 -0.65203 -0.60676 -0.44402 -0.71517 -0.53979 -0.47812 -0.74821 -0.45999 -0.43036 -0.78237 -0.4502 -0.41327 -0.86734 -0.27735 -0.41327 -0.86734 -0.27735 -0.4073 -0.90937 -0.08459 -0.4489 -0.89191 -0.0546 -0.40861 -0.91227 0.0282 -0.40787 -0.89736 0.16851 -0.4971 -0.86046 0.11184 -0.41386 -0.88063 0.23066 -0.41944 -0.85026 0.31801 -0.47555 -0.80057 0.3646 -0.42753 -0.80096 0.41914 -0.43789 -0.74995 0.49581 -0.48258 -0.68317 0.54809 -0.44875 -0.67806 0.58212 -0.47529 -0.52281 0.70765 -0.57015 -0.35041 0.74306 -0.51195 -0.31921 0.7975 -0.47529 -0.52281 0.70765 -0.52844 -0.2458 0.81261 -0.54421 -0.15527 0.82446 -0.60241 -0.10845 0.79078 -0.56419 -0.04427 0.82446 -0.58099 0.04607 0.81261 -0.63433 0.10389 0.76605 -0.59913 0.15411 0.78568 -0.62779 0.32423 0.70765 -0.62779 0.32423 0.70765 -0.65705 0.47899 0.58212 -0.69054 0.47198 0.54809 -0.67195 0.55014 0.49581 -0.68183 0.62443 0.38103 -0.7435 0.54223 0.39141 -0.69881 0.70507 0.12053 -0.73876 0.65445 0.16104 -0.695 0.681 0.23066 -0.68964 0.65059 0.31802 -0.69888 0.71022 -0.08459 -0.68981 0.66876 -0.27735 -0.68981 0.66876 -0.27735 -0.67619 0.58316 -0.4502 -0.70904 0.53448 -0.45999 -0.66556 0.51542 -0.53979 -0.64415 0.41511 -0.64246 -0.72901 0.39445 -0.55942 -0.63816 0.36593 -0.67738 -0.62449 0.2882 -0.72591 -0.65455 0.20351 -0.72811 -0.49308 -0.42404 -0.75965 -0.53156 -0.21028 -0.8205 -0.53156 -0.21028 -0.8205 -0.57152 0.0117 -0.8205 -0.57152 0.0117 -0.8205 -0.60536 0.18773 -0.7735 -0.91541 0.3864 0.11273 -0.91541 0.3864 0.11273 -0.90646 0.33667 0.25491 -0.90646 0.33667 0.25491 -0.89104 0.25103 0.37818 -0.89104 0.25103 0.37818 -0.87031 0.13584 0.47341 -0.87031 0.13584 0.47341 -0.84578 -0.00038 0.53353 -0.84578 -0.00038 0.53353 -0.8193 -0.1475 0.55407 -0.79281 -0.29462 0.53353 -0.79281 -0.29462 0.53353 -0.76829 -0.43083 0.47341 -0.76829 -0.43083 0.47341 -0.74755 -0.54603 0.37818 -0.74755 -0.54603 0.37818 -0.73213 -0.63167 0.25491 -0.73213 -0.63167 0.25491 -0.72318 -0.6814 0.11273 -0.72318 -0.6814 0.11273 -0.72135 -0.69153 -0.03781 -0.72135 -0.69153 -0.03781 -0.72679 -0.66132 -0.18555 -0.72679 -0.66132 -0.18555 -0.73909 -0.593 -0.31952 -0.73909 -0.593 -0.31952 -0.75734 -0.49163 -0.4298 -0.75734 -0.49163 -0.4298 -0.78019 -0.36475 -0.5082 -0.78019 -0.36475 -0.5082 -0.80593 -0.22175 -0.54891 -0.80593 -0.22175 -0.54891 -0.83266 -0.07324 -0.54891 -0.83266 -0.07325 -0.54891 -0.85841 0.06975 -0.5082 -0.85841 0.06975 -0.5082 -0.88125 0.19664 -0.4298 -0.88125 0.19664 -0.4298 -0.8995 0.298 -0.31952 -0.8995 0.298 -0.31952 -0.9118 0.36632 -0.18555 -0.9118 0.36632 -0.18555 -0.99932 0.03017 -0.02125 -0.99985 0.01619 0.0066 -0.99912 0.01396 0.03964 -0.99912 0.01396 0.03964 -0.99597 -0.00353 0.08964 -0.99597 -0.00353 0.08964 -0.99055 -0.03364 0.13299 -0.99055 -0.03364 0.13299 -0.98325 -0.07415 0.16648 -0.98325 -0.07415 0.16648 -0.97463 -0.12205 0.18761 -0.97463 -0.12205 0.18761 -0.96532 -0.17379 0.19484 -0.956 -0.22552 0.18761 -0.956 -0.22552 0.18761 -0.94738 -0.27342 0.16648 -0.94738 -0.27342 0.16648 -0.94009 -0.31393 0.13299 -0.94009 -0.31393 0.13299 -0.93467 -0.34404 0.08964 -0.93152 -0.36153 0.03964 -0.93152 -0.36153 0.03964 -0.93088 -0.3651 -0.0133 -0.93088 -0.3651 -0.0133 -0.93279 -0.35447 -0.06525 -0.93279 -0.35447 -0.06525 -0.93711 -0.33045 -0.11236 -0.93711 -0.33045 -0.11236 -0.94353 -0.2948 -0.15114 -0.94353 -0.2948 -0.15114 -0.95156 -0.25018 -0.17871 -0.95156 -0.25018 -0.17871 -0.96062 -0.1999 -0.19303 -0.96062 -0.1999 -0.19303 -0.97002 -0.14767 -0.19303 -0.97002 -0.14767 -0.19303 -0.97907 -0.09739 -0.17871 -0.97907 -0.09739 -0.17871 -0.9871 -0.05277 -0.15114 -0.9871 -0.05277 -0.15114 -0.99352 -0.01713 -0.11236 -0.99352 -0.01713 -0.11236 -0.99785 0.0069 -0.06525 -0.99785 0.0069 -0.06525 -0.99976 0.01753 -0.0133 -0.91724 0.39654 -0.03781 -0.91724 0.39654 -0.03781 -0.73177 0.67936 -0.0546 -0.70111 0.71249 0.0282 0.93126 0.36381 -0.01985 0.93279 0.35447 -0.06525 0.93279 0.35447 -0.06525 0.93711 0.33045 -0.11236 0.93711 0.33045 -0.11236 0.94353 0.2948 -0.15114 0.94353 0.2948 -0.15114 0.95156 0.25018 -0.17871 0.95156 0.25018 -0.17871 0.96062 0.1999 -0.19303 0.96062 0.1999 -0.19303 0.97002 0.14767 -0.19303 0.97002 0.14767 -0.19303 0.97907 0.09739 -0.17871 0.97907 0.09739 -0.17871 0.9871 0.05277 -0.15114 0.9871 0.05277 -0.15114 0.99352 0.01713 -0.11236 0.99352 0.01713 -0.11236 0.99785 -0.0069 -0.06525 0.99785 -0.0069 -0.06525 0.99976 -0.01753 -0.0133 0.99976 -0.01753 -0.0133 0.99912 -0.01396 0.03964 0.99912 -0.01396 0.03964 0.99597 0.00353 0.08964 0.99597 0.00353 0.08964 0.99055 0.03364 0.13299 0.99055 0.03364 0.13299 0.98325 0.07415 0.16648 0.98325 0.07415 0.16648 0.97463 0.12205 0.18761 0.97463 0.12205 0.18761 0.96532 0.17379 0.19484 0.956 0.22552 0.18761 0.956 0.22552 0.18761 0.94738 0.27342 0.16648 0.94738 0.27342 0.16648 0.94009 0.31393 0.13299 0.94009 0.31393 0.13299 0.93466 0.34404 0.08964 0.93467 0.34404 0.08964 0.93152 0.36153 0.03964 0.93152 0.36153 0.03964 0.93142 0.36388 0.0066 0.92756 0.37342 -0.0139 0.80593 0.22175 -0.54891 0.78019 0.36475 -0.5082 0.78019 0.36475 -0.5082 0.75734 0.49163 -0.4298 0.75734 0.49163 -0.4298 0.73909 0.593 -0.31952 0.73909 0.593 -0.31952 0.72679 0.66132 -0.18555 0.7268 0.66132 -0.18555 0.72136 0.69153 -0.03781 0.72135 0.69153 -0.03781 0.72318 0.6814 0.11273 0.72318 0.6814 0.11273 0.73213 0.63167 0.25491 0.73213 0.63167 0.25491 0.74755 0.54603 0.37818 0.74755 0.54603 0.37818 0.76829 0.43083 0.47341 0.76829 0.43083 0.47341 0.79281 0.29462 0.53353 0.8193 0.1475 0.55407 0.84578 0.00038 0.53353 0.84578 0.00038 0.53353 0.87031 -0.13584 0.47341 0.87031 -0.13584 0.47341 0.89104 -0.25103 0.37818 0.89104 -0.25103 0.37818 0.90646 -0.33667 0.25491 0.90646 -0.33667 0.25491 0.91541 -0.3864 0.11273 0.91541 -0.3864 0.11273 0.91724 -0.39654 -0.03781 0.91724 -0.39654 -0.03781 0.9118 -0.36632 -0.18555 0.9118 -0.36632 -0.18555 0.8995 -0.298 -0.31952 0.8995 -0.298 -0.31952 0.88125 -0.19664 -0.4298 0.88125 -0.19664 -0.4298 0.85841 -0.06975 -0.5082 0.85841 -0.06975 -0.5082 0.83266 0.07325 -0.54891 0.83266 0.07324 -0.54891 0.80593 0.22175 -0.54891 0.74977 -0.40034 -0.52685 0.56227 -0.4644 -0.68424 0.72932 -0.54261 -0.41674 0.64736 -0.58563 -0.48781 0.70841 -0.65266 -0.26868 0.70233 -0.657 -0.27403 0.68867 -0.71902 -0.09348 0.73178 -0.67936 -0.0546 0.67181 -0.73463 0.09488 0.73876 -0.65445 0.16104 0.695 -0.681 0.23066 0.68963 -0.65059 0.31801 0.7524 -0.51948 0.40501 0.6273 -0.66896 0.39873 0.69498 -0.44708 0.56314 0.65138 -0.50186 0.56907 0.63645 -0.3304 0.69697 0.65188 -0.31021 0.69197 0.58174 -0.17749 0.79378 0.63433 -0.10389 0.76605 0.58099 -0.04607 0.81261 0.41386 0.88063 0.23066 0.41944 0.85026 0.31802 0.47555 0.80057 0.3646 0.39853 0.79924 0.44988 0.48258 0.68317 0.54809 0.4428 0.67702 0.58785 0.48319 0.52151 0.70324 0.50348 0.52751 0.68428 0.47372 0.31898 0.82088 0.57501 0.36402 0.7327 0.44843 0.08073 0.89017 0.65102 0.201 0.73196 0.56419 0.04427 0.82446 0.51463 0.85325 0.08434 0.32614 0.92844 0.17787 0.46429 0.88126 -0.08845 0.38613 0.92066 -0.0573 0.42854 0.86213 -0.27033 0.43594 0.85771 -0.27256 0.41111 0.79508 -0.44591 0.47812 0.74821 -0.45999 0.41404 0.68437 -0.60018 0.51373 0.59968 -0.61357 0.47048 0.56552 -0.67738 0.63816 -0.36593 -0.67738 0.62449 -0.2882 -0.72591 0.65455 -0.20351 -0.72811 0.57805 -0.17899 -0.79613 0.60167 -0.00323 -0.79873 0.56911 0.00832 -0.82222 0.53156 0.21028 -0.8205 0.57136 0.19415 -0.7974 0.4425 0.42756 -0.78828 0.58424 0.36322 -0.72576 0.48477 0.4879 -0.72591 -0.30456 -0.22638 0.9252 0.24366 -0.0669 0.96755 0.48814 -0.79413 0.36204 0.25487 0.502 -0.82646 0.19172 0.84414 0.50067 0.215 0.71483 0.66543 0.24419 0.55268 0.79682 0.27783 0.36582 0.88825 0.31423 0.16363 0.93514 0.21892 0.59069 -0.77664 0.4745 -0.83953 0.26466 0.34544 -0.00303 0.93843 0.34297 -0.04567 0.93823 0.36439 -0.10595 0.9252 0.38797 -0.24596 0.88825 0.38797 -0.24596 0.88825 0.28133 -0.27611 0.91903 0.28133 -0.27611 0.91903 0.17103 -0.30258 0.93765 0.42161 -0.43282 0.79682 0.42161 -0.43282 0.79682 0.31613 -0.46944 0.82443 0.31613 -0.46944 0.82443 0.20654 -0.49983 0.84113 0.20654 -0.49983 0.84113 0.09427 -0.52361 0.84672 0.4508 -0.59497 0.66543 0.4508 -0.59497 0.66543 0.34633 -0.63721 0.68849 0.34633 -0.63721 0.68849 0.23736 -0.671 0.70244 0.23736 -0.671 0.70244 0.12529 -0.69592 0.70711 0.01156 -0.71165 0.70244 0.47408 -0.72428 0.50067 0.47408 -0.72428 0.50067 0.37042 -0.771 0.51802 0.37042 -0.771 0.51802 0.26193 -0.8075 0.52852 0.26193 -0.8075 0.52852 0.15002 -0.83333 0.53203 0.03613 -0.84815 0.52852 0.03613 -0.84815 0.52852 -0.07827 -0.85178 0.51802 -0.28133 0.27611 0.91903 -0.31613 0.46944 0.82443 -0.31613 0.46944 0.82443 -0.20654 0.49983 0.84113 -0.34633 0.63721 0.68849 -0.23736 0.671 0.70244 -0.23736 0.671 0.70244 -0.12529 0.69592 0.70711 -0.37042 0.771 0.51802 -0.37042 0.771 0.51802 -0.26193 0.8075 0.52852 -0.26193 0.8075 0.52852 -0.15002 0.83333 0.53203 -0.03613 0.84815 0.52852 0.05292 0.99263 -0.10902 0.05292 0.99263 -0.10902 -0.062 0.99186 -0.11123 -0.062 0.99186 -0.11122 -0.17607 0.97799 -0.11196 -0.2878 0.95121 -0.11122 -0.28781 0.95121 -0.11123 -0.39578 0.91185 -0.10902 -0.39578 0.91185 -0.10902 0.06151 0.94488 -0.32158 0.06151 0.94488 -0.32158 -0.05323 0.94314 -0.3281 -0.05323 0.94314 -0.3281 -0.16724 0.92895 -0.33028 -0.27903 0.90249 -0.3281 -0.27903 0.90249 -0.3281 -0.38718 0.8641 -0.32158 -0.38718 0.8641 -0.32158 0.07827 0.85178 -0.51802 0.07827 0.85178 -0.51802 -0.03613 0.84815 -0.52852 -0.03613 0.84815 -0.52852 -0.15002 0.83333 -0.53203 -0.26193 0.8075 -0.52852 -0.26193 0.8075 -0.52852 -0.37042 0.771 -0.51802 -0.37042 0.771 -0.51802 0.27783 0.36582 -0.88825 0.27783 0.36583 -0.88825 0.16737 0.35688 -0.91903 0.16737 0.35688 -0.91903 0.05477 0.34323 -0.93765 0.05477 0.34323 -0.93765 -0.05852 0.32505 -0.94388 -0.17103 0.30258 -0.93765 -0.17103 0.30258 -0.93765 -0.28133 0.27611 -0.91903 -0.28133 0.27611 -0.91903 0.31423 0.16363 -0.93514 0.31423 0.16363 -0.93514 0.20503 0.14768 -0.96755 0.20503 0.14768 -0.96755 0.09319 0.12979 -0.98715 0.09319 0.12979 -0.98715 -0.01984 0.11019 -0.99371 -0.13261 0.08914 -0.98715 -0.13261 0.08914 -0.98715 -0.24366 0.0669 -0.96755 -0.24366 0.0669 -0.96755 0.35157 -0.04377 -0.93514 0.35157 -0.04377 -0.93514 0.24366 -0.0669 -0.96755 0.24366 -0.0669 -0.96755 0.13261 -0.08914 -0.98715 0.13261 -0.08914 -0.98715 0.01984 -0.11019 -0.99371 -0.09319 -0.12979 -0.98715 -0.09319 -0.12979 -0.98715 -0.20503 -0.14768 -0.96755 -0.20503 -0.14768 -0.96755 0.38797 -0.24596 -0.88825 0.38797 -0.24596 -0.88825 0.28133 -0.27611 -0.91903 0.28133 -0.27611 -0.91903 0.17103 -0.30258 -0.93765 0.17103 -0.30258 -0.93765 0.05852 -0.32505 -0.94388 -0.05477 -0.34323 -0.93765 -0.05477 -0.34323 -0.93765 -0.16737 -0.35688 -0.91903 -0.16737 -0.35688 -0.91903 0.37042 -0.771 -0.51802 0.37042 -0.771 -0.51802 0.26193 -0.8075 -0.52852 0.26193 -0.8075 -0.52852 0.15002 -0.83333 -0.53203 0.03613 -0.84815 -0.52852 0.03613 -0.84815 -0.52852 -0.07827 -0.85178 -0.51802 -0.07827 -0.85178 -0.51802 0.38718 -0.8641 -0.32158 0.38718 -0.8641 -0.32158 0.27903 -0.90249 -0.3281 0.27903 -0.90249 -0.3281 0.16724 -0.92895 -0.33028 0.05323 -0.94314 -0.3281 0.05323 -0.94314 -0.3281 -0.06151 -0.94488 -0.32158 -0.06151 -0.94488 -0.32158 0.39578 -0.91185 -0.10902 0.39578 -0.91185 -0.10902 0.2878 -0.95121 -0.11123 0.2878 -0.95121 -0.11122 0.17607 -0.97799 -0.11196 0.062 -0.99186 -0.11122 0.062 -0.99186 -0.11123 -0.05292 -0.99263 -0.10902 -0.05292 -0.99263 -0.10902 0.07827 0.85178 0.51802 -0.03613 0.84815 0.52852 -0.01156 0.71165 0.70244 -0.09427 0.52361 0.84672 -0.20654 0.49983 0.84113 -0.17103 0.30258 0.93765 -0.28133 0.27611 0.91903 -0.24366 0.0669 0.96755 -0.34297 0.04567 0.93823 -0.34544 0.00303 0.93843 -0.4508 0.59497 0.66543 -0.44971 0.59891 0.66262 -0.42319 0.43221 0.79631 -0.42627 0.41872 0.80185 -0.38287 0.24751 0.89003 -0.38547 0.22867 0.89394 -0.36439 0.10595 0.9252 -0.49875 0.85582 0.13718 -0.49028 0.81426 0.31081 -0.38718 0.8641 0.32158 -0.38718 0.8641 0.32158 -0.27903 0.90249 0.3281 -0.27903 0.90249 0.3281 -0.16724 0.92895 0.33028 -0.05323 0.94314 0.3281 -0.05323 0.94314 0.3281 0.06151 0.94488 0.32158 0.06151 0.94488 0.32158 0.1659 0.93552 0.31189 0.18053 0.91451 0.36205 -0.4745 0.83953 0.26466 -0.48814 0.79413 0.36205 -0.47408 0.72428 0.50067 -0.46661 0.74349 0.47906 -0.46789 0.67995 0.56457 0.05291 0.99263 0.10902 0.05292 0.99263 0.10902 -0.062 0.99186 0.11123 -0.062 0.99186 0.11122 -0.17607 0.97799 0.11196 -0.28781 0.95121 0.11122 -0.2878 0.95121 0.11123 -0.39578 0.91185 0.10902 -0.39578 0.91185 0.10902 -0.49139 0.86451 0.10567 -0.42961 0.46998 -0.77107 -0.4508 0.59497 -0.66543 -0.34633 0.63721 -0.68849 -0.34633 0.63721 -0.68849 -0.23736 0.671 -0.70244 -0.23736 0.671 -0.70244 -0.12529 0.69592 -0.70711 -0.01156 0.71165 -0.70244 -0.01156 0.71165 -0.70244 0.10236 0.71799 -0.68849 0.10236 0.71799 -0.68849 -0.43252 0.57485 -0.6946 -0.46066 0.64035 -0.61461 -0.47408 0.72428 -0.50067 -0.4678 0.71949 -0.51331 -0.49526 0.81149 -0.31017 -0.49318 0.811 -0.31473 -0.4959 0.86195 -0.10548 -0.49905 0.86121 -0.09622 -0.50112 0.86478 0.03211 0.17423 0.94905 0.26258 0.16721 0.98028 0.10536 0.16721 0.98028 0.10536 0.16721 0.98028 -0.10536 0.16721 0.98028 -0.10536 0.17552 0.93412 -0.31081 0.17552 0.93413 -0.31081 0.19172 0.84414 -0.50067 0.19172 0.84414 -0.50067 0.215 0.71483 -0.66543 0.24419 0.55268 -0.79682 0.13256 0.55022 -0.82443 0.13256 0.55022 -0.82443 0.01926 0.54048 -0.84113 0.01926 0.54048 -0.84113 -0.09427 0.52361 -0.84672 -0.20654 0.49983 -0.84113 -0.20654 0.49983 -0.84113 -0.31613 0.46944 -0.82443 -0.31613 0.46944 -0.82443 -0.41298 0.43611 -0.79954 -0.2208 -0.68871 -0.6906 -0.24419 -0.55268 -0.79682 -0.13256 -0.55022 -0.82443 -0.13256 -0.55022 -0.82443 -0.01926 -0.54048 -0.84113 -0.01926 -0.54048 -0.84113 0.09427 -0.52361 -0.84672 0.20654 -0.49983 -0.84113 0.20654 -0.49983 -0.84113 0.31613 -0.46944 -0.82443 0.31613 -0.46944 -0.82443 0.41298 -0.43611 -0.79954 0.41395 -0.3816 -0.82646 -0.21892 -0.59069 -0.77664 -0.25487 -0.502 -0.82646 -0.27783 -0.36583 -0.88825 -0.26502 -0.38657 -0.88336 -0.32379 -0.16495 -0.93164 -0.30929 -0.18593 -0.93262 -0.35157 0.04377 -0.93514 -0.36406 0.06422 -0.92916 -0.38193 0.2478 -0.89035 -0.3925 0.26697 -0.88016 -0.41395 0.3816 -0.82646 0.34633 -0.63721 -0.68849 0.23736 -0.671 -0.70244 0.23736 -0.671 -0.70244 0.12529 -0.69592 -0.70711 0.01156 -0.71165 -0.70244 0.01156 -0.71165 -0.70244 -0.10236 -0.71799 -0.68849 -0.20639 -0.71541 -0.66753 -0.17423 -0.94905 0.26258 -0.16721 -0.98028 0.10536 -0.05292 -0.99263 0.10902 -0.05292 -0.99263 0.10902 0.062 -0.99186 0.11123 0.062 -0.99186 0.11122 0.17607 -0.97799 0.11196 0.2878 -0.95121 0.11122 0.2878 -0.95121 0.11123 0.39578 -0.91185 0.10902 0.39578 -0.91185 0.10902 -0.15478 -0.97828 0.13788 -0.16806 -0.98525 0.03211 -0.16721 -0.98028 -0.10536 -0.16333 -0.98185 -0.09637 -0.17913 -0.93358 -0.3104 -0.18137 -0.93177 -0.31449 -0.18739 -0.84464 -0.50146 -0.19351 -0.83679 -0.51219 -0.20841 -0.76081 -0.61461 -0.18053 -0.91451 0.36204 -0.1659 -0.93552 0.31189 -0.06151 -0.94488 0.32158 -0.06151 -0.94488 0.32158 0.05323 -0.94314 0.3281 0.05323 -0.94314 0.3281 0.16724 -0.92895 0.33028 0.27903 -0.90249 0.3281 0.27903 -0.90249 0.3281 0.38718 -0.8641 0.32158 0.38718 -0.8641 0.32158 0.49028 -0.81426 0.31081 0.49859 -0.86041 0.10536 0.49859 -0.86041 0.10537 0.49859 -0.86041 -0.10536 0.49859 -0.86041 -0.10537 0.49028 -0.81426 -0.31081 0.49028 -0.81426 -0.31081 0.47408 -0.72428 -0.50067 0.47408 -0.72428 -0.50067 0.4508 -0.59497 -0.66543 0.42961 -0.46998 -0.77107 -0.20138 -0.80044 0.56457 0.31423 0.16363 0.93514 0.20503 0.14768 0.96755 0.24366 -0.0669 0.96755 0.13261 -0.08914 0.98715 0.17103 -0.30258 0.93765 0.05852 -0.32505 0.94388 -0.01926 -0.54048 0.84113 0.01156 -0.71165 0.70244 -0.10236 -0.71799 0.68849 -0.07827 -0.85178 0.51802 -0.18434 -0.84498 0.50202 -0.19007 -0.85811 0.47698 0.27783 0.36583 0.88825 0.16737 0.35688 0.91903 0.20503 0.14768 0.96755 0.09319 0.12979 0.98715 0.13261 -0.08914 0.98715 0.01984 -0.11019 0.99371 -0.05477 -0.34323 0.93765 -0.01926 -0.54048 0.84113 -0.13256 -0.55022 0.82443 -0.10236 -0.71799 0.68849 -0.21342 -0.71494 0.66581 -0.21459 -0.71801 0.66213 0.24419 0.55268 0.79682 0.13256 0.55022 0.82443 0.16737 0.35688 0.91903 0.05477 0.34323 0.93765 0.09319 0.12979 0.98715 -0.01984 0.11019 0.99371 -0.09319 -0.12979 0.98715 -0.05477 -0.34323 0.93765 -0.16737 -0.35688 0.91903 -0.13256 -0.55022 0.82443 -0.25178 -0.55258 0.79452 -0.24763 -0.54114 0.80364 0.215 0.71483 0.66543 0.10236 0.71799 0.68849 0.13256 0.55022 0.82443 0.01926 0.54048 0.84113 0.05477 0.34323 0.93765 -0.05852 0.32505 0.94388 -0.13261 0.08914 0.98715 -0.09319 -0.12979 0.98715 -0.20503 -0.14768 0.96755 -0.16737 -0.35688 0.91903 -0.27783 -0.36583 0.88825 -0.27376 -0.34822 0.89655 0.19172 0.84414 0.50067 0.07827 0.85178 0.51802 0.10236 0.71799 0.68849 -0.01156 0.71165 0.70244 0.01926 0.54048 0.84113 -0.17103 0.30258 0.93765 -0.13261 0.08914 0.98715 -0.24366 0.0669 0.96755 -0.20503 -0.14768 0.96755 -0.31423 -0.16363 0.93514 -0.30543 -0.12063 0.94454 -0.25684 -0.03401 0.96586 -0.59663 -0.11439 0.79432 -0.70579 -0.06235 0.70567 -0.7876 -0.14179 0.59966 -0.95624 -0.13672 0.25866 -0.95586 -0.13736 0.25972 -0.87492 -0.1575 0.45793 -0.95846 -0.12059 -0.25848 -0.97903 -0.17622 -0.10224 -0.98272 -0.17693 0.05437 -0.58804 0.06711 -0.80604 -0.75333 -0.13293 -0.64407 -0.91743 -0.16766 -0.36086 -0.24313 -0.04377 -0.96901 -0.25684 -0.03401 -0.96586 -0.69352 -0.13825 -0.70705 0.38163 -0.57092 -0.72692 0.4879 -0.48477 -0.72591 0.56552 -0.47047 -0.67738 0.59968 -0.51373 -0.61357 0.65203 -0.45464 -0.60676 0.71517 -0.44402 -0.53979 0.78237 -0.43036 -0.4502 0.86734 -0.41327 -0.27735 0.86734 -0.41327 -0.27735 0.90937 -0.4073 -0.08459 0.89191 -0.4489 -0.0546 0.91227 -0.40861 0.0282 0.89736 -0.40787 0.16851 0.86046 -0.4971 0.11184 0.88063 -0.41386 0.23066 0.85026 -0.41944 0.31801 0.80057 -0.47555 0.3646 0.80096 -0.42753 0.41914 0.74995 -0.43789 0.49581 0.67806 -0.44875 0.58212 0.52281 -0.47529 0.70765 0.35041 -0.57015 0.74306 0.31921 -0.51195 0.7975 0.52281 -0.47529 0.70765 0.2458 -0.52844 0.81261 0.15527 -0.54421 0.82446 0.10845 -0.60241 0.79078 0.04427 -0.56419 0.82446 -0.04607 -0.58099 0.81261 -0.10389 -0.63433 0.76605 -0.15411 -0.59913 0.78568 -0.32423 -0.62779 0.70765 -0.32423 -0.62779 0.70765 -0.47899 -0.65705 0.58212 -0.47198 -0.69054 0.54809 -0.55014 -0.67195 0.49581 -0.62443 -0.68183 0.38103 -0.54223 -0.7435 0.39141 -0.70507 -0.69881 0.12053 -0.65445 -0.73876 0.16104 -0.681 -0.695 0.23066 -0.65059 -0.68964 0.31802 -0.71022 -0.69888 -0.08459 -0.66876 -0.68981 -0.27735 -0.66876 -0.68981 -0.27735 -0.58316 -0.67619 -0.4502 -0.53448 -0.70904 -0.45999 -0.51542 -0.66556 -0.53979 -0.41511 -0.64415 -0.64246 -0.39445 -0.72901 -0.55942 -0.36593 -0.63816 -0.67738 -0.2882 -0.62449 -0.72591 -0.20351 -0.65455 -0.72811 0.42404 -0.49308 -0.75965 0.21028 -0.53156 -0.8205 0.21028 -0.53156 -0.8205 -0.0117 -0.57152 -0.8205 -0.0117 -0.57152 -0.8205 -0.18773 -0.60536 -0.7735 -0.33667 -0.90646 0.25491 -0.33667 -0.90646 0.25491 0.00038 -0.84578 0.53353 0.29462 -0.79281 0.53353 0.29462 -0.79281 0.53353 0.63167 -0.73213 0.25491 0.63167 -0.73213 0.25491 0.69153 -0.72135 -0.03781 0.66132 -0.72679 -0.18555 0.66132 -0.72679 -0.18555 0.593 -0.73909 -0.31952 0.49163 -0.75734 -0.4298 0.36475 -0.78019 -0.5082 0.36475 -0.78019 -0.5082 0.22175 -0.80593 -0.54891 0.22175 -0.80593 -0.54891 0.07324 -0.83266 -0.54891 0.07325 -0.83266 -0.54891 -0.06975 -0.85841 -0.5082 -0.19664 -0.88125 -0.4298 -0.19664 -0.88125 -0.4298 -0.298 -0.8995 -0.31952 -0.298 -0.8995 -0.31952 -0.36632 -0.9118 -0.18555 -0.36632 -0.9118 -0.18555 -0.03017 -0.99932 -0.02125 -0.01619 -0.99985 0.0066 0.00353 -0.99597 0.08964 0.00353 -0.99597 0.08964 0.34404 -0.93467 0.08964 0.3651 -0.93088 -0.0133 0.3651 -0.93088 -0.0133 0.33045 -0.93711 -0.11236 0.2948 -0.94353 -0.15114 0.2948 -0.94353 -0.15114 0.25018 -0.95156 -0.17871 0.25018 -0.95156 -0.17871 0.1999 -0.96062 -0.19303 0.1999 -0.96062 -0.19303 0.14767 -0.97002 -0.19303 0.09739 -0.97907 -0.17871 0.09739 -0.97907 -0.17871 0.05277 -0.9871 -0.15114 0.05277 -0.9871 -0.15114 0.01713 -0.99352 -0.11236 0.01713 -0.99352 -0.11236 -0.01753 -0.99976 -0.0133 -0.39654 -0.91724 -0.03781 -0.39654 -0.91724 -0.03781 -0.67936 -0.73177 -0.0546 -0.71249 -0.70111 0.0282 -0.36381 0.93126 -0.01985 -0.33045 0.93711 -0.11236 -0.2948 0.94353 -0.15114 -0.2948 0.94353 -0.15114 -0.25018 0.95156 -0.17871 -0.25018 0.95156 -0.17871 -0.1999 0.96062 -0.19303 -0.1999 0.96062 -0.19303 -0.14767 0.97002 -0.19303 -0.09739 0.97907 -0.17871 -0.09739 0.97907 -0.17871 -0.05277 0.9871 -0.15114 -0.05277 0.9871 -0.15114 -0.01713 0.99352 -0.11236 -0.01713 0.99352 -0.11236 0.01753 0.99976 -0.0133 0.01753 0.99976 -0.0133 -0.00353 0.99597 0.08964 -0.00353 0.99597 0.08964 -0.34404 0.93466 0.08964 -0.34404 0.93467 0.08964 -0.36388 0.93142 0.0066 -0.37342 0.92756 -0.0139 -0.22175 0.80593 -0.54891 -0.36475 0.78019 -0.5082 -0.36475 0.78019 -0.5082 -0.49163 0.75734 -0.4298 -0.593 0.73909 -0.31952 -0.66132 0.72679 -0.18555 -0.66132 0.7268 -0.18555 -0.69153 0.72136 -0.03781 -0.63167 0.73213 0.25491 -0.63167 0.73213 0.25491 -0.29462 0.79281 0.53353 -0.00038 0.84578 0.53353 0.33667 0.90646 0.25491 0.33667 0.90646 0.25491 0.39654 0.91724 -0.03781 0.39654 0.91724 -0.03781 0.36632 0.9118 -0.18555 0.36632 0.9118 -0.18555 0.298 0.8995 -0.31952 0.298 0.8995 -0.31952 0.19664 0.88125 -0.4298 0.19664 0.88125 -0.4298 0.06975 0.85841 -0.5082 -0.07325 0.83266 -0.54891 -0.07324 0.83266 -0.54891 -0.22175 0.80593 -0.54891 0.40034 0.74977 -0.52685 0.4644 0.56227 -0.68424 0.54261 0.72932 -0.41674 0.58563 0.64736 -0.48781 0.65266 0.70841 -0.26868 0.657 0.70233 -0.27403 0.71902 0.68867 -0.09348 0.67936 0.73178 -0.0546 0.73463 0.67181 0.09488 0.65445 0.73876 0.16104 0.681 0.695 0.23066 0.65059 0.68963 0.31801 0.51948 0.7524 0.40501 0.66896 0.6273 0.39873 0.44708 0.69498 0.56314 0.50186 0.65138 0.56907 0.3304 0.63645 0.69697 0.31021 0.65188 0.69197 0.17749 0.58174 0.79378 0.10389 0.63433 0.76605 0.04607 0.58099 0.81261 -0.88063 0.41386 0.23066 -0.85026 0.41944 0.31802 -0.80057 0.47555 0.3646 -0.79924 0.39853 0.44988 -0.67702 0.4428 0.58785 -0.52151 0.48319 0.70324 -0.52751 0.50348 0.68428 -0.31898 0.47372 0.82088 -0.36402 0.57501 0.7327 -0.08073 0.44843 0.89017 -0.201 0.65102 0.73196 -0.04427 0.56419 0.82446 -0.85325 0.51463 0.08434 -0.92844 0.32614 0.17787 -0.88126 0.46429 -0.08845 -0.92066 0.38613 -0.0573 -0.86213 0.42854 -0.27033 -0.85771 0.43594 -0.27256 -0.79508 0.41111 -0.44591 -0.68437 0.41404 -0.60018 -0.59968 0.51373 -0.61357 -0.56552 0.47048 -0.67738 0.36593 0.63816 -0.67738 0.2882 0.62449 -0.72591 0.20351 0.65455 -0.72811 0.17899 0.57805 -0.79613 0.00323 0.60167 -0.79873 -0.00832 0.56911 -0.82222 -0.21028 0.53156 -0.8205 -0.19415 0.57136 -0.7974 -0.42756 0.4425 -0.78828 -0.36322 0.58424 -0.72576 -0.4879 0.48477 -0.72591 0.22638 -0.30456 0.9252 0.0669 0.24366 0.96755 0.79413 0.48814 0.36204 -0.84414 0.19172 0.50067 -0.71483 0.215 0.66543 -0.55268 0.24419 0.79682 -0.36582 0.27783 0.88825 -0.16363 0.31423 0.93514 0.00303 0.34544 0.93843 0.04567 0.34297 0.93823 0.24596 0.38797 0.88825 0.24596 0.38797 0.88825 0.27611 0.28133 0.91903 0.27611 0.28133 0.91903 0.30258 0.17103 0.93765 0.43282 0.42161 0.79682 0.43282 0.42161 0.79682 0.46944 0.31613 0.82443 0.46944 0.31613 0.82443 0.49983 0.20654 0.84113 0.49983 0.20654 0.84113 0.59497 0.4508 0.66543 0.59497 0.4508 0.66543 0.63721 0.34633 0.68849 0.671 0.23736 0.70244 0.671 0.23736 0.70244 0.72428 0.47408 0.50067 0.72428 0.47408 0.50067 0.8075 0.26193 0.52852 0.8075 0.26193 0.52852 0.83333 0.15002 0.53203 0.84815 0.03613 0.52852 -0.27611 -0.28133 0.91903 -0.46944 -0.31613 0.82443 -0.46944 -0.31613 0.82443 -0.49983 -0.20654 0.84113 -0.671 -0.23736 0.70244 -0.671 -0.23736 0.70244 -0.8075 -0.26193 0.52852 -0.8075 -0.26193 0.52852 -0.83333 -0.15002 0.53203 -0.84815 -0.03613 0.52852 -0.99263 0.05292 -0.10902 -0.99263 0.05292 -0.10902 -0.99186 -0.062 -0.11123 -0.99186 -0.062 -0.11122 -0.95121 -0.28781 -0.11123 -0.91185 -0.39578 -0.10902 -0.91185 -0.39578 -0.10902 -0.94488 0.06151 -0.32158 -0.94488 0.06151 -0.32158 -0.94314 -0.05323 -0.3281 -0.94314 -0.05323 -0.3281 -0.92895 -0.16724 -0.33028 -0.90249 -0.27903 -0.3281 -0.90249 -0.27903 -0.3281 -0.8641 -0.38718 -0.32158 -0.84815 -0.03613 -0.52852 -0.84815 -0.03613 -0.52852 -0.83333 -0.15002 -0.53203 -0.8075 -0.26193 -0.52852 -0.36582 0.27783 -0.88825 -0.36583 0.27783 -0.88825 -0.35688 0.16737 -0.91903 -0.35688 0.16737 -0.91903 -0.34323 0.05477 -0.93765 -0.30258 -0.17103 -0.93765 -0.30258 -0.17103 -0.93765 -0.27611 -0.28133 -0.91903 -0.16363 0.31423 -0.93514 -0.16363 0.31423 -0.93514 -0.14768 0.20503 -0.96755 -0.14768 0.20503 -0.96755 -0.12979 0.09319 -0.98715 -0.12979 0.09319 -0.98715 -0.11019 -0.01984 -0.99371 -0.08914 -0.13261 -0.98715 -0.08914 -0.13261 -0.98715 -0.0669 -0.24366 -0.96755 -0.0669 -0.24366 -0.96755 0.04377 0.35157 -0.93514 0.04377 0.35157 -0.93514 0.0669 0.24366 -0.96755 0.0669 0.24366 -0.96755 0.08914 0.13261 -0.98715 0.08914 0.13261 -0.98715 0.11019 0.01984 -0.99371 0.12979 -0.09319 -0.98715 0.12979 -0.09319 -0.98715 0.14768 -0.20503 -0.96755 0.14768 -0.20503 -0.96755 0.24596 0.38797 -0.88825 0.24596 0.38797 -0.88825 0.27611 0.28133 -0.91903 0.30258 0.17103 -0.93765 0.30258 0.17103 -0.93765 0.34323 -0.05477 -0.93765 0.35688 -0.16737 -0.91903 0.35688 -0.16737 -0.91903 0.8075 0.26193 -0.52852 0.83333 0.15002 -0.53203 0.84815 0.03613 -0.52852 0.84815 0.03613 -0.52852 0.8641 0.38718 -0.32158 0.90249 0.27903 -0.3281 0.90249 0.27903 -0.3281 0.92895 0.16724 -0.33028 0.94314 0.05323 -0.3281 0.94314 0.05323 -0.3281 0.94488 -0.06151 -0.32158 0.94488 -0.06151 -0.32158 0.91185 0.39578 -0.10902 0.91185 0.39578 -0.10902 0.95121 0.2878 -0.11123 0.99186 0.062 -0.11122 0.99186 0.062 -0.11123 0.99263 -0.05292 -0.10902 0.99263 -0.05292 -0.10902 -0.49983 -0.20654 0.84113 -0.30258 -0.17103 0.93765 -0.27611 -0.28133 0.91903 -0.0669 -0.24366 0.96755 -0.04567 -0.34297 0.93823 -0.00303 -0.34544 0.93843 -0.59497 -0.4508 0.66543 -0.59891 -0.44971 0.66262 -0.43221 -0.42319 0.79631 -0.41872 -0.42627 0.80185 -0.24751 -0.38287 0.89003 -0.22867 -0.38547 0.89394 -0.85582 -0.49875 0.13718 -0.8641 -0.38718 0.32158 -0.8641 -0.38718 0.32158 -0.90249 -0.27903 0.3281 -0.90249 -0.27903 0.3281 -0.92895 -0.16724 0.33028 -0.94314 -0.05323 0.3281 -0.94314 -0.05323 0.3281 -0.94488 0.06151 0.32158 -0.91451 0.18053 0.36205 -0.79413 -0.48814 0.36205 -0.72428 -0.47408 0.50067 -0.74349 -0.46661 0.47906 -0.67995 -0.46789 0.56457 -0.99263 0.05291 0.10902 -0.99263 0.05292 0.10902 -0.99186 -0.062 0.11123 -0.95121 -0.28781 0.11122 -0.95121 -0.2878 0.11123 -0.91185 -0.39578 0.10902 -0.91185 -0.39578 0.10902 -0.86451 -0.49139 0.10567 -0.63721 -0.34633 -0.68849 -0.63721 -0.34633 -0.68849 -0.671 -0.23736 -0.70244 -0.71165 -0.01156 -0.70244 -0.71165 -0.01156 -0.70244 -0.71799 0.10236 -0.68849 -0.57485 -0.43252 -0.6946 -0.64035 -0.46066 -0.61461 -0.72428 -0.47408 -0.50067 -0.71949 -0.4678 -0.51331 -0.81149 -0.49526 -0.31017 -0.811 -0.49318 -0.31473 -0.86195 -0.4959 -0.10548 -0.86121 -0.49905 -0.09622 -0.86478 -0.50112 0.03211 -0.98028 0.16721 0.10536 -0.98028 0.16721 0.10536 -0.98028 0.16721 -0.10536 -0.98028 0.16721 -0.10536 -0.93412 0.17552 -0.31081 -0.93413 0.17552 -0.31081 -0.84414 0.19172 -0.50067 -0.84414 0.19172 -0.50067 -0.71483 0.215 -0.66543 -0.55022 0.13256 -0.82443 -0.55022 0.13256 -0.82443 -0.54048 0.01926 -0.84113 -0.54048 0.01926 -0.84113 -0.49983 -0.20654 -0.84113 -0.49983 -0.20654 -0.84113 -0.46944 -0.31613 -0.82443 -0.46944 -0.31613 -0.82443 0.68871 -0.2208 -0.6906 0.55022 -0.13256 -0.82443 0.55022 -0.13256 -0.82443 0.54048 -0.01926 -0.84113 0.54048 -0.01926 -0.84113 0.49983 0.20654 -0.84113 0.49983 0.20654 -0.84113 0.46944 0.31613 -0.82443 0.46944 0.31613 -0.82443 0.36583 -0.27783 -0.88825 0.38657 -0.26502 -0.88336 0.16495 -0.32379 -0.93164 0.18593 -0.30929 -0.93262 -0.04377 -0.35157 -0.93514 -0.06422 -0.36406 -0.92916 -0.2478 -0.38193 -0.89035 -0.26697 -0.3925 -0.88016 0.63721 0.34633 -0.68849 0.671 0.23736 -0.70244 0.71165 0.01156 -0.70244 0.71165 0.01156 -0.70244 0.71541 -0.20639 -0.66753 0.98028 -0.16721 0.10536 0.99263 -0.05292 0.10902 0.99263 -0.05292 0.10902 0.99186 0.062 0.11123 0.95121 0.2878 0.11122 0.95121 0.2878 0.11123 0.91185 0.39578 0.10902 0.91185 0.39578 0.10902 0.97828 -0.15478 0.13788 0.98525 -0.16806 0.03211 0.98028 -0.16721 -0.10536 0.98185 -0.16333 -0.09637 0.93358 -0.17913 -0.3104 0.93177 -0.18137 -0.31449 0.84464 -0.18739 -0.50146 0.83679 -0.19351 -0.51219 0.76081 -0.20841 -0.61461 0.91451 -0.18053 0.36204 0.94488 -0.06151 0.32158 0.94314 0.05323 0.3281 0.94314 0.05323 0.3281 0.92895 0.16724 0.33028 0.90249 0.27903 0.3281 0.90249 0.27903 0.3281 0.8641 0.38718 0.32158 0.8641 0.38718 0.32158 0.86041 0.49859 0.10536 0.86041 0.49859 0.10537 0.86041 0.49859 -0.10536 0.86041 0.49859 -0.10537 0.81426 0.49028 -0.31081 0.81426 0.49028 -0.31081 0.72428 0.47408 -0.50067 0.72428 0.47408 -0.50067 0.80044 -0.20138 0.56457 -0.16363 0.31423 0.93514 -0.14768 0.20503 0.96755 0.0669 0.24366 0.96755 0.08914 0.13261 0.98715 0.54048 -0.01926 0.84113 0.71165 0.01156 0.70244 0.71799 -0.10236 0.68849 0.84498 -0.18434 0.50202 0.85811 -0.19007 0.47698 -0.36583 0.27783 0.88825 -0.14768 0.20503 0.96755 -0.12979 0.09319 0.98715 0.08914 0.13261 0.98715 0.11019 0.01984 0.99371 0.34323 -0.05477 0.93765 0.54048 -0.01926 0.84113 0.55022 -0.13256 0.82443 0.71799 -0.10236 0.68849 0.71494 -0.21342 0.66581 0.71801 -0.21459 0.66213 -0.55268 0.24419 0.79682 -0.55022 0.13256 0.82443 -0.35688 0.16737 0.91903 -0.34323 0.05477 0.93765 -0.12979 0.09319 0.98715 -0.11019 -0.01984 0.99371 0.12979 -0.09319 0.98715 0.34323 -0.05477 0.93765 0.35688 -0.16737 0.91903 0.55022 -0.13256 0.82443 0.55258 -0.25178 0.79452 0.54114 -0.24763 0.80364 -0.71483 0.215 0.66543 -0.71799 0.10236 0.68849 -0.55022 0.13256 0.82443 -0.54048 0.01926 0.84113 -0.34323 0.05477 0.93765 -0.08914 -0.13261 0.98715 0.12979 -0.09319 0.98715 0.14768 -0.20503 0.96755 0.36583 -0.27783 0.88825 0.34822 -0.27376 0.89655 -0.84414 0.19172 0.50067 -0.71799 0.10236 0.68849 -0.71165 -0.01156 0.70244 -0.54048 0.01926 0.84113 -0.08914 -0.13261 0.98715 -0.0669 -0.24366 0.96755 0.14768 -0.20503 0.96755 0.16363 -0.31423 0.93514 0.12063 -0.30543 0.94454 0.03401 -0.25684 0.96586 0.11439 -0.59663 0.79432 0.06235 -0.70579 0.70567 0.14179 -0.7876 0.59966 0.13672 -0.95624 0.25866 0.13736 -0.95586 0.25972 0.1575 -0.87492 0.45793 0.12059 -0.95846 -0.25848 0.17622 -0.97903 -0.10225 0.17693 -0.98272 0.05437 -0.06711 -0.58804 -0.80604 0.13293 -0.75333 -0.64407 0.16766 -0.91742 -0.36087 0.04377 -0.24313 -0.96901 0.03401 -0.25684 -0.96586 0.13825 -0.69352 -0.70705 0.57092 0.38163 -0.72692 0.48477 0.4879 -0.72591 0.47047 0.56552 -0.67738 0.51373 0.59968 -0.61357 0.45464 0.65203 -0.60676 0.44402 0.71517 -0.53979 0.43036 0.78237 -0.4502 0.41327 0.86734 -0.27735 0.41327 0.86734 -0.27735 0.4073 0.90937 -0.08459 0.4489 0.89191 -0.0546 0.40861 0.91227 0.0282 0.40787 0.89736 0.16851 0.4971 0.86046 0.11184 0.41386 0.88063 0.23066 0.41944 0.85026 0.31801 0.47555 0.80057 0.3646 0.42753 0.80096 0.41914 0.43789 0.74995 0.49581 0.44875 0.67806 0.58212 0.47529 0.52281 0.70765 0.47529 0.52281 0.70765 0.51195 0.31921 0.7975 0.57015 0.35041 0.74306 0.52844 0.2458 0.81261 0.55154 0.09929 0.82822 0.63388 0.16661 0.75527 0.56419 0.04427 0.82446 0.58099 -0.04607 0.81261 0.63433 -0.10389 0.76605 0.59913 -0.15411 0.78568 0.62779 -0.32423 0.70765 0.62779 -0.32423 0.70765 0.65705 -0.47899 0.58212 0.69054 -0.47198 0.54809 0.67195 -0.55014 0.49581 0.68183 -0.62443 0.38103 0.7435 -0.54223 0.39141 0.69881 -0.70507 0.12053 0.73876 -0.65445 0.16104 0.695 -0.681 0.23066 0.68964 -0.65059 0.31802 0.69888 -0.71022 -0.08459 0.68981 -0.66876 -0.27735 0.68981 -0.66876 -0.27735 0.67619 -0.58316 -0.4502 0.70904 -0.53448 -0.45999 0.66556 -0.51542 -0.53979 0.64415 -0.41511 -0.64246 0.72901 -0.39445 -0.55942 0.63816 -0.36593 -0.67738 0.62449 -0.2882 -0.72591 0.65455 -0.20351 -0.72811 0.49308 0.42404 -0.75965 0.53156 0.21028 -0.8205 0.53156 0.21028 -0.8205 0.57152 -0.0117 -0.8205 0.57152 -0.0117 -0.8205 0.60536 -0.18773 -0.7735 0.90646 -0.33667 0.25491 0.90646 -0.33667 0.25491 0.84578 0.00038 0.53353 0.79281 0.29462 0.53353 0.79281 0.29462 0.53353 0.73213 0.63167 0.25491 0.73213 0.63167 0.25491 0.72135 0.69153 -0.03781 0.72679 0.66132 -0.18555 0.72679 0.66132 -0.18555 0.73909 0.593 -0.31952 0.75734 0.49163 -0.4298 0.78019 0.36475 -0.5082 0.78019 0.36475 -0.5082 0.80593 0.22175 -0.54891 0.80593 0.22175 -0.54891 0.83266 0.07324 -0.54891 0.83266 0.07325 -0.54891 0.85841 -0.06975 -0.5082 0.88125 -0.19664 -0.4298 0.88125 -0.19664 -0.4298 0.8995 -0.298 -0.31952 0.8995 -0.298 -0.31952 0.9118 -0.36632 -0.18555 0.9118 -0.36632 -0.18555 0.99932 -0.03017 -0.02125 0.99985 -0.01619 0.0066 0.99597 0.00353 0.08964 0.99597 0.00353 0.08964 0.93467 0.34404 0.08964 0.93088 0.3651 -0.0133 0.93088 0.3651 -0.0133 0.93711 0.33045 -0.11236 0.94353 0.2948 -0.15114 0.94353 0.2948 -0.15114 0.95156 0.25018 -0.17871 0.95156 0.25018 -0.17871 0.96062 0.1999 -0.19303 0.96062 0.1999 -0.19303 0.97002 0.14767 -0.19303 0.97907 0.09739 -0.17871 0.97907 0.09739 -0.17871 0.9871 0.05277 -0.15114 0.9871 0.05277 -0.15114 0.99352 0.01713 -0.11236 0.99352 0.01713 -0.11236 0.99976 -0.01753 -0.0133 0.91724 -0.39654 -0.03781 0.91724 -0.39654 -0.03781 0.73177 -0.67936 -0.0546 0.70111 -0.71249 0.0282 -0.93126 -0.36381 -0.01985 -0.93711 -0.33045 -0.11236 -0.94353 -0.2948 -0.15114 -0.94353 -0.2948 -0.15114 -0.95156 -0.25018 -0.17871 -0.95156 -0.25018 -0.17871 -0.96062 -0.1999 -0.19303 -0.96062 -0.1999 -0.19303 -0.97002 -0.14767 -0.19303 -0.97907 -0.09739 -0.17871 -0.97907 -0.09739 -0.17871 -0.9871 -0.05277 -0.15114 -0.9871 -0.05277 -0.15114 -0.99352 -0.01713 -0.11236 -0.99352 -0.01713 -0.11236 -0.99976 0.01753 -0.0133 -0.99976 0.01753 -0.0133 -0.99597 -0.00353 0.08964 -0.99597 -0.00353 0.08964 -0.93466 -0.34404 0.08964 -0.93467 -0.34404 0.08964 -0.93142 -0.36388 0.0066 -0.92756 -0.37342 -0.0139 -0.80593 -0.22175 -0.54891 -0.78019 -0.36475 -0.5082 -0.78019 -0.36475 -0.5082 -0.75734 -0.49163 -0.4298 -0.73909 -0.593 -0.31952 -0.72679 -0.66132 -0.18555 -0.7268 -0.66132 -0.18555 -0.72136 -0.69153 -0.03781 -0.73213 -0.63167 0.25491 -0.73213 -0.63167 0.25491 -0.79281 -0.29462 0.53353 -0.84578 -0.00038 0.53353 -0.90646 0.33667 0.25491 -0.90646 0.33667 0.25491 -0.91724 0.39654 -0.03781 -0.91724 0.39654 -0.03781 -0.9118 0.36632 -0.18555 -0.9118 0.36632 -0.18555 -0.8995 0.298 -0.31952 -0.8995 0.298 -0.31952 -0.88125 0.19664 -0.4298 -0.88125 0.19664 -0.4298 -0.85841 0.06975 -0.5082 -0.83266 -0.07325 -0.54891 -0.83266 -0.07324 -0.54891 -0.80593 -0.22175 -0.54891 -0.74977 0.40034 -0.52685 -0.56227 0.4644 -0.68424 -0.72932 0.54261 -0.41674 -0.64736 0.58563 -0.48781 -0.70841 0.65266 -0.26868 -0.70233 0.657 -0.27403 -0.68867 0.71902 -0.09348 -0.73178 0.67936 -0.0546 -0.67181 0.73463 0.09488 -0.73876 0.65445 0.16104 -0.695 0.681 0.23066 -0.68963 0.65059 0.31801 -0.7524 0.51948 0.40501 -0.6273 0.66896 0.39873 -0.69498 0.44708 0.56314 -0.65138 0.50186 0.56907 -0.63645 0.3304 0.69697 -0.65188 0.31021 0.69197 -0.58174 0.17749 0.79378 -0.63433 0.10389 0.76605 -0.58099 0.04607 0.81261 -0.41386 -0.88063 0.23066 -0.41944 -0.85026 0.31802 -0.47555 -0.80057 0.3646 -0.39853 -0.79924 0.44988 -0.4428 -0.67702 0.58785 -0.48319 -0.52151 0.70324 -0.50348 -0.52751 0.68428 -0.47372 -0.31898 0.82088 -0.57501 -0.36402 0.7327 -0.44843 -0.08073 0.89017 -0.65102 -0.201 0.73196 -0.56419 -0.04427 0.82446 -0.51463 -0.85325 0.08434 -0.32614 -0.92844 0.17787 -0.46429 -0.88126 -0.08845 -0.38613 -0.92066 -0.0573 -0.42854 -0.86213 -0.27033 -0.43594 -0.85771 -0.27256 -0.41111 -0.79508 -0.44591 -0.41404 -0.68437 -0.60018 -0.51373 -0.59968 -0.61357 -0.47048 -0.56552 -0.67738 -0.63816 0.36593 -0.67738 -0.62449 0.2882 -0.72591 -0.65455 0.20351 -0.72811 -0.57805 0.17899 -0.79613 -0.60167 0.00323 -0.79873 -0.56911 -0.00832 -0.82222 -0.53156 -0.21028 -0.8205 -0.57136 -0.19415 -0.7974 -0.4425 -0.42756 -0.78828 -0.58424 -0.36322 -0.72576 -0.48477 -0.4879 -0.72591 0.30456 0.22638 0.9252 -0.24366 0.0669 0.96755 -0.48814 0.79413 0.36204 -0.19172 -0.84414 0.50067 -0.215 -0.71483 0.66543 -0.24419 -0.55268 0.79682 -0.27783 -0.36582 0.88825 -0.31423 -0.16363 0.93514 -0.34544 0.00303 0.93843 -0.34297 0.04567 0.93823 -0.38797 0.24596 0.88825 -0.38797 0.24596 0.88825 -0.28133 0.27611 0.91903 -0.28133 0.27611 0.91903 -0.17103 0.30258 0.93765 -0.42161 0.43282 0.79682 -0.42161 0.43282 0.79682 -0.31613 0.46944 0.82443 -0.31613 0.46944 0.82443 -0.20654 0.49983 0.84113 -0.20654 0.49983 0.84113 -0.4508 0.59497 0.66543 -0.4508 0.59497 0.66543 -0.34633 0.63721 0.68849 -0.23736 0.671 0.70244 -0.23736 0.671 0.70244 -0.47408 0.72428 0.50067 -0.47408 0.72428 0.50067 -0.26193 0.8075 0.52852 -0.26193 0.8075 0.52852 -0.15002 0.83333 0.53203 -0.03613 0.84815 0.52852 0.28133 -0.27611 0.91903 0.31613 -0.46944 0.82443 0.31613 -0.46944 0.82443 0.20654 -0.49983 0.84113 0.23736 -0.671 0.70244 0.23736 -0.671 0.70244 0.26193 -0.8075 0.52852 0.26193 -0.8075 0.52852 0.15002 -0.83333 0.53203 0.03613 -0.84815 0.52852 -0.05292 -0.99263 -0.10902 -0.05292 -0.99263 -0.10902 0.062 -0.99186 -0.11123 0.062 -0.99186 -0.11122 0.28781 -0.95121 -0.11123 0.39578 -0.91185 -0.10902 0.39578 -0.91185 -0.10902 -0.06151 -0.94488 -0.32158 -0.06151 -0.94488 -0.32158 0.05323 -0.94314 -0.3281 0.05323 -0.94314 -0.3281 0.16724 -0.92895 -0.33028 0.27903 -0.90249 -0.3281 0.27903 -0.90249 -0.3281 0.38718 -0.8641 -0.32158 0.03613 -0.84815 -0.52852 0.03613 -0.84815 -0.52852 0.15002 -0.83333 -0.53203 0.26193 -0.8075 -0.52852 -0.27783 -0.36582 -0.88825 -0.27783 -0.36583 -0.88825 -0.16737 -0.35688 -0.91903 -0.16737 -0.35688 -0.91903 -0.05477 -0.34323 -0.93765 0.17103 -0.30258 -0.93765 0.17103 -0.30258 -0.93765 0.28133 -0.27611 -0.91903 -0.31423 -0.16363 -0.93514 -0.31423 -0.16363 -0.93514 -0.20503 -0.14768 -0.96755 -0.20503 -0.14768 -0.96755 -0.09319 -0.12979 -0.98715 -0.09319 -0.12979 -0.98715 0.01984 -0.11019 -0.99371 0.13261 -0.08914 -0.98715 0.13261 -0.08914 -0.98715 0.24366 -0.0669 -0.96755 0.24366 -0.0669 -0.96755 -0.35157 0.04377 -0.93514 -0.35157 0.04377 -0.93514 -0.24366 0.0669 -0.96755 -0.24366 0.0669 -0.96755 -0.13261 0.08914 -0.98715 -0.13261 0.08914 -0.98715 -0.01984 0.11019 -0.99371 0.09319 0.12979 -0.98715 0.09319 0.12979 -0.98715 0.20503 0.14768 -0.96755 0.20503 0.14768 -0.96755 -0.38797 0.24596 -0.88825 -0.38797 0.24596 -0.88825 -0.28133 0.27611 -0.91903 -0.17103 0.30258 -0.93765 -0.17103 0.30258 -0.93765 0.05477 0.34323 -0.93765 0.16737 0.35688 -0.91903 0.16737 0.35688 -0.91903 -0.26193 0.8075 -0.52852 -0.15002 0.83333 -0.53203 -0.03613 0.84815 -0.52852 -0.03613 0.84815 -0.52852 -0.38718 0.8641 -0.32158 -0.27903 0.90249 -0.3281 -0.27903 0.90249 -0.3281 -0.16724 0.92895 -0.33028 -0.05323 0.94314 -0.3281 -0.05323 0.94314 -0.3281 0.06151 0.94488 -0.32158 0.06151 0.94488 -0.32158 -0.39578 0.91185 -0.10902 -0.39578 0.91185 -0.10902 -0.2878 0.95121 -0.11123 -0.062 0.99186 -0.11122 -0.062 0.99186 -0.11123 0.05292 0.99263 -0.10902 0.05292 0.99263 -0.10902 0.20654 -0.49983 0.84113 0.17103 -0.30258 0.93765 0.28133 -0.27611 0.91903 0.24366 -0.0669 0.96755 0.34297 -0.04567 0.93823 0.34544 -0.00303 0.93843 0.4508 -0.59497 0.66543 0.44971 -0.59891 0.66262 0.42319 -0.43221 0.79631 0.42627 -0.41872 0.80185 0.38287 -0.24751 0.89003 0.38547 -0.22867 0.89394 0.49875 -0.85582 0.13718 0.38718 -0.8641 0.32158 0.38718 -0.8641 0.32158 0.27903 -0.90249 0.3281 0.27903 -0.90249 0.3281 0.16724 -0.92895 0.33028 0.05323 -0.94314 0.3281 0.05323 -0.94314 0.3281 -0.06151 -0.94488 0.32158 -0.18053 -0.91451 0.36205 0.48814 -0.79413 0.36205 0.47408 -0.72428 0.50067 0.46661 -0.74349 0.47906 0.46789 -0.67995 0.56457 -0.05291 -0.99263 0.10902 -0.05292 -0.99263 0.10902 0.062 -0.99186 0.11123 0.28781 -0.95121 0.11122 0.2878 -0.95121 0.11123 0.39578 -0.91185 0.10902 0.39578 -0.91185 0.10902 0.49139 -0.86451 0.10567 0.34633 -0.63721 -0.68849 0.34633 -0.63721 -0.68849 0.23736 -0.671 -0.70244 0.01156 -0.71165 -0.70244 0.01156 -0.71165 -0.70244 -0.10236 -0.71799 -0.68849 0.43252 -0.57485 -0.6946 0.46066 -0.64035 -0.61461 0.47408 -0.72428 -0.50067 0.4678 -0.71949 -0.51331 0.49526 -0.81149 -0.31017 0.49318 -0.811 -0.31473 0.4959 -0.86195 -0.10548 0.49905 -0.86121 -0.09622 0.50112 -0.86478 0.03211 -0.16721 -0.98028 0.10536 -0.16721 -0.98028 0.10536 -0.16721 -0.98028 -0.10536 -0.16721 -0.98028 -0.10536 -0.17552 -0.93412 -0.31081 -0.17552 -0.93413 -0.31081 -0.19172 -0.84414 -0.50067 -0.19172 -0.84414 -0.50067 -0.215 -0.71483 -0.66543 -0.13256 -0.55022 -0.82443 -0.13256 -0.55022 -0.82443 -0.01926 -0.54048 -0.84113 -0.01926 -0.54048 -0.84113 0.20654 -0.49983 -0.84113 0.20654 -0.49983 -0.84113 0.31613 -0.46944 -0.82443 0.31613 -0.46944 -0.82443 0.2208 0.68871 -0.6906 0.13256 0.55022 -0.82443 0.13256 0.55022 -0.82443 0.01926 0.54048 -0.84113 0.01926 0.54048 -0.84113 -0.20654 0.49983 -0.84113 -0.20654 0.49983 -0.84113 -0.31613 0.46944 -0.82443 -0.31613 0.46944 -0.82443 0.27783 0.36583 -0.88825 0.26502 0.38657 -0.88336 0.32379 0.16495 -0.93164 0.30929 0.18593 -0.93262 0.35157 -0.04377 -0.93514 0.36406 -0.06422 -0.92916 0.38193 -0.2478 -0.89035 0.3925 -0.26697 -0.88016 -0.34633 0.63721 -0.68849 -0.23736 0.671 -0.70244 -0.01156 0.71165 -0.70244 -0.01156 0.71165 -0.70244 0.20639 0.71541 -0.66753 0.16721 0.98028 0.10536 0.05292 0.99263 0.10902 0.05292 0.99263 0.10902 -0.062 0.99186 0.11123 -0.2878 0.95121 0.11122 -0.2878 0.95121 0.11123 -0.39578 0.91185 0.10902 -0.39578 0.91185 0.10902 0.15478 0.97828 0.13788 0.16806 0.98525 0.03211 0.16721 0.98028 -0.10536 0.16333 0.98185 -0.09637 0.17913 0.93358 -0.3104 0.18137 0.93177 -0.31449 0.18739 0.84464 -0.50146 0.19351 0.83679 -0.51219 0.20841 0.76081 -0.61461 0.18053 0.91451 0.36204 0.06151 0.94488 0.32158 -0.05323 0.94314 0.3281 -0.05323 0.94314 0.3281 -0.16724 0.92895 0.33028 -0.27903 0.90249 0.3281 -0.27903 0.90249 0.3281 -0.38718 0.8641 0.32158 -0.38718 0.8641 0.32158 -0.49859 0.86041 0.10536 -0.49859 0.86041 0.10537 -0.49859 0.86041 -0.10536 -0.49859 0.86041 -0.10537 -0.49028 0.81426 -0.31081 -0.49028 0.81426 -0.31081 -0.47408 0.72428 -0.50067 -0.47408 0.72428 -0.50067 0.20138 0.80044 0.56457 -0.31423 -0.16363 0.93514 -0.20503 -0.14768 0.96755 -0.24366 0.0669 0.96755 -0.13261 0.08914 0.98715 0.01926 0.54048 0.84113 -0.01156 0.71165 0.70244 0.10236 0.71799 0.68849 0.18434 0.84498 0.50202 0.19007 0.85811 0.47698 -0.27783 -0.36583 0.88825 -0.20503 -0.14768 0.96755 -0.09319 -0.12979 0.98715 -0.13261 0.08914 0.98715 -0.01984 0.11019 0.99371 0.05477 0.34323 0.93765 0.01926 0.54048 0.84113 0.13256 0.55022 0.82443 0.10236 0.71799 0.68849 0.21342 0.71494 0.66581 0.21459 0.71801 0.66213 -0.24419 -0.55268 0.79682 -0.13256 -0.55022 0.82443 -0.16737 -0.35688 0.91903 -0.05477 -0.34323 0.93765 -0.09319 -0.12979 0.98715 0.01984 -0.11019 0.99371 0.09319 0.12979 0.98715 0.05477 0.34323 0.93765 0.16737 0.35688 0.91903 0.13256 0.55022 0.82443 0.25178 0.55258 0.79452 0.24763 0.54114 0.80364 -0.215 -0.71483 0.66543 -0.10236 -0.71799 0.68849 -0.13256 -0.55022 0.82443 -0.01926 -0.54048 0.84113 -0.05477 -0.34323 0.93765 0.13261 -0.08914 0.98715 0.09319 0.12979 0.98715 0.20503 0.14768 0.96755 0.27783 0.36583 0.88825 0.27376 0.34822 0.89655 -0.19172 -0.84414 0.50067 -0.10236 -0.71799 0.68849 0.01156 -0.71165 0.70244 -0.01926 -0.54048 0.84113 0.13261 -0.08914 0.98715 0.24366 -0.0669 0.96755 0.20503 0.14768 0.96755 0.31423 0.16363 0.93514 0.30543 0.12063 0.94454 0 -0 1 -0.91879 -0.39475 0 -0.97839 -0.20678 0 -0.99877 0.04954 0 -0.99816 0.06042 -0.00585 -0.99991 -0.00924 0.00983 -0.99437 0.10546 -0.01067 -0.99872 0.05037 0.00355 -0.9864 0.16436 -0.0031 -0.99122 0.13214 0.00421 -0.97476 0.22326 -0.00284 -0.9784 0.20673 0 -0.98999 -0.14113 0 -0.99761 -0.06829 -0.01063 -0.99506 -0.09922 -0.00155 -0.99966 -0.02593 0 -0.99998 0.00614 -0 -0.96314 -0.2689 -0.00767 -0.96719 -0.25404 -0.00374 -0.94894 -0.31545 0 -0.84345 -0.53721 0 -0.84477 -0.53512 0.00039 -0.88112 -0.47289 -0.0004 -0.87566 -0.48292 -0.0021 -0.91845 -0.39552 0.00355 -0.89928 -0.4373 -0.00828 -0.94038 -0.34007 0.00619 -0.92219 -0.38673 -0.00299 -0.9386 -0.345 -0 0.39475 -0.91879 -0 0.20678 -0.97839 -0 -0.04954 -0.99877 -0 -0.06042 -0.99816 -0.00585 0.00924 -0.99991 0.00983 -0.10546 -0.99437 -0.01067 -0.05037 -0.99872 0.00355 -0.16436 -0.9864 -0.0031 -0.13214 -0.99122 0.00421 -0.22326 -0.97476 -0.00284 -0.20673 -0.9784 -0 0.14113 -0.98999 -0 0.06829 -0.99761 -0.01063 0.09922 -0.99506 -0.00155 0.02593 -0.99966 0 -0.00614 -0.99998 -0 0.2689 -0.96314 -0.00767 0.25404 -0.96719 -0.00374 0.31545 -0.94894 0 0.53721 -0.84345 -0 0.53512 -0.84477 0.00039 0.47289 -0.88112 -0.0004 0.48292 -0.87566 -0.0021 0.39552 -0.91845 0.00355 0.4373 -0.89928 -0.00828 0.34007 -0.94038 0.00619 0.38673 -0.92219 -0.00299 0.345 -0.9386 -0 0.09207 -0.28804 -0.95318 0.1005 -0.27782 -0.95536 0.085 -0.29039 -0.95313 0.07731 -0.29271 -0.95307 0.08277 -0.29116 -0.95309 0.07665 -0.29281 -0.95309 0.0862 -0.29051 -0.95298 0.09346 -0.28927 -0.95267 0.09176 -0.28854 -0.95306 0.11059 -0.28197 -0.95303 0.02533 -0.30156 -0.95311 0.02063 -0.30231 -0.95299 0.01329 -0.3037 -0.95267 0.01465 -0.30241 -0.95307 -0.00529 -0.30284 -0.95303 0.02405 -0.30171 -0.9531 0.01486 -0.30204 -0.95318 0.00271 -0.29602 -0.95518 0.01736 -0.30239 -0.95303 0.02741 -0.30145 -0.95309 0.03155 -0.30109 -0.95307 0.05349 -0.2971 -0.95335 0.0535 -0.2971 -0.95335 0.07545 -0.29318 -0.95307 0.56304 0.2189 0.79691 0.36024 0.14127 0.9221 0.40891 -0.00717 0.91255 0.39441 0.00602 0.91891 0.40858 0.02154 0.91247 0.41807 0.02765 0.90799 0.40646 0.04435 0.91259 0.4029 0.07252 0.91237 0.4029 0.07252 0.91237 0.46944 0.19456 0.86126 0.3842 0.1398 0.9126 0.39227 0.1171 0.91237 0.40312 0.12626 0.9064 0.39641 0.10017 0.91259 0.6821 0.27763 0.6765 0.63696 0.25862 0.72622 0.87398 0.3251 0.3612 0.87548 0.32257 0.35983 0.8868 0.30444 0.3477 0.88301 0.30888 0.35339 0.86411 0.32414 0.38503 0.8177 0.33239 0.46998 0.74578 0.26781 0.60999 0.89278 0.26978 0.36078 0.89076 0.26591 0.36856 0.90632 0.21934 0.36122 0.91792 0.16521 0.36073 0.91792 0.16521 0.36073 0.93064 0.06156 0.36073 0.93064 0.06156 0.36073 0.9175 -0.01221 0.39755 0.93249 8E-05 0.3612 0.93588 0.01987 0.35176 0.94515 0.0037 0.32662 0.72753 -0.02174 0.68573 0.77881 -0.01927 0.62696 0.8282 0.01336 0.56028 0.50321 -0.01762 0.86398 0.55679 -0.0141 0.83053 0.60614 -0.0063 0.79534 0.75906 0.29523 0.58023 0.78075 0.23307 0.57975 0.78075 0.23307 0.57975 0.80191 0.14433 0.57975 0.80191 0.14433 0.57975 0.81302 0.05378 0.57975 0.81302 0.05378 0.57975 0.81438 -0.00123 0.58032 0.87241 -0.01969 0.48838 0.58505 0.21688 0.78146 0.59845 0.17865 0.78099 0.59845 0.17865 0.78099 0.61467 0.11063 0.78099 0.61467 0.11063 0.78099 0.62318 0.04122 0.78099 0.62318 0.04122 0.78099 0.62395 0.00159 0.78146 0.68105 -0.01967 0.73197 0.06473 0.01826 0.99774 0.22247 0.02585 0.9746 0.01053 0.01407 0.99985 0.00619 0.00656 0.99996 0.02884 0.01624 0.99945 0.03036 0.02332 0.99927 0.05213 0.01551 0.99852 0.22599 0.00433 0.97412 0.06391 -0.00899 0.99791 0.05062 -0.00135 0.99872 0.02807 -0.00864 0.99957 0.02806 -0.00862 0.99957 0.00585 -0.00288 0.99998 0.01039 -0.00669 0.99992 0.22894 0.00758 0.97341 0.22566 0.04062 0.97336 0.21721 0.07274 0.97341 0.21331 0.07476 0.97412 0.22336 0.02265 0.97447 0.17569 0.08737 0.98056 0.07513 8E-05 0.99717 0.06802 0.03681 0.997 0.06758 0.03706 0.99702 0.07271 0.02548 0.99703 0.07271 0.02548 0.99703 0.07583 0.01365 0.99703 0.07703 0.00148 0.99703 0.07703 0.00148 0.99703 0.07698 0.00063 0.99703 0.16934 -0.02683 0.98519 0.30156 0.02533 -0.95311 0.30231 0.02063 -0.95299 0.3037 0.01329 -0.95267 0.30241 0.01465 -0.95307 0.30284 -0.00529 -0.95303 0.30171 0.02405 -0.9531 0.30204 0.01486 -0.95318 0.29602 0.00271 -0.95518 0.28804 0.09207 -0.95318 0.27782 0.1005 -0.95536 0.29037 0.08505 -0.95313 0.2925 0.0781 -0.95307 0.29062 0.08474 -0.95308 0.29309 0.07556 -0.95309 0.29058 0.08576 -0.953 0.28927 0.09346 -0.95267 0.28854 0.09176 -0.95306 0.28197 0.11059 -0.95303 0.30239 0.01736 -0.95303 0.30145 0.02741 -0.95309 0.30109 0.03155 -0.95307 0.2971 0.05349 -0.95335 0.2971 0.0535 -0.95335 0.29318 0.07545 -0.95307 -0.30156 -0.02533 -0.95311 -0.30231 -0.02063 -0.95299 -0.3037 -0.01329 -0.95267 -0.30241 -0.01465 -0.95307 -0.30284 0.00529 -0.95303 -0.30171 -0.02405 -0.9531 -0.30204 -0.01486 -0.95318 -0.29602 -0.00271 -0.95518 -0.28804 -0.09207 -0.95318 -0.27782 -0.1005 -0.95536 -0.29039 -0.085 -0.95313 -0.29271 -0.07731 -0.95307 -0.29116 -0.08277 -0.95309 -0.29281 -0.07665 -0.95309 -0.29051 -0.0862 -0.95298 -0.28927 -0.09346 -0.95267 -0.28854 -0.09176 -0.95306 -0.28197 -0.11059 -0.95303 -0.30239 -0.01736 -0.95303 -0.30145 -0.02741 -0.95309 -0.30109 -0.03155 -0.95307 -0.2971 -0.05349 -0.95335 -0.2971 -0.0535 -0.95335 -0.29318 -0.07545 -0.95307 -0.02533 0.30156 -0.95311 -0.02063 0.30231 -0.95299 -0.01329 0.3037 -0.95267 -0.01465 0.30241 -0.95307 0.00529 0.30284 -0.95303 -0.02405 0.30171 -0.9531 -0.01486 0.30204 -0.95318 -0.00271 0.29602 -0.95518 -0.09207 0.28804 -0.95318 -0.1005 0.27782 -0.95536 -0.085 0.29039 -0.95313 -0.07731 0.29271 -0.95307 -0.08277 0.29116 -0.95309 -0.07665 0.29281 -0.95309 -0.0862 0.29051 -0.95298 -0.09346 0.28927 -0.95267 -0.09176 0.28854 -0.95306 -0.11059 0.28197 -0.95303 -0.01736 0.30239 -0.95303 -0.02741 0.30145 -0.95309 -0.03155 0.30109 -0.95307 -0.05349 0.2971 -0.95335 -0.0535 0.2971 -0.95335 -0.07545 0.29318 -0.95307 0.14127 -0.36024 0.9221 0.2189 -0.56304 0.79691 0.19456 -0.46944 0.86126 0.27763 -0.6821 0.6765 0.25862 -0.63696 0.72622 0.3251 -0.87398 0.3612 0.32009 -0.87695 0.35847 0.30453 -0.88674 0.34778 0.31018 -0.88158 0.35581 0.32378 -0.86482 0.38374 0.33299 -0.81831 0.4685 0.26781 -0.74578 0.60999 0.26978 -0.89278 0.36078 0.26591 -0.89076 0.36856 0.21934 -0.90632 0.36122 0.16521 -0.91792 0.36073 0.16521 -0.91792 0.36073 0.06156 -0.93064 0.36073 0.06156 -0.93064 0.36073 -0.0102 -0.91873 0.39474 8E-05 -0.93249 0.3612 0.01987 -0.93588 0.35176 0.00371 -0.94514 0.32665 -0.02174 -0.72753 0.68573 -0.01928 -0.7785 0.62734 0.01313 -0.82799 0.56058 -0.01762 -0.50321 0.86398 -0.0141 -0.55679 0.83053 -0.0063 -0.60614 0.79534 0.1398 -0.3842 0.9126 0.1171 -0.39227 0.91237 0.1171 -0.39227 0.91237 0.07252 -0.4029 0.91237 0.07252 -0.4029 0.91237 0.02702 -0.40848 0.91237 0.02702 -0.40848 0.91237 -0.00717 -0.40891 0.91255 0.00602 -0.39441 0.91891 0.29523 -0.75906 0.58023 0.23307 -0.78075 0.57975 0.23307 -0.78075 0.57975 0.14433 -0.80191 0.57975 0.14433 -0.80191 0.57975 0.05378 -0.81302 0.57975 0.05378 -0.81302 0.57975 -0.00123 -0.81438 0.58032 -0.02046 -0.87461 0.48439 0.21688 -0.58505 0.78146 0.17865 -0.59845 0.78099 0.17865 -0.59845 0.78099 0.11063 -0.61467 0.78099 0.11063 -0.61467 0.78099 0.04122 -0.62318 0.78099 0.04122 -0.62318 0.78099 0.00159 -0.62395 0.78146 -0.01967 -0.68105 0.73197 -0.36024 -0.14127 0.9221 -0.56304 -0.2189 0.79691 -0.46944 -0.19456 0.86126 -0.6832 -0.2779 0.67529 -0.63803 -0.25951 0.72496 -0.87398 -0.3251 0.3612 -0.87547 -0.32259 0.35984 -0.88681 -0.30443 0.34769 -0.88313 -0.30875 0.35322 -0.86426 -0.3241 0.38472 -0.8177 -0.33239 0.46998 -0.74578 -0.26781 0.60999 -0.89278 -0.26978 0.36078 -0.89076 -0.26591 0.36856 -0.90632 -0.21934 0.36122 -0.91792 -0.16521 0.36073 -0.91792 -0.16521 0.36073 -0.93064 -0.06156 0.36073 -0.93064 -0.06156 0.36073 -0.91873 0.0102 0.39474 -0.93249 -8E-05 0.3612 -0.93588 -0.01987 0.35176 -0.94514 -0.00371 0.32665 -0.72753 0.02174 0.68573 -0.7785 0.01928 0.62734 -0.82799 -0.01313 0.56058 -0.50321 0.01762 0.86398 -0.55679 0.0141 0.83053 -0.60614 0.0063 0.79534 -0.3842 -0.1398 0.9126 -0.39227 -0.1171 0.91237 -0.39227 -0.1171 0.91237 -0.4029 -0.07252 0.91237 -0.4029 -0.07252 0.91237 -0.40848 -0.02702 0.91237 -0.40848 -0.02702 0.91237 -0.40891 0.00717 0.91255 -0.39441 -0.00602 0.91891 -0.75906 -0.29523 0.58023 -0.78075 -0.23307 0.57975 -0.78075 -0.23307 0.57975 -0.80191 -0.14433 0.57975 -0.80191 -0.14433 0.57975 -0.81302 -0.05378 0.57975 -0.81302 -0.05378 0.57975 -0.81438 0.00123 0.58032 -0.87461 0.02046 0.48439 -0.58505 -0.21688 0.78146 -0.59845 -0.17865 0.78099 -0.59845 -0.17865 0.78099 -0.61467 -0.11063 0.78099 -0.61467 -0.11063 0.78099 -0.62318 -0.04122 0.78099 -0.62318 -0.04122 0.78099 -0.62395 -0.00159 0.78146 -0.68105 0.01967 0.73197 -0.2189 0.56304 0.79691 -0.14127 0.36024 0.9221 0.01762 0.50321 0.86399 -0.00602 0.39441 0.91891 0.00717 0.40891 0.91255 -0.02702 0.40848 0.91237 -0.02702 0.40848 0.91237 -0.07252 0.4029 0.91237 -0.07252 0.4029 0.91237 -0.19456 0.46944 0.86126 -0.1398 0.3842 0.9126 -0.1171 0.39227 0.91237 -0.12626 0.40312 0.9064 -0.10017 0.39641 0.91259 -0.27763 0.6821 0.6765 -0.25862 0.63696 0.72622 -0.3251 0.87398 0.3612 -0.32257 0.87548 0.35983 -0.30444 0.8868 0.3477 -0.30888 0.88301 0.35339 -0.32414 0.86411 0.38503 -0.33239 0.8177 0.46998 -0.26781 0.74578 0.60999 -0.26978 0.89278 0.36078 -0.26591 0.89076 0.36856 -0.21934 0.90632 0.36122 -0.16521 0.91792 0.36073 -0.16521 0.91792 0.36073 -0.06156 0.93064 0.36073 -0.06156 0.93064 0.36073 0.0102 0.91873 0.39474 -8E-05 0.93249 0.3612 -0.01987 0.93588 0.35176 -0.00371 0.94514 0.32665 -0.01351 0.82852 0.55979 0.01928 0.7785 0.62734 -0.00702 0.60875 0.79333 0.02017 0.68233 0.73077 0.02169 0.72868 0.68451 -0.29523 0.75906 0.58023 -0.23307 0.78075 0.57975 -0.23307 0.78075 0.57975 -0.14433 0.80191 0.57975 -0.14433 0.80191 0.57975 -0.05378 0.81302 0.57975 -0.05378 0.81302 0.57975 0.00164 0.81439 0.58032 0.02035 0.87514 0.48343 -0.21688 0.58505 0.78146 -0.17865 0.59845 0.78099 -0.17865 0.59845 0.78099 -0.11063 0.61467 0.78099 -0.11063 0.61467 0.78099 -0.04122 0.62318 0.78099 -0.04122 0.62318 0.78099 0.00938 0.62399 0.78137 -0.03254 0.56746 0.82276 -0.00676 -0.38689 -0.9221 0.14933 -0.38074 -0.91255 0.13191 -0.37175 -0.91891 0.12398 -0.38985 -0.91249 0.12042 -0.40325 -0.90713 0.10191 -0.39599 -0.91258 0.07255 -0.4029 -0.91237 0.07255 -0.4029 -0.91237 -0.01863 -0.50782 -0.86126 0.00297 -0.40883 -0.9126 0.02706 -0.40848 -0.91237 0.02065 -0.4263 -0.90435 0.04261 -0.40667 -0.91258 -0.02024 -0.68716 -0.72622 0.01847 -0.9353 -0.35339 0.02395 -0.9373 -0.3477 -0.00242 -0.9229 -0.38503 -0.02634 -0.88228 -0.46998 0.0091 -0.79235 -0.60999 0.32514 -0.87397 -0.3612 0.26687 -0.89367 -0.36073 0.26687 -0.89367 -0.36073 0.16529 -0.91791 -0.36073 0.16529 -0.91791 -0.36073 0.06164 -0.93063 -0.36073 0.06164 -0.93063 -0.36073 0.00012 -0.93249 -0.3612 0.00301 -0.93301 -0.35983 0.32616 -0.8871 -0.32662 0.30777 -0.88405 -0.35176 0.33142 -0.85564 -0.39755 0.32271 -0.81077 -0.48838 0.27632 -0.78086 -0.56027 0.25595 -0.63143 -0.73197 0.27411 -0.67427 -0.68573 0.28967 -0.7232 -0.62696 0.19201 -0.46547 -0.86398 0.2074 -0.51692 -0.83053 0.21729 -0.56588 -0.79534 0.21612 -0.58533 -0.78146 0.17871 -0.59843 -0.78099 0.17871 -0.59843 -0.78099 0.11068 -0.61466 -0.78099 0.11068 -0.61466 -0.78099 0.04128 -0.62318 -0.78099 0.04128 -0.62318 -0.78099 0.00077 -0.62396 -0.78146 -0.0088 -0.60403 -0.79691 0.28517 -0.76282 -0.58032 0.23314 -0.78073 -0.57975 0.23314 -0.78073 -0.57975 0.1444 -0.8019 -0.57975 0.1444 -0.8019 -0.57975 0.05385 -0.81302 -0.57975 0.05385 -0.81302 -0.57975 -0.01197 -0.81436 -0.58023 -0.02231 -0.7361 -0.6765 0.38689 -0.00676 -0.9221 0.68716 -0.02024 -0.72622 0.93441 0.01675 -0.35581 0.93727 0.02384 -0.34778 0.92344 -0.00184 -0.38374 0.88306 -0.0267 -0.4685 0.79235 0.0091 -0.60999 0.87397 0.32514 -0.3612 0.89367 0.26687 -0.36073 0.89367 0.26687 -0.36073 0.91791 0.16529 -0.36073 0.91791 0.16529 -0.36073 0.93063 0.06164 -0.36073 0.93063 0.06164 -0.36073 0.93249 0.00012 -0.3612 0.93352 0.00585 -0.35847 0.88709 0.32614 -0.32665 0.88405 0.30777 -0.35176 0.85749 0.32998 -0.39474 0.81257 0.3242 -0.48439 0.78059 0.27646 -0.56058 0.63143 0.25595 -0.73197 0.67427 0.27411 -0.68573 0.7229 0.28958 -0.62734 0.51692 0.2074 -0.83053 0.56588 0.21729 -0.79534 0.38074 0.14933 -0.91255 0.37175 0.13191 -0.91891 0.46547 0.19201 -0.86398 0.38985 0.12398 -0.91249 0.40325 0.12042 -0.90713 0.39599 0.10191 -0.91258 0.4029 0.07255 -0.91237 0.4029 0.07255 -0.91237 0.50782 -0.01863 -0.86126 0.40883 0.00297 -0.9126 0.40848 0.02706 -0.91237 0.4263 0.02065 -0.90435 0.40667 0.04261 -0.91258 0.58533 0.21612 -0.78146 0.59843 0.17871 -0.78099 0.59843 0.17871 -0.78099 0.61466 0.11068 -0.78099 0.61466 0.11068 -0.78099 0.62318 0.04128 -0.78099 0.62318 0.04128 -0.78099 0.62396 0.00077 -0.78146 0.60403 -0.0088 -0.79691 0.76282 0.28517 -0.58032 0.78073 0.23314 -0.57975 0.78073 0.23314 -0.57975 0.8019 0.1444 -0.57975 0.8019 0.1444 -0.57975 0.81302 0.05385 -0.57975 0.81302 0.05385 -0.57975 0.81436 -0.01197 -0.58023 0.7361 -0.02231 -0.6765 0.00676 0.38689 -0.9221 0.0207 0.68848 -0.72496 -0.01863 0.93536 -0.35322 -0.02396 0.9373 -0.34769 0.00234 0.92303 -0.38472 0.02634 0.88228 -0.46998 -0.0091 0.79235 -0.60999 -0.32514 0.87397 -0.3612 -0.26687 0.89367 -0.36073 -0.26687 0.89367 -0.36073 -0.16529 0.91791 -0.36073 -0.16529 0.91791 -0.36073 -0.06164 0.93063 -0.36073 -0.06164 0.93063 -0.36073 -0.00012 0.93249 -0.3612 -0.00299 0.93301 -0.35984 -0.32614 0.88709 -0.32665 -0.30777 0.88405 -0.35176 -0.32998 0.85749 -0.39474 -0.3242 0.81257 -0.48439 -0.27646 0.78059 -0.56058 -0.25595 0.63143 -0.73197 -0.27411 0.67427 -0.68573 -0.28958 0.7229 -0.62734 -0.2074 0.51692 -0.83053 -0.21729 0.56588 -0.79534 -0.14933 0.38074 -0.91255 -0.13191 0.37175 -0.91891 -0.19201 0.46547 -0.86398 -0.12398 0.38985 -0.91249 -0.12042 0.40325 -0.90713 -0.10191 0.39599 -0.91258 -0.07255 0.4029 -0.91237 -0.07255 0.4029 -0.91237 0.01863 0.50782 -0.86126 -0.00297 0.40883 -0.9126 -0.02706 0.40848 -0.91237 -0.02065 0.4263 -0.90435 -0.04261 0.40667 -0.91258 -0.21612 0.58533 -0.78146 -0.17871 0.59843 -0.78099 -0.17871 0.59843 -0.78099 -0.11068 0.61466 -0.78099 -0.11068 0.61466 -0.78099 -0.04128 0.62318 -0.78099 -0.04128 0.62318 -0.78099 -0.00077 0.62396 -0.78146 0.0088 0.60403 -0.79691 -0.28517 0.76282 -0.58032 -0.23314 0.78073 -0.57975 -0.23314 0.78073 -0.57975 -0.1444 0.8019 -0.57975 -0.1444 0.8019 -0.57975 -0.05385 0.81302 -0.57975 -0.05385 0.81302 -0.57975 0.01197 0.81436 -0.58023 0.02218 0.73722 -0.67529 -0.38689 0.00676 -0.9221 -0.38074 -0.14933 -0.91255 -0.37175 -0.13191 -0.91891 -0.46547 -0.19201 -0.86399 -0.38985 -0.12398 -0.91249 -0.40325 -0.12042 -0.90713 -0.39599 -0.10191 -0.91258 -0.4029 -0.07255 -0.91237 -0.4029 -0.07255 -0.91237 -0.50782 0.01863 -0.86126 -0.40883 -0.00297 -0.9126 -0.40848 -0.02706 -0.91237 -0.4263 -0.02065 -0.90435 -0.40667 -0.04261 -0.91258 -0.68716 0.02024 -0.72622 -0.9353 -0.01847 -0.35339 -0.9373 -0.02395 -0.3477 -0.9229 0.00242 -0.38503 -0.88228 0.02634 -0.46998 -0.79235 -0.0091 -0.60999 -0.87397 -0.32514 -0.3612 -0.89367 -0.26687 -0.36073 -0.89367 -0.26687 -0.36073 -0.91791 -0.16529 -0.36073 -0.91791 -0.16529 -0.36073 -0.93063 -0.06164 -0.36073 -0.93063 -0.06164 -0.36073 -0.93249 -0.00012 -0.3612 -0.93301 -0.00301 -0.35983 -0.88709 -0.32614 -0.32665 -0.88405 -0.30777 -0.35176 -0.85749 -0.32998 -0.39474 -0.8131 -0.32428 -0.48343 -0.78121 -0.27629 -0.55979 -0.7229 -0.28958 -0.62734 -0.54318 -0.16741 -0.82276 -0.57298 -0.20573 -0.79333 -0.63246 -0.25687 -0.73077 -0.67536 -0.27446 -0.68451 -0.58155 -0.22641 -0.78137 -0.59843 -0.17871 -0.78099 -0.59843 -0.17871 -0.78099 -0.61466 -0.11068 -0.78099 -0.61466 -0.11068 -0.78099 -0.62318 -0.04128 -0.78099 -0.62318 -0.04128 -0.78099 -0.62396 -0.00077 -0.78146 -0.60403 0.0088 -0.79691 -0.76268 -0.28556 -0.58032 -0.78073 -0.23314 -0.57975 -0.78073 -0.23314 -0.57975 -0.8019 -0.1444 -0.57975 -0.8019 -0.1444 -0.57975 -0.81302 -0.05385 -0.57975 -0.81302 -0.05385 -0.57975 -0.81436 0.01197 -0.58023 -0.7361 0.02231 -0.6765 0.01826 -0.06473 0.99774 0.02585 -0.22247 0.9746 0.00433 -0.22599 0.97412 -0.00899 -0.06391 0.99791 -0.00135 -0.05062 0.99872 -0.00864 -0.02807 0.99957 -0.00862 -0.02806 0.99957 -0.00288 -0.00585 0.99998 -0.00669 -0.01039 0.99992 0.01407 -0.01053 0.99985 0.00656 -0.00619 0.99996 0.01624 -0.02884 0.99945 0.02332 -0.03036 0.99927 0.01551 -0.05213 0.99852 0.00758 -0.22894 0.97341 0.04062 -0.22566 0.97336 0.07274 -0.21721 0.97341 0.07476 -0.21331 0.97412 0.02265 -0.22336 0.97447 0.08737 -0.17569 0.98056 8E-05 -0.07513 0.99717 0.03681 -0.06802 0.997 0.03706 -0.06758 0.99702 0.02548 -0.07271 0.99703 0.02548 -0.07271 0.99703 0.01365 -0.07583 0.99703 0.00148 -0.07703 0.99703 0.00148 -0.07703 0.99703 0.00063 -0.07698 0.99703 -0.02683 -0.16934 0.98519 -0.01878 0.06421 0.99776 -0.02736 0.22129 0.97482 -0.0132 0.00997 0.99986 -0.00647 0.00622 0.99996 -0.01747 0.02951 0.99941 -0.02306 0.0305 0.99927 -0.01641 0.05257 0.99848 -0.00347 0.22574 0.97418 0.00917 0.06382 0.99792 0.0012 0.05045 0.99873 0.0087 0.02805 0.99957 0.00856 0.02799 0.99957 0.00289 0.00586 0.99998 0.00672 0.01042 0.99992 -0.00709 0.22893 0.97342 -0.03956 0.22584 0.97336 -0.03956 0.22584 0.97336 -0.07219 0.21743 0.9734 -0.07375 0.2143 0.97398 -0.02812 0.22506 0.97394 -0.08666 0.17543 0.98067 -0.00253 0.07623 0.99709 -0.03641 0.06836 0.997 -0.03673 0.06778 0.99702 -0.02507 0.07285 0.99703 -0.02507 0.07285 0.99703 -0.01329 0.07589 0.99703 -0.01329 0.07589 0.99703 -0.00119 0.07703 0.99703 -0.00119 0.07703 0.99703 -0.00077 0.07701 0.99703 0.02742 0.16986 0.98509 -0.06473 -0.01826 0.99774 -0.22247 -0.02585 0.9746 -0.22599 -0.00433 0.97412 -0.06391 0.00899 0.99791 -0.05062 0.00135 0.99872 -0.02807 0.00864 0.99957 -0.02806 0.00862 0.99957 -0.00585 0.00288 0.99998 -0.01039 0.00669 0.99992 -0.01053 -0.01407 0.99985 -0.00619 -0.00656 0.99996 -0.02884 -0.01624 0.99945 -0.03036 -0.02332 0.99927 -0.05213 -0.01551 0.99852 -0.22894 -0.00758 0.97341 -0.22566 -0.04062 0.97336 -0.21721 -0.07274 0.97341 -0.21331 -0.07476 0.97412 -0.22336 -0.02265 0.97447 -0.17569 -0.08737 0.98056 -0.07513 -8E-05 0.99717 -0.06802 -0.03681 0.997 -0.06758 -0.03706 0.99702 -0.07271 -0.02548 0.99703 -0.07271 -0.02548 0.99703 -0.07583 -0.01365 0.99703 -0.07703 -0.00148 0.99703 -0.07703 -0.00148 0.99703 -0.07698 -0.00063 0.99703 -0.16934 0.02683 0.98519 0.2916 0.08125 0.95308 0.29094 0.08574 0.95289 0.29011 0.09282 0.95248 0.28895 0.0905 0.95306 0.28199 0.11058 0.95302 0.29117 0.08202 0.95315 0.28929 0.08658 0.95332 0.28259 0.09464 0.95456 0.30119 0.01584 0.95343 0.29443 0.00974 0.95562 0.30142 0.02247 0.95323 0.3014 0.02913 0.95305 0.30146 0.02721 0.95309 0.3011 0.0298 0.95313 0.30258 0.02109 0.95289 0.30427 0.01419 0.95248 0.30238 0.01594 0.95305 0.30284 -0.00531 0.95303 0.29063 0.08589 0.95297 0.29216 0.07914 0.95309 0.29351 0.07417 0.95307 0.29749 0.05356 0.95322 0.29749 0.05354 0.95322 0.30095 0.03284 0.95307 0.07978 -0.29272 0.95286 0.08417 -0.29275 0.95248 0.09058 -0.29303 0.9518 0.08665 -0.29026 0.95302 0.11058 -0.28199 0.95302 0.08202 -0.29117 0.95315 0.08658 -0.28929 0.95332 0.09464 -0.28259 0.95456 0.03146 -0.30105 0.95309 0.00974 -0.29443 0.95562 0.01584 -0.30119 0.95343 0.0224 -0.30142 0.95323 0.02386 -0.30345 0.95255 0.01729 -0.30621 0.95181 0.01999 -0.30228 0.95301 -0.00531 -0.30284 0.95303 0.08 -0.29271 0.95285 0.07653 -0.29305 0.95303 0.05354 -0.29749 0.95322 0.05356 -0.29749 0.95322 0.03024 -0.30138 0.95303 0.02857 -0.30143 0.95306 -0.08125 0.2916 0.95308 -0.08574 0.29094 0.95289 -0.09282 0.29011 0.95248 -0.0905 0.28895 0.95306 -0.11058 0.28199 0.95302 -0.08163 0.29118 0.95318 -0.08608 0.28921 0.95339 -0.09376 0.28239 0.95471 -0.00913 0.29485 0.9555 -0.01539 0.30146 0.95335 -0.02216 0.30155 0.95319 -0.02912 0.3014 0.95305 -0.02347 0.30361 0.95251 -0.01729 0.30621 0.95181 -0.01999 0.30228 0.95301 0.00531 0.30284 0.95303 -0.08589 0.29063 0.95297 -0.07867 0.29226 0.9531 -0.07418 0.29353 0.95307 -0.0522 0.29798 0.95315 -0.05351 0.29731 0.95328 -0.03045 0.30133 0.95303 -0.03086 0.30122 0.95306 -0.29272 -0.07978 0.95286 -0.29275 -0.08417 0.95248 -0.29303 -0.09058 0.9518 -0.29026 -0.08665 0.95302 -0.28199 -0.11058 0.95302 -0.29117 -0.08202 0.95315 -0.28929 -0.08658 0.95332 -0.28259 -0.09464 0.95456 -0.29443 -0.00974 0.95562 -0.30119 -0.01584 0.95343 -0.30142 -0.02247 0.95323 -0.30122 -0.03086 0.95306 -0.30361 -0.02347 0.95251 -0.30621 -0.01729 0.95181 -0.30228 -0.01999 0.95301 -0.30284 0.00531 0.95303 -0.29271 -0.08 0.95285 -0.29305 -0.07653 0.95303 -0.29749 -0.05354 0.95322 -0.29749 -0.05356 0.95322 -0.30136 -0.03036 0.95303 -0.3014 -0.02913 0.95305 -8E-05 1 0 -0.00013 1 -1E-05 -0.066 0.99782 6E-05 -0.06609 0.99781 -6E-05 -0.17714 0.98419 6E-05 -0.17723 0.98417 -6E-05 -0.34868 0.93724 0 -0.34864 0.93726 1E-05 -0.28614 0.95819 -6E-05 -0.28926 0.95724 -0.00409 -0.23522 0.97194 0 -0.57063 -0.8212 -0 -0.57063 -0.8212 0 -0.57063 -0.8212 -0 -0.57063 -0.82121 -0 -0.57063 -0.8212 0 -0.57063 -0.8212 -0 -0.57063 -0.82121 0 -0.57063 -0.82121 0 -0.57063 -0.8212 -0 -0.57063 -0.82121 -0 -0.57063 -0.8212 0 -0.61741 -0.78664 -0 -0.6916 -0.72228 0.0016 -0.77392 -0.63328 -0.00171 -0.88375 -0.46795 0.00172 -0.94067 -0.33931 -0.00207 -0.98853 -0.15098 0.00193 -0.99997 0.00701 -0.00198 -0.9948 0.10185 0 0.4424 -0.89682 -0 0.35531 -0.93474 0.00198 0.20325 -0.97912 -0.00193 0.01006 -0.99995 0.00207 -0.13035 -0.99147 -0.00172 -0.32361 -0.94619 0.00171 -0.43573 -0.90007 -0.0016 -0.52193 -0.85299 -0 0.96626 -0.25757 -0.00076 -0.45066 -0.8927 -0 -0.46361 -0.88604 0.00246 -0.28375 -0.9589 -0.00101 -0.28256 -0.95925 -0.00109 -0.18281 -0.98315 0.00082 -0.1259 -0.99204 0.00321 0.09729 -0.99515 -0.01453 0.25801 -0.96614 1E-05 0.28056 -0.95984 -0.00031 0.4216 -0.90678 0.00139 0.58965 -0.80758 -0.01153 0.48105 -0.87669 0.00221 0.74744 -0.66433 -0.00176 0.88976 -0.45642 0.00061 0.86749 -0.49744 0.00469 0.71193 -0.70221 -0.00746 0.99893 -0.04629 -0 0.99695 -0.07799 0.0015 0.98204 -0.18863 -0.00304 0.93806 -0.34629 0.01165 -0.4996 -0.86626 -0 -0.43278 -0.90147 -0.00664 -0.32423 -0.94597 0.00304 -0.13345 -0.99104 -0.00486 -0.13629 -0.99066 -0.00524 0.11961 -0.99279 0.00754 0.01467 -0.99984 -0.01025 0.08703 -0.99621 -4E-05 0.04023 -0.99917 0.00653 -0.04915 -0.99859 0.02001 1 8E-05 -0 1 0.00013 -1E-05 0.99782 0.066 6E-05 0.99781 0.06609 -6E-05 0.98419 0.17714 6E-05 0.98417 0.17723 -6E-05 0.93724 0.34868 -0 0.93726 0.34864 1E-05 0.95819 0.28614 -6E-05 0.95724 0.28926 -0.00409 0.97194 0.23522 0 -0.8212 0.57063 0 -0.8212 0.57063 0 -0.8212 0.57063 -0 -0.82121 0.57063 0 -0.82121 0.57063 0 -0.8212 0.57063 0 -0.8212 0.57063 0 -0.8212 0.57063 -0 -0.82121 0.57063 -0 -0.8212 0.57063 0 -0.82121 0.57063 -0 -0.78664 0.61741 0 -0.71019 0.704 0.00188 -0.63322 0.77397 -0.00145 -0.43965 0.89817 0.00142 -0.33927 0.94069 -0.00193 -0.12215 0.99251 0.00182 0.00704 0.99997 -0.00186 0.11657 0.99318 0 0.89682 0.4424 -0 0.93474 0.35531 0.00198 0.97912 0.20325 -0.00193 0.99995 0.01006 0.00207 0.99147 -0.13035 -0.00172 0.94619 -0.32361 0.00171 0.90007 -0.43573 -0.0016 0.85299 -0.52193 -0 0.25761 0.96625 -0.00073 0.8927 -0.45066 -0 0.88604 -0.46361 0.00246 0.96043 -0.27851 -0.00111 0.95934 -0.28225 -0.00083 0.98304 -0.18338 0.0005 0.99268 -0.12071 0.00279 0.99479 0.10082 -0.01481 0.96514 0.26172 1E-05 0.95875 0.28425 -0.00027 0.90724 0.42062 0.00138 0.80675 0.59078 -0.01159 0.87688 0.4807 0.00257 0.66641 0.74558 -0.00194 0.45891 0.88848 0.0006 0.49006 0.87168 0.00379 0.69191 0.72196 -0.00561 0.0421 0.99911 0 0.07799 0.99695 0.0015 0.17121 0.98523 -0.00283 0.33114 0.94354 0.00952 0.86626 -0.49959 -0 0.90147 -0.43278 -0.00664 0.94597 -0.32423 0.00304 0.99104 -0.13345 -0.00486 0.99066 -0.13628 -0.00524 0.99234 0.12328 0.00772 0.99978 0.01797 -0.01064 0.99586 0.09088 -5E-05 0.99902 0.04385 0.00676 0.9987 -0.0466 0.02081 -0.4424 0.89682 0 -0.35531 0.93474 0.00198 -0.20325 0.97912 -0.00193 -0.01006 0.99995 0.00207 0.13035 0.99147 -0.00172 0.32361 0.94619 0.00171 0.43573 0.90007 -0.0016 0.52193 0.85299 0 -0.96622 0.25771 -0.00087 0.45066 0.8927 0 0.46361 0.88604 0.00246 0.28375 0.9589 -0.00101 0.28256 0.95925 -0.00109 0.18281 0.98315 0.00082 0.1259 0.99204 0.00321 -0.09729 0.99515 -0.01453 -0.25801 0.96614 1E-05 -0.28056 0.95984 -0.00031 -0.42062 0.90724 0.00138 -0.58889 0.80813 -0.01143 -0.48105 0.87669 0.00221 -0.74541 0.66661 -0.00173 -0.88791 0.46001 0.00071 -0.87168 0.49006 0.00379 -0.72012 0.69382 -0.00571 -0.99911 0.04208 0 -0.99695 0.07799 0.0015 -0.98523 0.17123 -0.00283 -0.94313 0.33228 0.0096 0.4996 0.86626 0 0.43278 0.90147 -0.00664 0.32423 0.94597 0.00304 0.13345 0.99104 -0.00486 0.13629 0.99066 -0.00524 -0.11961 0.99279 0.00754 -0.01467 0.99984 -0.01025 -0.08703 0.99621 -4E-05 -0.04023 0.99917 0.00653 0.04915 0.99859 0.02001 -1 -8E-05 0 -1 -0.00013 -1E-05 -0.99782 -0.066 6E-05 -0.99781 -0.06609 -6E-05 -0.98419 -0.17714 6E-05 -0.98417 -0.17723 -6E-05 -0.93724 -0.34868 0 -0.93726 -0.34864 1E-05 -0.95819 -0.28614 -6E-05 -0.95724 -0.28926 -0.00409 -0.97194 -0.23522 0 0.8212 -0.57063 -0 0.8212 -0.57063 0 0.8212 -0.57063 -0 0.82121 -0.57063 -0 0.8212 -0.57063 0 0.8212 -0.57063 -0 0.82121 -0.57063 0 0.82121 -0.57063 0 0.8212 -0.57063 -0 0.82121 -0.57063 -0 0.8212 -0.57063 0 0.78664 -0.61741 -0 0.72228 -0.6916 0.0016 0.63328 -0.77392 -0.00171 0.46795 -0.88375 0.00172 0.33931 -0.94067 -0.00207 0.15098 -0.98853 0.00193 -0.00701 -0.99997 -0.00198 -0.10185 -0.9948 -0 -0.59514 -0.80363 -0 -0.74127 -0.67121 -0 -0.64528 -0.76391 0.00767 -0.63345 -0.77377 0.00374 -0.6817 -0.73163 -0 -0.43954 -0.89822 -0 -0.50427 -0.86354 0.00155 -0.47721 -0.87873 0.01063 -0.54027 -0.84149 -0 -0.37055 -0.92881 -0 -0.41051 -0.91185 0 -0.3604 -0.93278 0.00585 -0.42447 -0.90539 -0.00983 -0.31786 -0.94808 0.01067 -0.36977 -0.92912 -0.00355 -0.26098 -0.96534 0.0031 -0.29229 -0.95632 -0.00421 -0.20259 -0.97926 0.00284 -0.21914 -0.97569 -0 -0.83945 -0.54343 0 -0.83811 -0.5455 -0.00039 -0.79664 -0.60445 0.0004 -0.8035 -0.59531 0.0021 -0.74182 -0.67059 -0.00355 -0.77184 -0.63577 0.00828 -0.70053 -0.7136 -0.00619 -0.73539 -0.67764 0.00299 -0.70427 -0.70993 0 -0.89017 -0.45563 0 -0.93473 -0.35535 0.00186 -0.97279 -0.23166 -0.00182 -0.99995 -0.01011 0.00193 -0.99511 0.09881 -0.00142 -0.94621 0.32354 0.00145 -0.90749 0.42008 -0.00188 -0.85299 0.52193 0 0.80363 -0.59514 -0 0.67121 -0.74127 -0 0.76391 -0.64528 0.00767 0.77377 -0.63345 0.00374 0.73163 -0.6817 -0 0.89822 -0.43954 -0 0.86354 -0.50427 0.00155 0.87873 -0.47721 0.01063 0.84149 -0.54027 -0 0.92881 -0.37055 -0 0.91185 -0.41051 0 0.93278 -0.3604 0.00585 0.90539 -0.42447 -0.00983 0.94808 -0.31786 0.01067 0.92912 -0.36977 -0.00355 0.96534 -0.26098 0.0031 0.95632 -0.29229 -0.00421 0.97926 -0.20259 0.00284 0.97569 -0.21914 -0 0.54343 -0.83945 -0 0.5455 -0.83811 -0.00039 0.60445 -0.79664 0.0004 0.59531 -0.8035 0.0021 0.67059 -0.74182 -0.00355 0.63577 -0.77184 0.00828 0.7136 -0.70053 -0.00619 0.67764 -0.73539 0.00299 0.70993 -0.70427 0 -0.25771 -0.96622 -0.00087 -0.8927 0.45066 0 -0.88604 0.46361 0.00246 -0.9589 0.28375 -0.00101 -0.95925 0.28256 -0.00109 -0.98315 0.18281 0.00082 -0.99204 0.1259 0.00321 -0.99515 -0.09729 -0.01453 -0.96614 -0.25801 1E-05 -0.95984 -0.28056 -0.00031 -0.90724 -0.42062 0.00138 -0.80813 -0.58889 -0.01143 -0.87669 -0.48105 0.00221 -0.66661 -0.74541 -0.00173 -0.46001 -0.88791 0.00071 -0.49006 -0.87168 0.00379 -0.69382 -0.72012 -0.00571 -0.04208 -0.99911 -0 -0.07799 -0.99695 0.0015 -0.17123 -0.98523 -0.00283 -0.33228 -0.94313 0.0096 -0.86626 0.4996 0 -0.90147 0.43278 -0.00664 -0.94597 0.32423 0.00304 -0.99104 0.13345 -0.00486 -0.99066 0.13629 -0.00524 -0.99279 -0.11961 0.00754 -0.99984 -0.01467 -0.01025 -0.99621 -0.08703 -4E-05 -0.99917 -0.04023 0.00653 -0.99859 0.04915 0.02001 0.61741 0.78664 0 0.6916 0.72228 0.0016 0.77392 0.63328 -0.00171 0.88375 0.46795 0.00172 0.94067 0.33931 -0.00207 0.98853 0.15098 0.00193 0.99997 -0.00701 -0.00198 0.9948 -0.10185 -0 8E-05 -1 -0 0.00013 -1 -1E-05 0.066 -0.99782 6E-05 0.06609 -0.99781 -6E-05 0.17714 -0.98419 6E-05 0.17723 -0.98417 -6E-05 0.34868 -0.93724 -0 0.34864 -0.93726 1E-05 0.28614 -0.95819 -6E-05 0.28926 -0.95724 -0.00409 0.23522 -0.97194 0 0.57063 0.8212 0 0.57063 0.8212 0 0.57063 0.8212 -0 0.57063 0.82121 0 0.57063 0.82121 0 0.57063 0.8212 0 0.57063 0.8212 0 0.57063 0.8212 -0 0.57063 0.82121 -0 0.57063 0.8212 0 0.57063 0.82121 -0 0.81568 0.5785 0.00087 -0.45842 0.88798 -0.03664 -0.73369 0.67948 0 -0.74351 0.66872 -0.00246 -0.60036 0.79973 0.00101 -0.59936 0.80048 0.00109 -0.46487 0.88538 -0.00187 -0.26252 0.96468 0.02201 -0.09514 0.99546 -1E-05 -0.0718 0.99742 0.00031 0.07781 0.99697 -0.00138 0.27007 0.96277 0.01143 0.1451 0.98941 -0.00221 0.46612 0.88472 0.00173 0.67173 0.74079 -0.00071 0.64604 0.76329 -0.00379 0.43294 0.90141 0.00571 0.92171 0.38789 -0 0.90716 0.42078 -0.0015 0.86365 0.50408 0.00283 0.76803 0.64034 -0.0096 -0.77034 0.63763 0 -0.72 0.69394 0.00664 -0.63379 0.7735 -0.00304 -0.4707 0.88228 0.00486 -0.47323 0.88092 0.00524 -0.23414 0.97217 -0.00754 -0.33495 0.94218 0.01025 -0.26587 0.96401 4E-05 -0.31076 0.95046 -0.00653 -0.39433 0.91875 -0.02001 0.82121 -0.57063 -0 0.8212 -0.57063 0 0.8212 -0.57063 0 0.82121 -0.57063 -0 0.82121 -0.57063 0 0.8212 -0.57063 -0 0.8212 -0.57063 -0 0.8212 -0.57063 -0 0.8212 -0.57063 0 0.82121 -0.57063 -0 0.14769 0.21254 0.96593 -0.14769 -0.21254 0.96593 -0.14769 -0.21254 0.96593 -0.4035 -0.58068 0.70711 -0.55119 -0.79322 0.25882 -0.55119 -0.79322 -0.25882 -0.4035 -0.58068 -0.70711 -0.14769 -0.21254 -0.96593 -0.14769 -0.21254 -0.96593 0.14097 0.20287 -0.96901 0.15756 0.20566 -0.96586 0.5073 0.73003 0.45793 0.45665 0.65718 0.59966 0.45498 0.54315 0.70567 0.341 0.50277 0.79432 0.15131 0.19566 0.96893 0.57877 0.77303 0.25972 0.57949 0.77284 0.25866 0.56978 0.82 0.05437 0.56767 0.81688 -0.10224 0.59246 0.763 -0.25848 0.53017 0.76727 -0.36086 0.39264 0.58815 -0.70705 0.46326 0.36835 -0.80604 0.43869 0.62668 -0.64407 -0.57063 -0.82121 -0 -0.57063 -0.8212 0 -0.57063 -0.8212 0 -0.57063 -0.82121 -0 -0.57063 -0.82121 0 -0.57063 -0.8212 -0 -0.57063 -0.8212 -0 -0.57063 -0.8212 -0 -0.57063 -0.8212 0 -0.57063 -0.82121 -0 0.57839 -0.81576 0.00076 0.88798 0.45842 -0.03664 0.67948 0.73369 0 0.66872 0.74351 -0.00246 0.79973 0.60036 0.00101 0.80048 0.59936 0.00109 0.88538 0.46487 -0.00187 0.96468 0.26252 0.02201 0.99546 0.09514 -1E-05 0.99742 0.0718 0.00031 0.99688 -0.07888 -0.00139 0.96252 -0.27098 0.01153 0.98941 -0.1451 -0.00221 0.88329 -0.46882 0.00176 0.73807 -0.67472 -0.00061 0.76875 -0.63954 -0.00469 0.90641 -0.42234 0.00746 0.39177 -0.92006 -0 0.42078 -0.90716 -0.0015 0.51928 -0.8546 0.00304 0.6517 -0.75839 -0.01165 0.63763 0.77034 0 0.69394 0.72 0.00664 0.7735 0.63379 -0.00304 0.88228 0.4707 0.00486 0.88092 0.47323 0.00524 0.97217 0.23414 -0.00754 0.94218 0.33495 0.01025 0.96401 0.26587 4E-05 0.95046 0.31076 -0.00653 0.91875 0.39433 -0.02001 0.21254 -0.14769 0.96593 -0.21254 0.14769 0.96593 -0.21254 0.14769 0.96593 -0.58068 0.4035 0.70711 -0.79322 0.55119 0.25882 -0.79322 0.55119 -0.25882 -0.58068 0.4035 -0.70711 -0.21254 0.14769 -0.96593 -0.21254 0.14769 -0.96593 0.20287 -0.14097 -0.96901 0.20566 -0.15756 -0.96586 0.73003 -0.5073 0.45793 0.65718 -0.45665 0.59966 0.54316 -0.45498 0.70567 0.50277 -0.341 0.79432 0.19566 -0.15131 0.96893 0.77303 -0.57877 0.25972 0.77284 -0.57949 0.25866 0.82 -0.56978 0.05437 0.81688 -0.56767 -0.10225 0.763 -0.59246 -0.25848 0.76727 -0.53017 -0.36087 0.58815 -0.39264 -0.70705 0.36835 -0.46326 -0.80604 0.62668 -0.43869 -0.64407 -0.81574 -0.57842 0.00073 0.4564 -0.88897 -0.03791 0.7337 -0.67948 -0 0.74351 -0.66872 -0.00246 0.59598 -0.803 0.00111 0.5991 -0.80067 0.00083 0.46034 -0.88774 -0.00131 0.25919 -0.96557 0.02239 0.09131 -0.99582 -1E-05 0.06797 -0.99769 0.00027 -0.07781 -0.99697 -0.00138 -0.27232 -0.96214 0.01159 -0.14471 -0.98947 -0.00257 -0.46635 -0.8846 0.00194 -0.67265 -0.73996 -0.0006 -0.64604 -0.76329 -0.00379 -0.43533 -0.90026 0.00561 -0.9217 -0.38791 0 -0.90716 -0.42078 -0.0015 -0.86366 -0.50407 0.00283 -0.76881 -0.63941 -0.00952 0.77034 -0.63763 -0 0.72 -0.69394 0.00664 0.63379 -0.7735 -0.00304 0.4707 -0.88228 0.00486 0.47322 -0.88093 0.00524 0.23055 -0.97303 -0.00772 0.33183 -0.94328 0.01064 0.26214 -0.96503 5E-05 0.30732 -0.95158 -0.00676 0.39197 -0.91974 -0.02081 -0.82121 0.57063 -0 -0.82121 0.57063 0 -0.8212 0.57063 -0 -0.8212 0.57063 -0 -0.8212 0.57063 0 -0.82121 0.57063 -0 -0.8212 0.57063 0 -0.8212 0.57063 0 -0.82121 0.57063 -0 -0.8212 0.57063 0 -0.14769 -0.21254 0.96593 0.14769 0.21254 0.96593 0.14769 0.21254 0.96593 0.4035 0.58068 0.70711 0.55119 0.79322 0.25882 0.55119 0.79322 -0.25882 0.4035 0.58068 -0.70711 0.14769 0.21254 -0.96593 0.14769 0.21254 -0.96593 -0.14097 -0.20287 -0.96901 -0.15756 -0.20566 -0.96586 -0.5073 -0.73003 0.45793 -0.45665 -0.65718 0.59966 -0.45498 -0.54316 0.70567 -0.341 -0.50277 0.79432 -0.15131 -0.19566 0.96893 -0.57877 -0.77303 0.25972 -0.57949 -0.77284 0.25866 -0.56978 -0.82 0.05437 -0.56767 -0.81688 -0.10225 -0.59246 -0.763 -0.25848 -0.53017 -0.76727 -0.36087 -0.39264 -0.58815 -0.70705 -0.46326 -0.36835 -0.80604 -0.43869 -0.62668 -0.64407 -0.5785 0.81568 0.00087 -0.88798 -0.45842 -0.03664 -0.67948 -0.73369 -0 -0.66872 -0.74351 -0.00246 -0.79973 -0.60036 0.00101 -0.80048 -0.59936 0.00109 -0.88538 -0.46487 -0.00187 -0.96468 -0.26252 0.02201 -0.99546 -0.09514 -1E-05 -0.99742 -0.0718 0.00031 -0.99697 0.07781 -0.00138 -0.96277 0.27007 0.01143 -0.98941 0.1451 -0.00221 -0.88472 0.46612 0.00173 -0.74079 0.67173 -0.00071 -0.76329 0.64604 -0.00379 -0.90141 0.43294 0.00571 -0.38789 0.92171 0 -0.42078 0.90716 -0.0015 -0.50408 0.86365 0.00283 -0.64034 0.76803 -0.0096 -0.63763 -0.77034 -0 -0.69394 -0.72 0.00664 -0.7735 -0.63379 -0.00304 -0.88228 -0.4707 0.00486 -0.88092 -0.47323 0.00524 -0.97217 -0.23414 -0.00754 -0.94218 -0.33495 0.01025 -0.96401 -0.26587 4E-05 -0.95046 -0.31076 -0.00653 -0.91875 -0.39433 -0.02001 0.57063 0.82121 -0 0.57063 0.82121 0 0.57063 0.8212 -0 0.57063 0.8212 -0 0.57063 0.8212 0 0.57063 0.82121 -0 0.57063 0.8212 0 0.57063 0.8212 0 0.57063 0.82121 -0 0.57063 0.8212 0 -0.21254 0.14769 0.96593 0.21254 -0.14769 0.96593 0.21254 -0.14769 0.96593 0.58068 -0.4035 0.70711 0.79322 -0.55119 0.25882 0.79322 -0.55119 -0.25882 0.58068 -0.4035 -0.70711 0.21254 -0.14769 -0.96593 0.21254 -0.14769 -0.96593 -0.20287 0.14097 -0.96901 -0.20566 0.15756 -0.96586 -0.73003 0.5073 0.45793 -0.65718 0.45665 0.59966 -0.54316 0.45498 0.70567 -0.50277 0.341 0.79432 -0.19566 0.15131 0.96893 -0.77303 0.57877 0.25972 -0.77284 0.57949 0.25866 -0.82 0.56978 0.05437 -0.81688 0.56767 -0.10225 -0.763 0.59246 -0.25848 -0.76727 0.53017 -0.36087 -0.58815 0.39264 -0.70705 -0.36835 0.46326 -0.80604 -0.62668 0.43869 -0.64407 0.1378 0.2194 -0.96586 0.35228 0.49493 -0.79432 0.35038 0.61585 -0.70567 0.45666 0.65717 -0.59966 0.52222 0.81264 -0.25866 0.52265 0.81203 -0.25972 0.50727 0.73005 -0.45793 0.50847 0.82137 0.25848 0.56762 0.81692 0.10225 0.5698 0.81998 -0.05437 0.18366 0.56264 0.80604 0.43434 0.6297 0.64407 0.5342 0.76447 0.36087 0.14097 0.20287 -0.96901 -0.14769 -0.21254 -0.96593 -0.14769 -0.21254 -0.96593 -0.14769 -0.21254 0.96593 -0.14769 -0.21254 0.96593 0.14097 0.20287 0.96901 0.1378 0.2194 0.96586 0.41429 0.57311 0.70705 0.36035 -0.58458 0.72692 0.23779 -0.64537 0.72591 0.1925 -0.71 0.67738 0.21761 -0.75907 0.61357 0.1421 -0.78208 0.60676 0.10617 -0.83508 0.53979 0.12343 -0.8793 0.45999 0.06578 -0.8905 0.4502 0.01489 -0.96065 0.27735 0.01489 -0.96065 0.27735 -0.00802 -0.99638 0.08459 0.03707 -0.99782 0.0546 -0.00805 -0.99957 -0.0282 -0.00252 -0.9857 -0.16851 0.09398 -0.98927 -0.11184 0.0099 -0.97298 -0.23066 0.02761 -0.94768 -0.31801 0.09931 -0.92585 -0.3646 0.05548 -0.90622 -0.41914 0.08613 -0.86415 -0.49581 0.15455 -0.82202 -0.54809 0.12591 -0.8033 -0.58212 0.21465 -0.67317 -0.70765 0.21465 -0.67317 -0.70765 0.3327 -0.50328 -0.79751 0.37264 -0.55587 -0.74306 0.37824 -0.4434 -0.81261 0.46021 -0.31979 -0.82822 0.50707 -0.41526 -0.75527 0.49461 -0.27502 -0.82446 0.54748 -0.19986 -0.81261 0.62004 -0.16948 -0.76605 0.60893 -0.10917 -0.78568 0.70577 0.0336 -0.70765 0.70577 0.0336 -0.70764 0.79677 0.16215 -0.58212 0.82431 0.14184 -0.54809 0.83993 0.22066 -0.49581 0.87983 0.2841 -0.38103 0.9017 0.18369 -0.39141 0.92883 0.35036 -0.12054 0.94408 0.2877 -0.16105 0.91535 0.33006 -0.23067 0.89781 0.30464 -0.31801 0.93103 0.35501 0.08459 0.90553 0.32108 0.27735 0.90553 0.32108 0.27735 0.85753 0.24891 0.4502 0.86715 0.19098 0.45999 0.81967 0.19173 0.53979 0.75847 0.10944 0.64246 0.82704 0.05533 0.55942 0.73256 0.06721 0.67738 0.68778 0.00221 0.72591 0.67988 -0.08731 0.72811 0.27192 -0.59075 0.75965 0.39585 -0.4124 0.8205 0.39586 -0.4124 0.8205 0.52456 -0.22718 0.8205 0.52456 -0.22717 0.8205 0.62858 -0.08118 0.7735 0.99319 -0.02955 -0.11273 0.99319 -0.02954 -0.11273 0.96435 -0.07104 -0.25491 0.96435 -0.07104 -0.25491 0.9147 -0.1425 -0.37818 0.9147 -0.1425 -0.37819 0.8479 -0.23862 -0.47341 0.84791 -0.23862 -0.47341 0.76893 -0.35227 -0.53353 0.76893 -0.35227 -0.53353 0.68363 -0.47503 -0.55407 0.68363 -0.47503 -0.55407 0.59832 -0.59779 -0.53353 0.59832 -0.59779 -0.53353 0.51935 -0.71145 -0.47341 0.51935 -0.71145 -0.47341 0.45256 -0.80757 -0.37819 0.45256 -0.80757 -0.37818 0.4029 -0.87903 -0.25491 0.4029 -0.87903 -0.25491 0.37407 -0.92052 -0.11273 0.37407 -0.92053 -0.11273 0.36819 -0.92898 0.03781 0.36819 -0.92898 0.03781 0.38571 -0.90377 0.18555 0.38571 -0.90377 0.18555 0.42532 -0.84676 0.31952 0.42532 -0.84676 0.31952 0.48409 -0.76218 0.4298 0.48409 -0.76218 0.4298 0.55766 -0.65631 0.5082 0.55766 -0.65631 0.5082 0.64057 -0.53699 0.54891 0.64057 -0.53699 0.54891 0.72668 -0.41308 0.54891 0.72668 -0.41308 0.54891 0.80959 -0.29376 0.5082 0.80959 -0.29376 0.5082 0.88316 -0.18788 0.4298 0.88316 -0.18788 0.4298 0.94193 -0.10331 0.31952 0.94193 -0.1033 0.31952 0.98154 -0.04629 0.18555 0.98154 -0.0463 0.18555 0.92125 -0.38839 0.02125 0.91592 -0.40132 -0.0066 0.91432 -0.40304 -0.03964 0.91432 -0.40304 -0.03964 0.90418 -0.41763 -0.08964 0.90418 -0.41763 -0.08964 0.88672 -0.44276 -0.13299 0.88672 -0.44276 -0.13299 0.86323 -0.47656 -0.16648 0.86323 -0.47656 -0.16648 0.83546 -0.51653 -0.18762 0.83546 -0.51653 -0.18761 0.80547 -0.5597 -0.19484 0.80547 -0.5597 -0.19484 0.77547 -0.60287 -0.18762 0.77547 -0.60287 -0.18761 0.7477 -0.64283 -0.16647 0.7477 -0.64283 -0.16647 0.72421 -0.67663 -0.13299 0.72421 -0.67663 -0.13299 0.70675 -0.70176 -0.08964 0.70675 -0.70176 -0.08964 0.69661 -0.71635 -0.03964 0.69661 -0.71635 -0.03964 0.69454 -0.71933 0.0133 0.69454 -0.71933 0.0133 0.7007 -0.71046 0.06525 0.7007 -0.71046 0.06525 0.71463 -0.69041 0.11236 0.71463 -0.69042 0.11236 0.7353 -0.66067 0.15114 0.7353 -0.66067 0.15114 0.76117 -0.62344 0.17871 0.76117 -0.62344 0.17871 0.79033 -0.58148 0.19302 0.79033 -0.58148 0.19302 0.82061 -0.53791 0.19302 0.82061 -0.53791 0.19302 0.84976 -0.49595 0.17871 0.84976 -0.49595 0.17871 0.87563 -0.45872 0.15114 0.87563 -0.45872 0.15114 0.8963 -0.42898 0.11236 0.8963 -0.42898 0.11236 0.91023 -0.40893 0.06525 0.91023 -0.40893 0.06525 0.91639 -0.40006 0.0133 0.99906 -0.02109 0.03781 0.99906 -0.02109 0.03781 0.9481 0.31326 0.0546 0.934 0.35615 -0.0282 -0.69543 0.71832 0.01984 -0.7007 0.71046 0.06525 -0.7007 0.71046 0.06525 -0.71463 0.69042 0.11236 -0.71463 0.69042 0.11236 -0.7353 0.66067 0.15114 -0.7353 0.66067 0.15114 -0.76117 0.62344 0.17871 -0.76117 0.62344 0.17871 -0.79033 0.58148 0.19302 -0.79033 0.58148 0.19302 -0.82061 0.53791 0.19302 -0.82061 0.53791 0.19302 -0.84976 0.49595 0.17871 -0.84976 0.49595 0.17871 -0.87563 0.45872 0.15114 -0.87563 0.45872 0.15114 -0.8963 0.42898 0.11236 -0.8963 0.42898 0.11236 -0.91023 0.40893 0.06525 -0.91023 0.40893 0.06525 -0.91639 0.40007 0.0133 -0.91639 0.40007 0.0133 -0.91432 0.40304 -0.03964 -0.91432 0.40304 -0.03964 -0.90418 0.41763 -0.08964 -0.90418 0.41763 -0.08964 -0.88672 0.44276 -0.13299 -0.88672 0.44276 -0.13299 -0.86324 0.47656 -0.16647 -0.86323 0.47656 -0.16648 -0.83546 0.51653 -0.18761 -0.83546 0.51653 -0.18762 -0.80547 0.5597 -0.19484 -0.80547 0.5597 -0.19484 -0.77547 0.60287 -0.18761 -0.77547 0.60287 -0.18762 -0.7477 0.64283 -0.16648 -0.7477 0.64283 -0.16648 -0.72421 0.67663 -0.13299 -0.72421 0.67663 -0.13299 -0.70675 0.70176 -0.08964 -0.70675 0.70176 -0.08964 -0.69661 0.71635 -0.03964 -0.69661 0.71635 -0.03964 -0.69555 0.71845 -0.0066 -0.68807 0.72551 0.0139 -0.64057 0.53699 0.54891 -0.55766 0.65631 0.5082 -0.55766 0.65631 0.5082 -0.48409 0.76218 0.4298 -0.48409 0.76218 0.4298 -0.42532 0.84676 0.31952 -0.42532 0.84676 0.31952 -0.38571 0.90377 0.18555 -0.38571 0.90377 0.18555 -0.36819 0.92898 0.03781 -0.36819 0.92898 0.03781 -0.37407 0.92052 -0.11273 -0.37406 0.92053 -0.11273 -0.4029 0.87903 -0.25491 -0.4029 0.87903 -0.25491 -0.45256 0.80757 -0.37818 -0.45256 0.80757 -0.37819 -0.51935 0.71145 -0.47341 -0.51935 0.71145 -0.47341 -0.59832 0.59779 -0.53353 -0.59832 0.59779 -0.53353 -0.68363 0.47503 -0.55407 -0.68363 0.47503 -0.55407 -0.76893 0.35227 -0.53353 -0.76893 0.35227 -0.53353 -0.84791 0.23862 -0.47341 -0.8479 0.23862 -0.47341 -0.9147 0.1425 -0.37819 -0.9147 0.1425 -0.37818 -0.96435 0.07104 -0.25491 -0.96435 0.07104 -0.25491 -0.99319 0.02954 -0.11273 -0.99319 0.02954 -0.11273 -0.99906 0.02109 0.03781 -0.99906 0.02109 0.03781 -0.98154 0.0463 0.18555 -0.98154 0.0463 0.18555 -0.94193 0.10331 0.31952 -0.94193 0.10331 0.31952 -0.88316 0.18788 0.4298 -0.88316 0.18788 0.4298 -0.80959 0.29376 0.5082 -0.80959 0.29376 0.5082 -0.72668 0.41308 0.54891 -0.72668 0.41308 0.54891 -0.64057 0.53699 0.54891 -0.84836 -0.05206 0.52685 -0.70452 -0.18832 0.68424 -0.88896 -0.18993 0.41674 -0.83234 -0.26315 0.48781 -0.91575 -0.2987 0.26868 -0.91202 -0.30518 0.27403 -0.92541 -0.36726 0.09348 -0.9481 -0.31326 0.0546 -0.91657 -0.38847 -0.09487 -0.94408 -0.2877 -0.16104 -0.91535 -0.33006 -0.23066 -0.89781 -0.30464 -0.31801 -0.90033 -0.1593 -0.40501 -0.84877 -0.34727 -0.39873 -0.81798 -0.11735 -0.56314 -0.80113 -0.18531 -0.56907 -0.71621 -0.03561 -0.69697 -0.72184 -0.01083 -0.69197 -0.60284 0.08067 -0.79378 -0.62004 0.16948 -0.76605 -0.54748 0.19986 -0.81261 -0.0099 0.97298 -0.23067 -0.02761 0.94768 -0.31801 -0.09931 0.92585 -0.3646 -0.02983 0.89259 -0.44988 -0.15455 0.82202 -0.54809 -0.12094 0.79988 -0.58785 -0.22237 0.67528 -0.70324 -0.23832 0.68918 -0.68428 -0.29803 0.48717 -0.82088 -0.37139 0.57027 -0.7327 -0.37417 0.26 -0.89017 -0.50835 0.45367 -0.73196 -0.49461 0.27502 -0.82446 -0.11292 0.99002 -0.08435 0.08976 0.97995 -0.17787 -0.05549 0.99453 0.08846 0.03197 0.99784 0.0573 -0.03094 0.96227 0.27033 -0.03952 0.96133 0.27256 -0.043 0.89405 0.44591 -0.12344 0.8793 0.45999 -0.09173 0.79459 0.60018 -0.21761 0.75907 0.61357 -0.1925 0.71 0.67738 -0.73256 -0.06721 0.67738 -0.68778 -0.00221 0.72591 -0.67988 0.08731 0.72811 -0.60011 0.07777 0.79613 -0.54846 0.24742 0.79873 -0.51404 0.24438 0.82222 -0.39586 0.4124 0.8205 -0.43876 0.41429 0.7974 -0.22446 0.57292 0.78828 -0.38013 0.57339 0.72576 -0.23779 0.64537 0.72591 0.18275 -0.33258 -0.9252 -0.2494 0.04055 -0.96755 -0.77431 -0.519 -0.36204 -0.02287 0.56253 0.82646 0.17692 0.84737 -0.50067 0.10194 0.73947 -0.66543 0.00793 0.60417 -0.79682 -0.10041 0.44826 -0.88825 -0.21765 0.27954 -0.93514 0.04672 0.62822 0.77664 -0.7808 -0.56596 -0.26466 -0.31538 0.14098 -0.93843 -0.33087 0.10119 -0.93823 -0.37543 0.05529 -0.9252 -0.45513 -0.06222 -0.88825 -0.45513 -0.06222 -0.88825 -0.3707 -0.13401 -0.91903 -0.3707 -0.13401 -0.91903 -0.28143 -0.20398 -0.93765 -0.56347 -0.21814 -0.79682 -0.56347 -0.21814 -0.79682 -0.4828 -0.29533 -0.82443 -0.4828 -0.29533 -0.82443 -0.3958 -0.36856 -0.84113 -0.3958 -0.36856 -0.84113 -0.3036 -0.43691 -0.84672 -0.65749 -0.35344 -0.66543 -0.65749 -0.35344 -0.66543 -0.58007 -0.43531 -0.68849 -0.58007 -0.43531 -0.68849 -0.49504 -0.51139 -0.70244 -0.49504 -0.51139 -0.70244 -0.4035 -0.58068 -0.70711 -0.30663 -0.64231 -0.70244 -0.73246 -0.46133 -0.50067 -0.73246 -0.46133 -0.50067 -0.65764 -0.54695 -0.51802 -0.65764 -0.54695 -0.51802 -0.57418 -0.62528 -0.52852 -0.57418 -0.62528 -0.52852 -0.48317 -0.69533 -0.53203 -0.38577 -0.7562 -0.52852 -0.38577 -0.7562 -0.52852 -0.28325 -0.80711 -0.51802 0.3707 0.13401 -0.91903 0.4828 0.29533 -0.82443 0.4828 0.29533 -0.82443 0.3958 0.36856 -0.84113 0.58007 0.43531 -0.68849 0.58007 0.43531 -0.68849 0.49504 0.51139 -0.70244 0.49504 0.51139 -0.70244 0.4035 0.58068 -0.70711 0.65765 0.54695 -0.51802 0.65764 0.54695 -0.51802 0.57418 0.62528 -0.52852 0.57418 0.62528 -0.52852 0.48317 0.69533 -0.53203 0.38577 0.7562 -0.52852 0.36492 0.92463 0.10902 0.36492 0.92463 0.10902 0.4691 0.87611 0.11123 0.4691 0.87611 0.11123 0.56705 0.81604 0.11196 0.65751 0.74519 0.11123 0.65751 0.74519 0.11123 0.73931 0.66448 0.10902 0.73931 0.66448 0.10902 0.33723 0.88479 0.32158 0.33723 0.88479 0.32158 0.44085 0.83547 0.3281 0.44085 0.83547 0.3281 0.53861 0.77512 0.33028 0.62926 0.70454 0.3281 0.62926 0.70454 0.3281 0.71163 0.62464 0.32158 0.71163 0.62464 0.32158 0.28325 0.80711 0.51802 0.28325 0.80711 0.51802 0.38577 0.7562 0.52852 0.38577 0.7562 0.52852 0.48317 0.69533 0.53203 0.57418 0.62528 0.52852 0.57418 0.62528 0.52852 0.65764 0.54695 0.51802 0.65764 0.54695 0.51802 -0.10041 0.44826 0.88825 -0.10041 0.44826 0.88825 -0.00369 0.39416 0.91903 -0.00369 0.39416 0.91903 0.09302 0.3349 0.93765 0.09302 0.3349 0.93765 0.18847 0.27123 0.94388 0.28143 0.20398 0.93765 0.28143 0.20398 0.93765 0.3707 0.13401 0.91903 0.3707 0.13401 0.91903 -0.21765 0.27954 0.93514 -0.21765 0.27954 0.93514 -0.12499 0.2196 0.96755 -0.12499 0.2196 0.96755 -0.03074 0.1568 0.98715 -0.03074 0.1568 0.98715 0.06389 0.09195 0.99371 0.15767 0.02588 0.98715 0.15767 0.02588 0.98715 0.24941 -0.04055 0.96755 0.24941 -0.04055 0.96755 -0.3379 0.10649 0.93514 -0.3379 0.10649 0.93514 -0.24941 0.04055 0.96755 -0.24941 0.04055 0.96755 -0.15767 -0.02588 0.98715 -0.15767 -0.02588 0.98715 -0.06389 -0.09195 0.99371 0.03074 -0.1568 0.98715 0.03074 -0.1568 0.98715 0.12499 -0.2196 0.96755 0.12499 -0.2196 0.96755 -0.45513 -0.06222 0.88825 -0.45513 -0.06222 0.88825 -0.3707 -0.13401 0.91903 -0.3707 -0.13401 0.91903 -0.28143 -0.20398 0.93765 -0.28143 -0.20398 0.93765 -0.18847 -0.27123 0.94388 -0.09302 -0.3349 0.93765 -0.09302 -0.3349 0.93765 0.00369 -0.39416 0.91903 0.00369 -0.39416 0.91903 -0.65764 -0.54695 0.51802 -0.65764 -0.54695 0.51802 -0.57418 -0.62528 0.52852 -0.57418 -0.62528 0.52852 -0.48317 -0.69533 0.53203 -0.38577 -0.7562 0.52852 -0.38577 -0.7562 0.52852 -0.28325 -0.80711 0.51802 -0.28325 -0.80711 0.51802 -0.71163 -0.62464 0.32158 -0.71163 -0.62464 0.32158 -0.62926 -0.70454 0.3281 -0.62926 -0.70454 0.3281 -0.53861 -0.77512 0.33028 -0.44085 -0.83547 0.3281 -0.44085 -0.83547 0.3281 -0.33723 -0.88479 0.32158 -0.33723 -0.88479 0.32158 -0.73931 -0.66448 0.10902 -0.73931 -0.66448 0.10902 -0.65751 -0.74519 0.11123 -0.65751 -0.74519 0.11123 -0.56705 -0.81604 0.11196 -0.4691 -0.87611 0.11123 -0.4691 -0.87611 0.11123 -0.36492 -0.92463 0.10902 -0.36492 -0.92463 0.10902 0.28325 0.80711 -0.51802 0.38577 0.7562 -0.52852 0.30663 0.64231 -0.70244 0.3036 0.43691 -0.84672 0.3958 0.36856 -0.84113 0.28143 0.20398 -0.93765 0.3707 0.13401 -0.91903 0.2494 -0.04055 -0.96755 0.33087 -0.10119 -0.93823 0.31538 -0.14098 -0.93843 0.65749 0.35344 -0.66543 0.65814 0.35747 -0.66262 0.56466 0.21693 -0.79631 0.56185 0.20337 -0.80185 0.45114 0.06575 -0.89003 0.44566 0.04754 -0.89394 0.37543 -0.05529 -0.9252 0.80963 0.57068 -0.13718 0.78464 0.53642 -0.31081 0.71163 0.62464 -0.32158 0.71163 0.62464 -0.32158 0.62926 0.70454 -0.3281 0.62926 0.70454 -0.3281 0.53861 0.77512 -0.33028 0.44085 0.83547 -0.3281 0.44085 0.83547 -0.3281 0.33723 0.88479 -0.32158 0.33723 0.88479 -0.32158 0.23841 0.91972 -0.31189 0.21637 0.9067 -0.36204 0.7808 0.56595 -0.26467 0.77431 0.519 -0.36204 0.73246 0.46133 -0.50067 0.73366 0.48191 -0.47906 0.70839 0.4236 -0.56457 0.36492 0.92463 -0.10902 0.36492 0.92463 -0.10902 0.4691 0.87611 -0.11123 0.4691 0.87611 -0.11123 0.56705 0.81604 -0.11196 0.65751 0.74519 -0.11123 0.65751 0.74519 -0.11123 0.73931 0.66448 -0.10902 0.73931 0.66448 -0.10902 0.80655 0.58164 -0.10567 0.58621 0.2486 0.77107 0.65749 0.35344 0.66543 0.58007 0.43531 0.68849 0.58007 0.43531 0.68849 0.49504 0.51139 0.70244 0.49504 0.51139 0.70244 0.4035 0.58068 0.70711 0.30663 0.64231 0.70244 0.30663 0.64231 0.70244 0.20568 0.69547 0.68849 0.20568 0.69547 0.68849 0.6325 0.34275 0.6946 0.68534 0.3906 0.61461 0.73246 0.46133 0.50067 0.72477 0.45959 0.51331 0.78801 0.53182 0.31017 0.78591 0.53225 0.31473 0.80959 0.57744 0.10548 0.81215 0.57546 0.09623 0.81551 0.57784 -0.03211 0.23647 0.93548 -0.26259 0.25585 0.96096 -0.10537 0.25585 0.96096 -0.10536 0.25585 0.96096 0.10537 0.25585 0.96096 0.10536 0.22909 0.92245 0.31081 0.22909 0.92245 0.31081 0.17692 0.84737 0.50067 0.17692 0.84737 0.50067 0.10194 0.73947 0.66543 0.10194 0.73947 0.66543 0.00793 0.60417 0.79682 0.10841 0.55548 0.82443 0.10841 0.55548 0.82443 0.20739 0.49948 0.84113 0.20739 0.49948 0.84113 0.3036 0.43691 0.84672 0.3958 0.36856 0.84113 0.3958 0.36856 0.84113 0.4828 0.29533 0.82443 0.4828 0.29533 0.82443 0.557 0.22472 0.79954 -0.08579 -0.71813 0.6906 -0.00793 -0.60417 0.79682 -0.10841 -0.55548 0.82443 -0.10841 -0.55548 0.82443 -0.20739 -0.49948 0.84113 -0.20739 -0.49948 0.84113 -0.3036 -0.43691 0.84672 -0.3958 -0.36856 0.84113 -0.3958 -0.36856 0.84113 -0.4828 -0.29533 0.82443 -0.4828 -0.29533 0.82443 -0.557 -0.22472 0.79954 -0.53519 -0.17475 0.82646 -0.04672 -0.62822 0.77664 0.02287 -0.56253 0.82646 0.10041 -0.44826 0.88825 0.08013 -0.46179 0.88336 0.22579 -0.28472 0.93164 0.20388 -0.29776 0.93262 0.3379 -0.10649 0.93514 0.35777 -0.09309 0.92916 0.4504 0.06641 0.89035 0.46799 0.07944 0.88016 0.53519 0.17475 0.82646 -0.58007 -0.43531 0.68849 -0.58007 -0.43531 0.68849 -0.49504 -0.51139 0.70244 -0.49504 -0.51139 0.70244 -0.4035 -0.58068 0.70711 -0.30663 -0.64231 0.70244 -0.30663 -0.64231 0.70244 -0.20568 -0.69547 0.68849 -0.20568 -0.69547 0.68849 -0.11002 -0.73641 0.66753 -0.23647 -0.93548 -0.26258 -0.25585 -0.96096 -0.10537 -0.36492 -0.92463 -0.10902 -0.36492 -0.92463 -0.10902 -0.4691 -0.87611 -0.11123 -0.4691 -0.87611 -0.11123 -0.56705 -0.81604 -0.11196 -0.65751 -0.74519 -0.11123 -0.65751 -0.74519 -0.11123 -0.73931 -0.66448 -0.10902 -0.73931 -0.66448 -0.10902 -0.26632 -0.95397 -0.13788 -0.25715 -0.96584 -0.03211 -0.25585 -0.96096 0.10537 -0.26004 -0.96078 0.09637 -0.22558 -0.92345 0.3104 -0.22279 -0.92275 0.31449 -0.18106 -0.84602 0.50146 -0.17223 -0.84143 0.51219 -0.12706 -0.77853 0.61461 -0.21637 -0.9067 -0.36204 -0.23842 -0.91972 -0.31189 -0.33723 -0.88479 -0.32158 -0.33723 -0.88479 -0.32158 -0.44085 -0.83547 -0.3281 -0.44085 -0.83547 -0.3281 -0.53861 -0.77512 -0.33028 -0.62926 -0.70454 -0.3281 -0.62926 -0.70454 -0.3281 -0.71163 -0.62464 -0.32158 -0.71163 -0.62464 -0.32158 -0.78464 -0.53642 -0.31081 -0.81139 -0.57492 -0.10537 -0.81139 -0.57492 -0.10536 -0.81139 -0.57492 0.10537 -0.81139 -0.57492 0.10536 -0.78464 -0.53642 0.31081 -0.78464 -0.53642 0.31081 -0.73246 -0.46133 0.50067 -0.73246 -0.46133 0.50067 -0.65749 -0.35344 0.66543 -0.65749 -0.35344 0.66543 -0.58621 -0.2486 0.77107 -0.14995 -0.81165 -0.56457 -0.21765 0.27954 -0.93514 -0.12499 0.2196 -0.96755 -0.24941 0.04055 -0.96755 -0.15767 -0.02588 -0.98715 -0.28143 -0.20398 -0.93765 -0.18847 -0.27123 -0.94388 -0.20739 -0.49948 -0.84113 -0.30663 -0.64231 -0.70244 -0.20568 -0.69547 -0.68849 -0.28325 -0.80711 -0.51802 -0.18398 -0.84506 -0.50202 -0.18423 -0.85939 -0.47698 -0.10041 0.44826 -0.88825 -0.00369 0.39416 -0.91903 -0.12499 0.2196 -0.96755 -0.03074 0.1568 -0.98715 -0.15767 -0.02588 -0.98715 -0.06389 -0.09195 -0.99371 -0.09302 -0.3349 -0.93765 -0.20739 -0.49948 -0.84113 -0.10841 -0.55548 -0.82443 -0.20568 -0.69547 -0.68849 -0.10342 -0.73891 -0.66581 -0.10363 -0.74219 -0.66213 0.00793 0.60417 -0.79682 0.10841 0.55548 -0.82443 -0.00369 0.39416 -0.91903 0.09302 0.3349 -0.93765 -0.03074 0.1568 -0.98715 0.06389 0.09195 -0.99371 0.03074 -0.1568 -0.98715 -0.09302 -0.3349 -0.93765 0.00369 -0.39416 -0.91903 -0.10841 -0.55548 -0.82443 -0.00098 -0.60724 -0.79452 0 -0.59511 -0.80364 0.10194 0.73947 -0.66543 0.20568 0.69547 -0.68849 0.10841 0.55548 -0.82443 0.20739 0.49948 -0.84113 0.18847 0.27123 -0.94388 0.15767 0.02588 -0.98715 0.03074 -0.1568 -0.98715 0.12499 -0.2196 -0.96755 0.00369 -0.39416 -0.91903 0.10041 -0.44826 -0.88825 0.10403 -0.43056 -0.89655 0.17692 0.84737 -0.50067 0.28325 0.80711 -0.51802 0.20568 0.69547 -0.68849 0.30663 0.64231 -0.70244 0.20739 0.49948 -0.84113 0.15767 0.02588 -0.98715 0.24941 -0.04055 -0.96755 0.12499 -0.2196 -0.96755 0.21765 -0.27954 -0.93514 0.22754 -0.23679 -0.94454 0.8212 -0.57063 -0 0.82121 -0.57063 0 0.8212 -0.57063 -0 0.8212 -0.57063 -0 0.82121 -0.57063 0 0.82121 -0.57063 0 0.8212 -0.57063 -0 0.82121 -0.57063 0 0.8212 -0.57063 -0 0.82121 -0.57063 0 0.82121 -0.57063 0 0.8212 -0.57063 -0 0.8212 -0.57063 0 0.8212 -0.57063 -0 0.8212 -0.57063 0 0.8212 -0.57063 0 0.82121 -0.57063 0 0.82121 -0.57063 -0 0.82121 -0.57063 -0 0.82121 -0.57063 -0 0.8212 -0.57063 0 0.82121 -0.57063 -0 0.8212 -0.57063 0 0.82121 -0.57063 -0 0.8212 -0.57063 -0 0.8212 -0.57063 0 0.8212 -0.57063 0 0.8212 -0.57063 0 0.82121 -0.57063 0 0.8212 -0.57063 -0 0.8212 -0.57063 -0 -0.8212 0.57063 0 -0.8212 0.57063 -0 -0.8212 0.57063 0 -0.82121 0.57063 -0 -0.8212 0.57063 0 -0.8212 0.57063 0 -0.82121 0.57063 -0 -0.82121 0.57063 -0 -0.8212 0.57063 0 -0.8212 0.57063 0 -0.8212 0.57063 -0 -0.82121 0.57063 -0 -0.82121 0.57063 -0 -0.8212 0.57063 -0 -0.82121 0.57063 0 -0.8212 0.57063 0 -0.82121 0.57063 0 -0.82121 0.57063 0 -0.82121 0.57063 0 -0.8212 0.57063 -0 -0.8212 0.57063 0 -0.8212 0.57063 0 -0.82121 0.57063 -0 -0.82121 0.57063 0 -0.82121 0.57063 -0 -0.82121 0.57063 0 -0.8212 0.57063 -0 -0.8212 0.57063 -0 -0.8212 0.57063 0 -0.8212 0.57063 0 -0.82121 0.57063 -0 0.2194 -0.1378 -0.96586 0.49493 -0.35228 -0.79432 0.61585 -0.35038 -0.70567 0.65717 -0.45666 -0.59966 0.81264 -0.52222 -0.25866 0.81203 -0.52265 -0.25972 0.73005 -0.50727 -0.45793 0.82137 -0.50847 0.25848 0.81692 -0.56762 0.10225 0.81998 -0.5698 -0.05437 0.56264 -0.18366 0.80604 0.6297 -0.43434 0.64407 0.76447 -0.5342 0.36087 0.20287 -0.14097 -0.96901 -0.21254 0.14769 -0.96593 -0.21254 0.14769 -0.96593 -0.21254 0.14769 0.96593 -0.21254 0.14769 0.96593 0.20287 -0.14097 0.96901 0.2194 -0.1378 0.96586 0.57311 -0.41429 0.70705 -0.58458 -0.36035 0.72692 -0.64537 -0.23779 0.72591 -0.71 -0.1925 0.67738 -0.75907 -0.21761 0.61357 -0.78208 -0.1421 0.60676 -0.83508 -0.10617 0.53979 -0.8793 -0.12343 0.45999 -0.8905 -0.06578 0.4502 -0.96065 -0.01489 0.27735 -0.96065 -0.01489 0.27735 -0.99638 0.00802 0.08459 -0.99782 -0.03707 0.0546 -0.99957 0.00805 -0.0282 -0.9857 0.00252 -0.16851 -0.98927 -0.09398 -0.11184 -0.97298 -0.0099 -0.23066 -0.94768 -0.02761 -0.31801 -0.92585 -0.09931 -0.3646 -0.90622 -0.05548 -0.41914 -0.86415 -0.08613 -0.49581 -0.82202 -0.15455 -0.54809 -0.8033 -0.12591 -0.58212 -0.67317 -0.21465 -0.70765 -0.67317 -0.21465 -0.70765 -0.50328 -0.3327 -0.79751 -0.55587 -0.37264 -0.74306 -0.4434 -0.37824 -0.81261 -0.31979 -0.46021 -0.82822 -0.41526 -0.50707 -0.75527 -0.27502 -0.49461 -0.82446 -0.19986 -0.54748 -0.81261 -0.16948 -0.62004 -0.76605 -0.10917 -0.60893 -0.78568 0.0336 -0.70577 -0.70765 0.0336 -0.70577 -0.70764 0.16215 -0.79677 -0.58212 0.14184 -0.82431 -0.54809 0.22066 -0.83993 -0.49581 0.2841 -0.87983 -0.38103 0.18369 -0.9017 -0.39141 0.35036 -0.92883 -0.12054 0.2877 -0.94408 -0.16105 0.33006 -0.91535 -0.23067 0.30464 -0.89781 -0.31801 0.35501 -0.93103 0.08459 0.32108 -0.90553 0.27735 0.32108 -0.90553 0.27735 0.24891 -0.85753 0.4502 0.19098 -0.86715 0.45999 0.19173 -0.81967 0.53979 0.10944 -0.75847 0.64246 0.05533 -0.82704 0.55942 0.06721 -0.73256 0.67738 0.00221 -0.68778 0.72591 -0.08731 -0.67988 0.72811 -0.59075 -0.27192 0.75965 -0.4124 -0.39585 0.8205 -0.4124 -0.39586 0.8205 -0.22718 -0.52456 0.8205 -0.22717 -0.52456 0.8205 -0.08118 -0.62858 0.7735 -0.02955 -0.99319 -0.11273 -0.02954 -0.99319 -0.11273 -0.07104 -0.96435 -0.25491 -0.07104 -0.96435 -0.25491 -0.1425 -0.9147 -0.37818 -0.1425 -0.9147 -0.37819 -0.23862 -0.8479 -0.47341 -0.23862 -0.84791 -0.47341 -0.35227 -0.76893 -0.53353 -0.35227 -0.76893 -0.53353 -0.47503 -0.68363 -0.55407 -0.47503 -0.68363 -0.55407 -0.59779 -0.59832 -0.53353 -0.59779 -0.59832 -0.53353 -0.71145 -0.51935 -0.47341 -0.71145 -0.51935 -0.47341 -0.80757 -0.45256 -0.37819 -0.80757 -0.45256 -0.37818 -0.87903 -0.4029 -0.25491 -0.87903 -0.4029 -0.25491 -0.92052 -0.37407 -0.11273 -0.92053 -0.37407 -0.11273 -0.92898 -0.36819 0.03781 -0.92898 -0.36819 0.03781 -0.90377 -0.38571 0.18555 -0.90377 -0.38571 0.18555 -0.84676 -0.42532 0.31952 -0.84676 -0.42532 0.31952 -0.76218 -0.48409 0.4298 -0.76218 -0.48409 0.4298 -0.65631 -0.55766 0.5082 -0.65631 -0.55766 0.5082 -0.53699 -0.64057 0.54891 -0.53699 -0.64057 0.54891 -0.41308 -0.72668 0.54891 -0.41308 -0.72668 0.54891 -0.29376 -0.80959 0.5082 -0.29376 -0.80959 0.5082 -0.18788 -0.88316 0.4298 -0.18788 -0.88316 0.4298 -0.10331 -0.94193 0.31952 -0.1033 -0.94193 0.31952 -0.04629 -0.98154 0.18555 -0.0463 -0.98154 0.18555 -0.38839 -0.92125 0.02125 -0.40132 -0.91592 -0.0066 -0.40304 -0.91432 -0.03964 -0.40304 -0.91432 -0.03964 -0.41763 -0.90418 -0.08964 -0.41763 -0.90418 -0.08964 -0.44276 -0.88672 -0.13299 -0.44276 -0.88672 -0.13299 -0.47656 -0.86323 -0.16648 -0.47656 -0.86323 -0.16648 -0.51653 -0.83546 -0.18762 -0.51653 -0.83546 -0.18761 -0.5597 -0.80547 -0.19484 -0.5597 -0.80547 -0.19484 -0.60287 -0.77547 -0.18762 -0.60287 -0.77547 -0.18761 -0.64283 -0.7477 -0.16647 -0.64283 -0.7477 -0.16647 -0.67663 -0.72421 -0.13299 -0.67663 -0.72421 -0.13299 -0.70176 -0.70675 -0.08964 -0.70176 -0.70675 -0.08964 -0.71635 -0.69661 -0.03964 -0.71635 -0.69661 -0.03964 -0.71933 -0.69454 0.0133 -0.71933 -0.69454 0.0133 -0.71046 -0.7007 0.06525 -0.71046 -0.7007 0.06525 -0.69041 -0.71463 0.11236 -0.69042 -0.71463 0.11236 -0.66067 -0.7353 0.15114 -0.66067 -0.7353 0.15114 -0.62344 -0.76117 0.17871 -0.62344 -0.76117 0.17871 -0.58148 -0.79033 0.19302 -0.58148 -0.79033 0.19302 -0.53791 -0.82061 0.19302 -0.53791 -0.82061 0.19302 -0.49595 -0.84976 0.17871 -0.49595 -0.84976 0.17871 -0.45872 -0.87563 0.15114 -0.45872 -0.87563 0.15114 -0.42898 -0.8963 0.11236 -0.42898 -0.8963 0.11236 -0.40893 -0.91023 0.06525 -0.40893 -0.91023 0.06525 -0.40006 -0.91639 0.0133 -0.02109 -0.99906 0.03781 -0.02109 -0.99906 0.03781 0.31326 -0.9481 0.0546 0.35615 -0.934 -0.0282 0.71832 0.69543 0.01984 0.71046 0.7007 0.06525 0.71046 0.7007 0.06525 0.69042 0.71463 0.11236 0.69042 0.71463 0.11236 0.66067 0.7353 0.15114 0.66067 0.7353 0.15114 0.62344 0.76117 0.17871 0.62344 0.76117 0.17871 0.58148 0.79033 0.19302 0.58148 0.79033 0.19302 0.53791 0.82061 0.19302 0.53791 0.82061 0.19302 0.49595 0.84976 0.17871 0.49595 0.84976 0.17871 0.45872 0.87563 0.15114 0.45872 0.87563 0.15114 0.42898 0.8963 0.11236 0.42898 0.8963 0.11236 0.40893 0.91023 0.06525 0.40893 0.91023 0.06525 0.40007 0.91639 0.0133 0.40007 0.91639 0.0133 0.40304 0.91432 -0.03964 0.40304 0.91432 -0.03964 0.41763 0.90418 -0.08964 0.41763 0.90418 -0.08964 0.44276 0.88672 -0.13299 0.44276 0.88672 -0.13299 0.47656 0.86324 -0.16647 0.47656 0.86323 -0.16648 0.51653 0.83546 -0.18761 0.51653 0.83546 -0.18762 0.5597 0.80547 -0.19484 0.5597 0.80547 -0.19484 0.60287 0.77547 -0.18761 0.60287 0.77547 -0.18762 0.64283 0.7477 -0.16648 0.64283 0.7477 -0.16648 0.67663 0.72421 -0.13299 0.67663 0.72421 -0.13299 0.70176 0.70675 -0.08964 0.70176 0.70675 -0.08964 0.71635 0.69661 -0.03964 0.71635 0.69661 -0.03964 0.71845 0.69555 -0.0066 0.72551 0.68807 0.0139 0.53699 0.64057 0.54891 0.65631 0.55766 0.5082 0.65631 0.55766 0.5082 0.76218 0.48409 0.4298 0.76218 0.48409 0.4298 0.84676 0.42532 0.31952 0.84676 0.42532 0.31952 0.90377 0.38571 0.18555 0.90377 0.38571 0.18555 0.92898 0.36819 0.03781 0.92898 0.36819 0.03781 0.92052 0.37407 -0.11273 0.92053 0.37406 -0.11273 0.87903 0.4029 -0.25491 0.87903 0.4029 -0.25491 0.80757 0.45256 -0.37818 0.80757 0.45256 -0.37819 0.71145 0.51935 -0.47341 0.71145 0.51935 -0.47341 0.59779 0.59832 -0.53353 0.59779 0.59832 -0.53353 0.47503 0.68363 -0.55407 0.47503 0.68363 -0.55407 0.35227 0.76893 -0.53353 0.35227 0.76893 -0.53353 0.23862 0.84791 -0.47341 0.23862 0.8479 -0.47341 0.1425 0.9147 -0.37819 0.1425 0.9147 -0.37818 0.07104 0.96435 -0.25491 0.07104 0.96435 -0.25491 0.02954 0.99319 -0.11273 0.02954 0.99319 -0.11273 0.02109 0.99906 0.03781 0.02109 0.99906 0.03781 0.0463 0.98154 0.18555 0.0463 0.98154 0.18555 0.10331 0.94193 0.31952 0.10331 0.94193 0.31952 0.18788 0.88316 0.4298 0.18788 0.88316 0.4298 0.29376 0.80959 0.5082 0.29376 0.80959 0.5082 0.41308 0.72668 0.54891 0.41308 0.72668 0.54891 0.53699 0.64057 0.54891 -0.05206 0.84836 0.52685 -0.18832 0.70452 0.68424 -0.18993 0.88896 0.41674 -0.26315 0.83234 0.48781 -0.2987 0.91575 0.26868 -0.30518 0.91202 0.27403 -0.36726 0.92541 0.09348 -0.31326 0.9481 0.0546 -0.38847 0.91657 -0.09487 -0.2877 0.94408 -0.16104 -0.33006 0.91535 -0.23066 -0.30464 0.89781 -0.31801 -0.1593 0.90033 -0.40501 -0.34727 0.84877 -0.39873 -0.11735 0.81798 -0.56314 -0.18531 0.80113 -0.56907 -0.03561 0.71621 -0.69697 -0.01083 0.72184 -0.69197 0.08067 0.60284 -0.79378 0.16948 0.62004 -0.76605 0.19986 0.54748 -0.81261 0.97298 0.0099 -0.23067 0.94768 0.02761 -0.31801 0.92585 0.09931 -0.3646 0.89259 0.02983 -0.44988 0.82202 0.15455 -0.54809 0.79988 0.12094 -0.58785 0.67528 0.22237 -0.70324 0.68918 0.23832 -0.68428 0.48717 0.29803 -0.82088 0.57027 0.37139 -0.7327 0.26 0.37417 -0.89017 0.45367 0.50835 -0.73196 0.27502 0.49461 -0.82446 0.99002 0.11292 -0.08435 0.97995 -0.08976 -0.17787 0.99453 0.05549 0.08846 0.99784 -0.03197 0.0573 0.96227 0.03094 0.27033 0.96133 0.03952 0.27256 0.89405 0.043 0.44591 0.8793 0.12344 0.45999 0.79459 0.09173 0.60018 0.75907 0.21761 0.61357 0.71 0.1925 0.67738 -0.06721 0.73256 0.67738 -0.00221 0.68778 0.72591 0.08731 0.67988 0.72811 0.07777 0.60011 0.79613 0.24742 0.54846 0.79873 0.24438 0.51404 0.82222 0.4124 0.39586 0.8205 0.41429 0.43876 0.7974 0.57292 0.22446 0.78828 0.57339 0.38013 0.72576 0.64537 0.23779 0.72591 -0.33258 -0.18275 -0.9252 0.04055 0.2494 -0.96755 -0.519 0.77431 -0.36204 0.56253 0.02287 0.82646 0.84737 -0.17692 -0.50067 0.73947 -0.10194 -0.66543 0.60417 -0.00793 -0.79682 0.44826 0.10041 -0.88825 0.27954 0.21765 -0.93514 0.62822 -0.04672 0.77664 -0.56596 0.7808 -0.26466 0.14098 0.31538 -0.93843 0.10119 0.33087 -0.93823 0.05529 0.37543 -0.9252 -0.06222 0.45513 -0.88825 -0.06222 0.45513 -0.88825 -0.13401 0.3707 -0.91903 -0.13401 0.3707 -0.91903 -0.20398 0.28143 -0.93765 -0.21814 0.56347 -0.79682 -0.21814 0.56347 -0.79682 -0.29533 0.4828 -0.82443 -0.29533 0.4828 -0.82443 -0.36856 0.3958 -0.84113 -0.36856 0.3958 -0.84113 -0.43691 0.3036 -0.84672 -0.35344 0.65749 -0.66543 -0.35344 0.65749 -0.66543 -0.43531 0.58007 -0.68849 -0.43531 0.58007 -0.68849 -0.51139 0.49504 -0.70244 -0.51139 0.49504 -0.70244 -0.58068 0.4035 -0.70711 -0.64231 0.30663 -0.70244 -0.46133 0.73246 -0.50067 -0.46133 0.73246 -0.50067 -0.54695 0.65764 -0.51802 -0.54695 0.65764 -0.51802 -0.62528 0.57418 -0.52852 -0.62528 0.57418 -0.52852 -0.69533 0.48317 -0.53203 -0.7562 0.38577 -0.52852 -0.7562 0.38577 -0.52852 -0.80711 0.28325 -0.51802 0.13401 -0.3707 -0.91903 0.29533 -0.4828 -0.82443 0.29533 -0.4828 -0.82443 0.36856 -0.3958 -0.84113 0.43531 -0.58007 -0.68849 0.43531 -0.58007 -0.68849 0.51139 -0.49504 -0.70244 0.51139 -0.49504 -0.70244 0.58068 -0.4035 -0.70711 0.54695 -0.65765 -0.51802 0.54695 -0.65764 -0.51802 0.62528 -0.57418 -0.52852 0.62528 -0.57418 -0.52852 0.69533 -0.48317 -0.53203 0.7562 -0.38577 -0.52852 0.92463 -0.36492 0.10902 0.92463 -0.36492 0.10902 0.87611 -0.4691 0.11123 0.87611 -0.4691 0.11123 0.81604 -0.56705 0.11196 0.74519 -0.65751 0.11123 0.74519 -0.65751 0.11123 0.66448 -0.73931 0.10902 0.66448 -0.73931 0.10902 0.88479 -0.33723 0.32158 0.88479 -0.33723 0.32158 0.83547 -0.44085 0.3281 0.83547 -0.44085 0.3281 0.77512 -0.53861 0.33028 0.70454 -0.62926 0.3281 0.70454 -0.62926 0.3281 0.62464 -0.71163 0.32158 0.62464 -0.71163 0.32158 0.80711 -0.28325 0.51802 0.80711 -0.28325 0.51802 0.7562 -0.38577 0.52852 0.7562 -0.38577 0.52852 0.69533 -0.48317 0.53203 0.62528 -0.57418 0.52852 0.62528 -0.57418 0.52852 0.54695 -0.65764 0.51802 0.54695 -0.65764 0.51802 0.44826 0.10041 0.88825 0.44826 0.10041 0.88825 0.39416 0.00369 0.91903 0.39416 0.00369 0.91903 0.3349 -0.09302 0.93765 0.3349 -0.09302 0.93765 0.27123 -0.18847 0.94388 0.20398 -0.28143 0.93765 0.20398 -0.28143 0.93765 0.13401 -0.3707 0.91903 0.13401 -0.3707 0.91903 0.27954 0.21765 0.93514 0.27954 0.21765 0.93514 0.2196 0.12499 0.96755 0.2196 0.12499 0.96755 0.1568 0.03074 0.98715 0.1568 0.03074 0.98715 0.09195 -0.06389 0.99371 0.02588 -0.15767 0.98715 0.02588 -0.15767 0.98715 -0.04055 -0.24941 0.96755 -0.04055 -0.24941 0.96755 0.10649 0.3379 0.93514 0.10649 0.3379 0.93514 0.04055 0.24941 0.96755 0.04055 0.24941 0.96755 -0.02588 0.15767 0.98715 -0.02588 0.15767 0.98715 -0.09195 0.06389 0.99371 -0.1568 -0.03074 0.98715 -0.1568 -0.03074 0.98715 -0.2196 -0.12499 0.96755 -0.2196 -0.12499 0.96755 -0.06222 0.45513 0.88825 -0.06222 0.45513 0.88825 -0.13401 0.3707 0.91903 -0.13401 0.3707 0.91903 -0.20398 0.28143 0.93765 -0.20398 0.28143 0.93765 -0.27123 0.18847 0.94388 -0.3349 0.09302 0.93765 -0.3349 0.09302 0.93765 -0.39416 -0.00369 0.91903 -0.39416 -0.00369 0.91903 -0.54695 0.65764 0.51802 -0.54695 0.65764 0.51802 -0.62528 0.57418 0.52852 -0.62528 0.57418 0.52852 -0.69533 0.48317 0.53203 -0.7562 0.38577 0.52852 -0.7562 0.38577 0.52852 -0.80711 0.28325 0.51802 -0.80711 0.28325 0.51802 -0.62464 0.71163 0.32158 -0.62464 0.71163 0.32158 -0.70454 0.62926 0.3281 -0.70454 0.62926 0.3281 -0.77512 0.53861 0.33028 -0.83547 0.44085 0.3281 -0.83547 0.44085 0.3281 -0.88479 0.33723 0.32158 -0.88479 0.33723 0.32158 -0.66448 0.73931 0.10902 -0.66448 0.73931 0.10902 -0.74519 0.65751 0.11123 -0.74519 0.65751 0.11123 -0.81604 0.56705 0.11196 -0.87611 0.4691 0.11123 -0.87611 0.4691 0.11123 -0.92463 0.36492 0.10902 -0.92463 0.36492 0.10902 0.80711 -0.28325 -0.51802 0.7562 -0.38577 -0.52852 0.64231 -0.30663 -0.70244 0.43691 -0.3036 -0.84672 0.36856 -0.3958 -0.84113 0.20398 -0.28143 -0.93765 0.13401 -0.3707 -0.91903 -0.04055 -0.2494 -0.96755 -0.10119 -0.33087 -0.93823 -0.14098 -0.31538 -0.93843 0.35344 -0.65749 -0.66543 0.35747 -0.65814 -0.66262 0.21693 -0.56466 -0.79631 0.20337 -0.56185 -0.80185 0.06575 -0.45114 -0.89003 0.04754 -0.44566 -0.89394 -0.05529 -0.37543 -0.9252 0.57068 -0.80963 -0.13718 0.53642 -0.78464 -0.31081 0.62464 -0.71163 -0.32158 0.62464 -0.71163 -0.32158 0.70454 -0.62926 -0.3281 0.70454 -0.62926 -0.3281 0.77512 -0.53861 -0.33028 0.83547 -0.44085 -0.3281 0.83547 -0.44085 -0.3281 0.88479 -0.33723 -0.32158 0.88479 -0.33723 -0.32158 0.91972 -0.23841 -0.31189 0.9067 -0.21637 -0.36204 0.56595 -0.7808 -0.26467 0.519 -0.77431 -0.36204 0.46133 -0.73246 -0.50067 0.48191 -0.73366 -0.47906 0.4236 -0.70839 -0.56457 0.92463 -0.36492 -0.10902 0.92463 -0.36492 -0.10902 0.87611 -0.4691 -0.11123 0.87611 -0.4691 -0.11123 0.81604 -0.56705 -0.11196 0.74519 -0.65751 -0.11123 0.74519 -0.65751 -0.11123 0.66448 -0.73931 -0.10902 0.66448 -0.73931 -0.10902 0.58164 -0.80655 -0.10567 0.2486 -0.58621 0.77107 0.35344 -0.65749 0.66543 0.43531 -0.58007 0.68849 0.43531 -0.58007 0.68849 0.51139 -0.49504 0.70244 0.51139 -0.49504 0.70244 0.58068 -0.4035 0.70711 0.64231 -0.30663 0.70244 0.64231 -0.30663 0.70244 0.69547 -0.20568 0.68849 0.69547 -0.20568 0.68849 0.34275 -0.6325 0.6946 0.3906 -0.68534 0.61461 0.46133 -0.73246 0.50067 0.45959 -0.72477 0.51331 0.53182 -0.78801 0.31017 0.53225 -0.78591 0.31473 0.57744 -0.80959 0.10548 0.57546 -0.81215 0.09623 0.57784 -0.81551 -0.03211 0.93548 -0.23647 -0.26259 0.96096 -0.25585 -0.10537 0.96096 -0.25585 -0.10536 0.96096 -0.25585 0.10537 0.96096 -0.25585 0.10536 0.92245 -0.22909 0.31081 0.92245 -0.22909 0.31081 0.84737 -0.17692 0.50067 0.84737 -0.17692 0.50067 0.73947 -0.10194 0.66543 0.73947 -0.10194 0.66543 0.60417 -0.00793 0.79682 0.55548 -0.10841 0.82443 0.55548 -0.10841 0.82443 0.49948 -0.20739 0.84113 0.49948 -0.20739 0.84113 0.43691 -0.3036 0.84672 0.36856 -0.3958 0.84113 0.36856 -0.3958 0.84113 0.29533 -0.4828 0.82443 0.29533 -0.4828 0.82443 0.22472 -0.557 0.79954 -0.71813 0.08579 0.6906 -0.60417 0.00793 0.79682 -0.55548 0.10841 0.82443 -0.55548 0.10841 0.82443 -0.49948 0.20739 0.84113 -0.49948 0.20739 0.84113 -0.43691 0.3036 0.84672 -0.36856 0.3958 0.84113 -0.36856 0.3958 0.84113 -0.29533 0.4828 0.82443 -0.29533 0.4828 0.82443 -0.22472 0.557 0.79954 -0.17475 0.53519 0.82646 -0.62822 0.04672 0.77664 -0.56253 -0.02287 0.82646 -0.44826 -0.10041 0.88825 -0.46179 -0.08013 0.88336 -0.28472 -0.22579 0.93164 -0.29776 -0.20388 0.93262 -0.10649 -0.3379 0.93514 -0.09309 -0.35777 0.92916 0.06641 -0.4504 0.89035 0.07944 -0.46799 0.88016 0.17475 -0.53519 0.82646 -0.43531 0.58007 0.68849 -0.43531 0.58007 0.68849 -0.51139 0.49504 0.70244 -0.51139 0.49504 0.70244 -0.58068 0.4035 0.70711 -0.64231 0.30663 0.70244 -0.64231 0.30663 0.70244 -0.69547 0.20568 0.68849 -0.69547 0.20568 0.68849 -0.73641 0.11002 0.66753 -0.93548 0.23647 -0.26258 -0.96096 0.25585 -0.10537 -0.92463 0.36492 -0.10902 -0.92463 0.36492 -0.10902 -0.87611 0.4691 -0.11123 -0.87611 0.4691 -0.11123 -0.81604 0.56705 -0.11196 -0.74519 0.65751 -0.11123 -0.74519 0.65751 -0.11123 -0.66448 0.73931 -0.10902 -0.66448 0.73931 -0.10902 -0.95397 0.26632 -0.13788 -0.96584 0.25715 -0.03211 -0.96096 0.25585 0.10537 -0.96078 0.26004 0.09637 -0.92345 0.22558 0.3104 -0.92275 0.22279 0.31449 -0.84602 0.18106 0.50146 -0.84143 0.17223 0.51219 -0.77853 0.12706 0.61461 -0.9067 0.21637 -0.36204 -0.91972 0.23842 -0.31189 -0.88479 0.33723 -0.32158 -0.88479 0.33723 -0.32158 -0.83547 0.44085 -0.3281 -0.83547 0.44085 -0.3281 -0.77512 0.53861 -0.33028 -0.70454 0.62926 -0.3281 -0.70454 0.62926 -0.3281 -0.62464 0.71163 -0.32158 -0.62464 0.71163 -0.32158 -0.53642 0.78464 -0.31081 -0.57492 0.81139 -0.10537 -0.57492 0.81139 -0.10536 -0.57492 0.81139 0.10537 -0.57492 0.81139 0.10536 -0.53642 0.78464 0.31081 -0.53642 0.78464 0.31081 -0.46133 0.73246 0.50067 -0.46133 0.73246 0.50067 -0.35344 0.65749 0.66543 -0.35344 0.65749 0.66543 -0.2486 0.58621 0.77107 -0.81165 0.14995 -0.56457 0.27954 0.21765 -0.93514 0.2196 0.12499 -0.96755 0.04055 0.24941 -0.96755 -0.02588 0.15767 -0.98715 -0.20398 0.28143 -0.93765 -0.27123 0.18847 -0.94388 -0.49948 0.20739 -0.84113 -0.64231 0.30663 -0.70244 -0.69547 0.20568 -0.68849 -0.80711 0.28325 -0.51802 -0.84506 0.18398 -0.50202 -0.85939 0.18423 -0.47698 0.44826 0.10041 -0.88825 0.39416 0.00369 -0.91903 0.2196 0.12499 -0.96755 0.1568 0.03074 -0.98715 -0.02588 0.15767 -0.98715 -0.09195 0.06389 -0.99371 -0.3349 0.09302 -0.93765 -0.49948 0.20739 -0.84113 -0.55548 0.10841 -0.82443 -0.69547 0.20568 -0.68849 -0.73891 0.10342 -0.66581 -0.74219 0.10363 -0.66213 0.60417 -0.00793 -0.79682 0.55548 -0.10841 -0.82443 0.39416 0.00369 -0.91903 0.3349 -0.09302 -0.93765 0.1568 0.03074 -0.98715 0.09195 -0.06389 -0.99371 -0.1568 -0.03074 -0.98715 -0.3349 0.09302 -0.93765 -0.39416 -0.00369 -0.91903 -0.55548 0.10841 -0.82443 -0.60724 0.00098 -0.79452 -0.59511 -0 -0.80364 0.73947 -0.10194 -0.66543 0.69547 -0.20568 -0.68849 0.55548 -0.10841 -0.82443 0.49948 -0.20739 -0.84113 0.27123 -0.18847 -0.94388 0.02588 -0.15767 -0.98715 -0.1568 -0.03074 -0.98715 -0.2196 -0.12499 -0.96755 -0.39416 -0.00369 -0.91903 -0.44826 -0.10041 -0.88825 -0.43056 -0.10403 -0.89655 0.84737 -0.17692 -0.50067 0.80711 -0.28325 -0.51802 0.69547 -0.20568 -0.68849 0.64231 -0.30663 -0.70244 0.49948 -0.20739 -0.84113 0.02588 -0.15767 -0.98715 -0.04055 -0.24941 -0.96755 -0.2196 -0.12499 -0.96755 -0.27954 -0.21765 -0.93514 -0.23679 -0.22754 -0.94454 -0.57063 -0.8212 -0 -0.57063 -0.82121 0 -0.57063 -0.8212 -0 -0.57063 -0.8212 -0 -0.57063 -0.82121 0 -0.57063 -0.82121 0 -0.57063 -0.8212 -0 -0.57063 -0.82121 0 -0.57063 -0.8212 -0 -0.57063 -0.82121 0 -0.57063 -0.82121 0 -0.57063 -0.8212 -0 -0.57063 -0.8212 0 -0.57063 -0.8212 -0 -0.57063 -0.8212 0 -0.57063 -0.8212 0 -0.57063 -0.82121 0 -0.57063 -0.82121 -0 -0.57063 -0.82121 -0 -0.57063 -0.82121 -0 -0.57063 -0.8212 0 -0.57063 -0.82121 -0 -0.57063 -0.8212 0 -0.57063 -0.82121 -0 -0.57063 -0.8212 -0 -0.57063 -0.8212 0 -0.57063 -0.8212 0 -0.57063 -0.8212 -0 -0.57063 -0.8212 -0 -0.57063 -0.8212 0 -0.57063 -0.82121 0 0.57063 0.8212 -0 0.57063 0.8212 0 0.57063 0.8212 0 0.57063 0.82121 -0 0.57063 0.8212 -0 0.57063 0.82121 -0 0.57063 0.82121 -0 0.57063 0.8212 -0 0.57063 0.82121 0 0.57063 0.82121 0 0.57063 0.82121 0 0.57063 0.82121 0 0.57063 0.8212 0 0.57063 0.82121 -0 0.57063 0.8212 0 0.57063 0.8212 0 0.57063 0.8212 -0 0.57063 0.8212 0 0.57063 0.8212 0 0.57063 0.82121 0 0.57063 0.8212 -0 0.57063 0.8212 -0 0.57063 0.82121 -0 0.57063 0.8212 0 0.57063 0.8212 0 0.57063 0.82121 0 0.57063 0.82121 -0 0.57063 0.82121 -0 0.57063 0.8212 0 0.57063 0.8212 0 0.57063 0.82121 -0 -0.1378 -0.2194 -0.96586 -0.35228 -0.49493 -0.79432 -0.35037 -0.61585 -0.70567 -0.45666 -0.65717 -0.59966 -0.52222 -0.81264 -0.25866 -0.52264 -0.81203 -0.25972 -0.50727 -0.73005 -0.45793 -0.50847 -0.82137 0.25848 -0.56762 -0.81692 0.10224 -0.5698 -0.81998 -0.05437 -0.18366 -0.56264 0.80604 -0.43434 -0.6297 0.64407 -0.5342 -0.76447 0.36086 -0.14097 -0.20287 -0.96901 0.14769 0.21254 -0.96593 0.14769 0.21254 -0.96593 0.14769 0.21254 0.96593 0.14769 0.21254 0.96593 -0.14097 -0.20287 0.96901 -0.1378 -0.2194 0.96586 -0.41429 -0.57311 0.70705 -0.36035 0.58458 0.72692 -0.23779 0.64537 0.72591 -0.1925 0.71 0.67738 -0.21761 0.75907 0.61357 -0.1421 0.78208 0.60676 -0.10617 0.83508 0.53979 -0.12343 0.8793 0.45999 -0.06578 0.8905 0.4502 -0.01489 0.96065 0.27735 -0.01489 0.96065 0.27735 0.00802 0.99638 0.08459 -0.03707 0.99782 0.0546 0.00805 0.99957 -0.0282 0.00252 0.9857 -0.16851 -0.09398 0.98927 -0.11184 -0.0099 0.97298 -0.23066 -0.02761 0.94768 -0.31801 -0.09931 0.92585 -0.3646 -0.05548 0.90622 -0.41914 -0.08613 0.86415 -0.49581 -0.15455 0.82202 -0.54809 -0.12591 0.8033 -0.58212 -0.21465 0.67317 -0.70765 -0.21465 0.67317 -0.70765 -0.3327 0.50328 -0.79751 -0.37264 0.55587 -0.74306 -0.37824 0.4434 -0.81261 -0.46021 0.31979 -0.82822 -0.50707 0.41526 -0.75527 -0.49461 0.27502 -0.82446 -0.54748 0.19986 -0.81261 -0.62004 0.16948 -0.76605 -0.60893 0.10917 -0.78568 -0.70577 -0.0336 -0.70765 -0.70577 -0.0336 -0.70764 -0.79677 -0.16215 -0.58212 -0.82431 -0.14184 -0.54809 -0.83993 -0.22066 -0.49581 -0.87983 -0.2841 -0.38103 -0.9017 -0.18369 -0.39141 -0.92883 -0.35036 -0.12054 -0.94408 -0.2877 -0.16105 -0.91535 -0.33006 -0.23067 -0.89781 -0.30464 -0.31801 -0.93103 -0.35501 0.08459 -0.90553 -0.32108 0.27735 -0.90553 -0.32108 0.27735 -0.85753 -0.24891 0.4502 -0.86715 -0.19098 0.45999 -0.81967 -0.19173 0.53979 -0.75847 -0.10944 0.64246 -0.82704 -0.05533 0.55942 -0.73256 -0.06721 0.67738 -0.68778 -0.00221 0.72591 -0.67988 0.08731 0.72811 -0.27192 0.59075 0.75965 -0.39585 0.4124 0.8205 -0.39586 0.4124 0.8205 -0.52456 0.22718 0.8205 -0.52456 0.22717 0.8205 -0.62858 0.08118 0.7735 -0.99319 0.02955 -0.11273 -0.99319 0.02954 -0.11273 -0.96435 0.07104 -0.25491 -0.96435 0.07104 -0.25491 -0.9147 0.1425 -0.37818 -0.9147 0.1425 -0.37819 -0.8479 0.23862 -0.47341 -0.84791 0.23862 -0.47341 -0.76893 0.35227 -0.53353 -0.76893 0.35227 -0.53353 -0.68363 0.47503 -0.55407 -0.68363 0.47503 -0.55407 -0.59832 0.59779 -0.53353 -0.59832 0.59779 -0.53353 -0.51935 0.71145 -0.47341 -0.51935 0.71145 -0.47341 -0.45256 0.80757 -0.37819 -0.45256 0.80757 -0.37818 -0.4029 0.87903 -0.25491 -0.4029 0.87903 -0.25491 -0.37407 0.92052 -0.11273 -0.37407 0.92053 -0.11273 -0.36819 0.92898 0.03781 -0.36819 0.92898 0.03781 -0.38571 0.90377 0.18555 -0.38571 0.90377 0.18555 -0.42532 0.84676 0.31952 -0.42532 0.84676 0.31952 -0.48409 0.76218 0.4298 -0.48409 0.76218 0.4298 -0.55766 0.65631 0.5082 -0.55766 0.65631 0.5082 -0.64057 0.53699 0.54891 -0.72668 0.41308 0.54891 -0.72668 0.41308 0.54891 -0.80959 0.29376 0.5082 -0.80959 0.29376 0.5082 -0.88316 0.18788 0.4298 -0.88316 0.18788 0.4298 -0.94193 0.10331 0.31952 -0.94193 0.1033 0.31952 -0.98154 0.04629 0.18555 -0.98154 0.0463 0.18555 -0.92125 0.38839 0.02125 -0.91592 0.40132 -0.0066 -0.91432 0.40304 -0.03964 -0.91432 0.40304 -0.03964 -0.90418 0.41763 -0.08964 -0.90418 0.41763 -0.08964 -0.88672 0.44276 -0.13299 -0.88672 0.44276 -0.13299 -0.86323 0.47656 -0.16648 -0.86323 0.47656 -0.16648 -0.83546 0.51653 -0.18762 -0.83546 0.51653 -0.18761 -0.80547 0.5597 -0.19484 -0.80547 0.5597 -0.19484 -0.77547 0.60287 -0.18762 -0.77547 0.60287 -0.18761 -0.7477 0.64283 -0.16647 -0.7477 0.64283 -0.16647 -0.72421 0.67663 -0.13299 -0.72421 0.67663 -0.13299 -0.70675 0.70176 -0.08964 -0.70675 0.70176 -0.08964 -0.69661 0.71635 -0.03964 -0.69661 0.71635 -0.03964 -0.69454 0.71933 0.0133 -0.69454 0.71933 0.0133 -0.7007 0.71046 0.06525 -0.7007 0.71046 0.06525 -0.71463 0.69041 0.11236 -0.71463 0.69042 0.11236 -0.7353 0.66067 0.15114 -0.7353 0.66067 0.15114 -0.76117 0.62344 0.17871 -0.76117 0.62344 0.17871 -0.79033 0.58148 0.19302 -0.79033 0.58148 0.19302 -0.82061 0.53791 0.19302 -0.82061 0.53791 0.19302 -0.84976 0.49595 0.17871 -0.84976 0.49595 0.17871 -0.87563 0.45872 0.15114 -0.87563 0.45872 0.15114 -0.8963 0.42898 0.11236 -0.8963 0.42898 0.11236 -0.91023 0.40893 0.06525 -0.91023 0.40893 0.06525 -0.91639 0.40006 0.0133 -0.99906 0.02109 0.03781 -0.99906 0.02109 0.03781 -0.9481 -0.31326 0.0546 -0.934 -0.35615 -0.0282 0.69543 -0.71832 0.01984 0.7007 -0.71046 0.06525 0.7007 -0.71046 0.06525 0.71463 -0.69042 0.11236 0.71463 -0.69042 0.11236 0.7353 -0.66067 0.15114 0.7353 -0.66067 0.15114 0.76117 -0.62344 0.17871 0.76117 -0.62344 0.17871 0.79033 -0.58148 0.19302 0.79033 -0.58148 0.19302 0.82061 -0.53791 0.19302 0.82061 -0.53791 0.19302 0.84976 -0.49595 0.17871 0.84976 -0.49595 0.17871 0.87563 -0.45872 0.15114 0.87563 -0.45872 0.15114 0.8963 -0.42898 0.11236 0.8963 -0.42898 0.11236 0.91023 -0.40893 0.06525 0.91023 -0.40893 0.06525 0.91639 -0.40007 0.0133 0.91639 -0.40007 0.0133 0.91432 -0.40304 -0.03964 0.91432 -0.40304 -0.03964 0.90418 -0.41763 -0.08964 0.90418 -0.41763 -0.08964 0.88672 -0.44276 -0.13299 0.88672 -0.44276 -0.13299 0.86324 -0.47656 -0.16647 0.86323 -0.47656 -0.16648 0.83546 -0.51653 -0.18761 0.83546 -0.51653 -0.18762 0.80547 -0.5597 -0.19484 0.80547 -0.5597 -0.19484 0.77547 -0.60287 -0.18761 0.77547 -0.60287 -0.18762 0.7477 -0.64283 -0.16648 0.7477 -0.64283 -0.16648 0.72421 -0.67663 -0.13299 0.72421 -0.67663 -0.13299 0.70675 -0.70176 -0.08964 0.70675 -0.70176 -0.08964 0.69661 -0.71635 -0.03964 0.69661 -0.71635 -0.03964 0.69555 -0.71845 -0.0066 0.68807 -0.72551 0.0139 0.64057 -0.53699 0.54891 0.55766 -0.65631 0.5082 0.55766 -0.65631 0.5082 0.48409 -0.76218 0.4298 0.48409 -0.76218 0.4298 0.42532 -0.84676 0.31952 0.42532 -0.84676 0.31952 0.38571 -0.90377 0.18555 0.38571 -0.90377 0.18555 0.36819 -0.92898 0.03781 0.36819 -0.92898 0.03781 0.37407 -0.92052 -0.11273 0.37406 -0.92053 -0.11273 0.4029 -0.87903 -0.25491 0.4029 -0.87903 -0.25491 0.45256 -0.80757 -0.37818 0.45256 -0.80757 -0.37819 0.51935 -0.71145 -0.47341 0.51935 -0.71145 -0.47341 0.59832 -0.59779 -0.53353 0.59832 -0.59779 -0.53353 0.68363 -0.47503 -0.55407 0.68363 -0.47503 -0.55407 0.76893 -0.35227 -0.53353 0.76893 -0.35227 -0.53353 0.84791 -0.23862 -0.47341 0.8479 -0.23862 -0.47341 0.9147 -0.1425 -0.37819 0.9147 -0.1425 -0.37818 0.96435 -0.07104 -0.25491 0.96435 -0.07104 -0.25491 0.99319 -0.02954 -0.11273 0.99319 -0.02954 -0.11273 0.99906 -0.02109 0.03781 0.99906 -0.02109 0.03781 0.98154 -0.0463 0.18555 0.98154 -0.0463 0.18555 0.94193 -0.10331 0.31952 0.94193 -0.10331 0.31952 0.88316 -0.18788 0.4298 0.88316 -0.18788 0.4298 0.80959 -0.29376 0.5082 0.80959 -0.29376 0.5082 0.72668 -0.41308 0.54891 0.72668 -0.41308 0.54891 0.84836 0.05206 0.52685 0.70452 0.18832 0.68424 0.88896 0.18993 0.41674 0.83234 0.26315 0.48781 0.91575 0.2987 0.26868 0.91202 0.30518 0.27403 0.92541 0.36726 0.09348 0.9481 0.31326 0.0546 0.91657 0.38847 -0.09487 0.94408 0.2877 -0.16104 0.91535 0.33006 -0.23066 0.89781 0.30464 -0.31801 0.90033 0.1593 -0.40501 0.84877 0.34727 -0.39873 0.81798 0.11735 -0.56314 0.80113 0.18531 -0.56907 0.71621 0.03561 -0.69697 0.72184 0.01083 -0.69197 0.60284 -0.08067 -0.79378 0.62004 -0.16948 -0.76605 0.54748 -0.19986 -0.81261 0.0099 -0.97298 -0.23067 0.02761 -0.94768 -0.31801 0.09931 -0.92585 -0.3646 0.02983 -0.89259 -0.44988 0.15455 -0.82202 -0.54809 0.12094 -0.79988 -0.58785 0.22237 -0.67528 -0.70324 0.23832 -0.68918 -0.68428 0.29803 -0.48717 -0.82088 0.37139 -0.57027 -0.7327 0.37417 -0.26 -0.89017 0.50835 -0.45367 -0.73196 0.49461 -0.27502 -0.82446 0.11292 -0.99002 -0.08435 -0.08976 -0.97995 -0.17787 0.05549 -0.99453 0.08846 -0.03197 -0.99784 0.0573 0.03094 -0.96227 0.27033 0.03952 -0.96133 0.27256 0.043 -0.89405 0.44591 0.12344 -0.8793 0.45999 0.09173 -0.79459 0.60018 0.21761 -0.75907 0.61357 0.1925 -0.71 0.67738 0.73256 0.06721 0.67738 0.68778 0.00221 0.72591 0.67988 -0.08731 0.72811 0.60011 -0.07777 0.79613 0.54846 -0.24742 0.79873 0.51404 -0.24438 0.82222 0.39586 -0.4124 0.8205 0.43876 -0.41429 0.7974 0.22446 -0.57292 0.78828 0.38013 -0.57339 0.72576 0.23779 -0.64537 0.72591 -0.18275 0.33258 -0.9252 0.2494 -0.04055 -0.96755 0.77431 0.519 -0.36204 0.02287 -0.56253 0.82646 -0.17692 -0.84737 -0.50067 -0.10194 -0.73947 -0.66543 -0.00793 -0.60417 -0.79682 0.10041 -0.44826 -0.88825 0.21765 -0.27954 -0.93514 -0.04672 -0.62822 0.77664 0.7808 0.56596 -0.26466 0.31538 -0.14098 -0.93843 0.33087 -0.10119 -0.93823 0.37543 -0.05529 -0.9252 0.45513 0.06222 -0.88825 0.45513 0.06222 -0.88825 0.3707 0.13401 -0.91903 0.28143 0.20398 -0.93765 0.56347 0.21814 -0.79682 0.56347 0.21814 -0.79682 0.4828 0.29533 -0.82443 0.4828 0.29533 -0.82443 0.3958 0.36856 -0.84113 0.3958 0.36856 -0.84113 0.65749 0.35344 -0.66543 0.65749 0.35344 -0.66543 0.58007 0.43531 -0.68849 0.58007 0.43531 -0.68849 0.49504 0.51139 -0.70244 0.49504 0.51139 -0.70244 0.4035 0.58068 -0.70711 0.30663 0.64231 -0.70244 0.73246 0.46133 -0.50067 0.73246 0.46133 -0.50067 0.65764 0.54695 -0.51802 0.65764 0.54695 -0.51802 0.57418 0.62528 -0.52852 0.38577 0.7562 -0.52852 0.38577 0.7562 -0.52852 0.28325 0.80711 -0.51802 -0.3707 -0.13401 -0.91903 -0.4828 -0.29533 -0.82443 -0.4828 -0.29533 -0.82443 -0.3958 -0.36856 -0.84113 -0.58007 -0.43531 -0.68849 -0.58007 -0.43531 -0.68849 -0.49504 -0.51139 -0.70244 -0.49504 -0.51139 -0.70244 -0.4035 -0.58068 -0.70711 -0.65765 -0.54695 -0.51802 -0.65764 -0.54695 -0.51802 -0.57418 -0.62528 -0.52852 -0.38577 -0.7562 -0.52852 -0.36492 -0.92463 0.10902 -0.36492 -0.92463 0.10902 -0.4691 -0.87611 0.11123 -0.65751 -0.74519 0.11123 -0.65751 -0.74519 0.11123 -0.73931 -0.66448 0.10902 -0.73931 -0.66448 0.10902 -0.33723 -0.88479 0.32158 -0.33723 -0.88479 0.32158 -0.44085 -0.83547 0.3281 -0.44085 -0.83547 0.3281 -0.62926 -0.70454 0.3281 -0.71163 -0.62464 0.32158 -0.71163 -0.62464 0.32158 -0.28325 -0.80711 0.51802 -0.28325 -0.80711 0.51802 -0.38577 -0.7562 0.52852 -0.57418 -0.62528 0.52852 -0.57418 -0.62528 0.52852 -0.65764 -0.54695 0.51802 -0.65764 -0.54695 0.51802 0.10041 -0.44826 0.88825 0.10041 -0.44826 0.88825 0.00369 -0.39416 0.91903 0.00369 -0.39416 0.91903 -0.09302 -0.3349 0.93765 -0.09302 -0.3349 0.93765 -0.28143 -0.20398 0.93765 -0.28143 -0.20398 0.93765 -0.3707 -0.13401 0.91903 -0.3707 -0.13401 0.91903 0.21765 -0.27954 0.93514 0.21765 -0.27954 0.93514 0.12499 -0.2196 0.96755 0.12499 -0.2196 0.96755 0.03074 -0.1568 0.98715 0.03074 -0.1568 0.98715 -0.15767 -0.02588 0.98715 -0.24941 0.04055 0.96755 -0.24941 0.04055 0.96755 0.3379 -0.10649 0.93514 0.3379 -0.10649 0.93514 0.24941 -0.04055 0.96755 0.24941 -0.04055 0.96755 0.15767 0.02588 0.98715 -0.03074 0.1568 0.98715 -0.03074 0.1568 0.98715 -0.12499 0.2196 0.96755 -0.12499 0.2196 0.96755 0.45513 0.06222 0.88825 0.45513 0.06222 0.88825 0.3707 0.13401 0.91903 0.3707 0.13401 0.91903 0.28143 0.20398 0.93765 0.28143 0.20398 0.93765 0.09302 0.3349 0.93765 0.09302 0.3349 0.93765 -0.00369 0.39416 0.91903 -0.00369 0.39416 0.91903 0.65764 0.54695 0.51802 0.65764 0.54695 0.51802 0.57418 0.62528 0.52852 0.57418 0.62528 0.52852 0.38577 0.7562 0.52852 0.28325 0.80711 0.51802 0.28325 0.80711 0.51802 0.71163 0.62464 0.32158 0.71163 0.62464 0.32158 0.62926 0.70454 0.3281 0.44085 0.83547 0.3281 0.44085 0.83547 0.3281 0.33723 0.88479 0.32158 0.33723 0.88479 0.32158 0.73931 0.66448 0.10902 0.73931 0.66448 0.10902 0.65751 0.74519 0.11123 0.65751 0.74519 0.11123 0.4691 0.87611 0.11123 0.36492 0.92463 0.10902 0.36492 0.92463 0.10902 -0.28325 -0.80711 -0.51802 -0.38577 -0.7562 -0.52852 -0.30663 -0.64231 -0.70244 -0.3958 -0.36856 -0.84113 -0.28143 -0.20398 -0.93765 -0.2494 0.04055 -0.96755 -0.33087 0.10119 -0.93823 -0.31538 0.14098 -0.93843 -0.65749 -0.35344 -0.66543 -0.65814 -0.35747 -0.66262 -0.56466 -0.21693 -0.79631 -0.56185 -0.20337 -0.80185 -0.45114 -0.06575 -0.89003 -0.44566 -0.04754 -0.89394 -0.37543 0.05529 -0.9252 -0.80963 -0.57068 -0.13718 -0.78464 -0.53642 -0.31081 -0.71163 -0.62464 -0.32158 -0.71163 -0.62464 -0.32158 -0.62926 -0.70454 -0.3281 -0.62926 -0.70454 -0.3281 -0.44085 -0.83547 -0.3281 -0.33723 -0.88479 -0.32158 -0.33723 -0.88479 -0.32158 -0.23841 -0.91972 -0.31189 -0.21637 -0.9067 -0.36204 -0.7808 -0.56595 -0.26467 -0.77431 -0.519 -0.36204 -0.73246 -0.46133 -0.50067 -0.73366 -0.48191 -0.47906 -0.70839 -0.4236 -0.56457 -0.36492 -0.92463 -0.10902 -0.36492 -0.92463 -0.10902 -0.4691 -0.87611 -0.11123 -0.65751 -0.74519 -0.11123 -0.73931 -0.66448 -0.10902 -0.73931 -0.66448 -0.10902 -0.80655 -0.58164 -0.10567 -0.65749 -0.35344 0.66543 -0.58007 -0.43531 0.68849 -0.58007 -0.43531 0.68849 -0.49504 -0.51139 0.70244 -0.49504 -0.51139 0.70244 -0.4035 -0.58068 0.70711 -0.30663 -0.64231 0.70244 -0.30663 -0.64231 0.70244 -0.20568 -0.69547 0.68849 -0.20568 -0.69547 0.68849 -0.6325 -0.34275 0.6946 -0.68534 -0.3906 0.61461 -0.73246 -0.46133 0.50067 -0.72477 -0.45959 0.51331 -0.78801 -0.53182 0.31017 -0.78591 -0.53225 0.31473 -0.80959 -0.57744 0.10548 -0.81215 -0.57546 0.09623 -0.81551 -0.57784 -0.03211 -0.23647 -0.93548 -0.26259 -0.25585 -0.96096 -0.10537 -0.25585 -0.96096 -0.10536 -0.25585 -0.96096 0.10537 -0.25585 -0.96096 0.10536 -0.22909 -0.92245 0.31081 -0.22909 -0.92245 0.31081 -0.17692 -0.84737 0.50067 -0.17692 -0.84737 0.50067 -0.10194 -0.73947 0.66543 -0.10194 -0.73947 0.66543 -0.00793 -0.60417 0.79682 -0.10841 -0.55548 0.82443 -0.10841 -0.55548 0.82443 -0.20739 -0.49948 0.84113 -0.20739 -0.49948 0.84113 -0.3958 -0.36856 0.84113 -0.4828 -0.29533 0.82443 -0.4828 -0.29533 0.82443 -0.557 -0.22472 0.79954 0.08579 0.71813 0.6906 0.00793 0.60417 0.79682 0.10841 0.55548 0.82443 0.10841 0.55548 0.82443 0.20739 0.49948 0.84113 0.20739 0.49948 0.84113 0.3958 0.36856 0.84113 0.4828 0.29533 0.82443 0.4828 0.29533 0.82443 0.557 0.22472 0.79954 0.53519 0.17475 0.82646 0.04672 0.62822 0.77664 -0.02287 0.56253 0.82646 -0.10041 0.44826 0.88825 -0.08013 0.46179 0.88336 -0.22579 0.28472 0.93164 -0.20388 0.29776 0.93262 -0.3379 0.10649 0.93514 -0.35777 0.09309 0.92916 -0.4504 -0.06641 0.89035 -0.46799 -0.07944 0.88016 -0.53519 -0.17475 0.82646 0.58007 0.43531 0.68849 0.58007 0.43531 0.68849 0.49504 0.51139 0.70244 0.49504 0.51139 0.70244 0.4035 0.58068 0.70711 0.30663 0.64231 0.70244 0.30663 0.64231 0.70244 0.20568 0.69547 0.68849 0.20568 0.69547 0.68849 0.11002 0.73641 0.66753 0.23647 0.93548 -0.26258 0.25585 0.96096 -0.10537 0.36492 0.92463 -0.10902 0.36492 0.92463 -0.10902 0.4691 0.87611 -0.11123 0.65751 0.74519 -0.11123 0.73931 0.66448 -0.10902 0.73931 0.66448 -0.10902 0.26632 0.95397 -0.13788 0.25715 0.96584 -0.03211 0.25585 0.96096 0.10537 0.26004 0.96078 0.09637 0.22558 0.92345 0.3104 0.22279 0.92275 0.31449 0.18106 0.84602 0.50146 0.17223 0.84143 0.51219 0.12706 0.77853 0.61461 0.21637 0.9067 -0.36204 0.23842 0.91972 -0.31189 0.33723 0.88479 -0.32158 0.33723 0.88479 -0.32158 0.44085 0.83547 -0.3281 0.62926 0.70454 -0.3281 0.62926 0.70454 -0.3281 0.71163 0.62464 -0.32158 0.71163 0.62464 -0.32158 0.78464 0.53642 -0.31081 0.81139 0.57492 -0.10537 0.81139 0.57492 -0.10536 0.81139 0.57492 0.10537 0.81139 0.57492 0.10536 0.78464 0.53642 0.31081 0.78464 0.53642 0.31081 0.73246 0.46133 0.50067 0.73246 0.46133 0.50067 0.65749 0.35344 0.66543 0.65749 0.35344 0.66543 0.14995 0.81165 -0.56457 0.21765 -0.27954 -0.93514 0.12499 -0.2196 -0.96755 0.24941 -0.04055 -0.96755 0.15767 0.02588 -0.98715 0.28143 0.20398 -0.93765 0.30663 0.64231 -0.70244 0.20568 0.69547 -0.68849 0.28325 0.80711 -0.51802 0.18398 0.84506 -0.50202 0.18423 0.85939 -0.47698 0.10041 -0.44826 -0.88825 0.00369 -0.39416 -0.91903 0.12499 -0.2196 -0.96755 0.03074 -0.1568 -0.98715 0.15767 0.02588 -0.98715 0.09302 0.3349 -0.93765 0.20739 0.49948 -0.84113 0.10841 0.55548 -0.82443 0.20568 0.69547 -0.68849 0.10342 0.73891 -0.66581 0.10363 0.74219 -0.66213 -0.00793 -0.60417 -0.79682 -0.10841 -0.55548 -0.82443 0.00369 -0.39416 -0.91903 -0.09302 -0.3349 -0.93765 0.09302 0.3349 -0.93765 -0.00369 0.39416 -0.91903 0.10841 0.55548 -0.82443 0.00098 0.60724 -0.79452 -0 0.59511 -0.80364 -0.10194 -0.73947 -0.66543 -0.20568 -0.69547 -0.68849 -0.10841 -0.55548 -0.82443 -0.20739 -0.49948 -0.84113 -0.15767 -0.02588 -0.98715 -0.03074 0.1568 -0.98715 -0.12499 0.2196 -0.96755 -0.00369 0.39416 -0.91903 -0.10041 0.44826 -0.88825 -0.10403 0.43056 -0.89655 -0.17692 -0.84737 -0.50067 -0.28325 -0.80711 -0.51802 -0.20568 -0.69547 -0.68849 -0.30663 -0.64231 -0.70244 -0.15767 -0.02588 -0.98715 -0.24941 0.04055 -0.96755 -0.12499 0.2196 -0.96755 -0.21765 0.27954 -0.93514 -0.22754 0.23679 -0.94454 -0.8212 0.57063 -0 -0.82121 0.57063 0 -0.82121 0.57063 0 -0.8212 0.57063 -0 -0.8212 0.57063 -0 -0.8212 0.57063 0 -0.8212 0.57063 0 -0.82121 0.57063 -0 -0.8212 0.57063 -0 -0.8212 0.57063 0 -0.8212 0.57063 0 -0.8212 0.57063 -0 -0.8212 0.57063 0 -0.82121 0.57063 0 -0.8212 0.57063 0 -0.8212 0.57063 -0 -0.8212 0.57063 0 -0.82121 0.57063 -0 -0.82121 0.57063 -0 -0.82121 0.57063 -0 -0.82121 0.57063 0 -0.82121 0.57063 0 -0.82121 0.57063 0 -0.8212 0.57063 0 -0.82121 0.57063 0 -0.8212 0.57063 -0 -0.82121 0.57063 0 -0.8212 0.57063 -0 -0.8212 0.57063 -0 -0.82121 0.57063 0 0.82121 -0.57063 -0 0.8212 -0.57063 0 0.8212 -0.57063 0 0.8212 -0.57063 -0 0.8212 -0.57063 0 0.8212 -0.57063 0 0.82121 -0.57063 -0 0.8212 -0.57063 -0 0.8212 -0.57063 0 0.8212 -0.57063 0 0.82121 -0.57063 0 0.82121 -0.57063 -0 0.82121 -0.57063 0 0.8212 -0.57063 -0 0.8212 -0.57063 -0 0.82121 -0.57063 -0 0.82121 -0.57063 -0 0.8212 -0.57063 0 0.8212 -0.57063 0 0.82121 -0.57063 -0 0.82121 -0.57063 -0 0.8212 -0.57063 -0 0.82121 -0.57063 0 0.82121 -0.57063 0 0.82121 -0.57063 0 0.82121 -0.57063 0 0.8212 -0.57063 0 0.82121 -0.57063 -0 0.8212 -0.57063 0 0.8212 -0.57063 -0 -0.2194 0.1378 -0.96586 -0.49493 0.35228 -0.79432 -0.61585 0.35038 -0.70567 -0.65717 0.45666 -0.59966 -0.81264 0.52222 -0.25866 -0.81203 0.52265 -0.25972 -0.73005 0.50727 -0.45793 -0.82137 0.50847 0.25848 -0.81692 0.56762 0.10225 -0.81998 0.5698 -0.05437 -0.56264 0.18366 0.80604 -0.6297 0.43434 0.64407 -0.76447 0.5342 0.36087 -0.20287 0.14097 -0.96901 0.21254 -0.14769 -0.96593 0.21254 -0.14769 -0.96593 0.21254 -0.14769 0.96593 0.21254 -0.14769 0.96593 -0.20287 0.14097 0.96901 -0.2194 0.1378 0.96586 -0.57311 0.41429 0.70705 0.58458 0.36035 0.72692 0.64537 0.23779 0.72591 0.71 0.1925 0.67738 0.75907 0.21761 0.61357 0.78208 0.1421 0.60676 0.83508 0.10617 0.53979 0.8793 0.12343 0.45999 0.8905 0.06578 0.4502 0.96065 0.01489 0.27735 0.96065 0.01489 0.27735 0.99638 -0.00802 0.08459 0.99782 0.03707 0.0546 0.99957 -0.00805 -0.0282 0.9857 -0.00252 -0.16851 0.98927 0.09398 -0.11184 0.97298 0.0099 -0.23066 0.94768 0.02761 -0.31801 0.92585 0.09931 -0.3646 0.90622 0.05548 -0.41914 0.86415 0.08613 -0.49581 0.82202 0.15455 -0.54809 0.8033 0.12591 -0.58212 0.67317 0.21465 -0.70765 0.67317 0.21465 -0.70765 0.50328 0.3327 -0.79751 0.55587 0.37264 -0.74306 0.4434 0.37824 -0.81261 0.31979 0.46021 -0.82822 0.41526 0.50707 -0.75527 0.27502 0.49461 -0.82446 0.19986 0.54748 -0.81261 0.16948 0.62004 -0.76605 0.10917 0.60893 -0.78568 -0.0336 0.70577 -0.70765 -0.0336 0.70577 -0.70764 -0.16215 0.79677 -0.58212 -0.14184 0.82431 -0.54809 -0.22066 0.83993 -0.49581 -0.2841 0.87983 -0.38103 -0.18369 0.9017 -0.39141 -0.35036 0.92883 -0.12054 -0.2877 0.94408 -0.16105 -0.33006 0.91535 -0.23067 -0.30464 0.89781 -0.31801 -0.35501 0.93103 0.08459 -0.32108 0.90553 0.27735 -0.32108 0.90553 0.27735 -0.24891 0.85753 0.4502 -0.19098 0.86715 0.45999 -0.19173 0.81967 0.53979 -0.10944 0.75847 0.64246 -0.05533 0.82704 0.55942 -0.06721 0.73256 0.67738 -0.00221 0.68778 0.72591 0.08731 0.67988 0.72811 0.59075 0.27192 0.75965 0.4124 0.39585 0.8205 0.4124 0.39586 0.8205 0.22718 0.52456 0.8205 0.22717 0.52456 0.8205 0.08118 0.62858 0.7735 0.02955 0.99319 -0.11273 0.02954 0.99319 -0.11273 0.07104 0.96435 -0.25491 0.07104 0.96435 -0.25491 0.1425 0.9147 -0.37818 0.1425 0.9147 -0.37819 0.23862 0.8479 -0.47341 0.23862 0.84791 -0.47341 0.35227 0.76893 -0.53353 0.35227 0.76893 -0.53353 0.47503 0.68363 -0.55407 0.47503 0.68363 -0.55407 0.59779 0.59832 -0.53353 0.59779 0.59832 -0.53353 0.71145 0.51935 -0.47341 0.71145 0.51935 -0.47341 0.80757 0.45256 -0.37819 0.80757 0.45256 -0.37818 0.87903 0.4029 -0.25491 0.87903 0.4029 -0.25491 0.92052 0.37407 -0.11273 0.92053 0.37407 -0.11273 0.92898 0.36819 0.03781 0.92898 0.36819 0.03781 0.90377 0.38571 0.18555 0.90377 0.38571 0.18555 0.84676 0.42532 0.31952 0.84676 0.42532 0.31952 0.76218 0.48409 0.4298 0.76218 0.48409 0.4298 0.65631 0.55766 0.5082 0.65631 0.55766 0.5082 0.53699 0.64057 0.54891 0.41308 0.72668 0.54891 0.41308 0.72668 0.54891 0.29376 0.80959 0.5082 0.29376 0.80959 0.5082 0.18788 0.88316 0.4298 0.18788 0.88316 0.4298 0.10331 0.94193 0.31952 0.1033 0.94193 0.31952 0.04629 0.98154 0.18555 0.0463 0.98154 0.18555 0.38839 0.92125 0.02125 0.40132 0.91592 -0.0066 0.40304 0.91432 -0.03964 0.40304 0.91432 -0.03964 0.41763 0.90418 -0.08964 0.41763 0.90418 -0.08964 0.44276 0.88672 -0.13299 0.44276 0.88672 -0.13299 0.47656 0.86323 -0.16648 0.47656 0.86323 -0.16648 0.51653 0.83546 -0.18762 0.51653 0.83546 -0.18761 0.5597 0.80547 -0.19484 0.5597 0.80547 -0.19484 0.60287 0.77547 -0.18762 0.60287 0.77547 -0.18761 0.64283 0.7477 -0.16647 0.64283 0.7477 -0.16647 0.67663 0.72421 -0.13299 0.67663 0.72421 -0.13299 0.70176 0.70675 -0.08964 0.70176 0.70675 -0.08964 0.71635 0.69661 -0.03964 0.71635 0.69661 -0.03964 0.71933 0.69454 0.0133 0.71933 0.69454 0.0133 0.71046 0.7007 0.06525 0.71046 0.7007 0.06525 0.69041 0.71463 0.11236 0.69042 0.71463 0.11236 0.66067 0.7353 0.15114 0.66067 0.7353 0.15114 0.62344 0.76117 0.17871 0.62344 0.76117 0.17871 0.58148 0.79033 0.19302 0.58148 0.79033 0.19302 0.53791 0.82061 0.19302 0.53791 0.82061 0.19302 0.49595 0.84976 0.17871 0.49595 0.84976 0.17871 0.45872 0.87563 0.15114 0.45872 0.87563 0.15114 0.42898 0.8963 0.11236 0.42898 0.8963 0.11236 0.40893 0.91023 0.06525 0.40893 0.91023 0.06525 0.40006 0.91639 0.0133 0.02109 0.99906 0.03781 0.02109 0.99906 0.03781 -0.31326 0.9481 0.0546 -0.35615 0.934 -0.0282 -0.71832 -0.69543 0.01984 -0.71046 -0.7007 0.06525 -0.71046 -0.7007 0.06525 -0.69042 -0.71463 0.11236 -0.69042 -0.71463 0.11236 -0.66067 -0.7353 0.15114 -0.66067 -0.7353 0.15114 -0.62344 -0.76117 0.17871 -0.62344 -0.76117 0.17871 -0.58148 -0.79033 0.19302 -0.58148 -0.79033 0.19302 -0.53791 -0.82061 0.19302 -0.53791 -0.82061 0.19302 -0.49595 -0.84976 0.17871 -0.49595 -0.84976 0.17871 -0.45872 -0.87563 0.15114 -0.45872 -0.87563 0.15114 -0.42898 -0.8963 0.11236 -0.42898 -0.8963 0.11236 -0.40893 -0.91023 0.06525 -0.40893 -0.91023 0.06525 -0.40007 -0.91639 0.0133 -0.40007 -0.91639 0.0133 -0.40304 -0.91432 -0.03964 -0.40304 -0.91432 -0.03964 -0.41763 -0.90418 -0.08964 -0.41763 -0.90418 -0.08964 -0.44276 -0.88672 -0.13299 -0.44276 -0.88672 -0.13299 -0.47656 -0.86324 -0.16647 -0.47656 -0.86323 -0.16648 -0.51653 -0.83546 -0.18761 -0.51653 -0.83546 -0.18762 -0.5597 -0.80547 -0.19484 -0.5597 -0.80547 -0.19484 -0.60287 -0.77547 -0.18761 -0.60287 -0.77547 -0.18762 -0.64283 -0.7477 -0.16648 -0.64283 -0.7477 -0.16648 -0.67663 -0.72421 -0.13299 -0.67663 -0.72421 -0.13299 -0.70176 -0.70675 -0.08964 -0.70176 -0.70675 -0.08964 -0.71635 -0.69661 -0.03964 -0.71635 -0.69661 -0.03964 -0.71845 -0.69555 -0.0066 -0.72551 -0.68807 0.0139 -0.53699 -0.64057 0.54891 -0.65631 -0.55766 0.5082 -0.65631 -0.55766 0.5082 -0.76218 -0.48409 0.4298 -0.76218 -0.48409 0.4298 -0.84676 -0.42532 0.31952 -0.84676 -0.42532 0.31952 -0.90377 -0.38571 0.18555 -0.90377 -0.38571 0.18555 -0.92898 -0.36819 0.03781 -0.92898 -0.36819 0.03781 -0.92052 -0.37407 -0.11273 -0.92053 -0.37406 -0.11273 -0.87903 -0.4029 -0.25491 -0.87903 -0.4029 -0.25491 -0.80757 -0.45256 -0.37818 -0.80757 -0.45256 -0.37819 -0.71145 -0.51935 -0.47341 -0.71145 -0.51935 -0.47341 -0.59779 -0.59832 -0.53353 -0.59779 -0.59832 -0.53353 -0.47503 -0.68363 -0.55407 -0.47503 -0.68363 -0.55407 -0.35227 -0.76893 -0.53353 -0.35227 -0.76893 -0.53353 -0.23862 -0.84791 -0.47341 -0.23862 -0.8479 -0.47341 -0.1425 -0.9147 -0.37819 -0.1425 -0.9147 -0.37818 -0.07104 -0.96435 -0.25491 -0.07104 -0.96435 -0.25491 -0.02954 -0.99319 -0.11273 -0.02954 -0.99319 -0.11273 -0.02109 -0.99906 0.03781 -0.02109 -0.99906 0.03781 -0.0463 -0.98154 0.18555 -0.0463 -0.98154 0.18555 -0.10331 -0.94193 0.31952 -0.10331 -0.94193 0.31952 -0.18788 -0.88316 0.4298 -0.18788 -0.88316 0.4298 -0.29376 -0.80959 0.5082 -0.29376 -0.80959 0.5082 -0.41308 -0.72668 0.54891 -0.41308 -0.72668 0.54891 0.05206 -0.84836 0.52685 0.18832 -0.70452 0.68424 0.18993 -0.88896 0.41674 0.26315 -0.83234 0.48781 0.2987 -0.91575 0.26868 0.30518 -0.91202 0.27403 0.36726 -0.92541 0.09348 0.31326 -0.9481 0.0546 0.38847 -0.91657 -0.09487 0.2877 -0.94408 -0.16104 0.33006 -0.91535 -0.23066 0.30464 -0.89781 -0.31801 0.1593 -0.90033 -0.40501 0.34727 -0.84877 -0.39873 0.11735 -0.81798 -0.56314 0.18531 -0.80113 -0.56907 0.03561 -0.71621 -0.69697 0.01083 -0.72184 -0.69197 -0.08067 -0.60284 -0.79378 -0.16948 -0.62004 -0.76605 -0.19986 -0.54748 -0.81261 -0.97298 -0.0099 -0.23067 -0.94768 -0.02761 -0.31801 -0.92585 -0.09931 -0.3646 -0.89259 -0.02983 -0.44988 -0.82202 -0.15455 -0.54809 -0.79988 -0.12094 -0.58785 -0.67528 -0.22237 -0.70324 -0.68918 -0.23832 -0.68428 -0.48717 -0.29803 -0.82088 -0.57027 -0.37139 -0.7327 -0.26 -0.37417 -0.89017 -0.45367 -0.50835 -0.73196 -0.27502 -0.49461 -0.82446 -0.99002 -0.11292 -0.08435 -0.97995 0.08976 -0.17787 -0.99453 -0.05549 0.08846 -0.99784 0.03197 0.0573 -0.96227 -0.03094 0.27033 -0.96133 -0.03952 0.27256 -0.89405 -0.043 0.44591 -0.8793 -0.12344 0.45999 -0.79459 -0.09173 0.60018 -0.75907 -0.21761 0.61357 -0.71 -0.1925 0.67738 0.06721 -0.73256 0.67738 0.00221 -0.68778 0.72591 -0.08731 -0.67988 0.72811 -0.07777 -0.60011 0.79613 -0.24742 -0.54846 0.79873 -0.24438 -0.51404 0.82222 -0.4124 -0.39586 0.8205 -0.41429 -0.43876 0.7974 -0.57292 -0.22446 0.78828 -0.57339 -0.38013 0.72576 -0.64537 -0.23779 0.72591 0.33258 0.18275 -0.9252 -0.04055 -0.2494 -0.96755 0.519 -0.77431 -0.36204 -0.56253 -0.02287 0.82646 -0.84737 0.17692 -0.50067 -0.73947 0.10194 -0.66543 -0.60417 0.00793 -0.79682 -0.44826 -0.10041 -0.88825 -0.27954 -0.21765 -0.93514 -0.62822 0.04672 0.77664 0.56596 -0.7808 -0.26466 -0.14098 -0.31538 -0.93843 -0.10119 -0.33087 -0.93823 -0.05529 -0.37543 -0.9252 0.06222 -0.45513 -0.88825 0.06222 -0.45513 -0.88825 0.13401 -0.3707 -0.91903 0.20398 -0.28143 -0.93765 0.21814 -0.56347 -0.79682 0.21814 -0.56347 -0.79682 0.29533 -0.4828 -0.82443 0.29533 -0.4828 -0.82443 0.36856 -0.3958 -0.84113 0.36856 -0.3958 -0.84113 0.35344 -0.65749 -0.66543 0.35344 -0.65749 -0.66543 0.43531 -0.58007 -0.68849 0.43531 -0.58007 -0.68849 0.51139 -0.49504 -0.70244 0.51139 -0.49504 -0.70244 0.58068 -0.4035 -0.70711 0.64231 -0.30663 -0.70244 0.46133 -0.73246 -0.50067 0.46133 -0.73246 -0.50067 0.54695 -0.65764 -0.51802 0.54695 -0.65764 -0.51802 0.62528 -0.57418 -0.52852 0.7562 -0.38577 -0.52852 0.7562 -0.38577 -0.52852 0.80711 -0.28325 -0.51802 -0.13401 0.3707 -0.91903 -0.29533 0.4828 -0.82443 -0.29533 0.4828 -0.82443 -0.36856 0.3958 -0.84113 -0.43531 0.58007 -0.68849 -0.43531 0.58007 -0.68849 -0.51139 0.49504 -0.70244 -0.51139 0.49504 -0.70244 -0.58068 0.4035 -0.70711 -0.54695 0.65765 -0.51802 -0.54695 0.65764 -0.51802 -0.62528 0.57418 -0.52852 -0.7562 0.38577 -0.52852 -0.92463 0.36492 0.10902 -0.92463 0.36492 0.10902 -0.87611 0.4691 0.11123 -0.74519 0.65751 0.11123 -0.74519 0.65751 0.11123 -0.66448 0.73931 0.10902 -0.66448 0.73931 0.10902 -0.88479 0.33723 0.32158 -0.88479 0.33723 0.32158 -0.83547 0.44085 0.3281 -0.83547 0.44085 0.3281 -0.70454 0.62926 0.3281 -0.62464 0.71163 0.32158 -0.62464 0.71163 0.32158 -0.80711 0.28325 0.51802 -0.80711 0.28325 0.51802 -0.7562 0.38577 0.52852 -0.62528 0.57418 0.52852 -0.62528 0.57418 0.52852 -0.54695 0.65764 0.51802 -0.54695 0.65764 0.51802 -0.44826 -0.10041 0.88825 -0.44826 -0.10041 0.88825 -0.39416 -0.00369 0.91903 -0.39416 -0.00369 0.91903 -0.3349 0.09302 0.93765 -0.3349 0.09302 0.93765 -0.20398 0.28143 0.93765 -0.20398 0.28143 0.93765 -0.13401 0.3707 0.91903 -0.13401 0.3707 0.91903 -0.27954 -0.21765 0.93514 -0.27954 -0.21765 0.93514 -0.2196 -0.12499 0.96755 -0.2196 -0.12499 0.96755 -0.1568 -0.03074 0.98715 -0.1568 -0.03074 0.98715 -0.02588 0.15767 0.98715 0.04055 0.24941 0.96755 0.04055 0.24941 0.96755 -0.10649 -0.3379 0.93514 -0.10649 -0.3379 0.93514 -0.04055 -0.24941 0.96755 -0.04055 -0.24941 0.96755 0.02588 -0.15767 0.98715 0.1568 0.03074 0.98715 0.1568 0.03074 0.98715 0.2196 0.12499 0.96755 0.2196 0.12499 0.96755 0.06222 -0.45513 0.88825 0.06222 -0.45513 0.88825 0.13401 -0.3707 0.91903 0.13401 -0.3707 0.91903 0.20398 -0.28143 0.93765 0.20398 -0.28143 0.93765 0.3349 -0.09302 0.93765 0.3349 -0.09302 0.93765 0.39416 0.00369 0.91903 0.39416 0.00369 0.91903 0.54695 -0.65764 0.51802 0.54695 -0.65764 0.51802 0.62528 -0.57418 0.52852 0.62528 -0.57418 0.52852 0.7562 -0.38577 0.52852 0.80711 -0.28325 0.51802 0.80711 -0.28325 0.51802 0.62464 -0.71163 0.32158 0.62464 -0.71163 0.32158 0.70454 -0.62926 0.3281 0.83547 -0.44085 0.3281 0.83547 -0.44085 0.3281 0.88479 -0.33723 0.32158 0.88479 -0.33723 0.32158 0.66448 -0.73931 0.10902 0.66448 -0.73931 0.10902 0.74519 -0.65751 0.11123 0.74519 -0.65751 0.11123 0.87611 -0.4691 0.11123 0.92463 -0.36492 0.10902 0.92463 -0.36492 0.10902 -0.80711 0.28325 -0.51802 -0.7562 0.38577 -0.52852 -0.64231 0.30663 -0.70244 -0.36856 0.3958 -0.84113 -0.20398 0.28143 -0.93765 0.04055 0.2494 -0.96755 0.10119 0.33087 -0.93823 0.14098 0.31538 -0.93843 -0.35344 0.65749 -0.66543 -0.35747 0.65814 -0.66262 -0.21693 0.56466 -0.79631 -0.20337 0.56185 -0.80185 -0.06575 0.45114 -0.89003 -0.04754 0.44566 -0.89394 0.05529 0.37543 -0.9252 -0.57068 0.80963 -0.13718 -0.53642 0.78464 -0.31081 -0.62464 0.71163 -0.32158 -0.62464 0.71163 -0.32158 -0.70454 0.62926 -0.3281 -0.70454 0.62926 -0.3281 -0.83547 0.44085 -0.3281 -0.88479 0.33723 -0.32158 -0.88479 0.33723 -0.32158 -0.91972 0.23841 -0.31189 -0.9067 0.21637 -0.36204 -0.56595 0.7808 -0.26467 -0.519 0.77431 -0.36204 -0.46133 0.73246 -0.50067 -0.48191 0.73366 -0.47906 -0.4236 0.70839 -0.56457 -0.92463 0.36492 -0.10902 -0.92463 0.36492 -0.10902 -0.87611 0.4691 -0.11123 -0.74519 0.65751 -0.11123 -0.66448 0.73931 -0.10902 -0.66448 0.73931 -0.10902 -0.58164 0.80655 -0.10567 -0.35344 0.65749 0.66543 -0.43531 0.58007 0.68849 -0.43531 0.58007 0.68849 -0.51139 0.49504 0.70244 -0.51139 0.49504 0.70244 -0.58068 0.4035 0.70711 -0.64231 0.30663 0.70244 -0.64231 0.30663 0.70244 -0.69547 0.20568 0.68849 -0.69547 0.20568 0.68849 -0.34275 0.6325 0.6946 -0.3906 0.68534 0.61461 -0.46133 0.73246 0.50067 -0.45959 0.72477 0.51331 -0.53182 0.78801 0.31017 -0.53225 0.78591 0.31473 -0.57744 0.80959 0.10548 -0.57546 0.81215 0.09623 -0.57784 0.81551 -0.03211 -0.93548 0.23647 -0.26259 -0.96096 0.25585 -0.10537 -0.96096 0.25585 -0.10536 -0.96096 0.25585 0.10537 -0.96096 0.25585 0.10536 -0.92245 0.22909 0.31081 -0.92245 0.22909 0.31081 -0.84737 0.17692 0.50067 -0.84737 0.17692 0.50067 -0.73947 0.10194 0.66543 -0.73947 0.10194 0.66543 -0.60417 0.00793 0.79682 -0.55548 0.10841 0.82443 -0.55548 0.10841 0.82443 -0.49948 0.20739 0.84113 -0.49948 0.20739 0.84113 -0.36856 0.3958 0.84113 -0.29533 0.4828 0.82443 -0.29533 0.4828 0.82443 -0.22472 0.557 0.79954 0.71813 -0.08579 0.6906 0.60417 -0.00793 0.79682 0.55548 -0.10841 0.82443 0.55548 -0.10841 0.82443 0.49948 -0.20739 0.84113 0.49948 -0.20739 0.84113 0.36856 -0.3958 0.84113 0.29533 -0.4828 0.82443 0.29533 -0.4828 0.82443 0.22472 -0.557 0.79954 0.17475 -0.53519 0.82646 0.62822 -0.04672 0.77664 0.56253 0.02287 0.82646 0.44826 0.10041 0.88825 0.46179 0.08013 0.88336 0.28472 0.22579 0.93164 0.29776 0.20388 0.93262 0.10649 0.3379 0.93514 0.09309 0.35777 0.92916 -0.06641 0.4504 0.89035 -0.07944 0.46799 0.88016 -0.17475 0.53519 0.82646 0.43531 -0.58007 0.68849 0.43531 -0.58007 0.68849 0.51139 -0.49504 0.70244 0.51139 -0.49504 0.70244 0.58068 -0.4035 0.70711 0.64231 -0.30663 0.70244 0.64231 -0.30663 0.70244 0.69547 -0.20568 0.68849 0.69547 -0.20568 0.68849 0.73641 -0.11002 0.66753 0.93548 -0.23647 -0.26258 0.96096 -0.25585 -0.10537 0.92463 -0.36492 -0.10902 0.92463 -0.36492 -0.10902 0.87611 -0.4691 -0.11123 0.74519 -0.65751 -0.11123 0.66448 -0.73931 -0.10902 0.66448 -0.73931 -0.10902 0.95397 -0.26632 -0.13788 0.96584 -0.25715 -0.03211 0.96096 -0.25585 0.10537 0.96078 -0.26004 0.09637 0.92345 -0.22558 0.3104 0.92275 -0.22279 0.31449 0.84602 -0.18106 0.50146 0.84143 -0.17223 0.51219 0.77853 -0.12706 0.61461 0.9067 -0.21637 -0.36204 0.91972 -0.23842 -0.31189 0.88479 -0.33723 -0.32158 0.88479 -0.33723 -0.32158 0.83547 -0.44085 -0.3281 0.70454 -0.62926 -0.3281 0.70454 -0.62926 -0.3281 0.62464 -0.71163 -0.32158 0.62464 -0.71163 -0.32158 0.53642 -0.78464 -0.31081 0.57492 -0.81139 -0.10537 0.57492 -0.81139 -0.10536 0.57492 -0.81139 0.10537 0.57492 -0.81139 0.10536 0.53642 -0.78464 0.31081 0.53642 -0.78464 0.31081 0.46133 -0.73246 0.50067 0.46133 -0.73246 0.50067 0.35344 -0.65749 0.66543 0.35344 -0.65749 0.66543 0.81165 -0.14995 -0.56457 -0.27954 -0.21765 -0.93514 -0.2196 -0.12499 -0.96755 -0.04055 -0.24941 -0.96755 0.02588 -0.15767 -0.98715 0.20398 -0.28143 -0.93765 0.64231 -0.30663 -0.70244 0.69547 -0.20568 -0.68849 0.80711 -0.28325 -0.51802 0.84506 -0.18398 -0.50202 0.85939 -0.18423 -0.47698 -0.44826 -0.10041 -0.88825 -0.39416 -0.00369 -0.91903 -0.2196 -0.12499 -0.96755 -0.1568 -0.03074 -0.98715 0.02588 -0.15767 -0.98715 0.3349 -0.09302 -0.93765 0.49948 -0.20739 -0.84113 0.55548 -0.10841 -0.82443 0.69547 -0.20568 -0.68849 0.73891 -0.10342 -0.66581 0.74219 -0.10363 -0.66213 -0.60417 0.00793 -0.79682 -0.55548 0.10841 -0.82443 -0.39416 -0.00369 -0.91903 -0.3349 0.09302 -0.93765 0.3349 -0.09302 -0.93765 0.39416 0.00369 -0.91903 0.55548 -0.10841 -0.82443 0.60724 -0.00098 -0.79452 0.59511 0 -0.80364 -0.73947 0.10194 -0.66543 -0.69547 0.20568 -0.68849 -0.55548 0.10841 -0.82443 -0.49948 0.20739 -0.84113 -0.02588 0.15767 -0.98715 0.1568 0.03074 -0.98715 0.2196 0.12499 -0.96755 0.39416 0.00369 -0.91903 0.44826 0.10041 -0.88825 0.43056 0.10403 -0.89655 -0.84737 0.17692 -0.50067 -0.80711 0.28325 -0.51802 -0.69547 0.20568 -0.68849 -0.64231 0.30663 -0.70244 -0.02588 0.15767 -0.98715 0.04055 0.24941 -0.96755 0.2196 0.12499 -0.96755 0.27954 0.21765 -0.93514 0.23679 0.22754 -0.94454 0.57063 0.8212 -0 0.57063 0.8212 -0 0.57063 0.82121 0 0.57063 0.82121 0 0.57063 0.8212 -0 0.57063 0.82121 0 0.57063 0.8212 -0 0.57063 0.82121 0 0.57063 0.8212 0 0.57063 0.82121 -0 0.57063 0.8212 -0 0.57063 0.8212 0 0.57063 0.8212 -0 0.57063 0.8212 0 0.57063 0.8212 0 0.57063 0.8212 0 0.57063 0.8212 0 0.57063 0.82121 0 0.57063 0.8212 -0 0.57063 0.82121 -0 0.57063 0.82121 -0 0.57063 0.82121 -0 0.57063 0.8212 -0 0.57063 0.82121 0 0.57063 0.82121 0 0.57063 0.8212 0 0.57063 0.82121 0 0.57063 0.8212 -0 0.57063 0.8212 0 0.57063 0.82121 0 -0.57063 -0.8212 -0 -0.57063 -0.8212 0 -0.57063 -0.8212 0 -0.57063 -0.82121 -0 -0.57063 -0.8212 0 -0.57063 -0.8212 0 -0.57063 -0.82121 -0 -0.57063 -0.8212 0 -0.57063 -0.82121 -0 -0.57063 -0.8212 0 -0.57063 -0.82121 -0 -0.57063 -0.8212 0 -0.57063 -0.8212 0 -0.57063 -0.82121 -0 -0.57063 -0.82121 -0 -0.57063 -0.82121 -0 -0.57063 -0.8212 -0 -0.57063 -0.82121 0 -0.57063 -0.8212 -0 -0.57063 -0.82121 0 -0.57063 -0.82121 0 -0.57063 -0.82121 0 -0.57063 -0.8212 -0 -0.57063 -0.8212 0 -0.57063 -0.8212 0 -0.57063 -0.82121 0 -0.57063 -0.82121 -0 -0.57063 -0.82121 0 -0.57063 -0.8212 -0 -0.57063 -0.8212 -0 -0.67121 0.74127 0 -0.80363 0.59514 0 -0.92881 0.37055 0 -0.93278 0.3604 0.00585 -0.90539 0.42447 -0.00983 -0.94808 0.31786 0.01067 -0.92912 0.36977 -0.00355 -0.96534 0.26098 0.0031 -0.95632 0.29229 -0.00421 -0.97926 0.20259 0.00284 -0.97569 0.21914 0 -0.84149 0.54027 0 -0.87873 0.47721 0.01063 -0.86354 0.50427 0.00155 -0.89822 0.43954 -0 -0.91185 0.41051 0 -0.76391 0.64528 0.00767 -0.77377 0.63345 0.00374 -0.73163 0.6817 -0 -0.54343 0.83945 0 -0.5455 0.83811 -0.00039 -0.60445 0.79664 0.0004 -0.59531 0.8035 0.0021 -0.67059 0.74182 -0.00355 -0.63577 0.77184 0.00828 -0.7136 0.70053 -0.00619 -0.67764 0.73539 0.00299 -0.70993 0.70427 0 0.74127 0.67121 0 0.59514 0.80363 0 0.37055 0.92881 0 0.3604 0.93278 0.00585 0.42447 0.90539 -0.00983 0.31786 0.94808 0.01067 0.36977 0.92912 -0.00355 0.26098 0.96534 0.0031 0.29229 0.95632 -0.00421 0.20259 0.97926 0.00284 0.21914 0.97569 0 0.54027 0.84149 0 0.47721 0.87873 0.01063 0.50427 0.86354 0.00155 0.43954 0.89822 -0 0.41051 0.91185 0 0.64528 0.76391 0.00767 0.63345 0.77377 0.00374 0.6817 0.73163 -0 0.83945 0.54343 -0 0.83811 0.5455 -0.00039 0.79664 0.60445 0.0004 0.8035 0.59531 0.0021 0.74182 0.67059 -0.00355 0.77184 0.63577 0.00828 0.70053 0.7136 -0.00619 0.73539 0.67764 0.00299 0.70427 0.70993 0 -0.00359 0.99999 0 0.33865 0.94091 0 0.64003 0.76835 0 0.86423 0.5031 -0 0.98542 -0.17011 -0 0.86781 -0.49689 -0 0.64553 -0.76373 -0 0.34539 -0.93846 -0 0.34539 -0.93846 -0 0.00359 -0.99999 -0 0.00359 -0.99999 -0 -0.33865 -0.94091 -0 -0.64003 -0.76835 -0 -0.86423 -0.5031 0 -0.98542 0.17011 0 -0.86781 0.49689 0 -0.64553 0.76373 0 -0.34539 0.93846 0 0.28626 -0.95815 -0 0.49229 -0.87043 -0 0.67364 -0.73906 -0 0.92759 -0.37359 -0 0.98747 -0.15782 -0 0.99783 0.06587 -0 0.95815 0.28626 -0 0.87043 0.49229 -0 0.73906 0.67364 0 0.37359 0.92759 0 0.15782 0.98747 0 -0.06587 0.99783 0 -0.28626 0.95815 0 -0.49229 0.87043 0 -0.67364 0.73906 0 -0.92759 0.37359 0 -0.98747 0.15782 0 -0.99783 -0.06587 0 -0.95815 -0.28626 0 -0.87043 -0.49229 0 -0.73906 -0.67364 -0 -0.37359 -0.92759 -0 -0.15782 -0.98747 -0 0.06587 -0.99783 -0 -0.34539 0.93846 0 -0.64553 0.76373 0 -0.86781 0.49689 0 -0.98542 0.17011 0 -0.86423 -0.5031 0 -0.64003 -0.76835 -0 -0.33865 -0.94091 -0 0.00359 -0.99999 -0 0.34539 -0.93846 -0 0.64553 -0.76373 -0 0.86781 -0.49689 -0 0.98542 -0.17011 -0 0.86423 0.5031 -0 0.64003 0.76835 0 0.33865 0.94091 0 -0.00359 0.99999 0</float_array>
          <technique_common>
            <accessor source="#norm_0-array" count="24540" stride="3">
              <param name="X" type="float"/>
              <param name="Y" type="float"/>
              <param name="Z" type="float"/>
            </accessor>
          </technique_common>
        </source>
        <source id="uvs_0">
          <float_array id="uvs_0-array" count="0"></float_array>
          <technique_common>
            <accessor source="#uvs_0-array" count="0" stride="2">
              <param name="S" type="float"/>
              <param name="T" type="float"/>
            </accessor>
          </technique_common>
        </source>
        <vertices id="vert_0">
          <input semantic="POSITION" source="#pos_0"/>
        </vertices>
        <triangles count="9868" material="mat_0">
          <input semantic="VERTEX" source="#vert_0" offset="0"/>
          <input semantic="NORMAL" source="#norm_0" offset="1"/>
          <p>0 0 1 0 2 0 2 1 1 1 3 1 0 2 4 2 1 2 1 3 4 3 5 3 1 4 5 4 6 4 6 5 5 5 7 5 7 6 8 6 6 6 6 7 8 7 9 7 6 8 9 8 10 8 10 9 9 9 11 9 12 10 13 10 14 10 12 11 14 11 15 11 15 12 14 12 16 12 16 13 14 13 17 13 16 14 17 14 18 14 19 15 20 15 21 15 21 16 20 16 22 16 21 17 22 17 23 17 13 18 19 18 14 18 14 19 19 19 21 19 14 20 21 20 24 20 24 21 21 21 1 21 24 22 1 22 25 22 25 23 1 23 6 23 26 24 27 24 28 24 29 25 30 25 31 25 32 26 33 26 34 26 34 27 33 27 35 27 32 28 34 28 36 28 36 29 34 29 37 29 36 30 37 30 38 30 38 31 37 31 39 31 38 32 39 32 40 32 27 33 29 33 28 33 28 34 29 34 31 34 28 35 31 35 39 35 39 36 31 36 41 36 39 37 41 37 40 37 42 38 43 38 44 38 44 39 43 39 45 39 44 40 45 40 26 40 46 41 47 41 48 41 48 42 47 42 49 42 48 43 49 43 50 43 50 44 51 44 48 44 48 45 51 45 52 45 48 46 52 46 42 46 46 47 48 47 53 47 53 48 48 48 54 48 53 49 54 49 55 49 55 50 54 50 56 50 55 51 56 51 57 51 57 52 56 52 58 52 57 53 58 53 59 53 58 54 60 54 61 54 59 55 58 55 62 55 62 56 58 56 61 56 62 57 61 57 63 57 64 58 65 58 66 58 66 59 65 59 67 59 66 60 67 60 68 60 35 61 69 61 34 61 34 62 69 62 70 62 34 63 70 63 71 63 42 64 44 64 48 64 48 65 44 65 72 65 48 66 72 66 54 66 54 67 72 67 73 67 54 68 73 68 56 68 56 69 73 69 66 69 56 70 66 70 58 70 58 71 66 71 68 71 58 72 68 72 60 72 26 73 28 73 44 73 44 74 28 74 39 74 44 75 39 75 72 75 72 76 39 76 37 76 72 77 37 77 73 77 73 78 37 78 34 78 73 79 34 79 66 79 66 80 34 80 71 80 66 81 71 81 64 81 74 82 75 82 76 82 77 83 78 83 79 83 80 84 81 84 82 84 82 85 81 85 83 85 82 86 83 86 84 86 84 87 83 87 85 87 84 88 85 88 86 88 79 89 78 89 87 89 76 90 75 90 88 90 74 91 76 91 89 91 89 92 76 92 90 92 89 93 90 93 91 93 91 94 90 94 92 94 91 95 92 95 93 95 78 96 94 96 87 96 87 97 94 97 95 97 87 97 95 97 96 97 96 98 95 98 97 98 96 99 97 99 98 99 98 100 97 100 99 100 98 101 99 101 100 101 86 102 85 102 100 102 100 103 85 103 101 103 100 104 101 104 98 104 98 105 101 105 102 105 98 106 102 106 96 106 96 107 102 107 103 107 96 107 103 107 87 107 87 108 103 108 88 108 87 109 88 109 79 109 79 110 88 110 75 110 79 111 75 111 77 111 104 112 105 112 106 112 107 112 108 112 105 112 105 112 108 112 109 112 105 112 109 112 106 112 110 112 111 112 112 112 112 112 111 112 113 112 112 112 113 112 107 112 107 112 113 112 114 112 107 112 114 112 108 112 115 112 116 112 112 112 112 112 116 112 117 112 112 112 117 112 110 112 118 112 119 112 115 112 115 112 119 112 120 112 115 112 120 112 116 112 121 112 122 112 123 112 123 112 122 112 124 112 123 112 124 112 125 112 126 112 127 112 128 112 129 112 130 112 131 112 125 112 132 112 123 112 123 112 132 112 133 112 123 112 133 112 131 112 131 112 133 112 134 112 131 112 134 112 129 112 126 112 135 112 127 112 127 112 135 112 136 112 127 112 136 112 121 112 121 112 136 112 137 112 121 112 137 112 122 112 138 112 139 112 140 112 140 112 139 112 141 112 140 112 141 112 128 112 128 112 141 112 142 112 128 112 142 112 126 112 129 112 143 112 130 112 130 112 143 112 144 112 130 112 144 112 118 112 118 112 144 112 145 112 118 112 145 112 119 112 88 112 146 112 147 112 148 112 81 112 140 112 140 112 81 112 80 112 140 112 80 112 138 112 149 112 85 112 148 112 148 112 85 112 83 112 148 112 83 112 81 112 88 112 103 112 146 112 146 112 103 112 102 112 146 112 102 112 149 112 149 112 102 112 101 112 149 112 101 112 85 112 93 112 92 112 150 112 150 112 92 112 90 112 150 112 90 112 147 112 147 112 90 112 76 112 147 112 76 112 88 112 106 112 151 112 104 112 104 112 151 112 152 112 104 112 152 112 150 112 150 112 152 112 153 112 150 112 153 112 93 112 154 113 155 113 156 113 154 114 156 114 157 114 157 115 156 115 158 115 158 116 156 116 159 116 158 117 159 117 160 117 161 118 162 118 163 118 163 119 162 119 164 119 163 120 164 120 165 120 166 121 167 121 168 121 168 122 167 122 169 122 166 123 170 123 167 123 167 124 170 124 171 124 167 125 171 125 172 125 172 126 171 126 173 126 173 127 174 127 172 127 172 128 174 128 175 128 172 129 175 129 176 129 176 130 175 130 177 130 155 131 161 131 156 131 156 132 161 132 163 132 156 133 163 133 178 133 178 134 163 134 167 134 178 135 167 135 179 135 179 136 167 136 172 136 180 137 181 137 182 137 180 138 182 138 183 138 183 139 182 139 184 139 184 140 182 140 185 140 184 141 185 141 186 141 187 142 188 142 189 142 189 143 188 143 190 143 189 144 190 144 191 144 192 145 193 145 194 145 194 146 193 146 195 146 192 147 196 147 193 147 193 148 196 148 197 148 193 149 197 149 198 149 198 150 197 150 199 150 199 151 200 151 198 151 198 152 200 152 201 152 198 153 201 153 202 153 202 154 201 154 203 154 181 155 187 155 182 155 182 156 187 156 189 156 182 157 189 157 204 157 204 158 189 158 193 158 204 159 193 159 205 159 205 160 193 160 198 160 206 161 207 161 208 161 206 162 208 162 209 162 209 163 208 163 210 163 210 164 208 164 211 164 210 165 211 165 212 165 213 166 214 166 215 166 215 167 214 167 216 167 215 168 216 168 217 168 218 169 219 169 220 169 220 170 219 170 221 170 218 171 222 171 219 171 219 172 222 172 223 172 219 173 223 173 224 173 224 174 223 174 225 174 225 175 226 175 224 175 224 176 226 176 227 176 224 177 227 177 228 177 228 178 227 178 229 178 207 179 213 179 208 179 208 180 213 180 215 180 208 181 215 181 230 181 230 182 215 182 219 182 230 183 219 183 231 183 231 184 219 184 224 184 232 185 233 185 234 185 235 186 236 186 237 186 237 187 236 187 232 187 238 188 239 188 240 188 240 189 239 189 235 189 241 190 242 190 243 190 243 191 244 191 241 191 241 192 244 192 245 192 241 193 245 193 246 193 246 194 247 194 241 194 241 195 247 195 248 195 241 196 248 196 238 196 242 197 241 197 249 197 249 198 241 198 250 198 249 199 250 199 251 199 251 200 250 200 252 200 251 201 252 201 253 201 253 202 252 202 254 202 253 203 254 203 255 203 254 204 256 204 257 204 255 205 254 205 258 205 258 206 254 206 257 206 258 207 257 207 259 207 260 208 261 208 262 208 262 209 261 209 263 209 262 210 263 210 264 210 265 211 266 211 267 211 267 212 266 212 268 212 267 213 268 213 269 213 232 214 234 214 237 214 237 215 234 215 270 215 237 216 270 216 271 216 271 217 270 217 272 217 271 218 272 218 273 218 273 219 272 219 274 219 273 220 274 220 267 220 267 221 274 221 275 221 267 222 275 222 265 222 238 223 240 223 241 223 241 224 240 224 276 224 241 225 276 225 250 225 250 226 276 226 277 226 250 227 277 227 252 227 252 228 277 228 262 228 252 229 262 229 254 229 254 230 262 230 264 230 254 231 264 231 256 231 235 232 237 232 240 232 240 233 237 233 271 233 240 234 271 234 276 234 276 235 271 235 273 235 276 236 273 236 277 236 277 237 273 237 267 237 277 238 267 238 262 238 262 239 267 239 269 239 262 240 269 240 260 240 278 241 279 241 280 241 281 242 282 242 283 242 283 243 282 243 278 243 284 244 285 244 286 244 286 245 285 245 281 245 287 246 288 246 289 246 289 247 290 247 287 247 287 248 290 248 291 248 287 249 291 249 292 249 292 250 293 250 287 250 287 251 293 251 294 251 287 252 294 252 284 252 288 253 287 253 295 253 295 254 287 254 296 254 295 255 296 255 297 255 297 256 296 256 298 256 297 257 298 257 299 257 299 258 298 258 300 258 299 259 300 259 301 259 300 260 302 260 303 260 301 261 300 261 304 261 304 262 300 262 303 262 304 263 303 263 305 263 306 264 307 264 308 264 308 265 307 265 309 265 308 266 309 266 310 266 311 267 312 267 313 267 313 268 312 268 314 268 313 269 314 269 315 269 278 270 280 270 283 270 283 271 280 271 316 271 283 272 316 272 317 272 317 273 316 273 318 273 317 274 318 274 319 274 319 275 318 275 320 275 319 276 320 276 313 276 313 277 320 277 321 277 313 278 321 278 311 278 284 279 286 279 287 279 287 280 286 280 322 280 287 281 322 281 296 281 296 282 322 282 323 282 296 283 323 283 298 283 298 284 323 284 308 284 298 285 308 285 300 285 300 286 308 286 310 286 300 287 310 287 302 287 281 288 283 288 286 288 286 289 283 289 317 289 286 290 317 290 322 290 322 291 317 291 319 291 322 292 319 292 323 292 323 293 319 293 313 293 323 294 313 294 308 294 308 295 313 295 315 295 308 296 315 296 306 296 324 297 325 297 326 297 327 298 328 298 329 298 330 299 331 299 332 299 330 300 332 300 333 300 333 301 332 301 334 301 334 302 332 302 335 302 334 303 335 303 336 303 336 304 335 304 337 304 336 305 337 305 338 305 325 306 327 306 326 306 326 307 327 307 329 307 326 308 329 308 337 308 337 309 329 309 339 309 337 310 339 310 338 310 340 311 341 311 342 311 342 312 341 312 324 312 343 313 344 313 345 313 345 314 346 314 343 314 343 315 346 315 347 315 343 316 347 316 348 316 348 317 349 317 343 317 343 318 349 318 350 318 343 319 350 319 340 319 344 320 343 320 351 320 351 321 343 321 352 321 351 322 352 322 353 322 353 323 352 323 354 323 353 324 354 324 355 324 355 325 354 325 356 325 355 326 356 326 357 326 356 327 358 327 359 327 357 328 356 328 360 328 360 329 356 329 359 329 360 330 359 330 361 330 362 331 363 331 364 331 364 332 363 332 365 332 366 333 367 333 363 333 363 334 367 334 368 334 363 335 368 335 365 335 340 336 342 336 343 336 343 337 342 337 369 337 343 338 369 338 352 338 352 339 369 339 370 339 352 340 370 340 354 340 354 341 370 341 363 341 354 342 363 342 356 342 356 343 363 343 362 343 356 344 362 344 358 344 324 345 326 345 342 345 342 346 326 346 337 346 342 347 337 347 369 347 369 348 337 348 335 348 369 349 335 349 370 349 370 350 335 350 332 350 370 351 332 351 363 351 363 352 332 352 331 352 363 353 331 353 366 353 371 354 18 354 17 354 10 355 11 355 372 355 372 356 11 356 373 356 10 357 372 357 6 357 6 358 372 358 374 358 6 359 374 359 25 359 25 360 374 360 375 360 25 361 375 361 24 361 376 362 371 362 377 362 377 363 371 363 17 363 377 364 17 364 375 364 375 365 17 365 14 365 375 366 14 366 24 366 378 367 379 367 380 367 380 368 379 368 381 368 382 369 383 369 384 369 383 370 385 370 384 370 384 371 385 371 386 371 384 372 386 372 387 372 388 373 389 373 390 373 390 374 389 374 391 374 390 375 391 375 392 375 392 376 391 376 393 376 392 377 393 377 394 377 394 378 393 378 395 378 394 379 395 379 384 379 384 380 395 380 396 380 384 381 396 381 382 381 397 382 388 382 398 382 398 383 388 383 390 383 398 384 390 384 399 384 399 385 390 385 400 385 401 386 400 386 402 386 403 387 404 387 402 387 402 388 404 388 405 388 402 389 405 389 401 389 373 390 406 390 372 390 372 391 406 391 407 391 372 392 407 392 403 392 403 393 402 393 372 393 372 394 402 394 408 394 372 395 408 395 374 395 374 396 408 396 409 396 374 396 409 396 375 396 375 397 409 397 380 397 375 398 380 398 377 398 377 399 380 399 381 399 377 400 381 400 376 400 400 401 390 401 402 401 402 402 390 402 392 402 402 403 392 403 408 403 408 404 392 404 394 404 408 405 394 405 409 405 409 406 394 406 384 406 409 407 384 407 380 407 380 408 384 408 387 408 380 409 387 409 378 409 410 410 411 410 412 410 413 411 160 411 159 411 414 412 415 412 416 412 416 413 415 413 417 413 418 414 419 414 420 414 419 415 421 415 420 415 420 416 421 416 422 416 420 417 422 417 423 417 424 418 425 418 426 418 426 419 425 419 427 419 426 420 427 420 428 420 428 421 427 421 429 421 428 422 429 422 430 422 430 423 429 423 431 423 430 424 431 424 420 424 420 425 431 425 432 425 420 426 432 426 418 426 433 427 424 427 434 427 434 428 424 428 426 428 434 429 426 429 435 429 435 430 426 430 436 430 411 431 437 431 412 431 412 432 437 432 438 432 412 433 438 433 436 433 439 434 440 434 441 434 441 435 440 435 410 435 176 436 177 436 441 436 441 437 177 437 442 437 441 438 442 438 439 438 176 439 441 439 172 439 172 440 441 440 443 440 172 441 443 441 179 441 179 442 443 442 444 442 179 443 444 443 178 443 445 444 413 444 446 444 446 445 413 445 159 445 446 446 159 446 444 446 444 447 159 447 156 447 444 448 156 448 178 448 410 449 412 449 441 449 441 450 412 450 447 450 441 451 447 451 443 451 443 452 447 452 448 452 443 452 448 452 444 452 444 453 448 453 416 453 444 454 416 454 446 454 446 455 416 455 417 455 446 456 417 456 445 456 436 457 426 457 412 457 412 458 426 458 428 458 412 459 428 459 447 459 447 460 428 460 430 460 447 461 430 461 448 461 448 462 430 462 420 462 448 463 420 463 416 463 416 464 420 464 423 464 416 465 423 465 414 465 449 466 212 466 211 466 450 467 451 467 452 467 452 468 451 468 453 468 454 469 455 469 456 469 455 470 457 470 456 470 456 471 457 471 458 471 456 472 458 472 459 472 460 473 461 473 462 473 462 474 461 474 463 474 462 475 463 475 464 475 464 476 463 476 465 476 464 477 465 477 466 477 466 478 465 478 467 478 466 479 467 479 456 479 456 480 467 480 468 480 456 481 468 481 454 481 469 482 460 482 470 482 470 483 460 483 462 483 470 484 462 484 471 484 471 485 462 485 472 485 473 486 472 486 474 486 475 487 476 487 474 487 474 488 476 488 477 488 474 489 477 489 473 489 478 490 479 490 480 490 480 491 479 491 475 491 228 492 229 492 480 492 480 493 229 493 481 493 480 494 481 494 478 494 228 495 480 495 224 495 224 496 480 496 482 496 224 497 482 497 231 497 231 498 482 498 483 498 231 499 483 499 230 499 484 500 449 500 485 500 485 501 449 501 211 501 485 502 211 502 483 502 483 503 211 503 208 503 483 504 208 504 230 504 475 505 474 505 480 505 480 506 474 506 486 506 480 507 486 507 482 507 482 508 486 508 487 508 482 508 487 508 483 508 483 509 487 509 452 509 483 510 452 510 485 510 485 511 452 511 453 511 485 512 453 512 484 512 472 513 462 513 474 513 474 514 462 514 464 514 474 515 464 515 486 515 486 516 464 516 466 516 486 517 466 517 487 517 487 518 466 518 456 518 487 519 456 519 452 519 452 520 456 520 459 520 452 521 459 521 450 521 488 522 186 522 185 522 202 523 203 523 489 523 489 524 203 524 490 524 489 525 490 525 491 525 202 526 489 526 198 526 198 527 489 527 492 527 198 528 492 528 205 528 205 529 492 529 493 529 205 530 493 530 204 530 494 531 488 531 495 531 495 532 488 532 185 532 495 533 185 533 493 533 493 534 185 534 182 534 493 535 182 535 204 535 496 536 497 536 498 536 498 537 497 537 499 537 500 538 501 538 502 538 501 539 503 539 502 539 502 540 503 540 504 540 502 541 504 541 505 541 506 542 507 542 508 542 508 543 507 543 509 543 508 544 509 544 510 544 510 545 509 545 511 545 510 546 511 546 512 546 512 547 511 547 513 547 512 548 513 548 502 548 502 549 513 549 514 549 502 550 514 550 500 550 515 551 506 551 516 551 516 552 506 552 508 552 516 553 508 553 517 553 517 554 508 554 518 554 518 555 519 555 520 555 520 556 519 556 521 556 491 557 522 557 519 557 522 558 523 558 519 558 519 559 523 559 524 559 519 560 524 560 521 560 491 561 519 561 489 561 489 562 519 562 525 562 489 563 525 563 492 563 492 564 525 564 526 564 492 564 526 564 493 564 493 565 526 565 498 565 493 566 498 566 495 566 495 567 498 567 499 567 495 568 499 568 494 568 518 569 508 569 519 569 519 570 508 570 510 570 519 571 510 571 525 571 525 572 510 572 512 572 525 573 512 573 526 573 526 574 512 574 502 574 526 575 502 575 498 575 498 576 502 576 505 576 498 577 505 577 496 577 527 578 528 578 113 578 529 579 530 579 531 579 531 580 530 580 532 580 113 581 528 581 114 581 527 582 113 582 533 582 533 583 113 583 111 583 533 584 111 584 534 584 534 585 111 585 110 585 534 586 110 586 117 586 93 587 153 587 535 587 535 588 153 588 152 588 535 589 152 589 536 589 536 590 152 590 151 590 536 591 151 591 537 591 530 592 538 592 532 592 532 593 538 593 539 593 532 593 539 593 540 593 540 594 539 594 541 594 540 595 541 595 542 595 542 596 541 596 543 596 542 597 543 597 544 597 537 598 151 598 544 598 544 599 151 599 106 599 544 600 106 600 542 600 542 601 106 601 109 601 542 602 109 602 540 602 540 603 109 603 108 603 540 603 108 603 532 603 532 604 108 604 114 604 532 605 114 605 531 605 531 606 114 606 528 606 531 607 528 607 529 607 545 608 546 608 141 608 547 609 548 609 549 609 125 610 124 610 550 610 550 611 124 611 122 611 550 612 122 612 551 612 551 613 122 613 137 613 551 614 137 614 552 614 549 615 548 615 553 615 141 616 546 616 142 616 545 617 141 617 554 617 554 618 141 618 139 618 554 619 139 619 555 619 555 620 139 620 138 620 555 621 138 621 80 621 548 622 556 622 553 622 553 623 556 623 557 623 553 624 557 624 558 624 558 625 557 625 559 625 558 626 559 626 560 626 560 627 559 627 561 627 560 628 561 628 562 628 552 629 137 629 562 629 562 630 137 630 136 630 562 631 136 631 560 631 560 632 136 632 135 632 560 633 135 633 558 633 558 634 135 634 126 634 558 635 126 635 553 635 553 636 126 636 142 636 553 637 142 637 549 637 549 638 142 638 546 638 549 639 546 639 547 639 563 640 564 640 134 640 565 641 566 641 567 641 567 642 566 642 568 642 134 643 564 643 129 643 563 644 134 644 569 644 569 645 134 645 133 645 569 646 133 646 570 646 570 647 133 647 132 647 570 648 132 648 125 648 117 649 116 649 571 649 571 650 116 650 120 650 571 651 120 651 572 651 572 652 120 652 119 652 572 653 119 653 573 653 566 654 574 654 568 654 568 655 574 655 575 655 568 655 575 655 576 655 576 656 575 656 577 656 576 657 577 657 578 657 578 658 577 658 579 658 578 659 579 659 580 659 573 660 119 660 580 660 580 661 119 661 145 661 580 662 145 662 578 662 578 663 145 663 144 663 578 664 144 664 576 664 576 665 144 665 143 665 576 665 143 665 568 665 568 666 143 666 129 666 568 667 129 667 567 667 567 668 129 668 564 668 567 669 564 669 565 669 581 670 582 670 41 670 581 671 41 671 583 671 583 672 41 672 584 672 584 673 41 673 31 673 584 674 31 674 30 674 585 675 586 675 95 675 95 676 586 676 587 676 95 677 587 677 97 677 588 678 94 678 589 678 589 679 94 679 78 679 588 680 590 680 94 680 94 681 590 681 591 681 94 682 591 682 36 682 36 683 591 683 592 683 592 684 593 684 36 684 36 685 593 685 594 685 36 686 594 686 32 686 32 687 594 687 33 687 582 688 585 688 41 688 41 689 585 689 95 689 41 690 95 690 40 690 40 691 95 691 94 691 40 692 94 692 38 692 38 693 94 693 36 693 595 694 596 694 270 694 595 695 270 695 597 695 597 696 270 696 598 696 598 697 270 697 234 697 598 698 234 698 233 698 599 699 600 699 539 699 539 700 600 700 601 700 539 701 601 701 541 701 602 702 603 702 272 702 530 703 604 703 538 703 538 704 604 704 605 704 538 705 605 705 606 705 603 706 607 706 272 706 272 707 607 707 608 707 272 708 608 708 274 708 274 709 608 709 275 709 596 710 599 710 270 710 270 711 599 711 539 711 270 712 539 712 272 712 272 713 539 713 538 713 272 714 538 714 602 714 602 715 538 715 606 715 609 716 610 716 339 716 609 717 339 717 611 717 611 718 339 718 612 718 612 719 339 719 329 719 612 720 329 720 328 720 613 721 614 721 557 721 557 722 614 722 615 722 557 723 615 723 559 723 556 724 548 724 616 724 616 725 617 725 556 725 556 726 617 726 618 726 556 727 618 727 619 727 620 728 621 728 336 728 336 729 621 729 622 729 336 730 622 730 334 730 334 731 622 731 333 731 610 732 613 732 339 732 339 733 613 733 557 733 339 734 557 734 338 734 338 735 557 735 556 735 338 736 556 736 336 736 336 737 556 737 619 737 336 738 619 738 620 738 623 739 624 739 316 739 623 740 316 740 625 740 625 741 316 741 626 741 626 742 316 742 280 742 626 743 280 743 279 743 627 744 628 744 575 744 575 745 628 745 629 745 575 746 629 746 577 746 566 747 630 747 574 747 574 748 630 748 631 748 574 749 631 749 632 749 318 750 633 750 634 750 634 751 635 751 318 751 318 752 635 752 636 752 318 753 636 753 320 753 320 754 636 754 321 754 624 755 627 755 316 755 316 756 627 756 575 756 316 757 575 757 318 757 318 758 575 758 574 758 318 759 574 759 633 759 633 760 574 760 632 760 360 761 468 761 357 761 357 762 468 762 467 762 357 763 467 763 355 763 355 764 467 764 465 764 355 765 465 765 353 765 353 766 465 766 463 766 460 767 345 767 461 767 461 768 345 768 344 768 461 769 344 769 463 769 463 770 344 770 351 770 463 771 351 771 353 771 327 772 637 772 328 772 328 772 637 772 638 772 328 772 638 772 612 772 612 772 638 772 639 772 612 772 639 772 611 772 640 772 481 772 641 772 641 772 481 772 229 772 641 772 229 772 642 772 642 772 229 772 227 772 642 772 227 772 643 772 643 772 227 772 226 772 643 772 226 772 644 772 644 772 226 772 611 772 644 772 611 772 645 772 645 772 611 772 639 772 611 773 226 773 609 773 609 774 226 774 225 774 609 775 225 775 610 775 610 776 225 776 223 776 610 777 223 777 613 777 613 778 223 778 222 778 613 779 222 779 614 779 614 780 222 780 218 780 588 781 162 781 590 781 590 782 162 782 161 782 590 783 161 783 591 783 591 784 161 784 155 784 591 785 155 785 592 785 592 786 155 786 154 786 592 787 154 787 593 787 593 788 154 788 157 788 63 789 61 789 421 789 646 790 647 790 64 790 35 791 648 791 69 791 69 792 648 792 649 792 69 793 649 793 70 793 70 794 649 794 646 794 70 795 646 795 71 795 71 796 646 796 64 796 64 797 415 797 65 797 65 798 415 798 414 798 65 799 414 799 67 799 67 800 414 800 68 800 68 801 414 801 423 801 68 802 423 802 422 802 421 803 61 803 422 803 422 804 61 804 60 804 422 805 60 805 68 805 432 806 62 806 418 806 418 807 62 807 63 807 418 808 63 808 419 808 419 809 63 809 421 809 650 810 413 810 651 810 651 811 413 811 445 811 651 812 445 812 652 812 652 813 445 813 417 813 652 814 417 814 653 814 653 815 417 815 415 815 653 816 415 816 654 816 654 817 415 817 64 817 654 818 64 818 655 818 655 819 64 819 647 819 62 820 432 820 59 820 59 821 432 821 431 821 59 822 431 822 57 822 57 823 431 823 429 823 57 824 429 824 55 824 55 825 429 825 427 825 424 826 47 826 425 826 425 827 47 827 46 827 425 828 46 828 427 828 427 829 46 829 53 829 427 830 53 830 55 830 29 831 656 831 30 831 30 831 656 831 657 831 30 831 657 831 584 831 584 831 657 831 658 831 584 831 658 831 583 831 659 831 442 831 660 831 660 831 442 831 177 831 660 831 177 831 661 831 661 831 177 831 175 831 661 831 175 831 662 831 662 831 175 831 174 831 662 831 174 831 663 831 663 831 174 831 583 831 663 831 583 831 664 831 664 831 583 831 658 831 583 832 174 832 581 832 581 833 174 833 173 833 581 834 173 834 582 834 582 835 173 835 171 835 582 836 171 836 585 836 585 837 171 837 170 837 585 838 170 838 586 838 586 839 170 839 166 839 555 840 80 840 665 840 666 841 667 841 217 841 555 842 665 842 554 842 554 843 665 843 668 843 554 844 668 844 545 844 86 845 669 845 84 845 84 846 669 846 665 846 84 847 665 847 82 847 82 848 665 848 80 848 169 849 670 849 671 849 86 850 100 850 669 850 669 851 100 851 99 851 669 852 99 852 671 852 671 853 99 853 97 853 671 854 97 854 169 854 169 855 97 855 587 855 169 856 587 856 168 856 168 857 587 857 586 857 168 858 586 858 166 858 214 859 617 859 216 859 216 860 617 860 616 860 216 861 616 861 217 861 217 862 616 862 548 862 217 863 548 863 666 863 666 864 548 864 547 864 666 865 547 865 668 865 668 866 547 866 546 866 668 867 546 867 545 867 617 868 214 868 618 868 618 869 214 869 213 869 618 870 213 870 619 870 619 871 213 871 207 871 619 872 207 872 620 872 620 873 207 873 206 873 620 874 206 874 621 874 621 875 206 875 209 875 361 876 359 876 457 876 672 877 673 877 368 877 330 878 674 878 331 878 331 879 674 879 675 879 331 880 675 880 366 880 366 881 675 881 672 881 366 882 672 882 367 882 367 883 672 883 368 883 368 884 451 884 365 884 365 885 451 885 450 885 365 886 450 886 364 886 364 887 450 887 362 887 362 888 450 888 459 888 362 889 459 889 458 889 457 890 359 890 458 890 458 891 359 891 358 891 458 892 358 892 362 892 468 893 360 893 454 893 454 894 360 894 361 894 454 895 361 895 455 895 455 896 361 896 457 896 676 897 449 897 677 897 677 898 449 898 484 898 677 899 484 899 678 899 678 900 484 900 453 900 678 901 453 901 679 901 679 902 453 902 451 902 679 903 451 903 680 903 680 904 451 904 368 904 680 905 368 905 681 905 681 906 368 906 673 906 631 907 188 907 632 907 632 908 188 908 187 908 632 909 187 909 633 909 633 910 187 910 181 910 633 911 181 911 634 911 634 912 181 912 180 912 634 913 180 913 635 913 635 914 180 914 183 914 305 915 303 915 503 915 682 916 683 916 306 916 311 917 684 917 312 917 312 918 684 918 685 918 312 919 685 919 314 919 314 920 685 920 682 920 314 921 682 921 315 921 315 922 682 922 306 922 306 923 497 923 307 923 307 924 497 924 496 924 307 925 496 925 309 925 309 926 496 926 310 926 310 927 496 927 505 927 310 928 505 928 504 928 503 929 303 929 504 929 504 930 303 930 302 930 504 931 302 931 310 931 514 932 304 932 500 932 500 933 304 933 305 933 500 934 305 934 501 934 501 935 305 935 503 935 686 936 488 936 687 936 687 937 488 937 494 937 687 938 494 938 688 938 688 939 494 939 499 939 688 940 499 940 689 940 689 941 499 941 497 941 689 942 497 942 690 942 690 943 497 943 306 943 690 944 306 944 691 944 691 945 306 945 683 945 304 946 514 946 301 946 301 947 514 947 513 947 301 948 513 948 299 948 299 949 513 949 511 949 299 950 511 950 297 950 297 951 511 951 509 951 506 952 289 952 507 952 507 953 289 953 288 953 507 954 288 954 509 954 509 955 288 955 295 955 509 956 295 956 297 956 278 957 692 957 279 957 279 957 692 957 693 957 279 957 693 957 626 957 626 957 693 957 694 957 626 957 694 957 625 957 695 957 490 957 696 957 696 957 490 957 203 957 696 957 203 957 697 957 697 957 203 957 201 957 697 957 201 957 698 957 698 957 201 957 200 957 698 957 200 957 699 957 699 957 200 957 625 957 699 957 625 957 700 957 700 957 625 957 694 957 625 958 200 958 623 958 623 959 200 959 199 959 623 960 199 960 624 960 624 961 199 961 197 961 624 962 197 962 627 962 627 963 197 963 196 963 627 964 196 964 628 964 628 965 196 965 192 965 605 966 20 966 606 966 606 967 20 967 19 967 606 968 19 968 602 968 602 969 19 969 13 969 602 970 13 970 603 970 603 971 13 971 12 971 603 972 12 972 607 972 607 973 12 973 15 973 91 974 93 974 701 974 702 975 703 975 165 975 91 976 701 976 89 976 89 977 701 977 704 977 89 978 704 978 74 978 537 979 705 979 536 979 536 980 705 980 701 980 536 981 701 981 535 981 535 982 701 982 93 982 3 983 706 983 707 983 537 984 544 984 705 984 705 985 544 985 543 985 705 986 543 986 707 986 707 987 543 987 541 987 707 988 541 988 3 988 3 989 541 989 601 989 3 990 601 990 2 990 2 991 601 991 600 991 2 992 600 992 0 992 162 993 588 993 164 993 164 994 588 994 589 994 164 995 589 995 165 995 165 996 589 996 78 996 165 997 78 997 702 997 702 998 78 998 77 998 702 999 77 999 704 999 704 1000 77 1000 75 1000 704 1001 75 1001 74 1001 259 1002 257 1002 385 1002 708 1003 709 1003 260 1003 265 1004 710 1004 266 1004 266 1005 710 1005 711 1005 266 1006 711 1006 268 1006 268 1007 711 1007 708 1007 268 1008 708 1008 269 1008 269 1009 708 1009 260 1009 260 1010 379 1010 261 1010 261 1011 379 1011 378 1011 261 1012 378 1012 263 1012 263 1013 378 1013 264 1013 264 1014 378 1014 387 1014 264 1015 387 1015 386 1015 385 1016 257 1016 386 1016 386 1017 257 1017 256 1017 386 1018 256 1018 264 1018 396 1019 258 1019 382 1019 382 1020 258 1020 259 1020 382 1021 259 1021 383 1021 383 1022 259 1022 385 1022 712 1023 371 1023 713 1023 713 1024 371 1024 376 1024 713 1025 376 1025 714 1025 714 1026 376 1026 381 1026 714 1027 381 1027 715 1027 715 1028 381 1028 379 1028 715 1029 379 1029 716 1029 716 1030 379 1030 260 1030 716 1031 260 1031 717 1031 717 1032 260 1032 709 1032 597 1033 8 1033 595 1033 595 1034 8 1034 7 1034 595 1035 7 1035 596 1035 596 1036 7 1036 5 1036 596 1037 5 1037 599 1037 599 1038 5 1038 4 1038 599 1039 4 1039 600 1039 600 1040 4 1040 0 1040 258 1041 396 1041 255 1041 255 1042 396 1042 395 1042 255 1043 395 1043 253 1043 253 1044 395 1044 393 1044 253 1045 393 1045 251 1045 251 1046 393 1046 391 1046 388 1047 243 1047 389 1047 389 1048 243 1048 242 1048 389 1049 242 1049 391 1049 391 1050 242 1050 249 1050 391 1051 249 1051 251 1051 718 1052 373 1052 719 1052 719 1052 373 1052 11 1052 719 1052 11 1052 720 1052 720 1052 11 1052 9 1052 720 1052 9 1052 721 1052 721 1052 9 1052 8 1052 721 1052 8 1052 722 1052 722 1052 8 1052 597 1052 232 1052 723 1052 233 1052 233 1052 723 1052 724 1052 233 1052 724 1052 598 1052 598 1052 724 1052 725 1052 598 1052 725 1052 597 1052 597 1052 725 1052 726 1052 597 1052 726 1052 722 1052 433 1053 434 1053 51 1053 727 1054 728 1054 411 1054 442 1055 659 1055 439 1055 439 1056 659 1056 729 1056 439 1057 729 1057 440 1057 440 1058 729 1058 727 1058 440 1059 727 1059 410 1059 410 1060 727 1060 411 1060 411 1061 45 1061 437 1061 437 1062 45 1062 43 1062 437 1063 43 1063 438 1063 438 1064 43 1064 436 1064 436 1065 43 1065 42 1065 436 1066 42 1066 52 1066 51 1067 434 1067 52 1067 52 1068 434 1068 435 1068 52 1069 435 1069 436 1069 47 1070 424 1070 49 1070 49 1071 424 1071 433 1071 49 1072 433 1072 50 1072 50 1073 433 1073 51 1073 656 1074 29 1074 730 1074 730 1075 29 1075 27 1075 730 1076 27 1076 731 1076 731 1077 27 1077 26 1077 731 1078 26 1078 732 1078 732 1079 26 1079 45 1079 732 1080 45 1080 733 1080 733 1081 45 1081 411 1081 733 1082 411 1082 734 1082 734 1083 411 1083 728 1083 449 957 676 957 212 957 212 957 676 957 735 957 212 957 735 957 210 957 210 957 735 957 736 957 210 957 736 957 209 957 674 957 330 957 737 957 737 957 330 957 333 957 737 957 333 957 738 957 738 957 333 957 622 957 738 957 622 957 739 957 739 957 622 957 621 957 739 957 621 957 740 957 740 957 621 957 209 957 740 957 209 957 741 957 741 957 209 957 736 957 742 1084 737 1084 743 1084 743 1085 737 1085 738 1085 743 1085 738 1085 744 1085 744 1086 738 1086 739 1086 744 1086 739 1086 745 1086 745 1087 739 1087 740 1087 745 1087 740 1087 746 1087 746 1088 740 1088 741 1088 746 1088 741 1088 747 1088 747 1089 741 1089 736 1089 747 1089 736 1089 748 1089 748 1090 736 1090 735 1090 748 1090 735 1090 749 1090 749 1091 735 1091 676 1091 749 1092 676 1092 750 1092 673 1093 672 1093 751 1093 751 1094 672 1094 675 1094 751 1095 675 1095 742 1095 742 1096 675 1096 674 1096 742 1097 674 1097 737 1097 673 1098 751 1098 681 1098 681 1099 751 1099 752 1099 681 1100 752 1100 680 1100 680 1101 752 1101 679 1101 679 1102 752 1102 753 1102 679 1103 753 1103 678 1103 750 1104 676 1104 753 1104 753 1105 676 1105 677 1105 753 1106 677 1106 678 1106 413 772 650 772 160 772 160 772 650 772 754 772 160 772 754 772 158 772 158 772 754 772 755 772 158 772 755 772 157 772 648 772 35 772 756 772 756 772 35 772 33 772 756 772 33 772 757 772 757 772 33 772 594 772 757 772 594 772 758 772 758 772 594 772 593 772 758 772 593 772 759 772 759 772 593 772 157 772 759 772 157 772 760 772 760 772 157 772 755 772 397 1107 398 1107 246 1107 373 1108 718 1108 406 1108 406 1109 718 1109 761 1109 406 1110 761 1110 407 1110 761 1111 762 1111 407 1111 407 1112 762 1112 763 1112 407 1113 763 1113 403 1113 403 1114 763 1114 404 1114 404 1115 239 1115 405 1115 405 1116 239 1116 238 1116 405 1117 238 1117 401 1117 401 1118 238 1118 400 1118 400 1119 238 1119 248 1119 400 1120 248 1120 247 1120 246 1121 398 1121 247 1121 247 1122 398 1122 399 1122 247 1123 399 1123 400 1123 243 1124 388 1124 244 1124 244 1125 388 1125 397 1125 244 1126 397 1126 245 1126 245 1127 397 1127 246 1127 723 1128 232 1128 764 1128 764 1129 232 1129 236 1129 764 1130 236 1130 765 1130 765 1131 236 1131 235 1131 765 1132 235 1132 766 1132 766 1133 235 1133 239 1133 766 1134 239 1134 767 1134 767 1135 239 1135 404 1135 767 1136 404 1136 768 1136 768 1137 404 1137 763 1137 769 1138 756 1138 770 1138 770 1139 756 1139 757 1139 770 1139 757 1139 771 1139 771 1140 757 1140 758 1140 771 1140 758 1140 772 1140 772 1141 758 1141 759 1141 772 1141 759 1141 773 1141 773 1142 759 1142 760 1142 773 1142 760 1142 774 1142 774 1143 760 1143 755 1143 774 1143 755 1143 775 1143 775 1144 755 1144 754 1144 775 1144 754 1144 776 1144 776 1145 754 1145 650 1145 776 1146 650 1146 777 1146 647 1147 646 1147 778 1147 778 1148 646 1148 649 1148 778 1149 649 1149 769 1149 769 1150 649 1150 648 1150 769 1151 648 1151 756 1151 647 1152 778 1152 655 1152 655 1153 778 1153 779 1153 655 1154 779 1154 654 1154 654 1155 779 1155 653 1155 653 1156 779 1156 780 1156 653 1157 780 1157 652 1157 777 1158 650 1158 780 1158 780 1159 650 1159 651 1159 780 1160 651 1160 652 1160 515 1161 516 1161 292 1161 490 1162 695 1162 491 1162 491 1163 695 1163 781 1163 491 1164 781 1164 522 1164 781 1165 782 1165 522 1165 522 1166 782 1166 783 1166 522 1167 783 1167 523 1167 523 1168 783 1168 524 1168 524 1169 285 1169 521 1169 521 1170 285 1170 284 1170 521 1171 284 1171 520 1171 520 1172 284 1172 518 1172 518 1173 284 1173 294 1173 518 1174 294 1174 293 1174 292 1175 516 1175 293 1175 293 1176 516 1176 517 1176 293 1177 517 1177 518 1177 289 1178 506 1178 290 1178 290 1179 506 1179 515 1179 290 1180 515 1180 291 1180 291 1181 515 1181 292 1181 692 1182 278 1182 784 1182 784 1183 278 1183 282 1183 784 1184 282 1184 785 1184 785 1185 282 1185 281 1185 785 1186 281 1186 786 1186 786 1187 281 1187 285 1187 786 1188 285 1188 787 1188 787 1189 285 1189 524 1189 787 1190 524 1190 788 1190 788 1191 524 1191 783 1191 371 831 712 831 18 831 18 831 712 831 789 831 18 831 789 831 16 831 16 831 789 831 790 831 16 831 790 831 15 831 710 831 265 831 791 831 791 831 265 831 275 831 791 831 275 831 792 831 792 831 275 831 608 831 792 831 608 831 793 831 793 831 608 831 607 831 793 831 607 831 794 831 794 831 607 831 15 831 794 831 15 831 795 831 795 831 15 831 790 831 796 1085 791 1085 797 1085 797 1084 791 1084 792 1084 797 1084 792 1084 798 1084 798 1192 792 1192 793 1192 798 1192 793 1192 799 1192 799 1193 793 1193 794 1193 799 1193 794 1193 800 1193 800 1194 794 1194 795 1194 800 1194 795 1194 801 1194 801 1195 795 1195 790 1195 801 1195 790 1195 802 1195 802 1196 790 1196 789 1196 802 1196 789 1196 803 1196 803 1197 789 1197 712 1197 803 1198 712 1198 804 1198 709 1199 708 1199 805 1199 805 1200 708 1200 711 1200 805 1201 711 1201 796 1201 796 1202 711 1202 710 1202 796 1203 710 1203 791 1203 709 1204 805 1204 717 1204 717 1205 805 1205 806 1205 717 1206 806 1206 716 1206 716 1207 806 1207 715 1207 715 1208 806 1208 807 1208 715 1209 807 1209 714 1209 804 1210 712 1210 807 1210 807 1211 712 1211 713 1211 807 1212 713 1212 714 1212 469 1213 470 1213 348 1213 481 1214 640 1214 478 1214 478 1215 640 1215 808 1215 478 1216 808 1216 479 1216 808 1217 809 1217 479 1217 479 1218 809 1218 810 1218 479 1219 810 1219 475 1219 475 1220 810 1220 476 1220 476 1221 341 1221 477 1221 477 1222 341 1222 340 1222 477 1223 340 1223 473 1223 473 1224 340 1224 472 1224 472 1225 340 1225 350 1225 472 1226 350 1226 349 1226 348 1227 470 1227 349 1227 349 1228 470 1228 471 1228 349 1229 471 1229 472 1229 345 1230 460 1230 346 1230 346 1231 460 1231 469 1231 346 1232 469 1232 347 1232 347 1233 469 1233 348 1233 637 1234 327 1234 811 1234 811 1235 327 1235 325 1235 811 1236 325 1236 812 1236 812 1237 325 1237 324 1237 812 1238 324 1238 813 1238 813 1239 324 1239 341 1239 813 1240 341 1240 814 1240 814 1241 341 1241 476 1241 814 1242 476 1242 815 1242 815 1243 476 1243 810 1243 488 1052 686 1052 186 1052 186 1052 686 1052 816 1052 186 1052 816 1052 184 1052 184 1052 816 1052 817 1052 184 1052 817 1052 183 1052 684 1052 311 1052 818 1052 818 1052 311 1052 321 1052 818 1052 321 1052 819 1052 819 1052 321 1052 636 1052 819 1052 636 1052 820 1052 820 1052 636 1052 635 1052 820 1052 635 1052 821 1052 821 1052 635 1052 183 1052 821 1052 183 1052 822 1052 822 1052 183 1052 817 1052 823 1139 818 1139 824 1139 824 1138 818 1138 819 1138 824 1138 819 1138 825 1138 825 1244 819 1244 820 1244 825 1244 820 1244 826 1244 826 1245 820 1245 821 1245 826 1245 821 1245 827 1245 827 1246 821 1246 822 1246 827 1246 822 1246 828 1246 828 1247 822 1247 817 1247 828 1247 817 1247 829 1247 829 1248 817 1248 816 1248 829 1248 816 1248 830 1248 830 1249 816 1249 686 1249 830 1250 686 1250 831 1250 683 1251 682 1251 832 1251 832 1252 682 1252 685 1252 832 1253 685 1253 823 1253 823 1254 685 1254 684 1254 823 1255 684 1255 818 1255 683 1256 832 1256 691 1256 691 1257 832 1257 833 1257 691 1258 833 1258 690 1258 690 1259 833 1259 689 1259 689 1260 833 1260 834 1260 689 1261 834 1261 688 1261 831 1262 686 1262 834 1262 834 1263 686 1263 687 1263 834 1264 687 1264 688 1264 835 1265 836 1265 659 1265 659 1266 836 1266 729 1266 729 1267 836 1267 837 1267 729 1268 837 1268 727 1268 838 1269 734 1269 837 1269 837 1270 734 1270 728 1270 837 1271 728 1271 727 1271 839 1272 732 1272 838 1272 838 1273 732 1273 733 1273 838 1274 733 1274 734 1274 656 1275 730 1275 839 1275 839 1276 730 1276 731 1276 839 1277 731 1277 732 1277 659 1091 660 1091 835 1091 835 1090 660 1090 661 1090 835 1090 661 1090 840 1090 840 1089 661 1089 662 1089 840 1089 662 1089 841 1089 841 1088 662 1088 663 1088 841 1088 663 1088 842 1088 842 1087 663 1087 664 1087 842 1087 664 1087 843 1087 843 1086 664 1086 658 1086 843 1086 658 1086 844 1086 844 1085 658 1085 657 1085 844 1085 657 1085 845 1085 845 1278 657 1278 656 1278 845 1279 656 1279 846 1279 846 1280 656 1280 839 1280 847 1281 848 1281 849 1281 848 1282 850 1282 849 1282 849 1283 850 1283 851 1283 849 1284 851 1284 852 1284 851 1285 853 1285 852 1285 852 1286 853 1286 854 1286 852 1287 854 1287 855 1287 854 1288 856 1288 855 1288 855 1289 856 1289 857 1289 855 1290 857 1290 858 1290 858 1291 857 1291 859 1291 858 1292 859 1292 860 1292 860 1293 859 1293 861 1293 860 1294 861 1294 862 1294 862 1295 861 1295 863 1295 863 1296 864 1296 862 1296 862 1297 864 1297 865 1297 862 1298 865 1298 866 1298 865 1299 867 1299 866 1299 866 1300 867 1300 868 1300 866 1301 868 1301 869 1301 869 1302 868 1302 870 1302 869 1303 870 1303 871 1303 872 1304 873 1304 871 1304 871 1305 873 1305 874 1305 871 1306 874 1306 869 1306 872 1307 875 1307 873 1307 873 1308 875 1308 876 1308 873 1309 876 1309 877 1309 876 1310 878 1310 877 1310 877 1311 878 1311 879 1311 877 1312 879 1312 880 1312 879 1313 881 1313 880 1313 880 1314 881 1314 882 1314 880 1315 882 1315 883 1315 883 1316 882 1316 884 1316 883 1317 884 1317 885 1317 885 1318 884 1318 886 1318 885 1319 886 1319 887 1319 887 1320 886 1320 888 1320 889 1321 890 1321 891 1321 891 1322 890 1322 887 1322 891 1323 887 1323 892 1323 892 1324 887 1324 888 1324 893 1325 894 1325 895 1325 895 1326 894 1326 896 1326 895 1327 896 1327 897 1327 897 1328 896 1328 898 1328 897 1329 898 1329 899 1329 899 1330 898 1330 900 1330 899 1331 900 1331 901 1331 901 1332 900 1332 902 1332 902 1333 903 1333 901 1333 901 1334 903 1334 904 1334 901 1335 904 1335 905 1335 849 1336 906 1336 847 1336 847 1337 906 1337 907 1337 847 1338 907 1338 908 1338 908 1339 907 1339 905 1339 908 1340 905 1340 909 1340 909 1341 905 1341 904 1341 890 1342 910 1342 911 1342 890 1343 911 1343 887 1343 887 1344 911 1344 912 1344 887 1345 912 1345 885 1345 885 1346 912 1346 913 1346 885 1347 913 1347 883 1347 883 1348 913 1348 914 1348 883 1349 914 1349 880 1349 880 1350 914 1350 915 1350 880 1351 915 1351 877 1351 877 1352 915 1352 916 1352 877 1352 916 1352 873 1352 873 1353 916 1353 917 1353 873 1354 917 1354 874 1354 874 1355 917 1355 918 1355 874 1356 918 1356 869 1356 869 1357 918 1357 919 1357 869 1358 919 1358 866 1358 866 1359 919 1359 920 1359 866 1360 920 1360 862 1360 862 1361 920 1361 921 1361 862 1362 921 1362 860 1362 860 1363 921 1363 922 1363 860 1364 922 1364 858 1364 858 1365 922 1365 923 1365 858 1366 923 1366 855 1366 855 1367 923 1367 924 1367 855 1368 924 1368 852 1368 852 1369 924 1369 925 1369 852 1370 925 1370 849 1370 849 1371 925 1371 926 1371 849 1372 926 1372 906 1372 906 1373 926 1373 927 1373 906 1374 927 1374 907 1374 907 1375 927 1375 928 1375 907 1376 928 1376 905 1376 905 1377 928 1377 929 1377 905 1378 929 1378 901 1378 901 1379 929 1379 930 1379 901 1380 930 1380 899 1380 899 1381 930 1381 931 1381 899 1382 931 1382 897 1382 897 1383 931 1383 932 1383 897 1384 932 1384 895 1384 933 1385 934 1385 910 1385 934 1386 935 1386 910 1386 910 1387 935 1387 936 1387 910 1388 936 1388 911 1388 911 1389 936 1389 937 1389 911 1390 937 1390 912 1390 912 1391 937 1391 938 1391 912 1392 938 1392 913 1392 913 1393 938 1393 939 1393 913 1394 939 1394 914 1394 914 1395 939 1395 940 1395 914 1396 940 1396 915 1396 915 1397 940 1397 941 1397 915 1397 941 1397 916 1397 916 1398 941 1398 942 1398 916 1399 942 1399 917 1399 917 1400 942 1400 943 1400 917 1401 943 1401 918 1401 918 1402 943 1402 944 1402 918 1403 944 1403 919 1403 919 1404 944 1404 945 1404 919 1404 945 1404 920 1404 920 1405 945 1405 946 1405 920 1406 946 1406 921 1406 921 1407 946 1407 947 1407 921 1408 947 1408 922 1408 922 1409 947 1409 948 1409 922 1410 948 1410 923 1410 923 1411 948 1411 949 1411 923 1412 949 1412 924 1412 924 1413 949 1413 950 1413 924 1414 950 1414 925 1414 925 1415 950 1415 951 1415 925 1416 951 1416 926 1416 926 1417 951 1417 952 1417 926 1418 952 1418 927 1418 927 1419 952 1419 953 1419 927 1420 953 1420 928 1420 928 1421 953 1421 954 1421 928 1422 954 1422 929 1422 929 1423 954 1423 955 1423 929 1424 955 1424 930 1424 930 1425 955 1425 956 1425 930 1426 956 1426 931 1426 931 1427 956 1427 933 1427 931 1428 933 1428 932 1428 932 1429 933 1429 910 1429 932 1430 910 1430 895 1430 895 1431 910 1431 890 1431 895 1432 890 1432 893 1432 893 1433 890 1433 889 1433 957 1434 958 1434 959 1434 959 1435 958 1435 960 1435 959 1436 960 1436 961 1436 961 1437 960 1437 962 1437 961 1438 962 1438 963 1438 963 1439 962 1439 964 1439 963 1440 964 1440 965 1440 965 1441 964 1441 966 1441 965 1442 966 1442 967 1442 967 1443 966 1443 968 1443 967 1444 968 1444 969 1444 969 1445 968 1445 970 1445 969 1446 970 1446 971 1446 971 1447 970 1447 972 1447 971 1448 972 1448 973 1448 973 1449 972 1449 974 1449 973 1450 974 1450 975 1450 975 1451 974 1451 976 1451 975 1452 976 1452 977 1452 977 1453 976 1453 978 1453 977 1454 978 1454 979 1454 979 1455 978 1455 980 1455 979 1456 980 1456 981 1456 981 1457 980 1457 982 1457 981 1458 982 1458 983 1458 983 1459 982 1459 984 1459 983 1460 984 1460 985 1460 985 1461 984 1461 986 1461 985 1462 986 1462 987 1462 987 1463 986 1463 988 1463 987 1464 988 1464 989 1464 989 1465 988 1465 990 1465 989 1466 990 1466 991 1466 991 1467 990 1467 992 1467 991 1467 992 1467 993 1467 993 1468 992 1468 994 1468 993 1469 994 1469 995 1469 995 1470 994 1470 996 1470 995 1471 996 1471 997 1471 997 1472 996 1472 998 1472 997 1473 998 1473 999 1473 999 1474 998 1474 1000 1474 999 1475 1000 1475 1001 1475 1001 1476 1000 1476 1002 1476 1001 1477 1002 1477 1003 1477 1003 1478 1002 1478 957 1478 1003 1479 957 1479 959 1479 969 1480 1004 1480 967 1480 967 1481 1004 1481 1005 1481 967 1482 1005 1482 965 1482 965 1483 1005 1483 1006 1483 965 1484 1006 1484 963 1484 963 1485 1006 1485 1007 1485 963 1486 1007 1486 961 1486 961 1487 1007 1487 1008 1487 961 1488 1008 1488 959 1488 959 1489 1008 1489 1009 1489 959 1490 1009 1490 1003 1490 1003 1491 1009 1491 1010 1491 1003 1492 1010 1492 1001 1492 1001 1493 1010 1493 1011 1493 1001 1494 1011 1494 999 1494 999 1495 1011 1495 1012 1495 999 1496 1012 1496 997 1496 997 1497 1012 1497 1013 1497 997 1498 1013 1498 995 1498 995 1499 1013 1499 1014 1499 995 1499 1014 1499 993 1499 993 1500 1014 1500 1015 1500 993 1500 1015 1500 991 1500 991 1501 1015 1501 1016 1501 991 1502 1016 1502 989 1502 989 1503 1016 1503 1017 1503 989 1504 1017 1504 987 1504 987 1505 1017 1505 1018 1505 987 1506 1018 1506 985 1506 985 1507 1018 1507 1019 1507 985 1508 1019 1508 983 1508 983 1509 1019 1509 1020 1509 983 1510 1020 1510 981 1510 981 1511 1020 1511 1021 1511 981 1512 1021 1512 979 1512 979 1513 1021 1513 1022 1513 979 1514 1022 1514 977 1514 977 1515 1022 1515 1023 1515 977 1516 1023 1516 975 1516 975 1517 1023 1517 1024 1517 975 1518 1024 1518 973 1518 973 1519 1024 1519 1025 1519 973 1520 1025 1520 971 1520 971 1521 1025 1521 1026 1521 971 1522 1026 1522 969 1522 969 1523 1026 1523 1004 1523 1027 1524 1024 1524 1028 1524 1028 1525 1024 1525 1023 1525 1028 1526 1023 1526 1029 1526 1029 1527 1023 1527 1022 1527 1029 1528 1022 1528 1030 1528 1030 1529 1022 1529 1021 1529 1030 1530 1021 1530 1031 1530 1031 1531 1021 1531 1020 1531 1031 1532 1020 1532 1032 1532 1032 1533 1020 1533 1019 1533 1032 1534 1019 1534 1033 1534 1033 1535 1019 1535 1034 1535 1034 1536 1019 1536 1035 1536 1035 1537 1019 1537 1018 1537 1035 1538 1018 1538 1036 1538 1036 1539 1018 1539 1017 1539 1036 1540 1017 1540 1037 1540 1037 1541 1017 1541 1016 1541 1037 1542 1016 1542 1038 1542 1038 1543 1016 1543 1015 1543 1038 1544 1015 1544 1039 1544 1040 1545 1041 1545 1010 1545 1010 1546 1041 1546 1042 1546 1010 1547 1042 1547 1011 1547 1011 1548 1042 1548 1043 1548 1011 1549 1043 1549 1012 1549 1012 1550 1043 1550 1044 1550 1012 1551 1044 1551 1013 1551 1013 1552 1044 1552 1045 1552 1013 1553 1045 1553 1014 1553 1014 1554 1045 1554 1046 1554 1014 1555 1046 1555 1015 1555 1015 1556 1046 1556 1047 1556 1015 1557 1047 1557 1039 1557 1040 1558 1010 1558 1048 1558 1048 1559 1010 1559 1009 1559 1048 1560 1009 1560 1049 1560 1049 1561 1009 1561 1008 1561 1049 1562 1008 1562 1050 1562 1050 1563 1008 1563 1007 1563 1050 1564 1007 1564 1051 1564 1051 1565 1007 1565 1006 1565 1051 1566 1006 1566 1052 1566 1052 1567 1006 1567 1005 1567 1052 1568 1005 1568 1053 1568 1027 1569 1054 1569 1024 1569 1024 1570 1054 1570 1055 1570 1024 1571 1055 1571 1025 1571 1025 1572 1055 1572 1056 1572 1025 1573 1056 1573 1026 1573 1026 1574 1056 1574 1057 1574 1026 1575 1057 1575 1004 1575 1004 1576 1057 1576 1058 1576 1004 1577 1058 1577 1005 1577 1005 1578 1058 1578 1059 1578 1005 1579 1059 1579 1053 1579 875 1580 872 1580 1060 1580 1061 1581 1062 1581 1063 1581 1033 1582 1034 1582 1064 1582 1053 1583 1059 1583 1065 1583 1066 1584 1043 1584 1042 1584 1067 1585 1044 1585 1043 1585 1068 1586 1045 1586 1044 1586 1069 1587 1046 1587 1045 1587 1063 1588 1047 1588 1046 1588 1053 1589 1065 1589 1052 1589 1033 1590 1064 1590 1032 1590 1047 1591 1063 1591 1039 1591 1039 1592 1063 1592 1062 1592 1039 1593 1062 1593 1038 1593 1037 1594 1038 1594 1070 1594 1070 1595 1038 1595 1062 1595 1070 1596 1062 1596 1071 1596 1071 1597 1062 1597 1061 1597 1071 1598 1061 1598 1072 1598 1036 1599 1037 1599 1073 1599 1073 1600 1037 1600 1070 1600 1073 1601 1070 1601 1074 1601 1074 1602 1070 1602 1071 1602 1074 1603 1071 1603 1075 1603 1075 1604 1071 1604 1072 1604 1075 1605 1072 1605 1076 1605 1035 1606 1036 1606 1077 1606 1077 1607 1036 1607 1073 1607 1077 1608 1073 1608 1078 1608 1078 1609 1073 1609 1074 1609 1078 1610 1074 1610 1079 1610 1079 1611 1074 1611 1075 1611 1079 1612 1075 1612 1080 1612 1080 1612 1075 1612 1076 1612 1080 1613 1076 1613 1081 1613 1034 1614 1035 1614 1064 1614 1064 1615 1035 1615 1077 1615 1064 1616 1077 1616 1082 1616 1082 1617 1077 1617 1078 1617 1082 1618 1078 1618 1083 1618 1083 1619 1078 1619 1079 1619 1083 1620 1079 1620 1084 1620 1084 1620 1079 1620 1080 1620 1084 1621 1080 1621 1085 1621 1085 1622 1080 1622 1081 1622 1085 1623 1081 1623 1086 1623 1087 1624 1088 1624 1089 1624 1090 1625 1088 1625 1091 1625 1091 1626 1088 1626 1087 1626 1091 1627 1087 1627 1092 1627 1093 1628 1090 1628 1094 1628 1094 1628 1090 1628 1091 1628 1094 1629 1091 1629 1095 1629 1095 1630 1091 1630 1092 1630 1095 1631 1092 1631 1096 1631 1097 1632 1093 1632 1098 1632 1098 1633 1093 1633 1094 1633 1098 1634 1094 1634 1099 1634 1099 1635 1094 1635 1095 1635 1099 1636 1095 1636 1100 1636 1100 1636 1095 1636 1096 1636 1100 1637 1096 1637 1101 1637 1102 1638 1103 1638 1104 1638 1104 1639 1103 1639 1105 1639 1104 1640 1105 1640 1106 1640 1106 1641 1105 1641 1107 1641 1106 1642 1107 1642 1108 1642 1108 1642 1107 1642 1109 1642 1108 1643 1109 1643 1110 1643 1110 1644 1109 1644 1111 1644 1110 1645 1111 1645 1112 1645 1112 1646 1111 1646 1113 1646 1103 1647 1114 1647 1105 1647 1105 1648 1114 1648 1115 1648 1105 1649 1115 1649 1107 1649 1107 1650 1115 1650 1116 1650 1107 1651 1116 1651 1109 1651 1109 1651 1116 1651 1117 1651 1109 1652 1117 1652 1111 1652 1111 1653 1117 1653 1118 1653 1111 1654 1118 1654 1113 1654 1113 1655 1118 1655 1119 1655 1114 1656 1120 1656 1115 1656 1115 1657 1120 1657 1121 1657 1115 1658 1121 1658 1116 1658 1116 1659 1121 1659 1122 1659 1116 1660 1122 1660 1117 1660 1117 1660 1122 1660 1123 1660 1117 1661 1123 1661 1118 1661 1118 1662 1123 1662 1124 1662 1118 1663 1124 1663 1119 1663 1119 1664 1124 1664 1125 1664 1059 1665 1058 1665 1065 1665 1065 1666 1058 1666 1126 1666 1065 1667 1126 1667 1127 1667 1127 1668 1126 1668 1128 1668 1127 1669 1128 1669 1129 1669 1129 1670 1128 1670 1130 1670 1129 1671 1130 1671 1131 1671 1131 1671 1130 1671 1132 1671 1131 1672 1132 1672 1133 1672 1133 1673 1132 1673 1134 1673 1133 1674 1134 1674 1135 1674 1135 1675 1134 1675 1136 1675 1058 1676 1057 1676 1126 1676 1126 1677 1057 1677 1137 1677 1126 1678 1137 1678 1128 1678 1128 1679 1137 1679 1138 1679 1128 1680 1138 1680 1130 1680 1130 1681 1138 1681 1139 1681 1130 1682 1139 1682 1132 1682 1132 1682 1139 1682 1140 1682 1132 1683 1140 1683 1134 1683 1134 1684 1140 1684 1141 1684 1134 1685 1141 1685 1136 1685 1136 1686 1141 1686 1142 1686 1057 1687 1056 1687 1137 1687 1137 1688 1056 1688 1143 1688 1137 1689 1143 1689 1138 1689 1138 1690 1143 1690 1144 1690 1138 1691 1144 1691 1139 1691 1139 1692 1144 1692 1145 1692 1139 1693 1145 1693 1140 1693 1140 1693 1145 1693 1146 1693 1140 1694 1146 1694 1141 1694 1141 1695 1146 1695 1147 1695 1141 1696 1147 1696 1142 1696 1142 1697 1147 1697 1148 1697 1056 1698 1055 1698 1143 1698 1143 1699 1055 1699 1149 1699 1143 1700 1149 1700 1144 1700 1144 1701 1149 1701 1150 1701 1144 1702 1150 1702 1145 1702 1145 1703 1150 1703 1151 1703 1145 1704 1151 1704 1146 1704 1146 1704 1151 1704 1152 1704 1146 1705 1152 1705 1147 1705 1147 1706 1152 1706 1153 1706 1147 1707 1153 1707 1148 1707 1148 1708 1153 1708 1154 1708 1155 1709 1156 1709 1157 1709 1157 1710 1156 1710 1158 1710 1157 1711 1158 1711 1159 1711 1159 1712 1158 1712 1160 1712 1159 1713 1160 1713 1161 1713 1161 1713 1160 1713 1162 1713 1161 1714 1162 1714 1163 1714 1163 1715 1162 1715 1164 1715 1163 1716 1164 1716 1165 1716 1165 1717 1164 1717 1166 1717 1156 1718 1167 1718 1158 1718 1158 1719 1167 1719 1168 1719 1158 1720 1168 1720 1160 1720 1160 1721 1168 1721 1169 1721 1160 1722 1169 1722 1162 1722 1162 1722 1169 1722 1170 1722 1162 1723 1170 1723 1164 1723 1164 1724 1170 1724 1171 1724 1164 1725 1171 1725 1166 1725 1166 1726 1171 1726 1172 1726 1167 1727 1173 1727 1168 1727 1168 1728 1173 1728 1174 1728 1168 1729 1174 1729 1169 1729 1169 1730 1174 1730 1175 1730 1169 1731 1175 1731 1170 1731 1170 1731 1175 1731 1176 1731 1170 1732 1176 1732 1171 1732 1171 1733 1176 1733 1177 1733 1171 1734 1177 1734 1172 1734 1172 1735 1177 1735 1178 1735 1179 1736 1101 1736 1180 1736 1180 1737 1101 1737 1096 1737 1180 1738 1096 1738 1181 1738 1181 1631 1096 1631 1092 1631 1181 1739 1092 1739 1182 1739 1182 1740 1092 1740 1087 1740 1182 1741 1087 1741 1183 1741 1183 1742 1087 1742 1089 1742 1183 1743 1089 1743 1184 1743 1184 1744 1089 1744 878 1744 1184 1745 878 1745 876 1745 1093 1746 884 1746 1090 1746 1090 1747 884 1747 882 1747 1090 1748 882 1748 1088 1748 1088 1749 882 1749 881 1749 1088 1750 881 1750 1089 1750 1089 1751 881 1751 879 1751 1089 1752 879 1752 878 1752 889 1753 891 1753 1185 1753 1185 1754 891 1754 1097 1754 1185 1755 1097 1755 1186 1755 1186 1756 1097 1756 1098 1756 1186 1757 1098 1757 1187 1757 1187 1758 1098 1758 1099 1758 1187 1759 1099 1759 1188 1759 1188 1759 1099 1759 1100 1759 1188 1760 1100 1760 1189 1760 1189 1761 1100 1761 1101 1761 1189 1762 1101 1762 1190 1762 1190 1763 1101 1763 1179 1763 1190 1764 1179 1764 1041 1764 1041 1765 1179 1765 1042 1765 891 1766 892 1766 1097 1766 1097 1767 892 1767 888 1767 1097 1768 888 1768 1093 1768 1093 1769 888 1769 886 1769 1093 1770 886 1770 884 1770 1190 1771 1102 1771 1189 1771 1189 1772 1102 1772 1104 1772 1189 1773 1104 1773 1188 1773 1188 1774 1104 1774 1106 1774 1188 1775 1106 1775 1187 1775 1187 1775 1106 1775 1108 1775 1187 1776 1108 1776 1186 1776 1186 1777 1108 1777 1110 1777 1186 1778 1110 1778 1185 1778 1185 1779 1110 1779 1112 1779 1185 1780 1112 1780 889 1780 903 1781 902 1781 1191 1781 1191 1782 902 1782 1125 1782 1191 1783 1125 1783 1192 1783 1192 1784 1125 1784 1124 1784 1192 1785 1124 1785 1193 1785 1193 1786 1124 1786 1123 1786 1193 1787 1123 1787 1194 1787 1194 1787 1123 1787 1122 1787 1194 1788 1122 1788 1195 1788 1195 1789 1122 1789 1121 1789 1195 1790 1121 1790 1196 1790 1196 1791 1121 1791 1120 1791 902 1792 900 1792 1125 1792 1125 1793 900 1793 898 1793 1125 1794 898 1794 1119 1794 1119 1795 898 1795 896 1795 1119 1796 896 1796 1113 1796 1113 1797 896 1797 894 1797 1113 1798 894 1798 1112 1798 1112 1799 894 1799 893 1799 1112 1800 893 1800 889 1800 1041 1801 1040 1801 1190 1801 1190 1802 1040 1802 1048 1802 1190 1803 1048 1803 1102 1803 1102 1804 1048 1804 1049 1804 1102 1805 1049 1805 1103 1805 1103 1806 1049 1806 1050 1806 1103 1807 1050 1807 1114 1807 1114 1808 1050 1808 1051 1808 1114 1809 1051 1809 1120 1809 1120 1810 1051 1810 1052 1810 1120 1810 1052 1810 1196 1810 1196 1811 1052 1811 1065 1811 1196 1812 1065 1812 1195 1812 1195 1813 1065 1813 1127 1813 1195 1814 1127 1814 1194 1814 1194 1815 1127 1815 1129 1815 1194 1816 1129 1816 1193 1816 1193 1816 1129 1816 1131 1816 1193 1817 1131 1817 1192 1817 1192 1818 1131 1818 1133 1818 1192 1819 1133 1819 1191 1819 1191 1820 1133 1820 1135 1820 1191 1821 1135 1821 903 1821 853 1822 851 1822 1197 1822 1197 1823 851 1823 1154 1823 1197 1824 1154 1824 1198 1824 1198 1825 1154 1825 1153 1825 1198 1826 1153 1826 1199 1826 1199 1827 1153 1827 1152 1827 1199 1828 1152 1828 1200 1828 1200 1828 1152 1828 1151 1828 1200 1829 1151 1829 1201 1829 1201 1830 1151 1830 1150 1830 1201 1831 1150 1831 1202 1831 1202 1832 1150 1832 1149 1832 1202 1833 1149 1833 1054 1833 1054 1834 1149 1834 1055 1834 851 1835 850 1835 1154 1835 1154 1836 850 1836 848 1836 1154 1837 848 1837 1148 1837 1148 1838 848 1838 847 1838 1148 1839 847 1839 1142 1839 1142 1840 847 1840 908 1840 1142 1841 908 1841 1136 1841 1136 1842 908 1842 909 1842 1136 1843 909 1843 1135 1843 1135 1844 909 1844 904 1844 1135 1845 904 1845 903 1845 1202 1846 1155 1846 1201 1846 1201 1846 1155 1846 1157 1846 1201 1847 1157 1847 1200 1847 1200 1848 1157 1848 1159 1848 1200 1849 1159 1849 1199 1849 1199 1849 1159 1849 1161 1849 1199 1850 1161 1850 1198 1850 1198 1851 1161 1851 1163 1851 1198 1852 1163 1852 1197 1852 1197 1852 1163 1852 1165 1852 1197 1853 1165 1853 853 1853 864 1854 863 1854 1203 1854 1203 1855 863 1855 1178 1855 1203 1856 1178 1856 1204 1856 1204 1857 1178 1857 1177 1857 1204 1858 1177 1858 1205 1858 1205 1859 1177 1859 1176 1859 1205 1860 1176 1860 1206 1860 1206 1860 1176 1860 1175 1860 1206 1861 1175 1861 1207 1861 1207 1862 1175 1862 1174 1862 1207 1863 1174 1863 1208 1863 1208 1864 1174 1864 1173 1864 863 1865 861 1865 1178 1865 1178 1866 861 1866 859 1866 1178 1867 859 1867 1172 1867 1172 1868 859 1868 857 1868 1172 1869 857 1869 1166 1869 1166 1870 857 1870 856 1870 1166 1871 856 1871 1165 1871 1165 1872 856 1872 854 1872 1165 1873 854 1873 853 1873 865 1874 864 1874 1086 1874 1086 1875 864 1875 1203 1875 1086 1876 1203 1876 1085 1876 1085 1877 1203 1877 1204 1877 1085 1878 1204 1878 1084 1878 1084 1879 1204 1879 1205 1879 1084 1880 1205 1880 1083 1880 1083 1880 1205 1880 1206 1880 1083 1881 1206 1881 1082 1881 1082 1882 1206 1882 1207 1882 1082 1883 1207 1883 1064 1883 1064 1884 1207 1884 1208 1884 1064 1885 1208 1885 1032 1885 1032 1886 1208 1886 1173 1886 1032 1887 1173 1887 1031 1887 1031 1888 1173 1888 1167 1888 1031 1889 1167 1889 1030 1889 1030 1890 1167 1890 1156 1890 1030 1891 1156 1891 1029 1891 1029 1892 1156 1892 1155 1892 1029 1893 1155 1893 1028 1893 1028 1894 1155 1894 1202 1894 1028 1894 1202 1894 1027 1894 1027 1895 1202 1895 1054 1895 1209 1896 868 1896 867 1896 1046 1897 1069 1897 1063 1897 1063 1898 1069 1898 1210 1898 1063 1899 1210 1899 1061 1899 1061 1900 1210 1900 1211 1900 1061 1901 1211 1901 1072 1901 1072 1902 1211 1902 1212 1902 1072 1605 1212 1605 1076 1605 1076 1903 1212 1903 1213 1903 1076 1904 1213 1904 1081 1904 1081 1905 1213 1905 1209 1905 1081 1906 1209 1906 1086 1906 1086 1907 1209 1907 867 1907 1086 1908 867 1908 865 1908 1045 1909 1068 1909 1069 1909 1069 1910 1068 1910 1214 1910 1069 1911 1214 1911 1210 1911 1210 1912 1214 1912 1215 1912 1210 1913 1215 1913 1211 1913 1211 1914 1215 1914 1216 1914 1211 1902 1216 1902 1212 1902 1212 1915 1216 1915 1217 1915 1212 1916 1217 1916 1213 1916 1213 1917 1217 1917 1218 1917 1213 1918 1218 1918 1209 1918 1209 1919 1218 1919 870 1919 1209 1920 870 1920 868 1920 1044 1921 1067 1921 1068 1921 1068 1922 1067 1922 1219 1922 1068 1923 1219 1923 1214 1923 1214 1924 1219 1924 1220 1924 1214 1925 1220 1925 1215 1925 1215 1926 1220 1926 1221 1926 1215 1914 1221 1914 1216 1914 1216 1927 1221 1927 1222 1927 1216 1928 1222 1928 1217 1928 1217 1929 1222 1929 1223 1929 1217 1930 1223 1930 1218 1930 1218 1931 1223 1931 871 1931 1218 1932 871 1932 870 1932 1043 1933 1066 1933 1067 1933 1067 1934 1066 1934 1224 1934 1067 1935 1224 1935 1219 1935 1219 1936 1224 1936 1225 1936 1219 1937 1225 1937 1220 1937 1220 1938 1225 1938 1226 1938 1220 1926 1226 1926 1221 1926 1221 1939 1226 1939 1227 1939 1221 1940 1227 1940 1222 1940 1222 1941 1227 1941 1060 1941 1222 1942 1060 1942 1223 1942 1223 1943 1060 1943 872 1943 1223 1944 872 1944 871 1944 1042 1945 1179 1945 1066 1945 1066 1946 1179 1946 1180 1946 1066 1947 1180 1947 1224 1947 1224 1948 1180 1948 1181 1948 1224 1949 1181 1949 1225 1949 1225 1739 1181 1739 1182 1739 1225 1938 1182 1938 1226 1938 1226 1950 1182 1950 1183 1950 1226 1951 1183 1951 1227 1951 1227 1952 1183 1952 1184 1952 1227 1953 1184 1953 1060 1953 1060 1954 1184 1954 876 1954 1060 1955 876 1955 875 1955 947 957 842 957 843 957 947 957 946 957 842 957 842 957 946 957 945 957 842 957 945 957 841 957 844 957 949 957 843 957 843 957 949 957 948 957 843 957 948 957 947 957 838 957 934 957 933 957 945 957 944 957 841 957 841 957 944 957 943 957 841 957 943 957 840 957 840 957 943 957 942 957 840 957 942 957 835 957 845 957 951 957 844 957 844 957 951 957 950 957 844 957 950 957 949 957 838 957 933 957 839 957 837 957 836 957 938 957 942 957 941 957 835 957 835 957 941 957 940 957 835 957 940 957 836 957 836 957 940 957 939 957 836 957 939 957 938 957 938 957 937 957 837 957 837 957 937 957 936 957 837 957 936 957 838 957 838 957 936 957 935 957 838 957 935 957 934 957 846 957 953 957 845 957 845 957 953 957 952 957 845 957 952 957 951 957 933 957 956 957 839 957 839 957 956 957 955 957 839 957 955 957 846 957 846 957 955 957 954 957 846 957 954 957 953 957 957 831 752 831 958 831 958 831 752 831 751 831 957 831 1002 831 752 831 752 831 1002 831 1000 831 752 831 1000 831 753 831 745 831 746 831 978 831 747 831 982 831 746 831 746 831 982 831 980 831 746 831 980 831 978 831 750 831 992 831 749 831 749 831 992 831 990 831 749 831 990 831 748 831 1000 831 998 831 753 831 753 831 998 831 996 831 753 831 996 831 750 831 750 831 996 831 994 831 750 831 994 831 992 831 742 831 962 831 751 831 751 831 962 831 960 831 751 831 960 831 958 831 978 831 976 831 745 831 745 831 976 831 974 831 745 831 974 831 744 831 990 831 988 831 748 831 748 831 988 831 986 831 748 831 986 831 747 831 747 831 986 831 984 831 747 831 984 831 982 831 743 831 966 831 742 831 742 831 966 831 964 831 742 831 964 831 962 831 974 831 972 831 744 831 744 831 972 831 970 831 744 831 970 831 743 831 743 831 970 831 968 831 743 831 968 831 966 831 1228 1956 1229 1956 718 1956 718 1957 1229 1957 761 1957 761 1958 1229 1958 1230 1958 761 1959 1230 1959 762 1959 1231 1960 768 1960 1230 1960 1230 1961 768 1961 763 1961 1230 1962 763 1962 762 1962 1232 1963 766 1963 1231 1963 1231 1964 766 1964 767 1964 1231 1965 767 1965 768 1965 723 1966 764 1966 1232 1966 1232 1967 764 1967 765 1967 1232 1968 765 1968 766 1968 718 1145 719 1145 1228 1145 1228 1144 719 1144 720 1144 1228 1144 720 1144 1233 1144 1233 1143 720 1143 721 1143 1233 1143 721 1143 1234 1143 1234 1142 721 1142 722 1142 1234 1142 722 1142 1235 1142 1235 1141 722 1141 726 1141 1235 1141 726 1141 1236 1141 1236 1140 726 1140 725 1140 1236 1140 725 1140 1237 1140 1237 1139 725 1139 724 1139 1237 1139 724 1139 1238 1139 1238 1969 724 1969 723 1969 1238 1970 723 1970 1239 1970 1239 1971 723 1971 1232 1971 1240 1972 1241 1972 1242 1972 1241 1973 1243 1973 1242 1973 1242 1974 1243 1974 1244 1974 1242 1975 1244 1975 1245 1975 1244 1976 1246 1976 1245 1976 1245 1977 1246 1977 1247 1977 1245 1978 1247 1978 1248 1978 1247 1979 1249 1979 1248 1979 1248 1980 1249 1980 1250 1980 1248 1981 1250 1981 1251 1981 1251 1982 1250 1982 1252 1982 1251 1983 1252 1983 1253 1983 1253 1984 1252 1984 1254 1984 1253 1985 1254 1985 1255 1985 1255 1986 1254 1986 1256 1986 1256 1987 1257 1987 1255 1987 1255 1988 1257 1988 1258 1988 1255 1989 1258 1989 1259 1989 1258 1990 1260 1990 1259 1990 1259 1991 1260 1991 1261 1991 1259 1992 1261 1992 1262 1992 1262 1993 1261 1993 1263 1993 1262 1994 1263 1994 1264 1994 1265 1995 1266 1995 1264 1995 1264 1996 1266 1996 1267 1996 1264 1997 1267 1997 1262 1997 1265 1998 1268 1998 1266 1998 1266 1999 1268 1999 1269 1999 1266 2000 1269 2000 1270 2000 1269 2001 1271 2001 1270 2001 1270 2002 1271 2002 1272 2002 1270 2003 1272 2003 1273 2003 1272 2004 1274 2004 1273 2004 1273 2005 1274 2005 1275 2005 1273 2006 1275 2006 1276 2006 1276 2007 1275 2007 1277 2007 1276 2008 1277 2008 1278 2008 1278 2009 1277 2009 1279 2009 1278 2010 1279 2010 1280 2010 1280 2011 1279 2011 1281 2011 1282 2012 1283 2012 1284 2012 1284 2013 1283 2013 1280 2013 1284 2014 1280 2014 1285 2014 1285 2015 1280 2015 1281 2015 1286 2016 1287 2016 1288 2016 1288 2017 1287 2017 1289 2017 1288 2018 1289 2018 1290 2018 1290 2019 1289 2019 1291 2019 1290 2020 1291 2020 1292 2020 1292 2021 1291 2021 1293 2021 1292 2022 1293 2022 1294 2022 1294 2023 1293 2023 1295 2023 1295 2024 1296 2024 1294 2024 1294 2025 1296 2025 1297 2025 1294 2026 1297 2026 1298 2026 1242 2027 1299 2027 1240 2027 1240 2028 1299 2028 1300 2028 1240 2029 1300 2029 1301 2029 1301 2030 1300 2030 1298 2030 1301 2031 1298 2031 1302 2031 1302 2032 1298 2032 1297 2032 1283 2033 1303 2033 1304 2033 1283 2034 1304 2034 1280 2034 1280 2035 1304 2035 1305 2035 1280 2036 1305 2036 1278 2036 1278 2037 1305 2037 1306 2037 1278 2038 1306 2038 1276 2038 1276 2039 1306 2039 1307 2039 1276 2040 1307 2040 1273 2040 1273 2041 1307 2041 1308 2041 1273 2042 1308 2042 1270 2042 1270 2043 1308 2043 1309 2043 1270 2043 1309 2043 1266 2043 1266 2044 1309 2044 1310 2044 1266 2045 1310 2045 1267 2045 1267 2046 1310 2046 1311 2046 1267 2047 1311 2047 1262 2047 1262 2048 1311 2048 1312 2048 1262 2049 1312 2049 1259 2049 1259 2050 1312 2050 1313 2050 1259 2051 1313 2051 1255 2051 1255 2052 1313 2052 1314 2052 1255 2053 1314 2053 1253 2053 1253 2054 1314 2054 1315 2054 1253 2055 1315 2055 1251 2055 1251 2056 1315 2056 1316 2056 1251 2057 1316 2057 1248 2057 1248 2058 1316 2058 1317 2058 1248 2059 1317 2059 1245 2059 1245 2060 1317 2060 1318 2060 1245 2061 1318 2061 1242 2061 1242 2062 1318 2062 1319 2062 1242 2063 1319 2063 1299 2063 1299 2064 1319 2064 1320 2064 1299 2065 1320 2065 1300 2065 1300 2066 1320 2066 1321 2066 1300 2067 1321 2067 1298 2067 1298 2068 1321 2068 1322 2068 1298 2069 1322 2069 1294 2069 1294 2070 1322 2070 1323 2070 1294 2071 1323 2071 1292 2071 1292 2072 1323 2072 1324 2072 1292 2073 1324 2073 1290 2073 1290 2074 1324 2074 1325 2074 1290 2075 1325 2075 1288 2075 1326 2076 1327 2076 1303 2076 1327 2077 1328 2077 1303 2077 1303 2078 1328 2078 1329 2078 1303 2079 1329 2079 1304 2079 1304 2080 1329 2080 1330 2080 1304 2081 1330 2081 1305 2081 1305 2082 1330 2082 1331 2082 1305 2083 1331 2083 1306 2083 1306 2084 1331 2084 1332 2084 1306 2085 1332 2085 1307 2085 1307 2086 1332 2086 1333 2086 1307 2087 1333 2087 1308 2087 1308 2088 1333 2088 1334 2088 1308 2088 1334 2088 1309 2088 1309 2089 1334 2089 1335 2089 1309 2090 1335 2090 1310 2090 1310 2091 1335 2091 1336 2091 1310 2092 1336 2092 1311 2092 1311 2093 1336 2093 1337 2093 1311 2094 1337 2094 1312 2094 1312 2095 1337 2095 1338 2095 1312 2095 1338 2095 1313 2095 1313 2096 1338 2096 1339 2096 1313 2097 1339 2097 1314 2097 1314 2098 1339 2098 1340 2098 1314 2099 1340 2099 1315 2099 1315 2100 1340 2100 1341 2100 1315 2101 1341 2101 1316 2101 1316 2102 1341 2102 1342 2102 1316 2103 1342 2103 1317 2103 1317 2104 1342 2104 1343 2104 1317 2105 1343 2105 1318 2105 1318 2106 1343 2106 1344 2106 1318 2107 1344 2107 1319 2107 1319 2108 1344 2108 1345 2108 1319 2109 1345 2109 1320 2109 1320 2110 1345 2110 1346 2110 1320 2111 1346 2111 1321 2111 1321 2112 1346 2112 1347 2112 1321 2113 1347 2113 1322 2113 1322 2114 1347 2114 1348 2114 1322 2115 1348 2115 1323 2115 1323 2116 1348 2116 1349 2116 1323 2117 1349 2117 1324 2117 1324 2118 1349 2118 1326 2118 1324 2119 1326 2119 1325 2119 1325 2120 1326 2120 1303 2120 1325 2121 1303 2121 1288 2121 1288 2122 1303 2122 1283 2122 1288 2123 1283 2123 1286 2123 1286 2124 1283 2124 1282 2124 1350 2125 1351 2125 1352 2125 1352 2126 1351 2126 1353 2126 1352 2127 1353 2127 1354 2127 1354 2128 1353 2128 1355 2128 1354 2129 1355 2129 1356 2129 1356 2130 1355 2130 1357 2130 1356 2131 1357 2131 1358 2131 1358 2132 1357 2132 1359 2132 1358 2133 1359 2133 1360 2133 1360 2134 1359 2134 1361 2134 1360 2135 1361 2135 1362 2135 1362 2136 1361 2136 1363 2136 1362 2137 1363 2137 1364 2137 1364 2138 1363 2138 1365 2138 1364 2139 1365 2139 1366 2139 1366 2140 1365 2140 1367 2140 1366 2141 1367 2141 1368 2141 1368 2142 1367 2142 1369 2142 1368 2143 1369 2143 1370 2143 1370 2144 1369 2144 1371 2144 1370 2145 1371 2145 1372 2145 1372 2146 1371 2146 1373 2146 1372 2147 1373 2147 1374 2147 1374 2148 1373 2148 1375 2148 1374 2149 1375 2149 1376 2149 1376 2150 1375 2150 1377 2150 1376 2151 1377 2151 1378 2151 1378 2152 1377 2152 1379 2152 1378 2153 1379 2153 1380 2153 1380 2154 1379 2154 1381 2154 1380 2155 1381 2155 1382 2155 1382 2156 1381 2156 1383 2156 1382 2157 1383 2157 1384 2157 1384 2158 1383 2158 1385 2158 1384 2158 1385 2158 1386 2158 1386 2159 1385 2159 1387 2159 1386 2160 1387 2160 1388 2160 1388 2161 1387 2161 1389 2161 1388 2162 1389 2162 1390 2162 1390 2163 1389 2163 1391 2163 1390 2164 1391 2164 1392 2164 1392 2165 1391 2165 1393 2165 1392 2166 1393 2166 1394 2166 1394 2167 1393 2167 1395 2167 1394 2168 1395 2168 1396 2168 1396 2169 1395 2169 1350 2169 1396 2170 1350 2170 1352 2170 1362 2171 1397 2171 1360 2171 1360 2172 1397 2172 1398 2172 1360 2173 1398 2173 1358 2173 1358 2174 1398 2174 1399 2174 1358 2175 1399 2175 1356 2175 1356 2176 1399 2176 1400 2176 1356 2177 1400 2177 1354 2177 1354 2178 1400 2178 1401 2178 1354 2179 1401 2179 1352 2179 1352 2180 1401 2180 1402 2180 1352 2181 1402 2181 1396 2181 1396 2182 1402 2182 1403 2182 1396 2183 1403 2183 1394 2183 1394 2184 1403 2184 1404 2184 1394 2185 1404 2185 1392 2185 1392 2186 1404 2186 1405 2186 1392 2187 1405 2187 1390 2187 1390 2188 1405 2188 1406 2188 1390 2189 1406 2189 1388 2189 1388 2190 1406 2190 1407 2190 1388 2190 1407 2190 1386 2190 1386 2191 1407 2191 1408 2191 1386 2191 1408 2191 1384 2191 1384 2192 1408 2192 1409 2192 1384 2193 1409 2193 1382 2193 1382 2194 1409 2194 1410 2194 1382 2195 1410 2195 1380 2195 1380 2196 1410 2196 1411 2196 1380 2197 1411 2197 1378 2197 1378 2198 1411 2198 1412 2198 1378 2199 1412 2199 1376 2199 1376 2200 1412 2200 1413 2200 1376 2201 1413 2201 1374 2201 1374 2202 1413 2202 1414 2202 1374 2203 1414 2203 1372 2203 1372 2204 1414 2204 1415 2204 1372 2205 1415 2205 1370 2205 1370 2206 1415 2206 1416 2206 1370 2207 1416 2207 1368 2207 1368 2208 1416 2208 1417 2208 1368 2209 1417 2209 1366 2209 1366 2210 1417 2210 1418 2210 1366 2211 1418 2211 1364 2211 1364 2212 1418 2212 1419 2212 1364 2213 1419 2213 1362 2213 1362 2214 1419 2214 1397 2214 1420 2215 1417 2215 1421 2215 1421 2216 1417 2216 1416 2216 1421 2217 1416 2217 1422 2217 1422 2218 1416 2218 1415 2218 1422 2219 1415 2219 1423 2219 1423 2220 1415 2220 1414 2220 1423 2221 1414 2221 1424 2221 1424 2222 1414 2222 1413 2222 1424 2223 1413 2223 1425 2223 1425 2224 1413 2224 1412 2224 1425 2225 1412 2225 1426 2225 1426 2226 1412 2226 1427 2226 1427 2227 1412 2227 1428 2227 1428 2228 1412 2228 1411 2228 1428 2229 1411 2229 1429 2229 1429 2230 1411 2230 1410 2230 1429 2231 1410 2231 1430 2231 1430 2232 1410 2232 1409 2232 1430 2233 1409 2233 1431 2233 1431 2234 1409 2234 1408 2234 1431 2235 1408 2235 1432 2235 1433 2236 1434 2236 1403 2236 1403 2237 1434 2237 1435 2237 1403 2238 1435 2238 1404 2238 1404 2239 1435 2239 1436 2239 1404 2240 1436 2240 1405 2240 1405 2241 1436 2241 1437 2241 1405 2242 1437 2242 1406 2242 1406 2243 1437 2243 1438 2243 1406 2244 1438 2244 1407 2244 1407 2245 1438 2245 1439 2245 1407 2246 1439 2246 1408 2246 1408 2247 1439 2247 1440 2247 1408 2248 1440 2248 1432 2248 1433 2249 1403 2249 1441 2249 1441 2250 1403 2250 1402 2250 1441 2251 1402 2251 1442 2251 1442 2252 1402 2252 1401 2252 1442 2253 1401 2253 1443 2253 1443 2254 1401 2254 1400 2254 1443 2255 1400 2255 1444 2255 1444 2256 1400 2256 1399 2256 1444 2257 1399 2257 1445 2257 1445 2258 1399 2258 1398 2258 1445 2259 1398 2259 1446 2259 1420 2260 1447 2260 1417 2260 1417 2261 1447 2261 1448 2261 1417 2262 1448 2262 1418 2262 1418 2263 1448 2263 1449 2263 1418 2264 1449 2264 1419 2264 1419 2265 1449 2265 1450 2265 1419 2266 1450 2266 1397 2266 1397 2267 1450 2267 1451 2267 1397 2268 1451 2268 1398 2268 1398 2269 1451 2269 1452 2269 1398 2270 1452 2270 1446 2270 1268 2271 1265 2271 1453 2271 1454 2272 1455 2272 1456 2272 1426 2273 1427 2273 1457 2273 1446 2274 1452 2274 1458 2274 1459 2275 1436 2275 1435 2275 1460 2276 1437 2276 1436 2276 1461 2277 1438 2277 1437 2277 1462 2278 1439 2278 1438 2278 1456 2279 1440 2279 1439 2279 1446 2280 1458 2280 1445 2280 1426 2281 1457 2281 1425 2281 1440 2282 1456 2282 1432 2282 1432 2283 1456 2283 1455 2283 1432 2284 1455 2284 1431 2284 1430 2285 1431 2285 1463 2285 1463 2286 1431 2286 1455 2286 1463 2287 1455 2287 1464 2287 1464 2288 1455 2288 1454 2288 1464 2289 1454 2289 1465 2289 1429 2290 1430 2290 1466 2290 1466 2291 1430 2291 1463 2291 1466 2292 1463 2292 1467 2292 1467 2293 1463 2293 1464 2293 1467 2294 1464 2294 1468 2294 1468 2295 1464 2295 1465 2295 1468 2296 1465 2296 1469 2296 1428 2297 1429 2297 1470 2297 1470 2298 1429 2298 1466 2298 1470 2299 1466 2299 1471 2299 1471 2300 1466 2300 1467 2300 1471 2301 1467 2301 1472 2301 1472 2302 1467 2302 1468 2302 1472 2303 1468 2303 1473 2303 1473 2303 1468 2303 1469 2303 1473 2304 1469 2304 1474 2304 1427 2305 1428 2305 1457 2305 1457 2306 1428 2306 1470 2306 1457 2307 1470 2307 1475 2307 1475 2308 1470 2308 1471 2308 1475 2309 1471 2309 1476 2309 1476 2310 1471 2310 1472 2310 1476 2311 1472 2311 1477 2311 1477 2311 1472 2311 1473 2311 1477 2312 1473 2312 1478 2312 1478 2313 1473 2313 1474 2313 1478 2314 1474 2314 1479 2314 1480 2315 1481 2315 1482 2315 1483 2316 1481 2316 1484 2316 1484 2317 1481 2317 1480 2317 1484 2318 1480 2318 1485 2318 1486 2319 1483 2319 1487 2319 1487 2319 1483 2319 1484 2319 1487 2320 1484 2320 1488 2320 1488 2321 1484 2321 1485 2321 1488 2322 1485 2322 1489 2322 1490 2323 1486 2323 1491 2323 1491 2324 1486 2324 1487 2324 1491 2325 1487 2325 1492 2325 1492 2326 1487 2326 1488 2326 1492 2327 1488 2327 1493 2327 1493 2327 1488 2327 1489 2327 1493 2328 1489 2328 1494 2328 1495 2329 1496 2329 1497 2329 1497 2330 1496 2330 1498 2330 1497 2331 1498 2331 1499 2331 1499 2332 1498 2332 1500 2332 1499 2333 1500 2333 1501 2333 1501 2333 1500 2333 1502 2333 1501 2334 1502 2334 1503 2334 1503 2335 1502 2335 1504 2335 1503 2336 1504 2336 1505 2336 1505 2337 1504 2337 1506 2337 1496 2338 1507 2338 1498 2338 1498 2339 1507 2339 1508 2339 1498 2340 1508 2340 1500 2340 1500 2341 1508 2341 1509 2341 1500 2342 1509 2342 1502 2342 1502 2342 1509 2342 1510 2342 1502 2343 1510 2343 1504 2343 1504 2344 1510 2344 1511 2344 1504 2345 1511 2345 1506 2345 1506 2346 1511 2346 1512 2346 1507 2347 1513 2347 1508 2347 1508 2348 1513 2348 1514 2348 1508 2349 1514 2349 1509 2349 1509 2350 1514 2350 1515 2350 1509 2351 1515 2351 1510 2351 1510 2351 1515 2351 1516 2351 1510 2352 1516 2352 1511 2352 1511 2353 1516 2353 1517 2353 1511 2354 1517 2354 1512 2354 1512 2355 1517 2355 1518 2355 1452 2356 1451 2356 1458 2356 1458 2357 1451 2357 1519 2357 1458 2358 1519 2358 1520 2358 1520 2359 1519 2359 1521 2359 1520 2360 1521 2360 1522 2360 1522 2361 1521 2361 1523 2361 1522 2362 1523 2362 1524 2362 1524 2362 1523 2362 1525 2362 1524 2363 1525 2363 1526 2363 1526 2364 1525 2364 1527 2364 1526 2365 1527 2365 1528 2365 1528 2366 1527 2366 1529 2366 1451 2367 1450 2367 1519 2367 1519 2368 1450 2368 1530 2368 1519 2369 1530 2369 1521 2369 1521 2370 1530 2370 1531 2370 1521 2371 1531 2371 1523 2371 1523 2372 1531 2372 1532 2372 1523 2373 1532 2373 1525 2373 1525 2373 1532 2373 1533 2373 1525 2374 1533 2374 1527 2374 1527 2375 1533 2375 1534 2375 1527 2376 1534 2376 1529 2376 1529 2377 1534 2377 1535 2377 1450 2378 1449 2378 1530 2378 1530 2379 1449 2379 1536 2379 1530 2380 1536 2380 1531 2380 1531 2381 1536 2381 1537 2381 1531 2382 1537 2382 1532 2382 1532 2383 1537 2383 1538 2383 1532 2384 1538 2384 1533 2384 1533 2384 1538 2384 1539 2384 1533 2385 1539 2385 1534 2385 1534 2386 1539 2386 1540 2386 1534 2387 1540 2387 1535 2387 1535 2388 1540 2388 1541 2388 1449 2389 1448 2389 1536 2389 1536 2390 1448 2390 1542 2390 1536 2391 1542 2391 1537 2391 1537 2392 1542 2392 1543 2392 1537 2393 1543 2393 1538 2393 1538 2394 1543 2394 1544 2394 1538 2395 1544 2395 1539 2395 1539 2395 1544 2395 1545 2395 1539 2396 1545 2396 1540 2396 1540 2397 1545 2397 1546 2397 1540 2398 1546 2398 1541 2398 1541 2399 1546 2399 1547 2399 1548 2400 1549 2400 1550 2400 1550 2401 1549 2401 1551 2401 1550 2402 1551 2402 1552 2402 1552 2403 1551 2403 1553 2403 1552 2404 1553 2404 1554 2404 1554 2404 1553 2404 1555 2404 1554 2405 1555 2405 1556 2405 1556 2406 1555 2406 1557 2406 1556 2407 1557 2407 1558 2407 1558 2408 1557 2408 1559 2408 1549 2409 1560 2409 1551 2409 1551 2410 1560 2410 1561 2410 1551 2411 1561 2411 1553 2411 1553 2412 1561 2412 1562 2412 1553 2413 1562 2413 1555 2413 1555 2413 1562 2413 1563 2413 1555 2414 1563 2414 1557 2414 1557 2415 1563 2415 1564 2415 1557 2416 1564 2416 1559 2416 1559 2417 1564 2417 1565 2417 1560 2418 1566 2418 1561 2418 1561 2419 1566 2419 1567 2419 1561 2420 1567 2420 1562 2420 1562 2421 1567 2421 1568 2421 1562 2422 1568 2422 1563 2422 1563 2422 1568 2422 1569 2422 1563 2423 1569 2423 1564 2423 1564 2424 1569 2424 1570 2424 1564 2425 1570 2425 1565 2425 1565 2426 1570 2426 1571 2426 1572 2427 1494 2427 1573 2427 1573 2428 1494 2428 1489 2428 1573 2429 1489 2429 1574 2429 1574 2322 1489 2322 1485 2322 1574 2430 1485 2430 1575 2430 1575 2431 1485 2431 1480 2431 1575 2432 1480 2432 1576 2432 1576 2433 1480 2433 1482 2433 1576 2434 1482 2434 1577 2434 1577 2435 1482 2435 1271 2435 1577 2436 1271 2436 1269 2436 1486 2437 1277 2437 1483 2437 1483 2438 1277 2438 1275 2438 1483 2439 1275 2439 1481 2439 1481 2440 1275 2440 1274 2440 1481 2441 1274 2441 1482 2441 1482 2442 1274 2442 1272 2442 1482 2443 1272 2443 1271 2443 1282 2444 1284 2444 1578 2444 1578 2445 1284 2445 1490 2445 1578 2446 1490 2446 1579 2446 1579 2447 1490 2447 1491 2447 1579 2448 1491 2448 1580 2448 1580 2449 1491 2449 1492 2449 1580 2450 1492 2450 1581 2450 1581 2450 1492 2450 1493 2450 1581 2451 1493 2451 1582 2451 1582 2452 1493 2452 1494 2452 1582 2453 1494 2453 1583 2453 1583 2454 1494 2454 1572 2454 1583 2455 1572 2455 1434 2455 1434 2456 1572 2456 1435 2456 1284 2457 1285 2457 1490 2457 1490 2458 1285 2458 1281 2458 1490 2459 1281 2459 1486 2459 1486 2460 1281 2460 1279 2460 1486 2461 1279 2461 1277 2461 1583 2462 1495 2462 1582 2462 1582 2463 1495 2463 1497 2463 1582 2464 1497 2464 1581 2464 1581 2465 1497 2465 1499 2465 1581 2466 1499 2466 1580 2466 1580 2466 1499 2466 1501 2466 1580 2467 1501 2467 1579 2467 1579 2468 1501 2468 1503 2468 1579 2469 1503 2469 1578 2469 1578 2470 1503 2470 1505 2470 1578 2471 1505 2471 1282 2471 1296 2472 1295 2472 1584 2472 1584 2473 1295 2473 1518 2473 1584 2474 1518 2474 1585 2474 1585 2475 1518 2475 1517 2475 1585 2476 1517 2476 1586 2476 1586 2477 1517 2477 1516 2477 1586 2478 1516 2478 1587 2478 1587 2478 1516 2478 1515 2478 1587 2479 1515 2479 1588 2479 1588 2480 1515 2480 1514 2480 1588 2481 1514 2481 1589 2481 1589 2482 1514 2482 1513 2482 1295 2483 1293 2483 1518 2483 1518 2484 1293 2484 1291 2484 1518 2485 1291 2485 1512 2485 1512 2486 1291 2486 1289 2486 1512 2487 1289 2487 1506 2487 1506 2488 1289 2488 1287 2488 1506 2489 1287 2489 1505 2489 1505 2490 1287 2490 1286 2490 1505 2491 1286 2491 1282 2491 1434 2492 1433 2492 1583 2492 1583 2493 1433 2493 1441 2493 1583 2494 1441 2494 1495 2494 1495 2495 1441 2495 1442 2495 1495 2496 1442 2496 1496 2496 1496 2497 1442 2497 1443 2497 1496 2498 1443 2498 1507 2498 1507 2499 1443 2499 1444 2499 1507 2500 1444 2500 1513 2500 1513 2501 1444 2501 1445 2501 1513 2501 1445 2501 1589 2501 1589 2502 1445 2502 1458 2502 1589 2503 1458 2503 1588 2503 1588 2504 1458 2504 1520 2504 1588 2505 1520 2505 1587 2505 1587 2506 1520 2506 1522 2506 1587 2507 1522 2507 1586 2507 1586 2507 1522 2507 1524 2507 1586 2508 1524 2508 1585 2508 1585 2509 1524 2509 1526 2509 1585 2510 1526 2510 1584 2510 1584 2511 1526 2511 1528 2511 1584 2512 1528 2512 1296 2512 1246 2513 1244 2513 1590 2513 1590 2514 1244 2514 1547 2514 1590 2515 1547 2515 1591 2515 1591 2516 1547 2516 1546 2516 1591 2517 1546 2517 1592 2517 1592 2518 1546 2518 1545 2518 1592 2519 1545 2519 1593 2519 1593 2519 1545 2519 1544 2519 1593 2520 1544 2520 1594 2520 1594 2521 1544 2521 1543 2521 1594 2522 1543 2522 1595 2522 1595 2523 1543 2523 1542 2523 1595 2524 1542 2524 1447 2524 1447 2525 1542 2525 1448 2525 1244 2526 1243 2526 1547 2526 1547 2527 1243 2527 1241 2527 1547 2528 1241 2528 1541 2528 1541 2529 1241 2529 1240 2529 1541 2530 1240 2530 1535 2530 1535 2531 1240 2531 1301 2531 1535 2532 1301 2532 1529 2532 1529 2533 1301 2533 1302 2533 1529 2534 1302 2534 1528 2534 1528 2535 1302 2535 1297 2535 1528 2536 1297 2536 1296 2536 1595 2537 1548 2537 1594 2537 1594 2537 1548 2537 1550 2537 1594 2538 1550 2538 1593 2538 1593 2539 1550 2539 1552 2539 1593 2540 1552 2540 1592 2540 1592 2540 1552 2540 1554 2540 1592 2541 1554 2541 1591 2541 1591 2542 1554 2542 1556 2542 1591 2543 1556 2543 1590 2543 1590 2543 1556 2543 1558 2543 1590 2544 1558 2544 1246 2544 1257 2545 1256 2545 1596 2545 1596 2546 1256 2546 1571 2546 1596 2547 1571 2547 1597 2547 1597 2548 1571 2548 1570 2548 1597 2549 1570 2549 1598 2549 1598 2550 1570 2550 1569 2550 1598 2551 1569 2551 1599 2551 1599 2551 1569 2551 1568 2551 1599 2552 1568 2552 1600 2552 1600 2553 1568 2553 1567 2553 1600 2554 1567 2554 1601 2554 1601 2555 1567 2555 1566 2555 1256 2556 1254 2556 1571 2556 1571 2557 1254 2557 1252 2557 1571 2558 1252 2558 1565 2558 1565 2559 1252 2559 1250 2559 1565 2560 1250 2560 1559 2560 1559 2561 1250 2561 1249 2561 1559 2562 1249 2562 1558 2562 1558 2563 1249 2563 1247 2563 1558 2564 1247 2564 1246 2564 1258 2565 1257 2565 1479 2565 1479 2566 1257 2566 1596 2566 1479 2567 1596 2567 1478 2567 1478 2568 1596 2568 1597 2568 1478 2569 1597 2569 1477 2569 1477 2570 1597 2570 1598 2570 1477 2571 1598 2571 1476 2571 1476 2571 1598 2571 1599 2571 1476 2572 1599 2572 1475 2572 1475 2573 1599 2573 1600 2573 1475 2574 1600 2574 1457 2574 1457 2575 1600 2575 1601 2575 1457 2576 1601 2576 1425 2576 1425 2577 1601 2577 1566 2577 1425 2578 1566 2578 1424 2578 1424 2579 1566 2579 1560 2579 1424 2580 1560 2580 1423 2580 1423 2581 1560 2581 1549 2581 1423 2582 1549 2582 1422 2582 1422 2583 1549 2583 1548 2583 1422 2584 1548 2584 1421 2584 1421 2585 1548 2585 1595 2585 1421 2585 1595 2585 1420 2585 1420 2586 1595 2586 1447 2586 1602 2587 1261 2587 1260 2587 1439 2588 1462 2588 1456 2588 1456 2589 1462 2589 1603 2589 1456 2590 1603 2590 1454 2590 1454 2591 1603 2591 1604 2591 1454 2592 1604 2592 1465 2592 1465 2593 1604 2593 1605 2593 1465 2296 1605 2296 1469 2296 1469 2594 1605 2594 1606 2594 1469 2595 1606 2595 1474 2595 1474 2596 1606 2596 1602 2596 1474 2597 1602 2597 1479 2597 1479 2598 1602 2598 1260 2598 1479 2599 1260 2599 1258 2599 1438 2600 1461 2600 1462 2600 1462 2601 1461 2601 1607 2601 1462 2602 1607 2602 1603 2602 1603 2603 1607 2603 1608 2603 1603 2604 1608 2604 1604 2604 1604 2605 1608 2605 1609 2605 1604 2593 1609 2593 1605 2593 1605 2606 1609 2606 1610 2606 1605 2607 1610 2607 1606 2607 1606 2608 1610 2608 1611 2608 1606 2609 1611 2609 1602 2609 1602 2610 1611 2610 1263 2610 1602 2611 1263 2611 1261 2611 1437 2612 1460 2612 1461 2612 1461 2613 1460 2613 1612 2613 1461 2614 1612 2614 1607 2614 1607 2615 1612 2615 1613 2615 1607 2616 1613 2616 1608 2616 1608 2617 1613 2617 1614 2617 1608 2605 1614 2605 1609 2605 1609 2618 1614 2618 1615 2618 1609 2619 1615 2619 1610 2619 1610 2620 1615 2620 1616 2620 1610 2621 1616 2621 1611 2621 1611 2622 1616 2622 1264 2622 1611 2623 1264 2623 1263 2623 1436 2624 1459 2624 1460 2624 1460 2625 1459 2625 1617 2625 1460 2626 1617 2626 1612 2626 1612 2627 1617 2627 1618 2627 1612 2628 1618 2628 1613 2628 1613 2629 1618 2629 1619 2629 1613 2617 1619 2617 1614 2617 1614 2630 1619 2630 1620 2630 1614 2631 1620 2631 1615 2631 1615 2632 1620 2632 1453 2632 1615 2633 1453 2633 1616 2633 1616 2634 1453 2634 1265 2634 1616 2635 1265 2635 1264 2635 1435 2636 1572 2636 1459 2636 1459 2637 1572 2637 1573 2637 1459 2638 1573 2638 1617 2638 1617 2639 1573 2639 1574 2639 1617 2640 1574 2640 1618 2640 1618 2430 1574 2430 1575 2430 1618 2629 1575 2629 1619 2629 1619 2641 1575 2641 1576 2641 1619 2642 1576 2642 1620 2642 1620 2643 1576 2643 1577 2643 1620 2644 1577 2644 1453 2644 1453 2645 1577 2645 1269 2645 1453 2646 1269 2646 1268 2646 1340 772 1235 772 1236 772 1340 772 1339 772 1235 772 1235 772 1339 772 1338 772 1235 772 1338 772 1234 772 1237 772 1342 772 1236 772 1236 772 1342 772 1341 772 1236 772 1341 772 1340 772 1338 772 1337 772 1234 772 1234 772 1337 772 1336 772 1234 772 1336 772 1233 772 1233 772 1336 772 1335 772 1233 772 1335 772 1228 772 1238 772 1344 772 1237 772 1237 772 1344 772 1343 772 1237 772 1343 772 1342 772 1231 772 1327 772 1326 772 1230 772 1229 772 1331 772 1335 772 1334 772 1228 772 1228 772 1334 772 1333 772 1228 772 1333 772 1229 772 1229 772 1333 772 1332 772 1229 772 1332 772 1331 772 1231 772 1326 772 1232 772 1239 772 1346 772 1238 772 1238 772 1346 772 1345 772 1238 772 1345 772 1344 772 1326 772 1349 772 1232 772 1232 772 1349 772 1348 772 1232 772 1348 772 1239 772 1239 772 1348 772 1347 772 1239 772 1347 772 1346 772 1331 772 1330 772 1230 772 1230 772 1330 772 1329 772 1230 772 1329 772 1231 772 1231 772 1329 772 1328 772 1231 772 1328 772 1327 772 1350 1052 779 1052 1351 1052 1351 1052 779 1052 778 1052 1350 1052 1395 1052 779 1052 779 1052 1395 1052 1393 1052 779 1052 1393 1052 780 1052 769 1052 1355 1052 778 1052 778 1052 1355 1052 1353 1052 778 1052 1353 1052 1351 1052 771 1052 772 1052 1367 1052 770 1052 1359 1052 769 1052 769 1052 1359 1052 1357 1052 769 1052 1357 1052 1355 1052 774 1052 775 1052 1379 1052 777 1052 1385 1052 776 1052 776 1052 1385 1052 1383 1052 776 1052 1383 1052 775 1052 775 1052 1383 1052 1381 1052 775 1052 1381 1052 1379 1052 1393 1052 1391 1052 780 1052 780 1052 1391 1052 1389 1052 780 1052 1389 1052 777 1052 777 1052 1389 1052 1387 1052 777 1052 1387 1052 1385 1052 1367 1052 1365 1052 771 1052 771 1052 1365 1052 1363 1052 771 1052 1363 1052 770 1052 770 1052 1363 1052 1361 1052 770 1052 1361 1052 1359 1052 773 1052 1371 1052 772 1052 772 1052 1371 1052 1369 1052 772 1052 1369 1052 1367 1052 1379 1052 1377 1052 774 1052 774 1052 1377 1052 1375 1052 774 1052 1375 1052 773 1052 773 1052 1375 1052 1373 1052 773 1052 1373 1052 1371 1052 1621 2647 1622 2647 695 2647 695 2648 1622 2648 781 2648 781 2649 1622 2649 1623 2649 781 2650 1623 2650 782 2650 1624 2651 788 2651 1623 2651 1623 2652 788 2652 783 2652 1623 2653 783 2653 782 2653 1625 2654 786 2654 1624 2654 1624 2655 786 2655 787 2655 1624 2656 787 2656 788 2656 692 2657 784 2657 1625 2657 1625 2658 784 2658 785 2658 1625 2659 785 2659 786 2659 695 1197 696 1197 1621 1197 1621 1196 696 1196 697 1196 1621 1196 697 1196 1626 1196 1626 1195 697 1195 698 1195 1626 1195 698 1195 1627 1195 1627 1194 698 1194 699 1194 1627 1194 699 1194 1628 1194 1628 1193 699 1193 700 1193 1628 1193 700 1193 1629 1193 1629 1192 700 1192 694 1192 1629 1192 694 1192 1630 1192 1630 1084 694 1084 693 1084 1630 1084 693 1084 1631 1084 1631 2660 693 2660 692 2660 1631 2661 692 2661 1632 2661 1632 2662 692 2662 1625 2662 1633 2663 1634 2663 1635 2663 1634 2664 1636 2664 1635 2664 1635 2665 1636 2665 1637 2665 1635 2666 1637 2666 1638 2666 1637 2667 1639 2667 1638 2667 1638 2668 1639 2668 1640 2668 1638 1565 1640 1565 1641 1565 1640 2669 1642 2669 1641 2669 1641 2670 1642 2670 1643 2670 1641 2671 1643 2671 1644 2671 1644 2672 1643 2672 1645 2672 1644 2673 1645 2673 1646 2673 1646 2674 1645 2674 1647 2674 1646 2675 1647 2675 1648 2675 1648 2676 1647 2676 1649 2676 1649 2677 1650 2677 1648 2677 1648 2678 1650 2678 1651 2678 1648 2679 1651 2679 1652 2679 1651 2680 1653 2680 1652 2680 1652 2681 1653 2681 1654 2681 1652 1549 1654 1549 1655 1549 1655 2682 1654 2682 1656 2682 1655 2683 1656 2683 1657 2683 1658 2684 1659 2684 1657 2684 1657 2685 1659 2685 1660 2685 1657 2686 1660 2686 1655 2686 1658 2687 1661 2687 1659 2687 1659 2688 1661 2688 1662 2688 1659 2689 1662 2689 1663 2689 1662 2690 1664 2690 1663 2690 1663 2691 1664 2691 1665 2691 1663 2692 1665 2692 1666 2692 1665 2693 1667 2693 1666 2693 1666 2694 1667 2694 1668 2694 1666 2695 1668 2695 1669 2695 1669 2696 1668 2696 1670 2696 1669 2697 1670 2697 1671 2697 1671 2698 1670 2698 1672 2698 1671 2699 1672 2699 1673 2699 1673 2700 1672 2700 1674 2700 1675 2701 1676 2701 1677 2701 1677 2702 1676 2702 1673 2702 1677 2703 1673 2703 1678 2703 1678 2704 1673 2704 1674 2704 1679 2705 1680 2705 1681 2705 1681 2706 1680 2706 1682 2706 1681 2707 1682 2707 1683 2707 1683 2708 1682 2708 1684 2708 1683 2709 1684 2709 1685 2709 1685 2710 1684 2710 1686 2710 1685 2711 1686 2711 1687 2711 1687 2712 1686 2712 1688 2712 1688 2713 1689 2713 1687 2713 1687 2714 1689 2714 1690 2714 1687 2715 1690 2715 1691 2715 1635 2716 1692 2716 1633 2716 1633 2717 1692 2717 1693 2717 1633 2718 1693 2718 1694 2718 1694 2719 1693 2719 1691 2719 1694 2720 1691 2720 1695 2720 1695 2721 1691 2721 1690 2721 1676 1510 1696 1510 1697 1510 1676 1509 1697 1509 1673 1509 1673 2722 1697 2722 1698 2722 1673 2723 1698 2723 1671 2723 1671 1506 1698 1506 1699 1506 1671 1505 1699 1505 1669 1505 1669 1504 1699 1504 1700 1504 1669 1503 1700 1503 1666 1503 1666 1502 1700 1502 1701 1502 1666 2724 1701 2724 1663 2724 1663 1500 1701 1500 1702 1500 1663 1500 1702 1500 1659 1500 1659 2725 1702 2725 1703 2725 1659 2726 1703 2726 1660 2726 1660 1498 1703 1498 1704 1498 1660 1497 1704 1497 1655 1497 1655 1496 1704 1496 1705 1496 1655 1495 1705 1495 1652 1495 1652 2727 1705 2727 1706 2727 1652 2728 1706 2728 1648 2728 1648 1492 1706 1492 1707 1492 1648 1491 1707 1491 1646 1491 1646 1490 1707 1490 1708 1490 1646 2729 1708 2729 1644 2729 1644 2730 1708 2730 1709 2730 1644 2731 1709 2731 1641 2731 1641 2732 1709 2732 1710 2732 1641 1485 1710 1485 1638 1485 1638 1484 1710 1484 1711 1484 1638 2733 1711 2733 1635 2733 1635 2734 1711 2734 1712 2734 1635 2735 1712 2735 1692 2735 1692 2736 1712 2736 1713 2736 1692 2737 1713 2737 1693 2737 1693 2738 1713 2738 1714 2738 1693 2739 1714 2739 1691 2739 1691 1520 1714 1520 1715 1520 1691 2740 1715 2740 1687 2740 1687 2741 1715 2741 1716 2741 1687 2742 1716 2742 1685 2742 1685 2743 1716 2743 1717 2743 1685 2744 1717 2744 1683 2744 1683 2745 1717 2745 1718 2745 1683 2746 1718 2746 1681 2746 1719 2747 1720 2747 1696 2747 1720 2748 1721 2748 1696 2748 1696 1457 1721 1457 1722 1457 1696 1458 1722 1458 1697 1458 1697 2749 1722 2749 1723 2749 1697 2750 1723 2750 1698 2750 1698 1461 1723 1461 1724 1461 1698 1462 1724 1462 1699 1462 1699 1463 1724 1463 1725 1463 1699 1464 1725 1464 1700 1464 1700 1465 1725 1465 1726 1465 1700 1466 1726 1466 1701 1466 1701 1467 1726 1467 1727 1467 1701 1467 1727 1467 1702 1467 1702 1468 1727 1468 1728 1468 1702 1469 1728 1469 1703 1469 1703 1470 1728 1470 1729 1470 1703 1471 1729 1471 1704 1471 1704 1472 1729 1472 1730 1472 1704 1473 1730 1473 1705 1473 1705 2751 1730 2751 1731 2751 1705 2751 1731 2751 1706 2751 1706 1476 1731 1476 1732 1476 1706 1477 1732 1477 1707 1477 1707 2752 1732 2752 1733 2752 1707 2753 1733 2753 1708 2753 1708 1435 1733 1435 1734 1435 1708 1436 1734 1436 1709 1436 1709 1437 1734 1437 1735 1437 1709 2754 1735 2754 1710 2754 1710 2755 1735 2755 1736 2755 1710 2756 1736 2756 1711 2756 1711 2757 1736 2757 1737 2757 1711 2758 1737 2758 1712 2758 1712 2759 1737 2759 1738 2759 1712 2760 1738 2760 1713 2760 1713 1445 1738 1445 1739 1445 1713 2761 1739 2761 1714 2761 1714 2762 1739 2762 1740 2762 1714 2763 1740 2763 1715 2763 1715 2764 1740 2764 1741 2764 1715 2765 1741 2765 1716 2765 1716 2766 1741 2766 1742 2766 1716 2767 1742 2767 1717 2767 1717 1453 1742 1453 1719 1453 1717 1454 1719 1454 1718 1454 1718 2768 1719 2768 1696 2768 1718 2769 1696 2769 1681 2769 1681 2770 1696 2770 1676 2770 1681 2771 1676 2771 1679 2771 1679 2772 1676 2772 1675 2772 1743 2773 1744 2773 1745 2773 1745 1409 1744 1409 1746 1409 1745 1410 1746 1410 1747 1410 1747 1411 1746 1411 1748 1411 1747 2774 1748 2774 1749 2774 1749 2775 1748 2775 1750 2775 1749 2776 1750 2776 1751 2776 1751 2777 1750 2777 1752 2777 1751 2778 1752 2778 1753 2778 1753 2779 1752 2779 1754 2779 1753 2780 1754 2780 1755 2780 1755 1419 1754 1419 1756 1419 1755 2781 1756 2781 1757 2781 1757 2782 1756 2782 1758 2782 1757 2783 1758 2783 1759 2783 1759 2784 1758 2784 1760 2784 1759 2785 1760 2785 1761 2785 1761 2786 1760 2786 1762 2786 1761 2787 1762 2787 1763 2787 1763 1427 1762 1427 1764 1427 1763 1428 1764 1428 1765 1428 1765 2788 1764 2788 1766 2788 1765 2789 1766 2789 1767 2789 1767 1387 1766 1387 1768 1387 1767 1388 1768 1388 1769 1388 1769 2790 1768 2790 1770 2790 1769 2791 1770 2791 1771 2791 1771 1391 1770 1391 1772 1391 1771 1392 1772 1392 1773 1392 1773 1393 1772 1393 1774 1393 1773 1394 1774 1394 1775 1394 1775 1395 1774 1395 1776 1395 1775 1396 1776 1396 1777 1396 1777 1397 1776 1397 1778 1397 1777 1397 1778 1397 1779 1397 1779 1398 1778 1398 1780 1398 1779 1399 1780 1399 1781 1399 1781 1400 1780 1400 1782 1400 1781 1401 1782 1401 1783 1401 1783 1402 1782 1402 1784 1402 1783 1403 1784 1403 1785 1403 1785 2792 1784 2792 1786 2792 1785 2793 1786 2793 1787 2793 1787 1405 1786 1405 1788 1405 1787 1406 1788 1406 1789 1406 1789 2794 1788 2794 1743 2794 1789 2795 1743 2795 1745 2795 1755 2796 1790 2796 1753 2796 1753 2797 1790 2797 1791 2797 1753 2798 1791 2798 1751 2798 1751 2799 1791 2799 1792 2799 1751 1369 1792 1369 1749 1369 1749 1368 1792 1368 1793 1368 1749 2800 1793 2800 1747 2800 1747 2801 1793 2801 1794 2801 1747 2802 1794 2802 1745 2802 1745 2803 1794 2803 1795 2803 1745 1363 1795 1363 1789 1363 1789 1362 1795 1362 1796 1362 1789 1361 1796 1361 1787 1361 1787 2804 1796 2804 1797 2804 1787 2805 1797 2805 1785 2805 1785 1358 1797 1358 1798 1358 1785 1357 1798 1357 1783 1357 1783 1356 1798 1356 1799 1356 1783 1355 1799 1355 1781 1355 1781 2806 1799 2806 1800 2806 1781 2806 1800 2806 1779 2806 1779 1352 1800 1352 1801 1352 1779 1352 1801 1352 1777 1352 1777 2807 1801 2807 1802 2807 1777 1350 1802 1350 1775 1350 1775 1349 1802 1349 1803 1349 1775 1348 1803 1348 1773 1348 1773 1347 1803 1347 1804 1347 1773 1346 1804 1346 1771 1346 1771 2808 1804 2808 1805 2808 1771 2809 1805 2809 1769 2809 1769 1343 1805 1343 1806 1343 1769 1342 1806 1342 1767 1342 1767 2810 1806 2810 1807 2810 1767 2811 1807 2811 1765 2811 1765 2812 1807 2812 1808 2812 1765 2813 1808 2813 1763 2813 1763 2814 1808 2814 1809 2814 1763 2815 1809 2815 1761 2815 1761 2816 1809 2816 1810 2816 1761 2817 1810 2817 1759 2817 1759 2818 1810 2818 1811 2818 1759 1377 1811 1377 1757 1377 1757 2819 1811 2819 1812 2819 1757 2820 1812 2820 1755 2820 1755 2821 1812 2821 1790 2821 1813 2822 1810 2822 1814 2822 1814 2823 1810 2823 1809 2823 1814 2824 1809 2824 1815 2824 1815 2825 1809 2825 1808 2825 1815 2826 1808 2826 1816 2826 1816 2827 1808 2827 1807 2827 1816 2828 1807 2828 1817 2828 1817 2829 1807 2829 1806 2829 1817 2830 1806 2830 1818 2830 1818 2831 1806 2831 1805 2831 1818 2832 1805 2832 1819 2832 1819 2833 1805 2833 1820 2833 1820 2834 1805 2834 1821 2834 1821 2835 1805 2835 1804 2835 1821 2836 1804 2836 1822 2836 1822 2837 1804 2837 1803 2837 1822 2838 1803 2838 1823 2838 1823 2839 1803 2839 1802 2839 1823 2840 1802 2840 1824 2840 1824 2841 1802 2841 1801 2841 1824 2842 1801 2842 1825 2842 1826 2843 1827 2843 1796 2843 1796 2844 1827 2844 1828 2844 1796 2845 1828 2845 1797 2845 1797 2846 1828 2846 1829 2846 1797 1301 1829 1301 1798 1301 1798 2847 1829 2847 1830 2847 1798 2848 1830 2848 1799 2848 1799 2849 1830 2849 1831 2849 1799 2850 1831 2850 1800 2850 1800 2851 1831 2851 1832 2851 1800 2852 1832 2852 1801 2852 1801 2853 1832 2853 1833 2853 1801 2854 1833 2854 1825 2854 1826 2855 1796 2855 1834 2855 1834 2856 1796 2856 1795 2856 1834 2857 1795 2857 1835 2857 1835 2858 1795 2858 1794 2858 1835 2859 1794 2859 1836 2859 1836 2860 1794 2860 1793 2860 1836 2861 1793 2861 1837 2861 1837 1287 1793 1287 1792 1287 1837 2862 1792 2862 1838 2862 1838 2863 1792 2863 1791 2863 1838 2864 1791 2864 1839 2864 1813 2865 1840 2865 1810 2865 1810 2866 1840 2866 1841 2866 1810 2867 1841 2867 1811 2867 1811 2868 1841 2868 1842 2868 1811 2869 1842 2869 1812 2869 1812 2870 1842 2870 1843 2870 1812 2871 1843 2871 1790 2871 1790 2872 1843 2872 1844 2872 1790 2873 1844 2873 1791 2873 1791 2874 1844 2874 1845 2874 1791 2875 1845 2875 1839 2875 1661 2876 1658 2876 1846 2876 1847 2877 1848 2877 1849 2877 1819 2878 1820 2878 1850 2878 1839 1836 1845 1836 1851 1836 1852 2879 1829 2879 1828 2879 1853 2880 1830 2880 1829 2880 1854 2881 1831 2881 1830 2881 1855 2882 1832 2882 1831 2882 1849 2883 1833 2883 1832 2883 1839 1835 1851 1835 1838 1835 1819 1766 1850 1766 1818 1766 1833 2884 1849 2884 1825 2884 1825 2885 1849 2885 1848 2885 1825 1752 1848 1752 1824 1752 1823 2886 1824 2886 1856 2886 1856 2887 1824 2887 1848 2887 1856 2888 1848 2888 1857 2888 1857 2889 1848 2889 1847 2889 1857 2890 1847 2890 1858 2890 1822 2891 1823 2891 1859 2891 1859 2892 1823 2892 1856 2892 1859 2893 1856 2893 1860 2893 1860 2894 1856 2894 1857 2894 1860 2895 1857 2895 1861 2895 1861 2896 1857 2896 1858 2896 1861 1739 1858 1739 1862 1739 1821 2897 1822 2897 1863 2897 1863 2898 1822 2898 1859 2898 1863 1628 1859 1628 1864 1628 1864 2899 1859 2899 1860 2899 1864 2900 1860 2900 1865 2900 1865 2901 1860 2901 1861 2901 1865 1631 1861 1631 1866 1631 1866 1631 1861 1631 1862 1631 1866 1738 1862 1738 1867 1738 1820 2902 1821 2902 1850 2902 1850 2903 1821 2903 1863 2903 1850 1632 1863 1632 1868 1632 1868 1633 1863 1633 1864 1633 1868 2904 1864 2904 1869 2904 1869 2905 1864 2905 1865 2905 1869 2906 1865 2906 1870 2906 1870 2906 1865 2906 1866 2906 1870 2907 1866 2907 1871 2907 1871 1737 1866 1737 1867 1737 1871 1736 1867 1736 1872 1736 1873 2908 1874 2908 1875 2908 1876 2909 1874 2909 1877 2909 1877 2910 1874 2910 1873 2910 1877 2911 1873 2911 1878 2911 1879 1608 1876 1608 1880 1608 1880 1608 1876 1608 1877 1608 1880 2912 1877 2912 1881 2912 1881 2913 1877 2913 1878 2913 1881 1612 1878 1612 1882 1612 1883 1616 1879 1616 1884 1616 1884 1617 1879 1617 1880 1617 1884 2914 1880 2914 1885 2914 1885 2915 1880 2915 1881 2915 1885 2916 1881 2916 1886 2916 1886 2916 1881 2916 1882 2916 1886 2917 1882 2917 1887 2917 1888 2918 1889 2918 1890 2918 1890 2919 1889 2919 1891 2919 1890 2920 1891 2920 1892 2920 1892 2921 1891 2921 1893 2921 1892 1731 1893 1731 1894 1731 1894 1731 1893 1731 1895 1731 1894 1730 1895 1730 1896 1730 1896 2922 1895 2922 1897 2922 1896 2923 1897 2923 1898 2923 1898 2924 1897 2924 1899 2924 1889 2925 1900 2925 1891 2925 1891 2926 1900 2926 1901 2926 1891 2927 1901 2927 1893 2927 1893 2928 1901 2928 1902 2928 1893 2929 1902 2929 1895 2929 1895 2929 1902 2929 1903 2929 1895 2930 1903 2930 1897 2930 1897 2931 1903 2931 1904 2931 1897 2932 1904 2932 1899 2932 1899 1718 1904 1718 1905 1718 1900 1717 1906 1717 1901 1717 1901 1716 1906 1716 1907 1716 1901 2933 1907 2933 1902 2933 1902 2934 1907 2934 1908 2934 1902 2935 1908 2935 1903 2935 1903 2935 1908 2935 1909 2935 1903 2936 1909 2936 1904 2936 1904 1711 1909 1711 1910 1711 1904 1710 1910 1710 1905 1710 1905 1709 1910 1709 1911 1709 1845 2937 1844 2937 1851 2937 1851 2938 1844 2938 1912 2938 1851 2939 1912 2939 1913 2939 1913 2940 1912 2940 1914 2940 1913 2941 1914 2941 1915 2941 1915 1705 1914 1705 1916 1705 1915 1704 1916 1704 1917 1704 1917 1704 1916 1704 1918 1704 1917 2942 1918 2942 1919 2942 1919 2943 1918 2943 1920 2943 1919 2944 1920 2944 1921 2944 1921 1700 1920 1700 1922 1700 1844 2945 1843 2945 1912 2945 1912 2946 1843 2946 1923 2946 1912 2947 1923 2947 1914 2947 1914 2948 1923 2948 1924 2948 1914 2949 1924 2949 1916 2949 1916 2950 1924 2950 1925 2950 1916 2951 1925 2951 1918 2951 1918 2951 1925 2951 1926 2951 1918 2952 1926 2952 1920 2952 1920 2953 1926 2953 1927 2953 1920 2954 1927 2954 1922 2954 1922 2955 1927 2955 1928 2955 1843 2956 1842 2956 1923 2956 1923 2957 1842 2957 1929 2957 1923 2958 1929 2958 1924 2958 1924 2959 1929 2959 1930 2959 1924 2960 1930 2960 1925 2960 1925 2961 1930 2961 1931 2961 1925 2962 1931 2962 1926 2962 1926 2962 1931 2962 1932 2962 1926 2963 1932 2963 1927 2963 1927 2964 1932 2964 1933 2964 1927 2965 1933 2965 1928 2965 1928 2966 1933 2966 1934 2966 1842 2967 1841 2967 1929 2967 1929 2968 1841 2968 1935 2968 1929 1675 1935 1675 1930 1675 1930 2969 1935 2969 1936 2969 1930 2970 1936 2970 1931 2970 1931 2971 1936 2971 1937 2971 1931 1671 1937 1671 1932 1671 1932 1671 1937 1671 1938 1671 1932 1670 1938 1670 1933 1670 1933 2972 1938 2972 1939 2972 1933 2973 1939 2973 1934 2973 1934 2974 1939 2974 1940 2974 1941 1664 1942 1664 1943 1664 1943 1663 1942 1663 1944 1663 1943 1662 1944 1662 1945 1662 1945 2975 1944 2975 1946 2975 1945 2976 1946 2976 1947 2976 1947 2976 1946 2976 1948 2976 1947 2977 1948 2977 1949 2977 1949 2978 1948 2978 1950 2978 1949 1657 1950 1657 1951 1657 1951 1656 1950 1656 1952 1656 1942 1655 1953 1655 1944 1655 1944 2979 1953 2979 1954 2979 1944 2980 1954 2980 1946 2980 1946 2981 1954 2981 1955 2981 1946 2982 1955 2982 1948 2982 1948 2982 1955 2982 1956 2982 1948 2983 1956 2983 1950 2983 1950 2984 1956 2984 1957 2984 1950 2985 1957 2985 1952 2985 1952 2986 1957 2986 1958 2986 1953 2987 1959 2987 1954 2987 1954 2988 1959 2988 1960 2988 1954 2989 1960 2989 1955 2989 1955 1643 1960 1643 1961 1643 1955 1642 1961 1642 1956 1642 1956 1642 1961 1642 1962 1642 1956 2990 1962 2990 1957 2990 1957 2991 1962 2991 1963 2991 1957 2992 1963 2992 1958 2992 1958 2993 1963 2993 1964 2993 1965 1623 1887 1623 1966 1623 1966 1622 1887 1622 1882 1622 1966 1613 1882 1613 1967 1613 1967 1612 1882 1612 1878 1612 1967 1605 1878 1605 1968 1605 1968 2994 1878 2994 1873 2994 1968 2995 1873 2995 1969 2995 1969 2996 1873 2996 1875 2996 1969 2997 1875 2997 1970 2997 1970 2998 1875 2998 1664 2998 1970 2999 1664 2999 1662 2999 1879 3000 1670 3000 1876 3000 1876 3001 1670 3001 1668 3001 1876 3002 1668 3002 1874 3002 1874 3003 1668 3003 1667 3003 1874 3004 1667 3004 1875 3004 1875 3005 1667 3005 1665 3005 1875 1593 1665 1593 1664 1593 1675 3006 1677 3006 1971 3006 1971 1885 1677 1885 1883 1885 1971 3007 1883 3007 1972 3007 1972 3008 1883 3008 1884 3008 1972 3009 1884 3009 1973 3009 1973 3010 1884 3010 1885 3010 1973 3011 1885 3011 1974 3011 1974 3011 1885 3011 1886 3011 1974 3012 1886 3012 1975 3012 1975 3013 1886 3013 1887 3013 1975 3014 1887 3014 1976 3014 1976 1876 1887 1876 1965 1876 1976 1875 1965 1875 1827 1875 1827 3015 1965 3015 1828 3015 1677 1590 1678 1590 1883 1590 1883 3016 1678 3016 1674 3016 1883 3017 1674 3017 1879 3017 1879 3018 1674 3018 1672 3018 1879 3019 1672 3019 1670 3019 1976 3020 1888 3020 1975 3020 1975 3021 1888 3021 1890 3021 1975 3022 1890 3022 1974 3022 1974 1859 1890 1859 1892 1859 1974 1860 1892 1860 1973 1860 1973 1860 1892 1860 1894 1860 1973 3023 1894 3023 1972 3023 1972 3024 1894 3024 1896 3024 1972 3025 1896 3025 1971 3025 1971 3026 1896 3026 1898 3026 1971 3027 1898 3027 1675 3027 1689 1895 1688 1895 1977 1895 1977 1894 1688 1894 1911 1894 1977 3028 1911 3028 1978 3028 1978 3029 1911 3029 1910 3029 1978 3030 1910 3030 1979 3030 1979 1848 1910 1848 1909 1848 1979 1849 1909 1849 1980 1849 1980 1849 1909 1849 1908 1849 1980 3031 1908 3031 1981 3031 1981 3032 1908 3032 1907 3032 1981 3033 1907 3033 1982 3033 1982 1852 1907 1852 1906 1852 1688 3034 1686 3034 1911 3034 1911 3035 1686 3035 1684 3035 1911 3036 1684 3036 1905 3036 1905 3037 1684 3037 1682 3037 1905 3038 1682 3038 1899 3038 1899 3039 1682 3039 1680 3039 1899 3040 1680 3040 1898 3040 1898 3041 1680 3041 1679 3041 1898 3042 1679 3042 1675 3042 1827 1854 1826 1854 1976 1854 1976 3043 1826 3043 1834 3043 1976 3044 1834 3044 1888 3044 1888 3045 1834 3045 1835 3045 1888 3046 1835 3046 1889 3046 1889 3047 1835 3047 1836 3047 1889 3048 1836 3048 1900 3048 1900 3049 1836 3049 1837 3049 1900 3050 1837 3050 1906 3050 1906 3051 1837 3051 1838 3051 1906 3051 1838 3051 1982 3051 1982 1823 1838 1823 1851 1823 1982 3052 1851 3052 1981 3052 1981 3053 1851 3053 1913 3053 1981 3054 1913 3054 1980 3054 1980 3055 1913 3055 1915 3055 1980 1828 1915 1828 1979 1828 1979 1828 1915 1828 1917 1828 1979 3056 1917 3056 1978 3056 1978 3057 1917 3057 1919 3057 1978 3058 1919 3058 1977 3058 1977 3059 1919 3059 1921 3059 1977 1833 1921 1833 1689 1833 1639 3060 1637 3060 1983 3060 1983 1811 1637 1811 1940 1811 1983 3061 1940 3061 1984 3061 1984 3062 1940 3062 1939 3062 1984 3063 1939 3063 1985 3063 1985 3064 1939 3064 1938 3064 1985 1816 1938 1816 1986 1816 1986 1816 1938 1816 1937 1816 1986 3065 1937 3065 1987 3065 1987 3066 1937 3066 1936 3066 1987 3067 1936 3067 1988 3067 1988 3068 1936 3068 1935 3068 1988 1821 1935 1821 1840 1821 1840 1845 1935 1845 1841 1845 1637 1589 1636 1589 1940 1589 1940 1583 1636 1583 1634 1583 1940 3069 1634 3069 1934 3069 1934 3070 1634 3070 1633 3070 1934 3071 1633 3071 1928 3071 1928 3072 1633 3072 1694 3072 1928 3073 1694 3073 1922 3073 1922 3074 1694 3074 1695 3074 1922 3075 1695 3075 1921 3075 1921 3076 1695 3076 1690 3076 1921 1834 1690 1834 1689 1834 1988 3077 1941 3077 1987 3077 1987 3077 1941 3077 1943 3077 1987 3078 1943 3078 1986 3078 1986 1786 1943 1786 1945 1786 1986 1787 1945 1787 1985 1787 1985 1787 1945 1787 1947 1787 1985 3079 1947 3079 1984 3079 1984 3080 1947 3080 1949 3080 1984 1791 1949 1791 1983 1791 1983 1791 1949 1791 1951 1791 1983 3081 1951 3081 1639 3081 1650 1801 1649 1801 1989 1801 1989 3082 1649 3082 1964 3082 1989 3083 1964 3083 1990 3083 1990 3084 1964 3084 1963 3084 1990 3085 1963 3085 1991 3085 1991 1774 1963 1774 1962 1774 1991 1775 1962 1775 1992 1775 1992 1775 1962 1775 1961 1775 1992 3086 1961 3086 1993 3086 1993 3087 1961 3087 1960 3087 1993 3088 1960 3088 1994 3088 1994 3089 1960 3089 1959 3089 1649 3090 1647 3090 1964 3090 1964 3091 1647 3091 1645 3091 1964 3092 1645 3092 1958 3092 1958 3093 1645 3093 1643 3093 1958 3094 1643 3094 1952 3094 1952 3095 1643 3095 1642 3095 1952 3096 1642 3096 1951 3096 1951 3097 1642 3097 1640 3097 1951 3098 1640 3098 1639 3098 1651 3099 1650 3099 1872 3099 1872 1764 1650 1764 1989 1764 1872 1763 1989 1763 1871 1763 1871 3100 1989 3100 1990 3100 1871 3101 1990 3101 1870 3101 1870 3102 1990 3102 1991 3102 1870 3103 1991 3103 1869 3103 1869 3103 1991 3103 1992 3103 1869 3104 1992 3104 1868 3104 1868 3105 1992 3105 1993 3105 1868 3106 1993 3106 1850 3106 1850 3107 1993 3107 1994 3107 1850 1754 1994 1754 1818 1754 1818 3108 1994 3108 1959 3108 1818 3109 1959 3109 1817 3109 1817 3110 1959 3110 1953 3110 1817 3111 1953 3111 1816 3111 1816 3112 1953 3112 1942 3112 1816 3113 1942 3113 1815 3113 1815 3114 1942 3114 1941 3114 1815 3115 1941 3115 1814 3115 1814 1782 1941 1782 1988 1782 1814 1782 1988 1782 1813 1782 1813 1781 1988 1781 1840 1781 1995 3116 1654 3116 1653 3116 1832 3117 1855 3117 1849 3117 1849 3118 1855 3118 1996 3118 1849 3119 1996 3119 1847 3119 1847 3120 1996 3120 1997 3120 1847 1950 1997 1950 1858 1950 1858 1938 1997 1938 1998 1938 1858 1739 1998 1739 1862 1739 1862 3121 1998 3121 1999 3121 1862 3122 1999 3122 1867 3122 1867 3123 1999 3123 1995 3123 1867 1946 1995 1946 1872 1946 1872 3124 1995 3124 1653 3124 1872 3125 1653 3125 1651 3125 1831 3126 1854 3126 1855 3126 1855 1942 1854 1942 2000 1942 1855 3127 2000 3127 1996 3127 1996 3128 2000 3128 2001 3128 1996 3129 2001 3129 1997 3129 1997 3130 2001 3130 2002 3130 1997 1938 2002 1938 1998 1938 1998 3131 2002 3131 2003 3131 1998 3132 2003 3132 1999 3132 1999 3133 2003 3133 2004 3133 1999 3134 2004 3134 1995 3134 1995 3135 2004 3135 1656 3135 1995 3136 1656 3136 1654 3136 1830 3137 1853 3137 1854 3137 1854 3138 1853 3138 2005 3138 1854 3139 2005 3139 2000 3139 2000 3140 2005 3140 2006 3140 2000 3141 2006 3141 2001 3141 2001 3142 2006 3142 2007 3142 2001 3130 2007 3130 2002 3130 2002 3143 2007 3143 2008 3143 2002 3144 2008 3144 2003 3144 2003 3145 2008 3145 2009 3145 2003 3146 2009 3146 2004 3146 2004 3147 2009 3147 1657 3147 2004 3148 1657 3148 1656 3148 1829 3149 1852 3149 1853 3149 1853 3150 1852 3150 2010 3150 1853 3151 2010 3151 2005 3151 2005 3152 2010 3152 2011 3152 2005 3153 2011 3153 2006 3153 2006 1902 2011 1902 2012 1902 2006 3142 2012 3142 2007 3142 2007 3154 2012 3154 2013 3154 2007 3155 2013 3155 2008 3155 2008 3156 2013 3156 1846 3156 2008 1910 1846 1910 2009 1910 2009 3157 1846 3157 1658 3157 2009 3158 1658 3158 1657 3158 1828 3159 1965 3159 1852 3159 1852 1906 1965 1906 1966 1906 1852 3160 1966 3160 2010 3160 2010 3161 1966 3161 1967 3161 2010 3162 1967 3162 2011 3162 2011 1605 1967 1605 1968 1605 2011 1902 1968 1902 2012 1902 2012 1901 1968 1901 1969 1901 2012 3163 1969 3163 2013 3163 2013 3164 1969 3164 1970 3164 2013 3165 1970 3165 1846 3165 1846 3166 1970 3166 1662 3166 1846 3167 1662 3167 1661 3167 1733 831 1628 831 1629 831 1625 831 1742 831 1741 831 1733 831 1732 831 1628 831 1628 831 1732 831 1731 831 1628 831 1731 831 1627 831 1625 831 1741 831 1632 831 1742 831 1625 831 1719 831 1719 831 1625 831 1624 831 1719 831 1624 831 1720 831 1622 831 1621 831 1726 831 1731 831 1730 831 1627 831 1627 831 1730 831 1729 831 1627 831 1729 831 1626 831 1626 831 1729 831 1728 831 1626 831 1728 831 1621 831 1621 831 1728 831 1727 831 1621 831 1727 831 1726 831 1630 831 1735 831 1629 831 1629 831 1735 831 1734 831 1629 831 1734 831 1733 831 1631 831 1737 831 1630 831 1630 831 1737 831 1736 831 1630 831 1736 831 1735 831 1741 831 1740 831 1632 831 1632 831 1740 831 1739 831 1632 831 1739 831 1631 831 1631 831 1739 831 1738 831 1631 831 1738 831 1737 831 1726 831 1725 831 1622 831 1622 831 1725 831 1724 831 1622 831 1724 831 1623 831 1724 831 1723 831 1623 831 1623 831 1723 831 1722 831 1623 831 1722 831 1624 831 1624 831 1722 831 1721 831 1624 831 1721 831 1720 831 1752 957 796 957 797 957 798 957 1756 957 797 957 797 957 1756 957 1754 957 797 957 1754 957 1752 957 1743 957 806 957 1744 957 1744 957 806 957 805 957 1752 957 1750 957 796 957 796 957 1750 957 1748 957 796 957 1748 957 805 957 805 957 1748 957 1746 957 805 957 1746 957 1744 957 799 957 1760 957 798 957 798 957 1760 957 1758 957 798 957 1758 957 1756 957 800 957 1764 957 799 957 799 957 1764 957 1762 957 799 957 1762 957 1760 957 804 957 1778 957 803 957 803 957 1778 957 1776 957 803 957 1776 957 802 957 801 957 1768 957 800 957 800 957 1768 957 1766 957 800 957 1766 957 1764 957 807 957 1782 957 804 957 804 957 1782 957 1780 957 804 957 1780 957 1778 957 1776 957 1774 957 802 957 802 957 1774 957 1772 957 802 957 1772 957 801 957 801 957 1772 957 1770 957 801 957 1770 957 1768 957 1743 957 1788 957 806 957 806 957 1788 957 1786 957 806 957 1786 957 807 957 807 957 1786 957 1784 957 807 957 1784 957 1782 957 2014 3168 2015 3168 640 3168 640 3169 2015 3169 808 3169 808 3170 2015 3170 2016 3170 808 3171 2016 3171 809 3171 2017 3172 815 3172 2016 3172 2016 3173 815 3173 810 3173 2016 3174 810 3174 809 3174 2018 3175 813 3175 2017 3175 2017 3176 813 3176 814 3176 2017 3177 814 3177 815 3177 637 3178 811 3178 2018 3178 2018 3179 811 3179 812 3179 2018 3180 812 3180 813 3180 640 1249 641 1249 2014 1249 2014 1248 641 1248 642 1248 2014 1248 642 1248 2019 1248 2019 1247 642 1247 643 1247 2019 1247 643 1247 2020 1247 2020 1246 643 1246 644 1246 2020 1246 644 1246 2021 1246 2021 1245 644 1245 645 1245 2021 1245 645 1245 2022 1245 2022 1244 645 1244 639 1244 2022 1244 639 1244 2023 1244 2023 1138 639 1138 638 1138 2023 1138 638 1138 2024 1138 2024 3181 638 3181 637 3181 2024 3182 637 3182 2025 3182 2025 3183 637 3183 2018 3183 2026 3184 2027 3184 2028 3184 2027 3185 2029 3185 2028 3185 2028 3186 2029 3186 2030 3186 2028 3187 2030 3187 2031 3187 2030 3188 2032 3188 2031 3188 2031 3189 2032 3189 2033 3189 2031 2256 2033 2256 2034 2256 2033 3190 2035 3190 2034 3190 2034 3191 2035 3191 2036 3191 2034 3192 2036 3192 2037 3192 2037 3193 2036 3193 2038 3193 2037 3194 2038 3194 2039 3194 2039 3195 2038 3195 2040 3195 2039 3196 2040 3196 2041 3196 2041 3197 2040 3197 2042 3197 2042 3198 2043 3198 2041 3198 2041 3199 2043 3199 2044 3199 2041 3200 2044 3200 2045 3200 2044 3201 2046 3201 2045 3201 2045 3202 2046 3202 2047 3202 2045 2240 2047 2240 2048 2240 2047 3203 2049 3203 2048 3203 2048 3204 2049 3204 2050 3204 2048 3205 2050 3205 2051 3205 2051 3206 2050 3206 2052 3206 2050 3207 2053 3207 2052 3207 2052 3208 2053 3208 2054 3208 2052 3209 2054 3209 2055 3209 2055 3210 2054 3210 2056 3210 2056 3211 2057 3211 2055 3211 2055 3212 2057 3212 2058 3212 2055 3213 2058 3213 2059 3213 2058 3214 2060 3214 2059 3214 2059 3215 2060 3215 2061 3215 2059 3216 2061 3216 2062 3216 2062 3217 2061 3217 2063 3217 2062 3218 2063 3218 2064 3218 2064 3219 2063 3219 2065 3219 2064 3220 2065 3220 2066 3220 2066 3221 2065 3221 2067 3221 2068 3222 2069 3222 2070 3222 2070 3223 2069 3223 2066 3223 2070 3224 2066 3224 2071 3224 2071 3225 2066 3225 2067 3225 2072 3226 2073 3226 2074 3226 2074 3227 2073 3227 2075 3227 2074 3228 2075 3228 2076 3228 2076 3229 2075 3229 2077 3229 2076 3230 2077 3230 2078 3230 2078 3231 2077 3231 2079 3231 2078 3232 2079 3232 2080 3232 2080 3233 2079 3233 2081 3233 2081 3234 2082 3234 2080 3234 2080 3235 2082 3235 2083 3235 2080 3236 2083 3236 2084 3236 2028 3237 2085 3237 2026 3237 2026 3238 2085 3238 2086 3238 2026 3239 2086 3239 2087 3239 2087 3240 2086 3240 2084 3240 2087 3241 2084 3241 2088 3241 2088 3242 2084 3242 2083 3242 2069 2201 2089 2201 2090 2201 2069 2200 2090 2200 2066 2200 2066 3243 2090 3243 2091 3243 2066 3244 2091 3244 2064 3244 2064 2197 2091 2197 2092 2197 2064 2196 2092 2196 2062 2196 2062 2195 2092 2195 2093 2195 2062 2194 2093 2194 2059 2194 2059 2193 2093 2193 2094 2193 2059 3245 2094 3245 2055 3245 2055 2191 2094 2191 2095 2191 2055 2191 2095 2191 2052 2191 2052 3246 2095 3246 2096 3246 2052 3247 2096 3247 2051 3247 2051 2189 2096 2189 2097 2189 2051 2188 2097 2188 2048 2188 2048 2187 2097 2187 2098 2187 2048 2186 2098 2186 2045 2186 2045 3248 2098 3248 2099 3248 2045 3249 2099 3249 2041 3249 2041 2183 2099 2183 2100 2183 2041 2182 2100 2182 2039 2182 2039 2181 2100 2181 2101 2181 2039 3250 2101 3250 2037 3250 2037 3251 2101 3251 2102 3251 2037 3252 2102 3252 2034 3252 2034 3253 2102 3253 2103 3253 2034 2176 2103 2176 2031 2176 2031 2175 2103 2175 2104 2175 2031 3254 2104 3254 2028 3254 2028 3255 2104 3255 2105 3255 2028 3256 2105 3256 2085 3256 2085 3257 2105 3257 2106 3257 2085 3258 2106 3258 2086 3258 2086 3259 2106 3259 2107 3259 2086 3260 2107 3260 2084 3260 2084 2211 2107 2211 2108 2211 2084 3261 2108 3261 2080 3261 2080 3262 2108 3262 2109 3262 2080 3263 2109 3263 2078 3263 2078 3264 2109 3264 2110 3264 2078 3265 2110 3265 2076 3265 2076 3266 2110 3266 2111 3266 2076 3267 2111 3267 2074 3267 2112 3268 2113 3268 2089 3268 2113 3269 2114 3269 2089 3269 2089 2148 2114 2148 2115 2148 2089 2149 2115 2149 2090 2149 2090 3270 2115 3270 2116 3270 2090 3271 2116 3271 2091 3271 2091 2152 2116 2152 2117 2152 2091 2153 2117 2153 2092 2153 2092 2154 2117 2154 2118 2154 2092 2155 2118 2155 2093 2155 2093 2156 2118 2156 2119 2156 2093 2157 2119 2157 2094 2157 2094 2158 2119 2158 2120 2158 2094 2158 2120 2158 2095 2158 2095 2159 2120 2159 2121 2159 2095 2160 2121 2160 2096 2160 2096 2161 2121 2161 2122 2161 2096 2162 2122 2162 2097 2162 2097 2163 2122 2163 2123 2163 2097 2164 2123 2164 2098 2164 2098 3272 2123 3272 2124 3272 2098 3272 2124 3272 2099 3272 2099 2167 2124 2167 2125 2167 2099 2168 2125 2168 2100 2168 2100 3273 2125 3273 2126 3273 2100 3274 2126 3274 2101 3274 2101 2126 2126 2126 2127 2126 2101 2127 2127 2127 2102 2127 2102 2128 2127 2128 2128 2128 2102 3275 2128 3275 2103 3275 2103 3276 2128 3276 2129 3276 2103 3277 2129 3277 2104 3277 2104 3278 2129 3278 2130 3278 2104 3279 2130 3279 2105 3279 2105 3280 2130 3280 2131 3280 2105 3281 2131 3281 2106 3281 2106 2136 2131 2136 2132 2136 2106 3282 2132 3282 2107 3282 2107 3283 2132 3283 2133 3283 2107 3284 2133 3284 2108 3284 2108 3285 2133 3285 2134 3285 2108 3286 2134 3286 2109 3286 2109 3287 2134 3287 2135 3287 2109 3288 2135 3288 2110 3288 2110 2144 2135 2144 2112 2144 2110 2145 2112 2145 2111 2145 2111 3289 2112 3289 2089 3289 2111 3290 2089 3290 2074 3290 2074 3291 2089 3291 2069 3291 2074 3292 2069 3292 2072 3292 2072 3293 2069 3293 2068 3293 2136 3294 2137 3294 2138 3294 2138 2100 2137 2100 2139 2100 2138 2101 2139 2101 2140 2101 2140 2102 2139 2102 2141 2102 2140 3295 2141 3295 2142 3295 2142 3296 2141 3296 2143 3296 2142 3297 2143 3297 2144 3297 2144 3298 2143 3298 2145 3298 2144 3299 2145 3299 2146 3299 2146 3300 2145 3300 2147 3300 2146 3301 2147 3301 2148 3301 2148 2110 2147 2110 2149 2110 2148 3302 2149 3302 2150 3302 2150 3303 2149 3303 2151 3303 2150 3304 2151 3304 2152 3304 2152 3305 2151 3305 2153 3305 2152 3306 2153 3306 2154 3306 2154 3307 2153 3307 2155 3307 2154 3308 2155 3308 2156 3308 2156 2118 2155 2118 2157 2118 2156 2119 2157 2119 2158 2119 2158 3309 2157 3309 2159 3309 2158 3310 2159 3310 2160 3310 2160 2078 2159 2078 2161 2078 2160 2079 2161 2079 2162 2079 2162 3311 2161 3311 2163 3311 2162 3312 2163 3312 2164 3312 2164 2082 2163 2082 2165 2082 2164 2083 2165 2083 2166 2083 2166 2084 2165 2084 2167 2084 2166 2085 2167 2085 2168 2085 2168 2086 2167 2086 2169 2086 2168 2087 2169 2087 2170 2087 2170 2088 2169 2088 2171 2088 2170 2088 2171 2088 2172 2088 2172 2089 2171 2089 2173 2089 2172 2090 2173 2090 2174 2090 2174 2091 2173 2091 2175 2091 2174 2092 2175 2092 2176 2092 2176 2093 2175 2093 2177 2093 2176 2094 2177 2094 2178 2094 2178 3313 2177 3313 2179 3313 2178 3314 2179 3314 2180 3314 2180 2096 2179 2096 2181 2096 2180 2097 2181 2097 2182 2097 2182 3315 2181 3315 2136 3315 2182 3316 2136 3316 2138 3316 2148 3317 2183 3317 2146 3317 2146 3318 2183 3318 2184 3318 2146 3319 2184 3319 2144 3319 2144 3320 2184 3320 2185 3320 2144 2060 2185 2060 2142 2060 2142 2059 2185 2059 2186 2059 2142 3321 2186 3321 2140 3321 2140 3322 2186 3322 2187 3322 2140 3323 2187 3323 2138 3323 2138 3324 2187 3324 2188 3324 2138 2054 2188 2054 2182 2054 2182 2053 2188 2053 2189 2053 2182 2052 2189 2052 2180 2052 2180 3325 2189 3325 2190 3325 2180 3326 2190 3326 2178 3326 2178 2049 2190 2049 2191 2049 2178 2048 2191 2048 2176 2048 2176 2047 2191 2047 2192 2047 2176 2046 2192 2046 2174 2046 2174 3327 2192 3327 2193 3327 2174 3327 2193 3327 2172 3327 2172 2043 2193 2043 2194 2043 2172 2043 2194 2043 2170 2043 2170 3328 2194 3328 2195 3328 2170 2041 2195 2041 2168 2041 2168 2040 2195 2040 2196 2040 2168 2039 2196 2039 2166 2039 2166 2038 2196 2038 2197 2038 2166 2037 2197 2037 2164 2037 2164 3329 2197 3329 2198 3329 2164 3330 2198 3330 2162 3330 2162 2034 2198 2034 2199 2034 2162 2033 2199 2033 2160 2033 2160 3331 2199 3331 2200 3331 2160 3332 2200 3332 2158 3332 2158 3333 2200 3333 2201 3333 2158 3334 2201 3334 2156 3334 2156 3335 2201 3335 2202 3335 2156 3336 2202 3336 2154 3336 2154 3337 2202 3337 2203 3337 2154 3338 2203 3338 2152 3338 2152 3339 2203 3339 2204 3339 2152 2068 2204 2068 2150 2068 2150 3340 2204 3340 2205 3340 2150 3341 2205 3341 2148 3341 2148 3342 2205 3342 2183 3342 2206 3343 2203 3343 2207 3343 2207 3344 2203 3344 2202 3344 2207 3345 2202 3345 2208 3345 2208 3346 2202 3346 2201 3346 2208 3347 2201 3347 2209 3347 2209 3348 2201 3348 2200 3348 2209 3349 2200 3349 2210 3349 2210 3350 2200 3350 2199 3350 2210 3351 2199 3351 2211 3351 2211 3352 2199 3352 2198 3352 2211 3353 2198 3353 2212 3353 2212 3354 2198 3354 2213 3354 2213 3355 2198 3355 2214 3355 2214 3356 2198 3356 2197 3356 2214 3357 2197 3357 2215 3357 2215 3358 2197 3358 2196 3358 2215 3359 2196 3359 2216 3359 2216 3360 2196 3360 2195 3360 2216 3361 2195 3361 2217 3361 2217 3362 2195 3362 2194 3362 2217 3363 2194 3363 2218 3363 2219 3364 2220 3364 2189 3364 2189 3365 2220 3365 2221 3365 2189 3366 2221 3366 2190 3366 2190 3367 2221 3367 2222 3367 2190 1992 2222 1992 2191 1992 2191 3368 2222 3368 2223 3368 2191 3369 2223 3369 2192 3369 2192 3370 2223 3370 2224 3370 2192 3371 2224 3371 2193 3371 2193 3372 2224 3372 2225 3372 2193 3373 2225 3373 2194 3373 2194 3374 2225 3374 2226 3374 2194 3375 2226 3375 2218 3375 2219 3376 2189 3376 2227 3376 2227 3377 2189 3377 2188 3377 2227 3378 2188 3378 2228 3378 2228 3379 2188 3379 2187 3379 2228 3380 2187 3380 2229 3380 2229 3381 2187 3381 2186 3381 2229 3382 2186 3382 2230 3382 2230 1978 2186 1978 2185 1978 2230 3383 2185 3383 2231 3383 2231 3384 2185 3384 2184 3384 2231 3385 2184 3385 2232 3385 2206 3386 2233 3386 2203 3386 2203 3387 2233 3387 2234 3387 2203 3388 2234 3388 2204 3388 2204 3389 2234 3389 2235 3389 2204 3390 2235 3390 2205 3390 2205 3391 2235 3391 2236 3391 2205 3392 2236 3392 2183 3392 2183 3393 2236 3393 2237 3393 2183 3394 2237 3394 2184 3394 2184 3395 2237 3395 2238 3395 2184 3396 2238 3396 2232 3396 2054 3397 2053 3397 2239 3397 2240 3398 2241 3398 2242 3398 2212 3399 2213 3399 2243 3399 2232 2527 2238 2527 2244 2527 2245 3400 2222 3400 2221 3400 2246 3401 2223 3401 2222 3401 2247 3402 2224 3402 2223 3402 2248 3403 2225 3403 2224 3403 2242 3404 2226 3404 2225 3404 2232 2526 2244 2526 2231 2526 2212 2457 2243 2457 2211 2457 2226 3405 2242 3405 2218 3405 2218 3406 2242 3406 2241 3406 2218 2443 2241 2443 2217 2443 2216 3407 2217 3407 2249 3407 2249 3408 2217 3408 2241 3408 2249 3409 2241 3409 2250 3409 2250 3410 2241 3410 2240 3410 2250 3411 2240 3411 2251 3411 2215 3412 2216 3412 2252 3412 2252 3413 2216 3413 2249 3413 2252 3414 2249 3414 2253 3414 2253 3415 2249 3415 2250 3415 2253 3416 2250 3416 2254 3416 2254 3417 2250 3417 2251 3417 2254 2430 2251 2430 2255 2430 2214 3418 2215 3418 2256 3418 2256 3419 2215 3419 2252 3419 2256 2319 2252 2319 2257 2319 2257 3420 2252 3420 2253 3420 2257 3421 2253 3421 2258 3421 2258 3422 2253 3422 2254 3422 2258 2322 2254 2322 2259 2322 2259 2322 2254 2322 2255 2322 2259 2429 2255 2429 2260 2429 2213 3423 2214 3423 2243 3423 2243 3424 2214 3424 2256 3424 2243 2323 2256 2323 2261 2323 2261 2324 2256 2324 2257 2324 2261 3425 2257 3425 2262 3425 2262 3426 2257 3426 2258 3426 2262 3427 2258 3427 2263 3427 2263 3427 2258 3427 2259 3427 2263 3428 2259 3428 2264 3428 2264 2428 2259 2428 2260 2428 2264 2427 2260 2427 2265 2427 2266 3429 2267 3429 2268 3429 2269 3430 2267 3430 2270 3430 2270 3431 2267 3431 2266 3431 2270 3432 2266 3432 2271 3432 2272 2299 2269 2299 2273 2299 2273 2299 2269 2299 2270 2299 2273 3433 2270 3433 2274 3433 2274 3434 2270 3434 2271 3434 2274 2303 2271 2303 2275 2303 2276 2307 2272 2307 2277 2307 2277 2308 2272 2308 2273 2308 2277 3435 2273 3435 2278 3435 2278 3436 2273 3436 2274 3436 2278 3437 2274 3437 2279 3437 2279 3437 2274 3437 2275 3437 2279 3438 2275 3438 2280 3438 2281 3439 2282 3439 2283 3439 2283 3440 2282 3440 2284 3440 2283 3441 2284 3441 2285 3441 2285 3442 2284 3442 2286 3442 2285 2422 2286 2422 2287 2422 2287 2422 2286 2422 2288 2422 2287 2421 2288 2421 2289 2421 2289 3443 2288 3443 2290 3443 2289 3444 2290 3444 2291 3444 2291 3445 2290 3445 2292 3445 2282 3446 2293 3446 2284 3446 2284 3447 2293 3447 2294 3447 2284 3448 2294 3448 2286 3448 2286 3449 2294 3449 2295 3449 2286 3450 2295 3450 2288 3450 2288 3450 2295 3450 2296 3450 2288 3451 2296 3451 2290 3451 2290 3452 2296 3452 2297 3452 2290 3453 2297 3453 2292 3453 2292 2409 2297 2409 2298 2409 2293 2408 2299 2408 2294 2408 2294 2407 2299 2407 2300 2407 2294 3454 2300 3454 2295 3454 2295 3455 2300 3455 2301 3455 2295 3456 2301 3456 2296 3456 2296 3456 2301 3456 2302 3456 2296 3457 2302 3457 2297 3457 2297 2402 2302 2402 2303 2402 2297 2401 2303 2401 2298 2401 2298 2400 2303 2400 2304 2400 2238 3458 2237 3458 2244 3458 2244 3459 2237 3459 2305 3459 2244 3460 2305 3460 2306 3460 2306 3461 2305 3461 2307 3461 2306 3462 2307 3462 2308 3462 2308 2396 2307 2396 2309 2396 2308 2395 2309 2395 2310 2395 2310 2395 2309 2395 2311 2395 2310 3463 2311 3463 2312 3463 2312 3464 2311 3464 2313 3464 2312 3465 2313 3465 2314 3465 2314 2391 2313 2391 2315 2391 2237 3466 2236 3466 2305 3466 2305 3467 2236 3467 2316 3467 2305 3468 2316 3468 2307 3468 2307 3469 2316 3469 2317 3469 2307 3470 2317 3470 2309 3470 2309 3471 2317 3471 2318 3471 2309 3472 2318 3472 2311 3472 2311 3472 2318 3472 2319 3472 2311 3473 2319 3473 2313 3473 2313 3474 2319 3474 2320 3474 2313 3475 2320 3475 2315 3475 2315 3476 2320 3476 2321 3476 2236 3477 2235 3477 2316 3477 2316 3478 2235 3478 2322 3478 2316 3479 2322 3479 2317 3479 2317 3480 2322 3480 2323 3480 2317 3481 2323 3481 2318 3481 2318 3482 2323 3482 2324 3482 2318 3483 2324 3483 2319 3483 2319 3483 2324 3483 2325 3483 2319 3484 2325 3484 2320 3484 2320 3485 2325 3485 2326 3485 2320 3486 2326 3486 2321 3486 2321 3487 2326 3487 2327 3487 2235 3488 2234 3488 2322 3488 2322 3489 2234 3489 2328 3489 2322 2366 2328 2366 2323 2366 2323 3490 2328 3490 2329 3490 2323 3491 2329 3491 2324 3491 2324 3492 2329 3492 2330 3492 2324 2362 2330 2362 2325 2362 2325 2362 2330 2362 2331 2362 2325 2361 2331 2361 2326 2361 2326 3493 2331 3493 2332 3493 2326 3494 2332 3494 2327 3494 2327 3495 2332 3495 2333 3495 2334 2355 2335 2355 2336 2355 2336 2354 2335 2354 2337 2354 2336 2353 2337 2353 2338 2353 2338 3496 2337 3496 2339 3496 2338 3497 2339 3497 2340 3497 2340 3497 2339 3497 2341 3497 2340 3498 2341 3498 2342 3498 2342 3499 2341 3499 2343 3499 2342 2348 2343 2348 2344 2348 2344 2347 2343 2347 2345 2347 2335 2346 2346 2346 2337 2346 2337 3500 2346 3500 2347 3500 2337 3501 2347 3501 2339 3501 2339 3502 2347 3502 2348 3502 2339 3503 2348 3503 2341 3503 2341 3503 2348 3503 2349 3503 2341 3504 2349 3504 2343 3504 2343 3505 2349 3505 2350 3505 2343 3506 2350 3506 2345 3506 2345 3507 2350 3507 2351 3507 2346 3508 2352 3508 2347 3508 2347 3509 2352 3509 2353 3509 2347 3510 2353 3510 2348 3510 2348 2334 2353 2334 2354 2334 2348 2333 2354 2333 2349 2333 2349 2333 2354 2333 2355 2333 2349 3511 2355 3511 2350 3511 2350 3512 2355 3512 2356 3512 2350 3513 2356 3513 2351 3513 2351 3514 2356 3514 2357 3514 2358 2314 2280 2314 2359 2314 2359 2313 2280 2313 2275 2313 2359 2304 2275 2304 2360 2304 2360 2303 2275 2303 2271 2303 2360 2296 2271 2296 2361 2296 2361 3515 2271 3515 2266 3515 2361 3516 2266 3516 2362 3516 2362 3517 2266 3517 2268 3517 2362 3518 2268 3518 2363 3518 2363 3519 2268 3519 2057 3519 2363 3520 2057 3520 2056 3520 2272 3521 2063 3521 2269 3521 2269 3522 2063 3522 2061 3522 2269 3523 2061 3523 2267 3523 2267 3524 2061 3524 2060 3524 2267 3525 2060 3525 2268 3525 2268 3526 2060 3526 2058 3526 2268 2284 2058 2284 2057 2284 2068 3527 2070 3527 2364 3527 2364 2576 2070 2576 2276 2576 2364 3528 2276 3528 2365 3528 2365 3529 2276 3529 2277 3529 2365 3530 2277 3530 2366 3530 2366 3531 2277 3531 2278 3531 2366 3532 2278 3532 2367 3532 2367 3532 2278 3532 2279 3532 2367 3533 2279 3533 2368 3533 2368 3534 2279 3534 2280 3534 2368 3535 2280 3535 2369 3535 2369 2567 2280 2567 2358 2567 2369 2566 2358 2566 2220 2566 2220 3536 2358 3536 2221 3536 2070 2281 2071 2281 2276 2281 2276 3537 2071 3537 2067 3537 2276 3538 2067 3538 2272 3538 2272 3539 2067 3539 2065 3539 2272 3540 2065 3540 2063 3540 2369 3541 2281 3541 2368 3541 2368 3542 2281 3542 2283 3542 2368 3543 2283 3543 2367 3543 2367 2550 2283 2550 2285 2550 2367 2551 2285 2551 2366 2551 2366 2551 2285 2551 2287 2551 2366 3544 2287 3544 2365 3544 2365 3545 2287 3545 2289 3545 2365 3546 2289 3546 2364 3546 2364 3547 2289 3547 2291 3547 2364 3548 2291 3548 2068 3548 2082 2586 2081 2586 2370 2586 2370 2585 2081 2585 2304 2585 2370 3549 2304 3549 2371 3549 2371 3550 2304 3550 2303 3550 2371 3551 2303 3551 2372 3551 2372 2539 2303 2539 2302 2539 2372 2540 2302 2540 2373 2540 2373 2540 2302 2540 2301 2540 2373 3552 2301 3552 2374 3552 2374 3553 2301 3553 2300 3553 2374 3554 2300 3554 2375 3554 2375 2543 2300 2543 2299 2543 2081 3555 2079 3555 2304 3555 2304 3556 2079 3556 2077 3556 2304 3557 2077 3557 2298 3557 2298 3558 2077 3558 2075 3558 2298 3559 2075 3559 2292 3559 2292 3560 2075 3560 2073 3560 2292 3561 2073 3561 2291 3561 2291 3562 2073 3562 2072 3562 2291 3563 2072 3563 2068 3563 2220 2545 2219 2545 2369 2545 2369 3564 2219 3564 2227 3564 2369 3565 2227 3565 2281 3565 2281 3566 2227 3566 2228 3566 2281 3567 2228 3567 2282 3567 2282 3568 2228 3568 2229 3568 2282 3569 2229 3569 2293 3569 2293 3570 2229 3570 2230 3570 2293 3571 2230 3571 2299 3571 2299 3572 2230 3572 2231 3572 2299 3572 2231 3572 2375 3572 2375 2514 2231 2514 2244 2514 2375 3573 2244 3573 2374 3573 2374 3574 2244 3574 2306 3574 2374 3575 2306 3575 2373 3575 2373 3576 2306 3576 2308 3576 2373 2519 2308 2519 2372 2519 2372 2519 2308 2519 2310 2519 2372 3577 2310 3577 2371 3577 2371 3578 2310 3578 2312 3578 2371 3579 2312 3579 2370 3579 2370 3580 2312 3580 2314 3580 2370 2524 2314 2524 2082 2524 2032 3581 2030 3581 2376 3581 2376 2502 2030 2502 2333 2502 2376 3582 2333 3582 2377 3582 2377 3583 2333 3583 2332 3583 2377 3584 2332 3584 2378 3584 2378 3585 2332 3585 2331 3585 2378 2507 2331 2507 2379 2507 2379 2507 2331 2507 2330 2507 2379 3586 2330 3586 2380 3586 2380 3587 2330 3587 2329 3587 2380 3588 2329 3588 2381 3588 2381 3589 2329 3589 2328 3589 2381 2512 2328 2512 2233 2512 2233 2536 2328 2536 2234 2536 2030 2280 2029 2280 2333 2280 2333 2274 2029 2274 2027 2274 2333 3590 2027 3590 2327 3590 2327 3591 2027 3591 2026 3591 2327 3592 2026 3592 2321 3592 2321 3593 2026 3593 2087 3593 2321 3594 2087 3594 2315 3594 2315 3595 2087 3595 2088 3595 2315 3596 2088 3596 2314 3596 2314 3597 2088 3597 2083 3597 2314 2525 2083 2525 2082 2525 2381 3598 2334 3598 2380 3598 2380 3598 2334 3598 2336 3598 2380 3599 2336 3599 2379 3599 2379 2477 2336 2477 2338 2477 2379 2478 2338 2478 2378 2478 2378 2478 2338 2478 2340 2478 2378 3600 2340 3600 2377 3600 2377 3601 2340 3601 2342 3601 2377 2482 2342 2482 2376 2482 2376 2482 2342 2482 2344 2482 2376 3602 2344 3602 2032 3602 2043 2492 2042 2492 2382 2492 2382 3603 2042 3603 2357 3603 2382 3604 2357 3604 2383 3604 2383 3605 2357 3605 2356 3605 2383 3606 2356 3606 2384 3606 2384 2465 2356 2465 2355 2465 2384 2466 2355 2466 2385 2466 2385 2466 2355 2466 2354 2466 2385 3607 2354 3607 2386 3607 2386 3608 2354 3608 2353 3608 2386 3609 2353 3609 2387 3609 2387 3610 2353 3610 2352 3610 2042 3611 2040 3611 2357 3611 2357 3612 2040 3612 2038 3612 2357 3613 2038 3613 2351 3613 2351 3614 2038 3614 2036 3614 2351 3615 2036 3615 2345 3615 2345 3616 2036 3616 2035 3616 2345 3617 2035 3617 2344 3617 2344 3618 2035 3618 2033 3618 2344 3619 2033 3619 2032 3619 2044 3620 2043 3620 2265 3620 2265 2455 2043 2455 2382 2455 2265 2454 2382 2454 2264 2454 2264 3621 2382 3621 2383 3621 2264 3622 2383 3622 2263 3622 2263 3623 2383 3623 2384 3623 2263 3624 2384 3624 2262 3624 2262 3624 2384 3624 2385 3624 2262 3625 2385 3625 2261 3625 2261 3626 2385 3626 2386 3626 2261 3627 2386 3627 2243 3627 2243 3628 2386 3628 2387 3628 2243 2445 2387 2445 2211 2445 2211 3629 2387 3629 2352 3629 2211 3630 2352 3630 2210 3630 2210 3631 2352 3631 2346 3631 2210 3632 2346 3632 2209 3632 2209 3633 2346 3633 2335 3633 2209 3634 2335 3634 2208 3634 2208 3635 2335 3635 2334 3635 2208 3636 2334 3636 2207 3636 2207 2473 2334 2473 2381 2473 2207 2473 2381 2473 2206 2473 2206 2472 2381 2472 2233 2472 2388 3637 2047 3637 2046 3637 2225 3638 2248 3638 2242 3638 2242 3639 2248 3639 2389 3639 2242 3640 2389 3640 2240 3640 2240 3641 2389 3641 2390 3641 2240 2641 2390 2641 2251 2641 2251 2629 2390 2629 2391 2629 2251 2430 2391 2430 2255 2430 2255 3642 2391 3642 2392 3642 2255 3643 2392 3643 2260 3643 2260 3644 2392 3644 2388 3644 2260 2637 2388 2637 2265 2637 2265 3645 2388 3645 2046 3645 2265 3646 2046 3646 2044 3646 2224 3647 2247 3647 2248 3647 2248 2633 2247 2633 2393 2633 2248 3648 2393 3648 2389 3648 2389 3649 2393 3649 2394 3649 2389 3650 2394 3650 2390 3650 2390 3651 2394 3651 2395 3651 2390 2629 2395 2629 2391 2629 2391 3652 2395 3652 2396 3652 2391 3653 2396 3653 2392 3653 2392 3654 2396 3654 2397 3654 2392 3655 2397 3655 2388 3655 2388 3656 2397 3656 2049 3656 2388 3657 2049 3657 2047 3657 2223 3658 2246 3658 2247 3658 2247 3659 2246 3659 2398 3659 2247 3660 2398 3660 2393 3660 2393 3661 2398 3661 2399 3661 2393 3662 2399 3662 2394 3662 2394 3663 2399 3663 2400 3663 2394 3651 2400 3651 2395 3651 2395 3664 2400 3664 2401 3664 2395 3665 2401 3665 2396 3665 2396 3666 2401 3666 2402 3666 2396 3667 2402 3667 2397 3667 2397 3668 2402 3668 2050 3668 2397 3669 2050 3669 2049 3669 2222 3670 2245 3670 2246 3670 2246 3671 2245 3671 2403 3671 2246 3672 2403 3672 2398 3672 2398 3673 2403 3673 2404 3673 2398 3674 2404 3674 2399 3674 2399 2593 2404 2593 2405 2593 2399 3663 2405 3663 2400 3663 2400 3675 2405 3675 2406 3675 2400 3676 2406 3676 2401 3676 2401 3677 2406 3677 2239 3677 2401 2601 2239 2601 2402 2601 2402 3678 2239 3678 2053 3678 2402 3679 2053 3679 2050 3679 2221 3680 2358 3680 2245 3680 2245 2597 2358 2597 2359 2597 2245 3681 2359 3681 2403 3681 2403 3682 2359 3682 2360 3682 2403 3683 2360 3683 2404 3683 2404 2296 2360 2296 2361 2296 2404 2593 2361 2593 2405 2593 2405 2592 2361 2592 2362 2592 2405 3684 2362 3684 2406 3684 2406 3685 2362 3685 2363 3685 2406 3686 2363 3686 2239 3686 2239 3687 2363 3687 2056 3687 2239 3688 2056 3688 2054 3688 2126 1052 2021 1052 2022 1052 2018 1052 2135 1052 2134 1052 2126 1052 2125 1052 2021 1052 2021 1052 2125 1052 2124 1052 2021 1052 2124 1052 2020 1052 2018 1052 2134 1052 2025 1052 2135 1052 2018 1052 2112 1052 2112 1052 2018 1052 2017 1052 2112 1052 2017 1052 2113 1052 2015 1052 2014 1052 2119 1052 2124 1052 2123 1052 2020 1052 2020 1052 2123 1052 2122 1052 2020 1052 2122 1052 2019 1052 2019 1052 2122 1052 2121 1052 2019 1052 2121 1052 2014 1052 2014 1052 2121 1052 2120 1052 2014 1052 2120 1052 2119 1052 2023 1052 2128 1052 2022 1052 2022 1052 2128 1052 2127 1052 2022 1052 2127 1052 2126 1052 2024 1052 2130 1052 2023 1052 2023 1052 2130 1052 2129 1052 2023 1052 2129 1052 2128 1052 2134 1052 2133 1052 2025 1052 2025 1052 2133 1052 2132 1052 2025 1052 2132 1052 2024 1052 2024 1052 2132 1052 2131 1052 2024 1052 2131 1052 2130 1052 2119 1052 2118 1052 2015 1052 2015 1052 2118 1052 2117 1052 2015 1052 2117 1052 2016 1052 2117 1052 2116 1052 2016 1052 2016 1052 2116 1052 2115 1052 2016 1052 2115 1052 2017 1052 2017 1052 2115 1052 2114 1052 2017 1052 2114 1052 2113 1052 2145 772 823 772 824 772 825 772 2149 772 824 772 824 772 2149 772 2147 772 824 772 2147 772 2145 772 2136 772 833 772 2137 772 2137 772 833 772 832 772 2145 772 2143 772 823 772 823 772 2143 772 2141 772 823 772 2141 772 832 772 832 772 2141 772 2139 772 832 772 2139 772 2137 772 826 772 2153 772 825 772 825 772 2153 772 2151 772 825 772 2151 772 2149 772 827 772 2157 772 826 772 826 772 2157 772 2155 772 826 772 2155 772 2153 772 828 772 2161 772 827 772 827 772 2161 772 2159 772 827 772 2159 772 2157 772 831 772 2171 772 830 772 830 772 2171 772 2169 772 830 772 2169 772 829 772 2169 772 2167 772 829 772 829 772 2167 772 2165 772 829 772 2165 772 828 772 828 772 2165 772 2163 772 828 772 2163 772 2161 772 834 772 2175 772 831 772 831 772 2175 772 2173 772 831 772 2173 772 2171 772 2136 772 2181 772 833 772 833 772 2181 772 2179 772 833 772 2179 772 834 772 834 772 2179 772 2177 772 834 772 2177 772 2175 772 2407 3689 221 3689 2408 3689 2408 3689 221 3689 219 3689 2408 3689 219 3689 2409 3689 2409 3689 219 3689 215 3689 2409 3689 215 3689 2410 3689 2410 3689 215 3689 217 3689 2410 3689 217 3689 667 3689 670 3689 169 3689 2411 3689 2411 3689 169 3689 167 3689 2411 3689 167 3689 2412 3689 2412 3689 167 3689 163 3689 2412 3689 163 3689 2413 3689 2413 3689 163 3689 165 3689 2413 3689 165 3689 703 3689 706 3689 3 3689 2414 3689 2414 3689 3 3689 1 3689 2414 3689 1 3689 2415 3689 2415 3689 1 3689 21 3689 2415 3689 21 3689 2416 3689 2416 3689 21 3689 23 3689 2416 3689 23 3689 2417 3689 2418 3689 195 3689 2419 3689 2419 3689 195 3689 193 3689 2419 3689 193 3689 2420 3689 2420 3689 193 3689 189 3689 2420 3689 189 3689 2421 3689 2421 3689 189 3689 191 3689 2421 3689 191 3689 2422 3689 2423 3690 2417 3690 23 3690 534 3691 117 3691 2424 3691 195 3692 2418 3692 2425 3692 2426 3693 580 3693 579 3693 2426 3694 579 3694 2425 3694 2425 3695 579 3695 577 3695 2425 3696 577 3696 195 3696 195 3697 577 3697 629 3697 195 3698 629 3698 194 3698 194 3699 629 3699 628 3699 194 3700 628 3700 192 3700 117 3701 571 3701 2424 3701 2424 3702 571 3702 572 3702 2424 3703 572 3703 2426 3703 2426 3704 572 3704 573 3704 2426 3705 573 3705 580 3705 534 3706 2424 3706 533 3706 533 3707 2424 3707 2427 3707 533 3708 2427 3708 527 3708 20 3709 605 3709 22 3709 22 3710 605 3710 604 3710 22 3711 604 3711 23 3711 23 3712 604 3712 530 3712 23 3713 530 3713 2423 3713 2423 3714 530 3714 529 3714 2423 3715 529 3715 2427 3715 2427 3716 529 3716 528 3716 2427 3717 528 3717 527 3717 2428 3718 2422 3718 191 3718 570 3719 125 3719 2429 3719 221 3720 2407 3720 2430 3720 2431 3721 562 3721 561 3721 2431 3722 561 3722 2430 3722 2430 3723 561 3723 559 3723 2430 3724 559 3724 221 3724 221 3725 559 3725 615 3725 221 3726 615 3726 220 3726 220 3727 615 3727 614 3727 220 3728 614 3728 218 3728 125 3729 550 3729 2429 3729 2429 3730 550 3730 551 3730 2429 3731 551 3731 2431 3731 2431 3732 551 3732 552 3732 2431 3733 552 3733 562 3733 570 3734 2429 3734 569 3734 569 3735 2429 3735 2432 3735 569 3736 2432 3736 563 3736 188 3737 631 3737 190 3737 190 3738 631 3738 630 3738 190 3739 630 3739 191 3739 191 3740 630 3740 566 3740 191 3741 566 3741 2428 3741 2428 3742 566 3742 565 3742 2428 3743 565 3743 2432 3743 2432 3744 565 3744 564 3744 2432 3745 564 3745 563 3745 2433 3746 2434 3746 2435 3746 2435 3747 2434 3747 2436 3747 2433 3748 2437 3748 2434 3748 2434 3749 2437 3749 2438 3749 2434 3750 2438 3750 2439 3750 2439 3751 2438 3751 2440 3751 2440 3752 2441 3752 2439 3752 2439 3753 2441 3753 2442 3753 2439 3754 2442 3754 2443 3754 2443 3755 2442 3755 2444 3755 2445 3756 2446 3756 2447 3756 2445 3757 2447 3757 2448 3757 2448 3758 2447 3758 2449 3758 2449 3759 2447 3759 2450 3759 2449 3760 2450 3760 2451 3760 2452 3761 2453 3761 2454 3761 2454 3762 2453 3762 2455 3762 2454 3763 2455 3763 2456 3763 2446 3764 2452 3764 2447 3764 2447 3765 2452 3765 2454 3765 2447 3766 2454 3766 2457 3766 2457 3767 2454 3767 2434 3767 2457 3768 2434 3768 2458 3768 2458 3769 2434 3769 2439 3769 2459 3770 2460 3770 2461 3770 2462 3771 2463 3771 2464 3771 2465 3772 2466 3772 2467 3772 2467 3773 2466 3773 2468 3773 2465 3774 2467 3774 2469 3774 2469 3775 2467 3775 2470 3775 2469 3776 2470 3776 2471 3776 2471 3777 2470 3777 2472 3777 2471 3778 2472 3778 2473 3778 2460 3779 2462 3779 2461 3779 2461 3780 2462 3780 2464 3780 2461 3781 2464 3781 2472 3781 2472 3782 2464 3782 2474 3782 2472 3783 2474 3783 2473 3783 2475 3784 2476 3784 2477 3784 2477 3785 2476 3785 2459 3785 2478 3786 2479 3786 2480 3786 2480 3787 2481 3787 2478 3787 2478 3788 2481 3788 2482 3788 2478 3789 2482 3789 2483 3789 2483 3790 2484 3790 2478 3790 2478 3791 2484 3791 2485 3791 2478 3792 2485 3792 2475 3792 2479 3793 2478 3793 2486 3793 2486 3794 2478 3794 2487 3794 2486 3795 2487 3795 2488 3795 2488 3796 2487 3796 2489 3796 2488 3797 2489 3797 2490 3797 2490 3798 2489 3798 2491 3798 2490 3799 2491 3799 2492 3799 2491 3800 2493 3800 2494 3800 2492 3801 2491 3801 2495 3801 2495 3802 2491 3802 2494 3802 2495 3803 2494 3803 2496 3803 2497 3804 2498 3804 2499 3804 2499 3805 2498 3805 2500 3805 2499 3806 2500 3806 2501 3806 2468 3807 2502 3807 2467 3807 2467 3808 2502 3808 2503 3808 2467 3809 2503 3809 2504 3809 2475 3810 2477 3810 2478 3810 2478 3811 2477 3811 2505 3811 2478 3812 2505 3812 2487 3812 2487 3813 2505 3813 2506 3813 2487 3814 2506 3814 2489 3814 2489 3815 2506 3815 2499 3815 2489 3816 2499 3816 2491 3816 2491 3817 2499 3817 2501 3817 2491 3818 2501 3818 2493 3818 2459 3819 2461 3819 2477 3819 2477 3820 2461 3820 2472 3820 2477 3821 2472 3821 2505 3821 2505 3822 2472 3822 2470 3822 2505 3823 2470 3823 2506 3823 2506 3824 2470 3824 2467 3824 2506 3825 2467 3825 2499 3825 2499 3826 2467 3826 2504 3826 2499 3827 2504 3827 2497 3827 2507 3828 2508 3828 2509 3828 2510 3829 2511 3829 2512 3829 2513 3830 2514 3830 2515 3830 2515 3831 2514 3831 2516 3831 2515 3832 2516 3832 2517 3832 2517 3833 2516 3833 2518 3833 2517 3834 2518 3834 2519 3834 2512 3835 2511 3835 2520 3835 2509 3836 2508 3836 2521 3836 2507 3837 2509 3837 2522 3837 2522 3838 2509 3838 2523 3838 2522 3839 2523 3839 2524 3839 2524 3840 2523 3840 2525 3840 2524 3841 2525 3841 2526 3841 2511 3842 2527 3842 2520 3842 2520 3843 2527 3843 2528 3843 2520 3843 2528 3843 2529 3843 2529 3844 2528 3844 2530 3844 2529 3845 2530 3845 2531 3845 2531 3846 2530 3846 2532 3846 2531 3847 2532 3847 2533 3847 2519 3848 2518 3848 2533 3848 2533 3849 2518 3849 2534 3849 2533 3850 2534 3850 2531 3850 2531 3851 2534 3851 2535 3851 2531 3852 2535 3852 2529 3852 2529 3853 2535 3853 2536 3853 2529 3853 2536 3853 2520 3853 2520 3854 2536 3854 2521 3854 2520 3855 2521 3855 2512 3855 2512 3856 2521 3856 2508 3856 2512 3857 2508 3857 2510 3857 2537 3689 2538 3689 2539 3689 2540 3689 2541 3689 2542 3689 2542 3689 2541 3689 2538 3689 2542 3689 2538 3689 2543 3689 2543 3689 2538 3689 2537 3689 2544 3689 2545 3689 2546 3689 2546 3689 2545 3689 2547 3689 2548 3689 2549 3689 2550 3689 2550 3689 2549 3689 2551 3689 2552 3689 2553 3689 2554 3689 2536 3689 2535 3689 2555 3689 2555 3689 2535 3689 2556 3689 2557 3689 2509 3689 2555 3689 2555 3689 2509 3689 2521 3689 2555 3689 2521 3689 2536 3689 2558 3689 2559 3689 2560 3689 2560 3689 2559 3689 2561 3689 2560 3689 2561 3689 2539 3689 2539 3689 2561 3689 2562 3689 2539 3689 2562 3689 2537 3689 2558 3689 2560 3689 2563 3689 2563 3689 2560 3689 2564 3689 2563 3689 2564 3689 2565 3689 2545 3689 2566 3689 2547 3689 2547 3689 2566 3689 2567 3689 2547 3689 2567 3689 2564 3689 2564 3689 2567 3689 2568 3689 2564 3689 2568 3689 2565 3689 2569 3689 2570 3689 2571 3689 2571 3689 2570 3689 2551 3689 2571 3689 2551 3689 2572 3689 2572 3689 2551 3689 2549 3689 2552 3689 2554 3689 2573 3689 2535 3689 2534 3689 2556 3689 2556 3689 2534 3689 2518 3689 2556 3689 2518 3689 2574 3689 2540 3689 2526 3689 2541 3689 2541 3689 2526 3689 2525 3689 2541 3689 2525 3689 2557 3689 2557 3689 2525 3689 2523 3689 2557 3689 2523 3689 2509 3689 2544 3689 2546 3689 2575 3689 2575 3689 2546 3689 2576 3689 2575 3689 2576 3689 2577 3689 2578 3689 2579 3689 2576 3689 2576 3689 2579 3689 2580 3689 2576 3689 2580 3689 2577 3689 2554 3689 2581 3689 2573 3689 2573 3689 2581 3689 2582 3689 2573 3689 2582 3689 2550 3689 2550 3689 2582 3689 2583 3689 2550 3689 2583 3689 2548 3689 2518 3689 2516 3689 2574 3689 2574 3689 2516 3689 2514 3689 2574 3689 2514 3689 2552 3689 2552 3689 2514 3689 2513 3689 2552 3689 2513 3689 2553 3689 2569 3689 2584 3689 2570 3689 2570 3689 2584 3689 2585 3689 2570 3689 2585 3689 2578 3689 2578 3689 2585 3689 2586 3689 2578 3689 2586 3689 2579 3689 2587 3858 2588 3858 2589 3858 2587 3859 2589 3859 2590 3859 2590 3860 2589 3860 2591 3860 2591 3861 2589 3861 2592 3861 2591 3862 2592 3862 2593 3862 2594 3863 2595 3863 2596 3863 2596 3864 2595 3864 2597 3864 2596 3865 2597 3865 2598 3865 2599 3866 2600 3866 2601 3866 2601 3867 2600 3867 2602 3867 2599 3868 2603 3868 2600 3868 2600 3869 2603 3869 2604 3869 2600 3870 2604 3870 2605 3870 2605 3871 2604 3871 2606 3871 2606 3872 2607 3872 2605 3872 2605 3873 2607 3873 2608 3873 2605 3874 2608 3874 2609 3874 2609 3875 2608 3875 2610 3875 2588 3876 2594 3876 2589 3876 2589 3877 2594 3877 2596 3877 2589 3878 2596 3878 2611 3878 2611 3879 2596 3879 2600 3879 2611 3880 2600 3880 2612 3880 2612 3881 2600 3881 2605 3881 2613 3882 2614 3882 2615 3882 2613 3883 2615 3883 2616 3883 2616 3884 2615 3884 2617 3884 2617 3885 2615 3885 2618 3885 2617 3886 2618 3886 2619 3886 2620 3887 2621 3887 2622 3887 2622 3888 2621 3888 2623 3888 2622 3889 2623 3889 2624 3889 2625 3890 2626 3890 2627 3890 2627 3891 2626 3891 2628 3891 2625 3892 2629 3892 2626 3892 2626 3893 2629 3893 2630 3893 2626 3894 2630 3894 2631 3894 2631 3895 2630 3895 2632 3895 2632 3896 2633 3896 2631 3896 2631 3897 2633 3897 2634 3897 2631 3898 2634 3898 2635 3898 2635 3899 2634 3899 2636 3899 2614 3900 2620 3900 2615 3900 2615 3901 2620 3901 2622 3901 2615 3902 2622 3902 2637 3902 2637 3903 2622 3903 2626 3903 2637 3904 2626 3904 2638 3904 2638 3905 2626 3905 2631 3905 2639 3906 2640 3906 2641 3906 2639 3907 2641 3907 2642 3907 2642 3908 2641 3908 2643 3908 2643 3909 2641 3909 2644 3909 2643 3910 2644 3910 2645 3910 2646 3911 2647 3911 2648 3911 2648 3912 2647 3912 2649 3912 2648 3913 2649 3913 2650 3913 2651 3914 2652 3914 2653 3914 2653 3915 2652 3915 2654 3915 2651 3916 2655 3916 2652 3916 2652 3917 2655 3917 2656 3917 2652 3918 2656 3918 2657 3918 2657 3919 2656 3919 2658 3919 2658 3920 2659 3920 2657 3920 2657 3921 2659 3921 2660 3921 2657 3922 2660 3922 2661 3922 2661 3923 2660 3923 2662 3923 2640 3924 2646 3924 2641 3924 2641 3925 2646 3925 2648 3925 2641 3926 2648 3926 2663 3926 2663 3927 2648 3927 2652 3927 2663 3928 2652 3928 2664 3928 2664 3929 2652 3929 2657 3929 2665 3930 2666 3930 2667 3930 2668 3931 2669 3931 2670 3931 2670 3932 2669 3932 2665 3932 2671 3933 2672 3933 2673 3933 2673 3934 2672 3934 2668 3934 2674 3935 2675 3935 2676 3935 2676 3936 2677 3936 2674 3936 2674 3937 2677 3937 2678 3937 2674 3938 2678 3938 2679 3938 2679 3939 2680 3939 2674 3939 2674 3940 2680 3940 2681 3940 2674 3941 2681 3941 2671 3941 2675 3942 2674 3942 2682 3942 2682 3943 2674 3943 2683 3943 2682 3944 2683 3944 2684 3944 2684 3945 2683 3945 2685 3945 2684 3946 2685 3946 2686 3946 2686 3947 2685 3947 2687 3947 2686 3948 2687 3948 2688 3948 2687 3949 2689 3949 2690 3949 2688 3950 2687 3950 2691 3950 2691 3951 2687 3951 2690 3951 2691 3952 2690 3952 2692 3952 2693 3953 2694 3953 2695 3953 2695 3954 2694 3954 2696 3954 2695 3955 2696 3955 2697 3955 2698 3956 2699 3956 2700 3956 2700 3957 2699 3957 2701 3957 2700 3958 2701 3958 2702 3958 2665 3959 2667 3959 2670 3959 2670 3960 2667 3960 2703 3960 2670 3961 2703 3961 2704 3961 2704 3962 2703 3962 2705 3962 2704 3963 2705 3963 2706 3963 2706 3964 2705 3964 2707 3964 2706 3965 2707 3965 2700 3965 2700 3966 2707 3966 2708 3966 2700 3967 2708 3967 2698 3967 2671 3968 2673 3968 2674 3968 2674 3969 2673 3969 2709 3969 2674 3970 2709 3970 2683 3970 2683 3971 2709 3971 2710 3971 2683 3972 2710 3972 2685 3972 2685 3973 2710 3973 2695 3973 2685 3974 2695 3974 2687 3974 2687 3975 2695 3975 2697 3975 2687 3976 2697 3976 2689 3976 2668 3977 2670 3977 2673 3977 2673 3978 2670 3978 2704 3978 2673 3979 2704 3979 2709 3979 2709 3980 2704 3980 2706 3980 2709 3981 2706 3981 2710 3981 2710 3982 2706 3982 2700 3982 2710 3983 2700 3983 2695 3983 2695 3984 2700 3984 2702 3984 2695 3985 2702 3985 2693 3985 2711 3986 2712 3986 2713 3986 2714 3987 2715 3987 2716 3987 2716 3988 2715 3988 2711 3988 2717 3989 2718 3989 2719 3989 2719 3990 2718 3990 2714 3990 2720 3991 2721 3991 2722 3991 2722 3992 2723 3992 2720 3992 2720 3993 2723 3993 2724 3993 2720 3994 2724 3994 2725 3994 2725 3995 2726 3995 2720 3995 2720 3996 2726 3996 2727 3996 2720 3997 2727 3997 2717 3997 2721 3998 2720 3998 2728 3998 2728 3999 2720 3999 2729 3999 2728 4000 2729 4000 2730 4000 2730 4001 2729 4001 2731 4001 2730 4002 2731 4002 2732 4002 2732 4003 2731 4003 2733 4003 2732 4004 2733 4004 2734 4004 2733 4005 2735 4005 2736 4005 2734 4006 2733 4006 2737 4006 2737 4007 2733 4007 2736 4007 2737 4008 2736 4008 2738 4008 2739 4009 2740 4009 2741 4009 2741 4010 2740 4010 2742 4010 2741 4011 2742 4011 2743 4011 2744 4012 2745 4012 2746 4012 2746 4013 2745 4013 2747 4013 2746 4014 2747 4014 2748 4014 2711 4015 2713 4015 2716 4015 2716 4016 2713 4016 2749 4016 2716 4017 2749 4017 2750 4017 2750 4018 2749 4018 2751 4018 2750 4019 2751 4019 2752 4019 2752 4020 2751 4020 2753 4020 2752 4021 2753 4021 2746 4021 2746 4022 2753 4022 2754 4022 2746 4023 2754 4023 2744 4023 2717 4024 2719 4024 2720 4024 2720 4025 2719 4025 2755 4025 2720 4026 2755 4026 2729 4026 2729 4027 2755 4027 2756 4027 2729 4028 2756 4028 2731 4028 2731 4029 2756 4029 2741 4029 2731 4030 2741 4030 2733 4030 2733 4031 2741 4031 2743 4031 2733 4032 2743 4032 2735 4032 2714 4033 2716 4033 2719 4033 2719 4034 2716 4034 2750 4034 2719 4035 2750 4035 2755 4035 2755 4036 2750 4036 2752 4036 2755 4037 2752 4037 2756 4037 2756 4038 2752 4038 2746 4038 2756 4039 2746 4039 2741 4039 2741 4040 2746 4040 2748 4040 2741 4041 2748 4041 2739 4041 2757 4042 2758 4042 2759 4042 2760 4043 2761 4043 2762 4043 2763 4044 2764 4044 2765 4044 2763 4045 2765 4045 2766 4045 2766 4046 2765 4046 2767 4046 2767 4047 2765 4047 2768 4047 2767 4048 2768 4048 2769 4048 2769 4049 2768 4049 2770 4049 2769 4050 2770 4050 2771 4050 2758 4051 2760 4051 2759 4051 2759 4052 2760 4052 2762 4052 2759 4053 2762 4053 2770 4053 2770 4054 2762 4054 2772 4054 2770 4055 2772 4055 2771 4055 2773 4056 2774 4056 2775 4056 2775 4057 2774 4057 2757 4057 2776 4058 2777 4058 2778 4058 2778 4059 2779 4059 2776 4059 2776 4060 2779 4060 2780 4060 2776 4061 2780 4061 2781 4061 2781 4062 2782 4062 2776 4062 2776 4063 2782 4063 2783 4063 2776 4064 2783 4064 2773 4064 2777 4065 2776 4065 2784 4065 2784 4066 2776 4066 2785 4066 2784 4067 2785 4067 2786 4067 2786 4068 2785 4068 2787 4068 2786 4069 2787 4069 2788 4069 2788 4070 2787 4070 2789 4070 2788 4071 2789 4071 2790 4071 2789 4072 2791 4072 2792 4072 2790 4073 2789 4073 2793 4073 2793 4074 2789 4074 2792 4074 2793 4075 2792 4075 2794 4075 2795 4076 2796 4076 2797 4076 2797 4077 2796 4077 2798 4077 2799 4078 2800 4078 2796 4078 2796 4079 2800 4079 2801 4079 2796 4080 2801 4080 2798 4080 2773 4081 2775 4081 2776 4081 2776 4082 2775 4082 2802 4082 2776 4083 2802 4083 2785 4083 2785 4084 2802 4084 2803 4084 2785 4085 2803 4085 2787 4085 2787 4086 2803 4086 2796 4086 2787 4087 2796 4087 2789 4087 2789 4088 2796 4088 2795 4088 2789 4089 2795 4089 2791 4089 2757 4090 2759 4090 2775 4090 2775 4091 2759 4091 2770 4091 2775 4092 2770 4092 2802 4092 2802 4093 2770 4093 2768 4093 2802 4094 2768 4094 2803 4094 2803 4095 2768 4095 2765 4095 2803 4096 2765 4096 2796 4096 2796 4097 2765 4097 2764 4097 2796 4098 2764 4098 2799 4098 2804 4099 2451 4099 2450 4099 2443 4100 2444 4100 2805 4100 2805 4101 2444 4101 2806 4101 2443 4102 2805 4102 2439 4102 2439 4103 2805 4103 2807 4103 2439 4104 2807 4104 2458 4104 2458 4105 2807 4105 2808 4105 2458 4106 2808 4106 2457 4106 2809 4107 2804 4107 2810 4107 2810 4108 2804 4108 2450 4108 2810 4109 2450 4109 2808 4109 2808 4110 2450 4110 2447 4110 2808 4111 2447 4111 2457 4111 2811 4112 2812 4112 2813 4112 2814 4113 2815 4113 2816 4113 2814 4114 2816 4114 2817 4114 2815 4115 2818 4115 2816 4115 2816 4116 2818 4116 2819 4116 2816 4117 2819 4117 2820 4117 2821 4118 2822 4118 2823 4118 2823 4119 2822 4119 2824 4119 2823 4120 2824 4120 2825 4120 2825 4121 2824 4121 2826 4121 2825 4122 2826 4122 2827 4122 2827 4123 2826 4123 2828 4123 2827 4124 2828 4124 2816 4124 2816 4125 2828 4125 2829 4125 2816 4126 2829 4126 2817 4126 2830 4127 2821 4127 2831 4127 2831 4128 2821 4128 2823 4128 2831 4129 2823 4129 2832 4129 2832 4130 2823 4130 2833 4130 2834 4131 2833 4131 2835 4131 2836 4132 2837 4132 2835 4132 2835 4133 2837 4133 2838 4133 2835 4134 2838 4134 2834 4134 2806 4135 2839 4135 2805 4135 2805 4136 2839 4136 2840 4136 2805 4137 2840 4137 2836 4137 2836 4138 2835 4138 2805 4138 2805 4139 2835 4139 2841 4139 2805 4140 2841 4140 2807 4140 2807 4141 2841 4141 2842 4141 2807 4142 2842 4142 2808 4142 2808 4143 2842 4143 2811 4143 2808 4144 2811 4144 2810 4144 2810 4145 2811 4145 2813 4145 2810 4146 2813 4146 2809 4146 2833 4147 2823 4147 2835 4147 2835 4148 2823 4148 2825 4148 2835 4149 2825 4149 2841 4149 2841 4150 2825 4150 2827 4150 2841 4151 2827 4151 2842 4151 2842 4152 2827 4152 2816 4152 2842 4153 2816 4153 2811 4153 2811 4154 2816 4154 2820 4154 2811 4155 2820 4155 2812 4155 2843 4156 2593 4156 2592 4156 2844 4157 2845 4157 2846 4157 2847 4158 2848 4158 2849 4158 2847 4159 2849 4159 2850 4159 2848 4160 2851 4160 2849 4160 2849 4161 2851 4161 2852 4161 2849 4162 2852 4162 2853 4162 2854 4163 2855 4163 2856 4163 2856 4164 2855 4164 2857 4164 2856 4165 2857 4165 2858 4165 2858 4166 2857 4166 2859 4166 2858 4167 2859 4167 2860 4167 2860 4168 2859 4168 2861 4168 2860 4169 2861 4169 2849 4169 2849 4170 2861 4170 2862 4170 2849 4171 2862 4171 2850 4171 2863 4172 2854 4172 2864 4172 2864 4173 2854 4173 2856 4173 2864 4174 2856 4174 2865 4174 2865 4175 2856 4175 2866 4175 2867 4176 2866 4176 2868 4176 2869 4177 2870 4177 2868 4177 2868 4178 2870 4178 2871 4178 2868 4179 2871 4179 2867 4179 2872 4180 2873 4180 2874 4180 2874 4181 2873 4181 2869 4181 2609 4182 2610 4182 2874 4182 2874 4183 2610 4183 2875 4183 2874 4184 2875 4184 2872 4184 2609 4185 2874 4185 2605 4185 2605 4186 2874 4186 2876 4186 2605 4187 2876 4187 2612 4187 2612 4188 2876 4188 2877 4188 2612 4189 2877 4189 2611 4189 2878 4190 2843 4190 2879 4190 2879 4191 2843 4191 2592 4191 2879 4192 2592 4192 2877 4192 2877 4193 2592 4193 2589 4193 2877 4194 2589 4194 2611 4194 2869 4195 2868 4195 2874 4195 2874 4196 2868 4196 2880 4196 2874 4197 2880 4197 2876 4197 2876 4198 2880 4198 2881 4198 2876 4199 2881 4199 2877 4199 2877 4200 2881 4200 2844 4200 2877 4201 2844 4201 2879 4201 2879 4202 2844 4202 2846 4202 2879 4203 2846 4203 2878 4203 2866 4204 2856 4204 2868 4204 2868 4205 2856 4205 2858 4205 2868 4206 2858 4206 2880 4206 2880 4207 2858 4207 2860 4207 2880 4208 2860 4208 2881 4208 2881 4209 2860 4209 2849 4209 2881 4210 2849 4210 2844 4210 2844 4211 2849 4211 2853 4211 2844 4212 2853 4212 2845 4212 2882 4213 2645 4213 2644 4213 2883 4214 2884 4214 2885 4214 2886 4215 2887 4215 2888 4215 2886 4216 2888 4216 2889 4216 2887 4217 2890 4217 2888 4217 2888 4218 2890 4218 2891 4218 2888 4219 2891 4219 2892 4219 2893 4220 2894 4220 2895 4220 2895 4221 2894 4221 2896 4221 2895 4222 2896 4222 2897 4222 2897 4223 2896 4223 2898 4223 2897 4224 2898 4224 2899 4224 2899 4225 2898 4225 2900 4225 2899 4226 2900 4226 2888 4226 2888 4227 2900 4227 2901 4227 2888 4228 2901 4228 2889 4228 2902 4229 2893 4229 2903 4229 2903 4230 2893 4230 2895 4230 2903 4231 2895 4231 2904 4231 2904 4232 2895 4232 2905 4232 2906 4233 2905 4233 2907 4233 2908 4234 2909 4234 2907 4234 2907 4235 2909 4235 2910 4235 2907 4236 2910 4236 2906 4236 2911 4237 2912 4237 2913 4237 2913 4238 2912 4238 2908 4238 2661 4239 2662 4239 2913 4239 2913 4240 2662 4240 2914 4240 2913 4241 2914 4241 2911 4241 2661 4242 2913 4242 2657 4242 2657 4243 2913 4243 2915 4243 2657 4244 2915 4244 2664 4244 2664 4245 2915 4245 2916 4245 2664 4246 2916 4246 2663 4246 2917 4247 2882 4247 2918 4247 2918 4248 2882 4248 2644 4248 2918 4249 2644 4249 2916 4249 2916 4250 2644 4250 2641 4250 2916 4251 2641 4251 2663 4251 2908 4252 2907 4252 2913 4252 2913 4253 2907 4253 2919 4253 2913 4254 2919 4254 2915 4254 2915 4255 2919 4255 2920 4255 2915 4256 2920 4256 2916 4256 2916 4257 2920 4257 2883 4257 2916 4258 2883 4258 2918 4258 2918 4259 2883 4259 2885 4259 2918 4260 2885 4260 2917 4260 2905 4261 2895 4261 2907 4261 2907 4262 2895 4262 2897 4262 2907 4263 2897 4263 2919 4263 2919 4264 2897 4264 2899 4264 2919 4265 2899 4265 2920 4265 2920 4266 2899 4266 2888 4266 2920 4267 2888 4267 2883 4267 2883 4268 2888 4268 2892 4268 2883 4269 2892 4269 2884 4269 2921 4270 2619 4270 2618 4270 2635 4271 2636 4271 2922 4271 2922 4272 2636 4272 2923 4272 2922 4273 2923 4273 2924 4273 2635 4274 2922 4274 2631 4274 2631 4275 2922 4275 2925 4275 2631 4276 2925 4276 2638 4276 2638 4277 2925 4277 2926 4277 2638 4278 2926 4278 2637 4278 2927 4279 2921 4279 2928 4279 2928 4280 2921 4280 2618 4280 2928 4281 2618 4281 2926 4281 2926 4282 2618 4282 2615 4282 2926 4283 2615 4283 2637 4283 2929 4284 2930 4284 2931 4284 2932 4285 2933 4285 2934 4285 2932 4286 2934 4286 2935 4286 2933 4287 2936 4287 2934 4287 2934 4288 2936 4288 2937 4288 2934 4289 2937 4289 2938 4289 2939 4290 2940 4290 2941 4290 2941 4291 2940 4291 2942 4291 2941 4292 2942 4292 2943 4292 2943 4293 2942 4293 2944 4293 2943 4294 2944 4294 2945 4294 2945 4295 2944 4295 2946 4295 2945 4296 2946 4296 2934 4296 2934 4297 2946 4297 2947 4297 2934 4298 2947 4298 2935 4298 2948 4299 2939 4299 2949 4299 2949 4300 2939 4300 2941 4300 2949 4301 2941 4301 2950 4301 2950 4302 2941 4302 2951 4302 2951 4303 2952 4303 2953 4303 2953 4304 2952 4304 2954 4304 2924 4305 2955 4305 2952 4305 2955 4306 2956 4306 2952 4306 2952 4307 2956 4307 2957 4307 2952 4308 2957 4308 2954 4308 2924 4309 2952 4309 2922 4309 2922 4310 2952 4310 2958 4310 2922 4311 2958 4311 2925 4311 2925 4312 2958 4312 2959 4312 2925 4313 2959 4313 2926 4313 2926 4314 2959 4314 2929 4314 2926 4315 2929 4315 2928 4315 2928 4316 2929 4316 2931 4316 2928 4317 2931 4317 2927 4317 2951 4318 2941 4318 2952 4318 2952 4319 2941 4319 2943 4319 2952 4320 2943 4320 2958 4320 2958 4321 2943 4321 2945 4321 2958 4322 2945 4322 2959 4322 2959 4323 2945 4323 2934 4323 2959 4324 2934 4324 2929 4324 2929 4325 2934 4325 2938 4325 2929 4326 2938 4326 2930 4326 2960 4327 2961 4327 2558 4327 2962 4328 2963 4328 2964 4328 2964 4329 2963 4329 2965 4329 2558 4330 2961 4330 2559 4330 2960 4331 2558 4331 2966 4331 2966 4332 2558 4332 2563 4332 2966 4333 2563 4333 2967 4333 2967 4334 2563 4334 2565 4334 2967 4335 2565 4335 2568 4335 2526 4336 2540 4336 2968 4336 2968 4337 2540 4337 2542 4337 2968 4338 2542 4338 2969 4338 2969 4339 2542 4339 2543 4339 2969 4340 2543 4340 2970 4340 2963 4341 2971 4341 2965 4341 2965 4342 2971 4342 2972 4342 2965 4342 2972 4342 2973 4342 2973 4343 2972 4343 2974 4343 2973 4344 2974 4344 2975 4344 2975 4345 2974 4345 2976 4345 2975 4346 2976 4346 2977 4346 2970 4347 2543 4347 2977 4347 2977 4348 2543 4348 2537 4348 2977 4349 2537 4349 2975 4349 2975 4350 2537 4350 2562 4350 2975 4351 2562 4351 2973 4351 2973 4352 2562 4352 2561 4352 2973 4352 2561 4352 2965 4352 2965 4353 2561 4353 2559 4353 2965 4354 2559 4354 2964 4354 2964 4355 2559 4355 2961 4355 2964 4356 2961 4356 2962 4356 2978 4357 2979 4357 2581 4357 2980 4358 2981 4358 2982 4358 2584 4359 2569 4359 2983 4359 2983 4360 2569 4360 2571 4360 2983 4361 2571 4361 2984 4361 2984 4362 2571 4362 2572 4362 2984 4363 2572 4363 2985 4363 2982 4364 2981 4364 2986 4364 2581 4365 2979 4365 2582 4365 2978 4366 2581 4366 2987 4366 2987 4367 2581 4367 2554 4367 2987 4368 2554 4368 2988 4368 2988 4369 2554 4369 2553 4369 2988 4370 2553 4370 2513 4370 2981 4371 2989 4371 2986 4371 2986 4372 2989 4372 2990 4372 2986 4373 2990 4373 2991 4373 2991 4374 2990 4374 2992 4374 2991 4375 2992 4375 2993 4375 2993 4376 2992 4376 2994 4376 2993 4377 2994 4377 2995 4377 2985 4378 2572 4378 2995 4378 2995 4379 2572 4379 2549 4379 2995 4380 2549 4380 2993 4380 2993 4381 2549 4381 2548 4381 2993 4382 2548 4382 2991 4382 2991 4383 2548 4383 2583 4383 2991 4384 2583 4384 2986 4384 2986 4385 2583 4385 2582 4385 2986 4386 2582 4386 2982 4386 2982 4387 2582 4387 2979 4387 2982 4388 2979 4388 2980 4388 2996 4389 2997 4389 2579 4389 2998 4390 2999 4390 3000 4390 3000 4391 2999 4391 3001 4391 2579 4392 2997 4392 2580 4392 2996 4393 2579 4393 3002 4393 3002 4394 2579 4394 2586 4394 3002 4395 2586 4395 3003 4395 3003 4396 2586 4396 2585 4396 3003 4397 2585 4397 2584 4397 2568 4398 2567 4398 3004 4398 3004 4399 2567 4399 2566 4399 3004 4400 2566 4400 3005 4400 3005 4401 2566 4401 2545 4401 3005 4402 2545 4402 3006 4402 2999 4403 3007 4403 3001 4403 3001 4404 3007 4404 3008 4404 3001 4404 3008 4404 3009 4404 3009 4405 3008 4405 3010 4405 3009 4406 3010 4406 3011 4406 3011 4407 3010 4407 3012 4407 3011 4408 3012 4408 3013 4408 3006 4409 2545 4409 3013 4409 3013 4410 2545 4410 2544 4410 3013 4411 2544 4411 3011 4411 3011 4412 2544 4412 2575 4412 3011 4413 2575 4413 3009 4413 3009 4414 2575 4414 2577 4414 3009 4414 2577 4414 3001 4414 3001 4415 2577 4415 2580 4415 3001 4416 2580 4416 3000 4416 3000 4417 2580 4417 2997 4417 3000 4418 2997 4418 2998 4418 3014 4419 3015 4419 2474 4419 3014 4420 2474 4420 3016 4420 3016 4421 2474 4421 3017 4421 3017 4422 2474 4422 2464 4422 3017 4423 2464 4423 2463 4423 3018 4424 3019 4424 2528 4424 2528 4425 3019 4425 3020 4425 2528 4426 3020 4426 2530 4426 3021 4427 2527 4427 3022 4427 3022 4428 2527 4428 2511 4428 3021 4429 3023 4429 2527 4429 2527 4430 3023 4430 3024 4430 2527 4431 3024 4431 2469 4431 2469 4432 3024 4432 3025 4432 3025 4433 3026 4433 2469 4433 2469 4434 3026 4434 3027 4434 2469 4435 3027 4435 2465 4435 2465 4436 3027 4436 2466 4436 3015 4437 3018 4437 2474 4437 2474 4438 3018 4438 2528 4438 2474 4439 2528 4439 2473 4439 2473 4440 2528 4440 2527 4440 2473 4441 2527 4441 2471 4441 2471 4442 2527 4442 2469 4442 3028 4443 3029 4443 2703 4443 3028 4444 2703 4444 3030 4444 3030 4445 2703 4445 3031 4445 3031 4446 2703 4446 2667 4446 3031 4447 2667 4447 2666 4447 3032 4448 3033 4448 2972 4448 2972 4449 3033 4449 3034 4449 2972 4450 3034 4450 2974 4450 3035 4451 3036 4451 2705 4451 2963 4452 3037 4452 2971 4452 2971 4453 3037 4453 3038 4453 2971 4454 3038 4454 3039 4454 3036 4455 3040 4455 2705 4455 2705 4456 3040 4456 3041 4456 2705 4457 3041 4457 2707 4457 2707 4458 3041 4458 2708 4458 3029 4459 3032 4459 2703 4459 2703 4460 3032 4460 2972 4460 2703 4461 2972 4461 2705 4461 2705 4462 2972 4462 2971 4462 2705 4463 2971 4463 3035 4463 3035 4464 2971 4464 3039 4464 3042 4465 3043 4465 2772 4465 3042 4466 2772 4466 3044 4466 3044 4467 2772 4467 3045 4467 3045 4468 2772 4468 2762 4468 3045 4469 2762 4469 2761 4469 3046 4470 3047 4470 2990 4470 2990 4471 3047 4471 3048 4471 2990 4472 3048 4472 2992 4472 2989 4473 2981 4473 3049 4473 3049 4474 3050 4474 2989 4474 2989 4475 3050 4475 3051 4475 2989 4476 3051 4476 3052 4476 3053 4477 3054 4477 2769 4477 2769 4478 3054 4478 3055 4478 2769 4479 3055 4479 2767 4479 2767 4480 3055 4480 2766 4480 3043 4481 3046 4481 2772 4481 2772 4482 3046 4482 2990 4482 2772 4483 2990 4483 2771 4483 2771 4484 2990 4484 2989 4484 2771 4485 2989 4485 2769 4485 2769 4486 2989 4486 3052 4486 2769 4487 3052 4487 3053 4487 3056 4488 3057 4488 2749 4488 3056 4489 2749 4489 3058 4489 3058 4490 2749 4490 3059 4490 3059 4491 2749 4491 2713 4491 3059 4492 2713 4492 2712 4492 3060 4493 3061 4493 3008 4493 3008 4494 3061 4494 3062 4494 3008 4495 3062 4495 3010 4495 2999 4496 3063 4496 3007 4496 3007 4497 3063 4497 3064 4497 3007 4498 3064 4498 3065 4498 2751 4499 3066 4499 3067 4499 3067 4500 3068 4500 2751 4500 2751 4501 3068 4501 3069 4501 2751 4502 3069 4502 2753 4502 2753 4503 3069 4503 2754 4503 3057 4504 3060 4504 2749 4504 2749 4505 3060 4505 3008 4505 2749 4506 3008 4506 2751 4506 2751 4507 3008 4507 3007 4507 2751 4508 3007 4508 3066 4508 3066 4509 3007 4509 3065 4509 2793 4510 2901 4510 2790 4510 2790 4511 2901 4511 2900 4511 2790 4512 2900 4512 2788 4512 2788 4513 2900 4513 2898 4513 2788 4514 2898 4514 2786 4514 2786 4515 2898 4515 2896 4515 2893 4516 2778 4516 2894 4516 2894 4517 2778 4517 2777 4517 2894 4518 2777 4518 2896 4518 2896 4519 2777 4519 2784 4519 2896 4520 2784 4520 2786 4520 2760 4521 3070 4521 2761 4521 2761 4521 3070 4521 3071 4521 2761 4522 3071 4522 3045 4522 3045 4523 3071 4523 3072 4523 3045 4524 3072 4524 3044 4524 3073 4521 2914 4521 3074 4521 3074 4521 2914 4521 2662 4521 3074 4521 2662 4521 3075 4521 3075 4525 2662 4525 2660 4525 3075 4526 2660 4526 3076 4526 3076 4527 2660 4527 2659 4527 3076 4528 2659 4528 3077 4528 3077 4529 2659 4529 3044 4529 3077 4530 3044 4530 3078 4530 3078 4531 3044 4531 3072 4531 3044 4532 2659 4532 3042 4532 3042 4533 2659 4533 2658 4533 3042 4534 2658 4534 3043 4534 3043 4535 2658 4535 2656 4535 3043 4536 2656 4536 3046 4536 3046 4537 2656 4537 2655 4537 3046 4538 2655 4538 3047 4538 3047 4539 2655 4539 2651 4539 3021 4540 2595 4540 3023 4540 3023 4541 2595 4541 2594 4541 3023 4542 2594 4542 3024 4542 3024 4543 2594 4543 2588 4543 3024 4544 2588 4544 3025 4544 3025 4545 2588 4545 2587 4545 3025 4546 2587 4546 3026 4546 3026 4547 2587 4547 2590 4547 2496 4548 2494 4548 2848 4548 2468 4549 3079 4549 2502 4549 2502 4550 3079 4550 3080 4550 2502 4551 3080 4551 2503 4551 3080 4552 3081 4552 2503 4552 2503 4553 3081 4553 3082 4553 2503 4554 3082 4554 2504 4554 2504 4555 3082 4555 2497 4555 2497 4556 2845 4556 2498 4556 2498 4557 2845 4557 2853 4557 2498 4558 2853 4558 2500 4558 2500 4559 2853 4559 2501 4559 2501 4560 2853 4560 2852 4560 2501 4561 2852 4561 2851 4561 2848 4562 2494 4562 2851 4562 2851 4563 2494 4563 2493 4563 2851 4564 2493 4564 2501 4564 2862 4565 2495 4565 2850 4565 2850 4566 2495 4566 2496 4566 2850 4567 2496 4567 2847 4567 2847 4568 2496 4568 2848 4568 3083 4569 2843 4569 3084 4569 3084 4570 2843 4570 2878 4570 3084 4571 2878 4571 3085 4571 3085 4572 2878 4572 2846 4572 3085 4573 2846 4573 3086 4573 3086 4574 2846 4574 2845 4574 3086 4575 2845 4575 3087 4575 3087 4576 2845 4576 2497 4576 3087 4577 2497 4577 3088 4577 3088 4578 2497 4578 3082 4578 2495 4579 2862 4579 2492 4579 2492 4580 2862 4580 2861 4580 2492 4581 2861 4581 2490 4581 2490 4582 2861 4582 2859 4582 2490 4583 2859 4583 2488 4583 2488 4584 2859 4584 2857 4584 2854 4585 2480 4585 2855 4585 2855 4586 2480 4586 2479 4586 2855 4587 2479 4587 2857 4587 2857 4588 2479 4588 2486 4588 2857 4589 2486 4589 2488 4589 3089 4590 2875 4590 3090 4590 3090 4590 2875 4590 2610 4590 3090 4590 2610 4590 3091 4590 3091 4591 2610 4591 2608 4591 3091 4592 2608 4592 3092 4592 3092 4593 2608 4593 2607 4593 3092 4594 2607 4594 3093 4594 3093 4595 2607 4595 3016 4595 2462 4590 3094 4590 2463 4590 2463 4590 3094 4590 3095 4590 2463 4596 3095 4596 3017 4596 3017 4597 3095 4597 3096 4597 3017 4598 3096 4598 3016 4598 3016 4599 3096 4599 3097 4599 3016 4600 3097 4600 3093 4600 3016 4601 2607 4601 3014 4601 3014 4602 2607 4602 2606 4602 3014 4603 2606 4603 3015 4603 3015 4604 2606 4604 2604 4604 3015 4605 2604 4605 3018 4605 3018 4606 2604 4606 2603 4606 3018 4607 2603 4607 3019 4607 3019 4608 2603 4608 2599 4608 3050 4609 2647 4609 3051 4609 3051 4610 2647 4610 2646 4610 3051 4611 2646 4611 3052 4611 3052 4612 2646 4612 2640 4612 3052 4613 2640 4613 3053 4613 3053 4614 2640 4614 2639 4614 3053 4615 2639 4615 3054 4615 3054 4616 2639 4616 2642 4616 2794 4617 2792 4617 2887 4617 2763 4618 3098 4618 2764 4618 2764 4619 3098 4619 3099 4619 2764 4620 3099 4620 2799 4620 3099 4621 3100 4621 2799 4621 2799 4622 3100 4622 3101 4622 2799 4623 3101 4623 2800 4623 2800 4624 3101 4624 2801 4624 2801 4625 2884 4625 2798 4625 2798 4626 2884 4626 2892 4626 2798 4627 2892 4627 2797 4627 2797 4628 2892 4628 2795 4628 2795 4629 2892 4629 2891 4629 2795 4630 2891 4630 2890 4630 2887 4631 2792 4631 2890 4631 2890 4632 2792 4632 2791 4632 2890 4633 2791 4633 2795 4633 2901 4634 2793 4634 2889 4634 2889 4635 2793 4635 2794 4635 2889 4636 2794 4636 2886 4636 2886 4637 2794 4637 2887 4637 3102 4638 2882 4638 3103 4638 3103 4639 2882 4639 2917 4639 3103 4640 2917 4640 3104 4640 3104 4641 2917 4641 2885 4641 3104 4642 2885 4642 3105 4642 3105 4643 2885 4643 2884 4643 3105 4644 2884 4644 3106 4644 3106 4645 2884 4645 2801 4645 3106 4646 2801 4646 3107 4646 3107 4647 2801 4647 3101 4647 3064 4648 2621 4648 3065 4648 3065 4649 2621 4649 2620 4649 3065 4650 2620 4650 3066 4650 3066 4651 2620 4651 2614 4651 3066 4652 2614 4652 3067 4652 3067 4653 2614 4653 2613 4653 3067 4654 2613 4654 3068 4654 3068 4655 2613 4655 2616 4655 2738 4656 2736 4656 2933 4656 2744 4657 3108 4657 2745 4657 2745 4658 3108 4658 3109 4658 2745 4659 3109 4659 2747 4659 3109 4660 3110 4660 2747 4660 2747 4661 3110 4661 3111 4661 2747 4662 3111 4662 2748 4662 2748 4663 3111 4663 2739 4663 2739 4664 2930 4664 2740 4664 2740 4665 2930 4665 2938 4665 2740 4666 2938 4666 2742 4666 2742 4667 2938 4667 2743 4667 2743 4668 2938 4668 2937 4668 2743 4669 2937 4669 2936 4669 2933 4670 2736 4670 2936 4670 2936 4671 2736 4671 2735 4671 2936 4672 2735 4672 2743 4672 2947 4673 2737 4673 2935 4673 2935 4674 2737 4674 2738 4674 2935 4675 2738 4675 2932 4675 2932 4676 2738 4676 2933 4676 3112 4677 2921 4677 3113 4677 3113 4678 2921 4678 2927 4678 3113 4679 2927 4679 3114 4679 3114 4680 2927 4680 2931 4680 3114 4681 2931 4681 3115 4681 3115 4682 2931 4682 2930 4682 3115 4683 2930 4683 3116 4683 3116 4684 2930 4684 2739 4684 3116 4685 2739 4685 3117 4685 3117 4686 2739 4686 3111 4686 2737 4687 2947 4687 2734 4687 2734 4688 2947 4688 2946 4688 2734 4689 2946 4689 2732 4689 2732 4690 2946 4690 2944 4690 2732 4691 2944 4691 2730 4691 2730 4692 2944 4692 2942 4692 2939 4693 2722 4693 2940 4693 2940 4694 2722 4694 2721 4694 2940 4695 2721 4695 2942 4695 2942 4696 2721 4696 2728 4696 2942 4697 2728 4697 2730 4697 2711 4698 3118 4698 2712 4698 2712 4698 3118 4698 3119 4698 2712 4699 3119 4699 3059 4699 3059 4700 3119 4700 3120 4700 3059 4701 3120 4701 3058 4701 3121 4698 2923 4698 3122 4698 3122 4698 2923 4698 2636 4698 3122 4698 2636 4698 3123 4698 3123 4702 2636 4702 2634 4702 3123 4703 2634 4703 3124 4703 3124 4704 2634 4704 2633 4704 3124 4705 2633 4705 3125 4705 3125 4706 2633 4706 3058 4706 3125 4707 3058 4707 3126 4707 3126 4708 3058 4708 3120 4708 3058 4709 2633 4709 3056 4709 3056 4710 2633 4710 2632 4710 3056 4711 2632 4711 3057 4711 3057 4712 2632 4712 2630 4712 3057 4713 2630 4713 3060 4713 3060 4714 2630 4714 2629 4714 3060 4715 2629 4715 3061 4715 3061 4716 2629 4716 2625 4716 2967 4717 2568 4717 2420 4717 2422 4718 2428 4718 2456 4718 2967 4719 2420 4719 2966 4719 2966 4720 2420 4720 2421 4720 2966 4721 2421 4721 2960 4721 3006 4722 2419 4722 3005 4722 3005 4723 2419 4723 2420 4723 3005 4724 2420 4724 3004 4724 3004 4725 2420 4725 2568 4725 2628 4726 2425 4726 2418 4726 3006 4727 3013 4727 2419 4727 2419 4728 3013 4728 3012 4728 2419 4729 3012 4729 2418 4729 2418 4730 3012 4730 3010 4730 2418 4731 3010 4731 2628 4731 2628 4732 3010 4732 3062 4732 2628 4733 3062 4733 2627 4733 2627 4734 3062 4734 3061 4734 2627 4735 3061 4735 2625 4735 2453 4736 3038 4736 2455 4736 2455 4737 3038 4737 3037 4737 2455 4738 3037 4738 2456 4738 2456 4739 3037 4739 2963 4739 2456 4740 2963 4740 2422 4740 2422 4741 2963 4741 2962 4741 2422 4742 2962 4742 2421 4742 2421 4743 2962 4743 2961 4743 2421 4744 2961 4744 2960 4744 3038 4745 2453 4745 3039 4745 3039 4746 2453 4746 2452 4746 3039 4747 2452 4747 3035 4747 3035 4748 2452 4748 2446 4748 3035 4749 2446 4749 3036 4749 3036 4750 2446 4750 2445 4750 3036 4751 2445 4751 3040 4751 3040 4752 2445 4752 2448 4752 2524 4753 2526 4753 2409 4753 667 4754 666 4754 2598 4754 2524 4755 2409 4755 2522 4755 2522 4756 2409 4756 2410 4756 2522 4757 2410 4757 2507 4757 2970 4758 2408 4758 2969 4758 2969 4759 2408 4759 2409 4759 2969 4760 2409 4760 2968 4760 2968 4761 2409 4761 2526 4761 2436 4762 2430 4762 2407 4762 2970 4763 2977 4763 2408 4763 2408 4764 2977 4764 2976 4764 2408 4765 2976 4765 2407 4765 2407 4766 2976 4766 2974 4766 2407 4767 2974 4767 2436 4767 2436 4768 2974 4768 3034 4768 2436 4769 3034 4769 2435 4769 2435 4770 3034 4770 3033 4770 2435 4771 3033 4771 2433 4771 2595 4772 3021 4772 2597 4772 2597 4773 3021 4773 3022 4773 2597 4774 3022 4774 2598 4774 2598 4775 3022 4775 2511 4775 2598 4776 2511 4776 667 4776 667 4777 2511 4777 2510 4777 667 4778 2510 4778 2410 4778 2410 4779 2510 4779 2508 4779 2410 4780 2508 4780 2507 4780 2692 4781 2690 4781 2815 4781 2698 4782 3127 4782 2699 4782 2699 4783 3127 4783 3128 4783 2699 4784 3128 4784 2701 4784 3128 4785 3129 4785 2701 4785 2701 4786 3129 4786 3130 4786 2701 4787 3130 4787 2702 4787 2702 4788 3130 4788 2693 4788 2693 4789 2812 4789 2694 4789 2694 4790 2812 4790 2820 4790 2694 4791 2820 4791 2696 4791 2696 4792 2820 4792 2697 4792 2697 4793 2820 4793 2819 4793 2697 4794 2819 4794 2818 4794 2815 4795 2690 4795 2818 4795 2818 4796 2690 4796 2689 4796 2818 4797 2689 4797 2697 4797 2829 4798 2691 4798 2817 4798 2817 4799 2691 4799 2692 4799 2817 4800 2692 4800 2814 4800 2814 4801 2692 4801 2815 4801 3131 4802 2804 4802 3132 4802 3132 4803 2804 4803 2809 4803 3132 4804 2809 4804 3133 4804 3133 4805 2809 4805 2813 4805 3133 4806 2813 4806 3134 4806 3134 4807 2813 4807 2812 4807 3134 4808 2812 4808 3135 4808 3135 4809 2812 4809 2693 4809 3135 4810 2693 4810 3136 4810 3136 4811 2693 4811 3130 4811 3030 4812 2441 4812 3028 4812 3028 4813 2441 4813 2440 4813 3028 4814 2440 4814 3029 4814 3029 4815 2440 4815 2438 4815 3029 4816 2438 4816 3032 4816 3032 4817 2438 4817 2437 4817 3032 4818 2437 4818 3033 4818 3033 4819 2437 4819 2433 4819 2691 4820 2829 4820 2688 4820 2688 4821 2829 4821 2828 4821 2688 4822 2828 4822 2686 4822 2686 4823 2828 4823 2826 4823 2686 4824 2826 4824 2684 4824 2684 4825 2826 4825 2824 4825 2821 4826 2676 4826 2822 4826 2822 4827 2676 4827 2675 4827 2822 4828 2675 4828 2824 4828 2824 4829 2675 4829 2682 4829 2824 4830 2682 4830 2684 4830 3137 4831 2806 4831 3138 4831 3138 4831 2806 4831 2444 4831 3138 4831 2444 4831 3139 4831 3139 4832 2444 4832 2442 4832 3139 4833 2442 4833 3140 4833 3140 4834 2442 4834 2441 4834 3140 4835 2441 4835 3141 4835 3141 4836 2441 4836 3030 4836 2665 4831 3142 4831 2666 4831 2666 4831 3142 4831 3143 4831 2666 4837 3143 4837 3031 4837 3031 4838 3143 4838 3144 4838 3031 4839 3144 4839 3030 4839 3030 4840 3144 4840 3145 4840 3030 4841 3145 4841 3141 4841 2863 4842 2864 4842 2483 4842 3146 4843 3147 4843 2870 4843 2875 4844 3089 4844 2872 4844 2872 4845 3089 4845 3148 4845 2872 4846 3148 4846 2873 4846 2873 4847 3148 4847 3146 4847 2873 4848 3146 4848 2869 4848 2869 4849 3146 4849 2870 4849 2870 4850 2476 4850 2871 4850 2871 4851 2476 4851 2475 4851 2871 4852 2475 4852 2867 4852 2867 4853 2475 4853 2866 4853 2866 4854 2475 4854 2485 4854 2866 4855 2485 4855 2484 4855 2483 4856 2864 4856 2484 4856 2484 4857 2864 4857 2865 4857 2484 4858 2865 4858 2866 4858 2480 4859 2854 4859 2481 4859 2481 4860 2854 4860 2863 4860 2481 4861 2863 4861 2482 4861 2482 4862 2863 4862 2483 4862 3094 4863 2462 4863 3149 4863 3149 4864 2462 4864 2460 4864 3149 4865 2460 4865 3150 4865 3150 4866 2460 4866 2459 4866 3150 4867 2459 4867 3151 4867 3151 4868 2459 4868 2476 4868 3151 4869 2476 4869 3152 4869 3152 4870 2476 4870 2870 4870 3152 4871 2870 4871 3153 4871 3153 4872 2870 4872 3147 4872 2882 4698 3102 4698 2645 4698 2645 4698 3102 4698 3154 4698 2645 4873 3154 4873 2643 4873 2643 4874 3154 4874 3155 4874 2643 4875 3155 4875 2642 4875 3098 4698 2763 4698 3156 4698 3156 4698 2763 4698 2766 4698 3156 4698 2766 4698 3157 4698 3157 4876 2766 4876 3055 4876 3157 4877 3055 4877 3158 4877 3158 4878 3055 4878 3054 4878 3158 4879 3054 4879 3159 4879 3159 4880 3054 4880 2642 4880 3159 4881 2642 4881 3160 4881 3160 4882 2642 4882 3155 4882 3161 4883 3156 4883 3162 4883 3162 4884 3156 4884 3157 4884 3162 4885 3157 4885 3163 4885 3163 4886 3157 4886 3158 4886 3163 4886 3158 4886 3164 4886 3164 4887 3158 4887 3159 4887 3164 4887 3159 4887 3165 4887 3165 4888 3159 4888 3160 4888 3165 4888 3160 4888 3166 4888 3166 4889 3160 4889 3155 4889 3166 4889 3155 4889 3167 4889 3167 4890 3155 4890 3154 4890 3167 4891 3154 4891 3168 4891 3168 4892 3154 4892 3102 4892 3168 4893 3102 4893 3169 4893 3101 4894 3100 4894 3170 4894 3170 4895 3100 4895 3099 4895 3170 4896 3099 4896 3161 4896 3161 4897 3099 4897 3098 4897 3161 4898 3098 4898 3156 4898 3101 4899 3170 4899 3107 4899 3107 4900 3170 4900 3171 4900 3107 4901 3171 4901 3106 4901 3106 4902 3171 4902 3105 4902 3105 4903 3171 4903 3172 4903 3105 4904 3172 4904 3104 4904 3169 4905 3102 4905 3172 4905 3172 4906 3102 4906 3103 4906 3172 4907 3103 4907 3104 4907 2843 4521 3083 4521 2593 4521 2593 4521 3083 4521 3173 4521 2593 4908 3173 4908 2591 4908 2591 4909 3173 4909 3174 4909 2591 4910 3174 4910 2590 4910 3079 4521 2468 4521 3175 4521 3175 4521 2468 4521 2466 4521 3175 4521 2466 4521 3176 4521 3176 4911 2466 4911 3027 4911 3176 4912 3027 4912 3177 4912 3177 4913 3027 4913 3026 4913 3177 4914 3026 4914 3178 4914 3178 4915 3026 4915 2590 4915 3178 4916 2590 4916 3179 4916 3179 4917 2590 4917 3174 4917 2830 4918 2831 4918 2679 4918 3180 4919 3181 4919 2837 4919 2806 4920 3137 4920 2839 4920 2839 4921 3137 4921 3182 4921 2839 4922 3182 4922 2840 4922 2840 4923 3182 4923 3180 4923 2840 4924 3180 4924 2836 4924 2836 4925 3180 4925 2837 4925 2837 4926 2672 4926 2838 4926 2838 4927 2672 4927 2671 4927 2838 4928 2671 4928 2834 4928 2834 4929 2671 4929 2833 4929 2833 4930 2671 4930 2681 4930 2833 4931 2681 4931 2680 4931 2679 4932 2831 4932 2680 4932 2680 4933 2831 4933 2832 4933 2680 4934 2832 4934 2833 4934 2676 4935 2821 4935 2677 4935 2677 4936 2821 4936 2830 4936 2677 4937 2830 4937 2678 4937 2678 4938 2830 4938 2679 4938 3142 4939 2665 4939 3183 4939 3183 4940 2665 4940 2669 4940 3183 4941 2669 4941 3184 4941 3184 4942 2669 4942 2668 4942 3184 4943 2668 4943 3185 4943 3185 4944 2668 4944 2672 4944 3185 4945 2672 4945 3186 4945 3186 4946 2672 4946 2837 4946 3186 4947 2837 4947 3187 4947 3187 4948 2837 4948 3181 4948 3188 4949 3175 4949 3189 4949 3189 4950 3175 4950 3176 4950 3189 4951 3176 4951 3190 4951 3190 4952 3176 4952 3177 4952 3190 4952 3177 4952 3191 4952 3191 4953 3177 4953 3178 4953 3191 4953 3178 4953 3192 4953 3192 4954 3178 4954 3179 4954 3192 4954 3179 4954 3193 4954 3193 4955 3179 4955 3174 4955 3193 4955 3174 4955 3194 4955 3194 4956 3174 4956 3173 4956 3194 4957 3173 4957 3195 4957 3195 4958 3173 4958 3083 4958 3195 4959 3083 4959 3196 4959 3082 4960 3081 4960 3197 4960 3197 4961 3081 4961 3080 4961 3197 4962 3080 4962 3188 4962 3188 4963 3080 4963 3079 4963 3188 4964 3079 4964 3175 4964 3082 4965 3197 4965 3088 4965 3088 4966 3197 4966 3198 4966 3088 4967 3198 4967 3087 4967 3087 4968 3198 4968 3086 4968 3086 4969 3198 4969 3199 4969 3086 4970 3199 4970 3085 4970 3196 4971 3083 4971 3199 4971 3199 4972 3083 4972 3084 4972 3199 4973 3084 4973 3085 4973 2948 4974 2949 4974 2725 4974 3200 4975 3201 4975 2957 4975 2923 4976 3121 4976 2924 4976 2924 4977 3121 4977 3202 4977 2924 4978 3202 4978 2955 4978 2955 4979 3202 4979 3200 4979 2955 4980 3200 4980 2956 4980 2956 4981 3200 4981 2957 4981 2957 4982 2718 4982 2954 4982 2954 4983 2718 4983 2717 4983 2954 4984 2717 4984 2953 4984 2953 4985 2717 4985 2951 4985 2951 4986 2717 4986 2727 4986 2951 4987 2727 4987 2726 4987 2725 4988 2949 4988 2726 4988 2726 4989 2949 4989 2950 4989 2726 4990 2950 4990 2951 4990 2722 4991 2939 4991 2723 4991 2723 4992 2939 4992 2948 4992 2723 4993 2948 4993 2724 4993 2724 4994 2948 4994 2725 4994 3118 4995 2711 4995 3203 4995 3203 4996 2711 4996 2715 4996 3203 4997 2715 4997 3204 4997 3204 4998 2715 4998 2714 4998 3204 4999 2714 4999 3205 4999 3205 5000 2714 5000 2718 5000 3205 5001 2718 5001 3206 5001 3206 5002 2718 5002 2957 5002 3206 5003 2957 5003 3207 5003 3207 5004 2957 5004 3201 5004 3127 4590 2698 4590 3208 4590 3208 4590 2698 4590 2708 4590 3208 4590 2708 4590 3209 4590 3209 5005 2708 5005 3041 5005 3209 5006 3041 5006 3210 5006 3210 5007 3041 5007 3040 5007 3210 5008 3040 5008 3211 5008 3211 5009 3040 5009 2448 5009 2804 4590 3131 4590 2451 4590 2451 4590 3131 4590 3212 4590 2451 5010 3212 5010 2449 5010 2449 5011 3212 5011 3213 5011 2449 5012 3213 5012 2448 5012 2448 5013 3213 5013 3214 5013 2448 5014 3214 5014 3211 5014 3215 5015 3208 5015 3216 5015 3216 5016 3208 5016 3209 5016 3216 5017 3209 5017 3217 5017 3217 5018 3209 5018 3210 5018 3217 5018 3210 5018 3218 5018 3218 5019 3210 5019 3211 5019 3218 5019 3211 5019 3219 5019 3219 5020 3211 5020 3214 5020 3219 5020 3214 5020 3220 5020 3220 5021 3214 5021 3213 5021 3220 5021 3213 5021 3221 5021 3221 5022 3213 5022 3212 5022 3221 5023 3212 5023 3222 5023 3222 5024 3212 5024 3131 5024 3222 5025 3131 5025 3223 5025 3130 5026 3129 5026 3224 5026 3224 5027 3129 5027 3128 5027 3224 5028 3128 5028 3215 5028 3215 5029 3128 5029 3127 5029 3215 5030 3127 5030 3208 5030 3130 5031 3224 5031 3136 5031 3136 5032 3224 5032 3225 5032 3136 5033 3225 5033 3135 5033 3135 5034 3225 5034 3134 5034 3134 5035 3225 5035 3226 5035 3134 5036 3226 5036 3133 5036 3223 5037 3131 5037 3226 5037 3226 5038 3131 5038 3132 5038 3226 5039 3132 5039 3133 5039 2902 5040 2903 5040 2781 5040 3227 5041 3228 5041 2909 5041 2914 5042 3073 5042 2911 5042 2911 5043 3073 5043 3229 5043 2911 5044 3229 5044 2912 5044 2912 5045 3229 5045 3227 5045 2912 5046 3227 5046 2908 5046 2908 5047 3227 5047 2909 5047 2909 5048 2774 5048 2910 5048 2910 5049 2774 5049 2773 5049 2910 5050 2773 5050 2906 5050 2906 5051 2773 5051 2905 5051 2905 5052 2773 5052 2783 5052 2905 5053 2783 5053 2782 5053 2781 5054 2903 5054 2782 5054 2782 5055 2903 5055 2904 5055 2782 5056 2904 5056 2905 5056 2778 5057 2893 5057 2779 5057 2779 5058 2893 5058 2902 5058 2779 5059 2902 5059 2780 5059 2780 5060 2902 5060 2781 5060 3070 5061 2760 5061 3230 5061 3230 5062 2760 5062 2758 5062 3230 5063 2758 5063 3231 5063 3231 5064 2758 5064 2757 5064 3231 5065 2757 5065 3232 5065 3232 5066 2757 5066 2774 5066 3232 5067 2774 5067 3233 5067 3233 5068 2774 5068 2909 5068 3233 5069 2909 5069 3234 5069 3234 5070 2909 5070 3228 5070 3108 4831 2744 4831 3235 4831 3235 4831 2744 4831 2754 4831 3235 4831 2754 4831 3236 4831 3236 5071 2754 5071 3069 5071 3236 5072 3069 5072 3237 5072 3237 5073 3069 5073 3068 5073 3237 5074 3068 5074 3238 5074 3238 5075 3068 5075 2616 5075 2921 4831 3112 4831 2619 4831 2619 4831 3112 4831 3239 4831 2619 5076 3239 5076 2617 5076 2617 5077 3239 5077 3240 5077 2617 5078 3240 5078 2616 5078 2616 5079 3240 5079 3241 5079 2616 5080 3241 5080 3238 5080 3242 5081 3235 5081 3243 5081 3243 5082 3235 5082 3236 5082 3243 5083 3236 5083 3244 5083 3244 5084 3236 5084 3237 5084 3244 5084 3237 5084 3245 5084 3245 5085 3237 5085 3238 5085 3245 5085 3238 5085 3246 5085 3246 5086 3238 5086 3241 5086 3246 5086 3241 5086 3247 5086 3247 5087 3241 5087 3240 5087 3247 5087 3240 5087 3248 5087 3248 5088 3240 5088 3239 5088 3248 5089 3239 5089 3249 5089 3249 5090 3239 5090 3112 5090 3249 5091 3112 5091 3250 5091 3111 5092 3110 5092 3251 5092 3251 5093 3110 5093 3109 5093 3251 5094 3109 5094 3242 5094 3242 5095 3109 5095 3108 5095 3242 5096 3108 5096 3235 5096 3111 5097 3251 5097 3117 5097 3117 5098 3251 5098 3252 5098 3117 5099 3252 5099 3116 5099 3116 5100 3252 5100 3115 5100 3115 5101 3252 5101 3253 5101 3115 5102 3253 5102 3114 5102 3250 5103 3112 5103 3253 5103 3253 5104 3112 5104 3113 5104 3253 5105 3113 5105 3114 5105 3254 5106 3255 5106 3089 5106 3089 5107 3255 5107 3148 5107 3148 5108 3255 5108 3256 5108 3148 5109 3256 5109 3146 5109 3257 5110 3153 5110 3256 5110 3256 5111 3153 5111 3147 5111 3256 5112 3147 5112 3146 5112 3258 5113 3151 5113 3257 5113 3257 5114 3151 5114 3152 5114 3257 5115 3152 5115 3153 5115 3094 5116 3149 5116 3258 5116 3258 5117 3149 5117 3150 5117 3258 5118 3150 5118 3151 5118 3089 5119 3090 5119 3254 5119 3254 5120 3090 5120 3091 5120 3254 5121 3091 5121 3259 5121 3259 4889 3091 4889 3092 4889 3259 4889 3092 4889 3260 4889 3260 4888 3092 4888 3093 4888 3260 4888 3093 4888 3261 4888 3261 4887 3093 4887 3097 4887 3261 4887 3097 4887 3262 4887 3262 4886 3097 4886 3096 4886 3262 4886 3096 4886 3263 4886 3263 5122 3096 5122 3095 5122 3263 5123 3095 5123 3264 5123 3264 5124 3095 5124 3094 5124 3264 5125 3094 5125 3265 5125 3265 5126 3094 5126 3258 5126 3266 5127 3267 5127 3268 5127 3267 5128 3269 5128 3268 5128 3268 5129 3269 5129 3270 5129 3268 5130 3270 5130 3271 5130 3270 5131 3272 5131 3271 5131 3271 5132 3272 5132 3273 5132 3271 5133 3273 5133 3274 5133 3273 5134 3275 5134 3274 5134 3274 5135 3275 5135 3276 5135 3274 5136 3276 5136 3277 5136 3277 5137 3276 5137 3278 5137 3277 5138 3278 5138 3279 5138 3279 5139 3278 5139 3280 5139 3279 5140 3280 5140 3281 5140 3281 5141 3280 5141 3282 5141 3282 5142 3283 5142 3281 5142 3281 5143 3283 5143 3284 5143 3281 5144 3284 5144 3285 5144 3284 5145 3286 5145 3285 5145 3285 5146 3286 5146 3287 5146 3285 5147 3287 5147 3288 5147 3287 5148 3289 5148 3288 5148 3288 5149 3289 5149 3290 5149 3288 5150 3290 5150 3291 5150 3291 5151 3290 5151 3292 5151 3290 5152 3293 5152 3292 5152 3292 5153 3293 5153 3294 5153 3292 5154 3294 5154 3295 5154 3295 5155 3294 5155 3296 5155 3296 5156 3297 5156 3295 5156 3295 5157 3297 5157 3298 5157 3295 5158 3298 5158 3299 5158 3298 5159 3300 5159 3299 5159 3299 5160 3300 5160 3301 5160 3299 5161 3301 5161 3302 5161 3302 5162 3301 5162 3303 5162 3302 5163 3303 5163 3304 5163 3304 5164 3303 5164 3305 5164 3304 5165 3305 5165 3306 5165 3306 5166 3305 5166 3307 5166 3308 5167 3309 5167 3310 5167 3310 5168 3309 5168 3306 5168 3310 5169 3306 5169 3311 5169 3311 5170 3306 5170 3307 5170 3312 5171 3313 5171 3314 5171 3314 5172 3313 5172 3315 5172 3314 5173 3315 5173 3316 5173 3316 5174 3315 5174 3317 5174 3316 5175 3317 5175 3318 5175 3318 5176 3317 5176 3319 5176 3318 5177 3319 5177 3320 5177 3320 5178 3319 5178 3321 5178 3321 5179 3322 5179 3320 5179 3320 5180 3322 5180 3323 5180 3320 5181 3323 5181 3324 5181 3268 5182 3325 5182 3266 5182 3266 5183 3325 5183 3326 5183 3266 5184 3326 5184 3327 5184 3327 5185 3326 5185 3324 5185 3327 5186 3324 5186 3328 5186 3328 5187 3324 5187 3323 5187 3309 5188 3329 5188 3330 5188 3309 5189 3330 5189 3306 5189 3306 5190 3330 5190 3331 5190 3306 5191 3331 5191 3304 5191 3304 5192 3331 5192 3332 5192 3304 5193 3332 5193 3302 5193 3302 5194 3332 5194 3333 5194 3302 5195 3333 5195 3299 5195 3299 5196 3333 5196 3334 5196 3299 5197 3334 5197 3295 5197 3295 5198 3334 5198 3335 5198 3295 5199 3335 5199 3292 5199 3292 5200 3335 5200 3336 5200 3292 5201 3336 5201 3291 5201 3291 5202 3336 5202 3337 5202 3291 5203 3337 5203 3288 5203 3288 5204 3337 5204 3338 5204 3288 5205 3338 5205 3285 5205 3285 5206 3338 5206 3339 5206 3285 5207 3339 5207 3281 5207 3281 5208 3339 5208 3340 5208 3281 5209 3340 5209 3279 5209 3279 5210 3340 5210 3341 5210 3279 5211 3341 5211 3277 5211 3277 5212 3341 5212 3342 5212 3277 5213 3342 5213 3274 5213 3274 5214 3342 5214 3343 5214 3274 5215 3343 5215 3271 5215 3271 5216 3343 5216 3344 5216 3271 5217 3344 5217 3268 5217 3268 5218 3344 5218 3345 5218 3268 5219 3345 5219 3325 5219 3325 5220 3345 5220 3346 5220 3325 5221 3346 5221 3326 5221 3326 5222 3346 5222 3347 5222 3326 5223 3347 5223 3324 5223 3324 5224 3347 5224 3348 5224 3324 5225 3348 5225 3320 5225 3320 5226 3348 5226 3349 5226 3320 5227 3349 5227 3318 5227 3318 5228 3349 5228 3350 5228 3318 5229 3350 5229 3316 5229 3316 5230 3350 5230 3351 5230 3316 5231 3351 5231 3314 5231 3352 5232 3353 5232 3329 5232 3353 5233 3354 5233 3329 5233 3329 5234 3354 5234 3355 5234 3329 5235 3355 5235 3330 5235 3330 5236 3355 5236 3356 5236 3330 5237 3356 5237 3331 5237 3331 5238 3356 5238 3357 5238 3331 5239 3357 5239 3332 5239 3332 5240 3357 5240 3358 5240 3332 5241 3358 5241 3333 5241 3333 5242 3358 5242 3359 5242 3333 5243 3359 5243 3334 5243 3334 5244 3359 5244 3360 5244 3334 5245 3360 5245 3335 5245 3335 5246 3360 5246 3361 5246 3335 5247 3361 5247 3336 5247 3336 5248 3361 5248 3362 5248 3336 5249 3362 5249 3337 5249 3337 5250 3362 5250 3363 5250 3337 5251 3363 5251 3338 5251 3338 5252 3363 5252 3364 5252 3338 5253 3364 5253 3339 5253 3339 5254 3364 5254 3365 5254 3339 5255 3365 5255 3340 5255 3340 5256 3365 5256 3366 5256 3340 5257 3366 5257 3341 5257 3341 5258 3366 5258 3367 5258 3341 5259 3367 5259 3342 5259 3342 5260 3367 5260 3368 5260 3342 5261 3368 5261 3343 5261 3343 5262 3368 5262 3369 5262 3343 5263 3369 5263 3344 5263 3344 5264 3369 5264 3370 5264 3344 5265 3370 5265 3345 5265 3345 5266 3370 5266 3371 5266 3345 5267 3371 5267 3346 5267 3346 5268 3371 5268 3372 5268 3346 5269 3372 5269 3347 5269 3347 5270 3372 5270 3373 5270 3347 5271 3373 5271 3348 5271 3348 5272 3373 5272 3374 5272 3348 5273 3374 5273 3349 5273 3349 5274 3374 5274 3375 5274 3349 5275 3375 5275 3350 5275 3350 5276 3375 5276 3352 5276 3350 5277 3352 5277 3351 5277 3351 5278 3352 5278 3329 5278 3351 5279 3329 5279 3314 5279 3314 5280 3329 5280 3309 5280 3314 5281 3309 5281 3312 5281 3312 5282 3309 5282 3308 5282 3376 5283 3377 5283 3378 5283 3378 5284 3377 5284 3379 5284 3378 5285 3379 5285 3380 5285 3380 5286 3379 5286 3381 5286 3380 5287 3381 5287 3382 5287 3382 5288 3381 5288 3383 5288 3382 5289 3383 5289 3384 5289 3384 5290 3383 5290 3385 5290 3384 5291 3385 5291 3386 5291 3386 5292 3385 5292 3387 5292 3386 5293 3387 5293 3388 5293 3388 5294 3387 5294 3389 5294 3388 5295 3389 5295 3390 5295 3390 5296 3389 5296 3391 5296 3390 5297 3391 5297 3392 5297 3392 5298 3391 5298 3393 5298 3392 5299 3393 5299 3394 5299 3394 5300 3393 5300 3395 5300 3394 5301 3395 5301 3396 5301 3396 5302 3395 5302 3397 5302 3396 5303 3397 5303 3398 5303 3398 5304 3397 5304 3399 5304 3398 5305 3399 5305 3400 5305 3400 5306 3399 5306 3401 5306 3400 5307 3401 5307 3402 5307 3402 5308 3401 5308 3403 5308 3402 5309 3403 5309 3404 5309 3404 5310 3403 5310 3405 5310 3404 5311 3405 5311 3406 5311 3406 5312 3405 5312 3407 5312 3406 5313 3407 5313 3408 5313 3408 5314 3407 5314 3409 5314 3408 5315 3409 5315 3410 5315 3410 5316 3409 5316 3411 5316 3410 5317 3411 5317 3412 5317 3412 5318 3411 5318 3413 5318 3412 5319 3413 5319 3414 5319 3414 5320 3413 5320 3415 5320 3414 5321 3415 5321 3416 5321 3416 5322 3415 5322 3417 5322 3416 5323 3417 5323 3418 5323 3418 5324 3417 5324 3419 5324 3418 5325 3419 5325 3420 5325 3420 5326 3419 5326 3421 5326 3420 5327 3421 5327 3422 5327 3422 5328 3421 5328 3376 5328 3422 5329 3376 5329 3378 5329 3388 5330 3423 5330 3386 5330 3386 5331 3423 5331 3424 5331 3386 5332 3424 5332 3384 5332 3384 5333 3424 5333 3425 5333 3384 5334 3425 5334 3382 5334 3382 5335 3425 5335 3426 5335 3382 5336 3426 5336 3380 5336 3380 5337 3426 5337 3427 5337 3380 5338 3427 5338 3378 5338 3378 5339 3427 5339 3428 5339 3378 5340 3428 5340 3422 5340 3422 5341 3428 5341 3429 5341 3422 5342 3429 5342 3420 5342 3420 5343 3429 5343 3430 5343 3420 5344 3430 5344 3418 5344 3418 5345 3430 5345 3431 5345 3418 5346 3431 5346 3416 5346 3416 5347 3431 5347 3432 5347 3416 5348 3432 5348 3414 5348 3414 5349 3432 5349 3433 5349 3414 5350 3433 5350 3412 5350 3412 5351 3433 5351 3434 5351 3412 5352 3434 5352 3410 5352 3410 5353 3434 5353 3435 5353 3410 5354 3435 5354 3408 5354 3408 5355 3435 5355 3436 5355 3408 5356 3436 5356 3406 5356 3406 5357 3436 5357 3437 5357 3406 5358 3437 5358 3404 5358 3404 5359 3437 5359 3438 5359 3404 5360 3438 5360 3402 5360 3402 5361 3438 5361 3439 5361 3402 5362 3439 5362 3400 5362 3400 5363 3439 5363 3440 5363 3400 5364 3440 5364 3398 5364 3398 5365 3440 5365 3441 5365 3398 5366 3441 5366 3396 5366 3396 5367 3441 5367 3442 5367 3396 5368 3442 5368 3394 5368 3394 5369 3442 5369 3443 5369 3394 5370 3443 5370 3392 5370 3392 5371 3443 5371 3444 5371 3392 5372 3444 5372 3390 5372 3390 5373 3444 5373 3445 5373 3390 5374 3445 5374 3388 5374 3388 5375 3445 5375 3423 5375 3446 5376 3443 5376 3447 5376 3447 5377 3443 5377 3442 5377 3447 5378 3442 5378 3448 5378 3448 5379 3442 5379 3441 5379 3448 5380 3441 5380 3449 5380 3449 5381 3441 5381 3440 5381 3449 5382 3440 5382 3450 5382 3450 5383 3440 5383 3439 5383 3450 5384 3439 5384 3451 5384 3451 5385 3439 5385 3438 5385 3451 5386 3438 5386 3452 5386 3452 5387 3438 5387 3453 5387 3453 5388 3438 5388 3454 5388 3454 5389 3438 5389 3437 5389 3454 5390 3437 5390 3455 5390 3455 5391 3437 5391 3436 5391 3455 5392 3436 5392 3456 5392 3456 5393 3436 5393 3435 5393 3456 5394 3435 5394 3457 5394 3457 5395 3435 5395 3434 5395 3457 5396 3434 5396 3458 5396 3459 5397 3460 5397 3429 5397 3429 5398 3460 5398 3461 5398 3429 5399 3461 5399 3430 5399 3430 5400 3461 5400 3462 5400 3430 5401 3462 5401 3431 5401 3431 5402 3462 5402 3463 5402 3431 5403 3463 5403 3432 5403 3432 5404 3463 5404 3464 5404 3432 5405 3464 5405 3433 5405 3433 5406 3464 5406 3465 5406 3433 5407 3465 5407 3434 5407 3434 5408 3465 5408 3466 5408 3434 5409 3466 5409 3458 5409 3459 5410 3429 5410 3467 5410 3467 5411 3429 5411 3428 5411 3467 5412 3428 5412 3468 5412 3468 5413 3428 5413 3427 5413 3468 5414 3427 5414 3469 5414 3469 5415 3427 5415 3426 5415 3469 5416 3426 5416 3470 5416 3470 5417 3426 5417 3425 5417 3470 5418 3425 5418 3471 5418 3471 5419 3425 5419 3424 5419 3471 5420 3424 5420 3472 5420 3446 5421 3473 5421 3443 5421 3443 5422 3473 5422 3474 5422 3443 5423 3474 5423 3444 5423 3444 5424 3474 5424 3475 5424 3444 5425 3475 5425 3445 5425 3445 5426 3475 5426 3476 5426 3445 5427 3476 5427 3423 5427 3423 5428 3476 5428 3477 5428 3423 5429 3477 5429 3424 5429 3424 5430 3477 5430 3478 5430 3424 5431 3478 5431 3472 5431 3294 5432 3293 5432 3479 5432 3480 5433 3481 5433 3482 5433 3452 5434 3453 5434 3483 5434 3472 5435 3478 5435 3484 5435 3485 5436 3462 5436 3461 5436 3486 5437 3463 5437 3462 5437 3487 5438 3464 5438 3463 5438 3488 5439 3465 5439 3464 5439 3482 5440 3466 5440 3465 5440 3472 5441 3484 5441 3471 5441 3452 5442 3483 5442 3451 5442 3466 5443 3482 5443 3458 5443 3458 5444 3482 5444 3481 5444 3458 5445 3481 5445 3457 5445 3456 5446 3457 5446 3489 5446 3489 5447 3457 5447 3481 5447 3489 5448 3481 5448 3490 5448 3490 5449 3481 5449 3480 5449 3490 5450 3480 5450 3491 5450 3455 5451 3456 5451 3492 5451 3492 5452 3456 5452 3489 5452 3492 5453 3489 5453 3493 5453 3493 5454 3489 5454 3490 5454 3493 5455 3490 5455 3494 5455 3494 5456 3490 5456 3491 5456 3494 5457 3491 5457 3495 5457 3454 5458 3455 5458 3496 5458 3496 5459 3455 5459 3492 5459 3496 5460 3492 5460 3497 5460 3497 5461 3492 5461 3493 5461 3497 5462 3493 5462 3498 5462 3498 5463 3493 5463 3494 5463 3498 5464 3494 5464 3499 5464 3499 5464 3494 5464 3495 5464 3499 5465 3495 5465 3500 5465 3453 5466 3454 5466 3483 5466 3483 5467 3454 5467 3496 5467 3483 5468 3496 5468 3501 5468 3501 5469 3496 5469 3497 5469 3501 5470 3497 5470 3502 5470 3502 5471 3497 5471 3498 5471 3502 5472 3498 5472 3503 5472 3503 5472 3498 5472 3499 5472 3503 5473 3499 5473 3504 5473 3504 5474 3499 5474 3500 5474 3504 5475 3500 5475 3505 5475 3506 5476 3507 5476 3508 5476 3509 5477 3507 5477 3510 5477 3510 5478 3507 5478 3506 5478 3510 5479 3506 5479 3511 5479 3512 5480 3509 5480 3513 5480 3513 5481 3509 5481 3510 5481 3513 5482 3510 5482 3514 5482 3514 5483 3510 5483 3511 5483 3514 5484 3511 5484 3515 5484 3516 5485 3512 5485 3517 5485 3517 5486 3512 5486 3513 5486 3517 5487 3513 5487 3518 5487 3518 5488 3513 5488 3514 5488 3518 5489 3514 5489 3519 5489 3519 5489 3514 5489 3515 5489 3519 5490 3515 5490 3520 5490 3521 5491 3522 5491 3523 5491 3523 5492 3522 5492 3524 5492 3523 5493 3524 5493 3525 5493 3525 5494 3524 5494 3526 5494 3525 5495 3526 5495 3527 5495 3527 5495 3526 5495 3528 5495 3527 5496 3528 5496 3529 5496 3529 5497 3528 5497 3530 5497 3529 5498 3530 5498 3531 5498 3531 5499 3530 5499 3532 5499 3522 5500 3533 5500 3524 5500 3524 5501 3533 5501 3534 5501 3524 5502 3534 5502 3526 5502 3526 5503 3534 5503 3535 5503 3526 5504 3535 5504 3528 5504 3528 5504 3535 5504 3536 5504 3528 5505 3536 5505 3530 5505 3530 5506 3536 5506 3537 5506 3530 5507 3537 5507 3532 5507 3532 5508 3537 5508 3538 5508 3533 5509 3539 5509 3534 5509 3534 5510 3539 5510 3540 5510 3534 5511 3540 5511 3535 5511 3535 5512 3540 5512 3541 5512 3535 5513 3541 5513 3536 5513 3536 5513 3541 5513 3542 5513 3536 5514 3542 5514 3537 5514 3537 5515 3542 5515 3543 5515 3537 5516 3543 5516 3538 5516 3538 5517 3543 5517 3544 5517 3478 5518 3477 5518 3484 5518 3484 5519 3477 5519 3545 5519 3484 5520 3545 5520 3546 5520 3546 5521 3545 5521 3547 5521 3546 5522 3547 5522 3548 5522 3548 5523 3547 5523 3549 5523 3548 5524 3549 5524 3550 5524 3550 5524 3549 5524 3551 5524 3550 5525 3551 5525 3552 5525 3552 5526 3551 5526 3553 5526 3552 5527 3553 5527 3554 5527 3554 5528 3553 5528 3555 5528 3477 5529 3476 5529 3545 5529 3545 5530 3476 5530 3556 5530 3545 5531 3556 5531 3547 5531 3547 5532 3556 5532 3557 5532 3547 5533 3557 5533 3549 5533 3549 5534 3557 5534 3558 5534 3549 5535 3558 5535 3551 5535 3551 5535 3558 5535 3559 5535 3551 5536 3559 5536 3553 5536 3553 5537 3559 5537 3560 5537 3553 5538 3560 5538 3555 5538 3555 5539 3560 5539 3561 5539 3476 5540 3475 5540 3556 5540 3556 5541 3475 5541 3562 5541 3556 5542 3562 5542 3557 5542 3557 5543 3562 5543 3563 5543 3557 5544 3563 5544 3558 5544 3558 5545 3563 5545 3564 5545 3558 5546 3564 5546 3559 5546 3559 5546 3564 5546 3565 5546 3559 5547 3565 5547 3560 5547 3560 5548 3565 5548 3566 5548 3560 5549 3566 5549 3561 5549 3561 5550 3566 5550 3567 5550 3475 5551 3474 5551 3562 5551 3562 5552 3474 5552 3568 5552 3562 5553 3568 5553 3563 5553 3563 5554 3568 5554 3569 5554 3563 5555 3569 5555 3564 5555 3564 5556 3569 5556 3570 5556 3564 5557 3570 5557 3565 5557 3565 5557 3570 5557 3571 5557 3565 5558 3571 5558 3566 5558 3566 5559 3571 5559 3572 5559 3566 5560 3572 5560 3567 5560 3567 5561 3572 5561 3573 5561 3574 5562 3575 5562 3576 5562 3576 5563 3575 5563 3577 5563 3576 5564 3577 5564 3578 5564 3578 5565 3577 5565 3579 5565 3578 5566 3579 5566 3580 5566 3580 5566 3579 5566 3581 5566 3580 5567 3581 5567 3582 5567 3582 5568 3581 5568 3583 5568 3582 5569 3583 5569 3584 5569 3584 5570 3583 5570 3585 5570 3575 5571 3586 5571 3577 5571 3577 5572 3586 5572 3587 5572 3577 5573 3587 5573 3579 5573 3579 5574 3587 5574 3588 5574 3579 5575 3588 5575 3581 5575 3581 5575 3588 5575 3589 5575 3581 5576 3589 5576 3583 5576 3583 5577 3589 5577 3590 5577 3583 5578 3590 5578 3585 5578 3585 5579 3590 5579 3591 5579 3586 5580 3592 5580 3587 5580 3587 5581 3592 5581 3593 5581 3587 5582 3593 5582 3588 5582 3588 5583 3593 5583 3594 5583 3588 5584 3594 5584 3589 5584 3589 5584 3594 5584 3595 5584 3589 5585 3595 5585 3590 5585 3590 5586 3595 5586 3596 5586 3590 5587 3596 5587 3591 5587 3591 5588 3596 5588 3597 5588 3598 5589 3520 5589 3599 5589 3599 5590 3520 5590 3515 5590 3599 5591 3515 5591 3600 5591 3600 5484 3515 5484 3511 5484 3600 5592 3511 5592 3601 5592 3601 5593 3511 5593 3506 5593 3601 5594 3506 5594 3602 5594 3602 5595 3506 5595 3508 5595 3602 5596 3508 5596 3603 5596 3603 5597 3508 5597 3297 5597 3603 5598 3297 5598 3296 5598 3512 5599 3303 5599 3509 5599 3509 5600 3303 5600 3301 5600 3509 5601 3301 5601 3507 5601 3507 5602 3301 5602 3300 5602 3507 5603 3300 5603 3508 5603 3508 5604 3300 5604 3298 5604 3508 5605 3298 5605 3297 5605 3308 5606 3310 5606 3604 5606 3604 5607 3310 5607 3516 5607 3604 5608 3516 5608 3605 5608 3605 5609 3516 5609 3517 5609 3605 5610 3517 5610 3606 5610 3606 5611 3517 5611 3518 5611 3606 5612 3518 5612 3607 5612 3607 5612 3518 5612 3519 5612 3607 5613 3519 5613 3608 5613 3608 5614 3519 5614 3520 5614 3608 5615 3520 5615 3609 5615 3609 5616 3520 5616 3598 5616 3609 5617 3598 5617 3460 5617 3460 5618 3598 5618 3461 5618 3310 5619 3311 5619 3516 5619 3516 5620 3311 5620 3307 5620 3516 5621 3307 5621 3512 5621 3512 5622 3307 5622 3305 5622 3512 5623 3305 5623 3303 5623 3609 5624 3521 5624 3608 5624 3608 5625 3521 5625 3523 5625 3608 5626 3523 5626 3607 5626 3607 5627 3523 5627 3525 5627 3607 5628 3525 5628 3606 5628 3606 5628 3525 5628 3527 5628 3606 5629 3527 5629 3605 5629 3605 5630 3527 5630 3529 5630 3605 5631 3529 5631 3604 5631 3604 5632 3529 5632 3531 5632 3604 5633 3531 5633 3308 5633 3322 5634 3321 5634 3610 5634 3610 5635 3321 5635 3544 5635 3610 5636 3544 5636 3611 5636 3611 5637 3544 5637 3543 5637 3611 5638 3543 5638 3612 5638 3612 5639 3543 5639 3542 5639 3612 5640 3542 5640 3613 5640 3613 5640 3542 5640 3541 5640 3613 5641 3541 5641 3614 5641 3614 5642 3541 5642 3540 5642 3614 5643 3540 5643 3615 5643 3615 5644 3540 5644 3539 5644 3321 5645 3319 5645 3544 5645 3544 5646 3319 5646 3317 5646 3544 5647 3317 5647 3538 5647 3538 5648 3317 5648 3315 5648 3538 5649 3315 5649 3532 5649 3532 5650 3315 5650 3313 5650 3532 5651 3313 5651 3531 5651 3531 5652 3313 5652 3312 5652 3531 5653 3312 5653 3308 5653 3460 5654 3459 5654 3609 5654 3609 5655 3459 5655 3467 5655 3609 5656 3467 5656 3521 5656 3521 5657 3467 5657 3468 5657 3521 5658 3468 5658 3522 5658 3522 5659 3468 5659 3469 5659 3522 5660 3469 5660 3533 5660 3533 5661 3469 5661 3470 5661 3533 5662 3470 5662 3539 5662 3539 5663 3470 5663 3471 5663 3539 5664 3471 5664 3615 5664 3615 5665 3471 5665 3484 5665 3615 5666 3484 5666 3614 5666 3614 5667 3484 5667 3546 5667 3614 5668 3546 5668 3613 5668 3613 5669 3546 5669 3548 5669 3613 5670 3548 5670 3612 5670 3612 5670 3548 5670 3550 5670 3612 5671 3550 5671 3611 5671 3611 5672 3550 5672 3552 5672 3611 5673 3552 5673 3610 5673 3610 5674 3552 5674 3554 5674 3610 5675 3554 5675 3322 5675 3272 5676 3270 5676 3616 5676 3616 5677 3270 5677 3573 5677 3616 5678 3573 5678 3617 5678 3617 5679 3573 5679 3572 5679 3617 5680 3572 5680 3618 5680 3618 5681 3572 5681 3571 5681 3618 5682 3571 5682 3619 5682 3619 5682 3571 5682 3570 5682 3619 5683 3570 5683 3620 5683 3620 5684 3570 5684 3569 5684 3620 5685 3569 5685 3621 5685 3621 5686 3569 5686 3568 5686 3621 5687 3568 5687 3473 5687 3473 5688 3568 5688 3474 5688 3270 5689 3269 5689 3573 5689 3573 5690 3269 5690 3267 5690 3573 5691 3267 5691 3567 5691 3567 5692 3267 5692 3266 5692 3567 5693 3266 5693 3561 5693 3561 5694 3266 5694 3327 5694 3561 5695 3327 5695 3555 5695 3555 5696 3327 5696 3328 5696 3555 5697 3328 5697 3554 5697 3554 5698 3328 5698 3323 5698 3554 5699 3323 5699 3322 5699 3621 5700 3574 5700 3620 5700 3620 5701 3574 5701 3576 5701 3620 5702 3576 5702 3619 5702 3619 5703 3576 5703 3578 5703 3619 5704 3578 5704 3618 5704 3618 5704 3578 5704 3580 5704 3618 5705 3580 5705 3617 5705 3617 5706 3580 5706 3582 5706 3617 5707 3582 5707 3616 5707 3616 5708 3582 5708 3584 5708 3616 5709 3584 5709 3272 5709 3283 5710 3282 5710 3622 5710 3622 5711 3282 5711 3597 5711 3622 5712 3597 5712 3623 5712 3623 5713 3597 5713 3596 5713 3623 5714 3596 5714 3624 5714 3624 5715 3596 5715 3595 5715 3624 5716 3595 5716 3625 5716 3625 5716 3595 5716 3594 5716 3625 5717 3594 5717 3626 5717 3626 5718 3594 5718 3593 5718 3626 5719 3593 5719 3627 5719 3627 5720 3593 5720 3592 5720 3282 5721 3280 5721 3597 5721 3597 5722 3280 5722 3278 5722 3597 5723 3278 5723 3591 5723 3591 5724 3278 5724 3276 5724 3591 5725 3276 5725 3585 5725 3585 5726 3276 5726 3275 5726 3585 5727 3275 5727 3584 5727 3584 5728 3275 5728 3273 5728 3584 5729 3273 5729 3272 5729 3284 5730 3283 5730 3505 5730 3505 5731 3283 5731 3622 5731 3505 5732 3622 5732 3504 5732 3504 5733 3622 5733 3623 5733 3504 5734 3623 5734 3503 5734 3503 5735 3623 5735 3624 5735 3503 5736 3624 5736 3502 5736 3502 5736 3624 5736 3625 5736 3502 5737 3625 5737 3501 5737 3501 5738 3625 5738 3626 5738 3501 5739 3626 5739 3483 5739 3483 5740 3626 5740 3627 5740 3483 5741 3627 5741 3451 5741 3451 5742 3627 5742 3592 5742 3451 5743 3592 5743 3450 5743 3450 5744 3592 5744 3586 5744 3450 5745 3586 5745 3449 5745 3449 5746 3586 5746 3575 5746 3449 5747 3575 5747 3448 5747 3448 5748 3575 5748 3574 5748 3448 5749 3574 5749 3447 5749 3447 5750 3574 5750 3621 5750 3447 5751 3621 5751 3446 5751 3446 5752 3621 5752 3473 5752 3628 5753 3287 5753 3286 5753 3465 5754 3488 5754 3482 5754 3482 5755 3488 5755 3629 5755 3482 5756 3629 5756 3480 5756 3480 5757 3629 5757 3630 5757 3480 5758 3630 5758 3491 5758 3491 5759 3630 5759 3631 5759 3491 5457 3631 5457 3495 5457 3495 5760 3631 5760 3632 5760 3495 5761 3632 5761 3500 5761 3500 5762 3632 5762 3628 5762 3500 5763 3628 5763 3505 5763 3505 5764 3628 5764 3286 5764 3505 5765 3286 5765 3284 5765 3464 5766 3487 5766 3488 5766 3488 5767 3487 5767 3633 5767 3488 5768 3633 5768 3629 5768 3629 5769 3633 5769 3634 5769 3629 5770 3634 5770 3630 5770 3630 5771 3634 5771 3635 5771 3630 5759 3635 5759 3631 5759 3631 5772 3635 5772 3636 5772 3631 5773 3636 5773 3632 5773 3632 5774 3636 5774 3637 5774 3632 5775 3637 5775 3628 5775 3628 5776 3637 5776 3289 5776 3628 5777 3289 5777 3287 5777 3463 5778 3486 5778 3487 5778 3487 5779 3486 5779 3638 5779 3487 5780 3638 5780 3633 5780 3633 5781 3638 5781 3639 5781 3633 5782 3639 5782 3634 5782 3634 5783 3639 5783 3640 5783 3634 5771 3640 5771 3635 5771 3635 5784 3640 5784 3641 5784 3635 5785 3641 5785 3636 5785 3636 5786 3641 5786 3642 5786 3636 5787 3642 5787 3637 5787 3637 5788 3642 5788 3290 5788 3637 5789 3290 5789 3289 5789 3462 5790 3485 5790 3486 5790 3486 5791 3485 5791 3643 5791 3486 5792 3643 5792 3638 5792 3638 5793 3643 5793 3644 5793 3638 5781 3644 5781 3639 5781 3639 5794 3644 5794 3645 5794 3639 5783 3645 5783 3640 5783 3640 5795 3645 5795 3646 5795 3640 5796 3646 5796 3641 5796 3641 5797 3646 5797 3479 5797 3641 5798 3479 5798 3642 5798 3642 5799 3479 5799 3293 5799 3642 5800 3293 5800 3290 5800 3461 5801 3598 5801 3485 5801 3485 5802 3598 5802 3599 5802 3485 5803 3599 5803 3643 5803 3643 5804 3599 5804 3600 5804 3643 5805 3600 5805 3644 5805 3644 5592 3600 5592 3601 5592 3644 5794 3601 5794 3645 5794 3645 5594 3601 5594 3602 5594 3645 5806 3602 5806 3646 5806 3646 5807 3602 5807 3603 5807 3646 5808 3603 5808 3479 5808 3479 5809 3603 5809 3296 5809 3479 5810 3296 5810 3294 5810 3257 5811 3353 5811 3352 5811 3366 5812 3261 5812 3262 5812 3263 5813 3368 5813 3262 5813 3262 5814 3368 5814 3367 5814 3262 5815 3367 5815 3366 5815 3264 5816 3370 5816 3263 5816 3263 5817 3370 5817 3369 5817 3263 5818 3369 5818 3368 5818 3257 5819 3352 5819 3258 5819 3259 5820 3360 5820 3254 5820 3254 5821 3360 5821 3359 5821 3254 5822 3359 5822 3255 5822 3260 5823 3362 5823 3259 5823 3259 5824 3362 5824 3361 5824 3259 5825 3361 5825 3360 5825 3366 5826 3365 5826 3261 5826 3261 5827 3365 5827 3364 5827 3261 5828 3364 5828 3260 5828 3260 5829 3364 5829 3363 5829 3260 5830 3363 5830 3362 5830 3265 5831 3372 5831 3264 5831 3264 5832 3372 5832 3371 5832 3264 5832 3371 5832 3370 5832 3352 5833 3375 5833 3258 5833 3258 5834 3375 5834 3374 5834 3258 5835 3374 5835 3265 5835 3265 5836 3374 5836 3373 5836 3265 5837 3373 5837 3372 5837 3256 5838 3355 5838 3257 5838 3257 5839 3355 5839 3354 5839 3257 4698 3354 4698 3353 4698 3359 5840 3358 5840 3255 5840 3255 4698 3358 4698 3357 4698 3255 4698 3357 4698 3256 4698 3256 4698 3357 4698 3356 4698 3256 5841 3356 5841 3355 5841 3162 5842 3163 5842 3389 5842 3164 5843 3393 5843 3163 5843 3163 5844 3393 5844 3391 5844 3163 5845 3391 5845 3389 5845 3165 5846 3397 5846 3164 5846 3164 5847 3397 5847 3395 5847 3164 5848 3395 5848 3393 5848 3169 5849 3411 5849 3168 5849 3168 5850 3411 5850 3409 5850 3168 5851 3409 5851 3167 5851 3376 5852 3171 5852 3377 5852 3377 5853 3171 5853 3170 5853 3161 5854 3381 5854 3170 5854 3170 5855 3381 5855 3379 5855 3170 5856 3379 5856 3377 5856 3389 5857 3387 5857 3162 5857 3162 5857 3387 5857 3385 5857 3162 5858 3385 5858 3161 5858 3161 5859 3385 5859 3383 5859 3161 5860 3383 5860 3381 5860 3166 5861 3401 5861 3165 5861 3165 5862 3401 5862 3399 5862 3165 5863 3399 5863 3397 5863 3172 4590 3415 4590 3169 4590 3169 4590 3415 4590 3413 4590 3169 5864 3413 5864 3411 5864 3409 5865 3407 5865 3167 5865 3167 5866 3407 5866 3405 5866 3167 5867 3405 5867 3166 5867 3166 5868 3405 5868 3403 5868 3166 5869 3403 5869 3401 5869 3376 4590 3421 4590 3171 4590 3171 5870 3421 5870 3419 5870 3171 5871 3419 5871 3172 5871 3172 5872 3419 5872 3417 5872 3172 4590 3417 4590 3415 4590 3647 5873 3648 5873 3137 5873 3137 5874 3648 5874 3182 5874 3182 5875 3648 5875 3649 5875 3182 5876 3649 5876 3180 5876 3650 5877 3187 5877 3649 5877 3649 5878 3187 5878 3181 5878 3649 5879 3181 5879 3180 5879 3651 5880 3185 5880 3650 5880 3650 5881 3185 5881 3186 5881 3650 5882 3186 5882 3187 5882 3142 5883 3183 5883 3651 5883 3651 5884 3183 5884 3184 5884 3651 5885 3184 5885 3185 5885 3137 5886 3138 5886 3647 5886 3647 5887 3138 5887 3139 5887 3647 5888 3139 5888 3652 5888 3652 4955 3139 4955 3140 4955 3652 4955 3140 4955 3653 4955 3653 4954 3140 4954 3141 4954 3653 4954 3141 4954 3654 4954 3654 4953 3141 4953 3145 4953 3654 4953 3145 4953 3655 4953 3655 4952 3145 4952 3144 4952 3655 4952 3144 4952 3656 4952 3656 5889 3144 5889 3143 5889 3656 5890 3143 5890 3657 5890 3657 5891 3143 5891 3142 5891 3657 5892 3142 5892 3658 5892 3658 5893 3142 5893 3651 5893 3659 5894 3660 5894 3661 5894 3660 5895 3662 5895 3661 5895 3661 5896 3662 5896 3663 5896 3661 5897 3663 5897 3664 5897 3663 5898 3665 5898 3664 5898 3664 5899 3665 5899 3666 5899 3664 5900 3666 5900 3667 5900 3666 5901 3668 5901 3667 5901 3667 5902 3668 5902 3669 5902 3667 5903 3669 5903 3670 5903 3670 5904 3669 5904 3671 5904 3670 5905 3671 5905 3672 5905 3672 5906 3671 5906 3673 5906 3672 5907 3673 5907 3674 5907 3674 5908 3673 5908 3675 5908 3675 5909 3676 5909 3674 5909 3674 5910 3676 5910 3677 5910 3674 5911 3677 5911 3678 5911 3677 5912 3679 5912 3678 5912 3678 5913 3679 5913 3680 5913 3678 5914 3680 5914 3681 5914 3680 5915 3682 5915 3681 5915 3681 5916 3682 5916 3683 5916 3681 5917 3683 5917 3684 5917 3684 5918 3683 5918 3685 5918 3683 5919 3686 5919 3685 5919 3685 5920 3686 5920 3687 5920 3685 5921 3687 5921 3688 5921 3688 5922 3687 5922 3689 5922 3689 5923 3690 5923 3688 5923 3688 5924 3690 5924 3691 5924 3688 5925 3691 5925 3692 5925 3691 5926 3693 5926 3692 5926 3692 5927 3693 5927 3694 5927 3692 5928 3694 5928 3695 5928 3695 5929 3694 5929 3696 5929 3695 5930 3696 5930 3697 5930 3697 5931 3696 5931 3698 5931 3697 5932 3698 5932 3699 5932 3699 5933 3698 5933 3700 5933 3701 5934 3702 5934 3703 5934 3703 5935 3702 5935 3699 5935 3703 5936 3699 5936 3704 5936 3704 5937 3699 5937 3700 5937 3705 5938 3706 5938 3707 5938 3707 5939 3706 5939 3708 5939 3707 5940 3708 5940 3709 5940 3709 5941 3708 5941 3710 5941 3709 5942 3710 5942 3711 5942 3711 5943 3710 5943 3712 5943 3711 5944 3712 5944 3713 5944 3713 5945 3712 5945 3714 5945 3714 5946 3715 5946 3713 5946 3713 5947 3715 5947 3716 5947 3713 5948 3716 5948 3717 5948 3661 5949 3718 5949 3659 5949 3659 5950 3718 5950 3719 5950 3659 5951 3719 5951 3720 5951 3720 5952 3719 5952 3717 5952 3720 5953 3717 5953 3721 5953 3721 5954 3717 5954 3716 5954 3702 5955 3722 5955 3723 5955 3702 5956 3723 5956 3699 5956 3699 5957 3723 5957 3724 5957 3699 5958 3724 5958 3697 5958 3697 5959 3724 5959 3725 5959 3697 5960 3725 5960 3695 5960 3695 5961 3725 5961 3726 5961 3695 5962 3726 5962 3692 5962 3692 5963 3726 5963 3727 5963 3692 5964 3727 5964 3688 5964 3688 5965 3727 5965 3728 5965 3688 5966 3728 5966 3685 5966 3685 5967 3728 5967 3729 5967 3685 5968 3729 5968 3684 5968 3684 5969 3729 5969 3730 5969 3684 5970 3730 5970 3681 5970 3681 5971 3730 5971 3731 5971 3681 5972 3731 5972 3678 5972 3678 5973 3731 5973 3732 5973 3678 5974 3732 5974 3674 5974 3674 5975 3732 5975 3733 5975 3674 5976 3733 5976 3672 5976 3672 5977 3733 5977 3734 5977 3672 5978 3734 5978 3670 5978 3670 5979 3734 5979 3735 5979 3670 5980 3735 5980 3667 5980 3667 5981 3735 5981 3736 5981 3667 5982 3736 5982 3664 5982 3664 5983 3736 5983 3737 5983 3664 5984 3737 5984 3661 5984 3661 5985 3737 5985 3738 5985 3661 5986 3738 5986 3718 5986 3718 5987 3738 5987 3739 5987 3718 5988 3739 5988 3719 5988 3719 5989 3739 5989 3740 5989 3719 5990 3740 5990 3717 5990 3717 5991 3740 5991 3741 5991 3717 5992 3741 5992 3713 5992 3713 5993 3741 5993 3742 5993 3713 5994 3742 5994 3711 5994 3711 5995 3742 5995 3743 5995 3711 5996 3743 5996 3709 5996 3709 5997 3743 5997 3744 5997 3709 5998 3744 5998 3707 5998 3745 5999 3746 5999 3722 5999 3746 6000 3747 6000 3722 6000 3722 6001 3747 6001 3748 6001 3722 6002 3748 6002 3723 6002 3723 6003 3748 6003 3749 6003 3723 6004 3749 6004 3724 6004 3724 6005 3749 6005 3750 6005 3724 6006 3750 6006 3725 6006 3725 6007 3750 6007 3751 6007 3725 6008 3751 6008 3726 6008 3726 6009 3751 6009 3752 6009 3726 6010 3752 6010 3727 6010 3727 6011 3752 6011 3753 6011 3727 6012 3753 6012 3728 6012 3728 6013 3753 6013 3754 6013 3728 6014 3754 6014 3729 6014 3729 6015 3754 6015 3755 6015 3729 6016 3755 6016 3730 6016 3730 6017 3755 6017 3756 6017 3730 6018 3756 6018 3731 6018 3731 6019 3756 6019 3757 6019 3731 6020 3757 6020 3732 6020 3732 6021 3757 6021 3758 6021 3732 6022 3758 6022 3733 6022 3733 6023 3758 6023 3759 6023 3733 6024 3759 6024 3734 6024 3734 6025 3759 6025 3760 6025 3734 6026 3760 6026 3735 6026 3735 6027 3760 6027 3761 6027 3735 6028 3761 6028 3736 6028 3736 6029 3761 6029 3762 6029 3736 6030 3762 6030 3737 6030 3737 6031 3762 6031 3763 6031 3737 6032 3763 6032 3738 6032 3738 6033 3763 6033 3764 6033 3738 6034 3764 6034 3739 6034 3739 6035 3764 6035 3765 6035 3739 6036 3765 6036 3740 6036 3740 6037 3765 6037 3766 6037 3740 6038 3766 6038 3741 6038 3741 6039 3766 6039 3767 6039 3741 6040 3767 6040 3742 6040 3742 6041 3767 6041 3768 6041 3742 6042 3768 6042 3743 6042 3743 6043 3768 6043 3745 6043 3743 6044 3745 6044 3744 6044 3744 6045 3745 6045 3722 6045 3744 6046 3722 6046 3707 6046 3707 6047 3722 6047 3702 6047 3707 6048 3702 6048 3705 6048 3705 6049 3702 6049 3701 6049 3769 6050 3770 6050 3771 6050 3771 6051 3770 6051 3772 6051 3771 6052 3772 6052 3773 6052 3773 6053 3772 6053 3774 6053 3773 6054 3774 6054 3775 6054 3775 6055 3774 6055 3776 6055 3775 6056 3776 6056 3777 6056 3777 6057 3776 6057 3778 6057 3777 6058 3778 6058 3779 6058 3779 6059 3778 6059 3780 6059 3779 6060 3780 6060 3781 6060 3781 6061 3780 6061 3782 6061 3781 6062 3782 6062 3783 6062 3783 6063 3782 6063 3784 6063 3783 6064 3784 6064 3785 6064 3785 6065 3784 6065 3786 6065 3785 6066 3786 6066 3787 6066 3787 6067 3786 6067 3788 6067 3787 6068 3788 6068 3789 6068 3789 6069 3788 6069 3790 6069 3789 6070 3790 6070 3791 6070 3791 6071 3790 6071 3792 6071 3791 6072 3792 6072 3793 6072 3793 6073 3792 6073 3794 6073 3793 6074 3794 6074 3795 6074 3795 6075 3794 6075 3796 6075 3795 6076 3796 6076 3797 6076 3797 6077 3796 6077 3798 6077 3797 6078 3798 6078 3799 6078 3799 6079 3798 6079 3800 6079 3799 6080 3800 6080 3801 6080 3801 6081 3800 6081 3802 6081 3801 6082 3802 6082 3803 6082 3803 6083 3802 6083 3804 6083 3803 6084 3804 6084 3805 6084 3805 6085 3804 6085 3806 6085 3805 6086 3806 6086 3807 6086 3807 6087 3806 6087 3808 6087 3807 6088 3808 6088 3809 6088 3809 6089 3808 6089 3810 6089 3809 6090 3810 6090 3811 6090 3811 6091 3810 6091 3812 6091 3811 6092 3812 6092 3813 6092 3813 6093 3812 6093 3814 6093 3813 6094 3814 6094 3815 6094 3815 6095 3814 6095 3769 6095 3815 6096 3769 6096 3771 6096 3781 6097 3816 6097 3779 6097 3779 6098 3816 6098 3817 6098 3779 6099 3817 6099 3777 6099 3777 6100 3817 6100 3818 6100 3777 6101 3818 6101 3775 6101 3775 6102 3818 6102 3819 6102 3775 6103 3819 6103 3773 6103 3773 6104 3819 6104 3820 6104 3773 6105 3820 6105 3771 6105 3771 6106 3820 6106 3821 6106 3771 6107 3821 6107 3815 6107 3815 6108 3821 6108 3822 6108 3815 6109 3822 6109 3813 6109 3813 6110 3822 6110 3823 6110 3813 6111 3823 6111 3811 6111 3811 6112 3823 6112 3824 6112 3811 6113 3824 6113 3809 6113 3809 6114 3824 6114 3825 6114 3809 6115 3825 6115 3807 6115 3807 6116 3825 6116 3826 6116 3807 6117 3826 6117 3805 6117 3805 6118 3826 6118 3827 6118 3805 6119 3827 6119 3803 6119 3803 6120 3827 6120 3828 6120 3803 6121 3828 6121 3801 6121 3801 6122 3828 6122 3829 6122 3801 6123 3829 6123 3799 6123 3799 6124 3829 6124 3830 6124 3799 6125 3830 6125 3797 6125 3797 6126 3830 6126 3831 6126 3797 6127 3831 6127 3795 6127 3795 6128 3831 6128 3832 6128 3795 6129 3832 6129 3793 6129 3793 6130 3832 6130 3833 6130 3793 6131 3833 6131 3791 6131 3791 6132 3833 6132 3834 6132 3791 6133 3834 6133 3789 6133 3789 6134 3834 6134 3835 6134 3789 6135 3835 6135 3787 6135 3787 6136 3835 6136 3836 6136 3787 6137 3836 6137 3785 6137 3785 6138 3836 6138 3837 6138 3785 6139 3837 6139 3783 6139 3783 6140 3837 6140 3838 6140 3783 6141 3838 6141 3781 6141 3781 6142 3838 6142 3816 6142 3839 6143 3836 6143 3840 6143 3840 6144 3836 6144 3835 6144 3840 6145 3835 6145 3841 6145 3841 6146 3835 6146 3834 6146 3841 6147 3834 6147 3842 6147 3842 6148 3834 6148 3833 6148 3842 6149 3833 6149 3843 6149 3843 6150 3833 6150 3832 6150 3843 6151 3832 6151 3844 6151 3844 6152 3832 6152 3831 6152 3844 6153 3831 6153 3845 6153 3845 6154 3831 6154 3846 6154 3846 6155 3831 6155 3847 6155 3847 6156 3831 6156 3830 6156 3847 6157 3830 6157 3848 6157 3848 6158 3830 6158 3829 6158 3848 6159 3829 6159 3849 6159 3849 6160 3829 6160 3828 6160 3849 6161 3828 6161 3850 6161 3850 6162 3828 6162 3827 6162 3850 6163 3827 6163 3851 6163 3852 6164 3853 6164 3822 6164 3822 6165 3853 6165 3854 6165 3822 6166 3854 6166 3823 6166 3823 6167 3854 6167 3855 6167 3823 6168 3855 6168 3824 6168 3824 6169 3855 6169 3856 6169 3824 6170 3856 6170 3825 6170 3825 6171 3856 6171 3857 6171 3825 6172 3857 6172 3826 6172 3826 6173 3857 6173 3858 6173 3826 6174 3858 6174 3827 6174 3827 6175 3858 6175 3859 6175 3827 6176 3859 6176 3851 6176 3852 6177 3822 6177 3860 6177 3860 6178 3822 6178 3821 6178 3860 6179 3821 6179 3861 6179 3861 6180 3821 6180 3820 6180 3861 6181 3820 6181 3862 6181 3862 6182 3820 6182 3819 6182 3862 6183 3819 6183 3863 6183 3863 6184 3819 6184 3818 6184 3863 6185 3818 6185 3864 6185 3864 6186 3818 6186 3817 6186 3864 6187 3817 6187 3865 6187 3839 6188 3866 6188 3836 6188 3836 6189 3866 6189 3867 6189 3836 6190 3867 6190 3837 6190 3837 6191 3867 6191 3868 6191 3837 6192 3868 6192 3838 6192 3838 6193 3868 6193 3869 6193 3838 6194 3869 6194 3816 6194 3816 6195 3869 6195 3870 6195 3816 6196 3870 6196 3817 6196 3817 6197 3870 6197 3871 6197 3817 6198 3871 6198 3865 6198 3687 6199 3686 6199 3872 6199 3873 6200 3874 6200 3875 6200 3845 6201 3846 6201 3876 6201 3865 6202 3871 6202 3877 6202 3878 6203 3855 6203 3854 6203 3879 6204 3856 6204 3855 6204 3880 6205 3857 6205 3856 6205 3881 6206 3858 6206 3857 6206 3875 6207 3859 6207 3858 6207 3865 6208 3877 6208 3864 6208 3845 6209 3876 6209 3844 6209 3859 6210 3875 6210 3851 6210 3851 6211 3875 6211 3874 6211 3851 6212 3874 6212 3850 6212 3849 6213 3850 6213 3882 6213 3882 6214 3850 6214 3874 6214 3882 6215 3874 6215 3883 6215 3883 6216 3874 6216 3873 6216 3883 6217 3873 6217 3884 6217 3848 6218 3849 6218 3885 6218 3885 6219 3849 6219 3882 6219 3885 6220 3882 6220 3886 6220 3886 6221 3882 6221 3883 6221 3886 6222 3883 6222 3887 6222 3887 6223 3883 6223 3884 6223 3887 6224 3884 6224 3888 6224 3847 6225 3848 6225 3889 6225 3889 6226 3848 6226 3885 6226 3889 6227 3885 6227 3890 6227 3890 6228 3885 6228 3886 6228 3890 6229 3886 6229 3891 6229 3891 6230 3886 6230 3887 6230 3891 6231 3887 6231 3892 6231 3892 6231 3887 6231 3888 6231 3892 6232 3888 6232 3893 6232 3846 6233 3847 6233 3876 6233 3876 6234 3847 6234 3889 6234 3876 6235 3889 6235 3894 6235 3894 6236 3889 6236 3890 6236 3894 6237 3890 6237 3895 6237 3895 6238 3890 6238 3891 6238 3895 6239 3891 6239 3896 6239 3896 6239 3891 6239 3892 6239 3896 6240 3892 6240 3897 6240 3897 6241 3892 6241 3893 6241 3897 6242 3893 6242 3898 6242 3899 6243 3900 6243 3901 6243 3902 6244 3900 6244 3903 6244 3903 6245 3900 6245 3899 6245 3903 6246 3899 6246 3904 6246 3905 6247 3902 6247 3906 6247 3906 6248 3902 6248 3903 6248 3906 6249 3903 6249 3907 6249 3907 6250 3903 6250 3904 6250 3907 6251 3904 6251 3908 6251 3909 6252 3905 6252 3910 6252 3910 6253 3905 6253 3906 6253 3910 6254 3906 6254 3911 6254 3911 6255 3906 6255 3907 6255 3911 6256 3907 6256 3912 6256 3912 6256 3907 6256 3908 6256 3912 6257 3908 6257 3913 6257 3914 6258 3915 6258 3916 6258 3916 6259 3915 6259 3917 6259 3916 6260 3917 6260 3918 6260 3918 6261 3917 6261 3919 6261 3918 6262 3919 6262 3920 6262 3920 6262 3919 6262 3921 6262 3920 6263 3921 6263 3922 6263 3922 6264 3921 6264 3923 6264 3922 6265 3923 6265 3924 6265 3924 6266 3923 6266 3925 6266 3915 6267 3926 6267 3917 6267 3917 6268 3926 6268 3927 6268 3917 6269 3927 6269 3919 6269 3919 6270 3927 6270 3928 6270 3919 6271 3928 6271 3921 6271 3921 6271 3928 6271 3929 6271 3921 6272 3929 6272 3923 6272 3923 6273 3929 6273 3930 6273 3923 6274 3930 6274 3925 6274 3925 6275 3930 6275 3931 6275 3926 6276 3932 6276 3927 6276 3927 6277 3932 6277 3933 6277 3927 6278 3933 6278 3928 6278 3928 6279 3933 6279 3934 6279 3928 6280 3934 6280 3929 6280 3929 6280 3934 6280 3935 6280 3929 6281 3935 6281 3930 6281 3930 6282 3935 6282 3936 6282 3930 6283 3936 6283 3931 6283 3931 6284 3936 6284 3937 6284 3871 6285 3870 6285 3877 6285 3877 6286 3870 6286 3938 6286 3877 6287 3938 6287 3939 6287 3939 6288 3938 6288 3940 6288 3939 6289 3940 6289 3941 6289 3941 6290 3940 6290 3942 6290 3941 6291 3942 6291 3943 6291 3943 6291 3942 6291 3944 6291 3943 6292 3944 6292 3945 6292 3945 6293 3944 6293 3946 6293 3945 6294 3946 6294 3947 6294 3947 6295 3946 6295 3948 6295 3870 6296 3869 6296 3938 6296 3938 6297 3869 6297 3949 6297 3938 6298 3949 6298 3940 6298 3940 6299 3949 6299 3950 6299 3940 6300 3950 6300 3942 6300 3942 6301 3950 6301 3951 6301 3942 6302 3951 6302 3944 6302 3944 6302 3951 6302 3952 6302 3944 6303 3952 6303 3946 6303 3946 6304 3952 6304 3953 6304 3946 6305 3953 6305 3948 6305 3948 6306 3953 6306 3954 6306 3869 6307 3868 6307 3949 6307 3949 6308 3868 6308 3955 6308 3949 6309 3955 6309 3950 6309 3950 6310 3955 6310 3956 6310 3950 6311 3956 6311 3951 6311 3951 6312 3956 6312 3957 6312 3951 6313 3957 6313 3952 6313 3952 6313 3957 6313 3958 6313 3952 6314 3958 6314 3953 6314 3953 6315 3958 6315 3959 6315 3953 6316 3959 6316 3954 6316 3954 6317 3959 6317 3960 6317 3868 6318 3867 6318 3955 6318 3955 6319 3867 6319 3961 6319 3955 6320 3961 6320 3956 6320 3956 6321 3961 6321 3962 6321 3956 6322 3962 6322 3957 6322 3957 6323 3962 6323 3963 6323 3957 6324 3963 6324 3958 6324 3958 6324 3963 6324 3964 6324 3958 6325 3964 6325 3959 6325 3959 6326 3964 6326 3965 6326 3959 6327 3965 6327 3960 6327 3960 6328 3965 6328 3966 6328 3967 6329 3968 6329 3969 6329 3969 6330 3968 6330 3970 6330 3969 6331 3970 6331 3971 6331 3971 6332 3970 6332 3972 6332 3971 6333 3972 6333 3973 6333 3973 6333 3972 6333 3974 6333 3973 6334 3974 6334 3975 6334 3975 6335 3974 6335 3976 6335 3975 6336 3976 6336 3977 6336 3977 6337 3976 6337 3978 6337 3968 6338 3979 6338 3970 6338 3970 6339 3979 6339 3980 6339 3970 6340 3980 6340 3972 6340 3972 6341 3980 6341 3981 6341 3972 6342 3981 6342 3974 6342 3974 6342 3981 6342 3982 6342 3974 6343 3982 6343 3976 6343 3976 6344 3982 6344 3983 6344 3976 6345 3983 6345 3978 6345 3978 6346 3983 6346 3984 6346 3979 6347 3985 6347 3980 6347 3980 6348 3985 6348 3986 6348 3980 6349 3986 6349 3981 6349 3981 6350 3986 6350 3987 6350 3981 6351 3987 6351 3982 6351 3982 6351 3987 6351 3988 6351 3982 6352 3988 6352 3983 6352 3983 6353 3988 6353 3989 6353 3983 6354 3989 6354 3984 6354 3984 6355 3989 6355 3990 6355 3991 6356 3913 6356 3992 6356 3992 6357 3913 6357 3908 6357 3992 6358 3908 6358 3993 6358 3993 6251 3908 6251 3904 6251 3993 6359 3904 6359 3994 6359 3994 6360 3904 6360 3899 6360 3994 6361 3899 6361 3995 6361 3995 6362 3899 6362 3901 6362 3995 6363 3901 6363 3996 6363 3996 6364 3901 6364 3690 6364 3996 6365 3690 6365 3689 6365 3905 6366 3696 6366 3902 6366 3902 6367 3696 6367 3694 6367 3902 6368 3694 6368 3900 6368 3900 6369 3694 6369 3693 6369 3900 6370 3693 6370 3901 6370 3901 6371 3693 6371 3691 6371 3901 6372 3691 6372 3690 6372 3701 6373 3703 6373 3997 6373 3997 6374 3703 6374 3909 6374 3997 6375 3909 6375 3998 6375 3998 6376 3909 6376 3910 6376 3998 6377 3910 6377 3999 6377 3999 6378 3910 6378 3911 6378 3999 6379 3911 6379 4000 6379 4000 6379 3911 6379 3912 6379 4000 6380 3912 6380 4001 6380 4001 6381 3912 6381 3913 6381 4001 6382 3913 6382 4002 6382 4002 6383 3913 6383 3991 6383 4002 6384 3991 6384 3853 6384 3853 6385 3991 6385 3854 6385 3703 6386 3704 6386 3909 6386 3909 6387 3704 6387 3700 6387 3909 6388 3700 6388 3905 6388 3905 6389 3700 6389 3698 6389 3905 6390 3698 6390 3696 6390 4002 6391 3914 6391 4001 6391 4001 6392 3914 6392 3916 6392 4001 6393 3916 6393 4000 6393 4000 6394 3916 6394 3918 6394 4000 6395 3918 6395 3999 6395 3999 6395 3918 6395 3920 6395 3999 6396 3920 6396 3998 6396 3998 6397 3920 6397 3922 6397 3998 6398 3922 6398 3997 6398 3997 6399 3922 6399 3924 6399 3997 6400 3924 6400 3701 6400 3715 6401 3714 6401 4003 6401 4003 6402 3714 6402 3937 6402 4003 6403 3937 6403 4004 6403 4004 6404 3937 6404 3936 6404 4004 6405 3936 6405 4005 6405 4005 6406 3936 6406 3935 6406 4005 6407 3935 6407 4006 6407 4006 6407 3935 6407 3934 6407 4006 6408 3934 6408 4007 6408 4007 6409 3934 6409 3933 6409 4007 6410 3933 6410 4008 6410 4008 6411 3933 6411 3932 6411 3714 6412 3712 6412 3937 6412 3937 6413 3712 6413 3710 6413 3937 6414 3710 6414 3931 6414 3931 6415 3710 6415 3708 6415 3931 6416 3708 6416 3925 6416 3925 6417 3708 6417 3706 6417 3925 6418 3706 6418 3924 6418 3924 6419 3706 6419 3705 6419 3924 6420 3705 6420 3701 6420 3853 6421 3852 6421 4002 6421 4002 6422 3852 6422 3860 6422 4002 6423 3860 6423 3914 6423 3914 6424 3860 6424 3861 6424 3914 6425 3861 6425 3915 6425 3915 6426 3861 6426 3862 6426 3915 6427 3862 6427 3926 6427 3926 6428 3862 6428 3863 6428 3926 6429 3863 6429 3932 6429 3932 6430 3863 6430 3864 6430 3932 6431 3864 6431 4008 6431 4008 6432 3864 6432 3877 6432 4008 6433 3877 6433 4007 6433 4007 6434 3877 6434 3939 6434 4007 6435 3939 6435 4006 6435 4006 6436 3939 6436 3941 6436 4006 6437 3941 6437 4005 6437 4005 6437 3941 6437 3943 6437 4005 6438 3943 6438 4004 6438 4004 6439 3943 6439 3945 6439 4004 6440 3945 6440 4003 6440 4003 6441 3945 6441 3947 6441 4003 6442 3947 6442 3715 6442 3665 6443 3663 6443 4009 6443 4009 6444 3663 6444 3966 6444 4009 6445 3966 6445 4010 6445 4010 6446 3966 6446 3965 6446 4010 6447 3965 6447 4011 6447 4011 6448 3965 6448 3964 6448 4011 6449 3964 6449 4012 6449 4012 6449 3964 6449 3963 6449 4012 6450 3963 6450 4013 6450 4013 6451 3963 6451 3962 6451 4013 6452 3962 6452 4014 6452 4014 6453 3962 6453 3961 6453 4014 6454 3961 6454 3866 6454 3866 6455 3961 6455 3867 6455 3663 6456 3662 6456 3966 6456 3966 6457 3662 6457 3660 6457 3966 6458 3660 6458 3960 6458 3960 6459 3660 6459 3659 6459 3960 6460 3659 6460 3954 6460 3954 6461 3659 6461 3720 6461 3954 6462 3720 6462 3948 6462 3948 6463 3720 6463 3721 6463 3948 6464 3721 6464 3947 6464 3947 6465 3721 6465 3716 6465 3947 6466 3716 6466 3715 6466 4014 6467 3967 6467 4013 6467 4013 6468 3967 6468 3969 6468 4013 6469 3969 6469 4012 6469 4012 6470 3969 6470 3971 6470 4012 6471 3971 6471 4011 6471 4011 6471 3971 6471 3973 6471 4011 6472 3973 6472 4010 6472 4010 6473 3973 6473 3975 6473 4010 6474 3975 6474 4009 6474 4009 6475 3975 6475 3977 6475 4009 6476 3977 6476 3665 6476 3676 6477 3675 6477 4015 6477 4015 6478 3675 6478 3990 6478 4015 6479 3990 6479 4016 6479 4016 6480 3990 6480 3989 6480 4016 6481 3989 6481 4017 6481 4017 6482 3989 6482 3988 6482 4017 6483 3988 6483 4018 6483 4018 6483 3988 6483 3987 6483 4018 6484 3987 6484 4019 6484 4019 6485 3987 6485 3986 6485 4019 6486 3986 6486 4020 6486 4020 6487 3986 6487 3985 6487 3675 6488 3673 6488 3990 6488 3990 6489 3673 6489 3671 6489 3990 6490 3671 6490 3984 6490 3984 6491 3671 6491 3669 6491 3984 6492 3669 6492 3978 6492 3978 6493 3669 6493 3668 6493 3978 6494 3668 6494 3977 6494 3977 6495 3668 6495 3666 6495 3977 6496 3666 6496 3665 6496 3677 6497 3676 6497 3898 6497 3898 6498 3676 6498 4015 6498 3898 6499 4015 6499 3897 6499 3897 6500 4015 6500 4016 6500 3897 6501 4016 6501 3896 6501 3896 6502 4016 6502 4017 6502 3896 6503 4017 6503 3895 6503 3895 6503 4017 6503 4018 6503 3895 6504 4018 6504 3894 6504 3894 6505 4018 6505 4019 6505 3894 6506 4019 6506 3876 6506 3876 6507 4019 6507 4020 6507 3876 6508 4020 6508 3844 6508 3844 6509 4020 6509 3985 6509 3844 6510 3985 6510 3843 6510 3843 6511 3985 6511 3979 6511 3843 6512 3979 6512 3842 6512 3842 6513 3979 6513 3968 6513 3842 6514 3968 6514 3841 6514 3841 6515 3968 6515 3967 6515 3841 6516 3967 6516 3840 6516 3840 6517 3967 6517 4014 6517 3840 6518 4014 6518 3839 6518 3839 6519 4014 6519 3866 6519 4021 6520 3680 6520 3679 6520 3858 6521 3881 6521 3875 6521 3875 6522 3881 6522 4022 6522 3875 6523 4022 6523 3873 6523 3873 6524 4022 6524 4023 6524 3873 6525 4023 6525 3884 6525 3884 6526 4023 6526 4024 6526 3884 6224 4024 6224 3888 6224 3888 6527 4024 6527 4025 6527 3888 6528 4025 6528 3893 6528 3893 6529 4025 6529 4021 6529 3893 6530 4021 6530 3898 6530 3898 6531 4021 6531 3679 6531 3898 6532 3679 6532 3677 6532 3857 6533 3880 6533 3881 6533 3881 6534 3880 6534 4026 6534 3881 6535 4026 6535 4022 6535 4022 6536 4026 6536 4027 6536 4022 6537 4027 6537 4023 6537 4023 6538 4027 6538 4028 6538 4023 6526 4028 6526 4024 6526 4024 6539 4028 6539 4029 6539 4024 6540 4029 6540 4025 6540 4025 6541 4029 6541 4030 6541 4025 6542 4030 6542 4021 6542 4021 6543 4030 6543 3682 6543 4021 6544 3682 6544 3680 6544 3856 6545 3879 6545 3880 6545 3880 6546 3879 6546 4031 6546 3880 6547 4031 6547 4026 6547 4026 6548 4031 6548 4032 6548 4026 6549 4032 6549 4027 6549 4027 6550 4032 6550 4033 6550 4027 6538 4033 6538 4028 6538 4028 6551 4033 6551 4034 6551 4028 6552 4034 6552 4029 6552 4029 6553 4034 6553 4035 6553 4029 6554 4035 6554 4030 6554 4030 6555 4035 6555 3683 6555 4030 6556 3683 6556 3682 6556 3855 6557 3878 6557 3879 6557 3879 6558 3878 6558 4036 6558 3879 6559 4036 6559 4031 6559 4031 6560 4036 6560 4037 6560 4031 6548 4037 6548 4032 6548 4032 6561 4037 6561 4038 6561 4032 6550 4038 6550 4033 6550 4033 6562 4038 6562 4039 6562 4033 6563 4039 6563 4034 6563 4034 6564 4039 6564 3872 6564 4034 6565 3872 6565 4035 6565 4035 6566 3872 6566 3686 6566 4035 6567 3686 6567 3683 6567 3854 6568 3991 6568 3878 6568 3878 6569 3991 6569 3992 6569 3878 6570 3992 6570 4036 6570 4036 6571 3992 6571 3993 6571 4036 6572 3993 6572 4037 6572 4037 6359 3993 6359 3994 6359 4037 6561 3994 6561 4038 6561 4038 6361 3994 6361 3995 6361 4038 6573 3995 6573 4039 6573 4039 6574 3995 6574 3996 6574 4039 6575 3996 6575 3872 6575 3872 6576 3996 6576 3689 6576 3872 6577 3689 6577 3687 6577 3650 6578 3746 6578 3745 6578 3759 6579 3654 6579 3655 6579 3656 6580 3761 6580 3655 6580 3655 6581 3761 6581 3760 6581 3655 6582 3760 6582 3759 6582 3657 6583 3763 6583 3656 6583 3656 6584 3763 6584 3762 6584 3656 6585 3762 6585 3761 6585 3650 6586 3745 6586 3651 6586 3652 6587 3753 6587 3647 6587 3647 6588 3753 6588 3752 6588 3647 6589 3752 6589 3648 6589 3653 6590 3755 6590 3652 6590 3652 6591 3755 6591 3754 6591 3652 6592 3754 6592 3753 6592 3759 6593 3758 6593 3654 6593 3654 6594 3758 6594 3757 6594 3654 6595 3757 6595 3653 6595 3653 6596 3757 6596 3756 6596 3653 6597 3756 6597 3755 6597 3658 6598 3765 6598 3657 6598 3657 6599 3765 6599 3764 6599 3657 6599 3764 6599 3763 6599 3745 6600 3768 6600 3651 6600 3651 6601 3768 6601 3767 6601 3651 6602 3767 6602 3658 6602 3658 6603 3767 6603 3766 6603 3658 6604 3766 6604 3765 6604 3752 6605 3751 6605 3648 6605 3648 4521 3751 4521 3750 4521 3648 4521 3750 4521 3649 4521 3750 4521 3749 4521 3649 4521 3649 6606 3749 6606 3748 6606 3649 6607 3748 6607 3650 6607 3650 6608 3748 6608 3747 6608 3650 4521 3747 4521 3746 4521 3190 6609 3191 6609 3786 6609 3192 6610 3790 6610 3191 6610 3191 6611 3790 6611 3788 6611 3191 6612 3788 6612 3786 6612 3769 6613 3198 6613 3770 6613 3770 6614 3198 6614 3197 6614 3188 6615 3774 6615 3197 6615 3197 6616 3774 6616 3772 6616 3197 6617 3772 6617 3770 6617 3189 6618 3778 6618 3188 6618 3188 6619 3778 6619 3776 6619 3188 6620 3776 6620 3774 6620 3786 6621 3784 6621 3190 6621 3190 6622 3784 6622 3782 6622 3190 6623 3782 6623 3189 6623 3189 6624 3782 6624 3780 6624 3189 6624 3780 6624 3778 6624 3193 6625 3794 6625 3192 6625 3192 6626 3794 6626 3792 6626 3192 6627 3792 6627 3790 6627 3194 6628 3798 6628 3193 6628 3193 6629 3798 6629 3796 6629 3193 6630 3796 6630 3794 6630 3196 6631 3804 6631 3195 6631 3195 6632 3804 6632 3802 6632 3195 6633 3802 6633 3194 6633 3194 6634 3802 6634 3800 6634 3194 6635 3800 6635 3798 6635 3199 4831 3808 4831 3196 4831 3196 4831 3808 4831 3806 4831 3196 6636 3806 6636 3804 6636 3769 4831 3814 4831 3198 4831 3198 6637 3814 6637 3812 6637 3198 6638 3812 6638 3199 6638 3199 6639 3812 6639 3810 6639 3199 4831 3810 4831 3808 4831 4040 6640 4041 6640 3121 6640 3121 6641 4041 6641 3202 6641 3202 6642 4041 6642 4042 6642 3202 6643 4042 6643 3200 6643 4043 6644 3207 6644 4042 6644 4042 6645 3207 6645 3201 6645 4042 6646 3201 6646 3200 6646 4044 6647 3205 6647 4043 6647 4043 6648 3205 6648 3206 6648 4043 6649 3206 6649 3207 6649 3118 6650 3203 6650 4044 6650 4044 6651 3203 6651 3204 6651 4044 6652 3204 6652 3205 6652 3121 6653 3122 6653 4040 6653 4040 6654 3122 6654 3123 6654 4040 6655 3123 6655 4045 6655 4045 5021 3123 5021 3124 5021 4045 5021 3124 5021 4046 5021 4046 5020 3124 5020 3125 5020 4046 5020 3125 5020 4047 5020 4047 5019 3125 5019 3126 5019 4047 5019 3126 5019 4048 5019 4048 5018 3126 5018 3120 5018 4048 5018 3120 5018 4049 5018 4049 6656 3120 6656 3119 6656 4049 6657 3119 6657 4050 6657 4050 6658 3119 6658 3118 6658 4050 6659 3118 6659 4051 6659 4051 6660 3118 6660 4044 6660 4052 6661 4053 6661 4054 6661 4053 6662 4055 6662 4054 6662 4054 6663 4055 6663 4056 6663 4054 6664 4056 6664 4057 6664 4056 6665 4058 6665 4057 6665 4057 6666 4058 6666 4059 6666 4057 6667 4059 6667 4060 6667 4059 6668 4061 6668 4060 6668 4060 6669 4061 6669 4062 6669 4060 6670 4062 6670 4063 6670 4063 6671 4062 6671 4064 6671 4063 6672 4064 6672 4065 6672 4065 6673 4064 6673 4066 6673 4065 6674 4066 6674 4067 6674 4067 6675 4066 6675 4068 6675 4068 6676 4069 6676 4067 6676 4067 6677 4069 6677 4070 6677 4067 6678 4070 6678 4071 6678 4070 6679 4072 6679 4071 6679 4071 6680 4072 6680 4073 6680 4071 6681 4073 6681 4074 6681 4073 6682 4075 6682 4074 6682 4074 6683 4075 6683 4076 6683 4074 6684 4076 6684 4077 6684 4077 6685 4076 6685 4078 6685 4076 6686 4079 6686 4078 6686 4078 6687 4079 6687 4080 6687 4078 6688 4080 6688 4081 6688 4081 6689 4080 6689 4082 6689 4082 6690 4083 6690 4081 6690 4081 6691 4083 6691 4084 6691 4081 6692 4084 6692 4085 6692 4084 6693 4086 6693 4085 6693 4085 6694 4086 6694 4087 6694 4085 6695 4087 6695 4088 6695 4088 6696 4087 6696 4089 6696 4088 6697 4089 6697 4090 6697 4090 6698 4089 6698 4091 6698 4090 6699 4091 6699 4092 6699 4092 6700 4091 6700 4093 6700 4094 6701 4095 6701 4096 6701 4096 6702 4095 6702 4092 6702 4096 6703 4092 6703 4097 6703 4097 6704 4092 6704 4093 6704 4098 6705 4099 6705 4100 6705 4100 6706 4099 6706 4101 6706 4100 6707 4101 6707 4102 6707 4102 6708 4101 6708 4103 6708 4102 6709 4103 6709 4104 6709 4104 6710 4103 6710 4105 6710 4104 6711 4105 6711 4106 6711 4106 6712 4105 6712 4107 6712 4107 6713 4108 6713 4106 6713 4106 6714 4108 6714 4109 6714 4106 6715 4109 6715 4110 6715 4054 6716 4111 6716 4052 6716 4052 6717 4111 6717 4112 6717 4052 6718 4112 6718 4113 6718 4113 6719 4112 6719 4110 6719 4113 6720 4110 6720 4114 6720 4114 6721 4110 6721 4109 6721 4095 6722 4115 6722 4116 6722 4095 6723 4116 6723 4092 6723 4092 6724 4116 6724 4117 6724 4092 6725 4117 6725 4090 6725 4090 6726 4117 6726 4118 6726 4090 6727 4118 6727 4088 6727 4088 6728 4118 6728 4119 6728 4088 6729 4119 6729 4085 6729 4085 6730 4119 6730 4120 6730 4085 6731 4120 6731 4081 6731 4081 6732 4120 6732 4121 6732 4081 6733 4121 6733 4078 6733 4078 6734 4121 6734 4122 6734 4078 6735 4122 6735 4077 6735 4077 6736 4122 6736 4123 6736 4077 6737 4123 6737 4074 6737 4074 6738 4123 6738 4124 6738 4074 6739 4124 6739 4071 6739 4071 6740 4124 6740 4125 6740 4071 6741 4125 6741 4067 6741 4067 6742 4125 6742 4126 6742 4067 6743 4126 6743 4065 6743 4065 6744 4126 6744 4127 6744 4065 6745 4127 6745 4063 6745 4063 6746 4127 6746 4128 6746 4063 6747 4128 6747 4060 6747 4060 6748 4128 6748 4129 6748 4060 6749 4129 6749 4057 6749 4057 6750 4129 6750 4130 6750 4057 6751 4130 6751 4054 6751 4054 6752 4130 6752 4131 6752 4054 6753 4131 6753 4111 6753 4111 6754 4131 6754 4132 6754 4111 5375 4132 5375 4112 5375 4112 6755 4132 6755 4133 6755 4112 6756 4133 6756 4110 6756 4110 6757 4133 6757 4134 6757 4110 6758 4134 6758 4106 6758 4106 6759 4134 6759 4135 6759 4106 6760 4135 6760 4104 6760 4104 6761 4135 6761 4136 6761 4104 6762 4136 6762 4102 6762 4102 6763 4136 6763 4137 6763 4102 6764 4137 6764 4100 6764 4138 6765 4139 6765 4115 6765 4139 6766 4140 6766 4115 6766 4115 6767 4140 6767 4141 6767 4115 6768 4141 6768 4116 6768 4116 6769 4141 6769 4142 6769 4116 6770 4142 6770 4117 6770 4117 6771 4142 6771 4143 6771 4117 6772 4143 6772 4118 6772 4118 6773 4143 6773 4144 6773 4118 6774 4144 6774 4119 6774 4119 6775 4144 6775 4145 6775 4119 6776 4145 6776 4120 6776 4120 6777 4145 6777 4146 6777 4120 6778 4146 6778 4121 6778 4121 6779 4146 6779 4147 6779 4121 6780 4147 6780 4122 6780 4122 6781 4147 6781 4148 6781 4122 6782 4148 6782 4123 6782 4123 6783 4148 6783 4149 6783 4123 6784 4149 6784 4124 6784 4124 6785 4149 6785 4150 6785 4124 6786 4150 6786 4125 6786 4125 6787 4150 6787 4151 6787 4125 6788 4151 6788 4126 6788 4126 6789 4151 6789 4152 6789 4126 6790 4152 6790 4127 6790 4127 6791 4152 6791 4153 6791 4127 6792 4153 6792 4128 6792 4128 6793 4153 6793 4154 6793 4128 6794 4154 6794 4129 6794 4129 6795 4154 6795 4155 6795 4129 6796 4155 6796 4130 6796 4130 6797 4155 6797 4156 6797 4130 6798 4156 6798 4131 6798 4131 6799 4156 6799 4157 6799 4131 6800 4157 6800 4132 6800 4132 6801 4157 6801 4158 6801 4132 6802 4158 6802 4133 6802 4133 6803 4158 6803 4159 6803 4133 6804 4159 6804 4134 6804 4134 6805 4159 6805 4160 6805 4134 6806 4160 6806 4135 6806 4135 6807 4160 6807 4161 6807 4135 6808 4161 6808 4136 6808 4136 6809 4161 6809 4138 6809 4136 6810 4138 6810 4137 6810 4137 6811 4138 6811 4115 6811 4137 6812 4115 6812 4100 6812 4100 6813 4115 6813 4095 6813 4100 6814 4095 6814 4098 6814 4098 6815 4095 6815 4094 6815 4162 6816 4163 6816 4164 6816 4164 6817 4163 6817 4165 6817 4164 6818 4165 6818 4166 6818 4166 6819 4165 6819 4167 6819 4166 6820 4167 6820 4168 6820 4168 6821 4167 6821 4169 6821 4168 6822 4169 6822 4170 6822 4170 6823 4169 6823 4171 6823 4170 6824 4171 6824 4172 6824 4172 6825 4171 6825 4173 6825 4172 6826 4173 6826 4174 6826 4174 6827 4173 6827 4175 6827 4174 6828 4175 6828 4176 6828 4176 6829 4175 6829 4177 6829 4176 6830 4177 6830 4178 6830 4178 6831 4177 6831 4179 6831 4178 6832 4179 6832 4180 6832 4180 6833 4179 6833 4181 6833 4180 6834 4181 6834 4182 6834 4182 6835 4181 6835 4183 6835 4182 6836 4183 6836 4184 6836 4184 6837 4183 6837 4185 6837 4184 6838 4185 6838 4186 6838 4186 6839 4185 6839 4187 6839 4186 6840 4187 6840 4188 6840 4188 6841 4187 6841 4189 6841 4188 6842 4189 6842 4190 6842 4190 6843 4189 6843 4191 6843 4190 6844 4191 6844 4192 6844 4192 6845 4191 6845 4193 6845 4192 6846 4193 6846 4194 6846 4194 6847 4193 6847 4195 6847 4194 6848 4195 6848 4196 6848 4196 6849 4195 6849 4197 6849 4196 6850 4197 6850 4198 6850 4198 6851 4197 6851 4199 6851 4198 6852 4199 6852 4200 6852 4200 6853 4199 6853 4201 6853 4200 6854 4201 6854 4202 6854 4202 6855 4201 6855 4203 6855 4202 6856 4203 6856 4204 6856 4204 6857 4203 6857 4205 6857 4204 6858 4205 6858 4206 6858 4206 6859 4205 6859 4207 6859 4206 6860 4207 6860 4208 6860 4208 6861 4207 6861 4162 6861 4208 6862 4162 6862 4164 6862 4174 6863 4209 6863 4172 6863 4172 6864 4209 6864 4210 6864 4172 6865 4210 6865 4170 6865 4170 6866 4210 6866 4211 6866 4170 6867 4211 6867 4168 6867 4168 6868 4211 6868 4212 6868 4168 6869 4212 6869 4166 6869 4166 6870 4212 6870 4213 6870 4166 6871 4213 6871 4164 6871 4164 6872 4213 6872 4214 6872 4164 6873 4214 6873 4208 6873 4208 6874 4214 6874 4215 6874 4208 6875 4215 6875 4206 6875 4206 6876 4215 6876 4216 6876 4206 6877 4216 6877 4204 6877 4204 6878 4216 6878 4217 6878 4204 6879 4217 6879 4202 6879 4202 6880 4217 6880 4218 6880 4202 6881 4218 6881 4200 6881 4200 6882 4218 6882 4219 6882 4200 6883 4219 6883 4198 6883 4198 6884 4219 6884 4220 6884 4198 6885 4220 6885 4196 6885 4196 6886 4220 6886 4221 6886 4196 6887 4221 6887 4194 6887 4194 6888 4221 6888 4222 6888 4194 6889 4222 6889 4192 6889 4192 6890 4222 6890 4223 6890 4192 6891 4223 6891 4190 6891 4190 6892 4223 6892 4224 6892 4190 6893 4224 6893 4188 6893 4188 6894 4224 6894 4225 6894 4188 6895 4225 6895 4186 6895 4186 6896 4225 6896 4226 6896 4186 6897 4226 6897 4184 6897 4184 6898 4226 6898 4227 6898 4184 6899 4227 6899 4182 6899 4182 6900 4227 6900 4228 6900 4182 6901 4228 6901 4180 6901 4180 6902 4228 6902 4229 6902 4180 6903 4229 6903 4178 6903 4178 6904 4229 6904 4230 6904 4178 6905 4230 6905 4176 6905 4176 6906 4230 6906 4231 6906 4176 6907 4231 6907 4174 6907 4174 5221 4231 5221 4209 5221 4232 6908 4229 6908 4233 6908 4233 6909 4229 6909 4228 6909 4233 6910 4228 6910 4234 6910 4234 6911 4228 6911 4227 6911 4234 6912 4227 6912 4235 6912 4235 6913 4227 6913 4226 6913 4235 6914 4226 6914 4236 6914 4236 6915 4226 6915 4225 6915 4236 6916 4225 6916 4237 6916 4237 6917 4225 6917 4224 6917 4237 6918 4224 6918 4238 6918 4238 6919 4224 6919 4239 6919 4239 6920 4224 6920 4240 6920 4240 6921 4224 6921 4223 6921 4240 6922 4223 6922 4241 6922 4241 6923 4223 6923 4222 6923 4241 6924 4222 6924 4242 6924 4242 6925 4222 6925 4221 6925 4242 6926 4221 6926 4243 6926 4243 6927 4221 6927 4220 6927 4243 6928 4220 6928 4244 6928 4245 6929 4246 6929 4215 6929 4215 6930 4246 6930 4247 6930 4215 6931 4247 6931 4216 6931 4216 6932 4247 6932 4248 6932 4216 6933 4248 6933 4217 6933 4217 6934 4248 6934 4249 6934 4217 6935 4249 6935 4218 6935 4218 6936 4249 6936 4250 6936 4218 6937 4250 6937 4219 6937 4219 6938 4250 6938 4251 6938 4219 6939 4251 6939 4220 6939 4220 6940 4251 6940 4252 6940 4220 6941 4252 6941 4244 6941 4245 6942 4215 6942 4253 6942 4253 6943 4215 6943 4214 6943 4253 6944 4214 6944 4254 6944 4254 6945 4214 6945 4213 6945 4254 6946 4213 6946 4255 6946 4255 6947 4213 6947 4212 6947 4255 6948 4212 6948 4256 6948 4256 6949 4212 6949 4211 6949 4256 6950 4211 6950 4257 6950 4257 6951 4211 6951 4210 6951 4257 6952 4210 6952 4258 6952 4232 6953 4259 6953 4229 6953 4229 6954 4259 6954 4260 6954 4229 6955 4260 6955 4230 6955 4230 6956 4260 6956 4261 6956 4230 6957 4261 6957 4231 6957 4231 6958 4261 6958 4262 6958 4231 6959 4262 6959 4209 6959 4209 6960 4262 6960 4263 6960 4209 6961 4263 6961 4210 6961 4210 6962 4263 6962 4264 6962 4210 6963 4264 6963 4258 6963 4080 6964 4079 6964 4265 6964 4266 6965 4267 6965 4268 6965 4238 6966 4239 6966 4269 6966 4258 6967 4264 6967 4270 6967 4271 6968 4248 6968 4247 6968 4272 6969 4249 6969 4248 6969 4273 6970 4250 6970 4249 6970 4274 6971 4251 6971 4250 6971 4268 6972 4252 6972 4251 6972 4258 6973 4270 6973 4257 6973 4238 6974 4269 6974 4237 6974 4252 6975 4268 6975 4244 6975 4244 6976 4268 6976 4267 6976 4244 6977 4267 6977 4243 6977 4242 6978 4243 6978 4275 6978 4275 6979 4243 6979 4267 6979 4275 5595 4267 5595 4276 5595 4276 6980 4267 6980 4266 6980 4276 6981 4266 6981 4277 6981 4241 6982 4242 6982 4278 6982 4278 6983 4242 6983 4275 6983 4278 6984 4275 6984 4279 6984 4279 6985 4275 6985 4276 6985 4279 6986 4276 6986 4280 6986 4280 6987 4276 6987 4277 6987 4280 5592 4277 5592 4281 5592 4240 6988 4241 6988 4282 6988 4282 6989 4241 6989 4278 6989 4282 6990 4278 6990 4283 6990 4283 6991 4278 6991 4279 6991 4283 6992 4279 6992 4284 6992 4284 6993 4279 6993 4280 6993 4284 6994 4280 6994 4285 6994 4285 6994 4280 6994 4281 6994 4285 6995 4281 6995 4286 6995 4239 6996 4240 6996 4269 6996 4269 6997 4240 6997 4282 6997 4269 6998 4282 6998 4287 6998 4287 6999 4282 6999 4283 6999 4287 7000 4283 7000 4288 7000 4288 5488 4283 5488 4284 5488 4288 5489 4284 5489 4289 5489 4289 5489 4284 5489 4285 5489 4289 7001 4285 7001 4290 7001 4290 7002 4285 7002 4286 7002 4290 7003 4286 7003 4291 7003 4292 7004 4293 7004 4294 7004 4295 7005 4293 7005 4296 7005 4296 7006 4293 7006 4292 7006 4296 7007 4292 7007 4297 7007 4298 7008 4295 7008 4299 7008 4299 7009 4295 7009 4296 7009 4299 7010 4296 7010 4300 7010 4300 7011 4296 7011 4297 7011 4300 7012 4297 7012 4301 7012 4302 7013 4298 7013 4303 7013 4303 7014 4298 7014 4299 7014 4303 7015 4299 7015 4304 7015 4304 5471 4299 5471 4300 5471 4304 5472 4300 5472 4305 5472 4305 5472 4300 5472 4301 5472 4305 7016 4301 7016 4306 7016 4307 7017 4308 7017 4309 7017 4309 7018 4308 7018 4310 7018 4309 7019 4310 7019 4311 7019 4311 5585 4310 5585 4312 5585 4311 5584 4312 5584 4313 5584 4313 5584 4312 5584 4314 5584 4313 7020 4314 7020 4315 7020 4315 7021 4314 7021 4316 7021 4315 7022 4316 7022 4317 7022 4317 7023 4316 7023 4318 7023 4308 7024 4319 7024 4310 7024 4310 7025 4319 7025 4320 7025 4310 7026 4320 7026 4312 7026 4312 7027 4320 7027 4321 7027 4312 5575 4321 5575 4314 5575 4314 5575 4321 5575 4322 5575 4314 5574 4322 5574 4316 5574 4316 7028 4322 7028 4323 7028 4316 7029 4323 7029 4318 7029 4318 7030 4323 7030 4324 7030 4319 7031 4325 7031 4320 7031 4320 7032 4325 7032 4326 7032 4320 7033 4326 7033 4321 7033 4321 5567 4326 5567 4327 5567 4321 5566 4327 5566 4322 5566 4322 5566 4327 5566 4328 5566 4322 7034 4328 7034 4323 7034 4323 7035 4328 7035 4329 7035 4323 7036 4329 7036 4324 7036 4324 7037 4329 7037 4330 7037 4264 7038 4263 7038 4270 7038 4270 7039 4263 7039 4331 7039 4270 7040 4331 7040 4332 7040 4332 7041 4331 7041 4333 7041 4332 7042 4333 7042 4334 7042 4334 7043 4333 7043 4335 7043 4334 5557 4335 5557 4336 5557 4336 5557 4335 5557 4337 5557 4336 7044 4337 7044 4338 7044 4338 7045 4337 7045 4339 7045 4338 7046 4339 7046 4340 7046 4340 7047 4339 7047 4341 7047 4263 7048 4262 7048 4331 7048 4331 7049 4262 7049 4342 7049 4331 7050 4342 7050 4333 7050 4333 7051 4342 7051 4343 7051 4333 7052 4343 7052 4335 7052 4335 7053 4343 7053 4344 7053 4335 5546 4344 5546 4337 5546 4337 5546 4344 5546 4345 5546 4337 5545 4345 5545 4339 5545 4339 7054 4345 7054 4346 7054 4339 7055 4346 7055 4341 7055 4341 7056 4346 7056 4347 7056 4262 7057 4261 7057 4342 7057 4342 7058 4261 7058 4348 7058 4342 7059 4348 7059 4343 7059 4343 7060 4348 7060 4349 7060 4343 7061 4349 7061 4344 7061 4344 5536 4349 5536 4350 5536 4344 5535 4350 5535 4345 5535 4345 5535 4350 5535 4351 5535 4345 7062 4351 7062 4346 7062 4346 7063 4351 7063 4352 7063 4346 7064 4352 7064 4347 7064 4347 7065 4352 7065 4353 7065 4261 7066 4260 7066 4348 7066 4348 7067 4260 7067 4354 7067 4348 7068 4354 7068 4349 7068 4349 7069 4354 7069 4355 7069 4349 7070 4355 7070 4350 7070 4350 7071 4355 7071 4356 7071 4350 5524 4356 5524 4351 5524 4351 5524 4356 5524 4357 5524 4351 7072 4357 7072 4352 7072 4352 7073 4357 7073 4358 7073 4352 7074 4358 7074 4353 7074 4353 7075 4358 7075 4359 7075 4360 7076 4361 7076 4362 7076 4362 7077 4361 7077 4363 7077 4362 7078 4363 7078 4364 7078 4364 7079 4363 7079 4365 7079 4364 5513 4365 5513 4366 5513 4366 5513 4365 5513 4367 5513 4366 5512 4367 5512 4368 5512 4368 7080 4367 7080 4369 7080 4368 7081 4369 7081 4370 7081 4370 7082 4369 7082 4371 7082 4361 7083 4372 7083 4363 7083 4363 7084 4372 7084 4373 7084 4363 7085 4373 7085 4365 7085 4365 5505 4373 5505 4374 5505 4365 5504 4374 5504 4367 5504 4367 5504 4374 5504 4375 5504 4367 7086 4375 7086 4369 7086 4369 7087 4375 7087 4376 7087 4369 7088 4376 7088 4371 7088 4371 7089 4376 7089 4377 7089 4372 7090 4378 7090 4373 7090 4373 7091 4378 7091 4379 7091 4373 7092 4379 7092 4374 7092 4374 7093 4379 7093 4380 7093 4374 5495 4380 5495 4375 5495 4375 5495 4380 5495 4381 5495 4375 5494 4381 5494 4376 5494 4376 7094 4381 7094 4382 7094 4376 7095 4382 7095 4377 7095 4377 7096 4382 7096 4383 7096 4384 7097 4306 7097 4385 7097 4385 7098 4306 7098 4301 7098 4385 7099 4301 7099 4386 7099 4386 7012 4301 7012 4297 7012 4386 5457 4297 5457 4387 5457 4387 7100 4297 7100 4292 7100 4387 7101 4292 7101 4388 7101 4388 5448 4292 5448 4294 5448 4388 7102 4294 7102 4389 7102 4389 7103 4294 7103 4083 7103 4389 7104 4083 7104 4082 7104 4298 7105 4089 7105 4295 7105 4295 7106 4089 7106 4087 7106 4295 7107 4087 7107 4293 7107 4293 7108 4087 7108 4086 7108 4293 7109 4086 7109 4294 7109 4294 7110 4086 7110 4084 7110 4294 7111 4084 7111 4083 7111 4094 7112 4096 7112 4390 7112 4390 7113 4096 7113 4302 7113 4390 7114 4302 7114 4391 7114 4391 7115 4302 7115 4303 7115 4391 7116 4303 7116 4392 7116 4392 7117 4303 7117 4304 7117 4392 5736 4304 5736 4393 5736 4393 5736 4304 5736 4305 5736 4393 5735 4305 5735 4394 5735 4394 7118 4305 7118 4306 7118 4394 7119 4306 7119 4395 7119 4395 7120 4306 7120 4384 7120 4395 7121 4384 7121 4246 7121 4246 7122 4384 7122 4247 7122 4096 7123 4097 7123 4302 7123 4302 7124 4097 7124 4093 7124 4302 7125 4093 7125 4298 7125 4298 7126 4093 7126 4091 7126 4298 7127 4091 7127 4089 7127 4395 7128 4307 7128 4394 7128 4394 7129 4307 7129 4309 7129 4394 7130 4309 7130 4393 7130 4393 5715 4309 5715 4311 5715 4393 5716 4311 5716 4392 5716 4392 5716 4311 5716 4313 5716 4392 5717 4313 5717 4391 5717 4391 7131 4313 7131 4315 7131 4391 7132 4315 7132 4390 7132 4390 7133 4315 7133 4317 7133 4390 7134 4317 7134 4094 7134 4108 5752 4107 5752 4396 5752 4396 7135 4107 7135 4330 7135 4396 7136 4330 7136 4397 7136 4397 7137 4330 7137 4329 7137 4397 7138 4329 7138 4398 7138 4398 7139 4329 7139 4328 7139 4398 7140 4328 7140 4399 7140 4399 7140 4328 7140 4327 7140 4399 7141 4327 7141 4400 7141 4400 7142 4327 7142 4326 7142 4400 7143 4326 7143 4401 7143 4401 7144 4326 7144 4325 7144 4107 7145 4105 7145 4330 7145 4330 7146 4105 7146 4103 7146 4330 7147 4103 7147 4324 7147 4324 7148 4103 7148 4101 7148 4324 7149 4101 7149 4318 7149 4318 7150 4101 7150 4099 7150 4318 7151 4099 7151 4317 7151 4317 7152 4099 7152 4098 7152 4317 7153 4098 7153 4094 7153 4246 7154 4245 7154 4395 7154 4395 7155 4245 7155 4253 7155 4395 7156 4253 7156 4307 7156 4307 7157 4253 7157 4254 7157 4307 7158 4254 7158 4308 7158 4308 7159 4254 7159 4255 7159 4308 7160 4255 7160 4319 7160 4319 7161 4255 7161 4256 7161 4319 7162 4256 7162 4325 7162 4325 7163 4256 7163 4257 7163 4325 7164 4257 7164 4401 7164 4401 7165 4257 7165 4270 7165 4401 7166 4270 7166 4400 7166 4400 7167 4270 7167 4332 7167 4400 7168 4332 7168 4399 7168 4399 7169 4332 7169 4334 7169 4399 5682 4334 5682 4398 5682 4398 5682 4334 5682 4336 5682 4398 5683 4336 5683 4397 5683 4397 7170 4336 7170 4338 7170 4397 7171 4338 7171 4396 7171 4396 7172 4338 7172 4340 7172 4396 7173 4340 7173 4108 7173 4058 7174 4056 7174 4402 7174 4402 7175 4056 7175 4359 7175 4402 7176 4359 7176 4403 7176 4403 7177 4359 7177 4358 7177 4403 7178 4358 7178 4404 7178 4404 7179 4358 7179 4357 7179 4404 5670 4357 5670 4405 5670 4405 5670 4357 5670 4356 5670 4405 5671 4356 5671 4406 5671 4406 7180 4356 7180 4355 7180 4406 7181 4355 7181 4407 7181 4407 7182 4355 7182 4354 7182 4407 7183 4354 7183 4259 7183 4259 7184 4354 7184 4260 7184 4056 7185 4055 7185 4359 7185 4359 7186 4055 7186 4053 7186 4359 7187 4053 7187 4353 7187 4353 7188 4053 7188 4052 7188 4353 7189 4052 7189 4347 7189 4347 7190 4052 7190 4113 7190 4347 7191 4113 7191 4341 7191 4341 7192 4113 7192 4114 7192 4341 7193 4114 7193 4340 7193 4340 7194 4114 7194 4109 7194 4340 7195 4109 7195 4108 7195 4407 7196 4360 7196 4406 7196 4406 7197 4360 7197 4362 7197 4406 7198 4362 7198 4405 7198 4405 7199 4362 7199 4364 7199 4405 7200 4364 7200 4404 7200 4404 7200 4364 7200 4366 7200 4404 7201 4366 7201 4403 7201 4403 7202 4366 7202 4368 7202 4403 7203 4368 7203 4402 7203 4402 7204 4368 7204 4370 7204 4402 7205 4370 7205 4058 7205 4069 7206 4068 7206 4408 7206 4408 7207 4068 7207 4383 7207 4408 7208 4383 7208 4409 7208 4409 7209 4383 7209 4382 7209 4409 7210 4382 7210 4410 7210 4410 5627 4382 5627 4381 5627 4410 5628 4381 5628 4411 5628 4411 5628 4381 5628 4380 5628 4411 5629 4380 5629 4412 5629 4412 7211 4380 7211 4379 7211 4412 7212 4379 7212 4413 7212 4413 7213 4379 7213 4378 7213 4068 7214 4066 7214 4383 7214 4383 7215 4066 7215 4064 7215 4383 7216 4064 7216 4377 7216 4377 7217 4064 7217 4062 7217 4377 7218 4062 7218 4371 7218 4371 7219 4062 7219 4061 7219 4371 7220 4061 7220 4370 7220 4370 7221 4061 7221 4059 7221 4370 7222 4059 7222 4058 7222 4070 7223 4069 7223 4291 7223 4291 7224 4069 7224 4408 7224 4291 7225 4408 7225 4290 7225 4290 7226 4408 7226 4409 7226 4290 7227 4409 7227 4289 7227 4289 5613 4409 5613 4410 5613 4289 5612 4410 5612 4288 5612 4288 5612 4410 5612 4411 5612 4288 7228 4411 7228 4287 7228 4287 7229 4411 7229 4412 7229 4287 7230 4412 7230 4269 7230 4269 7231 4412 7231 4413 7231 4269 7232 4413 7232 4237 7232 4237 7233 4413 7233 4378 7233 4237 7234 4378 7234 4236 7234 4236 7235 4378 7235 4372 7235 4236 7236 4372 7236 4235 7236 4235 7237 4372 7237 4361 7237 4235 7238 4361 7238 4234 7238 4234 7239 4361 7239 4360 7239 4234 7240 4360 7240 4233 7240 4233 7241 4360 7241 4407 7241 4233 7242 4407 7242 4232 7242 4232 5634 4407 5634 4259 5634 4414 7243 4073 7243 4072 7243 4251 7244 4274 7244 4268 7244 4268 7245 4274 7245 4415 7245 4268 7246 4415 7246 4266 7246 4266 7247 4415 7247 4416 7247 4266 7248 4416 7248 4277 7248 4277 5794 4416 5794 4417 5794 4277 5592 4417 5592 4281 5592 4281 5805 4417 5805 4418 5805 4281 7249 4418 7249 4286 7249 4286 7250 4418 7250 4414 7250 4286 7251 4414 7251 4291 7251 4291 7252 4414 7252 4072 7252 4291 7253 4072 7253 4070 7253 4250 7254 4273 7254 4274 7254 4274 7255 4273 7255 4419 7255 4274 7256 4419 7256 4415 7256 4415 7257 4419 7257 4420 7257 4415 7258 4420 7258 4416 7258 4416 5783 4420 5783 4421 5783 4416 5794 4421 5794 4417 5794 4417 7259 4421 7259 4422 7259 4417 7260 4422 7260 4418 7260 4418 7261 4422 7261 4423 7261 4418 7262 4423 7262 4414 7262 4414 7263 4423 7263 4075 7263 4414 7264 4075 7264 4073 7264 4249 7265 4272 7265 4273 7265 4273 7266 4272 7266 4424 7266 4273 7267 4424 7267 4419 7267 4419 7268 4424 7268 4425 7268 4419 5784 4425 5784 4420 5784 4420 5771 4425 5771 4426 5771 4420 5783 4426 5783 4421 5783 4421 5782 4426 5782 4427 5782 4421 7269 4427 7269 4422 7269 4422 7270 4427 7270 4428 7270 4422 7271 4428 7271 4423 7271 4423 7272 4428 7272 4076 7272 4423 7273 4076 7273 4075 7273 4248 7274 4271 7274 4272 7274 4272 7275 4271 7275 4429 7275 4272 7276 4429 7276 4424 7276 4424 7277 4429 7277 4430 7277 4424 7268 4430 7268 4425 7268 4425 5759 4430 5759 4431 5759 4425 5771 4431 5771 4426 5771 4426 7278 4431 7278 4432 7278 4426 7279 4432 7279 4427 7279 4427 7280 4432 7280 4265 7280 4427 7281 4265 7281 4428 7281 4428 7282 4265 7282 4079 7282 4428 7283 4079 7283 4076 7283 4247 7284 4384 7284 4271 7284 4271 7285 4384 7285 4385 7285 4271 7286 4385 7286 4429 7286 4429 7287 4385 7287 4386 7287 4429 5760 4386 5760 4430 5760 4430 5457 4386 5457 4387 5457 4430 5759 4387 5759 4431 5759 4431 7101 4387 7101 4388 7101 4431 7288 4388 7288 4432 7288 4432 7289 4388 7289 4389 7289 4432 7290 4389 7290 4265 7290 4265 7291 4389 7291 4082 7291 4265 7292 4082 7292 4080 7292 4043 5852 4139 5852 4138 5852 4043 7293 4138 7293 4044 7293 4042 4590 4041 4590 4143 4590 4045 7294 4146 7294 4040 7294 4040 7295 4146 7295 4145 7295 4040 7296 4145 7296 4041 7296 4041 7297 4145 7297 4144 7297 4041 4590 4144 4590 4143 4590 4050 7298 4051 7298 4158 7298 4138 7299 4161 7299 4044 7299 4044 7300 4161 7300 4160 7300 4044 7301 4160 7301 4051 7301 4051 7302 4160 7302 4159 7302 4051 7303 4159 7303 4158 7303 4143 4590 4142 4590 4042 4590 4042 7304 4142 7304 4141 7304 4042 7305 4141 7305 4043 7305 4043 7306 4141 7306 4140 7306 4043 4590 4140 4590 4139 4590 4046 7307 4148 7307 4045 7307 4045 7308 4148 7308 4147 7308 4045 7309 4147 7309 4146 7309 4047 7310 4150 7310 4046 7310 4046 7311 4150 7311 4149 7311 4046 7312 4149 7312 4148 7312 4158 7313 4157 7313 4050 7313 4050 7313 4157 7313 4156 7313 4050 7314 4156 7314 4049 7314 4048 7315 4152 7315 4047 7315 4047 7316 4152 7316 4151 7316 4047 7317 4151 7317 4150 7317 4156 7318 4155 7318 4049 7318 4049 7319 4155 7319 4154 7319 4049 7320 4154 7320 4048 7320 4048 7321 4154 7321 4153 7321 4048 7322 4153 7322 4152 7322 3223 7323 4197 7323 3222 7323 3222 7324 4197 7324 4195 7324 3222 7325 4195 7325 3221 7325 3217 7326 3218 7326 4179 7326 3219 7327 4183 7327 3218 7327 3218 7328 4183 7328 4181 7328 3218 7329 4181 7329 4179 7329 3220 7330 4187 7330 3219 7330 3219 7331 4187 7331 4185 7331 3219 7332 4185 7332 4183 7332 4195 7333 4193 7333 3221 7333 3221 7334 4193 7334 4191 7334 3221 7335 4191 7335 3220 7335 3220 7336 4191 7336 4189 7336 3220 7337 4189 7337 4187 7337 3226 4698 4201 4698 3223 4698 3223 4698 4201 4698 4199 4698 3223 7338 4199 7338 4197 7338 4162 5811 3225 5811 4163 5811 4163 7339 3225 7339 3224 7339 4162 4698 4207 4698 3225 4698 3225 7340 4207 7340 4205 7340 3225 7341 4205 7341 3226 7341 3226 7342 4205 7342 4203 7342 3226 4698 4203 4698 4201 4698 3215 7343 4167 7343 3224 7343 3224 7344 4167 7344 4165 7344 3224 7345 4165 7345 4163 7345 3216 7346 4171 7346 3215 7346 3215 7347 4171 7347 4169 7347 3215 7348 4169 7348 4167 7348 4179 7349 4177 7349 3217 7349 3217 7350 4177 7350 4175 7350 3217 7351 4175 7351 3216 7351 3216 7352 4175 7352 4173 7352 3216 7352 4173 7352 4171 7352 4433 7353 4434 7353 3073 7353 3073 7354 4434 7354 3229 7354 3229 7355 4434 7355 4435 7355 3229 7356 4435 7356 3227 7356 4436 7357 3234 7357 4435 7357 4435 7358 3234 7358 3228 7358 4435 7359 3228 7359 3227 7359 4437 7360 3232 7360 4436 7360 4436 7361 3232 7361 3233 7361 4436 7362 3233 7362 3234 7362 3070 7363 3230 7363 4437 7363 4437 7364 3230 7364 3231 7364 4437 7365 3231 7365 3232 7365 3073 7366 3074 7366 4433 7366 4433 7367 3074 7367 3075 7367 4433 7368 3075 7368 4438 7368 4438 5087 3075 5087 3076 5087 4438 5087 3076 5087 4439 5087 4439 5086 3076 5086 3077 5086 4439 5086 3077 5086 4440 5086 4440 5085 3077 5085 3078 5085 4440 5085 3078 5085 4441 5085 4441 5084 3078 5084 3072 5084 4441 5084 3072 5084 4442 5084 4442 7369 3072 7369 3071 7369 4442 7370 3071 7370 4443 7370 4443 7371 3071 7371 3070 7371 4443 7372 3070 7372 4444 7372 4444 7373 3070 7373 4437 7373 4445 7374 4446 7374 4447 7374 4446 7375 4448 7375 4447 7375 4447 7376 4448 7376 4449 7376 4447 7377 4449 7377 4450 7377 4449 7378 4451 7378 4450 7378 4450 7379 4451 7379 4452 7379 4450 7380 4452 7380 4453 7380 4452 7381 4454 7381 4453 7381 4453 7382 4454 7382 4455 7382 4453 7383 4455 7383 4456 7383 4456 7384 4455 7384 4457 7384 4456 7385 4457 7385 4458 7385 4458 7386 4457 7386 4459 7386 4458 7387 4459 7387 4460 7387 4460 7388 4459 7388 4461 7388 4461 7389 4462 7389 4460 7389 4460 7390 4462 7390 4463 7390 4460 7391 4463 7391 4464 7391 4463 7392 4465 7392 4464 7392 4464 7393 4465 7393 4466 7393 4464 7394 4466 7394 4467 7394 4466 7395 4468 7395 4467 7395 4467 7396 4468 7396 4469 7396 4467 7397 4469 7397 4470 7397 4470 7398 4469 7398 4471 7398 4469 7399 4472 7399 4471 7399 4471 7400 4472 7400 4473 7400 4471 7401 4473 7401 4474 7401 4474 7402 4473 7402 4475 7402 4475 7403 4476 7403 4474 7403 4474 7404 4476 7404 4477 7404 4474 7405 4477 7405 4478 7405 4477 7406 4479 7406 4478 7406 4478 7407 4479 7407 4480 7407 4478 7408 4480 7408 4481 7408 4481 7409 4480 7409 4482 7409 4481 7410 4482 7410 4483 7410 4483 7411 4482 7411 4484 7411 4483 7412 4484 7412 4485 7412 4485 7413 4484 7413 4486 7413 4487 7414 4488 7414 4489 7414 4489 7415 4488 7415 4485 7415 4489 7416 4485 7416 4490 7416 4490 7417 4485 7417 4486 7417 4491 7418 4492 7418 4493 7418 4493 7419 4492 7419 4494 7419 4493 7420 4494 7420 4495 7420 4495 7421 4494 7421 4496 7421 4495 7422 4496 7422 4497 7422 4497 7423 4496 7423 4498 7423 4497 7424 4498 7424 4499 7424 4499 7425 4498 7425 4500 7425 4500 7426 4501 7426 4499 7426 4499 7427 4501 7427 4502 7427 4499 7428 4502 7428 4503 7428 4447 7429 4504 7429 4445 7429 4445 7430 4504 7430 4505 7430 4445 7431 4505 7431 4506 7431 4506 7432 4505 7432 4503 7432 4506 7433 4503 7433 4507 7433 4507 7434 4503 7434 4502 7434 4488 7435 4508 7435 4509 7435 4488 7436 4509 7436 4485 7436 4485 7437 4509 7437 4510 7437 4485 7438 4510 7438 4483 7438 4483 7439 4510 7439 4511 7439 4483 7440 4511 7440 4481 7440 4481 7441 4511 7441 4512 7441 4481 7442 4512 7442 4478 7442 4478 7443 4512 7443 4513 7443 4478 7444 4513 7444 4474 7444 4474 7445 4513 7445 4514 7445 4474 7446 4514 7446 4471 7446 4471 7447 4514 7447 4515 7447 4471 7448 4515 7448 4470 7448 4470 7449 4515 7449 4516 7449 4470 7450 4516 7450 4467 7450 4467 7451 4516 7451 4517 7451 4467 7452 4517 7452 4464 7452 4464 7453 4517 7453 4518 7453 4464 7454 4518 7454 4460 7454 4460 7455 4518 7455 4519 7455 4460 7456 4519 7456 4458 7456 4458 7457 4519 7457 4520 7457 4458 7458 4520 7458 4456 7458 4456 7459 4520 7459 4521 7459 4456 7460 4521 7460 4453 7460 4453 7461 4521 7461 4522 7461 4453 7462 4522 7462 4450 7462 4450 7463 4522 7463 4523 7463 4450 7464 4523 7464 4447 7464 4447 7465 4523 7465 4524 7465 4447 7466 4524 7466 4504 7466 4504 7467 4524 7467 4525 7467 4504 6142 4525 6142 4505 6142 4505 7468 4525 7468 4526 7468 4505 7469 4526 7469 4503 7469 4503 7470 4526 7470 4527 7470 4503 7471 4527 7471 4499 7471 4499 7472 4527 7472 4528 7472 4499 7473 4528 7473 4497 7473 4497 7474 4528 7474 4529 7474 4497 7475 4529 7475 4495 7475 4495 7476 4529 7476 4530 7476 4495 7477 4530 7477 4493 7477 4531 7478 4532 7478 4508 7478 4532 7479 4533 7479 4508 7479 4508 7480 4533 7480 4534 7480 4508 7481 4534 7481 4509 7481 4509 7482 4534 7482 4535 7482 4509 7483 4535 7483 4510 7483 4510 7484 4535 7484 4536 7484 4510 7485 4536 7485 4511 7485 4511 7486 4536 7486 4537 7486 4511 7487 4537 7487 4512 7487 4512 7488 4537 7488 4538 7488 4512 7489 4538 7489 4513 7489 4513 7490 4538 7490 4539 7490 4513 7491 4539 7491 4514 7491 4514 7492 4539 7492 4540 7492 4514 7493 4540 7493 4515 7493 4515 7494 4540 7494 4541 7494 4515 7495 4541 7495 4516 7495 4516 7496 4541 7496 4542 7496 4516 7497 4542 7497 4517 7497 4517 7498 4542 7498 4543 7498 4517 7499 4543 7499 4518 7499 4518 7500 4543 7500 4544 7500 4518 7501 4544 7501 4519 7501 4519 7502 4544 7502 4545 7502 4519 7503 4545 7503 4520 7503 4520 7504 4545 7504 4546 7504 4520 7505 4546 7505 4521 7505 4521 7506 4546 7506 4547 7506 4521 7507 4547 7507 4522 7507 4522 7508 4547 7508 4548 7508 4522 7509 4548 7509 4523 7509 4523 7510 4548 7510 4549 7510 4523 7511 4549 7511 4524 7511 4524 7512 4549 7512 4550 7512 4524 7513 4550 7513 4525 7513 4525 7514 4550 7514 4551 7514 4525 7515 4551 7515 4526 7515 4526 7516 4551 7516 4552 7516 4526 7517 4552 7517 4527 7517 4527 7518 4552 7518 4553 7518 4527 7519 4553 7519 4528 7519 4528 7520 4553 7520 4554 7520 4528 7521 4554 7521 4529 7521 4529 7522 4554 7522 4531 7522 4529 7523 4531 7523 4530 7523 4530 7524 4531 7524 4508 7524 4530 7525 4508 7525 4493 7525 4493 7526 4508 7526 4488 7526 4493 7527 4488 7527 4491 7527 4491 7528 4488 7528 4487 7528 4555 7529 4556 7529 4557 7529 4557 7530 4556 7530 4558 7530 4557 7531 4558 7531 4559 7531 4559 7532 4558 7532 4560 7532 4559 7533 4560 7533 4561 7533 4561 7534 4560 7534 4562 7534 4561 7535 4562 7535 4563 7535 4563 7536 4562 7536 4564 7536 4563 7537 4564 7537 4565 7537 4565 7538 4564 7538 4566 7538 4565 7539 4566 7539 4567 7539 4567 7540 4566 7540 4568 7540 4567 7541 4568 7541 4569 7541 4569 7542 4568 7542 4570 7542 4569 7543 4570 7543 4571 7543 4571 7544 4570 7544 4572 7544 4571 7545 4572 7545 4573 7545 4573 7546 4572 7546 4574 7546 4573 7547 4574 7547 4575 7547 4575 7548 4574 7548 4576 7548 4575 7549 4576 7549 4577 7549 4577 7550 4576 7550 4578 7550 4577 7551 4578 7551 4579 7551 4579 7552 4578 7552 4580 7552 4579 7553 4580 7553 4581 7553 4581 7554 4580 7554 4582 7554 4581 7555 4582 7555 4583 7555 4583 7556 4582 7556 4584 7556 4583 7557 4584 7557 4585 7557 4585 7558 4584 7558 4586 7558 4585 7559 4586 7559 4587 7559 4587 7560 4586 7560 4588 7560 4587 7561 4588 7561 4589 7561 4589 7562 4588 7562 4590 7562 4589 7563 4590 7563 4591 7563 4591 7564 4590 7564 4592 7564 4591 7565 4592 7565 4593 7565 4593 7566 4592 7566 4594 7566 4593 7567 4594 7567 4595 7567 4595 7568 4594 7568 4596 7568 4595 7569 4596 7569 4597 7569 4597 7570 4596 7570 4598 7570 4597 7571 4598 7571 4599 7571 4599 7572 4598 7572 4600 7572 4599 7573 4600 7573 4601 7573 4601 7574 4600 7574 4555 7574 4601 7575 4555 7575 4557 7575 4567 7576 4602 7576 4565 7576 4565 7577 4602 7577 4603 7577 4565 7578 4603 7578 4563 7578 4563 7579 4603 7579 4604 7579 4563 7580 4604 7580 4561 7580 4561 7581 4604 7581 4605 7581 4561 7582 4605 7582 4559 7582 4559 7583 4605 7583 4606 7583 4559 7584 4606 7584 4557 7584 4557 7585 4606 7585 4607 7585 4557 7586 4607 7586 4601 7586 4601 7587 4607 7587 4608 7587 4601 7588 4608 7588 4599 7588 4599 7589 4608 7589 4609 7589 4599 7590 4609 7590 4597 7590 4597 7591 4609 7591 4610 7591 4597 7592 4610 7592 4595 7592 4595 7593 4610 7593 4611 7593 4595 7594 4611 7594 4593 7594 4593 7595 4611 7595 4612 7595 4593 7596 4612 7596 4591 7596 4591 7597 4612 7597 4613 7597 4591 7598 4613 7598 4589 7598 4589 7599 4613 7599 4614 7599 4589 7600 4614 7600 4587 7600 4587 7601 4614 7601 4615 7601 4587 7602 4615 7602 4585 7602 4585 7603 4615 7603 4616 7603 4585 7604 4616 7604 4583 7604 4583 7605 4616 7605 4617 7605 4583 7606 4617 7606 4581 7606 4581 7607 4617 7607 4618 7607 4581 7608 4618 7608 4579 7608 4579 7609 4618 7609 4619 7609 4579 7610 4619 7610 4577 7610 4577 7611 4619 7611 4620 7611 4577 7612 4620 7612 4575 7612 4575 7613 4620 7613 4621 7613 4575 7614 4621 7614 4573 7614 4573 7615 4621 7615 4622 7615 4573 7616 4622 7616 4571 7616 4571 7617 4622 7617 4623 7617 4571 7618 4623 7618 4569 7618 4569 7619 4623 7619 4624 7619 4569 7620 4624 7620 4567 7620 4567 5988 4624 5988 4602 5988 4625 7621 4622 7621 4626 7621 4626 7622 4622 7622 4621 7622 4626 7623 4621 7623 4627 7623 4627 7624 4621 7624 4620 7624 4627 7625 4620 7625 4628 7625 4628 7626 4620 7626 4619 7626 4628 7627 4619 7627 4629 7627 4629 7628 4619 7628 4618 7628 4629 7629 4618 7629 4630 7629 4630 7630 4618 7630 4617 7630 4630 7631 4617 7631 4631 7631 4631 7632 4617 7632 4632 7632 4632 7633 4617 7633 4633 7633 4633 7634 4617 7634 4616 7634 4633 7635 4616 7635 4634 7635 4634 7636 4616 7636 4615 7636 4634 7637 4615 7637 4635 7637 4635 7638 4615 7638 4614 7638 4635 7639 4614 7639 4636 7639 4636 7640 4614 7640 4613 7640 4636 7641 4613 7641 4637 7641 4638 7642 4639 7642 4608 7642 4608 7643 4639 7643 4640 7643 4608 7644 4640 7644 4609 7644 4609 7645 4640 7645 4641 7645 4609 7646 4641 7646 4610 7646 4610 7647 4641 7647 4642 7647 4610 7648 4642 7648 4611 7648 4611 7649 4642 7649 4643 7649 4611 7650 4643 7650 4612 7650 4612 7651 4643 7651 4644 7651 4612 7652 4644 7652 4613 7652 4613 7653 4644 7653 4645 7653 4613 7654 4645 7654 4637 7654 4638 7655 4608 7655 4646 7655 4646 7656 4608 7656 4607 7656 4646 7657 4607 7657 4647 7657 4647 7658 4607 7658 4606 7658 4647 7659 4606 7659 4648 7659 4648 7660 4606 7660 4605 7660 4648 7661 4605 7661 4649 7661 4649 7662 4605 7662 4604 7662 4649 7663 4604 7663 4650 7663 4650 7664 4604 7664 4603 7664 4650 7665 4603 7665 4651 7665 4625 7666 4652 7666 4622 7666 4622 7667 4652 7667 4653 7667 4622 7668 4653 7668 4623 7668 4623 7669 4653 7669 4654 7669 4623 7670 4654 7670 4624 7670 4624 7671 4654 7671 4655 7671 4624 7672 4655 7672 4602 7672 4602 7673 4655 7673 4656 7673 4602 7674 4656 7674 4603 7674 4603 7675 4656 7675 4657 7675 4603 7676 4657 7676 4651 7676 4473 7677 4472 7677 4658 7677 4659 7678 4660 7678 4661 7678 4631 7679 4632 7679 4662 7679 4651 7680 4657 7680 4663 7680 4664 7681 4641 7681 4640 7681 4665 7682 4642 7682 4641 7682 4666 7683 4643 7683 4642 7683 4667 7684 4644 7684 4643 7684 4661 7685 4645 7685 4644 7685 4651 7686 4663 7686 4650 7686 4631 7687 4662 7687 4630 7687 4645 7688 4661 7688 4637 7688 4637 7689 4661 7689 4660 7689 4637 7690 4660 7690 4636 7690 4635 7691 4636 7691 4668 7691 4668 7692 4636 7692 4660 7692 4668 6362 4660 6362 4669 6362 4669 7693 4660 7693 4659 7693 4669 7694 4659 7694 4670 7694 4634 7695 4635 7695 4671 7695 4671 7696 4635 7696 4668 7696 4671 7697 4668 7697 4672 7697 4672 7698 4668 7698 4669 7698 4672 7699 4669 7699 4673 7699 4673 7700 4669 7700 4670 7700 4673 6359 4670 6359 4674 6359 4633 7701 4634 7701 4675 7701 4675 7702 4634 7702 4671 7702 4675 7703 4671 7703 4676 7703 4676 7704 4671 7704 4672 7704 4676 7705 4672 7705 4677 7705 4677 7706 4672 7706 4673 7706 4677 7707 4673 7707 4678 7707 4678 7707 4673 7707 4674 7707 4678 7708 4674 7708 4679 7708 4632 7709 4633 7709 4662 7709 4662 7710 4633 7710 4675 7710 4662 7711 4675 7711 4680 7711 4680 7712 4675 7712 4676 7712 4680 7713 4676 7713 4681 7713 4681 6255 4676 6255 4677 6255 4681 6256 4677 6256 4682 6256 4682 6256 4677 6256 4678 6256 4682 7714 4678 7714 4683 7714 4683 7715 4678 7715 4679 7715 4683 7716 4679 7716 4684 7716 4685 7717 4686 7717 4687 7717 4688 7718 4686 7718 4689 7718 4689 7719 4686 7719 4685 7719 4689 7720 4685 7720 4690 7720 4691 7721 4688 7721 4692 7721 4692 7722 4688 7722 4689 7722 4692 7723 4689 7723 4693 7723 4693 7724 4689 7724 4690 7724 4693 7725 4690 7725 4694 7725 4695 7726 4691 7726 4696 7726 4696 7727 4691 7727 4692 7727 4696 7728 4692 7728 4697 7728 4697 6238 4692 6238 4693 6238 4697 6239 4693 6239 4698 6239 4698 6239 4693 6239 4694 6239 4698 7729 4694 7729 4699 7729 4700 7730 4701 7730 4702 7730 4702 7731 4701 7731 4703 7731 4702 7732 4703 7732 4704 7732 4704 6352 4703 6352 4705 6352 4704 6351 4705 6351 4706 6351 4706 6351 4705 6351 4707 6351 4706 7733 4707 7733 4708 7733 4708 7734 4707 7734 4709 7734 4708 7735 4709 7735 4710 7735 4710 7736 4709 7736 4711 7736 4701 7737 4712 7737 4703 7737 4703 7738 4712 7738 4713 7738 4703 7739 4713 7739 4705 7739 4705 7740 4713 7740 4714 7740 4705 6342 4714 6342 4707 6342 4707 6342 4714 6342 4715 6342 4707 6341 4715 6341 4709 6341 4709 7741 4715 7741 4716 7741 4709 7742 4716 7742 4711 7742 4711 7743 4716 7743 4717 7743 4712 7744 4718 7744 4713 7744 4713 7745 4718 7745 4719 7745 4713 7746 4719 7746 4714 7746 4714 6334 4719 6334 4720 6334 4714 6333 4720 6333 4715 6333 4715 6333 4720 6333 4721 6333 4715 7747 4721 7747 4716 7747 4716 7748 4721 7748 4722 7748 4716 7749 4722 7749 4717 7749 4717 7750 4722 7750 4723 7750 4657 7751 4656 7751 4663 7751 4663 7752 4656 7752 4724 7752 4663 7753 4724 7753 4725 7753 4725 7754 4724 7754 4726 7754 4725 7755 4726 7755 4727 7755 4727 7756 4726 7756 4728 7756 4727 6324 4728 6324 4729 6324 4729 6324 4728 6324 4730 6324 4729 7757 4730 7757 4731 7757 4731 7758 4730 7758 4732 7758 4731 7759 4732 7759 4733 7759 4733 7760 4732 7760 4734 7760 4656 7761 4655 7761 4724 7761 4724 7762 4655 7762 4735 7762 4724 7763 4735 7763 4726 7763 4726 7764 4735 7764 4736 7764 4726 7765 4736 7765 4728 7765 4728 7766 4736 7766 4737 7766 4728 6313 4737 6313 4730 6313 4730 6313 4737 6313 4738 6313 4730 6312 4738 6312 4732 6312 4732 7767 4738 7767 4739 7767 4732 7768 4739 7768 4734 7768 4734 7769 4739 7769 4740 7769 4655 7770 4654 7770 4735 7770 4735 7771 4654 7771 4741 7771 4735 7772 4741 7772 4736 7772 4736 7773 4741 7773 4742 7773 4736 7774 4742 7774 4737 7774 4737 6303 4742 6303 4743 6303 4737 6302 4743 6302 4738 6302 4738 6302 4743 6302 4744 6302 4738 7775 4744 7775 4739 7775 4739 7776 4744 7776 4745 7776 4739 7777 4745 7777 4740 7777 4740 7778 4745 7778 4746 7778 4654 7779 4653 7779 4741 7779 4741 7780 4653 7780 4747 7780 4741 7781 4747 7781 4742 7781 4742 7782 4747 7782 4748 7782 4742 7783 4748 7783 4743 7783 4743 7784 4748 7784 4749 7784 4743 6291 4749 6291 4744 6291 4744 6291 4749 6291 4750 6291 4744 7785 4750 7785 4745 7785 4745 7786 4750 7786 4751 7786 4745 7787 4751 7787 4746 7787 4746 7788 4751 7788 4752 7788 4753 7789 4754 7789 4755 7789 4755 7790 4754 7790 4756 7790 4755 7791 4756 7791 4757 7791 4757 7792 4756 7792 4758 7792 4757 6280 4758 6280 4759 6280 4759 6280 4758 6280 4760 6280 4759 6279 4760 6279 4761 6279 4761 7793 4760 7793 4762 7793 4761 7794 4762 7794 4763 7794 4763 7795 4762 7795 4764 7795 4754 7796 4765 7796 4756 7796 4756 7797 4765 7797 4766 7797 4756 7798 4766 7798 4758 7798 4758 6272 4766 6272 4767 6272 4758 6271 4767 6271 4760 6271 4760 6271 4767 6271 4768 6271 4760 7799 4768 7799 4762 7799 4762 7800 4768 7800 4769 7800 4762 7801 4769 7801 4764 7801 4764 7802 4769 7802 4770 7802 4765 7803 4771 7803 4766 7803 4766 7804 4771 7804 4772 7804 4766 7805 4772 7805 4767 7805 4767 7806 4772 7806 4773 7806 4767 6262 4773 6262 4768 6262 4768 6262 4773 6262 4774 6262 4768 6261 4774 6261 4769 6261 4769 7807 4774 7807 4775 7807 4769 7808 4775 7808 4770 7808 4770 7809 4775 7809 4776 7809 4777 7810 4699 7810 4778 7810 4778 7811 4699 7811 4694 7811 4778 7812 4694 7812 4779 7812 4779 7725 4694 7725 4690 7725 4779 6224 4690 6224 4780 6224 4780 7813 4690 7813 4685 7813 4780 7814 4685 7814 4781 7814 4781 6215 4685 6215 4687 6215 4781 7815 4687 7815 4782 7815 4782 7816 4687 7816 4476 7816 4782 7817 4476 7817 4475 7817 4691 7818 4482 7818 4688 7818 4688 7819 4482 7819 4480 7819 4688 7820 4480 7820 4686 7820 4686 7821 4480 7821 4479 7821 4686 7822 4479 7822 4687 7822 4687 7823 4479 7823 4477 7823 4687 7824 4477 7824 4476 7824 4487 7825 4489 7825 4783 7825 4783 7826 4489 7826 4695 7826 4783 7827 4695 7827 4784 7827 4784 7828 4695 7828 4696 7828 4784 7829 4696 7829 4785 7829 4785 7830 4696 7830 4697 7830 4785 6503 4697 6503 4786 6503 4786 6503 4697 6503 4698 6503 4786 6502 4698 6502 4787 6502 4787 7831 4698 7831 4699 7831 4787 7832 4699 7832 4788 7832 4788 7833 4699 7833 4777 7833 4788 7834 4777 7834 4639 7834 4639 7835 4777 7835 4640 7835 4489 7836 4490 7836 4695 7836 4695 7837 4490 7837 4486 7837 4695 7838 4486 7838 4691 7838 4691 7839 4486 7839 4484 7839 4691 7840 4484 7840 4482 7840 4788 7841 4700 7841 4787 7841 4787 7842 4700 7842 4702 7842 4787 7843 4702 7843 4786 7843 4786 6482 4702 6482 4704 6482 4786 6483 4704 6483 4785 6483 4785 6483 4704 6483 4706 6483 4785 6484 4706 6484 4784 6484 4784 7844 4706 7844 4708 7844 4784 7845 4708 7845 4783 7845 4783 7846 4708 7846 4710 7846 4783 7847 4710 7847 4487 7847 4501 6519 4500 6519 4789 6519 4789 7848 4500 7848 4723 7848 4789 7849 4723 7849 4790 7849 4790 7850 4723 7850 4722 7850 4790 7851 4722 7851 4791 7851 4791 7852 4722 7852 4721 7852 4791 7853 4721 7853 4792 7853 4792 7853 4721 7853 4720 7853 4792 7854 4720 7854 4793 7854 4793 7855 4720 7855 4719 7855 4793 7856 4719 7856 4794 7856 4794 7857 4719 7857 4718 7857 4500 7858 4498 7858 4723 7858 4723 7859 4498 7859 4496 7859 4723 7860 4496 7860 4717 7860 4717 7861 4496 7861 4494 7861 4717 7862 4494 7862 4711 7862 4711 7863 4494 7863 4492 7863 4711 7864 4492 7864 4710 7864 4710 7865 4492 7865 4491 7865 4710 7866 4491 7866 4487 7866 4639 7867 4638 7867 4788 7867 4788 7868 4638 7868 4646 7868 4788 7869 4646 7869 4700 7869 4700 7870 4646 7870 4647 7870 4700 7871 4647 7871 4701 7871 4701 7872 4647 7872 4648 7872 4701 7873 4648 7873 4712 7873 4712 7874 4648 7874 4649 7874 4712 7875 4649 7875 4718 7875 4718 7876 4649 7876 4650 7876 4718 7877 4650 7877 4794 7877 4794 7878 4650 7878 4663 7878 4794 7879 4663 7879 4793 7879 4793 7880 4663 7880 4725 7880 4793 7881 4725 7881 4792 7881 4792 7882 4725 7882 4727 7882 4792 6449 4727 6449 4791 6449 4791 6449 4727 6449 4729 6449 4791 6450 4729 6450 4790 6450 4790 7883 4729 7883 4731 7883 4790 7884 4731 7884 4789 7884 4789 7885 4731 7885 4733 7885 4789 7886 4733 7886 4501 7886 4451 7887 4449 7887 4795 7887 4795 7888 4449 7888 4752 7888 4795 7889 4752 7889 4796 7889 4796 7890 4752 7890 4751 7890 4796 7891 4751 7891 4797 7891 4797 7892 4751 7892 4750 7892 4797 6437 4750 6437 4798 6437 4798 6437 4750 6437 4749 6437 4798 6438 4749 6438 4799 6438 4799 7893 4749 7893 4748 7893 4799 7894 4748 7894 4800 7894 4800 7895 4748 7895 4747 7895 4800 7896 4747 7896 4652 7896 4652 7897 4747 7897 4653 7897 4449 7898 4448 7898 4752 7898 4752 7899 4448 7899 4446 7899 4752 7900 4446 7900 4746 7900 4746 7901 4446 7901 4445 7901 4746 7902 4445 7902 4740 7902 4740 7903 4445 7903 4506 7903 4740 7904 4506 7904 4734 7904 4734 7905 4506 7905 4507 7905 4734 7906 4507 7906 4733 7906 4733 7907 4507 7907 4502 7907 4733 7908 4502 7908 4501 7908 4800 7909 4753 7909 4799 7909 4799 7910 4753 7910 4755 7910 4799 7911 4755 7911 4798 7911 4798 7912 4755 7912 4757 7912 4798 7913 4757 7913 4797 7913 4797 7913 4757 7913 4759 7913 4797 7914 4759 7914 4796 7914 4796 7915 4759 7915 4761 7915 4796 7916 4761 7916 4795 7916 4795 7917 4761 7917 4763 7917 4795 7918 4763 7918 4451 7918 4462 7919 4461 7919 4801 7919 4801 7920 4461 7920 4776 7920 4801 7921 4776 7921 4802 7921 4802 7922 4776 7922 4775 7922 4802 7923 4775 7923 4803 7923 4803 6394 4775 6394 4774 6394 4803 6395 4774 6395 4804 6395 4804 6395 4774 6395 4773 6395 4804 6396 4773 6396 4805 6396 4805 7924 4773 7924 4772 7924 4805 7925 4772 7925 4806 7925 4806 7926 4772 7926 4771 7926 4461 7927 4459 7927 4776 7927 4776 7928 4459 7928 4457 7928 4776 7929 4457 7929 4770 7929 4770 7930 4457 7930 4455 7930 4770 7931 4455 7931 4764 7931 4764 7932 4455 7932 4454 7932 4764 7933 4454 7933 4763 7933 4763 7934 4454 7934 4452 7934 4763 7935 4452 7935 4451 7935 4463 7936 4462 7936 4684 7936 4684 7937 4462 7937 4801 7937 4684 7938 4801 7938 4683 7938 4683 7939 4801 7939 4802 7939 4683 7940 4802 7940 4682 7940 4682 6380 4802 6380 4803 6380 4682 6379 4803 6379 4681 6379 4681 6379 4803 6379 4804 6379 4681 7941 4804 7941 4680 7941 4680 7942 4804 7942 4805 7942 4680 7943 4805 7943 4662 7943 4662 7944 4805 7944 4806 7944 4662 7945 4806 7945 4630 7945 4630 7946 4806 7946 4771 7946 4630 7947 4771 7947 4629 7947 4629 7948 4771 7948 4765 7948 4629 7949 4765 7949 4628 7949 4628 7950 4765 7950 4754 7950 4628 7951 4754 7951 4627 7951 4627 7952 4754 7952 4753 7952 4627 7953 4753 7953 4626 7953 4626 7954 4753 7954 4800 7954 4626 7955 4800 7955 4625 7955 4625 6401 4800 6401 4652 6401 4807 7956 4466 7956 4465 7956 4644 7957 4667 7957 4661 7957 4661 7958 4667 7958 4808 7958 4661 7959 4808 7959 4659 7959 4659 7960 4808 7960 4809 7960 4659 7961 4809 7961 4670 7961 4670 6561 4809 6561 4810 6561 4670 6359 4810 6359 4674 6359 4674 6572 4810 6572 4811 6572 4674 7962 4811 7962 4679 7962 4679 7963 4811 7963 4807 7963 4679 7964 4807 7964 4684 7964 4684 7965 4807 7965 4465 7965 4684 7966 4465 7966 4463 7966 4643 7967 4666 7967 4667 7967 4667 7968 4666 7968 4812 7968 4667 7969 4812 7969 4808 7969 4808 7970 4812 7970 4813 7970 4808 7971 4813 7971 4809 7971 4809 6550 4813 6550 4814 6550 4809 6561 4814 6561 4810 6561 4810 7972 4814 7972 4815 7972 4810 7973 4815 7973 4811 7973 4811 7974 4815 7974 4816 7974 4811 7975 4816 7975 4807 7975 4807 7976 4816 7976 4468 7976 4807 7977 4468 7977 4466 7977 4642 7978 4665 7978 4666 7978 4666 7979 4665 7979 4817 7979 4666 7980 4817 7980 4812 7980 4812 7981 4817 7981 4818 7981 4812 6551 4818 6551 4813 6551 4813 6538 4818 6538 4819 6538 4813 6550 4819 6550 4814 6550 4814 6549 4819 6549 4820 6549 4814 7982 4820 7982 4815 7982 4815 7983 4820 7983 4821 7983 4815 7984 4821 7984 4816 7984 4816 7985 4821 7985 4469 7985 4816 7986 4469 7986 4468 7986 4641 7987 4664 7987 4665 7987 4665 7988 4664 7988 4822 7988 4665 7989 4822 7989 4817 7989 4817 7990 4822 7990 4823 7990 4817 7981 4823 7981 4818 7981 4818 6526 4823 6526 4824 6526 4818 6538 4824 6538 4819 6538 4819 7991 4824 7991 4825 7991 4819 7992 4825 7992 4820 7992 4820 7993 4825 7993 4658 7993 4820 7994 4658 7994 4821 7994 4821 7995 4658 7995 4472 7995 4821 7996 4472 7996 4469 7996 4640 7997 4777 7997 4664 7997 4664 7998 4777 7998 4778 7998 4664 7999 4778 7999 4822 7999 4822 8000 4778 8000 4779 8000 4822 6527 4779 6527 4823 6527 4823 6224 4779 6224 4780 6224 4823 6526 4780 6526 4824 6526 4824 7814 4780 7814 4781 7814 4824 8001 4781 8001 4825 8001 4825 8002 4781 8002 4782 8002 4825 8003 4782 8003 4658 8003 4658 8004 4782 8004 4475 8004 4658 8005 4475 8005 4473 8005 4547 8006 4441 8006 4442 8006 4436 6613 4532 6613 4531 6613 4436 8007 4531 8007 4437 8007 4438 8008 4539 8008 4433 8008 4433 8009 4539 8009 4538 8009 4433 8010 4538 8010 4434 8010 4443 8011 4549 8011 4442 8011 4442 8012 4549 8012 4548 8012 4442 8013 4548 8013 4547 8013 4531 8014 4554 8014 4437 8014 4437 8015 4554 8015 4553 8015 4437 8016 4553 8016 4444 8016 4439 8017 4541 8017 4438 8017 4438 8018 4541 8018 4540 8018 4438 8019 4540 8019 4539 8019 4553 8020 4552 8020 4444 8020 4444 8021 4552 8021 4551 8021 4444 8022 4551 8022 4443 8022 4443 8023 4551 8023 4550 8023 4443 8023 4550 8023 4549 8023 4538 8024 4537 8024 4434 8024 4434 4831 4537 4831 4536 4831 4434 4831 4536 4831 4435 4831 4440 8025 4543 8025 4439 8025 4439 8026 4543 8026 4542 8026 4439 8027 4542 8027 4541 8027 4547 8028 4546 8028 4441 8028 4441 8029 4546 8029 4545 8029 4441 8030 4545 8030 4440 8030 4440 8031 4545 8031 4544 8031 4440 8032 4544 8032 4543 8032 4536 4831 4535 4831 4435 4831 4435 8033 4535 8033 4534 8033 4435 8034 4534 8034 4436 8034 4436 8035 4534 8035 4533 8035 4436 4831 4533 4831 4532 4831 3244 8036 3245 8036 4572 8036 3246 8037 4576 8037 3245 8037 3245 8038 4576 8038 4574 8038 3245 8039 4574 8039 4572 8039 4600 8040 4598 8040 3252 8040 3252 8041 4598 8041 3253 8041 3251 8042 4556 8042 3252 8042 3252 6578 4556 6578 4555 6578 3252 4521 4555 4521 4600 4521 4572 8043 4570 8043 3244 8043 3244 8044 4570 8044 4568 8044 3244 8045 4568 8045 3243 8045 3250 8046 4590 8046 3249 8046 3249 8047 4590 8047 4588 8047 3249 8048 4588 8048 3248 8048 4598 8049 4596 8049 3253 8049 3253 4521 4596 4521 4594 4521 3253 4521 4594 4521 3250 4521 3250 4521 4594 4521 4592 4521 3250 8050 4592 8050 4590 8050 3242 8051 4560 8051 3251 8051 3251 8052 4560 8052 4558 8052 3251 8053 4558 8053 4556 8053 4568 8054 4566 8054 3243 8054 3243 8054 4566 8054 4564 8054 3243 8055 4564 8055 3242 8055 3242 8056 4564 8056 4562 8056 3242 8057 4562 8057 4560 8057 3247 8058 4580 8058 3246 8058 3246 8059 4580 8059 4578 8059 3246 8060 4578 8060 4576 8060 4588 8061 4586 8061 3248 8061 3248 8062 4586 8062 4584 8062 3248 8063 4584 8063 3247 8063 3247 8064 4584 8064 4582 8064 3247 8065 4582 8065 4580 8065 671 112 2602 112 669 112 669 112 2602 112 2600 112 669 112 2600 112 665 112 665 112 2600 112 2596 112 665 112 2596 112 668 112 668 112 2596 112 2598 112 668 112 2598 112 666 112 2430 112 2436 112 2431 112 2431 112 2436 112 2434 112 2431 112 2434 112 2429 112 2429 112 2434 112 2454 112 2429 112 2454 112 2432 112 2432 112 2454 112 2456 112 2432 112 2456 112 2428 112 2425 112 2628 112 2426 112 2426 112 2628 112 2626 112 2426 112 2626 112 2424 112 2424 112 2626 112 2622 112 2424 112 2622 112 2427 112 2427 112 2622 112 2624 112 2427 112 2624 112 2423 112 707 112 2654 112 705 112 705 112 2654 112 2652 112 705 112 2652 112 701 112 701 112 2652 112 2648 112 701 112 2648 112 704 112 704 112 2648 112 2650 112 704 112 2650 112 702 112 2417 8066 2423 8066 2624 8066 3003 8067 2584 8067 2415 8067 2654 8068 707 8068 706 8068 2414 8069 2995 8069 2994 8069 2414 8070 2994 8070 706 8070 706 8071 2994 8071 2992 8071 706 8072 2992 8072 2654 8072 2654 8073 2992 8073 3048 8073 2654 8074 3048 8074 2653 8074 2653 8075 3048 8075 3047 8075 2653 8076 3047 8076 2651 8076 2584 8077 2983 8077 2415 8077 2415 8078 2983 8078 2984 8078 2415 8079 2984 8079 2414 8079 2414 8080 2984 8080 2985 8080 2414 8081 2985 8081 2995 8081 3003 8082 2415 8082 3002 8082 3002 8083 2415 8083 2416 8083 3002 8084 2416 8084 2996 8084 2621 8085 3064 8085 2623 8085 2623 8086 3064 8086 3063 8086 2623 8087 3063 8087 2624 8087 2624 8088 3063 8088 2999 8088 2624 8089 2999 8089 2417 8089 2417 8090 2999 8090 2998 8090 2417 8091 2998 8091 2416 8091 2416 8092 2998 8092 2997 8092 2416 8093 2997 8093 2996 8093 703 8094 702 8094 2650 8094 2988 8095 2513 8095 2412 8095 2602 8096 671 8096 670 8096 2411 8097 2533 8097 2532 8097 2411 8098 2532 8098 670 8098 670 8099 2532 8099 2530 8099 670 8100 2530 8100 2602 8100 2602 8101 2530 8101 3020 8101 2602 8102 3020 8102 2601 8102 2601 8103 3020 8103 3019 8103 2601 8104 3019 8104 2599 8104 2513 8105 2515 8105 2412 8105 2412 8106 2515 8106 2517 8106 2412 8107 2517 8107 2411 8107 2411 8108 2517 8108 2519 8108 2411 8109 2519 8109 2533 8109 2988 8110 2412 8110 2987 8110 2987 8111 2412 8111 2413 8111 2987 8112 2413 8112 2978 8112 2647 8113 3050 8113 2649 8113 2649 8114 3050 8114 3049 8114 2649 8115 3049 8115 2650 8115 2650 8116 3049 8116 2981 8116 2650 8117 2981 8117 703 8117 703 8118 2981 8118 2980 8118 703 8119 2980 8119 2413 8119 2413 8120 2980 8120 2979 8120 2413 8121 2979 8121 2978 8121 2539 8122 123 8122 2560 8122 2560 8122 123 8122 131 8122 2560 8123 131 8123 2564 8123 2564 8123 131 8123 130 8123 2564 8124 130 8124 2547 8124 2547 8124 130 8124 118 8124 2547 8125 118 8125 2546 8125 2546 8125 118 8125 115 8125 2546 1052 115 1052 2576 1052 2576 1052 115 1052 112 1052 2576 8126 112 8126 2578 8126 2578 8126 112 8126 107 8126 2578 8127 107 8127 2570 8127 2570 8127 107 8127 105 8127 2570 8128 105 8128 2551 8128 2551 8128 105 8128 104 8128 2551 8129 104 8129 2550 8129 2550 8130 104 8130 150 8130 2550 8131 150 8131 2573 8131 2573 8132 150 8132 147 8132 2573 8133 147 8133 2552 8133 2552 8133 147 8133 146 8133 2552 8134 146 8134 2574 8134 2574 8134 146 8134 149 8134 2574 8135 149 8135 2556 8135 2556 8135 149 8135 148 8135 2556 772 148 772 2555 772 2555 772 148 772 140 772 2555 8136 140 8136 2557 8136 2557 8136 140 8136 128 8136 2557 8137 128 8137 2541 8137 2541 8137 128 8137 127 8137 2541 8138 127 8138 2538 8138 2538 8138 127 8138 121 8138 2538 8139 121 8139 2539 8139 2539 8139 121 8139 123 8139 4826 112 4827 112 4828 112 4829 112 4830 112 4831 112 4831 112 4830 112 4832 112 4831 112 4832 112 4827 112 4827 112 4832 112 4833 112 4827 112 4833 112 4828 112 4834 112 4835 112 4836 112 4836 112 4835 112 4837 112 4836 112 4837 112 4838 112 4839 112 4840 112 4841 112 4841 112 4840 112 4842 112 4841 112 4842 112 4829 112 4829 112 4842 112 4843 112 4829 112 4843 112 4830 112 4837 112 4844 112 4838 112 4838 112 4844 112 4845 112 4838 112 4845 112 4846 112 4846 112 4845 112 4847 112 4846 112 4847 112 4839 112 4839 112 4847 112 4848 112 4839 112 4848 112 4840 112 4849 112 4850 112 4834 112 4834 112 4850 112 4851 112 4834 112 4851 112 4835 112 4852 112 4853 112 4854 112 4854 112 4853 112 4855 112 4854 112 4855 112 4849 112 4849 112 4855 112 4856 112 4849 112 4856 112 4850 112 4857 112 4858 112 4859 112 4859 112 4858 112 4860 112 4859 112 4860 112 4852 112 4852 112 4860 112 4861 112 4852 112 4861 112 4853 112 4862 112 4863 112 4864 112 4864 112 4863 112 4865 112 4864 112 4865 112 4857 112 4857 112 4865 112 4866 112 4857 112 4866 112 4858 112 4828 112 4867 112 4826 112 4826 112 4867 112 4868 112 4826 112 4868 112 4869 112 4869 112 4868 112 4870 112 4869 112 4870 112 4862 112 4862 112 4870 112 4871 112 4862 112 4871 112 4863 112 4872 3689 4873 3689 4874 3689 4875 3689 4876 3689 4877 3689 4877 3689 4876 3689 4878 3689 4877 3689 4878 3689 4879 3689 4880 3689 4881 3689 4882 3689 4882 3689 4881 3689 4883 3689 4882 3689 4883 3689 4873 3689 4873 3689 4883 3689 4884 3689 4873 3689 4884 3689 4874 3689 4878 3689 4885 3689 4879 3689 4879 3689 4885 3689 4886 3689 4879 3689 4886 3689 4887 3689 4887 3689 4886 3689 4888 3689 4887 3689 4888 3689 4880 3689 4880 3689 4888 3689 4889 3689 4880 3689 4889 3689 4881 3689 4890 3689 4891 3689 4892 3689 4892 3689 4891 3689 4893 3689 4892 3689 4893 3689 4875 3689 4875 3689 4893 3689 4894 3689 4875 3689 4894 3689 4876 3689 4895 3689 4896 3689 4890 3689 4890 3689 4896 3689 4897 3689 4890 3689 4897 3689 4891 3689 4898 3689 4899 3689 4900 3689 4900 3689 4899 3689 4901 3689 4900 3689 4901 3689 4895 3689 4895 3689 4901 3689 4902 3689 4895 3689 4902 3689 4896 3689 4903 3689 4904 3689 4905 3689 4905 3689 4904 3689 4906 3689 4905 3689 4906 3689 4898 3689 4898 3689 4906 3689 4907 3689 4898 3689 4907 3689 4899 3689 4908 3689 4909 3689 4910 3689 4910 3689 4909 3689 4911 3689 4910 3689 4911 3689 4903 3689 4903 3689 4911 3689 4912 3689 4903 3689 4912 3689 4904 3689 4874 3689 4913 3689 4872 3689 4872 3689 4913 3689 4914 3689 4872 3689 4914 3689 4915 3689 4915 3689 4914 3689 4916 3689 4915 3689 4916 3689 4908 3689 4908 3689 4916 3689 4917 3689 4908 3689 4917 3689 4909 3689 4913 8140 4850 8140 4914 8140 4914 8141 4850 8141 4856 8141 4914 8141 4856 8141 4916 8141 4916 8142 4856 8142 4855 8142 4916 8142 4855 8142 4917 8142 4917 4698 4855 4698 4853 4698 4917 4698 4853 4698 4909 4698 4909 8143 4853 8143 4861 8143 4909 8143 4861 8143 4911 8143 4911 8144 4861 8144 4860 8144 4911 8144 4860 8144 4912 8144 4912 8145 4860 8145 4858 8145 4912 8145 4858 8145 4904 8145 4904 8146 4858 8146 4866 8146 4904 8146 4866 8146 4906 8146 4906 8147 4866 8147 4865 8147 4906 8147 4865 8147 4907 8147 4907 8148 4865 8148 4863 8148 4907 8148 4863 8148 4899 8148 4899 4831 4863 4831 4871 4831 4899 4831 4871 4831 4901 4831 4901 8149 4871 8149 4870 8149 4901 8149 4870 8149 4902 8149 4902 8150 4870 8150 4868 8150 4902 8150 4868 8150 4896 8150 4896 8151 4868 8151 4867 8151 4896 8151 4867 8151 4897 8151 4897 8152 4867 8152 4828 8152 4897 8152 4828 8152 4891 8152 4891 8153 4828 8153 4833 8153 4891 8153 4833 8153 4893 8153 4893 8154 4833 8154 4832 8154 4893 8154 4832 8154 4894 8154 4894 4590 4832 4590 4830 4590 4894 4590 4830 4590 4876 4590 4876 8155 4830 8155 4843 8155 4876 8155 4843 8155 4878 8155 4878 8156 4843 8156 4842 8156 4878 8156 4842 8156 4885 8156 4885 8157 4842 8157 4840 8157 4885 8157 4840 8157 4886 8157 4886 8158 4840 8158 4848 8158 4886 8158 4848 8158 4888 8158 4888 8159 4848 8159 4847 8159 4888 8159 4847 8159 4889 8159 4889 8160 4847 8160 4845 8160 4889 8160 4845 8160 4881 8160 4881 4521 4845 4521 4844 4521 4881 4521 4844 4521 4883 4521 4883 8161 4844 8161 4837 8161 4883 8161 4837 8161 4884 8161 4884 8162 4837 8162 4835 8162 4884 8162 4835 8162 4874 8162 4874 8163 4835 8163 4851 8163 4874 8163 4851 8163 4913 8163 4913 8140 4851 8140 4850 8140 4834 8164 4872 8164 4849 8164 4849 8164 4872 8164 4915 8164 4849 8165 4915 8165 4854 8165 4854 8165 4915 8165 4908 8165 4854 8166 4908 8166 4852 8166 4852 8166 4908 8166 4910 8166 4852 8167 4910 8167 4859 8167 4859 8167 4910 8167 4903 8167 4859 772 4903 772 4857 772 4857 772 4903 772 4905 772 4857 8168 4905 8168 4864 8168 4864 8168 4905 8168 4898 8168 4864 8169 4898 8169 4862 8169 4862 8169 4898 8169 4900 8169 4862 8170 4900 8170 4869 8170 4869 8170 4900 8170 4895 8170 4869 8171 4895 8171 4826 8171 4826 8171 4895 8171 4890 8171 4826 8172 4890 8172 4827 8172 4827 8172 4890 8172 4892 8172 4827 8173 4892 8173 4831 8173 4831 8173 4892 8173 4875 8173 4831 8174 4875 8174 4829 8174 4829 8174 4875 8174 4877 8174 4829 8175 4877 8175 4841 8175 4841 8175 4877 8175 4879 8175 4841 1052 4879 1052 4839 1052 4839 1052 4879 1052 4887 1052 4839 8176 4887 8176 4846 8176 4846 8176 4887 8176 4880 8176 4846 8177 4880 8177 4838 8177 4838 8177 4880 8177 4882 8177 4838 8178 4882 8178 4836 8178 4836 8178 4882 8178 4873 8178 4836 8179 4873 8179 4834 8179 4834 8179 4873 8179 4872 8179</p>
        </triangles>
      </mesh>
    </geometry>
  </library_geometries>
  <library_visual_scenes>
    <visual_scene id="DefaultScene">
      <node id="node_76aadc3a_e56d_46fb_92ae_9b1b067b07a7" type="NODE">
        <matrix>1 0 0 0 0 1 0 0 0 0 1 0 0 0 0 1</matrix>
        <node id="node_77daa903_a484_46ed_9763_02839825f2c4" type="NODE">
          <matrix>1 0 0 0 0 1 0 0 0 0 1 0 0 0 0 1</matrix>
          <node id="node_77daa903_a484_46ed_9763_02839825f2c4_mesh0" type="NODE">
            <matrix>1 0 0 0 0 1 0 0 0 0 1 0 0 0 0 1</matrix>
            <instance_geometry url="#geometry_6a0e65cd_0f67_48a6_94f5_a3f9b2f14270">
              <bind_material>
                <technique_common>
                  <instance_material symbol="mat_0" target="#mat_0"/>
                </technique_common>
              </bind_material>
            </instance_geometry>
          </node>
        </node>
      </node>
    </visual_scene>
  </library_visual_scenes>
  <scene>
    <instance_visual_scene url="#DefaultScene"/>
  </scene>
</COLLADA>
