<?xml version="1.0" encoding="UTF-8"?>
<COLLADA xmlns="http://www.collada.org/2005/11/COLLADASchema" version="1.4.1">
<!--
# File generated by ImageToStl.com - Free Image and 3D model conversion tools
-->
  <asset>
    <contributor>
      <author>ImageToStl.com</author>
      <authoring_tool>ImageToStl.com</authoring_tool>
    </contributor>
    <created>2025-05-13T04:40:13</created>
    <modified>2025-05-13T04:40:13</modified>
    <up_axis>Z_UP</up_axis>
  </asset>
  <library_effects>
    <effect id="effect_0">
        <profile_COMMON>
          <technique sid="common">
            <phong>
              <diffuse>
                <color>0.85 0.85 0.85 1</color>
              </diffuse>
              <specular>
                <color>0.05 0.05 0.05 1</color>
              </specular>
              <shininess>
                <float>64</float>
              </shininess>
            </phong>
          </technique>
        </profile_COMMON>
    </effect>
  </library_effects>
  <library_materials>
    <material id="mat_0">
      <instance_effect url="#effect_0"/>
    </material>
  </library_materials>
  <library_geometries>
    <geometry id="geometry_e7c89f82_f89b_487d_b758_cb5a20c52425">
      <mesh>
        <source id="pos_0">
          <float_array id="pos_0-array" count="14754">-0.00633053 -0.00987978 0.0102509 -0.00522186 -0.00796847 0.00955 -0.00512909 -0.00922315 0.0098762 -0.00392887 -0.00867919 0.00955 -0.00646209 -0.00997351 0.01029839 -0.00668244 -0.0102358 0.01040659 -0.00822608 -0.01255285 0.01129074 -0.00679801 -0.01053983 0.01050715 -0.00681145 -0.01085198 0.01059345 -0.00666552 -0.01212838 0.01091955 -0.00724104 -0.01314571 0.01129074 -0.0065059 -0.01352463 0.01129074 -0.00892006 -0.0090651 0.01056331 -0.00862213 -0.00894192 0.01046954 -0.0103723 -0.01084701 0.01129074 -0.00903461 -0.009085 0.01059345 -0.01031101 -0.00923093 0.01091955 -0.01117128 -0.01002222 0.01129074 -0.01170726 -0.00939055 0.01129074 -0.00835888 -0.00870547 0.01035721 -0.00819603 -0.00839706 0.0102509 -0.00658427 -0.00688561 0.00955 -0.00784994 -0.00717124 0.00990129 -0.00756848 -0.0057864 0.00955 -0.00998083 -0.01120827 0.01129074 -0.00866526 -0.01225381 0.01129074 0.01465664 -0.00656812 0.0164202 0.0143625 -0.00645877 0.01665629 0.01368902 -0.00754194 0.01673103 0.01405183 -0.00644562 0.01682421 0.01352463 -0.0065059 0.01700926 0.01314505 -0.00724224 0.01700926 0.01002121 -0.01117219 0.01700926 0.00939055 -0.01170726 0.01700926 0.01043591 -0.01163452 0.01673103 0.00945083 -0.01223445 0.01682421 0.01093624 -0.01027819 0.01700926 0.01167115 -0.01039492 0.01673103 0.01120737 -0.00998185 0.01700926 0.01276007 -0.009025 0.01673103 0.01225302 -0.00866637 0.01700926 0.0124813 -0.00833424 0.01700926 0.01508538 -0.00704714 0.01572921 0.01490179 -0.00676258 0.01611676 0.01425773 -0.00785527 0.0162126 0.01483027 -0.00669218 0.01622065 0.01488971 -0.00820345 0.01491811 0.01505075 -0.0079041 0.01491811 0.01468008 -0.00808796 0.01553595 0.01507887 -0.00784609 0.01492569 0.01514117 -0.007658 0.01503138 0.01515978 -0.00754516 0.01513513 0.0151627 -0.00736544 0.01533201 0.01394469 -0.00972345 0.01491811 0.01368388 -0.0096784 0.01553595 0.01387928 -0.0098166 0.01491811 0.01251612 -0.01114749 0.01553595 0.01269485 -0.01130667 0.01491811 0.01119145 -0.01247683 0.01553595 0.01135126 -0.012655 0.01491811 0.01048642 -0.01311998 0.01546607 0.01078557 -0.01306085 0.01512086 0.01109713 -0.01287842 0.01491811 0.01098746 -0.01296053 0.01495072 0.00986571 -0.01293645 0.01622237 0.00991283 -0.01296791 0.01616476 0.01086947 -0.01211787 0.0162126 0.01017603 -0.0130842 0.01584412 0.01030601 -0.01311125 0.01568534 0.00952074 -0.01250418 0.01667678 0.00955494 -0.01257797 0.0166241 0.0096861 -0.01277283 0.01644632 0.01329019 -0.00939995 0.0162126 0.01215603 -0.01082678 0.0162126 0.00368214 -0.00735212 0.01896732 0.0042794 -0.00738817 0.0189322 0.00360765 -0.00657532 0.019 0.00530131 -0.00749634 0.01882124 0.0063049 -0.00766063 0.0186247 0.00535498 -0.00688867 0.01890562 0.00745146 0.00085189 0.019 0.00749282 0.0003282 0.019 0.00764833 -0.00044761 0.01899835 0.0074503 -0.00086202 0.019 0.00794327 -0.00174346 0.01897494 0.00721991 -0.0020305 0.019 0.00799347 -0.00192771 0.01896729 0.00637791 -0.00595414 0.01890562 0.00460301 -0.00592134 0.019 0.00315376 -0.00733681 0.01898506 0.00252132 -0.00706349 0.019 0.0019336 -0.00736074 0.01899913 0.00137141 -0.00737355 0.019 0.00085189 -0.00745146 0.019 0.00725238 -0.00677052 0.0186247 0.00823269 -0.00553713 0.0186247 0.00724001 -0.00486948 0.01890562 0.00888598 -0.0044132 0.0186247 0.00791955 -0.00366202 0.01890562 0.00862929 -0.00380583 0.01876327 0.00827642 -0.00284863 0.01890113 0.00680746 -0.00314778 0.019 0.00622334 -0.00418569 0.019 0.0054823 -0.00511804 0.019 -0.00095559 -0.00398709 0.019 -0.00226162 -0.0034198 0.019 -0.00314778 -0.00680746 0.019 -0.00329487 -0.00244004 0.019 -0.00511804 -0.0054823 0.019 -0.00418569 -0.00622334 0.019 -0.00737355 -0.00137141 0.019 -0.00706349 -0.00252132 0.019 -0.00393071 -0.00116598 0.019 -0.00657532 -0.00360765 0.019 -0.00592134 -0.00460301 0.019 -0.00409245 0.00024872 0.019 -0.00749282 -0.0003282 0.019 -0.00745146 -0.00085189 0.019 -0.00376058 0.00163342 0.019 -0.00721991 0.0020305 0.019 -0.0074503 0.00086202 0.019 0.00095559 0.00398709 0.019 0.00092168 0.00744315 0.019 -0.0004657 0.00407347 0.019 -0.0002611 0.00749545 0.019 -0.00085189 0.00745146 0.019 0.00514125 0.00546055 0.019 0.00226162 0.0034198 0.019 0.00329487 0.00244004 0.019 -0.00460301 0.00592134 0.019 -0.00297512 0.00282111 0.019 -0.00183082 0.00366853 0.019 -0.00137141 0.00737355 0.019 -0.00252132 0.00706349 0.019 -0.00360765 0.00657532 0.019 0.00421789 0.00620156 0.019 0.00318943 0.00678805 0.019 0.00208149 0.00720537 0.019 0.0073742 0.00136793 0.019 0.00706705 0.00251133 0.019 0.00393071 0.00116598 0.019 0.0065838 0.00359215 0.019 0.00593649 0.00458346 0.019 -0.0054823 0.00511804 0.019 -0.00622334 0.00418569 0.019 -0.00680746 0.00314778 0.019 0.00297512 -0.00282111 0.019 0.00183082 -0.00366853 0.019 0.00409245 -0.00024872 0.019 0.00376058 -0.00163342 0.019 0.0004657 -0.00407347 0.019 -0.0020305 -0.00721991 0.019 -0.00086202 -0.0074503 0.019 0.0003282 -0.00749282 0.019 0.0090651 -0.00892006 0.01056331 0.00894192 -0.00862213 0.01046954 0.01084701 -0.0103723 0.01129074 0.009085 -0.00903461 0.01059345 0.00923093 -0.01031101 0.01091955 0.01002222 -0.01117128 0.01129074 0.00939055 -0.01170726 0.01129074 0.00870547 -0.00835888 0.01035721 0.00839706 -0.00819603 0.0102509 0.00688561 -0.00658427 0.00955 0.00717124 -0.00784994 0.00990129 0.0057864 -0.00756848 0.00955 0.00987978 -0.00633053 0.0102509 0.00796847 -0.00522186 0.00955 0.00922315 -0.00512909 0.0098762 0.00867919 -0.00392887 0.00955 0.00995477 -0.00643916 0.01028947 0.01021134 -0.00666775 0.01039757 0.01255285 -0.00822608 0.01129074 0.01050585 -0.00679051 0.01049683 0.01085198 -0.00681145 0.01059345 0.01212838 -0.00666552 0.01091955 0.01314571 -0.00724104 0.01129074 0.01352463 -0.0065059 0.01129074 0.01120827 -0.00998083 0.01129074 0.01225381 -0.00866526 0.01129074 -0.0090651 0.00892006 0.01056331 -0.00894192 0.00862213 0.01046954 -0.01084701 0.0103723 0.01129074 -0.009085 0.00903461 0.01059345 -0.00923093 0.01031101 0.01091955 -0.01002222 0.01117128 0.01129074 -0.00939055 0.01170726 0.01129074 -0.00870547 0.00835888 0.01035721 -0.00839706 0.00819603 0.0102509 -0.00688561 0.00658427 0.00955 -0.00717124 0.00784994 0.00990129 -0.0057864 0.00756848 0.00955 -0.00987978 0.00633053 0.0102509 -0.00796847 0.00522186 0.00955 -0.00922315 0.00512909 0.0098762 -0.00867919 0.00392887 0.00955 -0.00997351 0.00646209 0.01029839 -0.0102358 0.00668244 0.01040659 -0.01255285 0.00822608 0.01129074 -0.01053983 0.00679801 0.01050715 -0.01085198 0.00681145 0.01059345 -0.01212838 0.00666552 0.01091955 -0.01314571 0.00724104 0.01129074 -0.01352463 0.0065059 0.01129074 -0.01120827 0.00998083 0.01129074 -0.01225381 0.00866526 0.01129074 0.00892006 0.0090651 0.01056331 0.00862213 0.00894192 0.01046954 0.0103723 0.01084701 0.01129074 0.00903461 0.009085 0.01059345 0.01031101 0.00923093 0.01091955 0.01117128 0.01002222 0.01129074 0.01170726 0.00939055 0.01129074 0.00835888 0.00870547 0.01035721 0.00819603 0.00839706 0.0102509 0.00658427 0.00688561 0.00955 0.00784994 0.00717124 0.00990129 0.00756848 0.0057864 0.00955 0.00633053 0.00987978 0.0102509 0.00522186 0.00796847 0.00955 0.00512909 0.00922315 0.0098762 0.00392887 0.00867919 0.00955 0.00646209 0.00997351 0.01029839 0.00668244 0.0102358 0.01040659 0.00822608 0.01255285 0.01129074 0.00679801 0.01053983 0.01050715 0.00681145 0.01085198 0.01059345 0.00666552 0.01212838 0.01091955 0.00724104 0.01314571 0.01129074 0.0065059 0.01352463 0.01129074 0.00998083 0.01120827 0.01129074 0.00866526 0.01225381 0.01129074 -0.00644562 -0.01405183 0.01682421 -0.0065059 -0.01352463 0.01700926 -0.00724224 -0.01314505 0.01700926 -0.00656812 -0.01465664 0.0164202 -0.00645877 -0.0143625 0.01665629 -0.00754194 -0.01368902 0.01673103 -0.00676258 -0.01490179 0.01611676 -0.00669218 -0.01483027 0.01622065 -0.00785527 -0.01425773 0.0162126 -0.00808796 -0.01468008 0.01553595 -0.00820345 -0.01488971 0.01491811 -0.0079041 -0.01505075 0.01491811 -0.00783837 -0.01508227 0.01492809 -0.00763112 -0.01514682 0.01505406 -0.00754699 -0.01515958 0.01513295 -0.00737144 -0.01516312 0.01532481 -0.00704714 -0.01508538 0.01572921 -0.00972345 -0.01394469 0.01491811 -0.0096784 -0.01368388 0.01553595 -0.0098166 -0.01387928 0.01491811 -0.01114749 -0.01251612 0.01553595 -0.01130667 -0.01269485 0.01491811 -0.01247683 -0.01119145 0.01553595 -0.012655 -0.01135126 0.01491811 -0.01311899 -0.01050558 0.01544304 -0.01306089 -0.01078546 0.01512097 -0.01287842 -0.01109713 0.01491811 -0.01296053 -0.01098746 0.01495072 -0.01293645 -0.00986571 0.01622237 -0.01296791 -0.00991283 0.01616476 -0.01211787 -0.01086947 0.0162126 -0.01308362 -0.01017398 0.01584663 -0.01311125 -0.01030601 0.01568534 -0.01223445 -0.00945083 0.01682421 -0.01250418 -0.00952074 0.01667678 -0.01163452 -0.01043591 0.01673103 -0.01257797 -0.00955494 0.0166241 -0.01277283 -0.0096861 0.01644632 -0.00866637 -0.01225302 0.01700926 -0.009025 -0.01276007 0.01673103 -0.00998185 -0.01120737 0.01700926 -0.01039492 -0.01167115 0.01673103 -0.01117219 -0.01002121 0.01700926 -0.01170726 -0.00939055 0.01700926 -0.00939995 -0.01329019 0.0162126 -0.01082678 -0.01215603 0.0162126 -0.01405183 0.00644562 0.01682421 -0.01352463 0.0065059 0.01700926 -0.01314505 0.00724224 0.01700926 -0.01465664 0.00656812 0.01642019 -0.0143625 0.00645877 0.01665628 -0.01368902 0.00754194 0.01673103 -0.01490179 0.00676258 0.01611676 -0.01483606 0.00669737 0.01621281 -0.01425773 0.00785527 0.0162126 -0.01468008 0.00808796 0.01553595 -0.01488971 0.00820345 0.01491811 -0.01505075 0.0079041 0.01491811 -0.01507887 0.00784609 0.01492569 -0.01514117 0.007658 0.01503138 -0.01515954 0.00754738 0.01513289 -0.0151627 0.00736544 0.01533201 -0.01508538 0.00704714 0.01572921 -0.01394469 0.00972345 0.01491811 -0.01368388 0.0096784 0.01553595 -0.01387928 0.0098166 0.01491811 -0.01251612 0.01114749 0.01553595 -0.01269485 0.01130667 0.01491811 -0.01119145 0.01247683 0.01553595 -0.01135126 0.012655 0.01491811 -0.01050558 0.01311899 0.01544304 -0.01078546 0.01306089 0.01512097 -0.01109713 0.01287842 0.01491811 -0.01098746 0.01296053 0.01495072 -0.00986571 0.01293645 0.01622237 -0.00991283 0.01296791 0.01616476 -0.01086947 0.01211787 0.0162126 -0.01017398 0.01308362 0.01584663 -0.01030601 0.01311125 0.01568534 -0.00945083 0.01223445 0.01682421 -0.00952074 0.01250418 0.01667678 -0.01043591 0.01163452 0.01673103 -0.00955494 0.01257797 0.0166241 -0.0096861 0.01277283 0.01644632 -0.01225302 0.00866637 0.01700926 -0.01276007 0.009025 0.01673103 -0.01120737 0.00998185 0.01700926 -0.01167115 0.01039492 0.01673103 -0.01002121 0.01117219 0.01700926 -0.00939055 0.01170726 0.01700926 -0.01329019 0.00939995 0.0162126 -0.01215603 0.01082678 0.0162126 0.00656812 0.01465664 0.0164202 0.00645877 0.0143625 0.01665629 0.00754194 0.01368902 0.01673103 0.00644562 0.01405183 0.01682421 0.0065059 0.01352463 0.01700926 0.00724224 0.01314505 0.01700926 0.01223445 0.00945083 0.01682421 0.01250418 0.00952074 0.01667678 0.01163452 0.01043591 0.01673103 0.01170726 0.00939055 0.01700926 0.01117219 0.01002121 0.01700926 0.01039492 0.01167115 0.01673103 0.00998185 0.01120737 0.01700926 0.009025 0.01276007 0.01673103 0.00866637 0.01225302 0.01700926 0.00833424 0.0124813 0.01700926 0.00676258 0.01490179 0.01611676 0.00669218 0.01483027 0.01622065 0.00785527 0.01425773 0.0162126 0.00808796 0.01468008 0.01553595 0.00820345 0.01488971 0.01491811 0.0079041 0.01505075 0.01491811 0.00784609 0.01507887 0.01492569 0.007658 0.01514117 0.01503138 0.00754516 0.01515978 0.01513513 0.00736544 0.0151627 0.01533201 0.00704714 0.01508538 0.01572921 0.00972345 0.01394469 0.01491811 0.0096784 0.01368388 0.01553595 0.0098166 0.01387928 0.01491811 0.01114749 0.01251612 0.01553595 0.01130667 0.01269485 0.01491811 0.01247683 0.01119145 0.01553595 0.012655 0.01135126 0.01491811 0.01311899 0.01050558 0.01544304 0.01306089 0.01078546 0.01512097 0.01287842 0.01109713 0.01491811 0.01296053 0.01098746 0.01495072 0.01311194 0.01031102 0.01567921 0.01211787 0.01086947 0.0162126 0.01308362 0.01017398 0.01584663 0.01296791 0.00991283 0.01616476 0.01258777 0.00956005 0.01661659 0.01277283 0.0096861 0.01644632 0.01294088 0.009872 0.01621467 0.00939995 0.01329019 0.0162126 0.01082678 0.01215603 0.0162126 -0.01223445 -0.00945083 0.01147579 -0.00754069 -0.01368971 0.01156897 -0.00644562 -0.01405183 0.01147579 -0.00902384 -0.01276089 0.01156897 -0.01039386 -0.0116721 0.01156897 -0.01253414 -0.00953375 0.01164372 -0.01163357 -0.01043697 0.01156897 -0.01299095 -0.00995144 0.01218324 -0.01293716 -0.00986672 0.01207935 -0.01211689 -0.01087057 0.0120874 -0.01279601 -0.00970667 0.0118798 -0.01291891 -0.01104696 0.01337431 -0.01302205 -0.01087779 0.01326862 -0.01247582 -0.01119258 0.01276405 -0.01306565 -0.01077205 0.01316487 -0.01310905 -0.01059763 0.01296799 -0.01310557 -0.0102701 0.01257079 -0.0079041 -0.01505075 0.01338189 -0.0082021 -0.01489045 0.01338189 -0.00808663 -0.01468082 0.01276405 -0.00981534 -0.01388017 0.01338189 -0.00967715 -0.01368476 0.01276405 -0.01130552 -0.01269587 0.01338189 -0.01114636 -0.01251713 0.01276405 -0.01265397 -0.01135241 0.01338189 -0.01287842 -0.01109713 0.01338189 -0.00777873 -0.01510599 0.01334928 -0.00755941 -0.01515816 0.01317914 -0.00725463 -0.01514824 0.01283393 -0.00708084 -0.01509902 0.01261466 -0.00696033 -0.01504333 0.01245588 -0.00785397 -0.01425845 0.0120874 -0.00655332 -0.01462942 0.01185368 -0.00669136 -0.01482935 0.01207763 -0.00673016 -0.01487063 0.01213524 -0.00645285 -0.01433038 0.01162322 -0.00646952 -0.01440998 0.0116759 -0.00939874 -0.01329105 0.0120874 -0.01082567 -0.01215701 0.0120874 0.01462942 -0.00655332 0.01185368 0.01482935 -0.00669136 0.01207763 0.01425845 -0.00785397 0.0120874 0.00945083 -0.01223445 0.01147579 0.00995144 -0.01299095 0.01218324 0.00986672 -0.01293716 0.01207935 0.01087057 -0.01211689 0.0120874 0.00970667 -0.01279601 0.0118798 0.01104021 -0.01292396 0.01337191 0.01085287 -0.01303362 0.01324594 0.01119258 -0.01247582 0.01276405 0.0107738 -0.01306504 0.01316705 0.01060357 -0.01310811 0.01297519 0.0102701 -0.01310557 0.01257079 0.01505075 -0.0079041 0.01338189 0.01489045 -0.0082021 0.01338189 0.01468082 -0.00808663 0.01276405 0.01388017 -0.00981534 0.01338189 0.01368476 -0.00967715 0.01276405 0.01269587 -0.01130552 0.01338189 0.01251713 -0.01114636 0.01276405 0.01135241 -0.01265397 0.01338189 0.01109713 -0.01287842 0.01338189 0.01510599 -0.00777873 0.01334928 0.01515817 -0.00755929 0.01317903 0.0151516 -0.00727352 0.01285696 0.01509902 -0.00708084 0.01261466 0.01487063 -0.00673016 0.01213524 0.01504231 -0.00695846 0.01245337 0.01433038 -0.00645285 0.01162322 0.01440998 -0.00646952 0.0116759 0.01368971 -0.00754069 0.01156897 0.01405183 -0.00644562 0.01147579 0.01276089 -0.00902384 0.01156897 0.0116721 -0.01039386 0.01156897 0.00953375 -0.01253414 0.01164372 0.01043697 -0.01163357 0.01156897 0.01329105 -0.00939874 0.0120874 0.01215701 -0.01082567 0.0120874 0.01223445 0.00945083 0.01147579 0.01299095 0.00995144 0.01218324 0.01294163 0.00987308 0.01208719 0.01211689 0.01087057 0.0120874 0.01279601 0.00970667 0.0118798 0.01291891 0.01104696 0.01337431 0.01302205 0.01087779 0.01326862 0.01247582 0.01119258 0.01276405 0.01306491 0.01077417 0.01316711 0.01310905 0.01059764 0.01296799 0.01310557 0.0102701 0.01257079 0.0079041 0.01505075 0.01338189 0.0082021 0.01489045 0.01338189 0.00808663 0.01468082 0.01276405 0.00981534 0.01388017 0.01338189 0.00967715 0.01368476 0.01276405 0.01130552 0.01269587 0.01338189 0.01114636 0.01251713 0.01276405 0.01265397 0.01135241 0.01338189 0.01287842 0.01109713 0.01338189 0.00777873 0.01510599 0.01334928 0.00755929 0.01515817 0.01317903 0.00727352 0.0151516 0.01285696 0.00708084 0.01509902 0.01261466 0.00695846 0.01504231 0.01245337 0.00785397 0.01425845 0.0120874 0.00655332 0.01462942 0.01185368 0.00669136 0.01482935 0.01207763 0.00673016 0.01487063 0.01213524 0.00645285 0.01433038 0.01162322 0.00646952 0.01440998 0.0116759 0.00754069 0.01368971 0.01156897 0.00644562 0.01405183 0.01147579 0.00902384 0.01276089 0.01156897 0.01039386 0.0116721 0.01156897 0.01253414 0.00953375 0.01164372 0.01163357 0.01043697 0.01156897 0.00939874 0.01329105 0.0120874 0.01082567 0.01215701 0.0120874 -0.00945083 0.01223445 0.01147579 -0.01368971 0.00754069 0.01156897 -0.01405183 0.00644562 0.01147579 -0.01433038 0.00645285 0.01162322 -0.01276089 0.00902384 0.01156897 -0.0116721 0.01039386 0.01156897 -0.00953375 0.01253414 0.01164372 -0.01043697 0.01163357 0.01156897 -0.00995144 0.01299095 0.01218324 -0.00986672 0.01293716 0.01207935 -0.01087057 0.01211689 0.0120874 -0.00970667 0.01279601 0.0118798 -0.01104696 0.01291891 0.01337431 -0.01087779 0.01302205 0.01326862 -0.01119258 0.01247582 0.01276405 -0.01077205 0.01306565 0.01316487 -0.01059763 0.01310905 0.01296799 -0.0102701 0.01310557 0.01257079 -0.01505075 0.0079041 0.01338189 -0.01489045 0.0082021 0.01338189 -0.01468082 0.00808663 0.01276405 -0.01388017 0.00981534 0.01338189 -0.01368476 0.00967715 0.01276405 -0.01269587 0.01130552 0.01338189 -0.01251713 0.01114636 0.01276405 -0.01135241 0.01265397 0.01338189 -0.01109713 0.01287842 0.01338189 -0.01510599 0.00777873 0.01334928 -0.01515817 0.00755929 0.01317903 -0.0151516 0.00727352 0.01285696 -0.01510082 0.00708557 0.01262079 -0.01425845 0.00785397 0.0120874 -0.01504231 0.00695846 0.01245337 -0.01487063 0.00673016 0.01213524 -0.01442068 0.00647228 0.01168341 -0.01462942 0.00655332 0.01185368 -0.01483508 0.00669649 0.01208534 -0.01329105 0.00939874 0.0120874 -0.01215701 0.01082567 0.0120874 -0.00735212 -0.00368214 0.01896732 -0.00738817 -0.0042794 0.0189322 -0.00749634 -0.00530131 0.01882124 -0.00766063 -0.0063049 0.0186247 -0.00688867 -0.00535498 0.01890562 -0.00595414 -0.00637791 0.01890562 -0.00733681 -0.00315376 0.01898506 -0.00736074 -0.0019336 0.01899913 -0.00044761 -0.00764833 0.01899835 -0.00174346 -0.00794327 0.01897494 -0.00192771 -0.00799347 0.01896729 -0.00677052 -0.00725238 0.0186247 -0.00553713 -0.00823269 0.0186247 -0.00486948 -0.00724001 0.01890562 -0.0044132 -0.00888598 0.0186247 -0.00366202 -0.00791955 0.01890562 -0.00380583 -0.00862929 0.01876327 -0.00284863 -0.00827642 0.01890113 0.00735212 0.00368214 0.01896732 0.00738817 0.0042794 0.0189322 0.00749634 0.00530131 0.01882124 0.00766063 0.0063049 0.0186247 0.0069063 0.00533223 0.01890562 0.00044761 0.00764833 0.01899835 0.00174346 0.00794327 0.01897494 0.00192771 0.00799347 0.01896729 0.00598114 0.0063526 0.01890562 0.00733681 0.00315376 0.01898506 0.00736074 0.0019336 0.01899913 0.00680122 0.0072236 0.0186247 0.00557973 0.00820388 0.0186247 0.00490694 0.00721467 0.01890562 0.0044132 0.00888598 0.0186247 0.00371046 0.00789696 0.01890562 0.00380583 0.00862929 0.01876327 0.00284863 0.00827642 0.01890113 -0.00368214 0.00735212 0.01896732 -0.0042794 0.00738817 0.0189322 -0.00530131 0.00749634 0.01882124 -0.0063049 0.00766063 0.0186247 -0.00535498 0.00688867 0.01890562 -0.00637791 0.00595414 0.01890562 -0.00315376 0.00733681 0.01898506 -0.0019336 0.00736074 0.01899913 -0.00764833 0.00044761 0.01899835 -0.00794327 0.00174346 0.01897494 -0.00799347 0.00192771 0.01896729 -0.00725238 0.00677052 0.0186247 -0.00823269 0.00553713 0.0186247 -0.00724001 0.00486948 0.01890562 -0.00888598 0.0044132 0.0186247 -0.00791955 0.00366202 0.01890562 -0.00862929 0.00380583 0.01876327 -0.00827642 0.00284863 0.01890113 0.0107359 -0.00681792 0.01773669 0.01041785 -0.00676516 0.01783046 0.01085198 -0.00681145 0.01770655 0.01212952 -0.00666539 0.01738015 0.01010803 -0.00659422 0.01794279 0.00987978 -0.00633053 0.0180491 0.00951759 -0.00569486 0.01825314 0.00839706 -0.00819603 0.0180491 0.00708123 -0.00782818 0.0184232 0.00854638 -0.00825766 0.01800161 0.00882025 -0.00846344 0.01789341 0.00900145 -0.00873354 0.01779285 0.009085 -0.00903461 0.01770655 0.00923106 -0.01031215 0.01738015 -0.00681792 -0.0107359 0.01773669 -0.00676516 -0.01041785 0.01783046 -0.00681145 -0.01085198 0.01770655 -0.00666539 -0.01212952 0.01738015 -0.00659422 -0.01010803 0.01794279 -0.00633053 -0.00987978 0.0180491 -0.00569486 -0.00951759 0.01825314 -0.00844293 -0.00880042 0.01790243 -0.00870213 -0.00898647 0.01780317 -0.00782818 -0.00708123 0.0184232 -0.00819603 -0.00839706 0.0180491 -0.00824458 -0.00851981 0.01801053 -0.00903461 -0.009085 0.01770655 -0.01031215 -0.00923106 0.01738015 0.00681792 0.0107359 0.01773669 0.00676516 0.01041785 0.01783046 0.00681145 0.01085198 0.01770655 0.00666539 0.01212952 0.01738015 0.00659422 0.01010803 0.01794279 0.00633053 0.00987978 0.0180491 0.00569486 0.00951759 0.01825314 0.00782818 0.00708123 0.0184232 0.00819603 0.00839706 0.0180491 0.00825766 0.00854638 0.01800161 0.00846344 0.00882025 0.01789341 0.00873354 0.00900145 0.01779285 0.00903461 0.009085 0.01770655 0.01031215 0.00923106 0.01738015 -0.0107359 0.00681792 0.01773669 -0.01041785 0.00676516 0.01783046 -0.01085198 0.00681145 0.01770655 -0.01212952 0.00666539 0.01738015 -0.01010803 0.00659422 0.01794279 -0.00987978 0.00633053 0.0180491 -0.00951759 0.00569486 0.01825314 -0.00708123 0.00782818 0.0184232 -0.00839706 0.00819603 0.0180491 -0.00854638 0.00825766 0.01800161 -0.00882025 0.00846344 0.01789341 -0.00900145 0.00873354 0.01779285 -0.009085 0.00903461 0.01770655 -0.00923106 0.01031215 0.01738015 0.00644562 0.01405183 0.01502795 0.0065 0.01357617 0.01515 0.0065568 0.01307941 0.01501602 0.00644562 0.01405183 0.01327205 0.0065 0.01357617 0.01315 0.0065568 0.01307941 0.01328397 0.00659837 0.01271575 0.01365 0.00661359 0.01258264 0.01415 0.00659837 0.01271575 0.01465 0.00957236 -0.01261038 0.01464996 0.00959715 -0.01265213 0.01456397 0.00945083 -0.01223445 0.01502795 0.00950864 -0.01247363 0.01484094 0.00945083 -0.01223445 0.01327205 0.00948389 -0.01239926 0.01338686 0.00956996 -0.01260609 0.01364228 0.00964097 -0.01271633 0.01394657 0.00965568 -0.01273567 0.01414981 0.00965143 -0.01273018 0.01425883 0.01405183 -0.00644562 0.01502795 0.01357617 -0.0065 0.01515 0.01307941 -0.0065568 0.01501602 0.01405183 -0.00644562 0.01327205 0.01357617 -0.0065 0.01315 0.01307941 -0.0065568 0.01328397 0.01271575 -0.00659837 0.01365 0.01258264 -0.00661359 0.01415 0.01271575 -0.00659837 0.01465 0.00745146 0.00085189 0.00995 0.00737469 0.00409157 0.00995 0.00737469 0.00409157 0.00955 0.00735211 0.00368181 0.00995 0.00799339 -0.00192743 0.00995 0.00810787 -0.00232151 0.00955 0.00810787 -0.00232151 0.00995 0.01261038 0.00957236 0.01464996 0.01265213 0.00959715 0.01456397 0.01223445 0.00945083 0.01502795 0.01247363 0.00950864 0.01484094 0.01223445 0.00945083 0.01327205 0.01239926 0.00948389 0.01338686 0.01260609 0.00956996 0.01364228 0.01271633 0.00964097 0.01394657 0.01273567 0.00965568 0.01414981 0.01273018 0.00965143 0.01425883 -0.00957236 0.01261038 0.01464996 -0.00959715 0.01265213 0.01456397 -0.00945083 0.01223445 0.01502795 -0.00950864 0.01247363 0.01484094 -0.00945083 0.01223445 0.01327205 -0.00948389 0.01239926 0.01338686 -0.00956996 0.01260609 0.01364228 -0.00964097 0.01271633 0.01394657 -0.00965568 0.01273567 0.01414981 -0.00965143 0.01273018 0.01425883 -0.01405183 0.00644562 0.01502795 -0.01357617 0.0065 0.01515 -0.01307941 0.0065568 0.01501602 -0.01405183 0.00644562 0.01327205 -0.01357617 0.0065 0.01315 -0.01307941 0.0065568 0.01328397 -0.01271575 0.00659837 0.01365 -0.01258264 0.00661359 0.01415 -0.01271575 0.00659837 0.01465 0.00085189 -0.00745146 0.00995 0.00409157 -0.00737469 0.00995 0.00409157 -0.00737469 0.00955 0.00368181 -0.00735211 0.00995 -0.00192743 -0.00799339 0.00995 -0.00232151 -0.00810787 0.00955 -0.00232151 -0.00810787 0.00995 -0.01261038 -0.00957236 0.01464996 -0.01265213 -0.00959715 0.01456397 -0.01223445 -0.00945083 0.01502795 -0.01247363 -0.00950864 0.01484094 -0.01223445 -0.00945083 0.01327205 -0.01239926 -0.00948389 0.01338686 -0.01260609 -0.00956996 0.01364228 -0.01271633 -0.00964097 0.01394657 -0.01273567 -0.00965568 0.01414981 -0.01273018 -0.00965143 0.01425883 -0.00644562 -0.01405183 0.01327205 -0.0065 -0.01357617 0.01315 -0.0065568 -0.01307941 0.01328397 -0.00659837 -0.01271575 0.01365 -0.00661359 -0.01258264 0.01415 -0.00644562 -0.01405183 0.01502795 -0.0065 -0.01357617 0.01515 -0.0065568 -0.01307941 0.01501602 -0.00659837 -0.01271575 0.01465 0.01444549 -0.00647917 0.01365004 0.01449175 -0.0064939 0.01373602 0.01429788 -0.00644796 0.01345906 0.01421985 -0.00644064 0.01491314 0.01444077 -0.00647781 0.01465772 0.01456419 -0.0065221 0.01435343 0.01458635 -0.00653206 0.01415019 0.01458004 -0.00652916 0.01404117 0.0117588 0.00939645 0.01315 0.01126203 0.00933965 0.01328397 0.0117588 0.00939645 0.01515 0.01126203 0.00933965 0.01501602 0.01089838 0.00929808 0.01465 0.01076527 0.00928286 0.01415 0.01089838 0.00929808 0.01365 0.01231235 0.00895648 0.01501602 0.01181559 0.00889968 0.01515 0.01131883 0.00884289 0.01501602 0.01095517 0.00880131 0.01465 0.01082206 0.0087861 0.01415 0.01095517 0.00880131 0.01365 0.01131883 0.00884289 0.01328397 0.01181559 0.00889968 0.01315 0.01231235 0.00895648 0.01328397 0.01267601 0.00899805 0.01465 0.01280912 0.00901327 0.01415 0.01267601 0.00899805 0.01365 0.00939645 -0.0117588 0.01315 0.00933965 -0.01126203 0.01328397 0.00939645 -0.0117588 0.01515 0.00933965 -0.01126203 0.01501602 0.00929808 -0.01089838 0.01465 0.00928286 -0.01076527 0.01415 0.00929808 -0.01089838 0.01365 -0.00644796 -0.01429788 0.01345906 -0.00647917 -0.01444549 0.01365004 -0.0064939 -0.01449175 0.01373602 -0.00644064 -0.01421985 0.01491314 -0.00647781 -0.01444077 0.01465772 -0.0065221 -0.01456419 0.01435343 -0.00653206 -0.01458635 0.01415019 -0.00652916 -0.01458004 0.01404117 0.00895648 -0.01231235 0.01501602 0.00889968 -0.01181559 0.01515 0.00884289 -0.01131883 0.01501602 0.00880131 -0.01095517 0.01465 0.0087861 -0.01082206 0.01415 0.00880131 -0.01095517 0.01365 0.00884289 -0.01131883 0.01328397 0.00889968 -0.01181559 0.01315 0.00895648 -0.01231235 0.01328397 0.00899805 -0.01267601 0.01465 0.00901327 -0.01280912 0.01415 0.00899805 -0.01267601 0.01365 -0.01429788 0.00644796 0.01345906 -0.01444549 0.00647917 0.01365004 -0.01449175 0.0064939 0.01373603 -0.01421985 0.00644064 0.01491314 -0.01444077 0.00647781 0.01465772 -0.01456419 0.0065221 0.01435343 -0.01458635 0.00653206 0.01415019 -0.01458004 0.00652916 0.01404117 -0.0117588 -0.00939645 0.01315 -0.01126203 -0.00933965 0.01328397 -0.0117588 -0.00939645 0.01515 -0.01126203 -0.00933965 0.01501602 -0.01089838 -0.00929808 0.01465 -0.01076527 -0.00928286 0.01415 -0.01089838 -0.00929808 0.01365 -0.01231235 -0.00895648 0.01501602 -0.01181559 -0.00889968 0.01515 -0.01131883 -0.00884289 0.01501602 -0.01095517 -0.00880131 0.01465 -0.01082206 -0.0087861 0.01415 -0.01095517 -0.00880131 0.01365 -0.01131883 -0.00884289 0.01328397 -0.01181559 -0.00889968 0.01315 -0.01231235 -0.00895648 0.01328397 -0.01267601 -0.00899805 0.01465 -0.01280912 -0.00901327 0.01415 -0.01267601 -0.00899805 0.01365 0.00644796 0.01429788 0.01345906 0.00647917 0.01444549 0.01365004 0.0064939 0.01449175 0.01373602 0.00644064 0.01421985 0.01491314 0.00647781 0.01444077 0.01465772 0.0065221 0.01456419 0.01435343 0.00653206 0.01458635 0.01415019 0.00652916 0.01458004 0.01404117 -0.00939645 0.0117588 0.01315 -0.00933965 0.01126203 0.01328397 -0.00939645 0.0117588 0.01515 -0.00933965 0.01126203 0.01501602 -0.00929808 0.01089838 0.01465 -0.00928286 0.01076527 0.01415 -0.00929808 0.01089838 0.01365 -0.00895648 0.01231235 0.01501602 -0.00889968 0.01181559 0.01515 -0.00884289 0.01131883 0.01501602 -0.00880131 0.01095517 0.01465 -0.0087861 0.01082206 0.01415 -0.00880131 0.01095517 0.01365 -0.00884289 0.01131883 0.01328397 -0.00889968 0.01181559 0.01315 -0.00895648 0.01231235 0.01328397 -0.00899805 0.01267601 0.01465 -0.00901327 0.01280912 0.01415 -0.00899805 0.01267601 0.01365 0.01351938 -0.00600324 0.01315 0.01401614 -0.00594645 0.01328397 0.0143798 -0.00590487 0.01365 0.01451291 -0.00588965 0.01415 0.0143798 -0.00590487 0.01465 0.01302261 -0.00606003 0.01328397 0.01265896 -0.00610161 0.01365 0.01252585 -0.00611683 0.01415 0.01265896 -0.00610161 0.01465 0.01302261 -0.00606003 0.01501602 0.01351938 -0.00600324 0.01515 0.01401614 -0.00594645 0.01501602 0.01255662 -0.0055033 0.01736122 0.01201295 -0.00556546 0.01715463 0.01187766 -0.0059019 0.01681329 0.011729 -0.00559792 0.01699939 0.01138473 -0.00563728 0.01675732 0.01122343 -0.0059767 0.01627757 0.01102906 -0.00567794 0.01642624 0.01086009 -0.00569726 0.01622927 0.01073707 -0.0060323 0.01558406 0.0105087 -0.00573743 0.01568427 0.01020654 -0.00577198 0.0148285 0.01045463 -0.00606459 0.01478419 0.01013723 -0.0057799 0.01415 0.01039708 -0.00607117 0.01393728 0.01014496 -0.00577902 0.01392242 0.01056867 -0.00605155 0.01310616 0.01022031 -0.0057704 0.01340792 0.01032854 -0.00575803 0.01303321 0.01046535 -0.00574239 0.01270305 0.01095669 -0.00600719 0.01235244 0.01074367 -0.00571057 0.01222684 0.01086009 -0.00569726 0.01207073 0.01153234 -0.00594138 0.01173205 0.01135955 -0.00564016 0.01156309 0.01213051 -0.00555202 0.0110912 0.01271326 -0.00548539 0.01089873 0.01306507 -0.00576615 0.01106196 0.01225295 -0.005859 0.01129098 0.01299938 -0.00545268 0.01084617 0.01345054 -0.0054011 0.01081511 0.01390846 -0.00566973 0.01106196 0.0139017 -0.00534952 0.01084617 0.01418782 -0.00531681 0.01089873 0.01472057 -0.00557688 0.01129098 0.01477056 -0.00525019 0.0110912 0.01554153 -0.00516205 0.01156309 0.01544118 -0.0054945 0.01173205 0.01604098 -0.00510495 0.01207073 0.01601684 -0.00542869 0.01235244 0.01615741 -0.00509164 0.01222684 0.01640485 -0.00538433 0.01310616 0.01643572 -0.00505982 0.01270305 0.01675612 -0.00502319 0.01392242 0.01657644 -0.00536471 0.01393728 0.01668077 -0.0050318 0.01340792 0.01657254 -0.00504418 0.01303321 0.01676384 -0.00502231 0.01415 0.01669454 -0.00503023 0.0148285 0.01651889 -0.00537129 0.01478419 0.01639237 -0.00506477 0.01568427 0.01623646 -0.00540358 0.01558406 0.01604098 -0.00510495 0.01622927 0.01575009 -0.00545918 0.01627757 0.01587202 -0.00512426 0.01642624 0.01509586 -0.00553398 0.01681329 0.01551635 -0.00516493 0.01675732 0.01517208 -0.00520429 0.01699939 0.01488813 -0.00523675 0.01715463 0.0143223 -0.00562242 0.01715149 0.01265123 -0.00581346 0.01715149 0.01348676 -0.00571794 0.01726708 0.01345054 -0.0054011 0.01748489 0.01434446 -0.0052989 0.01736122 0.01628102 -0.00561246 0.01395928 0.01612717 -0.00563005 0.01321412 0.01577929 -0.00566982 0.01253837 0.01526318 -0.00572882 0.01198214 0.0146171 -0.00580269 0.0115867 0.01388899 -0.00588593 0.01138136 0.01313283 -0.00597238 0.01138136 0.01240472 -0.00605562 0.0115867 0.01175864 -0.00612948 0.01198214 0.01124252 -0.00618849 0.01253837 0.01089464 -0.00622826 0.01321412 0.0107408 -0.00624585 0.01395928 0.0107924 -0.00623995 0.01471859 0.01104562 -0.006211 0.01543573 0.01148168 -0.00616115 0.01605751 0.01206824 -0.00609409 0.01653782 0.0127618 -0.0060148 0.01684104 0.01351091 -0.00592915 0.01694467 0.01426002 -0.00584351 0.01684104 0.01495358 -0.00576422 0.01653782 0.01554014 -0.00569716 0.01605751 0.0159762 -0.00564731 0.01543573 0.01622942 -0.00561836 0.01471859 0.0158693 -0.00573458 0.0146415 0.0159195 -0.00572885 0.01415 0.0159139 -0.00572948 0.01398514 0.01578091 -0.00574469 0.01334101 0.0154802 -0.00577907 0.01275688 0.01503406 -0.00583007 0.01227607 0.01447559 -0.00589392 0.01193425 0.01384619 -0.00596588 0.01175675 0.01319256 -0.0060406 0.01175675 0.01256317 -0.00611256 0.01193425 0.01200469 -0.00617641 0.01227607 0.01155856 -0.00622741 0.01275688 0.01125784 -0.00626179 0.01334101 0.01112486 -0.006277 0.01398514 0.01116946 -0.0062719 0.0146415 0.01138835 -0.00624687 0.0152614 0.01176529 -0.00620378 0.01579888 0.01227232 -0.00614581 0.01621407 0.01287183 -0.00607727 0.01647617 0.01351938 -0.00600324 0.01656575 0.01416692 -0.00592921 0.01647617 0.01476644 -0.00586067 0.01621407 0.01527347 -0.0058027 0.01579888 0.01565041 -0.00575961 0.0152614 0.01421571 0.00917408 0.01415 0.0141655 0.00916834 0.0146415 0.01454257 0.00913639 0.01471859 0.01394662 0.00914331 0.0152614 0.01428935 0.00910744 0.01543573 0.01356968 0.00910022 0.01579888 0.01385329 0.00905759 0.01605751 0.01306265 0.00904225 0.01621407 0.01326673 0.00899053 0.01653782 0.01246313 0.00897371 0.01647617 0.01257317 0.00891124 0.01684104 0.01181559 0.00889968 0.01656575 0.01182406 0.00882559 0.01694467 0.01116805 0.00882565 0.01647617 0.01107495 0.00873995 0.01684104 0.01056853 0.00875711 0.01621407 0.01038139 0.00866066 0.01653782 0.0100615 0.00869914 0.01579888 0.00979483 0.0085936 0.01605751 0.00968456 0.00865605 0.0152614 0.00935877 0.00854375 0.01543573 0.00946567 0.00863103 0.0146415 0.00910555 0.0085148 0.01471859 0.00942107 0.00862593 0.01398514 0.00905395 0.0085089 0.01395928 0.00955405 0.00864113 0.01334101 0.00920779 0.00852649 0.01321412 0.00985477 0.00867551 0.01275688 0.00955568 0.00856626 0.01253837 0.01030091 0.00872651 0.01227607 0.01007179 0.00862527 0.01198214 0.01085938 0.00879036 0.01193425 0.01071787 0.00869913 0.0115867 0.01148877 0.00886232 0.01175675 0.01144598 0.00878237 0.01138136 0.01214241 0.00893705 0.01175675 0.01220214 0.00886882 0.01138136 0.0127718 0.009009 0.01193425 0.01293025 0.00895206 0.0115867 0.01333027 0.00907285 0.01227607 0.01357633 0.00902592 0.01198214 0.01377641 0.00912385 0.01275688 0.01409244 0.00908493 0.01253837 0.01407713 0.00915823 0.01334101 0.01444033 0.0091247 0.01321412 0.01421011 0.00917344 0.01398514 0.01459417 0.00914229 0.01395928 0.01268374 0.00870991 0.01715149 0.01345731 0.00879834 0.01681329 0.01411153 0.00887314 0.01627757 0.0145979 0.00892874 0.01558406 0.01488034 0.00896103 0.01478419 0.01493789 0.00896761 0.01393728 0.0147663 0.008948 0.01310616 0.01437828 0.00890363 0.01235244 0.01380263 0.00883782 0.01173205 0.01308202 0.00875544 0.01129098 0.0122699 0.00866259 0.01106196 0.01142651 0.00856617 0.01106196 0.0106144 0.00847333 0.01129098 0.00989379 0.00839094 0.01173205 0.00931813 0.00832513 0.01235244 0.00893012 0.00828077 0.01310616 0.00875852 0.00826115 0.01393728 0.00881608 0.00826773 0.01478419 0.00909851 0.00830002 0.01558406 0.00958488 0.00835562 0.01627757 0.01023911 0.00843042 0.01681329 0.01101267 0.00851886 0.01715149 0.01184821 0.00861438 0.01726708 0.00981862 0.00806137 0.01675732 0.00929398 0.00800139 0.01622927 0.00889925 0.00795626 0.01559695 0.0086542 0.00792824 0.01489208 0.00857112 0.00791875 0.01415 0.0086542 0.00792824 0.01340792 0.00876243 0.00794062 0.01303321 0.00889925 0.00795626 0.01270305 0.00929398 0.00800139 0.01207073 0.00981862 0.00806137 0.01154268 0.01044684 0.00813319 0.01114537 0.01114715 0.00821325 0.01089873 0.01143327 0.00824596 0.01084617 0.01511466 0.00866684 0.01340792 0.01500643 0.00865447 0.01303321 0.01486961 0.00863883 0.01270305 0.01447488 0.0085937 0.01207073 0.01395024 0.00853372 0.01154268 0.01332202 0.0084619 0.01114537 0.01262171 0.00838183 0.01089873 0.01188443 0.00829754 0.01081511 0.01519773 0.00867634 0.01415 0.01511466 0.00866684 0.01489208 0.01486961 0.00863883 0.01559695 0.01447488 0.0085937 0.01622927 0.01395024 0.00853372 0.01675732 0.01360597 0.00849436 0.01699939 0.01016289 0.00810073 0.01699939 0.01044684 0.00813319 0.01715463 0.01114715 0.00821325 0.01740127 0.01188443 0.00829754 0.01748489 0.01262171 0.00838183 0.01740127 0.01332202 0.0084619 0.01715463 0.01234497 -0.00361231 0.01022772 0.01133224 0.00433688 0.00977534 0.01121112 0.00630538 0.01022772 0.01210056 0.00640707 0.01012685 0.00849929 0.00599535 0.01240442 0.01383484 0.00660534 0.01777473 0.01522563 0.00676434 0.01164161 0.01459272 0.00669199 0.01100458 0.01383484 0.00660534 0.01052527 0.01299 0.00650876 0.01022772 0.01036628 0.0062088 0.01052527 0.01038996 0.00422916 0.01010721 0.01051757 0.00222074 0.00989677 0.0096084 0.00612215 0.01100458 0.00954468 0.00413252 0.0106418 0.00962829 0.00211907 0.01045918 0.00985812 0.00010873 0.01045918 0.00897549 0.00604979 0.01164161 0.00883877 0.00405182 0.0113523 0.00888564 0.00203417 0.01120667 0.00911547 2.382E-05 0.01120667 0.0095252 -0.00195234 0.0113523 0.00830764 0.00399109 0.01220309 0.00832686 0.00197029 0.01210175 0.0085567 -4.006E-05 0.01210175 0.00899407 -0.00201306 0.01220309 0.00963314 -0.00392235 0.01240442 0.01494501 -0.00133272 0.01010721 0.01496869 -0.00331235 0.01052527 0.01412385 -0.00340894 0.01022772 0.01572656 -0.00322571 0.01100458 0.01579029 -0.00123608 0.0106418 0.01570668 0.00077737 0.01045918 0.01635947 -0.00315335 0.01164161 0.0164962 -0.00115537 0.0113523 0.01644933 0.00086227 0.01120667 0.0162195 0.00287262 0.01120667 0.01683568 -0.00309891 0.01240442 0.01702733 -0.00109465 0.01220309 0.01700811 0.00092616 0.01210175 0.01677827 0.0029365 0.01210175 0.0163409 0.0049095 0.01220309 0.01609767 0.00686404 0.01415 0.01599745 0.00685258 0.01504523 0.01678239 0.00495998 0.01415 0.01667062 0.0049472 0.01514849 0.01724275 0.0029896 0.01415 0.01712515 0.00297616 0.01520046 0.01747258 0.00097926 0.01415 0.01735499 0.00096581 0.01520046 0.01746882 -0.00104418 0.01415 0.01735705 -0.00105696 0.01514849 0.01723152 -0.00305365 0.01415 0.0171313 -0.00306511 0.01504523 0.01570183 0.00681879 0.01589558 0.0163409 0.0049095 0.01609691 0.01677827 0.0029365 0.01619825 0.01700811 0.00092616 0.01619825 0.01702733 -0.00109465 0.01609691 0.01683568 -0.00309891 0.01589558 0.01522563 0.00676434 0.01665839 0.01580977 0.00484878 0.0169477 0.0162195 0.00287262 0.01709333 0.01644933 0.00086227 0.01709333 0.0164962 -0.00115537 0.0169477 0.01635947 -0.00315335 0.01665839 0.01299 0.00650876 0.01807228 0.01425858 0.00467144 0.01819279 0.01331629 0.00456371 0.01852466 0.01458756 0.00268605 0.01840323 0.01359623 0.00257271 0.01875237 0.01481739 0.0006757 0.01840323 0.01382606 0.00056237 0.01875237 0.01494501 -0.00133272 0.01819279 0.01400272 -0.00144044 0.01852466 0.01496869 -0.00331235 0.01777473 0.01412385 -0.00340894 0.01807228 0.01210056 0.00640707 0.01817315 0.01232427 0.0044503 0.01863716 0.01255257 0.00245339 0.01887073 0.0127824 0.00044305 0.01887073 0.0130107 -0.00155386 0.01863716 0.01323441 -0.00351063 0.01817315 0.01121112 0.00630538 0.01807228 0.01133224 0.00433688 0.01852466 0.0115089 0.00233408 0.01875237 0.01173874 0.00032373 0.01875237 0.01201867 -0.00166727 0.01852466 0.01234497 -0.00361231 0.01807228 0.01036628 0.0062088 0.01777473 0.01038996 0.00422916 0.01819279 0.01051757 0.00222074 0.01840323 0.01074741 0.0002104 0.01840323 0.01107639 -0.001775 0.01819279 0.01150013 -0.0037089 0.01777473 0.00897549 0.00604979 0.01665839 0.00849929 0.00599535 0.01589558 0.00883877 0.00405182 0.0169477 0.00830764 0.00399109 0.01609691 0.00888564 0.00203417 0.01709333 0.00832686 0.00197029 0.01619825 0.00911547 2.382E-05 0.01709333 0.0085567 -4.006E-05 0.01619825 0.0095252 -0.00195234 0.0169477 0.00899407 -0.00201306 0.01609691 0.01010934 -0.0038679 0.01665839 0.00963314 -0.00392235 0.01589558 0.00820367 0.00596155 0.01504523 0.00797792 0.0039534 0.01514849 0.00797998 0.00193063 0.01520046 0.00820982 -7.972E-05 0.01520046 0.00866435 -0.00205076 0.01514849 0.00933752 -0.00395614 0.01504523 0.00810345 0.0059501 0.01415 0.00786615 0.00394062 0.01415 0.00786239 0.00191718 0.01415 0.00809222 -9.316E-05 0.01415 0.00855258 -0.00206354 0.01415 0.0092373 -0.0039676 0.01415 0.01570183 0.00681879 0.01240442 0.01580977 0.00484878 0.0113523 0.01547685 0.00278771 0.01045918 0.01481739 0.0006757 0.00989677 0.01400272 -0.00144044 0.00977534 0.01323441 -0.00351063 0.01012685 0.0171313 -0.00306511 0.01325477 0.01735705 -0.00105696 0.01315151 0.01735499 0.00096581 0.01309954 0.01712515 0.00297616 0.01309954 0.01667062 0.0049472 0.01315151 0.01599745 0.00685258 0.01325477 0.01572656 -0.00322571 0.01729542 0.01579029 -0.00123608 0.0176582 0.01570668 0.00077737 0.01784082 0.01547685 0.00278771 0.01784082 0.01510386 0.00476808 0.0176582 0.01459272 0.00669199 0.01729542 0.01074225 -0.00379555 0.01729542 0.01023111 -0.00187164 0.0176582 0.00985812 0.00010873 0.01784082 0.00962829 0.00211907 0.01784082 0.00954468 0.00413252 0.0176582 0.0096084 0.00612215 0.01729542 0.00933752 -0.00395614 0.01325477 0.00866435 -0.00205076 0.01315151 0.00820982 -7.972E-05 0.01309954 0.00797998 0.00193063 0.01309954 0.00797792 0.0039534 0.01315151 0.00820367 0.00596155 0.01325477 0.01010934 -0.0038679 0.01164161 0.01232427 0.0044503 0.00966284 0.0115089 0.00233408 0.00954763 0.01074741 0.0002104 0.00989677 0.01023111 -0.00187164 0.0106418 0.01331629 0.00456371 0.00977534 0.01255257 0.00245339 0.00942927 0.01173874 0.00032373 0.00954763 0.01107639 -0.001775 0.01010721 0.01074225 -0.00379555 0.01100458 0.01425858 0.00467144 0.01010721 0.01359623 0.00257271 0.00954763 0.0127824 0.00044305 0.00942927 0.01201867 -0.00166727 0.00977534 0.01150013 -0.0037089 0.01052527 0.01510386 0.00476808 0.0106418 0.01458756 0.00268605 0.00989677 0.01382606 0.00056237 0.00954763 0.0130107 -0.00155386 0.00966284 -0.00600324 -0.01351938 0.01315 -0.00594645 -0.01401614 0.01328397 -0.00590487 -0.0143798 0.01365 -0.00588965 -0.01451291 0.01415 -0.00590487 -0.0143798 0.01465 -0.00606003 -0.01302261 0.01328397 -0.00610161 -0.01265896 0.01365 -0.00611683 -0.01252585 0.01415 -0.00610161 -0.01265896 0.01465 -0.00606003 -0.01302261 0.01501602 -0.00600324 -0.01351938 0.01515 -0.00594645 -0.01401614 0.01501602 -0.0055033 -0.01255662 0.01736122 -0.00556546 -0.01201295 0.01715463 -0.0059019 -0.01187766 0.01681329 -0.00559792 -0.011729 0.01699939 -0.00563728 -0.01138473 0.01675732 -0.0059767 -0.01122343 0.01627757 -0.00567794 -0.01102906 0.01642624 -0.00569726 -0.01086009 0.01622927 -0.0060323 -0.01073707 0.01558406 -0.00573743 -0.0105087 0.01568427 -0.00577198 -0.01020654 0.0148285 -0.00606459 -0.01045463 0.01478419 -0.0057799 -0.01013723 0.01415 -0.00607117 -0.01039708 0.01393728 -0.00577902 -0.01014496 0.01392242 -0.00605155 -0.01056867 0.01310616 -0.0057704 -0.01022031 0.01340792 -0.00575803 -0.01032854 0.01303321 -0.00574239 -0.01046535 0.01270305 -0.00600719 -0.01095669 0.01235244 -0.00571057 -0.01074367 0.01222684 -0.00569726 -0.01086009 0.01207073 -0.00594138 -0.01153234 0.01173205 -0.00564016 -0.01135955 0.01156309 -0.00555202 -0.01213051 0.0110912 -0.00548539 -0.01271326 0.01089873 -0.00576615 -0.01306507 0.01106196 -0.005859 -0.01225295 0.01129098 -0.00545268 -0.01299938 0.01084617 -0.0054011 -0.01345054 0.01081511 -0.00566973 -0.01390846 0.01106196 -0.00534952 -0.0139017 0.01084617 -0.00531681 -0.01418782 0.01089873 -0.00557688 -0.01472057 0.01129098 -0.00525019 -0.01477056 0.0110912 -0.00516205 -0.01554153 0.01156309 -0.0054945 -0.01544118 0.01173205 -0.00510495 -0.01604098 0.01207073 -0.00542869 -0.01601684 0.01235244 -0.00509164 -0.01615741 0.01222684 -0.00538433 -0.01640485 0.01310616 -0.00505982 -0.01643572 0.01270305 -0.00502319 -0.01675612 0.01392242 -0.00536471 -0.01657644 0.01393728 -0.0050318 -0.01668077 0.01340792 -0.00504418 -0.01657254 0.01303321 -0.00502231 -0.01676384 0.01415 -0.00503023 -0.01669454 0.0148285 -0.00537129 -0.01651889 0.01478419 -0.00506477 -0.01639237 0.01568427 -0.00540358 -0.01623646 0.01558406 -0.00510495 -0.01604098 0.01622927 -0.00545918 -0.01575009 0.01627757 -0.00512426 -0.01587202 0.01642624 -0.00553398 -0.01509586 0.01681329 -0.00516493 -0.01551635 0.01675732 -0.00520429 -0.01517208 0.01699939 -0.00523675 -0.01488813 0.01715463 -0.00562242 -0.0143223 0.01715149 -0.00581346 -0.01265123 0.01715149 -0.00571794 -0.01348676 0.01726708 -0.0054011 -0.01345054 0.01748489 -0.0052989 -0.01434446 0.01736122 -0.00561246 -0.01628102 0.01395928 -0.00563005 -0.01612717 0.01321412 -0.00566982 -0.01577929 0.01253837 -0.00572882 -0.01526318 0.01198214 -0.00580269 -0.0146171 0.0115867 -0.00588593 -0.01388899 0.01138136 -0.00597238 -0.01313283 0.01138136 -0.00605562 -0.01240472 0.0115867 -0.00612948 -0.01175864 0.01198214 -0.00618849 -0.01124252 0.01253837 -0.00622826 -0.01089464 0.01321412 -0.00624585 -0.0107408 0.01395928 -0.00623995 -0.0107924 0.01471859 -0.006211 -0.01104562 0.01543573 -0.00616115 -0.01148168 0.01605751 -0.00609409 -0.01206824 0.01653782 -0.0060148 -0.0127618 0.01684104 -0.00592915 -0.01351091 0.01694467 -0.00584351 -0.01426002 0.01684104 -0.00576422 -0.01495358 0.01653782 -0.00569716 -0.01554014 0.01605751 -0.00564731 -0.0159762 0.01543573 -0.00561836 -0.01622942 0.01471859 -0.00573458 -0.0158693 0.0146415 -0.00572885 -0.0159195 0.01415 -0.00572948 -0.0159139 0.01398514 -0.00574469 -0.01578091 0.01334101 -0.00577907 -0.0154802 0.01275688 -0.00583007 -0.01503406 0.01227607 -0.00589392 -0.01447559 0.01193425 -0.00596588 -0.01384619 0.01175675 -0.0060406 -0.01319256 0.01175675 -0.00611256 -0.01256317 0.01193425 -0.00617641 -0.01200469 0.01227607 -0.00622741 -0.01155856 0.01275688 -0.00626179 -0.01125784 0.01334101 -0.006277 -0.01112486 0.01398514 -0.0062719 -0.01116946 0.0146415 -0.00624687 -0.01138835 0.0152614 -0.00620378 -0.01176529 0.01579888 -0.00614581 -0.01227232 0.01621407 -0.00607727 -0.01287183 0.01647617 -0.00600324 -0.01351938 0.01656575 -0.00592921 -0.01416692 0.01647617 -0.00586067 -0.01476644 0.01621407 -0.0058027 -0.01527347 0.01579888 -0.00575961 -0.01565041 0.0152614 0.00917408 -0.01421571 0.01415 0.00916834 -0.0141655 0.0146415 0.00913639 -0.01454257 0.01471859 0.00914331 -0.01394662 0.0152614 0.00910744 -0.01428935 0.01543573 0.00910022 -0.01356968 0.01579888 0.00905759 -0.01385329 0.01605751 0.00904225 -0.01306265 0.01621407 0.00899053 -0.01326673 0.01653782 0.00897371 -0.01246313 0.01647617 0.00891124 -0.01257317 0.01684104 0.00889968 -0.01181559 0.01656575 0.00882559 -0.01182406 0.01694467 0.00882565 -0.01116805 0.01647617 0.00873995 -0.01107495 0.01684104 0.00875711 -0.01056853 0.01621407 0.00866066 -0.01038139 0.01653782 0.00869914 -0.0100615 0.01579888 0.0085936 -0.00979483 0.01605751 0.00865605 -0.00968456 0.0152614 0.00854375 -0.00935877 0.01543573 0.00863103 -0.00946567 0.0146415 0.0085148 -0.00910555 0.01471859 0.00862593 -0.00942107 0.01398514 0.0085089 -0.00905395 0.01395928 0.00864113 -0.00955405 0.01334101 0.00852649 -0.00920779 0.01321412 0.00867551 -0.00985477 0.01275688 0.00856626 -0.00955568 0.01253837 0.00872651 -0.01030091 0.01227607 0.00862527 -0.01007179 0.01198214 0.00879036 -0.01085938 0.01193425 0.00869913 -0.01071787 0.0115867 0.00886232 -0.01148877 0.01175675 0.00878237 -0.01144598 0.01138136 0.00893705 -0.01214241 0.01175675 0.00886882 -0.01220214 0.01138136 0.009009 -0.0127718 0.01193425 0.00895206 -0.01293025 0.0115867 0.00907285 -0.01333027 0.01227607 0.00902592 -0.01357633 0.01198214 0.00912385 -0.01377641 0.01275688 0.00908493 -0.01409244 0.01253837 0.00915823 -0.01407713 0.01334101 0.0091247 -0.01444033 0.01321412 0.00917344 -0.01421011 0.01398514 0.00914229 -0.01459417 0.01395928 0.00870991 -0.01268374 0.01715149 0.00879834 -0.01345731 0.01681329 0.00887314 -0.01411153 0.01627757 0.00892874 -0.0145979 0.01558406 0.00896103 -0.01488034 0.01478419 0.00896761 -0.01493789 0.01393728 0.008948 -0.0147663 0.01310616 0.00890363 -0.01437828 0.01235244 0.00883782 -0.01380263 0.01173205 0.00875544 -0.01308202 0.01129098 0.00866259 -0.0122699 0.01106196 0.00856617 -0.01142651 0.01106196 0.00847333 -0.0106144 0.01129098 0.00839094 -0.00989379 0.01173205 0.00832513 -0.00931813 0.01235244 0.00828077 -0.00893012 0.01310616 0.00826115 -0.00875852 0.01393728 0.00826773 -0.00881608 0.01478419 0.00830002 -0.00909851 0.01558406 0.00835562 -0.00958488 0.01627757 0.00843042 -0.01023911 0.01681329 0.00851886 -0.01101267 0.01715149 0.00861438 -0.01184821 0.01726708 0.00806137 -0.00981862 0.01675732 0.00800139 -0.00929398 0.01622927 0.00795626 -0.00889925 0.01559695 0.00792824 -0.0086542 0.01489208 0.00791875 -0.00857112 0.01415 0.00792824 -0.0086542 0.01340792 0.00794062 -0.00876243 0.01303321 0.00795626 -0.00889925 0.01270305 0.00800139 -0.00929398 0.01207073 0.00806137 -0.00981862 0.01154268 0.00813319 -0.01044684 0.01114537 0.00821325 -0.01114715 0.01089873 0.00824596 -0.01143327 0.01084617 0.00866684 -0.01511466 0.01340792 0.00865447 -0.01500643 0.01303321 0.00863883 -0.01486961 0.01270305 0.0085937 -0.01447488 0.01207073 0.00853372 -0.01395024 0.01154268 0.0084619 -0.01332202 0.01114537 0.00838183 -0.01262171 0.01089873 0.00829754 -0.01188443 0.01081511 0.00867634 -0.01519773 0.01415 0.00866684 -0.01511466 0.01489208 0.00863883 -0.01486961 0.01559695 0.0085937 -0.01447488 0.01622927 0.00853372 -0.01395024 0.01675732 0.00849436 -0.01360597 0.01699939 0.00810073 -0.01016289 0.01699939 0.00813319 -0.01044684 0.01715463 0.00821325 -0.01114715 0.01740127 0.00829754 -0.01188443 0.01748489 0.00838183 -0.01262171 0.01740127 0.0084619 -0.01332202 0.01715463 -0.00361231 -0.01234497 0.01022772 0.00433688 -0.01133224 0.00977534 0.00630538 -0.01121112 0.01022772 0.00640707 -0.01210056 0.01012685 0.00599535 -0.00849929 0.01240442 0.00660534 -0.01383484 0.01777473 0.00676434 -0.01522563 0.01164161 0.00669199 -0.01459272 0.01100458 0.00660534 -0.01383484 0.01052527 0.00650876 -0.01299 0.01022772 0.0062088 -0.01036628 0.01052527 0.00422916 -0.01038996 0.01010721 0.00222074 -0.01051757 0.00989677 0.00612215 -0.0096084 0.01100458 0.00413252 -0.00954468 0.0106418 0.00211907 -0.00962829 0.01045918 0.00010873 -0.00985812 0.01045918 0.00604979 -0.00897549 0.01164161 0.00405182 -0.00883877 0.0113523 0.00203417 -0.00888564 0.01120667 2.382E-05 -0.00911547 0.01120667 -0.00195234 -0.0095252 0.0113523 0.00399109 -0.00830764 0.01220309 0.00197029 -0.00832686 0.01210175 -4.006E-05 -0.0085567 0.01210175 -0.00201306 -0.00899407 0.01220309 -0.00392235 -0.00963314 0.01240442 -0.00133272 -0.01494501 0.01010721 -0.00331235 -0.01496869 0.01052527 -0.00340894 -0.01412385 0.01022772 -0.00322571 -0.01572656 0.01100458 -0.00123608 -0.01579029 0.0106418 0.00077737 -0.01570668 0.01045918 -0.00315335 -0.01635947 0.01164161 -0.00115537 -0.0164962 0.0113523 0.00086227 -0.01644933 0.01120667 0.00287262 -0.0162195 0.01120667 -0.00309891 -0.01683568 0.01240442 -0.00109465 -0.01702733 0.01220309 0.00092616 -0.01700811 0.01210175 0.0029365 -0.01677827 0.01210175 0.0049095 -0.0163409 0.01220309 0.00686404 -0.01609767 0.01415 0.00685258 -0.01599745 0.01504523 0.00495998 -0.01678239 0.01415 0.0049472 -0.01667062 0.01514849 0.0029896 -0.01724275 0.01415 0.00297616 -0.01712515 0.01520046 0.00097926 -0.01747258 0.01415 0.00096581 -0.01735499 0.01520046 -0.00104418 -0.01746882 0.01415 -0.00105696 -0.01735705 0.01514849 -0.00305365 -0.01723152 0.01415 -0.00306511 -0.0171313 0.01504523 0.00681879 -0.01570183 0.01589558 0.0049095 -0.0163409 0.01609691 0.0029365 -0.01677827 0.01619825 0.00092616 -0.01700811 0.01619825 -0.00109465 -0.01702733 0.01609691 -0.00309891 -0.01683568 0.01589558 0.00676434 -0.01522563 0.01665839 0.00484878 -0.01580977 0.0169477 0.00287262 -0.0162195 0.01709333 0.00086227 -0.01644933 0.01709333 -0.00115537 -0.0164962 0.0169477 -0.00315335 -0.01635947 0.01665839 0.00650876 -0.01299 0.01807228 0.00467144 -0.01425858 0.01819279 0.00456371 -0.01331629 0.01852466 0.00268605 -0.01458756 0.01840323 0.00257271 -0.01359623 0.01875237 0.0006757 -0.01481739 0.01840323 0.00056237 -0.01382606 0.01875237 -0.00133272 -0.01494501 0.01819279 -0.00144044 -0.01400272 0.01852466 -0.00331235 -0.01496869 0.01777473 -0.00340894 -0.01412385 0.01807228 0.00640707 -0.01210056 0.01817315 0.0044503 -0.01232427 0.01863716 0.00245339 -0.01255257 0.01887073 0.00044305 -0.0127824 0.01887073 -0.00155386 -0.0130107 0.01863716 -0.00351063 -0.01323441 0.01817315 0.00630538 -0.01121112 0.01807228 0.00433688 -0.01133224 0.01852466 0.00233408 -0.0115089 0.01875237 0.00032373 -0.01173874 0.01875237 -0.00166727 -0.01201867 0.01852466 -0.00361231 -0.01234497 0.01807228 0.0062088 -0.01036628 0.01777473 0.00422916 -0.01038996 0.01819279 0.00222074 -0.01051757 0.01840323 0.0002104 -0.01074741 0.01840323 -0.001775 -0.01107639 0.01819279 -0.0037089 -0.01150013 0.01777473 0.00604979 -0.00897549 0.01665839 0.00599535 -0.00849929 0.01589558 0.00405182 -0.00883877 0.0169477 0.00399109 -0.00830764 0.01609691 0.00203417 -0.00888564 0.01709333 0.00197029 -0.00832686 0.01619825 2.382E-05 -0.00911547 0.01709333 -4.006E-05 -0.0085567 0.01619825 -0.00195234 -0.0095252 0.0169477 -0.00201306 -0.00899407 0.01609691 -0.0038679 -0.01010934 0.01665839 -0.00392235 -0.00963314 0.01589558 0.00596155 -0.00820367 0.01504523 0.0039534 -0.00797792 0.01514849 0.00193063 -0.00797998 0.01520046 -7.972E-05 -0.00820982 0.01520046 -0.00205076 -0.00866435 0.01514849 -0.00395614 -0.00933752 0.01504523 0.0059501 -0.00810345 0.01415 0.00394062 -0.00786615 0.01415 0.00191718 -0.00786239 0.01415 -9.316E-05 -0.00809222 0.01415 -0.00206354 -0.00855258 0.01415 -0.0039676 -0.0092373 0.01415 0.00681879 -0.01570183 0.01240442 0.00484878 -0.01580977 0.0113523 0.00278771 -0.01547685 0.01045918 0.0006757 -0.01481739 0.00989677 -0.00144044 -0.01400272 0.00977534 -0.00351063 -0.01323441 0.01012685 -0.00306511 -0.0171313 0.01325477 -0.00105696 -0.01735705 0.01315151 0.00096581 -0.01735499 0.01309954 0.00297616 -0.01712515 0.01309954 0.0049472 -0.01667062 0.01315151 0.00685258 -0.01599745 0.01325477 -0.00322571 -0.01572656 0.01729542 -0.00123608 -0.01579029 0.0176582 0.00077737 -0.01570668 0.01784082 0.00278771 -0.01547685 0.01784082 0.00476808 -0.01510386 0.0176582 0.00669199 -0.01459272 0.01729542 -0.00379555 -0.01074225 0.01729542 -0.00187164 -0.01023111 0.0176582 0.00010873 -0.00985812 0.01784082 0.00211907 -0.00962829 0.01784082 0.00413252 -0.00954468 0.0176582 0.00612215 -0.0096084 0.01729542 -0.00395614 -0.00933752 0.01325477 -0.00205076 -0.00866435 0.01315151 -7.972E-05 -0.00820982 0.01309954 0.00193063 -0.00797998 0.01309954 0.0039534 -0.00797792 0.01315151 0.00596155 -0.00820367 0.01325477 -0.0038679 -0.01010934 0.01164161 0.0044503 -0.01232427 0.00966284 0.00233408 -0.0115089 0.00954763 0.0002104 -0.01074741 0.00989677 -0.00187164 -0.01023111 0.0106418 0.00456371 -0.01331629 0.00977534 0.00245339 -0.01255257 0.00942927 0.00032373 -0.01173874 0.00954763 -0.001775 -0.01107639 0.01010721 -0.00379555 -0.01074225 0.01100458 0.00467144 -0.01425858 0.01010721 0.00257271 -0.01359623 0.00954763 0.00044305 -0.0127824 0.00942927 -0.00166727 -0.01201867 0.00977534 -0.0037089 -0.01150013 0.01052527 0.00476808 -0.01510386 0.0106418 0.00268605 -0.01458756 0.00989677 0.00056237 -0.01382606 0.00954763 -0.00155386 -0.0130107 0.00966284 -0.01351938 0.00600324 0.01315 -0.01401614 0.00594645 0.01328397 -0.0143798 0.00590487 0.01365 -0.01451291 0.00588965 0.01415 -0.0143798 0.00590487 0.01465 -0.01302261 0.00606003 0.01328397 -0.01265896 0.00610161 0.01365 -0.01252585 0.00611683 0.01415 -0.01265896 0.00610161 0.01465 -0.01302261 0.00606003 0.01501602 -0.01351938 0.00600324 0.01515 -0.01401614 0.00594645 0.01501602 -0.01255662 0.0055033 0.01736122 -0.01201295 0.00556546 0.01715463 -0.01187766 0.0059019 0.01681329 -0.011729 0.00559792 0.01699939 -0.01138473 0.00563728 0.01675732 -0.01122343 0.0059767 0.01627757 -0.01102906 0.00567794 0.01642624 -0.01086009 0.00569726 0.01622927 -0.01073707 0.0060323 0.01558406 -0.0105087 0.00573743 0.01568427 -0.01020654 0.00577198 0.0148285 -0.01045463 0.00606459 0.01478419 -0.01013723 0.0057799 0.01415 -0.01039708 0.00607117 0.01393728 -0.01014496 0.00577902 0.01392242 -0.01056867 0.00605155 0.01310616 -0.01022031 0.0057704 0.01340792 -0.01032854 0.00575803 0.01303321 -0.01046535 0.00574239 0.01270305 -0.01095669 0.00600719 0.01235244 -0.01074367 0.00571057 0.01222684 -0.01086009 0.00569726 0.01207073 -0.01153234 0.00594138 0.01173205 -0.01135955 0.00564016 0.01156309 -0.01213051 0.00555202 0.0110912 -0.01271326 0.00548539 0.01089873 -0.01306507 0.00576615 0.01106196 -0.01225295 0.005859 0.01129098 -0.01299938 0.00545268 0.01084617 -0.01345054 0.0054011 0.01081511 -0.01390846 0.00566973 0.01106196 -0.0139017 0.00534952 0.01084617 -0.01418782 0.00531681 0.01089873 -0.01472057 0.00557688 0.01129098 -0.01477056 0.00525019 0.0110912 -0.01554153 0.00516205 0.01156309 -0.01544118 0.0054945 0.01173205 -0.01604098 0.00510495 0.01207073 -0.01601684 0.00542869 0.01235244 -0.01615741 0.00509164 0.01222684 -0.01640485 0.00538433 0.01310616 -0.01643572 0.00505982 0.01270305 -0.01675612 0.00502319 0.01392242 -0.01657644 0.00536471 0.01393728 -0.01668077 0.0050318 0.01340792 -0.01657254 0.00504418 0.01303321 -0.01676384 0.00502231 0.01415 -0.01669454 0.00503023 0.0148285 -0.01651889 0.00537129 0.01478419 -0.01639237 0.00506477 0.01568427 -0.01623646 0.00540358 0.01558406 -0.01604098 0.00510495 0.01622927 -0.01575009 0.00545918 0.01627757 -0.01587202 0.00512426 0.01642624 -0.01509586 0.00553398 0.01681329 -0.01551635 0.00516493 0.01675732 -0.01517208 0.00520429 0.01699939 -0.01488813 0.00523675 0.01715463 -0.0143223 0.00562242 0.01715149 -0.01265123 0.00581346 0.01715149 -0.01348676 0.00571794 0.01726708 -0.01345054 0.0054011 0.01748489 -0.01434446 0.0052989 0.01736122 -0.01628102 0.00561246 0.01395928 -0.01612717 0.00563005 0.01321412 -0.01577929 0.00566982 0.01253837 -0.01526318 0.00572882 0.01198214 -0.0146171 0.00580269 0.0115867 -0.01388899 0.00588593 0.01138136 -0.01313283 0.00597238 0.01138136 -0.01240472 0.00605562 0.0115867 -0.01175864 0.00612948 0.01198214 -0.01124252 0.00618849 0.01253837 -0.01089464 0.00622826 0.01321412 -0.0107408 0.00624585 0.01395928 -0.0107924 0.00623995 0.01471859 -0.01104562 0.006211 0.01543573 -0.01148168 0.00616115 0.01605751 -0.01206824 0.00609409 0.01653782 -0.0127618 0.0060148 0.01684104 -0.01351091 0.00592915 0.01694467 -0.01426002 0.00584351 0.01684104 -0.01495358 0.00576422 0.01653782 -0.01554014 0.00569716 0.01605751 -0.0159762 0.00564731 0.01543573 -0.01622942 0.00561836 0.01471859 -0.0158693 0.00573458 0.0146415 -0.0159195 0.00572885 0.01415 -0.0159139 0.00572948 0.01398514 -0.01578091 0.00574469 0.01334101 -0.0154802 0.00577907 0.01275688 -0.01503406 0.00583007 0.01227607 -0.01447559 0.00589392 0.01193425 -0.01384619 0.00596588 0.01175675 -0.01319256 0.0060406 0.01175675 -0.01256317 0.00611256 0.01193425 -0.01200469 0.00617641 0.01227607 -0.01155856 0.00622741 0.01275688 -0.01125784 0.00626179 0.01334101 -0.01112486 0.006277 0.01398514 -0.01116946 0.0062719 0.0146415 -0.01138835 0.00624687 0.0152614 -0.01176529 0.00620378 0.01579888 -0.01227232 0.00614581 0.01621407 -0.01287183 0.00607727 0.01647617 -0.01351938 0.00600324 0.01656575 -0.01416692 0.00592921 0.01647617 -0.01476644 0.00586067 0.01621407 -0.01527347 0.0058027 0.01579888 -0.01565041 0.00575961 0.0152614 -0.01421571 -0.00917408 0.01415 -0.0141655 -0.00916834 0.0146415 -0.01454257 -0.00913639 0.01471859 -0.01394662 -0.00914331 0.0152614 -0.01428935 -0.00910744 0.01543573 -0.01356968 -0.00910022 0.01579888 -0.01385329 -0.00905759 0.01605751 -0.01306265 -0.00904225 0.01621407 -0.01326673 -0.00899053 0.01653782 -0.01246313 -0.00897371 0.01647617 -0.01257317 -0.00891124 0.01684104 -0.01181559 -0.00889968 0.01656575 -0.01182406 -0.00882559 0.01694467 -0.01116805 -0.00882565 0.01647617 -0.01107495 -0.00873995 0.01684104 -0.01056853 -0.00875711 0.01621407 -0.01038139 -0.00866066 0.01653782 -0.0100615 -0.00869914 0.01579888 -0.00979483 -0.0085936 0.01605751 -0.00968456 -0.00865605 0.0152614 -0.00935877 -0.00854375 0.01543573 -0.00946567 -0.00863103 0.0146415 -0.00910555 -0.0085148 0.01471859 -0.00942107 -0.00862593 0.01398514 -0.00905395 -0.0085089 0.01395928 -0.00955405 -0.00864113 0.01334101 -0.00920779 -0.00852649 0.01321412 -0.00985477 -0.00867551 0.01275688 -0.00955568 -0.00856626 0.01253837 -0.01030091 -0.00872651 0.01227607 -0.01007179 -0.00862527 0.01198214 -0.01085938 -0.00879036 0.01193425 -0.01071787 -0.00869913 0.0115867 -0.01148877 -0.00886232 0.01175675 -0.01144598 -0.00878237 0.01138136 -0.01214241 -0.00893705 0.01175675 -0.01220214 -0.00886882 0.01138136 -0.0127718 -0.009009 0.01193425 -0.01293025 -0.00895206 0.0115867 -0.01333027 -0.00907285 0.01227607 -0.01357633 -0.00902592 0.01198214 -0.01377641 -0.00912385 0.01275688 -0.01409244 -0.00908493 0.01253837 -0.01407713 -0.00915823 0.01334101 -0.01444033 -0.0091247 0.01321412 -0.01421011 -0.00917344 0.01398514 -0.01459417 -0.00914229 0.01395928 -0.01268374 -0.00870991 0.01715149 -0.01345731 -0.00879834 0.01681329 -0.01411153 -0.00887314 0.01627757 -0.0145979 -0.00892874 0.01558406 -0.01488034 -0.00896103 0.01478419 -0.01493789 -0.00896761 0.01393728 -0.0147663 -0.008948 0.01310616 -0.01437828 -0.00890363 0.01235244 -0.01380263 -0.00883782 0.01173205 -0.01308202 -0.00875544 0.01129098 -0.0122699 -0.00866259 0.01106196 -0.01142651 -0.00856617 0.01106196 -0.0106144 -0.00847333 0.01129098 -0.00989379 -0.00839094 0.01173205 -0.00931813 -0.00832513 0.01235244 -0.00893012 -0.00828077 0.01310616 -0.00875852 -0.00826115 0.01393728 -0.00881608 -0.00826773 0.01478419 -0.00909851 -0.00830002 0.01558406 -0.00958488 -0.00835562 0.01627757 -0.01023911 -0.00843042 0.01681329 -0.01101267 -0.00851886 0.01715149 -0.01184821 -0.00861438 0.01726708 -0.00981862 -0.00806137 0.01675732 -0.00929398 -0.00800139 0.01622927 -0.00889925 -0.00795626 0.01559695 -0.0086542 -0.00792824 0.01489208 -0.00857112 -0.00791875 0.01415 -0.0086542 -0.00792824 0.01340792 -0.00876243 -0.00794062 0.01303321 -0.00889925 -0.00795626 0.01270305 -0.00929398 -0.00800139 0.01207073 -0.00981862 -0.00806137 0.01154268 -0.01044684 -0.00813319 0.01114537 -0.01114715 -0.00821325 0.01089873 -0.01143327 -0.00824596 0.01084617 -0.01511466 -0.00866684 0.01340792 -0.01500643 -0.00865447 0.01303321 -0.01486961 -0.00863883 0.01270305 -0.01447488 -0.0085937 0.01207073 -0.01395024 -0.00853372 0.01154268 -0.01332202 -0.0084619 0.01114537 -0.01262171 -0.00838183 0.01089873 -0.01188443 -0.00829754 0.01081511 -0.01519773 -0.00867634 0.01415 -0.01511466 -0.00866684 0.01489208 -0.01486961 -0.00863883 0.01559695 -0.01447488 -0.0085937 0.01622927 -0.01395024 -0.00853372 0.01675732 -0.01360597 -0.00849436 0.01699939 -0.01016289 -0.00810073 0.01699939 -0.01044684 -0.00813319 0.01715463 -0.01114715 -0.00821325 0.01740127 -0.01188443 -0.00829754 0.01748489 -0.01262171 -0.00838183 0.01740127 -0.01332202 -0.0084619 0.01715463 -0.01234497 0.00361231 0.01022772 -0.01133224 -0.00433688 0.00977534 -0.01121112 -0.00630538 0.01022772 -0.01210056 -0.00640707 0.01012685 -0.00849929 -0.00599535 0.01240442 -0.01383484 -0.00660534 0.01777473 -0.01522563 -0.00676434 0.01164161 -0.01459272 -0.00669199 0.01100458 -0.01383484 -0.00660534 0.01052527 -0.01299 -0.00650876 0.01022772 -0.01036628 -0.0062088 0.01052527 -0.01038996 -0.00422916 0.01010721 -0.01051757 -0.00222074 0.00989677 -0.0096084 -0.00612215 0.01100458 -0.00954468 -0.00413252 0.0106418 -0.00962829 -0.00211907 0.01045918 -0.00985812 -0.00010873 0.01045918 -0.00897549 -0.00604979 0.01164161 -0.00883877 -0.00405182 0.0113523 -0.00888564 -0.00203417 0.01120667 -0.00911547 -2.382E-05 0.01120667 -0.0095252 0.00195234 0.0113523 -0.00830764 -0.00399109 0.01220309 -0.00832686 -0.00197029 0.01210175 -0.0085567 4.006E-05 0.01210175 -0.00899407 0.00201306 0.01220309 -0.00963314 0.00392235 0.01240442 -0.01494501 0.00133272 0.01010721 -0.01496869 0.00331235 0.01052527 -0.01412385 0.00340894 0.01022772 -0.01572656 0.00322571 0.01100458 -0.01579029 0.00123608 0.0106418 -0.01570668 -0.00077737 0.01045918 -0.01635947 0.00315335 0.01164161 -0.0164962 0.00115537 0.0113523 -0.01644933 -0.00086227 0.01120667 -0.0162195 -0.00287262 0.01120667 -0.01683568 0.00309891 0.01240442 -0.01702733 0.00109465 0.01220309 -0.01700811 -0.00092616 0.01210175 -0.01677827 -0.0029365 0.01210175 -0.0163409 -0.0049095 0.01220309 -0.01609767 -0.00686404 0.01415 -0.01599745 -0.00685258 0.01504523 -0.01678239 -0.00495998 0.01415 -0.01667062 -0.0049472 0.01514849 -0.01724275 -0.0029896 0.01415 -0.01712515 -0.00297616 0.01520046 -0.01747258 -0.00097926 0.01415 -0.01735499 -0.00096581 0.01520046 -0.01746882 0.00104418 0.01415 -0.01735705 0.00105696 0.01514849 -0.01723152 0.00305365 0.01415 -0.0171313 0.00306511 0.01504523 -0.01570183 -0.00681879 0.01589558 -0.0163409 -0.0049095 0.01609691 -0.01677827 -0.0029365 0.01619825 -0.01700811 -0.00092616 0.01619825 -0.01702733 0.00109465 0.01609691 -0.01683568 0.00309891 0.01589558 -0.01522563 -0.00676434 0.01665839 -0.01580977 -0.00484878 0.0169477 -0.0162195 -0.00287262 0.01709333 -0.01644933 -0.00086227 0.01709333 -0.0164962 0.00115537 0.0169477 -0.01635947 0.00315335 0.01665839 -0.01299 -0.00650876 0.01807228 -0.01425858 -0.00467144 0.01819279 -0.01331629 -0.00456371 0.01852466 -0.01458756 -0.00268605 0.01840323 -0.01359623 -0.00257271 0.01875237 -0.01481739 -0.0006757 0.01840323 -0.01382606 -0.00056237 0.01875237 -0.01494501 0.00133272 0.01819279 -0.01400272 0.00144044 0.01852466 -0.01496869 0.00331235 0.01777473 -0.01412385 0.00340894 0.01807228 -0.01210056 -0.00640707 0.01817315 -0.01232427 -0.0044503 0.01863716 -0.01255257 -0.00245339 0.01887073 -0.0127824 -0.00044305 0.01887073 -0.0130107 0.00155386 0.01863716 -0.01323441 0.00351063 0.01817315 -0.01121112 -0.00630538 0.01807228 -0.01133224 -0.00433688 0.01852466 -0.0115089 -0.00233408 0.01875237 -0.01173874 -0.00032373 0.01875237 -0.01201867 0.00166727 0.01852466 -0.01234497 0.00361231 0.01807228 -0.01036628 -0.0062088 0.01777473 -0.01038996 -0.00422916 0.01819279 -0.01051757 -0.00222074 0.01840323 -0.01074741 -0.0002104 0.01840323 -0.01107639 0.001775 0.01819279 -0.01150013 0.0037089 0.01777473 -0.00897549 -0.00604979 0.01665839 -0.00849929 -0.00599535 0.01589558 -0.00883877 -0.00405182 0.0169477 -0.00830764 -0.00399109 0.01609691 -0.00888564 -0.00203417 0.01709333 -0.00832686 -0.00197029 0.01619825 -0.00911547 -2.382E-05 0.01709333 -0.0085567 4.006E-05 0.01619825 -0.0095252 0.00195234 0.0169477 -0.00899407 0.00201306 0.01609691 -0.01010934 0.0038679 0.01665839 -0.00963314 0.00392235 0.01589558 -0.00820367 -0.00596155 0.01504523 -0.00797792 -0.0039534 0.01514849 -0.00797998 -0.00193063 0.01520046 -0.00820982 7.972E-05 0.01520046 -0.00866435 0.00205076 0.01514849 -0.00933752 0.00395614 0.01504523 -0.00810345 -0.0059501 0.01415 -0.00786615 -0.00394062 0.01415 -0.00786239 -0.00191718 0.01415 -0.00809222 9.316E-05 0.01415 -0.00855258 0.00206354 0.01415 -0.0092373 0.0039676 0.01415 -0.01570183 -0.00681879 0.01240442 -0.01580977 -0.00484878 0.0113523 -0.01547685 -0.00278771 0.01045918 -0.01481739 -0.0006757 0.00989677 -0.01400272 0.00144044 0.00977534 -0.01323441 0.00351063 0.01012685 -0.0171313 0.00306511 0.01325477 -0.01735705 0.00105696 0.01315151 -0.01735499 -0.00096581 0.01309954 -0.01712515 -0.00297616 0.01309954 -0.01667062 -0.0049472 0.01315151 -0.01599745 -0.00685258 0.01325477 -0.01572656 0.00322571 0.01729542 -0.01579029 0.00123608 0.0176582 -0.01570668 -0.00077737 0.01784082 -0.01547685 -0.00278771 0.01784082 -0.01510386 -0.00476808 0.0176582 -0.01459272 -0.00669199 0.01729542 -0.01074225 0.00379555 0.01729542 -0.01023111 0.00187164 0.0176582 -0.00985812 -0.00010873 0.01784082 -0.00962829 -0.00211907 0.01784082 -0.00954468 -0.00413252 0.0176582 -0.0096084 -0.00612215 0.01729542 -0.00933752 0.00395614 0.01325477 -0.00866435 0.00205076 0.01315151 -0.00820982 7.972E-05 0.01309954 -0.00797998 -0.00193063 0.01309954 -0.00797792 -0.0039534 0.01315151 -0.00820367 -0.00596155 0.01325477 -0.01010934 0.0038679 0.01164161 -0.01232427 -0.0044503 0.00966284 -0.0115089 -0.00233408 0.00954763 -0.01074741 -0.0002104 0.00989677 -0.01023111 0.00187164 0.0106418 -0.01331629 -0.00456371 0.00977534 -0.01255257 -0.00245339 0.00942927 -0.01173874 -0.00032373 0.00954763 -0.01107639 0.001775 0.01010721 -0.01074225 0.00379555 0.01100458 -0.01425858 -0.00467144 0.01010721 -0.01359623 -0.00257271 0.00954763 -0.0127824 -0.00044305 0.00942927 -0.01201867 0.00166727 0.00977534 -0.01150013 0.0037089 0.01052527 -0.01510386 -0.00476808 0.0106418 -0.01458756 -0.00268605 0.00989677 -0.01382606 -0.00056237 0.00954763 -0.0130107 0.00155386 0.00966284 0.00600324 0.01351938 0.01315 0.00594645 0.01401614 0.01328397 0.00590487 0.0143798 0.01365 0.00588965 0.01451291 0.01415 0.00590487 0.0143798 0.01465 0.00606003 0.01302261 0.01328397 0.00610161 0.01265896 0.01365 0.00611683 0.01252585 0.01415 0.00610161 0.01265896 0.01465 0.00606003 0.01302261 0.01501602 0.00600324 0.01351938 0.01515 0.00594645 0.01401614 0.01501602 0.0055033 0.01255662 0.01736122 0.00556546 0.01201295 0.01715463 0.0059019 0.01187766 0.01681329 0.00559792 0.011729 0.01699939 0.00563728 0.01138473 0.01675732 0.0059767 0.01122343 0.01627757 0.00567794 0.01102906 0.01642624 0.00569726 0.01086009 0.01622927 0.0060323 0.01073707 0.01558406 0.00573743 0.0105087 0.01568427 0.00577198 0.01020654 0.0148285 0.00606459 0.01045463 0.01478419 0.0057799 0.01013723 0.01415 0.00607117 0.01039708 0.01393728 0.00577902 0.01014496 0.01392242 0.00605155 0.01056867 0.01310616 0.0057704 0.01022031 0.01340792 0.00575803 0.01032854 0.01303321 0.00574239 0.01046535 0.01270305 0.00600719 0.01095669 0.01235244 0.00571057 0.01074367 0.01222684 0.00569726 0.01086009 0.01207073 0.00594138 0.01153234 0.01173205 0.00564016 0.01135955 0.01156309 0.00555202 0.01213051 0.0110912 0.005859 0.01225295 0.01129098 0.00576615 0.01306507 0.01106196 0.00548539 0.01271326 0.01089873 0.00545268 0.01299938 0.01084617 0.00566973 0.01390846 0.01106196 0.0054011 0.01345054 0.01081511 0.00534952 0.0139017 0.01084617 0.00531681 0.01418782 0.01089873 0.00557688 0.01472057 0.01129098 0.00525019 0.01477056 0.0110912 0.00516205 0.01554153 0.01156309 0.0054945 0.01544118 0.01173205 0.00510495 0.01604098 0.01207073 0.00542869 0.01601684 0.01235244 0.00509164 0.01615741 0.01222684 0.00538433 0.01640485 0.01310616 0.00505982 0.01643572 0.01270305 0.00502319 0.01675612 0.01392242 0.00536471 0.01657644 0.01393728 0.0050318 0.01668077 0.01340792 0.00504418 0.01657254 0.01303321 0.00502231 0.01676384 0.01415 0.00503023 0.01669454 0.0148285 0.00537129 0.01651889 0.01478419 0.00506477 0.01639237 0.01568427 0.00540358 0.01623646 0.01558406 0.00510495 0.01604098 0.01622927 0.00545918 0.01575009 0.01627757 0.00512426 0.01587202 0.01642624 0.00553398 0.01509586 0.01681329 0.00516493 0.01551635 0.01675732 0.00520429 0.01517208 0.01699939 0.00523675 0.01488813 0.01715463 0.00562242 0.0143223 0.01715149 0.00581346 0.01265123 0.01715149 0.00571794 0.01348676 0.01726708 0.0054011 0.01345054 0.01748489 0.0052989 0.01434446 0.01736122 0.00561246 0.01628102 0.01395928 0.00563005 0.01612717 0.01321412 0.00566982 0.01577929 0.01253837 0.00572882 0.01526318 0.01198214 0.00580269 0.0146171 0.0115867 0.00588593 0.01388899 0.01138136 0.00597238 0.01313283 0.01138136 0.00605562 0.01240472 0.0115867 0.00612948 0.01175864 0.01198214 0.00618849 0.01124252 0.01253837 0.00622826 0.01089464 0.01321412 0.00624585 0.0107408 0.01395928 0.00623995 0.0107924 0.01471859 0.006211 0.01104562 0.01543573 0.00616115 0.01148168 0.01605751 0.00609409 0.01206824 0.01653782 0.0060148 0.0127618 0.01684104 0.00592915 0.01351091 0.01694467 0.00584351 0.01426002 0.01684104 0.00576422 0.01495358 0.01653782 0.00569716 0.01554014 0.01605751 0.00564731 0.0159762 0.01543573 0.00561836 0.01622942 0.01471859 0.00573458 0.0158693 0.0146415 0.00572885 0.0159195 0.01415 0.00572948 0.0159139 0.01398514 0.00574469 0.01578091 0.01334101 0.00577907 0.0154802 0.01275688 0.00583007 0.01503406 0.01227607 0.00589392 0.01447559 0.01193425 0.00596588 0.01384619 0.01175675 0.0060406 0.01319256 0.01175675 0.00611256 0.01256317 0.01193425 0.00617641 0.01200469 0.01227607 0.00622741 0.01155856 0.01275688 0.00626179 0.01125784 0.01334101 0.006277 0.01112486 0.01398514 0.0062719 0.01116946 0.0146415 0.00624687 0.01138835 0.0152614 0.00620378 0.01176529 0.01579888 0.00614581 0.01227232 0.01621407 0.00607727 0.01287183 0.01647617 0.00600324 0.01351938 0.01656575 0.00592921 0.01416692 0.01647617 0.00586067 0.01476644 0.01621407 0.0058027 0.01527347 0.01579888 0.00575961 0.01565041 0.0152614 -0.00917408 0.01421571 0.01415 -0.00916834 0.0141655 0.0146415 -0.00913639 0.01454257 0.01471859 -0.00914331 0.01394662 0.0152614 -0.00910744 0.01428935 0.01543573 -0.00910022 0.01356968 0.01579888 -0.00905759 0.01385329 0.01605751 -0.00904225 0.01306265 0.01621407 -0.00899053 0.01326673 0.01653782 -0.00897371 0.01246313 0.01647617 -0.00891124 0.01257317 0.01684104 -0.00889968 0.01181559 0.01656575 -0.00882559 0.01182406 0.01694467 -0.00882565 0.01116805 0.01647617 -0.00873995 0.01107495 0.01684104 -0.00875711 0.01056853 0.01621407 -0.00866066 0.01038139 0.01653782 -0.00869914 0.0100615 0.01579888 -0.0085936 0.00979483 0.01605751 -0.00865605 0.00968456 0.0152614 -0.00854375 0.00935877 0.01543573 -0.00863103 0.00946567 0.0146415 -0.0085148 0.00910555 0.01471859 -0.00862593 0.00942107 0.01398514 -0.0085089 0.00905395 0.01395928 -0.00864113 0.00955405 0.01334101 -0.00852649 0.00920779 0.01321412 -0.00867551 0.00985477 0.01275688 -0.00856626 0.00955568 0.01253837 -0.00872651 0.01030091 0.01227607 -0.00862527 0.01007179 0.01198214 -0.00879036 0.01085938 0.01193425 -0.00869913 0.01071787 0.0115867 -0.00886232 0.01148877 0.01175675 -0.00878237 0.01144598 0.01138136 -0.00893705 0.01214241 0.01175675 -0.00886882 0.01220214 0.01138136 -0.009009 0.0127718 0.01193425 -0.00895206 0.01293025 0.0115867 -0.00907285 0.01333027 0.01227607 -0.00902592 0.01357633 0.01198214 -0.00912385 0.01377641 0.01275688 -0.00908493 0.01409244 0.01253837 -0.00915823 0.01407713 0.01334101 -0.0091247 0.01444033 0.01321412 -0.00917344 0.01421011 0.01398514 -0.00914229 0.01459417 0.01395928 -0.00870991 0.01268374 0.01715149 -0.00879834 0.01345731 0.01681329 -0.00887314 0.01411153 0.01627757 -0.00892874 0.0145979 0.01558406 -0.00896103 0.01488034 0.01478419 -0.00896761 0.01493789 0.01393728 -0.008948 0.0147663 0.01310616 -0.00890363 0.01437828 0.01235244 -0.00883782 0.01380263 0.01173205 -0.00875544 0.01308202 0.01129098 -0.00866259 0.0122699 0.01106196 -0.00856617 0.01142651 0.01106196 -0.00847333 0.0106144 0.01129098 -0.00839094 0.00989379 0.01173205 -0.00832513 0.00931813 0.01235244 -0.00828077 0.00893012 0.01310616 -0.00826115 0.00875852 0.01393728 -0.00826773 0.00881608 0.01478419 -0.00830002 0.00909851 0.01558406 -0.00835562 0.00958488 0.01627757 -0.00843042 0.01023911 0.01681329 -0.00851886 0.01101267 0.01715149 -0.00861438 0.01184821 0.01726708 -0.00806137 0.00981862 0.01675732 -0.00800139 0.00929398 0.01622927 -0.00795626 0.00889925 0.01559695 -0.00792824 0.0086542 0.01489208 -0.00791875 0.00857112 0.01415 -0.00792824 0.0086542 0.01340792 -0.00794062 0.00876243 0.01303321 -0.00795626 0.00889925 0.01270305 -0.00800139 0.00929398 0.01207073 -0.00806137 0.00981862 0.01154268 -0.00813319 0.01044684 0.01114537 -0.00821325 0.01114715 0.01089873 -0.00824596 0.01143327 0.01084617 -0.00866684 0.01511466 0.01340792 -0.00865447 0.01500643 0.01303321 -0.00863883 0.01486961 0.01270305 -0.0085937 0.01447488 0.01207073 -0.00853372 0.01395024 0.01154268 -0.0084619 0.01332202 0.01114537 -0.00838183 0.01262171 0.01089873 -0.00829754 0.01188443 0.01081511 -0.00867634 0.01519773 0.01415 -0.00866684 0.01511466 0.01489208 -0.00863883 0.01486961 0.01559695 -0.0085937 0.01447488 0.01622927 -0.00853372 0.01395024 0.01675732 -0.00849436 0.01360597 0.01699939 -0.00810073 0.01016289 0.01699939 -0.00813319 0.01044684 0.01715463 -0.00821325 0.01114715 0.01740127 -0.00829754 0.01188443 0.01748489 -0.00838183 0.01262171 0.01740127 -0.0084619 0.01332202 0.01715463 0.00361231 0.01234497 0.01022772 -0.00433688 0.01133224 0.00977534 -0.00630538 0.01121112 0.01022772 -0.00640707 0.01210056 0.01012685 -0.00599535 0.00849929 0.01240442 -0.00660534 0.01383484 0.01777473 -0.00676434 0.01522563 0.01164161 -0.00669199 0.01459272 0.01100458 -0.00660534 0.01383484 0.01052527 -0.00650876 0.01299 0.01022772 -0.0062088 0.01036628 0.01052527 -0.00422916 0.01038996 0.01010721 -0.00222074 0.01051757 0.00989677 -0.00612215 0.0096084 0.01100458 -0.00413252 0.00954468 0.0106418 -0.00211907 0.00962829 0.01045918 -0.00010873 0.00985812 0.01045918 -0.00604979 0.00897549 0.01164161 -0.00405182 0.00883877 0.0113523 -0.00203417 0.00888564 0.01120667 -2.382E-05 0.00911547 0.01120667 0.00195234 0.0095252 0.0113523 -0.00399109 0.00830764 0.01220309 -0.00197029 0.00832686 0.01210175 4.006E-05 0.0085567 0.01210175 0.00201306 0.00899407 0.01220309 0.00392235 0.00963314 0.01240442 0.00133272 0.01494501 0.01010721 0.00331235 0.01496869 0.01052527 0.00340894 0.01412385 0.01022772 0.00322571 0.01572656 0.01100458 0.00123608 0.01579029 0.0106418 -0.00077737 0.01570668 0.01045918 0.00315335 0.01635947 0.01164161 0.00115537 0.0164962 0.0113523 -0.00086227 0.01644933 0.01120667 -0.00287262 0.0162195 0.01120667 0.00309891 0.01683568 0.01240442 0.00109465 0.01702733 0.01220309 -0.00092616 0.01700811 0.01210175 -0.0029365 0.01677827 0.01210175 -0.0049095 0.0163409 0.01220309 -0.00686404 0.01609767 0.01415 -0.00685258 0.01599745 0.01504523 -0.00495998 0.01678239 0.01415 -0.0049472 0.01667062 0.01514849 -0.0029896 0.01724275 0.01415 -0.00297616 0.01712515 0.01520046 -0.00097926 0.01747258 0.01415 -0.00096581 0.01735499 0.01520046 0.00104418 0.01746882 0.01415 0.00105696 0.01735705 0.01514849 0.00305365 0.01723152 0.01415 0.00306511 0.0171313 0.01504523 -0.00681879 0.01570183 0.01589558 -0.0049095 0.0163409 0.01609691 -0.0029365 0.01677827 0.01619825 -0.00092616 0.01700811 0.01619825 0.00109465 0.01702733 0.01609691 0.00309891 0.01683568 0.01589558 -0.00676434 0.01522563 0.01665839 -0.00484878 0.01580977 0.0169477 -0.00287262 0.0162195 0.01709333 -0.00086227 0.01644933 0.01709333 0.00115537 0.0164962 0.0169477 0.00315335 0.01635947 0.01665839 -0.00650876 0.01299 0.01807228 -0.00467144 0.01425858 0.01819279 -0.00456371 0.01331629 0.01852466 -0.00268605 0.01458756 0.01840323 -0.00257271 0.01359623 0.01875237 -0.0006757 0.01481739 0.01840323 -0.00056237 0.01382606 0.01875237 0.00133272 0.01494501 0.01819279 0.00144044 0.01400272 0.01852466 0.00331235 0.01496869 0.01777473 0.00340894 0.01412385 0.01807228 -0.00640707 0.01210056 0.01817315 -0.0044503 0.01232427 0.01863716 -0.00245339 0.01255257 0.01887073 -0.00044305 0.0127824 0.01887073 0.00155386 0.0130107 0.01863716 0.00351063 0.01323441 0.01817315 -0.00630538 0.01121112 0.01807228 -0.00433688 0.01133224 0.01852466 -0.00233408 0.0115089 0.01875237 -0.00032373 0.01173874 0.01875237 0.00166727 0.01201867 0.01852466 0.00361231 0.01234497 0.01807228 -0.0062088 0.01036628 0.01777473 -0.00422916 0.01038996 0.01819279 -0.00222074 0.01051757 0.01840323 -0.0002104 0.01074741 0.01840323 0.001775 0.01107639 0.01819279 0.0037089 0.01150013 0.01777473 -0.00604979 0.00897549 0.01665839 -0.00599535 0.00849929 0.01589558 -0.00405182 0.00883877 0.0169477 -0.00399109 0.00830764 0.01609691 -0.00203417 0.00888564 0.01709333 -0.00197029 0.00832686 0.01619825 -2.382E-05 0.00911547 0.01709333 4.006E-05 0.0085567 0.01619825 0.00195234 0.0095252 0.0169477 0.00201306 0.00899407 0.01609691 0.0038679 0.01010934 0.01665839 0.00392235 0.00963314 0.01589558 -0.00596155 0.00820367 0.01504523 -0.0039534 0.00797792 0.01514849 -0.00193063 0.00797998 0.01520046 7.972E-05 0.00820982 0.01520046 0.00205076 0.00866435 0.01514849 0.00395614 0.00933752 0.01504523 -0.0059501 0.00810345 0.01415 -0.00394062 0.00786615 0.01415 -0.00191718 0.00786239 0.01415 9.316E-05 0.00809222 0.01415 0.00206354 0.00855258 0.01415 0.0039676 0.0092373 0.01415 -0.00681879 0.01570183 0.01240442 -0.00484878 0.01580977 0.0113523 -0.00278771 0.01547685 0.01045918 -0.0006757 0.01481739 0.00989677 0.00144044 0.01400272 0.00977534 0.00351063 0.01323441 0.01012685 0.00306511 0.0171313 0.01325477 0.00105696 0.01735705 0.01315151 -0.00096581 0.01735499 0.01309954 -0.00297616 0.01712515 0.01309954 -0.0049472 0.01667062 0.01315151 -0.00685258 0.01599745 0.01325477 0.00322571 0.01572656 0.01729542 0.00123608 0.01579029 0.0176582 -0.00077737 0.01570668 0.01784082 -0.00278771 0.01547685 0.01784082 -0.00476808 0.01510386 0.0176582 -0.00669199 0.01459272 0.01729542 0.00379555 0.01074225 0.01729542 0.00187164 0.01023111 0.0176582 -0.00010873 0.00985812 0.01784082 -0.00211907 0.00962829 0.01784082 -0.00413252 0.00954468 0.0176582 -0.00612215 0.0096084 0.01729542 0.00395614 0.00933752 0.01325477 0.00205076 0.00866435 0.01315151 7.972E-05 0.00820982 0.01309954 -0.00193063 0.00797998 0.01309954 -0.0039534 0.00797792 0.01315151 -0.00596155 0.00820367 0.01325477 0.0038679 0.01010934 0.01164161 -0.0044503 0.01232427 0.00966284 -0.00233408 0.0115089 0.00954763 -0.0002104 0.01074741 0.00989677 0.00187164 0.01023111 0.0106418 -0.00456371 0.01331629 0.00977534 -0.00245339 0.01255257 0.00942927 -0.00032373 0.01173874 0.00954763 0.001775 0.01107639 0.01010721 0.00379555 0.01074225 0.01100458 -0.00467144 0.01425858 0.01010721 -0.00257271 0.01359623 0.00954763 -0.00044305 0.0127824 0.00942927 0.00166727 0.01201867 0.00977534 0.0037089 0.01150013 0.01052527 -0.00476808 0.01510386 0.0106418 -0.00268605 0.01458756 0.00989677 -0.00056237 0.01382606 0.00954763 0.00155386 0.0130107 0.00966284 0.00232151 0.00810787 0.00955 0.00259529 0.00780216 0.00955 0.0046666 0.00587136 0.00955 0.00701508 0.00428928 0.00955 0.00780216 -0.00259529 0.00955 0.00587136 -0.0046666 0.00955 0.00428928 -0.00701508 0.00955 -0.00259529 -0.00780216 0.00955 -0.0046666 -0.00587136 0.00955 -0.00701508 -0.00428928 0.00955 -0.00737469 -0.00409157 0.00955 -0.00810787 0.00232151 0.00955 -0.00780216 0.00259529 0.00955 -0.00587136 0.0046666 0.00955 -0.00428928 0.00701508 0.00955 -0.00409157 0.00737469 0.00955 -0.00737469 -0.00409157 0.00995 -0.00745146 -0.00085189 0.00995 -0.00810787 0.00232151 0.00995 -0.00799339 0.00192743 0.00995 -0.00735211 -0.00368181 0.00995 -0.00409157 0.00737469 0.00995 -0.00085189 0.00745146 0.00995 0.00232151 0.00810787 0.00995 0.00192743 0.00799339 0.00995 -0.00368181 0.00735211 0.00995 -0.00014215 0.01173309 0.0092491 -0.00021308 0.00952464 0.00995 0.00052968 0.01054009 0.0096238 0.00126012 0.00944332 0.00995 -0.00020416 0.01188225 0.00920161 -0.0002523 0.01222141 0.00909341 -0.00033567 0.01500432 0.00820926 -0.00018944 0.01254054 0.00899285 -3.563E-05 0.0128125 0.00890655 0.00076373 0.01381823 0.00858045 0.00081387 0.01498599 0.00820926 0.00163816 0.01491841 0.00820926 -0.00277043 0.01241242 0.00893669 -0.00258285 0.01215022 0.00903046 -0.00305949 0.01469292 0.00820926 -0.00285709 0.01248993 0.00890655 -0.00386282 0.0132893 0.00858045 -0.00417392 0.01441599 0.00820926 -0.004963 0.01416372 0.00820926 -0.00248464 0.01181028 0.00914279 -0.0025097 0.01146242 0.0092491 -0.00194214 0.00932697 0.00995 -0.00286484 0.01023919 0.00959871 -0.00335898 0.00891524 0.00995 -0.00253614 0.01479224 0.00820926 -0.00086657 0.01498304 0.00820926 0.0159118 -0.0021845 0.0030798 0.01560435 -0.0021216 0.00284372 0.01560622 -0.00084613 0.00276897 0.01533381 -0.00196832 0.00267579 0.01491841 -0.00163816 0.00249074 0.01498607 -0.0008125 0.00249074 0.01441561 0.00417523 0.00249074 0.01416372 0.004963 0.00249074 0.01501216 0.00434801 0.00276897 0.01449389 0.0053784 0.00267579 0.01471881 0.00293241 0.00249074 0.01540414 0.00264249 0.00276897 0.01479201 0.00253749 0.00249074 0.01560299 0.00090385 0.00276897 0.01498296 0.00086793 0.00249074 0.01500086 0.00046531 0.00249074 0.01622272 -0.00214926 0.00338324 0.01612478 -0.00217113 0.00327935 0.01625459 -0.00088128 0.0032874 0.01673608 -0.00090738 0.00396405 0.01697507 -0.00092034 0.00458189 0.01695327 -0.00125957 0.00458189 0.01694643 -0.00132367 0.00457431 0.01689974 -0.00151623 0.00446862 0.0168558 -0.00162182 0.00436487 0.01676316 -0.00177584 0.00416799 0.01652909 -0.00200498 0.00377079 0.01697775 0.00086947 0.00458189 0.01673261 0.00096929 0.00396405 0.01697155 0.00098313 0.00458189 0.01651937 0.00283381 0.00396405 0.01675525 0.00287427 0.00458189 0.01609901 0.0046628 0.00396405 0.0163289 0.00472938 0.00458189 0.01584123 0.00558163 0.00403393 0.01606374 0.00537313 0.00437914 0.01623153 0.00505345 0.00458189 0.01618194 0.00518116 0.00454928 0.01521744 0.00575443 0.00327763 0.01527407 0.00575618 0.00333523 0.01563584 0.00452865 0.0032874 0.01555893 0.00571554 0.00365588 0.01568353 0.00566971 0.00381466 0.01469596 0.00557025 0.00282322 0.01476403 0.00561475 0.0028759 0.01497846 0.00571066 0.00305368 0.01625121 0.0009414 0.0032874 0.0160441 0.00275228 0.0032874 0.00701536 0.00428912 0.00053268 0.00754119 0.0040036 0.0005678 0.00654103 0.00366946 0.0005 0.00846548 0.00355452 0.00067876 0.00940394 0.00316274 0.00087529 0.0081894 0.00301053 0.00059438 0.00587136 -0.0046666 0.0005 0.00618362 -0.00424415 0.0005 0.00672618 -0.00366822 0.00050165 0.00677749 -0.0032118 0.0005 0.00766226 -0.00272485 0.00052506 0.00720045 -0.00209846 0.0005 0.00780238 -0.0025951 0.00053271 0.0085627 0.00167622 0.00059438 0.00703942 0.00258778 0.0005 0.00655895 0.00455578 0.00051494 0.0058777 0.00465862 0.0005 0.00553636 0.00522187 0.00050087 0.00506615 0.00553029 0.0005 0.0046666 0.00587136 0.0005 0.00973673 0.00190605 0.00087529 0.00991569 0.00034073 0.00087529 0.00872008 0.00029965 0.00059438 0.00987512 -0.00095864 0.00087529 0.00865757 -0.00108448 0.00059438 0.00933587 -0.00133811 0.00073673 0.00852986 -0.00196348 0.00059887 0.00744184 -0.0009322 0.0005 0.00749558 0.00025757 0.0005 0.0073603 0.00144084 0.0005 0.0009322 0.00744184 0.0005 0.00095559 0.00398709 0.0005 -0.0004657 0.00407347 0.0005 0.00424415 0.00618362 0.0005 0.00226162 0.0034198 0.0005 0.0032118 0.00677749 0.0005 0.00209846 0.00720045 0.0005 -0.00744184 0.0009322 0.0005 -0.00720045 0.00209846 0.0005 -0.00409245 0.00024872 0.0005 -0.00376058 0.00163342 0.0005 0.00029642 -0.00749414 0.0005 -0.00088659 -0.00744741 0.0005 0.0004657 -0.00407347 0.0005 -0.00095559 -0.00398709 0.0005 0.00297512 -0.00282111 0.0005 0.00553268 -0.00506354 0.0005 0.00466692 -0.0058711 0.0005 0.00393071 0.00116598 0.0005 0.00409245 -0.00024872 0.0005 0.00329487 0.00244004 0.0005 -0.00366946 0.00654103 0.0005 -0.00258778 0.00703942 0.0005 -0.00183082 0.00366853 0.0005 -0.00144084 0.0073603 0.0005 -0.00025757 0.00749558 0.0005 -0.00465862 0.0058777 0.0005 -0.00297512 0.00282111 0.0005 -0.00553029 0.00506615 0.0005 -0.00677749 0.0032118 0.0005 -0.00618362 0.00424415 0.0005 -0.00587136 0.0046666 0.0005 -0.00418862 -0.00622137 0.0005 -0.00226162 -0.0034198 0.0005 -0.0031574 -0.006803 0.0005 -0.00204751 -0.0072151 0.0005 0.00183082 -0.00366853 0.0005 0.00376058 -0.00163342 0.0005 -0.00749558 -0.00025757 0.0005 -0.00393071 -0.00116598 0.0005 -0.0073603 -0.00144084 0.0005 -0.00329487 -0.00244004 0.0005 -0.00654103 -0.00366946 0.0005 -0.00703942 -0.00258778 0.0005 0.00368486 -0.00653236 0.0005 0.00261099 -0.00703084 0.0005 0.00147204 -0.00735412 0.0005 -0.0046666 -0.00587136 0.0005 -0.00506615 -0.00553029 0.0005 -0.0058777 -0.00465862 0.0005 0.01241242 0.00277043 0.00893669 0.01215022 0.00258285 0.00903046 0.01469292 0.00305949 0.00820926 0.01248993 0.00285709 0.00890655 0.0132893 0.00386282 0.00858045 0.01441599 0.00417392 0.00820926 0.01416372 0.004963 0.00820926 0.01181028 0.00248464 0.00914279 0.01146242 0.0025097 0.0092491 0.00932697 0.00194214 0.00995 0.01023919 0.00286484 0.00959871 0.00891524 0.00335898 0.00995 0.01173309 0.00014215 0.0092491 0.00952464 0.00021308 0.00995 0.01054009 -0.00052968 0.0096238 0.00944332 -0.00126012 0.00995 0.01185421 0.00019462 0.00921053 0.01219289 0.00025278 0.00910243 0.01500432 0.00033567 0.00820926 0.01250773 0.00020106 0.00900317 0.0128125 3.563E-05 0.00890655 0.01381823 -0.00076373 0.00858045 0.01498599 -0.00081387 0.00820926 0.01491841 -0.00163816 0.00820926 0.01479224 0.00253614 0.00820926 0.01498304 0.00086657 0.00820926 -0.01241242 -0.00277043 0.00893669 -0.01215022 -0.00258285 0.00903046 -0.01469292 -0.00305949 0.00820926 -0.01248993 -0.00285709 0.00890655 -0.0132893 -0.00386282 0.00858045 -0.01441599 -0.00417392 0.00820926 -0.01416372 -0.004963 0.00820926 -0.01181028 -0.00248464 0.00914279 -0.01146242 -0.0025097 0.0092491 -0.00932697 -0.00194214 0.00995 -0.01023919 -0.00286484 0.00959871 -0.00891524 -0.00335898 0.00995 -0.01173309 -0.00014215 0.0092491 -0.00952464 -0.00021308 0.00995 -0.01054009 0.00052968 0.0096238 -0.00944332 0.00126012 0.00995 -0.01188225 -0.00020416 0.00920161 -0.01222141 -0.0002523 0.00909341 -0.01500432 -0.00033567 0.00820926 -0.01254054 -0.00018944 0.00899285 -0.0128125 -3.563E-05 0.00890655 -0.01381823 0.00076373 0.00858045 -0.01498599 0.00081387 0.00820926 -0.01491841 0.00163816 0.00820926 -0.01479224 -0.00253614 0.00820926 -0.01498304 -0.00086657 0.00820926 0.00277043 -0.01241242 0.00893669 0.00258285 -0.01215022 0.00903046 0.00305949 -0.01469292 0.00820926 0.00285709 -0.01248993 0.00890655 0.00386282 -0.0132893 0.00858045 0.00417392 -0.01441599 0.00820926 0.004963 -0.01416372 0.00820926 0.00248464 -0.01181028 0.00914279 0.0025097 -0.01146242 0.0092491 0.00194214 -0.00932697 0.00995 0.00286484 -0.01023919 0.00959871 0.00335898 -0.00891524 0.00995 0.00014215 -0.01173309 0.0092491 0.00021308 -0.00952464 0.00995 -0.00052968 -0.01054009 0.0096238 -0.00126012 -0.00944332 0.00995 0.00020416 -0.01188225 0.00920161 0.0002523 -0.01222141 0.00909341 0.00033567 -0.01500432 0.00820926 0.00018944 -0.01254054 0.00899285 3.563E-05 -0.0128125 0.00890655 -0.00076373 -0.01381823 0.00858045 -0.00081387 -0.01498599 0.00820926 -0.00163816 -0.01491841 0.00820926 0.00253614 -0.01479224 0.00820926 0.00086657 -0.01498304 0.00820926 0.00196832 0.01533381 0.00267579 0.00163816 0.01491841 0.00249074 0.0008125 0.01498607 0.00249074 0.0021845 0.0159118 0.0030798 0.0021216 0.01560435 0.00284372 0.00084613 0.01560622 0.00276897 0.00214926 0.01622272 0.00338324 0.00217113 0.01612478 0.00327935 0.00088128 0.01625459 0.0032874 0.00090738 0.01673608 0.00396405 0.00092034 0.01697507 0.00458189 0.00125957 0.01695327 0.00458189 0.00133201 0.01694523 0.00457191 0.00154202 0.0168903 0.00444594 0.00162016 0.01685661 0.00436705 0.00177098 0.01676669 0.00417519 0.00200498 0.01652909 0.00377079 -0.00086947 0.01697775 0.00458189 -0.00096929 0.01673261 0.00396405 -0.00098313 0.01697155 0.00458189 -0.00283381 0.01651937 0.00396405 -0.00287427 0.01675525 0.00458189 -0.0046628 0.01609901 0.00396405 -0.00472938 0.0163289 0.00458189 -0.00557064 0.01585696 0.00405696 -0.00537322 0.01606368 0.00437903 -0.00505345 0.01623153 0.00458189 -0.00518116 0.01618194 0.00454928 -0.00575443 0.01521744 0.00327763 -0.00575618 0.01527407 0.00333523 -0.00452865 0.01563584 0.0032874 -0.00571614 0.01555689 0.00365337 -0.00566971 0.01568353 0.00381466 -0.0053784 0.01449389 0.00267579 -0.00557025 0.01469596 0.00282322 -0.00434801 0.01501216 0.00276897 -0.00561475 0.01476403 0.0028759 -0.00571066 0.01497846 0.00305368 -0.00086793 0.01498296 0.00249074 -0.00090385 0.01560299 0.00276897 -0.00253749 0.01479201 0.00249074 -0.00264249 0.01540414 0.00276897 -0.00417523 0.01441561 0.00249074 -0.004963 0.01416372 0.00249074 -0.0009414 0.01625121 0.0032874 -0.00275228 0.0160441 0.0032874 -0.01533381 0.00196832 0.00267579 -0.01491841 0.00163816 0.00249074 -0.01498607 0.0008125 0.00249074 -0.0159118 0.0021845 0.0030798 -0.01560435 0.0021216 0.00284372 -0.01560622 0.00084613 0.00276897 -0.01622272 0.00214925 0.00338324 -0.01613244 0.00216979 0.00328719 -0.01625459 0.00088128 0.0032874 -0.01673608 0.00090738 0.00396405 -0.01697507 0.00092034 0.00458189 -0.01695327 0.00125957 0.00458189 -0.01694643 0.00132367 0.00457431 -0.01689974 0.00151622 0.00446862 -0.01685678 0.0016198 0.00436711 -0.01676316 0.00177584 0.00416799 -0.01652909 0.00200498 0.00377079 -0.01697775 -0.00086947 0.00458189 -0.01673261 -0.00096929 0.00396405 -0.01697155 -0.00098313 0.00458189 -0.01651937 -0.00283381 0.00396405 -0.01675525 -0.00287427 0.00458189 -0.01609901 -0.0046628 0.00396405 -0.0163289 -0.00472938 0.00458189 -0.01585696 -0.00557064 0.00405696 -0.01606368 -0.00537322 0.00437903 -0.01623153 -0.00505345 0.00458189 -0.01618194 -0.00518116 0.00454928 -0.01521744 -0.00575443 0.00327763 -0.01527407 -0.00575618 0.00333523 -0.01563584 -0.00452865 0.0032874 -0.01555689 -0.00571614 0.00365337 -0.01568353 -0.00566971 0.00381466 -0.01449389 -0.0053784 0.00267579 -0.01469596 -0.00557025 0.00282322 -0.01501216 -0.00434801 0.00276897 -0.01476403 -0.00561475 0.0028759 -0.01497846 -0.00571066 0.00305368 -0.01498296 -0.00086793 0.00249074 -0.01560299 -0.00090385 0.00276897 -0.01479201 -0.00253749 0.00249074 -0.01540414 -0.00264249 0.00276897 -0.01441561 -0.00417523 0.00249074 -0.01416372 -0.004963 0.00249074 -0.01625121 -0.0009414 0.0032874 -0.0160441 -0.00275228 0.0032874 -0.0021845 -0.0159118 0.0030798 -0.0021216 -0.01560435 0.00284372 -0.00084613 -0.01560622 0.00276897 -0.00196832 -0.01533381 0.00267579 -0.00163816 -0.01491841 0.00249074 -0.0008125 -0.01498607 0.00249074 0.0053784 -0.01449389 0.00267579 0.00557025 -0.01469596 0.00282322 0.00434801 -0.01501216 0.00276897 0.004963 -0.01416372 0.00249074 0.00417523 -0.01441561 0.00249074 0.00264249 -0.01540414 0.00276897 0.00253749 -0.01479201 0.00249074 0.00090385 -0.01560299 0.00276897 0.00086793 -0.01498296 0.00249074 0.00046531 -0.01500086 0.00249074 -0.00214926 -0.01622272 0.00338324 -0.00217113 -0.01612478 0.00327935 -0.00088128 -0.01625459 0.0032874 -0.00090738 -0.01673608 0.00396405 -0.00092034 -0.01697507 0.00458189 -0.00125957 -0.01695327 0.00458189 -0.00132367 -0.01694643 0.00457431 -0.00151623 -0.01689974 0.00446862 -0.00162182 -0.0168558 0.00436487 -0.00177584 -0.01676316 0.00416799 -0.00200498 -0.01652909 0.00377079 0.00086947 -0.01697775 0.00458189 0.00096929 -0.01673261 0.00396405 0.00098313 -0.01697155 0.00458189 0.00283381 -0.01651937 0.00396405 0.00287427 -0.01675525 0.00458189 0.0046628 -0.01609901 0.00396405 0.00472938 -0.0163289 0.00458189 0.00557064 -0.01585696 0.00405696 0.00537322 -0.01606368 0.00437903 0.00505345 -0.01623153 0.00458189 0.00518116 -0.01618194 0.00454928 0.00566764 -0.01568815 0.00382079 0.00452865 -0.01563584 0.0032874 0.00571614 -0.01555689 0.00365337 0.00575618 -0.01527407 0.00333523 0.00562037 -0.01477356 0.00288341 0.00571066 -0.01497846 0.00305368 0.00575485 -0.01522512 0.00328534 0.0009414 -0.01625121 0.0032874 0.00275228 -0.0160441 0.0032874 -0.0053784 0.01449389 0.00802421 0.00084754 0.01560615 0.00793103 0.00196832 0.01533381 0.00802421 -0.00090243 0.01560307 0.00793103 -0.00264109 0.01540438 0.00793103 -0.00558878 0.01472286 0.00785628 -0.00434664 0.01501256 0.00793103 -0.00452723 0.01563625 0.0074126 -0.0057545 0.01521867 0.00742065 -0.00571945 0.01500817 0.0076202 -0.0052914 0.01612145 0.00623138 -0.00538435 0.01605482 0.00633513 -0.00466133 0.01609944 0.00673595 -0.00511435 0.0162104 0.00612569 -0.00551349 0.0159298 0.00653201 -0.00568389 0.01565005 0.00692921 -0.00575529 0.01531902 0.00731676 0.00125957 0.01695327 0.00611811 0.00092188 0.01697499 0.00611811 0.00090891 0.016736 0.00673595 -0.00098158 0.01697164 0.00611811 -0.00096777 0.0167327 0.00673595 -0.00287275 0.01675552 0.00611811 -0.0028323 0.01651962 0.00673595 -0.00472789 0.01632933 0.00611811 -0.00505345 0.01623153 0.00611811 0.00139518 0.01693379 0.00615072 0.00160887 0.01686197 0.00632086 0.00186221 0.01669225 0.00666607 0.00198361 0.0165585 0.00688534 0.00205638 0.01644747 0.00704412 0.00088276 0.01625451 0.0074126 0.00218265 0.01588087 0.00764632 0.00217134 0.01612356 0.00742237 0.00216027 0.01617912 0.00736476 0.00210962 0.01557397 0.00787678 0.0021376 0.01565033 0.0078241 -0.00093992 0.0162513 0.0074126 -0.00275082 0.01604435 0.0074126 0.01449389 0.0053784 0.00802421 0.01563625 0.00452723 0.0074126 0.01521867 0.0057545 0.00742065 0.01500817 0.00571945 0.0076202 0.01610643 0.0053144 0.00625406 0.01605597 0.00538292 0.00633295 0.01609944 0.00466133 0.00673595 0.01620734 0.00512221 0.00612809 0.01593434 0.00550955 0.00652481 0.01565005 0.00568389 0.00692921 0.01531902 0.00575529 0.00731676 0.01695327 -0.00125957 0.00611811 0.01697499 -0.00092188 0.00611811 0.016736 -0.00090891 0.00673595 0.01697164 0.00098158 0.00611811 0.0167327 0.00096777 0.00673595 0.01675552 0.00287275 0.00611811 0.01651962 0.0028323 0.00673595 0.01632933 0.00472789 0.00611811 0.01623153 0.00505345 0.00611811 0.01693379 -0.00139518 0.00615072 0.01686192 -0.00160897 0.00632097 0.0167051 -0.00184796 0.00664304 0.0165585 -0.00198361 0.00688534 0.01644561 -0.00205743 0.00704663 0.01625451 -0.00088276 0.0074126 0.01588087 -0.00218265 0.00764632 0.01612356 -0.00217134 0.00742237 0.01617912 -0.00216027 0.00736476 0.01557397 -0.00210962 0.00787678 0.01565033 -0.0021376 0.0078241 0.01560615 -0.00084754 0.00793103 0.01533381 -0.00196832 0.00802421 0.01560307 0.00090243 0.00793103 0.01540438 0.00264109 0.00793103 0.01472286 0.00558878 0.00785628 0.01501256 0.00434664 0.00793103 0.0162513 0.00093992 0.0074126 0.01604435 0.00275082 0.0074126 0.0053784 -0.01449389 0.00802421 0.00452723 -0.01563625 0.0074126 0.00575492 -0.01522644 0.00741281 0.00571945 -0.01500817 0.0076202 0.0052914 -0.01612145 0.00623138 0.00538261 -0.01605622 0.00633289 0.00466133 -0.01609944 0.00673595 0.00511435 -0.01621039 0.00612569 0.00551349 -0.0159298 0.00653201 0.00568389 -0.01565006 0.00692921 0.00575529 -0.01531903 0.00731676 -0.00125957 -0.01695327 0.00611811 -0.00092188 -0.01697499 0.00611811 -0.00090891 -0.016736 0.00673595 0.00098158 -0.01697164 0.00611811 0.00096777 -0.0167327 0.00673595 0.00287275 -0.01675552 0.00611811 0.0028323 -0.01651962 0.00673595 0.00472789 -0.01632933 0.00611811 0.00505345 -0.01623153 0.00611811 -0.00139518 -0.01693379 0.00615072 -0.00160897 -0.01686192 0.00632097 -0.00184796 -0.0167051 0.00664304 -0.00198361 -0.0165585 0.00688534 -0.00205743 -0.01644561 0.00704663 -0.00088276 -0.01625451 0.0074126 -0.00218265 -0.01588087 0.00764632 -0.00217134 -0.01612356 0.00742237 -0.00216027 -0.01617912 0.00736476 -0.00210962 -0.01557397 0.00787678 -0.0021376 -0.01565033 0.0078241 -0.00084754 -0.01560615 0.00793103 -0.00196832 -0.01533381 0.00802421 0.00090243 -0.01560307 0.00793103 0.00264109 -0.01540438 0.00793103 0.00558878 -0.01472286 0.00785628 0.00434664 -0.01501256 0.00793103 0.00093992 -0.0162513 0.0074126 0.00275082 -0.01604435 0.0074126 -0.01449389 -0.0053784 0.00802421 -0.01560615 0.00084754 0.00793103 -0.01533381 0.00196832 0.00802421 -0.01557397 0.00210962 0.00787678 -0.01560307 -0.00090243 0.00793103 -0.01540438 -0.00264109 0.00793103 -0.01472286 -0.00558878 0.00785628 -0.01501256 -0.00434664 0.00793103 -0.01563625 -0.00452723 0.0074126 -0.01521867 -0.0057545 0.00742065 -0.01500817 -0.00571945 0.0076202 -0.01612145 -0.0052914 0.00623138 -0.01605482 -0.00538435 0.00633513 -0.01609944 -0.00466133 0.00673595 -0.0162104 -0.00511435 0.00612569 -0.0159298 -0.00551349 0.00653201 -0.01565005 -0.00568389 0.00692921 -0.01531902 -0.00575529 0.00731676 -0.01695327 0.00125957 0.00611811 -0.01697499 0.00092188 0.00611811 -0.016736 0.00090891 0.00673595 -0.01697164 -0.00098158 0.00611811 -0.0167327 -0.00096777 0.00673595 -0.01675552 -0.00287275 0.00611811 -0.01651962 -0.0028323 0.00673595 -0.01632933 -0.00472789 0.00611811 -0.01623153 -0.00505345 0.00611811 -0.01693379 0.00139518 0.00615072 -0.01686192 0.00160897 0.00632097 -0.0167051 0.00184796 0.00664304 -0.01656254 0.00198055 0.00687921 -0.01625451 0.00088276 0.0074126 -0.01644561 0.00205743 0.00704663 -0.01617912 0.00216027 0.00736476 -0.01566087 0.00214093 0.00781659 -0.01588087 0.00218265 0.00764632 -0.01613114 0.00217002 0.00741466 -0.0162513 -0.00093992 0.0074126 -0.01604435 -0.00275082 0.0074126 -0.00428912 0.00701536 0.00053268 -0.0040036 0.00754119 0.0005678 -0.00355452 0.00846548 0.00067876 -0.00316274 0.00940394 0.00087529 -0.00301053 0.0081894 0.00059438 -0.00167622 0.0085627 0.00059438 -0.00455578 0.00655895 0.00051494 -0.00522187 0.00553636 0.00050087 0.00366822 0.00672618 0.00050165 0.00272485 0.00766226 0.00052506 0.0025951 0.00780238 0.00053271 -0.00190605 0.00973673 0.00087529 -0.00034073 0.00991569 0.00087529 -0.00029965 0.00872008 0.00059438 0.00095864 0.00987512 0.00087529 0.00108448 0.00865757 0.00059438 0.00133811 0.00933587 0.00073673 0.00196348 0.00852986 0.00059887 0.00428912 -0.00701536 0.00053268 0.0040036 -0.00754119 0.0005678 0.00355452 -0.00846548 0.00067876 0.00316274 -0.00940394 0.00087529 0.00303753 -0.00817943 0.00059438 -0.00366822 -0.00672618 0.00050165 -0.00272485 -0.00766226 0.00052506 -0.0025951 -0.00780238 0.00053271 0.00171252 -0.00855551 0.00059438 0.00455578 -0.00655895 0.00051494 0.00522187 -0.00553636 0.00050087 0.00194733 -0.00972856 0.00087529 0.00039213 -0.00991379 0.00087529 0.00034484 -0.00871841 0.00059438 -0.00095864 -0.00987512 0.00087529 -0.00103143 -0.00866405 0.00059438 -0.00133811 -0.00933587 0.00073673 -0.00196348 -0.00852986 0.00059887 -0.00701536 -0.00428912 0.00053268 -0.00754119 -0.0040036 0.0005678 -0.00846548 -0.00355452 0.00067876 -0.00940394 -0.00316274 0.00087529 -0.0081894 -0.00301053 0.00059438 -0.0085627 -0.00167622 0.00059438 -0.00655895 -0.00455578 0.00051494 -0.00553636 -0.00522187 0.00050087 -0.00672618 0.00366822 0.00050165 -0.00766226 0.00272485 0.00052506 -0.00780238 0.0025951 0.00053271 -0.00973673 -0.00190605 0.00087529 -0.00991569 -0.00034073 0.00087529 -0.00872008 -0.00029965 0.00059438 -0.00987512 0.00095864 0.00087529 -0.00865757 0.00108448 0.00059438 -0.00933587 0.00133811 0.00073673 -0.00852986 0.00196348 0.00059887 0.01271743 0.00010256 0.00176331 0.01241966 0.00022612 0.00166954 0.0128125 3.563E-05 0.00179345 0.01381913 -0.00076445 0.00211985 0.01206632 0.00024507 0.00155721 0.01173309 0.00014215 0.0014509 0.01108935 -0.00020549 0.00124686 0.01146242 0.0025097 0.0014509 0.01015131 0.00289402 0.0010768 0.01162172 0.00248295 0.00149839 0.011963 0.0025126 0.00160659 0.0122597 0.00264587 0.00170715 0.01248993 0.00285709 0.00179345 0.01329001 0.00386372 0.00211985 -0.00010256 0.01271743 0.00176331 -0.00022612 0.01241966 0.00166954 -3.563E-05 0.0128125 0.00179345 0.00076445 0.01381913 0.00211985 -0.00024507 0.01206632 0.00155721 -0.00014215 0.01173309 0.0014509 0.00020549 0.01108935 0.00124686 -0.0025057 0.01193532 0.00159757 -0.00262714 0.01223037 0.00169683 -0.00289402 0.01015131 0.0010768 -0.0025097 0.01146242 0.0014509 -0.00248592 0.01159226 0.00148947 -0.00285709 0.01248993 0.00179345 -0.00386372 0.01329001 0.00211985 0.00010256 -0.01271743 0.00176331 0.00022612 -0.01241966 0.00166954 3.563E-05 -0.0128125 0.00179345 -0.00076445 -0.01381913 0.00211985 0.00024507 -0.01206632 0.00155721 0.00014215 -0.01173309 0.0014509 -0.00020549 -0.01108935 0.00124686 0.00289402 -0.01015131 0.0010768 0.0025097 -0.01146242 0.0014509 0.00248295 -0.01162172 0.00149839 0.0025126 -0.011963 0.00160659 0.00264587 -0.0122597 0.00170715 0.00285709 -0.01248993 0.00179345 0.00386372 -0.01329001 0.00211985 -0.01271743 -0.00010256 0.00176331 -0.01241966 -0.00022612 0.00166954 -0.0128125 -3.563E-05 0.00179345 -0.01381913 0.00076445 0.00211985 -0.01206632 -0.00024507 0.00155721 -0.01173309 -0.00014215 0.0014509 -0.01108935 0.00020549 0.00124686 -0.01015131 -0.00289402 0.0010768 -0.01146242 -0.0025097 0.0014509 -0.01162172 -0.00248295 0.00149839 -0.011963 -0.0025126 0.00160659 -0.0122597 -0.00264587 0.00170715 -0.01248993 -0.00285709 0.00179345 -0.01329001 -0.00386372 0.00211985 -0.00196832 -0.01533381 0.00447205 -0.00167043 -0.01495902 0.00435 -0.00135933 -0.01456759 0.00448398 -0.00196832 -0.01533381 0.00622795 -0.00167043 -0.01495902 0.00635 -0.00135933 -0.01456759 0.00621603 -0.00113158 -0.01428105 0.00585 -0.00104822 -0.01417617 0.00535 -0.00113158 -0.01428105 0.00485 0.01449389 0.0053784 0.00447205 0.01466953 0.00555073 0.00465906 0.01479597 0.00563303 0.00485004 0.0148391 0.00565534 0.00493603 0.01449389 0.0053784 0.00622795 0.01460917 0.00550073 0.00611314 0.01479167 0.00563066 0.00585772 0.01491026 0.00568661 0.00555343 0.01493297 0.00569524 0.00535019 0.01492646 0.00569283 0.00524117 0.01533381 -0.00196832 0.00622795 0.01495902 -0.00167043 0.00635 0.01456759 -0.00135933 0.00621603 0.01428105 -0.00113158 0.00585 0.01417617 -0.00104822 0.00535 0.01533381 -0.00196832 0.00447205 0.01495902 -0.00167043 0.00435 0.01456759 -0.00135933 0.00448398 0.01428105 -0.00113158 0.00485 0.0053784 -0.01449389 0.00447205 0.00555073 -0.01466953 0.00465906 0.00563303 -0.01479597 0.00485004 0.00565534 -0.0148391 0.00493603 0.0053784 -0.01449389 0.00622795 0.00550073 -0.01460917 0.00611314 0.00563066 -0.01479167 0.00585772 0.00568661 -0.01491026 0.00555343 0.00569524 -0.01493297 0.00535019 0.00569283 -0.01492646 0.00524117 -0.01449389 -0.0053784 0.00447205 -0.01466953 -0.00555073 0.00465906 -0.01479597 -0.00563303 0.00485004 -0.0148391 -0.00565534 0.00493603 -0.01449389 -0.0053784 0.00622795 -0.01460917 -0.00550073 0.00611314 -0.01479167 -0.00563066 0.00585772 -0.01491026 -0.00568661 0.00555343 -0.01493297 -0.00569524 0.00535019 -0.01492646 -0.00569283 0.00524117 -0.01533381 0.00196832 0.00447205 -0.01495902 0.00167043 0.00435 -0.01456759 0.00135933 0.00448398 -0.01533381 0.00196832 0.00622795 -0.01495902 0.00167043 0.00635 -0.01456759 0.00135933 0.00621603 -0.01428105 0.00113158 0.00585 -0.01417617 0.00104822 0.00535 -0.01428105 0.00113158 0.00485 -0.0053784 0.01449389 0.00447205 -0.00555073 0.01466953 0.00465906 -0.00563303 0.01479597 0.00485004 -0.00565534 0.0148391 0.00493603 -0.0053784 0.01449389 0.00622795 -0.00550073 0.01460917 0.00611314 -0.00563066 0.01479167 0.00585772 -0.00568661 0.01491026 0.00555343 -0.00569524 0.01493297 0.00535019 -0.00569283 0.01492646 0.00524117 0.00196832 0.01533381 0.00622795 0.00167043 0.01495902 0.00635 0.00135933 0.01456759 0.00621603 0.00113158 0.01428105 0.00585 0.00104822 0.01417617 0.00535 0.00196832 0.01533381 0.00447205 0.00167043 0.01495902 0.00435 0.00135933 0.01456759 0.00448398 0.00113158 0.01428105 0.00485 0.01568557 -0.00214821 0.00584996 0.01573261 -0.0021602 0.00576398 0.01554381 -0.00209656 0.00604094 0.01547372 -0.00206148 0.00458686 0.01568084 -0.00214687 0.00484228 0.015809 -0.00217461 0.00514657 0.01583307 -0.00217789 0.00534981 0.01582619 -0.00217701 0.00545883 0.00500361 -0.014196 0.00635 0.00461218 -0.01388489 0.00621603 0.00500361 -0.014196 0.00435 0.00461218 -0.01388489 0.00448398 0.00432564 -0.01365715 0.00485 0.00422076 -0.01357379 0.00535 0.00432564 -0.01365715 0.00585 0.00570614 -0.01411568 0.00448398 0.00531471 -0.01380458 0.00435 0.00492329 -0.01349347 0.00448398 0.00463675 -0.01326572 0.00485 0.00453186 -0.01318236 0.00535 0.00463675 -0.01326572 0.00585 0.00492329 -0.01349347 0.00621603 0.00531471 -0.01380458 0.00635 0.00570614 -0.01411568 0.00621603 0.00599268 -0.01434343 0.00485 0.00609756 -0.01442679 0.00535 0.00599268 -0.01434343 0.00585 0.014196 0.00500361 0.00635 0.01388489 0.00461218 0.00621603 0.014196 0.00500361 0.00435 0.01388489 0.00461218 0.00448398 0.01365715 0.00432564 0.00485 0.01357379 0.00422076 0.00535 0.01365715 0.00432564 0.00585 0.00214821 0.01568557 0.00584996 0.0021602 0.01573261 0.00576398 0.00209656 0.01554381 0.00604094 0.00206148 0.01547372 0.00458686 0.00214687 0.01568084 0.00484228 0.00217461 0.015809 0.00514657 0.00217789 0.01583307 0.00534981 0.00217701 0.01582619 0.00545883 0.01411568 0.00570614 0.00448398 0.01380458 0.00531471 0.00435 0.01349347 0.00492329 0.00448398 0.01326572 0.00463675 0.00485 0.01318236 0.00453186 0.00535 0.01326572 0.00463675 0.00585 0.01349347 0.00492329 0.00621603 0.01380458 0.00531471 0.00635 0.01411568 0.00570614 0.00621603 0.01434343 0.00599268 0.00485 0.01442679 0.00609756 0.00535 0.01434343 0.00599268 0.00585 -0.01568557 0.00214821 0.00584996 -0.01573261 0.0021602 0.00576397 -0.01554381 0.00209656 0.00604094 -0.01547372 0.00206148 0.00458686 -0.01568084 0.00214687 0.00484228 -0.015809 0.00217461 0.00514657 -0.01583307 0.00217789 0.00534981 -0.01582619 0.00217701 0.00545883 -0.00500361 0.014196 0.00435 -0.00461218 0.01388489 0.00448398 -0.00432564 0.01365715 0.00485 -0.00422076 0.01357379 0.00535 -0.00500361 0.014196 0.00635 -0.00461218 0.01388489 0.00621603 -0.00432564 0.01365715 0.00585 -0.00570614 0.01411568 0.00448398 -0.00531471 0.01380458 0.00435 -0.00492329 0.01349347 0.00448398 -0.00463675 0.01326572 0.00485 -0.00453186 0.01318236 0.00535 -0.00463675 0.01326572 0.00585 -0.00492329 0.01349347 0.00621603 -0.00531471 0.01380458 0.00635 -0.00570614 0.01411568 0.00621603 -0.00599268 0.01434343 0.00485 -0.00609756 0.01442679 0.00535 -0.00599268 0.01434343 0.00585 -0.00214821 -0.01568557 0.00584996 -0.0021602 -0.01573261 0.00576398 -0.00209656 -0.01554381 0.00604094 -0.00206148 -0.01547372 0.00458686 -0.00214687 -0.01568084 0.00484228 -0.00217461 -0.015809 0.00514657 -0.00217789 -0.01583307 0.00534981 -0.00217701 -0.01582619 0.00545883 -0.014196 -0.00500361 0.00435 -0.01388489 -0.00461218 0.00448398 -0.01365715 -0.00432564 0.00485 -0.01357379 -0.00422076 0.00535 -0.014196 -0.00500361 0.00635 -0.01388489 -0.00461218 0.00621603 -0.01365715 -0.00432564 0.00585 -0.01411568 -0.00570614 0.00448398 -0.01380458 -0.00531471 0.00435 -0.01349347 -0.00492329 0.00448398 -0.01326572 -0.00463675 0.00485 -0.01318236 -0.00453186 0.00535 -0.01326572 -0.00463675 0.00585 -0.01349347 -0.00492329 0.00621603 -0.01380458 -0.00531471 0.00635 -0.01411568 -0.00570614 0.00621603 -0.01434343 -0.00599268 0.00485 -0.01442679 -0.00609756 0.00535 -0.01434343 -0.00599268 0.00585 0.01464791 -0.00206186 0.00635 0.01503933 -0.00237296 0.00621603 0.01532588 -0.00260071 0.00585 0.01543076 -0.00268407 0.00535 0.01532588 -0.00260071 0.00485 0.01425648 -0.00175075 0.00621603 0.01396994 -0.00152301 0.00585 0.01386506 -0.00143964 0.00535 0.01396994 -0.00152301 0.00485 0.01425648 -0.00175075 0.00448398 0.01464791 -0.00206186 0.00435 0.01503933 -0.00237296 0.00448398 0.01356645 -0.00197648 0.00213878 0.01313807 -0.001636 0.00234537 0.01320135 -0.00127893 0.00268671 0.01291433 -0.00145817 0.00250061 0.01264306 -0.00124256 0.00274268 0.01268585 -0.00086921 0.00322243 0.01236281 -0.00101982 0.00307376 0.01222967 -0.000914 0.00327073 0.01230262 -0.00056462 0.00391594 0.0119528 -0.00069394 0.00381573 0.01171471 -0.0005047 0.0046715 0.01208008 -0.00038774 0.00471581 0.0116601 -0.0004613 0.00535 0.01203473 -0.0003517 0.00556272 0.01166619 -0.00046614 0.00557758 0.01216993 -0.00045916 0.00639385 0.01172556 -0.00051333 0.00609208 0.01181084 -0.00058111 0.00646679 0.01191864 -0.00066679 0.00679695 0.01247567 -0.00070216 0.00714756 0.01213794 -0.00084109 0.00727316 0.01222967 -0.000914 0.00742927 0.01292926 -0.00106267 0.00776795 0.01262322 -0.0012268 0.00793691 0.0132307 -0.00170962 0.0084088 0.01349706 -0.00151397 0.00820902 0.01413696 -0.00202257 0.00843804 0.01368987 -0.00207458 0.00860127 0.01391532 -0.00225376 0.00865383 0.01480151 -0.00255075 0.00843804 0.01427081 -0.00253631 0.00868489 0.0146263 -0.00281886 0.00865383 0.01485175 -0.00299804 0.00860127 0.01544141 -0.00305935 0.00820902 0.01531092 -0.003363 0.0084088 0.0159184 -0.00384583 0.00793691 0.01600921 -0.00351065 0.00776795 0.01631195 -0.00415862 0.00742927 0.0164628 -0.00387116 0.00714756 0.01640368 -0.00423153 0.00727316 0.01676854 -0.00411416 0.00639385 0.01662298 -0.00440583 0.00679695 0.01687543 -0.00460648 0.00557758 0.01690374 -0.00422162 0.00556272 0.01681606 -0.0045593 0.00609208 0.01673078 -0.00449151 0.00646679 0.01688152 -0.00461132 0.00535 0.01682691 -0.00456792 0.0046715 0.01685839 -0.00418558 0.00471581 0.01658882 -0.00437868 0.00381573 0.01663585 -0.0040087 0.00391594 0.01631195 -0.00415862 0.00327073 0.01625262 -0.00370411 0.00322243 0.01617881 -0.0040528 0.00307376 0.01573712 -0.00329439 0.00268671 0.01589856 -0.00383006 0.00274268 0.01562729 -0.00361445 0.00250061 0.01540355 -0.00343662 0.00234537 0.01512759 -0.00280993 0.00234851 0.01381088 -0.00176339 0.00234851 0.01446924 -0.00228666 0.00223292 0.01427081 -0.00253631 0.00201511 0.01497517 -0.00309614 0.00213878 0.01678421 -0.00385506 0.00554072 0.01666299 -0.00375871 0.00628588 0.01638888 -0.00354085 0.00696163 0.01598221 -0.00321762 0.00751786 0.01547313 -0.00281301 0.0079133 0.01489942 -0.00235701 0.00811864 0.01430361 -0.00188346 0.00811864 0.01372989 -0.00142746 0.0079133 0.01322082 -0.00102285 0.00751786 0.01281414 -0.00069962 0.00696163 0.01254003 -0.00048176 0.00628588 0.01241881 -0.00038541 0.00554072 0.01245947 -0.00041773 0.00478141 0.01265899 -0.00057631 0.00406427 0.01300259 -0.0008494 0.00344249 0.01346476 -0.00121674 0.00296218 0.01401125 -0.00165109 0.00265896 0.01460151 -0.00212024 0.00255533 0.01519177 -0.00258938 0.00265896 0.01573826 -0.00302373 0.00296218 0.01620043 -0.00339107 0.00344249 0.01654403 -0.00366416 0.00406427 0.01674355 -0.00382274 0.00478141 0.01649952 -0.00353353 0.0048585 0.01653907 -0.00356497 0.00535 0.01653467 -0.00356147 0.00551486 0.01642988 -0.00347818 0.00615899 0.01619294 -0.00328986 0.00674312 0.0158414 -0.00301045 0.00722393 0.01540135 -0.0026607 0.00756575 0.01490542 -0.00226653 0.00774325 0.0143904 -0.00185718 0.00774325 0.01389447 -0.00146302 0.00756575 0.01345442 -0.00111326 0.00722393 0.01310288 -0.00083386 0.00674312 0.01286594 -0.00064553 0.00615899 0.01276115 -0.00056225 0.00551486 0.0127963 -0.00059018 0.0048585 0.01296877 -0.00072727 0.0042386 0.01326578 -0.00096333 0.00370112 0.01366529 -0.00128087 0.00328594 0.01413768 -0.00165632 0.00302383 0.01464791 -0.00206186 0.00293425 0.01515814 -0.00246739 0.00302383 0.01563053 -0.00284285 0.00328594 0.01603004 -0.00316039 0.00370112 0.01632705 -0.00339645 0.0042386 0.00720588 -0.01530769 0.00535 0.00716632 -0.01527625 0.0048585 0.00750315 -0.01544871 0.00478141 0.00699385 -0.01513917 0.0042386 0.00730363 -0.01529013 0.00406427 0.00669684 -0.0149031 0.00370112 0.00696003 -0.01501704 0.00344249 0.00629733 -0.01458557 0.00328594 0.00649786 -0.01464969 0.00296218 0.00582494 -0.01421011 0.00302383 0.00595137 -0.01421534 0.00265896 0.00531471 -0.01380458 0.00293425 0.00536111 -0.0137462 0.00255533 0.00480448 -0.01339904 0.00302383 0.00477085 -0.01327706 0.00265896 0.00433209 -0.01302358 0.00328594 0.00422436 -0.01284271 0.00296218 0.00393258 -0.01270605 0.00370112 0.00376219 -0.01247536 0.00344249 0.00363557 -0.01246999 0.0042386 0.00341859 -0.01220227 0.00406427 0.0034631 -0.0123329 0.0048585 0.00321907 -0.01204369 0.00478141 0.00342796 -0.01230497 0.00551486 0.00317841 -0.01201137 0.00554072 0.00353274 -0.01238825 0.00615899 0.00329963 -0.01210772 0.00628588 0.00376969 -0.01257658 0.00674312 0.00357374 -0.01232559 0.00696163 0.00412122 -0.01285598 0.00722393 0.00398042 -0.01264881 0.00751786 0.00456127 -0.01320574 0.00756575 0.00448949 -0.01305343 0.0079133 0.0050572 -0.0135999 0.00774325 0.00506321 -0.01350942 0.00811864 0.00557223 -0.01400925 0.00774325 0.00565902 -0.01398298 0.00811864 0.00606815 -0.01440342 0.00756575 0.00623273 -0.01443897 0.0079133 0.0065082 -0.01475317 0.00722393 0.00674181 -0.01484359 0.00751786 0.00685974 -0.01503257 0.00674312 0.00714848 -0.01516681 0.00696163 0.00709668 -0.0152209 0.00615899 0.00742259 -0.01538468 0.00628588 0.00720147 -0.01530418 0.00551486 0.00754381 -0.01548103 0.00554072 0.00615174 -0.01410304 0.00234851 0.00676127 -0.0145875 0.00268671 0.00727677 -0.01499722 0.00322243 0.00766 -0.01530182 0.00391594 0.00788254 -0.01547869 0.00471581 0.00792789 -0.01551474 0.00556272 0.00779269 -0.01540728 0.00639385 0.00748695 -0.01516428 0.00714756 0.00703337 -0.01480376 0.00776795 0.00646556 -0.01435247 0.00820902 0.00582566 -0.01384387 0.00843804 0.00516111 -0.01331568 0.00843804 0.00452121 -0.01280708 0.00820902 0.00395341 -0.01235579 0.00776795 0.00349982 -0.01199527 0.00714756 0.00319408 -0.01175227 0.00639385 0.00305888 -0.01164481 0.00556272 0.00310423 -0.01168086 0.00471581 0.00332677 -0.01185773 0.00391594 0.00371 -0.01216233 0.00322243 0.0042255 -0.01257205 0.00268671 0.00483503 -0.01305651 0.00234851 0.00549339 -0.01357978 0.00223292 0.00406406 -0.01203638 0.00274268 0.00365068 -0.01170781 0.00327073 0.00333964 -0.0114606 0.00390305 0.00314656 -0.01130714 0.00460792 0.0030811 -0.01125511 0.00535 0.00314656 -0.01130714 0.00609208 0.00323184 -0.01137492 0.00646679 0.00333964 -0.0114606 0.00679695 0.00365068 -0.01170781 0.00742927 0.00406406 -0.01203638 0.00795732 0.00455907 -0.01242981 0.00835463 0.00511087 -0.01286839 0.00860127 0.00533632 -0.01304758 0.00865383 0.00823706 -0.01535311 0.00609208 0.00815178 -0.01528532 0.00646679 0.00804398 -0.01519964 0.00679695 0.00773295 -0.01495243 0.00742927 0.00731956 -0.01462387 0.00795732 0.00682456 -0.01423044 0.00835463 0.00627275 -0.01379186 0.00860127 0.00569181 -0.01333012 0.00868489 0.00830252 -0.01540513 0.00535 0.00823706 -0.01535311 0.00460792 0.00804398 -0.01519964 0.00390305 0.00773295 -0.01495243 0.00327073 0.00731956 -0.01462387 0.00274268 0.00704829 -0.01440827 0.00250061 0.00433533 -0.01225198 0.00250061 0.00455907 -0.01242981 0.00234537 0.00511087 -0.01286839 0.00209873 0.00569181 -0.01333012 0.00201511 0.00627275 -0.01379186 0.00209873 0.00682456 -0.01423044 0.00234537 0.01238604 -0.00346888 0.00927228 0.00731955 -0.00967743 0.00972466 0.00617492 -0.0112835 0.00927228 0.00687575 -0.01184053 0.00937315 0.00403814 -0.00958517 0.00709558 0.00824227 -0.01292665 0.00172527 0.00933814 -0.01379765 0.00785839 0.00883944 -0.01340128 0.00849542 0.00824227 -0.01292665 0.00897473 0.00757658 -0.01239755 0.00927228 0.00550923 -0.01075441 0.00897473 0.00657708 -0.00908731 0.00939279 0.00774834 -0.00745079 0.00960323 0.00491206 -0.01027978 0.00849542 0.00591104 -0.00855793 0.0088582 0.00704763 -0.00689386 0.00904082 0.00830664 -0.00530982 0.00904082 0.00441336 -0.00988341 0.00785839 0.00535482 -0.00811585 0.0081477 0.00646246 -0.00642877 0.00829333 0.00772147 -0.00484472 0.00829333 0.00911502 -0.00338489 0.0081477 0.00493632 -0.00778322 0.00729691 0.00602217 -0.00607882 0.00739825 0.00728118 -0.00449478 0.00739825 0.00869652 -0.00305226 0.00729691 0.01024926 -0.00177055 0.00709558 0.01338554 -0.00677913 0.00939279 0.01445339 -0.00511203 0.00897473 0.0137877 -0.00458293 0.00927228 0.01505056 -0.00558666 0.00849542 0.01405158 -0.0073085 0.0088582 0.01291499 -0.00897257 0.00904082 0.01554926 -0.00598303 0.00785839 0.0146078 -0.00775059 0.0081477 0.01350016 -0.00943767 0.00829333 0.01224115 -0.01102171 0.00829333 0.01592448 -0.00628126 0.00709558 0.0150263 -0.00808322 0.00729691 0.01394045 -0.00978761 0.00739825 0.01268144 -0.01137166 0.00739825 0.0112661 -0.01281417 0.00729691 0.01002526 -0.01434378 0.00535 0.0099463 -0.01428102 0.00445477 0.01161398 -0.01309067 0.00535 0.0115259 -0.01302067 0.00435151 0.01304742 -0.01166254 0.00535 0.01295476 -0.0115889 0.00429954 0.01430643 -0.0100785 0.00535 0.01421377 -0.01000485 0.00429954 0.01537418 -0.00835971 0.00535 0.0152861 -0.00828971 0.00435151 0.01623638 -0.00652916 0.00535 0.01615742 -0.0064664 0.00445477 0.00971336 -0.01409588 0.00360442 0.0112661 -0.01281417 0.00340309 0.01268144 -0.01137166 0.00330175 0.01394045 -0.00978761 0.00330175 0.0150263 -0.00808322 0.00340309 0.01592448 -0.00628126 0.00360442 0.00933814 -0.01379765 0.00284161 0.0108476 -0.01248155 0.0025523 0.01224115 -0.01102171 0.00240667 0.01350016 -0.00943767 0.00240667 0.0146078 -0.00775059 0.0025523 0.01554926 -0.00598303 0.00284161 0.00757658 -0.01239755 0.00142772 0.00962534 -0.01151009 0.00130721 0.00888287 -0.01091997 0.00097534 0.01095527 -0.00999969 0.00109677 0.01017416 -0.00937885 0.00074763 0.01221428 -0.00841564 0.00109677 0.01143317 -0.00779481 0.00074763 0.01338554 -0.00677913 0.00130721 0.01264307 -0.00618901 0.00097534 0.01445339 -0.00511203 0.00172527 0.0137877 -0.00458293 0.00142772 0.00687575 -0.01184053 0.00132685 0.00810121 -0.0102987 0.00086284 0.00935181 -0.00872524 0.00062927 0.01061082 -0.00714119 0.00062927 0.01186141 -0.00556774 0.00086284 0.01308687 -0.00402591 0.00132685 0.00617492 -0.0112835 0.00142772 0.00731955 -0.00967743 0.00097534 0.00852945 -0.00807163 0.00074763 0.00978846 -0.00648758 0.00074763 0.01107975 -0.00494647 0.00097534 0.01238604 -0.00346888 0.00142772 0.00550923 -0.01075441 0.00172527 0.00657708 -0.00908731 0.00130721 0.00774834 -0.00745079 0.00109677 0.00900735 -0.00586675 0.00109677 0.01033728 -0.00435635 0.00130721 0.01172035 -0.00293978 0.00172527 0.00441336 -0.00988341 0.00284161 0.00403814 -0.00958517 0.00360442 0.00535482 -0.00811585 0.0025523 0.00493632 -0.00778322 0.00340309 0.00646246 -0.00642877 0.00240667 0.00602217 -0.00607882 0.00330175 0.00772147 -0.00484472 0.00240667 0.00728118 -0.00449478 0.00330175 0.00911502 -0.00338489 0.0025523 0.00869652 -0.00305226 0.00340309 0.01062448 -0.00206878 0.00284161 0.01024926 -0.00177055 0.00360442 0.00380521 -0.00940004 0.00445477 0.00467652 -0.00757673 0.00435151 0.00574885 -0.00586158 0.00429954 0.00700786 -0.00427754 0.00429954 0.00843672 -0.00284577 0.00435151 0.01001632 -0.00158541 0.00445477 0.00372624 -0.00933727 0.00535 0.00458845 -0.00750673 0.00535 0.00565619 -0.00578794 0.00535 0.0069152 -0.00420389 0.00535 0.00834865 -0.00277577 0.00535 0.00993736 -0.00152265 0.00535 0.00971336 -0.01409588 0.00709558 0.0108476 -0.01248155 0.0081477 0.01165598 -0.01055662 0.00904082 0.01221428 -0.00841564 0.00960323 0.01264307 -0.00618901 0.00972466 0.01308687 -0.00402591 0.00937315 0.01615742 -0.0064664 0.00624523 0.0152861 -0.00828971 0.00634849 0.01421377 -0.01000485 0.00640046 0.01295476 -0.0115889 0.00640046 0.0115259 -0.01302067 0.00634849 0.0099463 -0.01428102 0.00624523 0.01505056 -0.00558666 0.00220458 0.01405158 -0.0073085 0.0018418 0.01291499 -0.00897257 0.00165918 0.01165598 -0.01055662 0.00165918 0.01029138 -0.01203946 0.0018418 0.00883944 -0.01340128 0.00220458 0.01112318 -0.00246515 0.00220458 0.00967124 -0.00382697 0.0018418 0.00830664 -0.00530982 0.00165918 0.00704763 -0.00689386 0.00165918 0.00591104 -0.00855793 0.0018418 0.00491206 -0.01027978 0.00220458 0.01001632 -0.00158541 0.00624523 0.00843672 -0.00284577 0.00634849 0.00700786 -0.00427754 0.00640046 0.00574885 -0.00586158 0.00640046 0.00467652 -0.00757673 0.00634849 0.00380521 -0.00940004 0.00624523 0.01062448 -0.00206878 0.00785839 0.00810121 -0.0102987 0.00983716 0.00852945 -0.00807163 0.00995237 0.00900735 -0.00586675 0.00960323 0.00967124 -0.00382697 0.0088582 0.00888287 -0.01091997 0.00972466 0.00935181 -0.00872524 0.01007073 0.00978846 -0.00648758 0.00995237 0.01033728 -0.00435635 0.00939279 0.01112318 -0.00246515 0.00849542 0.00962534 -0.01151009 0.00939279 0.01017416 -0.00937885 0.00995237 0.01061082 -0.00714119 0.01007073 0.01107975 -0.00494647 0.00972466 0.01172035 -0.00293978 0.00897473 0.01029138 -0.01203946 0.0088582 0.01095527 -0.00999969 0.00960323 0.01143317 -0.00779481 0.00995237 0.01186141 -0.00556774 0.00983716 0.00206186 0.01464791 0.00635 0.00237296 0.01503933 0.00621603 0.00260071 0.01532588 0.00585 0.00268407 0.01543076 0.00535 0.00260071 0.01532588 0.00485 0.00175075 0.01425648 0.00621603 0.00152301 0.01396994 0.00585 0.00143964 0.01386506 0.00535 0.00152301 0.01396994 0.00485 0.00175075 0.01425648 0.00448398 0.00206186 0.01464791 0.00435 0.00237296 0.01503933 0.00448398 0.00197648 0.01356645 0.00213878 0.001636 0.01313807 0.00234537 0.00127893 0.01320135 0.00268671 0.00145817 0.01291433 0.00250061 0.00124256 0.01264306 0.00274268 0.00086921 0.01268585 0.00322243 0.00101982 0.01236281 0.00307376 0.000914 0.01222967 0.00327073 0.00056462 0.01230262 0.00391594 0.00069394 0.0119528 0.00381573 0.0005047 0.01171471 0.0046715 0.00038774 0.01208008 0.00471581 0.0004613 0.0116601 0.00535 0.0003517 0.01203473 0.00556272 0.00046614 0.01166619 0.00557758 0.00045916 0.01216993 0.00639385 0.00051333 0.01172556 0.00609208 0.00058111 0.01181084 0.00646679 0.00066679 0.01191864 0.00679695 0.00070216 0.01247567 0.00714756 0.00084109 0.01213794 0.00727316 0.000914 0.01222967 0.00742927 0.00106267 0.01292926 0.00776795 0.0012268 0.01262322 0.00793691 0.00170962 0.0132307 0.0084088 0.00151397 0.01349706 0.00820902 0.00202257 0.01413696 0.00843804 0.00207458 0.01368987 0.00860127 0.00225376 0.01391532 0.00865383 0.00255075 0.01480151 0.00843804 0.00253631 0.01427081 0.00868489 0.00281886 0.0146263 0.00865383 0.00299804 0.01485175 0.00860127 0.00305935 0.01544141 0.00820902 0.003363 0.01531092 0.0084088 0.00384583 0.0159184 0.00793691 0.00351065 0.01600921 0.00776795 0.00415862 0.01631195 0.00742927 0.00387116 0.0164628 0.00714756 0.00423153 0.01640368 0.00727316 0.00411416 0.01676854 0.00639385 0.00440583 0.01662298 0.00679695 0.00460648 0.01687543 0.00557758 0.00422162 0.01690374 0.00556272 0.0045593 0.01681606 0.00609208 0.00449151 0.01673078 0.00646679 0.00461132 0.01688152 0.00535 0.00456792 0.01682691 0.0046715 0.00418558 0.01685839 0.00471581 0.00437868 0.01658882 0.00381573 0.0040087 0.01663585 0.00391594 0.00415862 0.01631195 0.00327073 0.00370411 0.01625262 0.00322243 0.0040528 0.01617881 0.00307376 0.00329439 0.01573712 0.00268671 0.00383006 0.01589856 0.00274268 0.00361445 0.01562729 0.00250061 0.00343662 0.01540355 0.00234537 0.00280993 0.01512759 0.00234851 0.00176339 0.01381088 0.00234851 0.00228666 0.01446924 0.00223292 0.00253631 0.01427081 0.00201511 0.00309614 0.01497517 0.00213878 0.00385506 0.01678421 0.00554072 0.00375871 0.01666299 0.00628588 0.00354085 0.01638888 0.00696163 0.00321762 0.01598221 0.00751786 0.00281301 0.01547313 0.0079133 0.00235701 0.01489942 0.00811864 0.00188346 0.01430361 0.00811864 0.00142746 0.01372989 0.0079133 0.00102285 0.01322082 0.00751786 0.00069962 0.01281414 0.00696163 0.00048176 0.01254003 0.00628588 0.00038541 0.01241881 0.00554072 0.00041773 0.01245947 0.00478141 0.00057631 0.01265899 0.00406427 0.0008494 0.01300259 0.00344249 0.00121674 0.01346476 0.00296218 0.00165109 0.01401125 0.00265896 0.00212024 0.01460151 0.00255533 0.00258938 0.01519177 0.00265896 0.00302373 0.01573826 0.00296218 0.00339107 0.01620043 0.00344249 0.00366416 0.01654403 0.00406427 0.00382274 0.01674355 0.00478141 0.00353353 0.01649952 0.0048585 0.00356497 0.01653907 0.00535 0.00356147 0.01653467 0.00551486 0.00347818 0.01642988 0.00615899 0.00328986 0.01619294 0.00674312 0.00301045 0.0158414 0.00722393 0.0026607 0.01540135 0.00756575 0.00226653 0.01490542 0.00774325 0.00185718 0.0143904 0.00774325 0.00146302 0.01389447 0.00756575 0.00111326 0.01345442 0.00722393 0.00083386 0.01310288 0.00674312 0.00064553 0.01286594 0.00615899 0.00056225 0.01276115 0.00551486 0.00059018 0.0127963 0.0048585 0.00072727 0.01296877 0.0042386 0.00096333 0.01326578 0.00370112 0.00128087 0.01366529 0.00328594 0.00165632 0.01413768 0.00302383 0.00206186 0.01464791 0.00293425 0.00246739 0.01515814 0.00302383 0.00284285 0.01563053 0.00328594 0.00316039 0.01603004 0.00370112 0.00339645 0.01632705 0.0042386 0.01530769 0.00720588 0.00535 0.01527625 0.00716632 0.0048585 0.01544871 0.00750315 0.00478141 0.01513917 0.00699385 0.0042386 0.01529013 0.00730363 0.00406427 0.0149031 0.00669684 0.00370112 0.01501704 0.00696003 0.00344249 0.01458557 0.00629733 0.00328594 0.01464969 0.00649786 0.00296218 0.01421011 0.00582494 0.00302383 0.01421534 0.00595137 0.00265896 0.01380458 0.00531471 0.00293425 0.0137462 0.00536111 0.00255533 0.01339904 0.00480448 0.00302383 0.01327706 0.00477085 0.00265896 0.01302358 0.00433209 0.00328594 0.01284271 0.00422436 0.00296218 0.01270605 0.00393258 0.00370112 0.01247536 0.00376219 0.00344249 0.01246999 0.00363557 0.0042386 0.01220227 0.00341859 0.00406427 0.0123329 0.0034631 0.0048585 0.01204369 0.00321907 0.00478141 0.01230497 0.00342796 0.00551486 0.01201137 0.00317841 0.00554072 0.01238825 0.00353274 0.00615899 0.01210772 0.00329963 0.00628588 0.01257658 0.00376969 0.00674312 0.01232559 0.00357374 0.00696163 0.01285598 0.00412122 0.00722393 0.01264881 0.00398042 0.00751786 0.01320574 0.00456127 0.00756575 0.01305343 0.00448949 0.0079133 0.0135999 0.0050572 0.00774325 0.01350942 0.00506321 0.00811864 0.01400925 0.00557223 0.00774325 0.01398298 0.00565902 0.00811864 0.01440342 0.00606815 0.00756575 0.01443897 0.00623273 0.0079133 0.01475317 0.0065082 0.00722393 0.01484359 0.00674181 0.00751786 0.01503257 0.00685974 0.00674312 0.01516681 0.00714848 0.00696163 0.0152209 0.00709668 0.00615899 0.01538468 0.00742259 0.00628588 0.01530418 0.00720147 0.00551486 0.01548103 0.00754381 0.00554072 0.01410304 0.00615174 0.00234851 0.0145875 0.00676127 0.00268671 0.01499722 0.00727677 0.00322243 0.01530182 0.00766 0.00391594 0.01547869 0.00788254 0.00471581 0.01551474 0.00792789 0.00556272 0.01540728 0.00779269 0.00639385 0.01516428 0.00748695 0.00714756 0.01480376 0.00703337 0.00776795 0.01435247 0.00646556 0.00820902 0.01384387 0.00582566 0.00843804 0.01331568 0.00516111 0.00843804 0.01280708 0.00452121 0.00820902 0.01235579 0.00395341 0.00776795 0.01199527 0.00349982 0.00714756 0.01175227 0.00319408 0.00639385 0.01164481 0.00305888 0.00556272 0.01168086 0.00310423 0.00471581 0.01185773 0.00332677 0.00391594 0.01216233 0.00371 0.00322243 0.01257205 0.0042255 0.00268671 0.01305651 0.00483503 0.00234851 0.01357978 0.00549339 0.00223292 0.01203638 0.00406406 0.00274268 0.01170781 0.00365068 0.00327073 0.0114606 0.00333964 0.00390305 0.01130714 0.00314656 0.00460792 0.01125511 0.0030811 0.00535 0.01130714 0.00314656 0.00609208 0.01137492 0.00323184 0.00646679 0.0114606 0.00333964 0.00679695 0.01170781 0.00365068 0.00742927 0.01203638 0.00406406 0.00795732 0.01242981 0.00455907 0.00835463 0.01286839 0.00511087 0.00860127 0.01304758 0.00533632 0.00865383 0.01535311 0.00823706 0.00609208 0.01528532 0.00815178 0.00646679 0.01519964 0.00804398 0.00679695 0.01495243 0.00773295 0.00742927 0.01462387 0.00731956 0.00795732 0.01423044 0.00682456 0.00835463 0.01379186 0.00627275 0.00860127 0.01333012 0.00569181 0.00868489 0.01540513 0.00830252 0.00535 0.01535311 0.00823706 0.00460792 0.01519964 0.00804398 0.00390305 0.01495243 0.00773295 0.00327073 0.01462387 0.00731956 0.00274268 0.01440827 0.00704829 0.00250061 0.01225198 0.00433533 0.00250061 0.01242981 0.00455907 0.00234537 0.01286839 0.00511087 0.00209873 0.01333012 0.00569181 0.00201511 0.01379186 0.00627275 0.00209873 0.01423044 0.00682456 0.00234537 0.00346888 0.01238604 0.00927228 0.00967743 0.00731955 0.00972466 0.0112835 0.00617492 0.00927228 0.01184053 0.00687575 0.00937315 0.00958517 0.00403814 0.00709558 0.01292665 0.00824227 0.00172527 0.01379765 0.00933814 0.00785839 0.01340128 0.00883944 0.00849542 0.01292665 0.00824227 0.00897473 0.01239755 0.00757658 0.00927228 0.01075441 0.00550923 0.00897473 0.00908731 0.00657708 0.00939279 0.00745079 0.00774834 0.00960323 0.01027978 0.00491206 0.00849542 0.00855793 0.00591104 0.0088582 0.00689386 0.00704763 0.00904082 0.00530982 0.00830664 0.00904082 0.00988341 0.00441336 0.00785839 0.00811585 0.00535482 0.0081477 0.00642877 0.00646246 0.00829333 0.00484472 0.00772147 0.00829333 0.00338489 0.00911502 0.0081477 0.00778322 0.00493632 0.00729691 0.00607882 0.00602217 0.00739825 0.00449478 0.00728118 0.00739825 0.00305226 0.00869652 0.00729691 0.00177055 0.01024926 0.00709558 0.00677913 0.01338554 0.00939279 0.00511203 0.01445339 0.00897473 0.00458293 0.0137877 0.00927228 0.00558666 0.01505056 0.00849542 0.0073085 0.01405158 0.0088582 0.00897257 0.01291499 0.00904082 0.00598303 0.01554926 0.00785839 0.00775059 0.0146078 0.0081477 0.00943767 0.01350016 0.00829333 0.01102171 0.01224115 0.00829333 0.00628126 0.01592448 0.00709558 0.00808322 0.0150263 0.00729691 0.00978761 0.01394045 0.00739825 0.01137166 0.01268144 0.00739825 0.01281417 0.0112661 0.00729691 0.01434378 0.01002526 0.00535 0.01428102 0.0099463 0.00445477 0.01309067 0.01161398 0.00535 0.01302067 0.0115259 0.00435151 0.01166254 0.01304742 0.00535 0.0115889 0.01295476 0.00429954 0.0100785 0.01430643 0.00535 0.01000485 0.01421377 0.00429954 0.00835971 0.01537418 0.00535 0.00828971 0.0152861 0.00435151 0.00652916 0.01623638 0.00535 0.0064664 0.01615742 0.00445477 0.01409588 0.00971336 0.00360442 0.01281417 0.0112661 0.00340309 0.01137166 0.01268144 0.00330175 0.00978761 0.01394045 0.00330175 0.00808322 0.0150263 0.00340309 0.00628126 0.01592448 0.00360442 0.01379765 0.00933814 0.00284161 0.01248155 0.0108476 0.0025523 0.01102171 0.01224115 0.00240667 0.00943767 0.01350016 0.00240667 0.00775059 0.0146078 0.0025523 0.00598303 0.01554926 0.00284161 0.01239755 0.00757658 0.00142772 0.01151009 0.00962534 0.00130721 0.01091997 0.00888287 0.00097534 0.00999969 0.01095527 0.00109677 0.00937885 0.01017416 0.00074763 0.00841564 0.01221428 0.00109677 0.00779481 0.01143317 0.00074763 0.00677913 0.01338554 0.00130721 0.00618901 0.01264307 0.00097534 0.00511203 0.01445339 0.00172527 0.00458293 0.0137877 0.00142772 0.01184053 0.00687575 0.00132685 0.0102987 0.00810121 0.00086284 0.00872524 0.00935181 0.00062927 0.00714119 0.01061082 0.00062927 0.00556774 0.01186141 0.00086284 0.00402591 0.01308687 0.00132685 0.0112835 0.00617492 0.00142772 0.00967743 0.00731955 0.00097534 0.00807163 0.00852945 0.00074763 0.00648758 0.00978846 0.00074763 0.00494647 0.01107975 0.00097534 0.00346888 0.01238604 0.00142772 0.01075441 0.00550923 0.00172527 0.00908731 0.00657708 0.00130721 0.00745079 0.00774834 0.00109677 0.00586675 0.00900735 0.00109677 0.00435635 0.01033728 0.00130721 0.00293978 0.01172035 0.00172527 0.00988341 0.00441336 0.00284161 0.00958517 0.00403814 0.00360442 0.00811585 0.00535482 0.0025523 0.00778322 0.00493632 0.00340309 0.00642877 0.00646246 0.00240667 0.00607882 0.00602217 0.00330175 0.00484472 0.00772147 0.00240667 0.00449478 0.00728118 0.00330175 0.00338489 0.00911502 0.0025523 0.00305226 0.00869652 0.00340309 0.00206878 0.01062448 0.00284161 0.00177055 0.01024926 0.00360442 0.00940004 0.00380521 0.00445477 0.00757673 0.00467652 0.00435151 0.00586158 0.00574885 0.00429954 0.00427754 0.00700786 0.00429954 0.00284577 0.00843672 0.00435151 0.00158541 0.01001632 0.00445477 0.00933727 0.00372624 0.00535 0.00750673 0.00458845 0.00535 0.00578794 0.00565619 0.00535 0.00420389 0.0069152 0.00535 0.00277577 0.00834865 0.00535 0.00152265 0.00993736 0.00535 0.01409588 0.00971336 0.00709558 0.01248155 0.0108476 0.0081477 0.01055662 0.01165598 0.00904082 0.00841564 0.01221428 0.00960323 0.00618901 0.01264307 0.00972466 0.00402591 0.01308687 0.00937315 0.0064664 0.01615742 0.00624523 0.00828971 0.0152861 0.00634849 0.01000485 0.01421377 0.00640046 0.0115889 0.01295476 0.00640046 0.01302067 0.0115259 0.00634849 0.01428102 0.0099463 0.00624523 0.00558666 0.01505056 0.00220458 0.0073085 0.01405158 0.0018418 0.00897257 0.01291499 0.00165918 0.01055662 0.01165598 0.00165918 0.01203946 0.01029138 0.0018418 0.01340128 0.00883944 0.00220458 0.00246515 0.01112318 0.00220458 0.00382697 0.00967124 0.0018418 0.00530982 0.00830664 0.00165918 0.00689386 0.00704763 0.00165918 0.00855793 0.00591104 0.0018418 0.01027978 0.00491206 0.00220458 0.00158541 0.01001632 0.00624523 0.00284577 0.00843672 0.00634849 0.00427754 0.00700786 0.00640046 0.00586158 0.00574885 0.00640046 0.00757673 0.00467652 0.00634849 0.00940004 0.00380521 0.00624523 0.00206878 0.01062448 0.00785839 0.0102987 0.00810121 0.00983716 0.00807163 0.00852945 0.00995237 0.00586675 0.00900735 0.00960323 0.00382697 0.00967124 0.0088582 0.01091997 0.00888287 0.00972466 0.00872524 0.00935181 0.01007073 0.00648758 0.00978846 0.00995237 0.00435635 0.01033728 0.00939279 0.00246515 0.01112318 0.00849542 0.01151009 0.00962534 0.00939279 0.00937885 0.01017416 0.00995237 0.00714119 0.01061082 0.01007073 0.00494647 0.01107975 0.00972466 0.00293978 0.01172035 0.00897473 0.01203946 0.01029138 0.0088582 0.00999969 0.01095527 0.00960323 0.00779481 0.01143317 0.00995237 0.00556774 0.01186141 0.00983716 -0.01464791 0.00206186 0.00635 -0.01503933 0.00237296 0.00621603 -0.01532588 0.00260071 0.00585 -0.01543076 0.00268407 0.00535 -0.01532588 0.00260071 0.00485 -0.01425648 0.00175075 0.00621603 -0.01396994 0.00152301 0.00585 -0.01386506 0.00143964 0.00535 -0.01396994 0.00152301 0.00485 -0.01425648 0.00175075 0.00448398 -0.01464791 0.00206186 0.00435 -0.01503933 0.00237296 0.00448398 -0.01356645 0.00197648 0.00213878 -0.01313807 0.001636 0.00234537 -0.01320135 0.00127893 0.00268671 -0.01291433 0.00145817 0.00250061 -0.01264306 0.00124256 0.00274268 -0.01268585 0.00086921 0.00322243 -0.01236281 0.00101982 0.00307376 -0.01222967 0.000914 0.00327073 -0.01230262 0.00056462 0.00391594 -0.0119528 0.00069394 0.00381573 -0.01171471 0.0005047 0.0046715 -0.01208008 0.00038774 0.00471581 -0.0116601 0.0004613 0.00535 -0.01203473 0.0003517 0.00556272 -0.01166619 0.00046614 0.00557758 -0.01216993 0.00045916 0.00639385 -0.01172556 0.00051333 0.00609208 -0.01181084 0.00058111 0.00646679 -0.01191864 0.00066679 0.00679695 -0.01247567 0.00070216 0.00714756 -0.01213794 0.00084109 0.00727316 -0.01222967 0.000914 0.00742927 -0.01292926 0.00106267 0.00776795 -0.01262322 0.0012268 0.00793691 -0.0132307 0.00170962 0.0084088 -0.01349706 0.00151397 0.00820902 -0.01413696 0.00202257 0.00843804 -0.01368987 0.00207458 0.00860127 -0.01391532 0.00225376 0.00865383 -0.01480151 0.00255075 0.00843804 -0.01427081 0.00253631 0.00868489 -0.0146263 0.00281886 0.00865383 -0.01485175 0.00299804 0.00860127 -0.01544141 0.00305935 0.00820902 -0.01531092 0.003363 0.0084088 -0.0159184 0.00384583 0.00793691 -0.01600921 0.00351065 0.00776795 -0.01631195 0.00415862 0.00742927 -0.0164628 0.00387116 0.00714756 -0.01640368 0.00423153 0.00727316 -0.01676854 0.00411416 0.00639385 -0.01662298 0.00440583 0.00679695 -0.01687543 0.00460648 0.00557758 -0.01690374 0.00422162 0.00556272 -0.01681606 0.0045593 0.00609208 -0.01673078 0.00449151 0.00646679 -0.01688152 0.00461132 0.00535 -0.01682691 0.00456792 0.0046715 -0.01685839 0.00418558 0.00471581 -0.01658882 0.00437868 0.00381573 -0.01663585 0.0040087 0.00391594 -0.01631195 0.00415862 0.00327073 -0.01625262 0.00370411 0.00322243 -0.01617881 0.0040528 0.00307376 -0.01573712 0.00329439 0.00268671 -0.01589856 0.00383006 0.00274268 -0.01562729 0.00361445 0.00250061 -0.01540355 0.00343662 0.00234537 -0.01512759 0.00280993 0.00234851 -0.01381088 0.00176339 0.00234851 -0.01446924 0.00228666 0.00223292 -0.01427081 0.00253631 0.00201511 -0.01497517 0.00309614 0.00213878 -0.01678421 0.00385506 0.00554072 -0.01666299 0.00375871 0.00628588 -0.01638888 0.00354085 0.00696163 -0.01598221 0.00321762 0.00751786 -0.01547313 0.00281301 0.0079133 -0.01489942 0.00235701 0.00811864 -0.01430361 0.00188346 0.00811864 -0.01372989 0.00142746 0.0079133 -0.01322082 0.00102285 0.00751786 -0.01281414 0.00069962 0.00696163 -0.01254003 0.00048176 0.00628588 -0.01241881 0.00038541 0.00554072 -0.01245947 0.00041773 0.00478141 -0.01265899 0.00057631 0.00406427 -0.01300259 0.0008494 0.00344249 -0.01346476 0.00121674 0.00296218 -0.01401125 0.00165109 0.00265896 -0.01460151 0.00212024 0.00255533 -0.01519177 0.00258938 0.00265896 -0.01573826 0.00302373 0.00296218 -0.01620043 0.00339107 0.00344249 -0.01654403 0.00366416 0.00406427 -0.01674355 0.00382274 0.00478141 -0.01649952 0.00353353 0.0048585 -0.01653907 0.00356497 0.00535 -0.01653467 0.00356147 0.00551486 -0.01642988 0.00347818 0.00615899 -0.01619294 0.00328986 0.00674312 -0.0158414 0.00301045 0.00722393 -0.01540135 0.0026607 0.00756575 -0.01490542 0.00226653 0.00774325 -0.0143904 0.00185718 0.00774325 -0.01389447 0.00146302 0.00756575 -0.01345442 0.00111326 0.00722393 -0.01310288 0.00083386 0.00674312 -0.01286594 0.00064553 0.00615899 -0.01276115 0.00056225 0.00551486 -0.0127963 0.00059018 0.0048585 -0.01296877 0.00072727 0.0042386 -0.01326578 0.00096333 0.00370112 -0.01366529 0.00128087 0.00328594 -0.01413768 0.00165632 0.00302383 -0.01464791 0.00206186 0.00293425 -0.01515814 0.00246739 0.00302383 -0.01563053 0.00284285 0.00328594 -0.01603004 0.00316039 0.00370112 -0.01632705 0.00339645 0.0042386 -0.00720588 0.01530769 0.00535 -0.00716632 0.01527625 0.0048585 -0.00750315 0.01544871 0.00478141 -0.00699385 0.01513917 0.0042386 -0.00730363 0.01529013 0.00406427 -0.00669684 0.0149031 0.00370112 -0.00696003 0.01501704 0.00344249 -0.00629733 0.01458557 0.00328594 -0.00649786 0.01464969 0.00296218 -0.00582494 0.01421011 0.00302383 -0.00595137 0.01421534 0.00265896 -0.00531471 0.01380458 0.00293425 -0.00536111 0.0137462 0.00255533 -0.00480448 0.01339904 0.00302383 -0.00477085 0.01327706 0.00265896 -0.00433209 0.01302358 0.00328594 -0.00422436 0.01284271 0.00296218 -0.00393258 0.01270605 0.00370112 -0.00376219 0.01247536 0.00344249 -0.00363557 0.01246999 0.0042386 -0.00341859 0.01220227 0.00406427 -0.0034631 0.0123329 0.0048585 -0.00321907 0.01204369 0.00478141 -0.00342796 0.01230497 0.00551486 -0.00317841 0.01201137 0.00554072 -0.00353274 0.01238825 0.00615899 -0.00329963 0.01210772 0.00628588 -0.00376969 0.01257658 0.00674312 -0.00357374 0.01232559 0.00696163 -0.00412122 0.01285598 0.00722393 -0.00398042 0.01264881 0.00751786 -0.00456127 0.01320574 0.00756575 -0.00448949 0.01305343 0.0079133 -0.0050572 0.0135999 0.00774325 -0.00506321 0.01350942 0.00811864 -0.00557223 0.01400925 0.00774325 -0.00565902 0.01398298 0.00811864 -0.00606815 0.01440342 0.00756575 -0.00623273 0.01443897 0.0079133 -0.0065082 0.01475317 0.00722393 -0.00674181 0.01484359 0.00751786 -0.00685974 0.01503257 0.00674312 -0.00714848 0.01516681 0.00696163 -0.00709668 0.0152209 0.00615899 -0.00742259 0.01538468 0.00628588 -0.00720147 0.01530418 0.00551486 -0.00754381 0.01548103 0.00554072 -0.00615174 0.01410304 0.00234851 -0.00676127 0.0145875 0.00268671 -0.00727677 0.01499722 0.00322243 -0.00766 0.01530182 0.00391594 -0.00788254 0.01547869 0.00471581 -0.00792789 0.01551474 0.00556272 -0.00779269 0.01540728 0.00639385 -0.00748695 0.01516428 0.00714756 -0.00703337 0.01480376 0.00776795 -0.00646556 0.01435247 0.00820902 -0.00582566 0.01384387 0.00843804 -0.00516111 0.01331568 0.00843804 -0.00452121 0.01280708 0.00820902 -0.00395341 0.01235579 0.00776795 -0.00349982 0.01199527 0.00714756 -0.00319408 0.01175227 0.00639385 -0.00305888 0.01164481 0.00556272 -0.00310423 0.01168086 0.00471581 -0.00332677 0.01185773 0.00391594 -0.00371 0.01216233 0.00322243 -0.0042255 0.01257205 0.00268671 -0.00483503 0.01305651 0.00234851 -0.00549339 0.01357978 0.00223292 -0.00406406 0.01203638 0.00274268 -0.00365068 0.01170781 0.00327073 -0.00333964 0.0114606 0.00390305 -0.00314656 0.01130714 0.00460792 -0.0030811 0.01125511 0.00535 -0.00314656 0.01130714 0.00609208 -0.00323184 0.01137492 0.00646679 -0.00333964 0.0114606 0.00679695 -0.00365068 0.01170781 0.00742927 -0.00406406 0.01203638 0.00795732 -0.00455907 0.01242981 0.00835463 -0.00511087 0.01286839 0.00860127 -0.00533632 0.01304758 0.00865383 -0.00823706 0.01535311 0.00609208 -0.00815178 0.01528532 0.00646679 -0.00804398 0.01519964 0.00679695 -0.00773295 0.01495243 0.00742927 -0.00731956 0.01462387 0.00795732 -0.00682456 0.01423044 0.00835463 -0.00627275 0.01379186 0.00860127 -0.00569181 0.01333012 0.00868489 -0.00830252 0.01540513 0.00535 -0.00823706 0.01535311 0.00460792 -0.00804398 0.01519964 0.00390305 -0.00773295 0.01495243 0.00327073 -0.00731956 0.01462387 0.00274268 -0.00704829 0.01440827 0.00250061 -0.00433533 0.01225198 0.00250061 -0.00455907 0.01242981 0.00234537 -0.00511087 0.01286839 0.00209873 -0.00569181 0.01333012 0.00201511 -0.00627275 0.01379186 0.00209873 -0.00682456 0.01423044 0.00234537 -0.01238604 0.00346888 0.00927228 -0.00731955 0.00967743 0.00972466 -0.00617492 0.0112835 0.00927228 -0.00687575 0.01184053 0.00937315 -0.00403814 0.00958517 0.00709558 -0.00824227 0.01292665 0.00172527 -0.00933814 0.01379765 0.00785839 -0.00883944 0.01340128 0.00849542 -0.00824227 0.01292665 0.00897473 -0.00757658 0.01239755 0.00927228 -0.00550923 0.01075441 0.00897473 -0.00657708 0.00908731 0.00939279 -0.00774834 0.00745079 0.00960323 -0.00491206 0.01027978 0.00849542 -0.00591104 0.00855793 0.0088582 -0.00704763 0.00689386 0.00904082 -0.00830664 0.00530982 0.00904082 -0.00441336 0.00988341 0.00785839 -0.00535482 0.00811585 0.0081477 -0.00646246 0.00642877 0.00829333 -0.00772147 0.00484472 0.00829333 -0.00911502 0.00338489 0.0081477 -0.00493632 0.00778322 0.00729691 -0.00602217 0.00607882 0.00739825 -0.00728118 0.00449478 0.00739825 -0.00869652 0.00305226 0.00729691 -0.01024926 0.00177055 0.00709558 -0.01338554 0.00677913 0.00939279 -0.01445339 0.00511203 0.00897473 -0.0137877 0.00458293 0.00927228 -0.01505056 0.00558666 0.00849542 -0.01405158 0.0073085 0.0088582 -0.01291499 0.00897257 0.00904082 -0.01554926 0.00598303 0.00785839 -0.0146078 0.00775059 0.0081477 -0.01350016 0.00943767 0.00829333 -0.01224115 0.01102171 0.00829333 -0.01592448 0.00628126 0.00709558 -0.0150263 0.00808322 0.00729691 -0.01394045 0.00978761 0.00739825 -0.01268144 0.01137166 0.00739825 -0.0112661 0.01281417 0.00729691 -0.01002526 0.01434378 0.00535 -0.0099463 0.01428102 0.00445477 -0.01161398 0.01309067 0.00535 -0.0115259 0.01302067 0.00435151 -0.01304742 0.01166254 0.00535 -0.01295476 0.0115889 0.00429954 -0.01430643 0.0100785 0.00535 -0.01421377 0.01000485 0.00429954 -0.01537418 0.00835971 0.00535 -0.0152861 0.00828971 0.00435151 -0.01623638 0.00652916 0.00535 -0.01615742 0.0064664 0.00445477 -0.00971336 0.01409588 0.00360442 -0.0112661 0.01281417 0.00340309 -0.01268144 0.01137166 0.00330175 -0.01394045 0.00978761 0.00330175 -0.0150263 0.00808322 0.00340309 -0.01592448 0.00628126 0.00360442 -0.00933814 0.01379765 0.00284161 -0.0108476 0.01248155 0.0025523 -0.01224115 0.01102171 0.00240667 -0.01350016 0.00943767 0.00240667 -0.0146078 0.00775059 0.0025523 -0.01554926 0.00598303 0.00284161 -0.00757658 0.01239755 0.00142772 -0.00962534 0.01151009 0.00130721 -0.00888287 0.01091997 0.00097534 -0.01095527 0.00999969 0.00109677 -0.01017416 0.00937885 0.00074763 -0.01221428 0.00841564 0.00109677 -0.01143317 0.00779481 0.00074763 -0.01338554 0.00677913 0.00130721 -0.01264307 0.00618901 0.00097534 -0.01445339 0.00511203 0.00172527 -0.0137877 0.00458293 0.00142772 -0.00687575 0.01184053 0.00132685 -0.00810121 0.0102987 0.00086284 -0.00935181 0.00872524 0.00062927 -0.01061082 0.00714119 0.00062927 -0.01186141 0.00556774 0.00086284 -0.01308687 0.00402591 0.00132685 -0.00617492 0.0112835 0.00142772 -0.00731955 0.00967743 0.00097534 -0.00852945 0.00807163 0.00074763 -0.00978846 0.00648758 0.00074763 -0.01107975 0.00494647 0.00097534 -0.01238604 0.00346888 0.00142772 -0.00550923 0.01075441 0.00172527 -0.00657708 0.00908731 0.00130721 -0.00774834 0.00745079 0.00109677 -0.00900735 0.00586675 0.00109677 -0.01033728 0.00435635 0.00130721 -0.01172035 0.00293978 0.00172527 -0.00441336 0.00988341 0.00284161 -0.00403814 0.00958517 0.00360442 -0.00535482 0.00811585 0.0025523 -0.00493632 0.00778322 0.00340309 -0.00646246 0.00642877 0.00240667 -0.00602217 0.00607882 0.00330175 -0.00772147 0.00484472 0.00240667 -0.00728118 0.00449478 0.00330175 -0.00911502 0.00338489 0.0025523 -0.00869652 0.00305226 0.00340309 -0.01062448 0.00206878 0.00284161 -0.01024926 0.00177055 0.00360442 -0.00380521 0.00940004 0.00445477 -0.00467652 0.00757673 0.00435151 -0.00574885 0.00586158 0.00429954 -0.00700786 0.00427754 0.00429954 -0.00843672 0.00284577 0.00435151 -0.01001632 0.00158541 0.00445477 -0.00372624 0.00933727 0.00535 -0.00458845 0.00750673 0.00535 -0.00565619 0.00578794 0.00535 -0.0069152 0.00420389 0.00535 -0.00834865 0.00277577 0.00535 -0.00993736 0.00152265 0.00535 -0.00971336 0.01409588 0.00709558 -0.0108476 0.01248155 0.0081477 -0.01165598 0.01055662 0.00904082 -0.01221428 0.00841564 0.00960323 -0.01264307 0.00618901 0.00972466 -0.01308687 0.00402591 0.00937315 -0.01615742 0.0064664 0.00624523 -0.0152861 0.00828971 0.00634849 -0.01421377 0.01000485 0.00640046 -0.01295476 0.0115889 0.00640046 -0.0115259 0.01302067 0.00634849 -0.0099463 0.01428102 0.00624523 -0.01505056 0.00558666 0.00220458 -0.01405158 0.0073085 0.0018418 -0.01291499 0.00897257 0.00165918 -0.01165598 0.01055662 0.00165918 -0.01029138 0.01203946 0.0018418 -0.00883944 0.01340128 0.00220458 -0.01112318 0.00246515 0.00220458 -0.00967124 0.00382697 0.0018418 -0.00830664 0.00530982 0.00165918 -0.00704763 0.00689386 0.00165918 -0.00591104 0.00855793 0.0018418 -0.00491206 0.01027978 0.00220458 -0.01001632 0.00158541 0.00624523 -0.00843672 0.00284577 0.00634849 -0.00700786 0.00427754 0.00640046 -0.00574885 0.00586158 0.00640046 -0.00467652 0.00757673 0.00634849 -0.00380521 0.00940004 0.00624523 -0.01062448 0.00206878 0.00785839 -0.00810121 0.0102987 0.00983716 -0.00852945 0.00807163 0.00995237 -0.00900735 0.00586675 0.00960323 -0.00967124 0.00382697 0.0088582 -0.00888287 0.01091997 0.00972466 -0.00935181 0.00872524 0.01007073 -0.00978846 0.00648758 0.00995237 -0.01033728 0.00435635 0.00939279 -0.01112318 0.00246515 0.00849542 -0.00962534 0.01151009 0.00939279 -0.01017416 0.00937885 0.00995237 -0.01061082 0.00714119 0.01007073 -0.01107975 0.00494647 0.00972466 -0.01172035 0.00293978 0.00897473 -0.01029138 0.01203946 0.0088582 -0.01095527 0.00999969 0.00960323 -0.01143317 0.00779481 0.00995237 -0.01186141 0.00556774 0.00983716 -0.00206186 -0.01464791 0.00635 -0.00237296 -0.01503933 0.00621603 -0.00260071 -0.01532588 0.00585 -0.00268407 -0.01543076 0.00535 -0.00260071 -0.01532588 0.00485 -0.00175075 -0.01425648 0.00621603 -0.00152301 -0.01396994 0.00585 -0.00143964 -0.01386506 0.00535 -0.00152301 -0.01396994 0.00485 -0.00175075 -0.01425648 0.00448398 -0.00206186 -0.01464791 0.00435 -0.00237296 -0.01503933 0.00448398 -0.00197648 -0.01356645 0.00213878 -0.001636 -0.01313807 0.00234537 -0.00127893 -0.01320135 0.00268671 -0.00145817 -0.01291433 0.00250061 -0.00124256 -0.01264306 0.00274268 -0.00086921 -0.01268585 0.00322243 -0.00101982 -0.01236281 0.00307376 -0.000914 -0.01222967 0.00327073 -0.00056462 -0.01230262 0.00391594 -0.00069394 -0.0119528 0.00381573 -0.0005047 -0.01171471 0.0046715 -0.00038774 -0.01208008 0.00471581 -0.0004613 -0.0116601 0.00535 -0.0003517 -0.01203473 0.00556272 -0.00046614 -0.01166619 0.00557758 -0.00045916 -0.01216993 0.00639385 -0.00051333 -0.01172556 0.00609208 -0.00058111 -0.01181084 0.00646679 -0.00066679 -0.01191864 0.00679695 -0.00070216 -0.01247567 0.00714756 -0.00084109 -0.01213794 0.00727316 -0.000914 -0.01222967 0.00742927 -0.00106267 -0.01292926 0.00776795 -0.0012268 -0.01262322 0.00793691 -0.00170962 -0.0132307 0.0084088 -0.00151397 -0.01349706 0.00820902 -0.00202257 -0.01413696 0.00843804 -0.00207458 -0.01368987 0.00860127 -0.00225376 -0.01391532 0.00865383 -0.00255075 -0.01480151 0.00843804 -0.00253631 -0.01427081 0.00868489 -0.00281886 -0.0146263 0.00865383 -0.00299804 -0.01485175 0.00860127 -0.00305935 -0.01544141 0.00820902 -0.003363 -0.01531092 0.0084088 -0.00384583 -0.0159184 0.00793691 -0.00351065 -0.01600921 0.00776795 -0.00415862 -0.01631195 0.00742927 -0.00387116 -0.0164628 0.00714756 -0.00423153 -0.01640368 0.00727316 -0.00411416 -0.01676854 0.00639385 -0.00440583 -0.01662298 0.00679695 -0.00460648 -0.01687543 0.00557758 -0.00422162 -0.01690374 0.00556272 -0.0045593 -0.01681606 0.00609208 -0.00449151 -0.01673078 0.00646679 -0.00461132 -0.01688152 0.00535 -0.00456792 -0.01682691 0.0046715 -0.00418558 -0.01685839 0.00471581 -0.00437868 -0.01658882 0.00381573 -0.0040087 -0.01663585 0.00391594 -0.00415862 -0.01631195 0.00327073 -0.00370411 -0.01625262 0.00322243 -0.0040528 -0.01617881 0.00307376 -0.00329439 -0.01573712 0.00268671 -0.00383006 -0.01589856 0.00274268 -0.00361445 -0.01562729 0.00250061 -0.00343662 -0.01540355 0.00234537 -0.00280993 -0.01512759 0.00234851 -0.00176339 -0.01381088 0.00234851 -0.00228666 -0.01446924 0.00223292 -0.00253631 -0.01427081 0.00201511 -0.00309614 -0.01497517 0.00213878 -0.00385506 -0.01678421 0.00554072 -0.00375871 -0.01666299 0.00628588 -0.00354085 -0.01638888 0.00696163 -0.00321762 -0.01598221 0.00751786 -0.00281301 -0.01547313 0.0079133 -0.00235701 -0.01489942 0.00811864 -0.00188346 -0.01430361 0.00811864 -0.00142746 -0.01372989 0.0079133 -0.00102285 -0.01322082 0.00751786 -0.00069962 -0.01281414 0.00696163 -0.00048176 -0.01254003 0.00628588 -0.00038541 -0.01241881 0.00554072 -0.00041773 -0.01245947 0.00478141 -0.00057631 -0.01265899 0.00406427 -0.0008494 -0.01300259 0.00344249 -0.00121674 -0.01346476 0.00296218 -0.00165109 -0.01401125 0.00265896 -0.00212024 -0.01460151 0.00255533 -0.00258938 -0.01519177 0.00265896 -0.00302373 -0.01573826 0.00296218 -0.00339107 -0.01620043 0.00344249 -0.00366416 -0.01654403 0.00406427 -0.00382274 -0.01674355 0.00478141 -0.00353353 -0.01649952 0.0048585 -0.00356497 -0.01653907 0.00535 -0.00356147 -0.01653467 0.00551486 -0.00347818 -0.01642988 0.00615899 -0.00328986 -0.01619294 0.00674312 -0.00301045 -0.0158414 0.00722393 -0.0026607 -0.01540135 0.00756575 -0.00226653 -0.01490542 0.00774325 -0.00185718 -0.0143904 0.00774325 -0.00146302 -0.01389447 0.00756575 -0.00111326 -0.01345442 0.00722393 -0.00083386 -0.01310288 0.00674312 -0.00064553 -0.01286594 0.00615899 -0.00056225 -0.01276115 0.00551486 -0.00059018 -0.0127963 0.0048585 -0.00072727 -0.01296877 0.0042386 -0.00096333 -0.01326578 0.00370112 -0.00128087 -0.01366529 0.00328594 -0.00165632 -0.01413768 0.00302383 -0.00206186 -0.01464791 0.00293425 -0.00246739 -0.01515814 0.00302383 -0.00284285 -0.01563053 0.00328594 -0.00316039 -0.01603004 0.00370112 -0.00339645 -0.01632705 0.0042386 -0.01530769 -0.00720588 0.00535 -0.01527625 -0.00716632 0.0048585 -0.01544871 -0.00750315 0.00478141 -0.01513917 -0.00699385 0.0042386 -0.01529013 -0.00730363 0.00406427 -0.0149031 -0.00669684 0.00370112 -0.01501704 -0.00696003 0.00344249 -0.01458557 -0.00629733 0.00328594 -0.01464969 -0.00649786 0.00296218 -0.01421011 -0.00582494 0.00302383 -0.01421534 -0.00595137 0.00265896 -0.01380458 -0.00531471 0.00293425 -0.0137462 -0.00536111 0.00255533 -0.01339904 -0.00480448 0.00302383 -0.01327706 -0.00477085 0.00265896 -0.01302358 -0.00433209 0.00328594 -0.01284271 -0.00422436 0.00296218 -0.01270605 -0.00393258 0.00370112 -0.01247536 -0.00376219 0.00344249 -0.01246999 -0.00363557 0.0042386 -0.01220227 -0.00341859 0.00406427 -0.0123329 -0.0034631 0.0048585 -0.01204369 -0.00321907 0.00478141 -0.01230497 -0.00342796 0.00551486 -0.01201137 -0.00317841 0.00554072 -0.01238825 -0.00353274 0.00615899 -0.01210772 -0.00329963 0.00628588 -0.01257658 -0.00376969 0.00674312 -0.01232559 -0.00357374 0.00696163 -0.01285598 -0.00412122 0.00722393 -0.01264881 -0.00398042 0.00751786 -0.01320574 -0.00456127 0.00756575 -0.01305343 -0.00448949 0.0079133 -0.0135999 -0.0050572 0.00774325 -0.01350942 -0.00506321 0.00811864 -0.01400925 -0.00557223 0.00774325 -0.01398298 -0.00565902 0.00811864 -0.01440342 -0.00606815 0.00756575 -0.01443897 -0.00623273 0.0079133 -0.01475317 -0.0065082 0.00722393 -0.01484359 -0.00674181 0.00751786 -0.01503257 -0.00685974 0.00674312 -0.01516681 -0.00714848 0.00696163 -0.0152209 -0.00709668 0.00615899 -0.01538468 -0.00742259 0.00628588 -0.01530418 -0.00720147 0.00551486 -0.01548103 -0.00754381 0.00554072 -0.01410304 -0.00615174 0.00234851 -0.0145875 -0.00676127 0.00268671 -0.01499722 -0.00727677 0.00322243 -0.01530182 -0.00766 0.00391594 -0.01547869 -0.00788254 0.00471581 -0.01551474 -0.00792789 0.00556272 -0.01540728 -0.00779269 0.00639385 -0.01516428 -0.00748695 0.00714756 -0.01480376 -0.00703337 0.00776795 -0.01435247 -0.00646556 0.00820902 -0.01384387 -0.00582566 0.00843804 -0.01331568 -0.00516111 0.00843804 -0.01280708 -0.00452121 0.00820902 -0.01235579 -0.00395341 0.00776795 -0.01199527 -0.00349982 0.00714756 -0.01175227 -0.00319408 0.00639385 -0.01164481 -0.00305888 0.00556272 -0.01168086 -0.00310423 0.00471581 -0.01185773 -0.00332677 0.00391594 -0.01216233 -0.00371 0.00322243 -0.01257205 -0.0042255 0.00268671 -0.01305651 -0.00483503 0.00234851 -0.01357978 -0.00549339 0.00223292 -0.01203638 -0.00406406 0.00274268 -0.01170781 -0.00365068 0.00327073 -0.0114606 -0.00333964 0.00390305 -0.01130714 -0.00314656 0.00460792 -0.01125511 -0.0030811 0.00535 -0.01130714 -0.00314656 0.00609208 -0.01137492 -0.00323184 0.00646679 -0.0114606 -0.00333964 0.00679695 -0.01170781 -0.00365068 0.00742927 -0.01203638 -0.00406406 0.00795732 -0.01242981 -0.00455907 0.00835463 -0.01286839 -0.00511087 0.00860127 -0.01304758 -0.00533632 0.00865383 -0.01535311 -0.00823706 0.00609208 -0.01528532 -0.00815178 0.00646679 -0.01519964 -0.00804398 0.00679695 -0.01495243 -0.00773295 0.00742927 -0.01462387 -0.00731956 0.00795732 -0.01423044 -0.00682456 0.00835463 -0.01379186 -0.00627275 0.00860127 -0.01333012 -0.00569181 0.00868489 -0.01540513 -0.00830252 0.00535 -0.01535311 -0.00823706 0.00460792 -0.01519964 -0.00804398 0.00390305 -0.01495243 -0.00773295 0.00327073 -0.01462387 -0.00731956 0.00274268 -0.01440827 -0.00704829 0.00250061 -0.01225198 -0.00433533 0.00250061 -0.01242981 -0.00455907 0.00234537 -0.01286839 -0.00511087 0.00209873 -0.01333012 -0.00569181 0.00201511 -0.01379186 -0.00627275 0.00209873 -0.01423044 -0.00682456 0.00234537 -0.00346888 -0.01238604 0.00927228 -0.00967743 -0.00731955 0.00972466 -0.0112835 -0.00617492 0.00927228 -0.01184053 -0.00687575 0.00937315 -0.00958517 -0.00403814 0.00709558 -0.01292665 -0.00824227 0.00172527 -0.01379765 -0.00933814 0.00785839 -0.01340128 -0.00883944 0.00849542 -0.01292665 -0.00824227 0.00897473 -0.01239755 -0.00757658 0.00927228 -0.01075441 -0.00550923 0.00897473 -0.00908731 -0.00657708 0.00939279 -0.00745079 -0.00774834 0.00960323 -0.01027978 -0.00491206 0.00849542 -0.00855793 -0.00591104 0.0088582 -0.00689386 -0.00704763 0.00904082 -0.00530982 -0.00830664 0.00904082 -0.00988341 -0.00441336 0.00785839 -0.00811585 -0.00535482 0.0081477 -0.00642877 -0.00646246 0.00829333 -0.00484472 -0.00772147 0.00829333 -0.00338489 -0.00911502 0.0081477 -0.00778322 -0.00493632 0.00729691 -0.00607882 -0.00602217 0.00739825 -0.00449478 -0.00728118 0.00739825 -0.00305226 -0.00869652 0.00729691 -0.00177055 -0.01024926 0.00709558 -0.00677913 -0.01338554 0.00939279 -0.00511203 -0.01445339 0.00897473 -0.00458293 -0.0137877 0.00927228 -0.00558666 -0.01505056 0.00849542 -0.0073085 -0.01405158 0.0088582 -0.00897257 -0.01291499 0.00904082 -0.00598303 -0.01554926 0.00785839 -0.00775059 -0.0146078 0.0081477 -0.00943767 -0.01350016 0.00829333 -0.01102171 -0.01224115 0.00829333 -0.00628126 -0.01592448 0.00709558 -0.00808322 -0.0150263 0.00729691 -0.00978761 -0.01394045 0.00739825 -0.01137166 -0.01268144 0.00739825 -0.01281417 -0.0112661 0.00729691 -0.01434378 -0.01002526 0.00535 -0.01428102 -0.0099463 0.00445477 -0.01309067 -0.01161398 0.00535 -0.01302067 -0.0115259 0.00435151 -0.01166254 -0.01304742 0.00535 -0.0115889 -0.01295476 0.00429954 -0.0100785 -0.01430643 0.00535 -0.01000485 -0.01421377 0.00429954 -0.00835971 -0.01537418 0.00535 -0.00828971 -0.0152861 0.00435151 -0.00652916 -0.01623638 0.00535 -0.0064664 -0.01615742 0.00445477 -0.01409588 -0.00971336 0.00360442 -0.01281417 -0.0112661 0.00340309 -0.01137166 -0.01268144 0.00330175 -0.00978761 -0.01394045 0.00330175 -0.00808322 -0.0150263 0.00340309 -0.00628126 -0.01592448 0.00360442 -0.01379765 -0.00933814 0.00284161 -0.01248155 -0.0108476 0.0025523 -0.01102171 -0.01224115 0.00240667 -0.00943767 -0.01350016 0.00240667 -0.00775059 -0.0146078 0.0025523 -0.00598303 -0.01554926 0.00284161 -0.01239755 -0.00757658 0.00142772 -0.01151009 -0.00962534 0.00130721 -0.01091997 -0.00888287 0.00097534 -0.00999969 -0.01095527 0.00109677 -0.00937885 -0.01017416 0.00074763 -0.00841564 -0.01221428 0.00109677 -0.00779481 -0.01143317 0.00074763 -0.00677913 -0.01338554 0.00130721 -0.00618901 -0.01264307 0.00097534 -0.00511203 -0.01445339 0.00172527 -0.00458293 -0.0137877 0.00142772 -0.01184053 -0.00687575 0.00132685 -0.0102987 -0.00810121 0.00086284 -0.00872524 -0.00935181 0.00062927 -0.00714119 -0.01061082 0.00062927 -0.00556774 -0.01186141 0.00086284 -0.00402591 -0.01308687 0.00132685 -0.0112835 -0.00617492 0.00142772 -0.00967743 -0.00731955 0.00097534 -0.00807163 -0.00852945 0.00074763 -0.00648758 -0.00978846 0.00074763 -0.00494647 -0.01107975 0.00097534 -0.00346888 -0.01238604 0.00142772 -0.01075441 -0.00550923 0.00172527 -0.00908731 -0.00657708 0.00130721 -0.00745079 -0.00774834 0.00109677 -0.00586675 -0.00900735 0.00109677 -0.00435635 -0.01033728 0.00130721 -0.00293978 -0.01172035 0.00172527 -0.00988341 -0.00441336 0.00284161 -0.00958517 -0.00403814 0.00360442 -0.00811585 -0.00535482 0.0025523 -0.00778322 -0.00493632 0.00340309 -0.00642877 -0.00646246 0.00240667 -0.00607882 -0.00602217 0.00330175 -0.00484472 -0.00772147 0.00240667 -0.00449478 -0.00728118 0.00330175 -0.00338489 -0.00911502 0.0025523 -0.00305226 -0.00869652 0.00340309 -0.00206878 -0.01062448 0.00284161 -0.00177055 -0.01024926 0.00360442 -0.00940004 -0.00380521 0.00445477 -0.00757673 -0.00467652 0.00435151 -0.00586158 -0.00574885 0.00429954 -0.00427754 -0.00700786 0.00429954 -0.00284577 -0.00843672 0.00435151 -0.00158541 -0.01001632 0.00445477 -0.00933727 -0.00372624 0.00535 -0.00750673 -0.00458845 0.00535 -0.00578794 -0.00565619 0.00535 -0.00420389 -0.0069152 0.00535 -0.00277577 -0.00834865 0.00535 -0.00152265 -0.00993736 0.00535 -0.01409588 -0.00971336 0.00709558 -0.01248155 -0.0108476 0.0081477 -0.01055662 -0.01165598 0.00904082 -0.00841564 -0.01221428 0.00960323 -0.00618901 -0.01264307 0.00972466 -0.00402591 -0.01308687 0.00937315 -0.0064664 -0.01615742 0.00624523 -0.00828971 -0.0152861 0.00634849 -0.01000485 -0.01421377 0.00640046 -0.0115889 -0.01295476 0.00640046 -0.01302067 -0.0115259 0.00634849 -0.01428102 -0.0099463 0.00624523 -0.00558666 -0.01505056 0.00220458 -0.0073085 -0.01405158 0.0018418 -0.00897257 -0.01291499 0.00165918 -0.01055662 -0.01165598 0.00165918 -0.01203946 -0.01029138 0.0018418 -0.01340128 -0.00883944 0.00220458 -0.00246515 -0.01112318 0.00220458 -0.00382697 -0.00967124 0.0018418 -0.00530982 -0.00830664 0.00165918 -0.00689386 -0.00704763 0.00165918 -0.00855793 -0.00591104 0.0018418 -0.01027978 -0.00491206 0.00220458 -0.00158541 -0.01001632 0.00624523 -0.00284577 -0.00843672 0.00634849 -0.00427754 -0.00700786 0.00640046 -0.00586158 -0.00574885 0.00640046 -0.00757673 -0.00467652 0.00634849 -0.00940004 -0.00380521 0.00624523 -0.00206878 -0.01062448 0.00785839 -0.0102987 -0.00810121 0.00983716 -0.00807163 -0.00852945 0.00995237 -0.00586675 -0.00900735 0.00960323 -0.00382697 -0.00967124 0.0088582 -0.01091997 -0.00888287 0.00972466 -0.00872524 -0.00935181 0.01007073 -0.00648758 -0.00978846 0.00995237 -0.00435635 -0.01033728 0.00939279 -0.00246515 -0.01112318 0.00849542 -0.01151009 -0.00962534 0.00939279 -0.00937885 -0.01017416 0.00995237 -0.00714119 -0.01061082 0.01007073 -0.00494647 -0.01107975 0.00972466 -0.00293978 -0.01172035 0.00897473 -0.01203946 -0.01029138 0.0088582 -0.00999969 -0.01095527 0.00960323 -0.00779481 -0.01143317 0.00995237 -0.00556774 -0.01186141 0.00983716 0.00018174 -0.00158965 0.019 -0.00037291 -0.00155594 0.019 -0.00044689 -0.00402527 0.019 -0.0012858 -0.00095221 0.019 -0.00285911 -0.00286845 0.019 -0.00088259 -0.00133456 0.019 -0.00214913 -0.00343274 0.019 -0.00133139 -0.00382491 0.019 -0.00018174 0.00158965 0.019 -0.00134387 0.00382054 0.019 -0.00071447 0.00143162 0.019 -0.00216032 0.00342571 0.019 -0.00116102 0.00110092 0.019 -0.00159705 9.706E-05 0.019 -0.00402379 -0.00046002 0.019 -0.00153394 -0.00045502 0.019 -0.00382054 -0.00134387 0.019 -0.00342571 -0.00216032 0.019 -0.00286845 0.00285911 0.019 -0.00343274 0.00214913 0.019 -0.00146754 0.00063743 0.019 -0.00382491 0.00133139 0.019 -0.00402527 0.00044689 0.019 0.00037291 0.00155594 0.019 0.00044689 0.00402527 0.019 -0.00046002 0.00402379 0.019 0.0012858 0.00095221 0.019 0.00285911 0.00286845 0.019 0.00088259 0.00133456 0.019 0.00214913 0.00343274 0.019 0.00133139 0.00382491 0.019 0.00159705 -9.706E-05 0.019 0.00402379 0.00046002 0.019 0.00153394 0.00045502 0.019 0.00382054 0.00134387 0.019 0.00342571 0.00216032 0.019 0.00116102 -0.00110092 0.019 0.00343274 -0.00214913 0.019 0.00146754 -0.00063743 0.019 0.00382491 -0.00133139 0.019 0.00402527 -0.00044689 0.019 0.00046002 -0.00402379 0.019 0.00134387 -0.00382054 0.019 0.00071447 -0.00143162 0.019 0.00216032 -0.00342571 0.019 0.00286845 -0.00285911 0.019 -0.00018174 0.00158965 -0 -0.00071447 0.00143162 0 -0.00134387 0.00382054 -0 -0.00088259 -0.00133456 -0 -0.00285911 -0.00286845 0 -0.0012858 -0.00095221 -0 -0.00342571 -0.00216032 0 -0.00153394 -0.00045502 -0 -0.00146754 0.00063743 -0 -0.00343274 0.00214913 -0 -0.00116102 0.00110092 0 -0.00286845 0.00285911 -0 -0.00216032 0.00342571 -0 -0.00382054 -0.00134387 -0 -0.00402379 -0.00046002 -0 -0.00159705 9.706E-05 -0 -0.00402527 0.00044689 0 -0.00382491 0.00133139 -0 0.00018174 -0.00158965 -0 -0.00044689 -0.00402527 -0 -0.00037291 -0.00155594 0 -0.00133139 -0.00382491 -0 -0.00214913 -0.00343274 0 0.00071447 -0.00143162 0 0.00134387 -0.00382054 -0 0.00046002 -0.00402379 0 0.00146754 -0.00063743 0 0.00343274 -0.00214913 -0 0.00116102 -0.00110092 -0 0.00286845 -0.00285911 0 0.00216032 -0.00342571 0 0.00153394 0.00045502 0 0.00402379 0.00046002 -0 0.00159705 -9.706E-05 0 0.00402527 -0.00044689 -0 0.00382491 -0.00133139 -0 0.00088259 0.00133456 -0 0.00285911 0.00286845 -0 0.0012858 0.00095221 0 0.00342571 0.00216032 -0 0.00382054 0.00134387 -0 -0.00046002 0.00402379 -0 0.00044689 0.00402527 0 0.00037291 0.00155594 -0 0.00133139 0.00382491 -0 0.00214913 0.00343274 -0</float_array>
          <technique_common>
            <accessor source="#pos_0-array" count="14754" stride="3">
              <param name="X" type="float"/>
              <param name="Y" type="float"/>
              <param name="Z" type="float"/>
            </accessor>
          </technique_common>
        </source>
        <source id="norm_0">
          <float_array id="norm_0-array" count="24522">-0.15555 -0.25931 -0.95318 -0.14231 -0.2589 -0.95536 -0.16199 -0.25556 -0.95313 -0.16881 -0.25132 -0.95307 -0.16403 -0.2544 -0.95309 -0.16931 -0.25089 -0.95309 -0.16128 -0.25654 -0.95298 -0.15556 -0.26117 -0.95267 -0.15613 -0.25941 -0.95306 -0.13877 -0.26922 -0.95303 -0.20977 -0.21812 -0.95311 -0.21343 -0.21509 -0.95299 -0.21933 -0.21049 -0.95267 -0.21746 -0.21065 -0.95307 -0.23095 -0.19597 -0.95303 -0.21073 -0.21726 -0.9531 -0.21704 -0.21057 -0.95318 -0.22055 -0.19747 -0.95518 -0.21566 -0.21268 -0.95303 -0.20832 -0.21961 -0.95309 -0.20531 -0.22248 -0.95307 -0.18783 -0.23632 -0.95335 -0.18782 -0.23633 -0.95335 -0.17039 -0.25023 -0.95307 0.53614 -0.27836 0.79691 0.34394 -0.1773 0.9221 0.26459 -0.31185 0.91255 0.26492 -0.29226 0.91891 0.28593 -0.29266 0.91247 0.29679 -0.29574 0.90799 0.30166 -0.276 0.91259 0.32047 -0.25473 0.91237 0.32047 -0.25473 0.91237 0.45607 -0.22413 0.86126 0.35866 -0.19626 0.9126 0.34694 -0.21731 0.91237 0.36097 -0.21941 0.9064 0.33696 -0.2316 0.91259 0.70883 -0.36485 0.60369 0.65886 -0.32901 0.6765 0.61478 -0.30766 0.72622 0.82119 -0.44179 0.3612 0.82029 -0.44457 0.35983 0.81414 -0.46506 0.3477 0.81497 -0.45928 0.35339 0.81395 -0.43501 0.38503 0.78951 -0.3947 0.46998 0.79205 -0.49243 0.36078 0.78782 -0.49347 0.36856 0.7631 -0.5359 0.36122 0.73011 -0.58035 0.36073 0.73011 -0.58035 0.36073 0.66066 -0.65834 0.36073 0.66066 -0.65834 0.36073 0.59658 -0.69717 0.39755 0.6157 -0.70032 0.36121 0.63281 -0.6898 0.35176 0.62678 -0.70743 0.32663 0.464 -0.56079 0.68573 0.49971 -0.59767 0.62696 0.55682 -0.61322 0.56028 0.31899 -0.38958 0.86398 0.35701 -0.4275 0.83053 0.39545 -0.45941 0.79534 0.71664 -0.38682 0.58034 0.69052 -0.43252 0.57975 0.69052 -0.43252 0.57975 0.63784 -0.50701 0.57975 0.63784 -0.50701 0.57975 0.57716 -0.57513 0.57975 0.57716 -0.57513 0.57975 0.53675 -0.61248 0.58032 0.56119 -0.66825 0.48837 0.54916 -0.29623 0.78146 0.52929 -0.33153 0.78099 0.52929 -0.33153 0.78099 0.4889 -0.38862 0.78099 0.4889 -0.38862 0.78099 0.4424 -0.44084 0.78099 0.44239 -0.44084 0.78099 0.41314 -0.46759 0.78146 0.43487 -0.5245 0.73197 0.05645 -0.03656 0.99774 0.16629 -0.15002 0.9746 0.01752 0.00138 0.99985 0.00901 -0.00032 0.99996 0.03124 -0.01094 0.99945 0.03756 -0.00741 0.99927 0.04607 -0.02891 0.99852 0.15246 -0.16688 0.97412 0.03544 -0.05394 0.99791 0.0324 -0.03891 0.99872 0.01204 -0.02679 0.99957 0.01205 -0.02676 0.99957 0.0017 -0.00629 0.99998 0.00183 -0.01222 0.99992 0.15684 -0.16695 0.97341 0.1795 -0.14266 0.97336 0.19804 -0.11511 0.97341 0.19698 -0.11086 0.97412 0.16448 -0.15281 0.97447 0.18161 -0.07427 0.98056 0.04966 -0.05638 0.99717 0.07256 -0.02678 0.997 0.07246 -0.02629 0.99702 0.06714 -0.03779 0.99703 0.06714 -0.03779 0.99703 0.06031 -0.04794 0.99703 0.05197 -0.05688 0.99703 0.05197 -0.05688 0.99703 0.0513 -0.0574 0.99703 0.09164 -0.1449 0.98519 0 0 1 0.21812 -0.20977 -0.95311 0.21509 -0.21343 -0.95299 0.21049 -0.21933 -0.95267 0.21065 -0.21746 -0.95307 0.19597 -0.23095 -0.95303 0.21726 -0.21073 -0.9531 0.21057 -0.21704 -0.95318 0.19747 -0.22055 -0.95518 0.25931 -0.15555 -0.95318 0.2589 -0.14231 -0.95536 0.25559 -0.16194 -0.95313 0.25177 -0.16813 -0.95307 0.25552 -0.16233 -0.95308 0.25025 -0.17025 -0.95309 0.25626 -0.16163 -0.953 0.26117 -0.15556 -0.95267 0.25941 -0.15613 -0.95306 0.26922 -0.13877 -0.95303 0.21268 -0.21566 -0.95303 0.21961 -0.20832 -0.95309 0.22248 -0.20531 -0.95307 0.23632 -0.18783 -0.95335 0.23633 -0.18782 -0.95335 0.25023 -0.17039 -0.95307 -0.21812 0.20977 -0.95311 -0.21509 0.21343 -0.95299 -0.21049 0.21933 -0.95267 -0.21065 0.21746 -0.95307 -0.19597 0.23095 -0.95303 -0.21726 0.21073 -0.9531 -0.21057 0.21704 -0.95318 -0.19747 0.22055 -0.95518 -0.25931 0.15555 -0.95318 -0.2589 0.14231 -0.95536 -0.25556 0.16199 -0.95313 -0.25132 0.16881 -0.95307 -0.2544 0.16403 -0.95309 -0.25089 0.16931 -0.95309 -0.25654 0.16128 -0.95298 -0.26117 0.15556 -0.95267 -0.25941 0.15613 -0.95306 -0.26922 0.13877 -0.95303 -0.21268 0.21566 -0.95303 -0.21961 0.20832 -0.95309 -0.22248 0.20531 -0.95307 -0.23632 0.18783 -0.95335 -0.23633 0.18782 -0.95335 -0.25023 0.17039 -0.95307 0.20977 0.21812 -0.95311 0.21343 0.21509 -0.95299 0.21933 0.21049 -0.95267 0.21746 0.21065 -0.95307 0.23095 0.19597 -0.95303 0.21073 0.21726 -0.9531 0.21704 0.21057 -0.95318 0.22055 0.19747 -0.95518 0.15555 0.25931 -0.95318 0.14231 0.2589 -0.95536 0.16199 0.25556 -0.95313 0.16881 0.25132 -0.95307 0.16403 0.2544 -0.95309 0.16931 0.25089 -0.95309 0.16128 0.25654 -0.95298 0.15556 0.26117 -0.95267 0.15613 0.25941 -0.95306 0.13877 0.26922 -0.95303 0.21566 0.21268 -0.95303 0.20832 0.21961 -0.95309 0.20531 0.22248 -0.95307 0.18783 0.23632 -0.95335 0.18782 0.23633 -0.95335 0.17039 0.25023 -0.95307 -0.1773 -0.34394 0.9221 -0.27836 -0.53614 0.79691 -0.22413 -0.45607 0.86126 -0.32901 -0.65886 0.6765 -0.30766 -0.61478 0.72622 -0.44179 -0.82119 0.3612 -0.44732 -0.81939 0.35848 -0.46495 -0.81417 0.34778 -0.45734 -0.81501 0.35581 -0.43577 -0.81415 0.38374 -0.39476 -0.79036 0.4685 -0.38332 -0.69352 0.60999 -0.49243 -0.79205 0.36078 -0.49347 -0.78782 0.36856 -0.5359 -0.7631 0.36122 -0.58035 -0.73011 0.36073 -0.58035 -0.73011 0.36073 -0.65834 -0.66066 0.36073 -0.65834 -0.66066 0.36073 -0.69678 -0.5989 0.39474 -0.70032 -0.6157 0.36121 -0.6898 -0.6328 0.35176 -0.70742 -0.62678 0.32666 -0.56079 -0.464 0.68573 -0.59745 -0.4995 0.62734 -0.61321 -0.55652 0.56058 -0.38958 -0.31899 0.86398 -0.4275 -0.35701 0.83053 -0.45941 -0.39545 0.79534 -0.19626 -0.35866 0.9126 -0.21731 -0.34694 0.91237 -0.21731 -0.34694 0.91237 -0.25473 -0.32047 0.91237 -0.25473 -0.32047 0.91237 -0.28896 -0.28998 0.91237 -0.28896 -0.28998 0.91237 -0.31185 -0.26459 0.91255 -0.29226 -0.26492 0.91891 -0.37519 -0.72288 0.58023 -0.43252 -0.69052 0.57975 -0.43252 -0.69052 0.57975 -0.50701 -0.63784 0.57975 -0.50701 -0.63784 0.57975 -0.57513 -0.57716 0.57975 -0.57513 -0.57716 0.57975 -0.61248 -0.53675 0.58032 -0.67041 -0.56207 0.48439 -0.29623 -0.54916 0.78146 -0.33153 -0.52929 0.78099 -0.33153 -0.52929 0.78099 -0.38862 -0.4889 0.78099 -0.38862 -0.4889 0.78099 -0.44084 -0.4424 0.78099 -0.44084 -0.44239 0.78099 -0.46759 -0.41314 0.78146 -0.5245 -0.43487 0.73197 -0.34394 0.1773 0.9221 -0.53614 0.27836 0.79691 -0.45607 0.22413 0.86126 -0.65978 0.32966 0.67529 -0.61615 0.30788 0.72496 -0.82119 0.44179 0.3612 -0.82029 0.44457 0.35984 -0.81414 0.46506 0.3477 -0.81495 0.45945 0.35322 -0.81403 0.43515 0.38472 -0.78951 0.3947 0.46998 -0.69352 0.38332 0.60999 -0.79205 0.49243 0.36078 -0.78782 0.49347 0.36856 -0.7631 0.5359 0.36122 -0.73011 0.58035 0.36073 -0.73011 0.58035 0.36073 -0.66066 0.65834 0.36073 -0.66066 0.65834 0.36073 -0.5989 0.69678 0.39474 -0.6157 0.70032 0.36121 -0.6328 0.6898 0.35176 -0.62678 0.70742 0.32666 -0.464 0.56079 0.68573 -0.4995 0.59745 0.62734 -0.55652 0.61321 0.56058 -0.31899 0.38958 0.86398 -0.35701 0.4275 0.83053 -0.39545 0.45941 0.79534 -0.35866 0.19626 0.9126 -0.34694 0.21731 0.91237 -0.34694 0.21731 0.91237 -0.32047 0.25473 0.91237 -0.32047 0.25473 0.91237 -0.28998 0.28896 0.91237 -0.28998 0.28896 0.91237 -0.26459 0.31185 0.91255 -0.26492 0.29226 0.91891 -0.72288 0.37519 0.58023 -0.69052 0.43252 0.57975 -0.69052 0.43252 0.57975 -0.63784 0.50701 0.57975 -0.63784 0.50701 0.57975 -0.57716 0.57513 0.57975 -0.57716 0.57513 0.57975 -0.53675 0.61248 0.58032 -0.56207 0.67041 0.48439 -0.54916 0.29623 0.78146 -0.52929 0.33153 0.78099 -0.52929 0.33153 0.78099 -0.4889 0.38862 0.78099 -0.4889 0.38862 0.78099 -0.4424 0.44084 0.78099 -0.44239 0.44084 0.78099 -0.41314 0.46759 0.78146 -0.43487 0.5245 0.73197 0.27836 0.53614 0.79691 0.1773 0.34394 0.9221 0.38958 0.31899 0.86399 0.29226 0.26492 0.91891 0.31185 0.26459 0.91255 0.28896 0.28998 0.91237 0.28896 0.28998 0.91237 0.25473 0.32047 0.91237 0.25473 0.32047 0.91237 0.22413 0.45607 0.86126 0.19626 0.35866 0.9126 0.21731 0.34694 0.91237 0.21941 0.36097 0.9064 0.2316 0.33696 0.91259 0.32901 0.65886 0.6765 0.30766 0.61478 0.72622 0.44179 0.82119 0.3612 0.44457 0.82029 0.35983 0.46506 0.81414 0.3477 0.45928 0.81497 0.35339 0.43501 0.81395 0.38503 0.3947 0.78951 0.46998 0.38332 0.69352 0.60999 0.49243 0.79205 0.36078 0.49347 0.78782 0.36856 0.5359 0.7631 0.36122 0.58035 0.73011 0.36073 0.58035 0.73011 0.36073 0.65834 0.66066 0.36073 0.65834 0.66066 0.36073 0.69678 0.5989 0.39474 0.70032 0.6157 0.36121 0.6898 0.6328 0.35176 0.70742 0.62678 0.32666 0.61337 0.55715 0.55979 0.59745 0.4995 0.62734 0.45259 0.40718 0.79333 0.52579 0.43534 0.73077 0.56161 0.4648 0.68451 0.37519 0.72288 0.58023 0.43252 0.69052 0.57975 0.43252 0.69052 0.57975 0.50701 0.63784 0.57975 0.50701 0.63784 0.57975 0.57513 0.57716 0.57975 0.57513 0.57716 0.57975 0.61275 0.53644 0.58032 0.67073 0.5625 0.48344 0.29623 0.54916 0.78146 0.33153 0.52929 0.78099 0.33153 0.52929 0.78099 0.38862 0.4889 0.78099 0.38862 0.4889 0.78099 0.44084 0.4424 0.78099 0.44084 0.44239 0.78099 0.47486 0.40493 0.78137 0.40472 0.39908 0.82276 -0.29504 -0.25035 -0.9221 -0.18737 -0.36352 -0.91255 -0.19212 -0.34451 -0.91891 -0.21096 -0.3505 -0.91249 -0.22336 -0.35667 -0.90713 -0.23014 -0.33798 -0.91258 -0.25471 -0.32049 -0.91237 -0.25471 -0.32049 -0.91237 -0.39371 -0.32128 -0.86126 -0.30511 -0.27215 -0.9126 -0.28894 -0.29001 -0.91237 -0.30655 -0.29696 -0.90435 -0.2773 -0.3005 -0.91258 -0.5676 -0.46923 -0.6765 -0.52948 -0.43847 -0.72622 -0.68817 -0.63681 -0.3477 -0.69029 -0.63137 -0.35339 -0.69477 -0.6075 -0.38503 -0.68005 -0.56271 -0.46998 -0.44175 -0.82121 -0.36121 -0.49502 -0.79046 -0.36073 -0.49502 -0.79046 -0.36073 -0.58029 -0.73017 -0.36073 -0.58029 -0.73017 -0.36073 -0.65828 -0.66072 -0.36073 -0.65828 -0.66072 -0.36073 -0.70029 -0.61573 -0.3612 -0.69878 -0.61824 -0.35983 -0.45094 -0.83064 -0.32663 -0.46079 -0.81482 -0.35176 -0.42383 -0.81383 -0.39755 -0.39589 -0.77766 -0.48838 -0.40405 -0.72307 -0.56028 -0.30526 -0.60912 -0.73198 -0.32546 -0.65104 -0.68572 -0.35192 -0.69503 -0.62696 -0.22283 -0.45153 -0.86398 -0.25131 -0.49705 -0.83053 -0.28156 -0.53681 -0.79534 -0.29694 -0.54877 -0.78146 -0.33148 -0.52932 -0.78099 -0.33148 -0.52932 -0.78099 -0.38858 -0.48894 -0.78099 -0.4408 -0.44244 -0.78099 -0.4408 -0.44243 -0.78099 -0.46813 -0.41253 -0.78146 -0.45948 -0.39218 -0.79691 -0.38466 -0.71782 -0.58032 -0.43246 -0.69056 -0.57975 -0.43246 -0.69056 -0.57975 -0.50695 -0.63789 -0.57975 -0.50695 -0.63789 -0.57975 -0.57508 -0.57721 -0.57975 -0.57508 -0.57721 -0.57975 -0.61085 -0.53859 -0.58034 -0.6082 -0.51543 -0.60368 0.60912 -0.30526 -0.73198 0.25035 -0.29504 -0.9221 0.46923 -0.5676 -0.6765 0.43847 -0.52948 -0.72622 0.63671 -0.68822 -0.34778 0.62949 -0.69075 -0.35581 0.60828 -0.69479 -0.38374 0.56296 -0.68087 -0.4685 0.82121 -0.44175 -0.36121 0.79046 -0.49502 -0.36073 0.79046 -0.49502 -0.36073 0.73017 -0.58029 -0.36073 0.73017 -0.58029 -0.36073 0.66072 -0.65828 -0.36073 0.66072 -0.65828 -0.36073 0.61573 -0.70029 -0.3612 0.62071 -0.69729 -0.35848 0.83063 -0.45094 -0.32666 0.81483 -0.46079 -0.35176 0.81397 -0.42618 -0.39474 0.77997 -0.39625 -0.48439 0.65104 -0.32546 -0.68572 0.69477 -0.35176 -0.62734 0.723 -0.40376 -0.56058 0.49705 -0.25131 -0.83053 0.53681 -0.28156 -0.79534 0.36352 -0.18737 -0.91255 0.34451 -0.19212 -0.91891 0.45153 -0.22283 -0.86398 0.3505 -0.21096 -0.91249 0.35667 -0.22336 -0.90713 0.33798 -0.23014 -0.91258 0.32049 -0.25471 -0.91237 0.32049 -0.25471 -0.91237 0.32128 -0.39371 -0.86126 0.27215 -0.30511 -0.9126 0.29001 -0.28894 -0.91237 0.29696 -0.30655 -0.90435 0.3005 -0.2773 -0.91258 0.54877 -0.29694 -0.78146 0.52932 -0.33148 -0.78099 0.52932 -0.33148 -0.78099 0.48894 -0.38858 -0.78099 0.44244 -0.4408 -0.78099 0.44243 -0.4408 -0.78099 0.41253 -0.46813 -0.78146 0.39218 -0.45948 -0.79691 0.71782 -0.38466 -0.58032 0.69056 -0.43246 -0.57975 0.69056 -0.43246 -0.57975 0.63789 -0.50695 -0.57975 0.63789 -0.50695 -0.57975 0.57721 -0.57508 -0.57975 0.57721 -0.57508 -0.57975 0.53859 -0.61085 -0.58034 0.51543 -0.6082 -0.60368 0.29504 0.25035 -0.9221 0.56835 0.47006 -0.67529 0.53076 0.439 -0.72496 0.68817 0.63682 -0.3477 0.69022 0.63153 -0.35322 0.69481 0.60765 -0.38471 0.68005 0.56271 -0.46998 0.44175 0.82121 -0.36121 0.49502 0.79046 -0.36073 0.49502 0.79046 -0.36073 0.58029 0.73017 -0.36073 0.58029 0.73017 -0.36073 0.65828 0.66072 -0.36073 0.65828 0.66072 -0.36073 0.70029 0.61573 -0.3612 0.69878 0.61824 -0.35983 0.45094 0.83063 -0.32666 0.46079 0.81483 -0.35176 0.42618 0.81397 -0.39474 0.39625 0.77997 -0.48439 0.40376 0.723 -0.56058 0.30526 0.60912 -0.73198 0.32546 0.65104 -0.68572 0.35176 0.69477 -0.62734 0.25131 0.49705 -0.83053 0.28156 0.53681 -0.79534 0.18737 0.36352 -0.91255 0.19212 0.34451 -0.91891 0.22283 0.45153 -0.86398 0.21096 0.3505 -0.91249 0.22336 0.35667 -0.90713 0.23014 0.33798 -0.91258 0.25471 0.32049 -0.91237 0.25471 0.32049 -0.91237 0.39371 0.32128 -0.86126 0.30511 0.27215 -0.9126 0.28894 0.29001 -0.91237 0.30655 0.29696 -0.90435 0.2773 0.3005 -0.91258 0.29694 0.54877 -0.78146 0.33148 0.52932 -0.78099 0.33148 0.52932 -0.78099 0.38858 0.48894 -0.78099 0.4408 0.44244 -0.78099 0.4408 0.44243 -0.78099 0.46813 0.41253 -0.78146 0.45948 0.39219 -0.79691 0.38466 0.71782 -0.58032 0.43246 0.69056 -0.57975 0.43246 0.69056 -0.57975 0.50695 0.63789 -0.57975 0.50695 0.63789 -0.57975 0.57508 0.57721 -0.57975 0.57508 0.57721 -0.57975 0.61085 0.53859 -0.58034 0.6082 0.51543 -0.60368 -0.25035 0.29504 -0.9221 -0.36352 0.18737 -0.91255 -0.34451 0.19212 -0.91891 -0.45152 0.22283 -0.86399 -0.3505 0.21096 -0.91249 -0.35667 0.22336 -0.90713 -0.33798 0.23014 -0.91258 -0.32049 0.25471 -0.91237 -0.32049 0.25471 -0.91237 -0.32128 0.39371 -0.86126 -0.27215 0.30511 -0.9126 -0.29001 0.28894 -0.91237 -0.29696 0.30655 -0.90435 -0.3005 0.2773 -0.91258 -0.46923 0.5676 -0.6765 -0.43847 0.52948 -0.72622 -0.63681 0.68817 -0.3477 -0.63137 0.69029 -0.35339 -0.6075 0.69477 -0.38503 -0.56271 0.68005 -0.46998 -0.82121 0.44175 -0.36121 -0.79046 0.49502 -0.36073 -0.79046 0.49502 -0.36073 -0.73017 0.58029 -0.36073 -0.73017 0.58029 -0.36073 -0.66072 0.65828 -0.36073 -0.66072 0.65828 -0.36073 -0.61573 0.70029 -0.3612 -0.61824 0.69878 -0.35983 -0.83063 0.45094 -0.32666 -0.81483 0.46079 -0.35176 -0.81397 0.42618 -0.39474 -0.78038 0.3966 -0.48344 -0.72329 0.40434 -0.55979 -0.69477 0.35176 -0.62734 -0.48436 0.29744 -0.82276 -0.53281 0.29452 -0.79333 -0.61048 0.30543 -0.73077 -0.65203 0.32605 -0.68451 -0.554 0.2873 -0.78137 -0.52932 0.33148 -0.78099 -0.52932 0.33148 -0.78099 -0.48894 0.38858 -0.78099 -0.44244 0.4408 -0.78099 -0.44243 0.4408 -0.78099 -0.41253 0.46813 -0.78146 -0.39218 0.45948 -0.79691 -0.71801 0.3843 -0.58032 -0.69056 0.43246 -0.57975 -0.69056 0.43246 -0.57975 -0.63789 0.50695 -0.57975 -0.63789 0.50695 -0.57975 -0.57721 0.57508 -0.57975 -0.57721 0.57508 -0.57975 -0.53859 0.61085 -0.58034 -0.51543 0.6082 -0.60368 -0.03656 -0.05645 0.99774 -0.15002 -0.16629 0.9746 -0.16688 -0.15246 0.97412 -0.05394 -0.03544 0.99791 -0.03891 -0.0324 0.99872 -0.02679 -0.01204 0.99957 -0.02676 -0.01205 0.99957 -0.00629 -0.0017 0.99998 -0.01222 -0.00183 0.99992 0.00138 -0.01752 0.99985 -0.00032 -0.00901 0.99996 -0.01094 -0.03124 0.99945 -0.00741 -0.03756 0.99927 -0.02891 -0.04607 0.99852 -0.16695 -0.15684 0.97341 -0.14266 -0.1795 0.97336 -0.11511 -0.19804 0.97341 -0.11086 -0.19698 0.97412 -0.15281 -0.16448 0.97447 -0.07427 -0.18161 0.98056 -0.05638 -0.04966 0.99717 -0.02678 -0.07256 0.997 -0.02629 -0.07246 0.99702 -0.03779 -0.06714 0.99703 -0.03779 -0.06714 0.99703 -0.04794 -0.06031 0.99703 -0.05688 -0.05197 0.99703 -0.05688 -0.05197 0.99703 -0.0574 -0.0513 0.99703 -0.1449 -0.09164 0.98519 0.03582 0.0565 0.99776 0.14814 0.16665 0.97482 -0.00123 0.01649 0.99986 0.0004 0.00896 0.99996 0.01063 0.03261 0.99941 0.00768 0.03745 0.99927 0.02865 0.04703 0.99848 0.16725 0.15164 0.97418 0.05399 0.03525 0.99792 0.03869 0.03241 0.99873 0.02681 0.01199 0.99957 0.02667 0.01205 0.99957 0.00631 0.00169 0.99998 0.01226 0.00184 0.99992 0.16726 0.15647 0.97342 0.1435 0.17881 0.97336 0.1435 0.17881 0.97336 0.11564 0.19777 0.9734 0.11227 0.19687 0.97398 0.15047 0.16971 0.97394 0.07455 0.18091 0.98067 0.05558 0.05223 0.99709 0.0273 0.07248 0.997 0.02666 0.07233 0.99702 0.03816 0.06693 0.99703 0.03816 0.06693 0.99703 0.04822 0.06009 0.99703 0.04822 0.06009 0.99703 0.05708 0.05175 0.99703 0.05708 0.05175 0.99703 0.05733 0.05142 0.99703 0.14568 0.09155 0.98509 -0.05645 0.03656 0.99774 -0.16629 0.15002 0.9746 -0.15246 0.16688 0.97412 -0.03544 0.05394 0.99791 -0.0324 0.03891 0.99872 -0.01204 0.02679 0.99957 -0.01205 0.02676 0.99957 -0.0017 0.00629 0.99998 -0.00183 0.01222 0.99992 -0.01752 -0.00138 0.99985 -0.00901 0.00032 0.99996 -0.03124 0.01094 0.99945 -0.03756 0.00741 0.99927 -0.04607 0.02891 0.99852 -0.15684 0.16695 0.97341 -0.1795 0.14266 0.97336 -0.19804 0.11511 0.97341 -0.19698 0.11086 0.97412 -0.16448 0.15281 0.97447 -0.18161 0.07427 0.98056 -0.04966 0.05638 0.99717 -0.07256 0.02678 0.997 -0.07246 0.02629 0.99702 -0.06714 0.03779 0.99703 -0.06714 0.03779 0.99703 -0.06031 0.04794 0.99703 -0.05197 0.05688 0.99703 -0.05197 0.05688 0.99703 -0.0513 0.0574 0.99703 -0.09164 0.1449 0.98519 0.25354 -0.16538 0.95308 0.25648 -0.16191 0.95289 0.26125 -0.15661 0.95248 0.25874 -0.15727 0.95306 0.26923 -0.13879 0.95302 0.25384 -0.16454 0.95315 0.25602 -0.16012 0.95332 0.25766 -0.14976 0.95456 0.21075 -0.21575 0.95343 0.20171 -0.21471 0.95562 0.21587 -0.21156 0.95323 0.22087 -0.20714 0.95305 0.21947 -0.20845 0.95309 0.22118 -0.20648 0.95313 0.21561 -0.21333 0.95289 0.21154 -0.21916 0.95248 0.21161 -0.21659 0.95305 0.19595 -0.23096 0.95303 0.25639 -0.16158 0.95297 0.25233 -0.16718 0.95309 0.24949 -0.17148 0.95307 0.23663 -0.18808 0.95322 0.23663 -0.18809 0.95322 0.22336 -0.20436 0.95307 -0.16719 -0.25318 0.95286 -0.16431 -0.2565 0.95248 -0.16028 -0.2615 0.9518 -0.1608 -0.25672 0.95302 -0.13879 -0.26923 0.95302 -0.16454 -0.25384 0.95315 -0.16012 -0.25602 0.95332 -0.14976 -0.25766 0.95456 -0.20534 -0.22238 0.95309 -0.21471 -0.20171 0.95562 -0.21575 -0.21075 0.95343 -0.2116 -0.21582 0.95323 -0.21215 -0.21826 0.95255 -0.21858 -0.21515 0.95181 -0.21383 -0.21459 0.95301 -0.23096 -0.19595 0.95303 -0.16703 -0.25334 0.95285 -0.16958 -0.25095 0.95303 -0.18809 -0.23662 0.95322 -0.18808 -0.23663 0.95322 -0.20639 -0.22169 0.95303 -0.20754 -0.22046 0.95306 0.16538 0.25354 0.95308 0.16191 0.25648 0.95289 0.15661 0.26125 0.95248 0.15727 0.25874 0.95306 0.13879 0.26923 0.95302 0.1648 0.25355 0.95318 0.16039 0.2556 0.95339 0.1502 0.25686 0.95471 0.21542 0.20152 0.9555 0.21626 0.21059 0.95335 0.21186 0.21574 0.95319 0.20715 0.22086 0.95305 0.21254 0.21808 0.95251 0.21858 0.21515 0.95181 0.21383 0.21459 0.95301 0.23096 0.19595 0.95303 0.16158 0.25639 0.95297 0.16757 0.25204 0.9531 0.17149 0.24951 0.95307 0.18934 0.23593 0.95315 0.18797 0.23648 0.95328 0.20622 0.22181 0.95303 0.20586 0.22205 0.95306 -0.25318 0.16719 0.95286 -0.2565 0.16431 0.95248 -0.2615 0.16028 0.9518 -0.25672 0.1608 0.95302 -0.26923 0.13879 0.95302 -0.25384 0.16454 0.95315 -0.25602 0.16012 0.95332 -0.25766 0.14976 0.95456 -0.20171 0.21471 0.95562 -0.21075 0.21575 0.95343 -0.21587 0.21156 0.95323 -0.22205 0.20586 0.95306 -0.21808 0.21254 0.95251 -0.21515 0.21858 0.95181 -0.21459 0.21383 0.95301 -0.19595 0.23096 0.95303 -0.25334 0.16703 0.95285 -0.25095 0.16958 0.95303 -0.23662 0.18809 0.95322 -0.23663 0.18808 0.95322 -0.22176 0.2063 0.95303 -0.22087 0.20714 0.95305 0.75102 0.66028 -0 0.75099 0.66031 -1E-05 0.70586 0.70835 6E-05 0.7058 0.70841 -6E-05 0.62225 0.78282 6E-05 0.62218 0.78288 -6E-05 0.47373 0.88067 -0 0.47378 0.88065 1E-05 0.53076 0.84752 -6E-05 0.52799 0.84924 -0.00409 0.57471 0.81836 0 -0.99353 -0.11359 0 -0.99845 -0.05563 0 -0.99909 0.04258 0.0016 -0.9866 0.16317 -0.00171 -0.93493 0.35482 0.00172 -0.87589 0.4825 -0.00207 -0.76605 0.64278 0.00193 -0.65494 0.75568 -0.00198 -0.58029 0.81441 0 -0.3815 -0.92437 0 -0.46748 -0.884 0.00198 -0.60121 -0.79909 -0.00193 -0.74439 -0.66774 0.00207 -0.83073 -0.55668 -0.00172 -0.92431 -0.38164 0.00171 -0.9637 -0.26698 -0.0016 -0.98524 -0.17116 0 0.44448 -0.89579 -0.00076 -0.82433 -0.56492 0.03664 -0.96801 -0.2509 0 -0.97156 -0.23677 0.00246 -0.90754 -0.41996 -0.00101 -0.90702 -0.42109 -0.00109 -0.82878 -0.55957 0.00187 -0.68813 -0.72525 -0.02201 -0.55531 -0.83165 1E-05 -0.53568 -0.84442 -0.00031 -0.40271 -0.91533 0.00139 -0.21725 -0.97605 -0.01153 -0.34086 -0.94011 0.00221 -0.00549 -0.99998 -0.00176 0.24463 -0.96962 0.00061 0.19912 -0.97996 0.00469 -0.05737 -0.99832 -0.00746 0.62473 -0.78084 -0 0.59963 -0.80028 0.0015 0.50669 -0.86212 -0.00304 0.35923 -0.93318 0.01165 -0.98047 -0.19668 0 -0.9628 -0.27012 -0.00664 -0.92456 -0.38102 0.00304 -0.83245 -0.55408 -0.00486 -0.83403 -0.55169 -0.00524 -0.66669 -0.74529 0.00754 -0.74126 -0.67114 -0.01024 -0.69077 -0.72308 -4E-05 -0.72388 -0.6899 0.00653 -0.78247 -0.62237 0.02001 0.66028 -0.75102 -0 0.66031 -0.75099 -1E-05 0.70835 -0.70586 6E-05 0.70841 -0.7058 -6E-05 0.78282 -0.62225 6E-05 0.78288 -0.62218 -6E-05 0.88067 -0.47373 -0 0.88065 -0.47378 1E-05 0.84752 -0.53076 -6E-05 0.84924 -0.52799 -0.00409 0.81836 -0.57471 0 -0.11359 0.99353 -0 -0.11359 0.99353 -0 -0.05563 0.99845 -0 0.05988 0.9982 0.00188 0.16324 0.98658 -0.00145 0.38432 0.9232 0.00142 0.48254 0.87587 -0.00193 0.6648 0.74702 0.00182 0.7557 0.65491 -0.00186 0.82291 0.56816 -0 0.9965 0.08358 -0 0.99353 -0.1136 -0 0.99978 0.0197 0.00767 0.99938 0.03509 0.00374 0.99958 -0.02898 -0 0.96482 0.26289 -0 0.98151 0.19138 0.00155 0.97505 0.22173 0.01063 0.98872 0.14978 -0 0.94225 0.33491 -0 0.9559 0.29369 0 0.93853 0.34515 0.00585 0.96026 0.27894 -0.00983 0.92194 0.3872 0.01067 0.94196 0.33569 -0.00355 0.89735 0.44131 0.0031 0.91124 0.41185 -0.00421 0.86925 0.49437 0.00284 0.8775 0.47958 -0 0.96238 -0.27171 -0 0.96305 -0.26933 -0.00039 0.97994 -0.19927 0.0004 0.9776 -0.21045 0.0021 0.99343 -0.11443 -0.00355 0.98709 -0.15996 0.00828 0.99847 -0.05502 -0.00619 0.99447 -0.10494 0.00299 0.99818 -0.06025 0 0.92437 -0.3815 -0 0.884 -0.46748 0.00198 0.79909 -0.60121 -0.00193 0.66774 -0.74439 0.00207 0.55668 -0.83073 -0.00172 0.38164 -0.92431 0.00171 0.26698 -0.9637 -0.0016 0.17116 -0.98524 0 0.8958 0.44445 -0.00073 0.56674 -0.82302 0.0379 0.2509 -0.96801 0 0.23677 -0.97156 0.00246 0.42491 -0.90524 -0.00111 0.42139 -0.90688 -0.00083 0.5638 -0.82591 0.00131 0.72761 -0.68563 -0.02239 0.83378 -0.5521 1E-05 0.84648 -0.53243 -0.00027 0.91489 -0.4037 0.00138 0.97635 -0.21589 -0.01159 0.93998 -0.34123 0.00257 0.99996 -0.00828 -0.00194 0.9703 0.24192 0.0006 0.97824 0.20743 0.00379 0.99906 -0.04303 -0.00561 0.7782 0.62801 -0 0.80027 0.59963 0.0015 0.85302 0.52187 -0.00283 0.92729 0.37423 0.00952 0.19668 -0.98047 0 0.27012 -0.9628 -0.00664 0.38103 -0.92456 0.00304 0.55408 -0.83245 -0.00486 0.55169 -0.83403 -0.00524 0.74775 -0.66393 0.00772 0.67359 -0.73903 -0.01064 0.72574 -0.68797 -5E-05 0.69251 -0.72138 0.00675 0.62436 -0.78086 0.0208 0.3815 0.92437 -0 0.46748 0.884 0.00198 0.60121 0.79909 -0.00193 0.74439 0.66774 0.00207 0.83073 0.55668 -0.00172 0.92431 0.38164 0.00171 0.9637 0.26698 -0.0016 0.98524 0.17116 -0 -0.44436 0.89585 -0.00087 0.82433 0.56492 0.03664 0.96801 0.2509 -0 0.97156 0.23677 0.00246 0.90754 0.41996 -0.00101 0.90702 0.42109 -0.00109 0.82878 0.55957 0.00187 0.68813 0.72525 -0.02201 0.55531 0.83165 1E-05 0.53568 0.84442 -0.00031 0.4037 0.91489 0.00138 0.21818 0.97584 -0.01143 0.34086 0.94011 0.00221 0.00854 0.99996 -0.00173 -0.24071 0.9706 0.00071 -0.20743 0.97824 0.00379 0.04567 0.99894 -0.00571 -0.62802 0.7782 -0 -0.59963 0.80027 0.0015 -0.52187 0.85302 -0.00283 -0.3731 0.92774 0.00961 0.98047 0.19668 -0 0.9628 0.27012 -0.00664 0.92456 0.38102 0.00304 0.83245 0.55408 -0.00486 0.83403 0.55169 -0.00524 0.66669 0.74529 0.00754 0.74126 0.67114 -0.01024 0.69077 0.72308 -4E-05 0.72388 0.6899 0.00653 0.78247 0.62237 0.02001 -0.66028 0.75102 0 -0.66031 0.75099 -1E-05 -0.70835 0.70586 6E-05 -0.70841 0.7058 -6E-05 -0.78282 0.62225 6E-05 -0.78288 0.62218 -6E-05 -0.88067 0.47373 0 -0.88065 0.47378 1E-05 -0.84752 0.53076 -6E-05 -0.84924 0.52799 -0.00409 -0.81836 0.57471 0 0.11359 -0.99353 0 0.11359 -0.99353 0 0.05563 -0.99845 0 -0.04258 -0.99909 0.0016 -0.16317 -0.9866 -0.00171 -0.35482 -0.93493 0.00172 -0.4825 -0.87589 -0.00207 -0.64278 -0.76605 0.00193 -0.75568 -0.65494 -0.00198 -0.81441 -0.58029 0 -0.92992 0.36777 0 -0.88402 0.46745 0.00186 -0.81625 0.57769 -0.00182 -0.66777 0.74436 0.00193 -0.58277 0.81263 -0.00142 -0.38171 0.92428 0.00145 -0.28363 0.95893 -0.00188 -0.17116 0.98524 -0 0.08358 -0.9965 0 -0.1136 -0.99353 0 0.0197 -0.99978 0.00767 0.03509 -0.99938 0.00374 -0.02898 -0.99958 -0 0.26289 -0.96482 -0 0.19138 -0.98151 0.00155 0.22173 -0.97505 0.01063 0.14978 -0.98872 0 0.33491 -0.94225 0 0.29369 -0.9559 0 0.34515 -0.93853 0.00585 0.27894 -0.96026 -0.00983 0.3872 -0.92194 0.01067 0.33569 -0.94196 -0.00355 0.44131 -0.89735 0.0031 0.41185 -0.91124 -0.00421 0.49437 -0.86925 0.00284 0.47958 -0.8775 0 -0.27171 -0.96238 0 -0.26933 -0.96305 -0.00039 -0.19927 -0.97994 0.0004 -0.21045 -0.9776 0.0021 -0.11443 -0.99343 -0.00355 -0.15996 -0.98709 0.00828 -0.05502 -0.99847 -0.00619 -0.10494 -0.99447 0.00299 -0.06025 -0.99818 0 -0.89585 -0.44436 -0.00087 -0.56492 0.82433 0.03664 -0.2509 0.96801 -0 -0.23677 0.97156 0.00246 -0.41996 0.90754 -0.00101 -0.42109 0.90702 -0.00109 -0.55957 0.82878 0.00187 -0.72525 0.68813 -0.02201 -0.83165 0.55531 1E-05 -0.84442 0.53568 -0.00031 -0.91489 0.4037 0.00138 -0.97584 0.21818 -0.01143 -0.94011 0.34086 0.00221 -0.99996 0.00854 -0.00173 -0.9706 -0.24071 0.00071 -0.97824 -0.20743 0.00379 -0.99894 0.04567 -0.00571 -0.7782 -0.62802 0 -0.80027 -0.59963 0.0015 -0.85302 -0.52187 -0.00283 -0.92774 -0.3731 0.00961 -0.19668 0.98047 0 -0.27012 0.9628 -0.00664 -0.38102 0.92456 0.00304 -0.55408 0.83245 -0.00486 -0.55169 0.83403 -0.00524 -0.74529 0.66669 0.00754 -0.67114 0.74126 -0.01024 -0.72308 0.69077 -4E-05 -0.6899 0.72388 0.00653 -0.62237 0.78247 0.02001 0.99845 0.05563 -0 0.99909 -0.04258 0.0016 0.9866 -0.16317 -0.00171 0.93493 -0.35482 0.00172 0.87589 -0.4825 -0.00207 0.76605 -0.64278 0.00193 0.65494 -0.75568 -0.00198 0.58029 -0.81441 0 -0.75102 -0.66028 0 -0.75099 -0.66031 -1E-05 -0.70586 -0.70835 6E-05 -0.7058 -0.70841 -6E-05 -0.62225 -0.78282 6E-05 -0.62218 -0.78288 -6E-05 -0.47373 -0.88067 0 -0.47378 -0.88065 1E-05 -0.53076 -0.84752 -6E-05 -0.52799 -0.84924 -0.00409 -0.57471 -0.81836 0 0.99353 0.11359 -0 0.97303 -0.2307 0.00087 0.36429 0.93056 -0.03664 0.02594 0.99966 -0 0.01138 0.99993 -0.00246 0.20429 0.97891 0.00101 0.20551 0.97866 0.00109 0.35808 0.93369 -0.00187 0.55122 0.83407 0.02201 0.68485 0.72868 -1E-05 0.70173 0.71244 0.00031 0.80017 0.59977 -0.00138 0.90142 0.4328 0.01143 0.83892 0.54425 -0.00221 0.97223 0.23401 0.00173 0.99988 -0.01544 -0.00071 0.99982 0.01871 -0.00379 0.96286 0.26995 0.00571 0.89986 -0.43617 -0 0.91496 -0.40354 -0.0015 0.9488 -0.31587 0.00283 0.98801 -0.15408 -0.00961 -0.02968 0.99956 -0 0.04584 0.99893 0.00664 0.16252 0.9867 -0.00304 0.35189 0.93603 0.00486 0.34921 0.93703 0.00524 0.57559 0.8177 -0.00754 0.48651 0.87361 0.01024 0.54851 0.83614 4E-05 0.50872 0.86091 -0.00653 0.42971 0.90275 -0.02001 0.25714 0.0294 0.96593 -0.25714 -0.0294 0.96593 -0.70253 -0.08032 0.70711 -0.95967 -0.10972 0.25882 -0.95967 -0.10972 -0.25882 -0.70253 -0.08032 -0.70711 -0.25714 -0.0294 -0.96593 0.24544 0.02806 -0.96901 0.25849 0.01744 -0.96586 0.88324 0.10096 0.45793 0.79508 0.0909 0.59965 0.70834 0.01687 0.70567 0.60275 0.07582 0.79432 0.24685 0.01553 0.96893 0.96271 0.07567 0.25972 0.96305 0.07501 0.25866 0.99206 0.11343 0.05437 0.98833 0.11296 -0.10224 0.96423 0.05876 -0.25848 0.9263 0.10837 -0.36086 0.70097 0.09341 -0.70705 0.58252 -0.10475 -0.80604 0.76031 0.08425 -0.64407 -0.23083 -0.97299 0.00076 0.99966 -0.02594 -0 0.99993 -0.01138 -0.00246 0.97891 -0.20429 0.00101 0.97866 -0.20551 0.00109 0.95245 -0.30469 -0.00082 0.93333 -0.35902 -0.00321 0.83036 -0.55704 0.01453 0.72868 -0.68485 -1E-05 0.71244 -0.70173 0.00031 0.59891 -0.80081 -0.00139 0.43194 -0.90183 0.01153 0.54425 -0.83892 -0.00221 0.23105 -0.97294 0.00176 -0.01947 -0.99981 -0.00061 0.0272 -0.99962 -0.00469 0.28122 -0.95962 0.00746 -0.43238 -0.90169 0 -0.40353 -0.91496 -0.0015 -0.29904 -0.95424 0.00304 -0.13934 -0.99018 -0.01165 0.99956 0.02968 -0 0.99893 -0.04584 0.00664 0.9867 -0.16252 -0.00304 0.93603 -0.35189 0.00486 0.93703 -0.34921 0.00524 0.8177 -0.57559 -0.00754 0.87361 -0.48651 0.01024 0.83614 -0.54851 4E-05 0.86091 -0.50872 -0.00653 0.90275 -0.42971 -0.02001 0.0294 -0.25714 0.96593 -0.0294 0.25714 0.96593 -0.08032 0.70253 0.70711 -0.10972 0.95967 0.25882 -0.10972 0.95967 -0.25882 -0.08032 0.70253 -0.70711 -0.0294 0.25714 -0.96593 0.02806 -0.24544 -0.96901 0.01744 -0.25849 -0.96586 0.10096 -0.88323 0.45793 0.0909 -0.79508 0.59966 0.01687 -0.70834 0.70567 0.07582 -0.60275 0.79432 0.01553 -0.24685 0.96893 0.07567 -0.96271 0.25972 0.07501 -0.96305 0.25866 0.11343 -0.99206 0.05437 0.11296 -0.98832 -0.10225 0.05876 -0.96423 -0.25848 0.10837 -0.9263 -0.36087 0.09341 -0.70097 -0.70705 -0.10475 -0.58251 -0.80604 0.08426 -0.76031 -0.64407 -0.973 0.2308 0.00073 -0.02594 -0.99966 0 -0.01138 -0.99993 -0.00246 -0.20963 -0.97778 0.00111 -0.20583 -0.97859 0.00083 -0.30413 -0.95263 -0.0005 -0.36389 -0.93144 -0.00279 -0.55999 -0.82837 0.01481 -0.68765 -0.72604 -1E-05 -0.70446 -0.70974 0.00027 -0.80017 -0.59977 -0.00138 -0.90243 -0.43068 0.01159 -0.8387 -0.54458 -0.00257 -0.97229 -0.23376 0.00194 -0.99986 0.01668 -0.0006 -0.99982 -0.01871 -0.00379 -0.96357 -0.26741 0.00561 -0.89987 0.43617 0 -0.91496 0.40354 -0.0015 -0.9488 0.31587 0.00283 -0.98782 0.15528 -0.00952 0.02968 -0.99956 0 -0.04584 -0.99893 0.00664 -0.16252 -0.9867 -0.00304 -0.35189 -0.93603 0.00486 -0.34921 -0.93703 0.00524 -0.57861 -0.81557 -0.00772 -0.48941 -0.87199 0.01064 -0.55174 -0.83402 5E-05 -0.51183 -0.85906 -0.00675 -0.43201 -0.90163 -0.0208 0.70253 0.08032 0.70711 0.95967 0.10972 0.25882 0.95967 0.10972 -0.25882 0.70253 0.08032 -0.70711 0.25714 0.0294 -0.96593 -0.24544 -0.02806 -0.96901 -0.25849 -0.01744 -0.96586 -0.88323 -0.10096 0.45793 -0.79508 -0.0909 0.59966 -0.70834 -0.01687 0.70567 -0.60275 -0.07582 0.79432 -0.24685 -0.01553 0.96893 -0.96271 -0.07567 0.25972 -0.96305 -0.07501 0.25866 -0.99206 -0.11343 0.05437 -0.98832 -0.11296 -0.10225 -0.96423 -0.05876 -0.25848 -0.9263 -0.10837 -0.36087 -0.70097 -0.09341 -0.70705 -0.58251 0.10475 -0.80604 -0.76031 -0.08426 -0.64407 0.2307 0.97303 0.00087 -0.99966 0.02594 0 -0.99993 0.01138 -0.00246 -0.97891 0.20429 0.00101 -0.97866 0.20551 0.00109 -0.95245 0.30469 -0.00082 -0.93333 0.35902 -0.00321 -0.83036 0.55704 0.01453 -0.72868 0.68485 -1E-05 -0.71244 0.70173 0.00031 -0.59977 0.80017 -0.00138 -0.4328 0.90142 0.01143 -0.54425 0.83892 -0.00221 -0.23401 0.97223 0.00173 0.01544 0.99988 -0.00071 -0.01871 0.99982 -0.00379 -0.26995 0.96286 0.00571 0.43617 0.89986 -0 0.40354 0.91496 -0.0015 0.31587 0.9488 0.00283 0.15408 0.98801 -0.00961 -0.99956 -0.02968 0 -0.99893 0.04584 0.00664 -0.9867 0.16252 -0.00304 -0.93603 0.35189 0.00486 -0.93703 0.34921 0.00524 -0.8177 0.57559 -0.00754 -0.87361 0.48651 0.01024 -0.83614 0.54851 4E-05 -0.86091 0.50872 -0.00653 -0.90275 0.42971 -0.02001 0.08032 -0.70253 0.70711 0.10972 -0.95967 0.25882 0.10972 -0.95967 -0.25882 0.08032 -0.70253 -0.70711 0.0294 -0.25714 -0.96593 -0.02806 0.24544 -0.96901 -0.01744 0.25849 -0.96586 -0.10096 0.88323 0.45793 -0.0909 0.79508 0.59966 -0.01687 0.70834 0.70567 -0.07582 0.60275 0.79432 -0.01553 0.24685 0.96893 -0.07567 0.96271 0.25972 -0.07501 0.96305 0.25866 -0.11343 0.99206 0.05437 -0.11296 0.98832 -0.10225 -0.05876 0.96423 -0.25848 -0.10837 0.9263 -0.36087 -0.09341 0.70097 -0.70705 0.10475 0.58251 -0.80604 -0.08426 0.76031 -0.64407 0.25576 0.04135 -0.96586 0.60431 0.06217 -0.79432 0.69387 0.14343 -0.70567 0.79508 0.0909 -0.59966 0.95513 0.14429 -0.25866 0.95495 0.14357 -0.25972 0.88323 0.10099 -0.45793 0.95261 0.16038 0.25848 0.98832 0.11302 0.10225 0.99206 0.1134 -0.05437 0.54384 0.23352 0.80604 0.75971 0.08952 0.64407 0.92686 0.10349 0.36087 0.24544 0.02806 0.96901 0.25576 0.04135 0.96586 0.70397 0.06721 0.70705 -0.20116 -0.6566 0.72692 -0.32773 -0.60469 0.72591 -0.40617 -0.61334 0.67738 -0.42645 -0.66459 0.61357 -0.49358 -0.62307 0.60676 -0.55711 -0.63108 0.53979 -0.57893 -0.67324 0.45999 -0.6254 -0.63733 0.4502 -0.71169 -0.64542 0.27735 -0.71169 -0.64542 0.27735 -0.75365 -0.65181 0.08459 -0.72497 -0.68662 0.0546 -0.75606 -0.65389 -0.0282 -0.74199 -0.64889 -0.16851 -0.68097 -0.72372 -0.11184 -0.72425 -0.64981 -0.23066 -0.69355 -0.64641 -0.31801 -0.62982 -0.68585 -0.3646 -0.64401 -0.63997 -0.41914 -0.59218 -0.63521 -0.49581 -0.51536 -0.65879 -0.54809 -0.52021 -0.62492 -0.58212 -0.36389 -0.60566 -0.70765 -0.17148 -0.64688 -0.74306 -0.15835 -0.58216 -0.7975 -0.36389 -0.60566 -0.70765 -0.0833 -0.57683 -0.81261 0.00793 -0.56587 -0.82446 0.06953 -0.60814 -0.79078 0.11999 -0.55306 -0.82446 0.21135 -0.54314 -0.81261 0.28207 -0.57759 -0.76605 0.32003 -0.52943 -0.78568 0.4912 -0.5079 -0.70765 0.4912 -0.5079 -0.70765 0.64783 -0.49138 -0.58212 0.65076 -0.52547 -0.54809 0.72026 -0.48517 -0.49581 0.79426 -0.47325 -0.38103 0.73328 -0.55597 -0.39141 0.87637 -0.46631 -0.12053 0.83939 -0.51913 -0.16104 0.85222 -0.46958 -0.23066 0.82155 -0.4732 -0.31802 0.88132 -0.46488 0.08459 0.839 -0.46814 0.27735 0.839 -0.46814 0.27735 0.75311 -0.47973 0.4502 0.71594 -0.5252 0.45999 0.68517 -0.48905 0.53979 0.58295 -0.49741 0.64246 0.58758 -0.58463 0.55942 0.53412 -0.50584 0.67738 0.45575 -0.51511 0.72591 0.38329 -0.56828 0.72811 -0.26417 -0.59426 0.75965 -0.04839 -0.56959 0.8205 -0.04839 -0.56959 0.8205 0.1757 -0.54397 0.8205 0.1757 -0.54397 0.8205 0.35403 -0.52571 0.7735 0.63353 -0.76546 -0.11273 0.63353 -0.76546 -0.11273 0.58333 -0.7712 -0.25491 0.58333 -0.7712 -0.25491 0.49687 -0.78109 -0.37818 0.49687 -0.78109 -0.37818 0.38058 -0.79438 -0.47341 0.38058 -0.79438 -0.47341 0.24308 -0.8101 -0.53353 0.09456 -0.82708 -0.55407 -0.05396 -0.84406 -0.53353 -0.05396 -0.84406 -0.53353 -0.19147 -0.85978 -0.47341 -0.19147 -0.85978 -0.47341 -0.30776 -0.87308 -0.37818 -0.30776 -0.87308 -0.37818 -0.39421 -0.88296 -0.25491 -0.39421 -0.88296 -0.25491 -0.44442 -0.8887 -0.11273 -0.44442 -0.8887 -0.11273 -0.45465 -0.88987 0.03781 -0.45465 -0.88987 0.03781 -0.42415 -0.88638 0.18555 -0.42415 -0.88638 0.18555 -0.35517 -0.8785 0.31952 -0.35517 -0.8785 0.31952 -0.25285 -0.8668 0.4298 -0.25285 -0.8668 0.4298 -0.12476 -0.85215 0.5082 -0.12476 -0.85215 0.5082 0.0196 -0.83565 0.54891 0.0196 -0.83565 0.54891 0.16951 -0.81851 0.54891 0.16951 -0.81851 0.54891 0.31387 -0.80201 0.5082 0.31387 -0.80201 0.5082 0.44196 -0.78736 0.4298 0.44196 -0.78736 0.4298 0.54429 -0.77566 0.31952 0.54429 -0.77566 0.31952 0.61326 -0.76778 0.18555 0.61326 -0.76778 0.18555 0.31652 -0.94835 0.02125 0.30329 -0.95288 -0.0066 0.30094 -0.95282 -0.03964 0.30094 -0.95282 -0.03964 0.28329 -0.95484 -0.08964 0.28329 -0.95484 -0.08964 0.25288 -0.95831 -0.13299 0.25288 -0.95831 -0.13299 0.21199 -0.96299 -0.16648 0.21199 -0.96299 -0.16648 0.16364 -0.96852 -0.18761 0.16364 -0.96852 -0.18761 0.11141 -0.97449 -0.19484 0.05918 -0.98046 -0.18761 0.05918 -0.98046 -0.18761 0.01083 -0.98599 -0.16648 0.01083 -0.98599 -0.16648 -0.03007 -0.99066 -0.13299 -0.03007 -0.99066 -0.13299 -0.06047 -0.99414 -0.08964 -0.06047 -0.99414 -0.08964 -0.07812 -0.99616 -0.03964 -0.07812 -0.99616 -0.03964 -0.08172 -0.99657 0.0133 -0.08172 -0.99657 0.0133 -0.07099 -0.99534 0.06525 -0.07099 -0.99534 0.06525 -0.04674 -0.99257 0.11236 -0.04674 -0.99257 0.11236 -0.01076 -0.98845 0.15114 -0.01076 -0.98845 0.15114 0.03429 -0.9833 0.17871 0.03429 -0.9833 0.17871 0.08505 -0.9775 0.19303 0.08505 -0.9775 0.19303 0.13777 -0.97147 0.19303 0.13777 -0.97147 0.19303 0.18853 -0.96567 0.17871 0.18853 -0.96567 0.17871 0.23357 -0.96052 0.15114 0.23357 -0.96052 0.15114 0.26956 -0.95641 0.11236 0.26956 -0.95641 0.11236 0.29381 -0.95363 0.06525 0.29381 -0.95363 0.06525 0.30454 -0.95241 0.0133 0.64376 -0.76429 0.03781 0.64376 -0.76429 0.03781 0.86123 -0.50527 0.0546 0.88414 -0.46637 -0.0282 0.08038 0.99657 0.01985 0.07099 0.99534 0.06525 0.07099 0.99534 0.06525 0.04674 0.99257 0.11236 0.04674 0.99257 0.11236 0.01076 0.98845 0.15114 0.01076 0.98845 0.15114 -0.03429 0.9833 0.17871 -0.03429 0.9833 0.17871 -0.08505 0.9775 0.19303 -0.08505 0.9775 0.19303 -0.13777 0.97147 0.19303 -0.13777 0.97147 0.19303 -0.18853 0.96567 0.17871 -0.18853 0.96567 0.17871 -0.23357 0.96052 0.15114 -0.23357 0.96052 0.15114 -0.26956 0.95641 0.11236 -0.26956 0.95641 0.11236 -0.29381 0.95363 0.06525 -0.29381 0.95363 0.06525 -0.30454 0.95241 0.0133 -0.30454 0.95241 0.0133 -0.30094 0.95282 -0.03964 -0.30094 0.95282 -0.03964 -0.28329 0.95484 -0.08964 -0.28329 0.95484 -0.08964 -0.25288 0.95831 -0.13299 -0.25288 0.95831 -0.13299 -0.21199 0.96299 -0.16648 -0.21199 0.96299 -0.16648 -0.16364 0.96852 -0.18761 -0.16364 0.96852 -0.18761 -0.11141 0.97449 -0.19484 -0.05918 0.98046 -0.18761 -0.05918 0.98046 -0.18761 -0.01083 0.98599 -0.16648 -0.01083 0.98599 -0.16648 0.03007 0.99066 -0.13299 0.03007 0.99066 -0.13299 0.06047 0.99414 -0.08964 0.06047 0.99414 -0.08964 0.07812 0.99616 -0.03964 0.07812 0.99616 -0.03964 0.08039 0.99674 -0.0066 0.09064 0.99579 0.0139 -0.0196 0.83565 0.54891 0.12476 0.85215 0.5082 0.12476 0.85215 0.5082 0.25285 0.8668 0.4298 0.25285 0.8668 0.4298 0.35517 0.8785 0.31952 0.35517 0.8785 0.31952 0.42415 0.88638 0.18555 0.42414 0.88638 0.18555 0.45465 0.88987 0.03781 0.45465 0.88987 0.03781 0.44442 0.8887 -0.11273 0.44442 0.8887 -0.11273 0.39421 0.88296 -0.25491 0.39421 0.88296 -0.25491 0.30776 0.87308 -0.37818 0.30776 0.87308 -0.37818 0.19147 0.85978 -0.47341 0.19147 0.85978 -0.47341 0.05396 0.84406 -0.53353 0.05396 0.84406 -0.53353 -0.09456 0.82708 -0.55407 -0.24308 0.8101 -0.53353 -0.24308 0.8101 -0.53353 -0.38058 0.79438 -0.47341 -0.38058 0.79438 -0.47341 -0.49687 0.78109 -0.37818 -0.49687 0.78109 -0.37818 -0.58333 0.7712 -0.25491 -0.58333 0.7712 -0.25491 -0.63353 0.76546 -0.11273 -0.63353 0.76546 -0.11273 -0.64376 0.76429 0.03781 -0.64376 0.76429 0.03781 -0.61326 0.76778 0.18555 -0.61326 0.76778 0.18555 -0.54429 0.77566 0.31952 -0.54429 0.77566 0.31952 -0.44196 0.78736 0.4298 -0.44196 0.78736 0.4298 -0.31387 0.80201 0.5082 -0.31387 0.80201 0.5082 -0.16951 0.81851 0.54891 -0.16951 0.81851 0.54891 -0.0196 0.83565 0.54891 -0.5992 0.60281 0.52685 -0.60658 0.40482 0.68424 -0.72956 0.54228 0.41674 -0.74718 0.45141 0.48781 -0.82894 0.49059 0.26868 -0.83134 0.48351 0.27403 -0.88681 0.45258 0.09348 -0.86123 0.50528 0.0546 -0.8969 0.43194 -0.09488 -0.83939 0.51913 -0.16104 -0.85222 0.46958 -0.23066 -0.82155 0.4732 -0.31801 -0.71406 0.57104 -0.40501 -0.8212 0.40822 -0.39873 -0.62819 0.53689 -0.56314 -0.6681 0.47937 -0.56907 -0.4996 0.51442 -0.69697 -0.4847 0.53501 -0.69197 -0.33742 0.50603 -0.79378 -0.28207 0.57759 -0.76605 -0.21135 0.54314 -0.81261 0.72425 0.64982 -0.23066 0.69355 0.64641 -0.31802 0.62982 0.68585 -0.3646 0.65071 0.61171 -0.44988 0.51536 0.65879 -0.54809 0.52092 0.61893 -0.58785 0.36037 0.61285 -0.70324 0.36028 0.63401 -0.68428 0.16913 0.54549 -0.82088 0.18312 0.65545 -0.7327 -0.05175 0.45269 -0.89017 0.00512 0.68133 -0.73196 -0.11999 0.55306 -0.82446 0.66903 0.73844 -0.08434 0.79528 0.57957 -0.17787 0.71033 0.69829 0.08845 0.77057 0.63478 0.0573 0.70231 0.65855 0.27033 0.69594 0.66436 0.27256 0.64311 0.62256 0.44591 0.57893 0.67324 0.45999 0.53624 0.5935 0.60018 0.42644 0.66459 0.61357 0.40617 0.61334 0.67738 -0.53412 0.50583 0.67738 -0.45575 0.51511 0.72591 -0.38329 0.56828 0.72811 -0.33779 0.50208 0.79613 -0.17627 0.57528 0.79873 -0.15583 0.54742 0.82222 0.04839 0.56959 0.8205 0.02149 0.60307 0.7974 0.28211 0.54684 0.78828 0.17969 0.66406 0.72576 0.32773 0.60469 0.72591 -0.12914 -0.35683 -0.9252 -0.1342 0.2141 -0.96755 -0.90102 0.23891 -0.36204 0.4074 0.38857 0.82646 0.75324 0.42657 -0.50067 0.6227 0.41164 -0.66543 0.45901 0.39293 -0.79682 0.27038 0.37136 -0.88825 0.06626 0.34803 -0.93514 0.50268 0.37967 0.77664 -0.94057 0.21278 -0.26466 -0.10233 0.32995 -0.93843 -0.14245 0.31532 -0.93823 -0.20634 0.31848 -0.9252 -0.34722 0.30076 -0.88825 -0.34722 0.30076 -0.88825 -0.34539 0.18995 -0.91903 -0.34539 0.18995 -0.91903 -0.33901 0.07671 -0.93765 -0.53585 0.27919 -0.79682 -0.54056 0.16764 -0.82443 -0.54056 0.16764 -0.82443 -0.53813 0.05394 -0.84113 -0.53813 0.05394 -0.84113 -0.52859 -0.06043 -0.84672 -0.69954 0.26048 -0.66543 -0.69954 0.26048 -0.66543 -0.70993 0.14828 -0.68849 -0.70993 0.14828 -0.68849 -0.71092 0.03419 -0.70244 -0.71092 0.03419 -0.70244 -0.70253 -0.08032 -0.70711 -0.68486 -0.19376 -0.70244 -0.83008 0.24555 -0.50067 -0.83008 0.24555 -0.50067 -0.84499 0.13283 -0.51802 -0.84499 0.13283 -0.51802 -0.84872 0.01843 -0.52852 -0.84872 0.01843 -0.52852 -0.84124 -0.09618 -0.53203 -0.82266 -0.20951 -0.52852 -0.82266 -0.20951 -0.52852 -0.7932 -0.32012 -0.51802 0.34539 -0.18995 -0.91903 0.54056 -0.16764 -0.82443 0.54056 -0.16764 -0.82443 0.53813 -0.05394 -0.84113 0.70993 -0.14828 -0.68849 0.71092 -0.03419 -0.70244 0.71092 -0.03419 -0.70244 0.70253 0.08032 -0.70711 0.84499 -0.13283 -0.51802 0.84499 -0.13283 -0.51802 0.84872 -0.01843 -0.52852 0.84872 -0.01843 -0.52852 0.84124 0.09618 -0.53203 0.82266 0.20951 -0.52852 0.9354 0.33638 0.10902 0.9354 0.33638 0.10902 0.96773 0.2261 0.11123 0.96773 0.2261 0.11122 0.98728 0.11287 0.11196 0.99379 -0.00185 0.11122 0.99379 -0.00185 0.11123 0.98718 -0.11658 0.10902 0.98718 -0.11658 0.10902 0.88719 0.33087 0.32158 0.88719 0.33087 0.32158 0.91855 0.22048 0.3281 0.91855 0.22048 0.3281 0.93777 0.10721 0.33028 0.94461 -0.00747 0.3281 0.94461 -0.00747 0.3281 0.93898 -0.12209 0.32158 0.93898 -0.12209 0.32158 0.7932 0.32012 0.51802 0.7932 0.32012 0.51802 0.82266 0.20951 0.52852 0.82266 0.20951 0.52852 0.84124 0.09618 0.53203 0.84872 -0.01843 0.52852 0.84872 -0.01843 0.52852 0.84499 -0.13283 0.51802 0.84499 -0.13283 0.51802 0.27038 0.37136 0.88825 0.27038 0.37136 0.88825 0.29361 0.26301 0.91903 0.29361 0.26301 0.91903 0.31294 0.15124 0.93765 0.31295 0.15124 0.93765 0.32814 0.03752 0.94388 0.33901 -0.07671 0.93765 0.339 -0.07671 0.93765 0.34539 -0.18995 0.91903 0.34539 -0.18995 0.91903 0.06626 0.34803 0.93514 0.06626 0.34803 0.93514 0.08242 0.23886 0.96755 0.08242 0.23886 0.96755 0.09748 0.12661 0.98715 0.09748 0.12661 0.98715 0.11124 0.01272 0.99371 0.12354 -0.10134 0.98715 0.12354 -0.10134 0.98715 0.1342 -0.2141 0.96755 0.1342 -0.2141 0.96755 -0.1431 0.32409 0.93514 -0.1431 0.32409 0.93514 -0.1342 0.2141 0.96755 -0.1342 0.2141 0.96755 -0.12354 0.10134 0.98715 -0.12354 0.10134 0.98715 -0.11124 -0.01272 0.99371 -0.09748 -0.12661 0.98715 -0.09748 -0.12661 0.98715 -0.08242 -0.23886 0.96755 -0.08242 -0.23886 0.96755 -0.34722 0.30076 0.88825 -0.34722 0.30076 0.88825 -0.34539 0.18995 0.91903 -0.34539 0.18995 0.91903 -0.339 0.07671 0.93765 -0.33901 0.07671 0.93765 -0.32814 -0.03752 0.94388 -0.31295 -0.15124 0.93765 -0.31294 -0.15124 0.93765 -0.29361 -0.26301 0.91903 -0.29361 -0.26301 0.91903 -0.84499 0.13283 0.51802 -0.84499 0.13283 0.51802 -0.84872 0.01843 0.52852 -0.84872 0.01843 0.52852 -0.84124 -0.09618 0.53203 -0.82266 -0.20951 0.52852 -0.82266 -0.20951 0.52852 -0.7932 -0.32012 0.51802 -0.7932 -0.32012 0.51802 -0.93898 0.12209 0.32158 -0.93898 0.12209 0.32158 -0.94461 0.00747 0.3281 -0.94461 0.00747 0.3281 -0.93777 -0.10721 0.33028 -0.91855 -0.22048 0.3281 -0.91855 -0.22048 0.3281 -0.88719 -0.33087 0.32158 -0.88719 -0.33087 0.32158 -0.98718 0.11658 0.10902 -0.98718 0.11658 0.10902 -0.99379 0.00185 0.11123 -0.99379 0.00185 0.11122 -0.98728 -0.11287 0.11196 -0.96773 -0.2261 0.11122 -0.96773 -0.2261 0.11123 -0.9354 -0.33638 0.10902 -0.9354 -0.33638 0.10902 0.7932 0.32012 -0.51802 0.82266 0.20951 -0.52852 0.68486 0.19376 -0.70244 0.52859 0.06043 -0.84672 0.53813 -0.05394 -0.84113 0.33901 -0.07671 -0.93765 0.34539 -0.18995 -0.91903 0.1342 -0.2141 -0.96755 0.14245 -0.31532 -0.93823 0.10233 -0.32995 -0.93843 0.69954 -0.26048 -0.66543 0.703 -0.2583 -0.66262 0.53572 -0.28088 -0.79631 0.52369 -0.28772 -0.80185 0.34724 -0.29543 -0.89003 0.32994 -0.30334 -0.89394 0.20634 -0.31848 -0.9252 0.96316 -0.23132 -0.13718 0.92092 -0.23517 -0.31081 0.93898 -0.12209 -0.32158 0.93898 -0.12209 -0.32158 0.94461 -0.00747 -0.3281 0.94461 -0.00747 -0.3281 0.93777 0.10721 -0.33028 0.91855 0.22048 -0.3281 0.91855 0.22048 -0.3281 0.88719 0.33087 -0.32158 0.88719 0.33087 -0.32158 0.84818 0.42815 -0.31189 0.82385 0.43611 -0.36205 0.94057 -0.21278 -0.26466 0.90102 -0.23891 -0.36205 0.83008 -0.24555 -0.50067 0.84633 -0.23287 -0.47906 0.78585 -0.25239 -0.56457 0.9354 0.33638 -0.10902 0.9354 0.33638 -0.10902 0.96773 0.2261 -0.11123 0.96773 0.2261 -0.11122 0.98728 0.11287 -0.11196 0.99379 -0.00185 -0.11122 0.99379 -0.00185 -0.11123 0.98718 -0.11658 -0.10902 0.98718 -0.11658 -0.10902 0.96936 -0.22177 -0.10567 0.57375 -0.27616 0.77107 0.69954 -0.26048 0.66543 0.70993 -0.14828 0.68849 0.70993 -0.14828 0.68849 0.71092 -0.03419 0.70244 0.71092 -0.03419 0.70244 0.70253 0.08032 0.70711 0.68486 0.19376 0.70244 0.68486 0.19376 0.70244 0.65814 0.30468 0.68849 0.65814 0.30468 0.68849 0.67502 -0.24876 0.6946 0.74584 -0.25686 0.61461 0.83008 -0.24555 0.50067 0.82369 -0.24092 0.51331 0.9197 -0.24073 0.31017 0.91863 -0.23888 0.31473 0.96821 -0.22682 0.10548 0.96841 -0.23006 0.09622 0.97242 -0.23101 -0.03211 0.85874 0.44002 -0.26258 0.89067 0.44228 -0.10536 0.89067 0.44228 -0.10536 0.89067 0.44228 0.10536 0.89067 0.44228 0.10536 0.84408 0.43695 0.31081 0.84408 0.43695 0.31081 0.75324 0.42657 0.50067 0.75324 0.42657 0.50067 0.6227 0.41164 0.66543 0.45901 0.39293 0.79682 0.48878 0.28532 0.82443 0.48878 0.28532 0.82443 0.51207 0.17401 0.84113 0.51207 0.17401 0.84113 0.52859 0.06043 0.84672 0.53813 -0.05394 0.84113 0.53813 -0.05394 0.84113 0.54057 -0.16764 0.82443 0.54056 -0.16764 0.82443 0.53652 -0.26998 0.79954 -0.59601 -0.40969 0.6906 -0.45901 -0.39293 0.79682 -0.48878 -0.28532 0.82443 -0.48878 -0.28532 0.82443 -0.51207 -0.17401 0.84113 -0.51207 -0.17401 0.84113 -0.52859 -0.06043 0.84672 -0.53813 0.05394 0.84113 -0.53813 0.05394 0.84113 -0.54057 0.16764 0.82443 -0.54056 0.16764 0.82443 -0.53652 0.26998 0.79954 -0.48459 0.2866 0.82646 -0.50268 -0.37967 0.77664 -0.4074 -0.38857 0.82646 -0.27038 -0.37136 0.88825 -0.29394 -0.36506 0.88336 -0.06477 -0.35757 0.93164 -0.08904 -0.34971 0.93262 0.1431 -0.32409 0.93514 0.16629 -0.33017 0.92916 0.34724 -0.29444 0.89035 0.36864 -0.29905 0.88016 0.48459 -0.2866 0.82646 -0.70993 0.14828 0.68849 -0.71092 0.03419 0.70244 -0.71092 0.03419 0.70244 -0.70253 -0.08032 0.70711 -0.68486 -0.19376 0.70244 -0.68486 -0.19376 0.70244 -0.65814 -0.30468 0.68849 -0.62574 -0.40356 0.66753 -0.85874 -0.44002 -0.26258 -0.89067 -0.44228 -0.10536 -0.9354 -0.33638 -0.10902 -0.9354 -0.33638 -0.10902 -0.96773 -0.2261 -0.11123 -0.96773 -0.2261 -0.11122 -0.98728 -0.11287 -0.11196 -0.99379 0.00185 -0.11122 -0.99379 0.00185 -0.11123 -0.98718 0.11658 -0.10902 -0.98718 0.11658 -0.10902 -0.89233 -0.42981 -0.13788 -0.89519 -0.44453 -0.03211 -0.89067 -0.44228 0.10536 -0.8933 -0.43902 0.09637 -0.84251 -0.44026 0.3104 -0.84014 -0.44188 0.31449 -0.75497 -0.42256 0.50146 -0.74568 -0.42617 0.51219 -0.66862 -0.41857 0.61461 -0.82385 -0.43611 -0.36204 -0.84818 -0.42815 -0.31189 -0.88719 -0.33087 -0.32158 -0.88719 -0.33087 -0.32158 -0.91855 -0.22048 -0.3281 -0.91855 -0.22048 -0.3281 -0.93777 -0.10721 -0.33028 -0.94461 0.00747 -0.3281 -0.94461 0.00747 -0.3281 -0.93898 0.12209 -0.32158 -0.93898 0.12209 -0.32158 -0.92092 0.23517 -0.31081 -0.96751 0.22984 -0.10536 -0.96751 0.22984 -0.10537 -0.96751 0.22984 0.10536 -0.96751 0.22984 0.10537 -0.92092 0.23517 0.31081 -0.92092 0.23517 0.31081 -0.83008 0.24555 0.50067 -0.83008 0.24555 0.50067 -0.69954 0.26048 0.66543 -0.57375 0.27616 0.77107 -0.70861 -0.42324 -0.56457 0.06626 0.34803 -0.93514 0.08242 0.23886 -0.96755 -0.1342 0.2141 -0.96755 -0.12354 0.10134 -0.98715 -0.33901 0.07671 -0.93765 -0.32814 -0.03752 -0.94388 -0.51207 -0.17401 -0.84113 -0.68486 -0.19376 -0.70244 -0.65814 -0.30468 -0.68849 -0.7932 -0.32012 -0.51802 -0.75617 -0.41975 -0.50202 -0.76709 -0.42902 -0.47698 0.27038 0.37136 -0.88825 0.29361 0.26301 -0.91903 0.08242 0.23886 -0.96755 0.09748 0.12661 -0.98715 -0.12354 0.10134 -0.98715 -0.11124 -0.01272 -0.99371 -0.31295 -0.15124 -0.93765 -0.51207 -0.17401 -0.84113 -0.48878 -0.28532 -0.82443 -0.65814 -0.30468 -0.68849 -0.62326 -0.41017 -0.66581 -0.62586 -0.41217 -0.66213 0.45901 0.39293 -0.79682 0.48878 0.28532 -0.82443 0.29361 0.26301 -0.91903 0.31295 0.15124 -0.93765 0.09748 0.12661 -0.98715 0.11124 0.01272 -0.99371 -0.09748 -0.12661 -0.98715 -0.31294 -0.15124 -0.93765 -0.29361 -0.26301 -0.91903 -0.48878 -0.28532 -0.82443 -0.45673 -0.40017 -0.79452 -0.44697 -0.39291 -0.80364 0.6227 0.41164 -0.66543 0.65814 0.30468 -0.68849 0.48878 0.28532 -0.82443 0.51207 0.17401 -0.84113 0.31295 0.15124 -0.93765 0.32814 0.03752 -0.94388 0.12354 -0.10134 -0.98715 -0.09748 -0.12661 -0.98715 -0.08242 -0.23886 -0.96755 -0.29361 -0.26301 -0.91903 -0.27038 -0.37136 -0.88825 -0.25469 -0.3624 -0.89655 0.75324 0.42657 -0.50067 0.7932 0.32012 -0.51802 0.68486 0.19376 -0.70244 0.51207 0.17401 -0.84113 0.33901 -0.07671 -0.93765 0.12354 -0.10134 -0.98715 0.1342 -0.2141 -0.96755 -0.08242 -0.23886 -0.96755 -0.06626 -0.34803 -0.93514 -0.02762 -0.32723 -0.94454 0.04135 -0.25576 -0.96586 0.06217 -0.60431 -0.79432 0.14343 -0.69387 -0.70567 0.0909 -0.79508 -0.59966 0.14429 -0.95513 -0.25866 0.14357 -0.95495 -0.25972 0.10099 -0.88323 -0.45793 0.16038 -0.95261 0.25848 0.11302 -0.98832 0.10225 0.1134 -0.99206 -0.05437 0.23352 -0.54384 0.80604 0.08952 -0.75971 0.64407 0.10349 -0.92686 0.36087 0.02806 -0.24544 0.96901 0.04135 -0.25576 0.96586 0.06721 -0.70397 0.70705 -0.6566 0.20116 0.72692 -0.60469 0.32773 0.72591 -0.61334 0.40617 0.67738 -0.66459 0.42645 0.61357 -0.62307 0.49358 0.60676 -0.63108 0.55711 0.53979 -0.67324 0.57893 0.45999 -0.63733 0.6254 0.4502 -0.64542 0.71169 0.27735 -0.64542 0.71169 0.27735 -0.65181 0.75365 0.08459 -0.68662 0.72497 0.0546 -0.65389 0.75606 -0.0282 -0.64889 0.74199 -0.16851 -0.72372 0.68097 -0.11184 -0.64981 0.72425 -0.23066 -0.64641 0.69355 -0.31801 -0.68585 0.62982 -0.3646 -0.63997 0.64401 -0.41914 -0.63521 0.59218 -0.49581 -0.65879 0.51536 -0.54809 -0.62492 0.52021 -0.58212 -0.60566 0.36389 -0.70765 -0.64688 0.17148 -0.74306 -0.58216 0.15835 -0.7975 -0.60566 0.36389 -0.70765 -0.57683 0.0833 -0.81261 -0.56587 -0.00793 -0.82446 -0.60814 -0.06953 -0.79078 -0.55306 -0.11999 -0.82446 -0.54314 -0.21135 -0.81261 -0.57759 -0.28207 -0.76605 -0.52943 -0.32003 -0.78568 -0.5079 -0.4912 -0.70765 -0.5079 -0.4912 -0.70765 -0.49138 -0.64783 -0.58212 -0.52547 -0.65076 -0.54809 -0.48517 -0.72026 -0.49581 -0.47325 -0.79426 -0.38103 -0.55597 -0.73328 -0.39141 -0.46631 -0.87637 -0.12053 -0.51913 -0.83939 -0.16104 -0.46958 -0.85222 -0.23066 -0.4732 -0.82155 -0.31802 -0.46488 -0.88132 0.08459 -0.46814 -0.839 0.27735 -0.46814 -0.839 0.27735 -0.47973 -0.75311 0.4502 -0.5252 -0.71594 0.45999 -0.48905 -0.68517 0.53979 -0.49741 -0.58295 0.64246 -0.58463 -0.58758 0.55942 -0.50584 -0.53412 0.67738 -0.51511 -0.45575 0.72591 -0.56828 -0.38329 0.72811 -0.59426 0.26417 0.75965 -0.56959 0.04839 0.8205 -0.56959 0.04839 0.8205 -0.54397 -0.1757 0.8205 -0.54397 -0.1757 0.8205 -0.52571 -0.35403 0.7735 -0.76546 -0.63353 -0.11273 -0.76546 -0.63353 -0.11273 -0.7712 -0.58333 -0.25491 -0.7712 -0.58333 -0.25491 -0.78109 -0.49687 -0.37818 -0.78109 -0.49687 -0.37818 -0.79438 -0.38058 -0.47341 -0.79438 -0.38058 -0.47341 -0.8101 -0.24308 -0.53353 -0.82708 -0.09456 -0.55407 -0.84406 0.05396 -0.53353 -0.84406 0.05396 -0.53353 -0.85978 0.19147 -0.47341 -0.85978 0.19147 -0.47341 -0.87308 0.30776 -0.37818 -0.87308 0.30776 -0.37818 -0.88296 0.39421 -0.25491 -0.88296 0.39421 -0.25491 -0.8887 0.44442 -0.11273 -0.8887 0.44442 -0.11273 -0.88987 0.45465 0.03781 -0.88987 0.45465 0.03781 -0.88638 0.42415 0.18555 -0.88638 0.42415 0.18555 -0.8785 0.35517 0.31952 -0.8785 0.35517 0.31952 -0.8668 0.25285 0.4298 -0.8668 0.25285 0.4298 -0.85215 0.12476 0.5082 -0.85215 0.12476 0.5082 -0.83565 -0.0196 0.54891 -0.83565 -0.0196 0.54891 -0.81851 -0.16951 0.54891 -0.81851 -0.16951 0.54891 -0.80201 -0.31387 0.5082 -0.80201 -0.31387 0.5082 -0.78736 -0.44196 0.4298 -0.78736 -0.44196 0.4298 -0.77566 -0.54429 0.31952 -0.77566 -0.54429 0.31952 -0.76778 -0.61326 0.18555 -0.76778 -0.61326 0.18555 -0.94835 -0.31652 0.02125 -0.95288 -0.30329 -0.0066 -0.95282 -0.30094 -0.03964 -0.95282 -0.30094 -0.03964 -0.95484 -0.28329 -0.08964 -0.95484 -0.28329 -0.08964 -0.95831 -0.25288 -0.13299 -0.95831 -0.25288 -0.13299 -0.96299 -0.21199 -0.16648 -0.96299 -0.21199 -0.16648 -0.96852 -0.16364 -0.18761 -0.96852 -0.16364 -0.18761 -0.97449 -0.11141 -0.19484 -0.98046 -0.05918 -0.18761 -0.98046 -0.05918 -0.18761 -0.98599 -0.01083 -0.16648 -0.98599 -0.01083 -0.16648 -0.99066 0.03007 -0.13299 -0.99066 0.03007 -0.13299 -0.99414 0.06047 -0.08964 -0.99414 0.06047 -0.08964 -0.99616 0.07812 -0.03964 -0.99616 0.07812 -0.03964 -0.99657 0.08172 0.0133 -0.99657 0.08172 0.0133 -0.99534 0.07099 0.06525 -0.99534 0.07099 0.06525 -0.99257 0.04674 0.11236 -0.99257 0.04674 0.11236 -0.98845 0.01076 0.15114 -0.98845 0.01076 0.15114 -0.9833 -0.03429 0.17871 -0.9833 -0.03429 0.17871 -0.9775 -0.08505 0.19303 -0.9775 -0.08505 0.19303 -0.97147 -0.13777 0.19303 -0.97147 -0.13777 0.19303 -0.96567 -0.18853 0.17871 -0.96567 -0.18853 0.17871 -0.96052 -0.23357 0.15114 -0.96052 -0.23357 0.15114 -0.95641 -0.26956 0.11236 -0.95641 -0.26956 0.11236 -0.95363 -0.29381 0.06525 -0.95363 -0.29381 0.06525 -0.95241 -0.30454 0.0133 -0.76429 -0.64376 0.03781 -0.76429 -0.64376 0.03781 -0.50527 -0.86123 0.0546 -0.46637 -0.88414 -0.0282 0.99657 -0.08038 0.01985 0.99534 -0.07099 0.06525 0.99534 -0.07099 0.06525 0.99257 -0.04674 0.11236 0.99257 -0.04674 0.11236 0.98845 -0.01076 0.15114 0.98845 -0.01076 0.15114 0.9833 0.03429 0.17871 0.9833 0.03429 0.17871 0.9775 0.08505 0.19303 0.9775 0.08505 0.19303 0.97147 0.13777 0.19303 0.97147 0.13777 0.19303 0.96567 0.18853 0.17871 0.96567 0.18853 0.17871 0.96052 0.23357 0.15114 0.96052 0.23357 0.15114 0.95641 0.26956 0.11236 0.95641 0.26956 0.11236 0.95363 0.29381 0.06525 0.95363 0.29381 0.06525 0.95241 0.30454 0.0133 0.95241 0.30454 0.0133 0.95282 0.30094 -0.03964 0.95282 0.30094 -0.03964 0.95484 0.28329 -0.08964 0.95484 0.28329 -0.08964 0.95831 0.25288 -0.13299 0.95831 0.25288 -0.13299 0.96299 0.21199 -0.16648 0.96299 0.21199 -0.16648 0.96852 0.16364 -0.18761 0.96852 0.16364 -0.18761 0.97449 0.11141 -0.19484 0.98046 0.05918 -0.18761 0.98046 0.05918 -0.18761 0.98599 0.01083 -0.16648 0.98599 0.01083 -0.16648 0.99066 -0.03007 -0.13299 0.99066 -0.03007 -0.13299 0.99414 -0.06047 -0.08964 0.99414 -0.06047 -0.08964 0.99616 -0.07812 -0.03964 0.99616 -0.07812 -0.03964 0.99674 -0.08039 -0.0066 0.99579 -0.09064 0.0139 0.83565 0.0196 0.54891 0.85215 -0.12476 0.5082 0.85215 -0.12476 0.5082 0.8668 -0.25285 0.4298 0.8668 -0.25285 0.4298 0.8785 -0.35517 0.31952 0.8785 -0.35517 0.31952 0.88638 -0.42415 0.18555 0.88638 -0.42414 0.18555 0.88987 -0.45465 0.03781 0.88987 -0.45465 0.03781 0.8887 -0.44442 -0.11273 0.8887 -0.44442 -0.11273 0.88296 -0.39421 -0.25491 0.88296 -0.39421 -0.25491 0.87308 -0.30776 -0.37818 0.87308 -0.30776 -0.37818 0.85978 -0.19147 -0.47341 0.85978 -0.19147 -0.47341 0.84406 -0.05396 -0.53353 0.84406 -0.05396 -0.53353 0.82708 0.09456 -0.55407 0.8101 0.24308 -0.53353 0.8101 0.24308 -0.53353 0.79438 0.38058 -0.47341 0.79438 0.38058 -0.47341 0.78109 0.49687 -0.37818 0.78109 0.49687 -0.37818 0.7712 0.58333 -0.25491 0.7712 0.58333 -0.25491 0.76546 0.63353 -0.11273 0.76546 0.63353 -0.11273 0.76429 0.64376 0.03781 0.76429 0.64376 0.03781 0.76778 0.61326 0.18555 0.76778 0.61326 0.18555 0.77566 0.54429 0.31952 0.77566 0.54429 0.31952 0.78736 0.44196 0.4298 0.78736 0.44196 0.4298 0.80201 0.31387 0.5082 0.80201 0.31387 0.5082 0.81851 0.16951 0.54891 0.81851 0.16951 0.54891 0.83565 0.0196 0.54891 0.60281 0.5992 0.52685 0.40482 0.60658 0.68424 0.54228 0.72956 0.41674 0.45141 0.74718 0.48781 0.49059 0.82894 0.26868 0.48351 0.83134 0.27403 0.45258 0.88681 0.09348 0.50528 0.86123 0.0546 0.43194 0.8969 -0.09488 0.51913 0.83939 -0.16104 0.46958 0.85222 -0.23066 0.4732 0.82155 -0.31801 0.57104 0.71406 -0.40501 0.40822 0.8212 -0.39873 0.53689 0.62819 -0.56314 0.47937 0.6681 -0.56907 0.51442 0.4996 -0.69697 0.53501 0.4847 -0.69197 0.50603 0.33742 -0.79378 0.57759 0.28207 -0.76605 0.54314 0.21135 -0.81261 0.64982 -0.72425 -0.23066 0.64641 -0.69355 -0.31802 0.68585 -0.62982 -0.3646 0.61171 -0.65071 -0.44988 0.65879 -0.51536 -0.54809 0.61893 -0.52092 -0.58785 0.61285 -0.36037 -0.70324 0.63401 -0.36028 -0.68428 0.54549 -0.16913 -0.82088 0.65545 -0.18312 -0.7327 0.45269 0.05175 -0.89017 0.68133 -0.00512 -0.73196 0.55306 0.11999 -0.82446 0.73844 -0.66903 -0.08434 0.57957 -0.79528 -0.17787 0.69829 -0.71033 0.08845 0.63478 -0.77057 0.0573 0.65855 -0.70231 0.27033 0.66436 -0.69594 0.27256 0.62256 -0.64311 0.44591 0.67324 -0.57893 0.45999 0.5935 -0.53624 0.60018 0.66459 -0.42644 0.61357 0.61334 -0.40617 0.67738 0.50583 0.53412 0.67738 0.51511 0.45575 0.72591 0.56828 0.38329 0.72811 0.50208 0.33779 0.79613 0.57528 0.17627 0.79873 0.54742 0.15583 0.82222 0.56959 -0.04839 0.8205 0.60307 -0.02149 0.7974 0.54684 -0.28211 0.78828 0.66406 -0.17969 0.72576 0.60469 -0.32773 0.72591 -0.35683 0.12914 -0.9252 0.2141 0.1342 -0.96755 0.23891 0.90102 -0.36204 0.38857 -0.4074 0.82646 0.42657 -0.75324 -0.50067 0.41164 -0.6227 -0.66543 0.39293 -0.45901 -0.79682 0.37136 -0.27038 -0.88825 0.34803 -0.06626 -0.93514 0.37967 -0.50268 0.77664 0.21278 0.94057 -0.26466 0.32995 0.10233 -0.93843 0.31532 0.14245 -0.93823 0.31848 0.20634 -0.9252 0.30076 0.34722 -0.88825 0.30076 0.34722 -0.88825 0.18995 0.34539 -0.91903 0.18995 0.34539 -0.91903 0.07671 0.33901 -0.93765 0.27919 0.53585 -0.79682 0.16764 0.54056 -0.82443 0.16764 0.54056 -0.82443 0.05394 0.53813 -0.84113 0.05394 0.53813 -0.84113 -0.06043 0.52859 -0.84672 0.26048 0.69954 -0.66543 0.26048 0.69954 -0.66543 0.14828 0.70993 -0.68849 0.14828 0.70993 -0.68849 0.03419 0.71092 -0.70244 0.03419 0.71092 -0.70244 -0.08032 0.70253 -0.70711 -0.19376 0.68486 -0.70244 0.24555 0.83008 -0.50067 0.24555 0.83008 -0.50067 0.13283 0.84499 -0.51802 0.13283 0.84499 -0.51802 0.01843 0.84872 -0.52852 0.01843 0.84872 -0.52852 -0.09618 0.84124 -0.53203 -0.20951 0.82266 -0.52852 -0.20951 0.82266 -0.52852 -0.32012 0.7932 -0.51802 -0.18995 -0.34539 -0.91903 -0.16764 -0.54056 -0.82443 -0.16764 -0.54056 -0.82443 -0.05394 -0.53813 -0.84113 -0.14828 -0.70993 -0.68849 -0.03419 -0.71092 -0.70244 -0.03419 -0.71092 -0.70244 0.08032 -0.70253 -0.70711 -0.13283 -0.84499 -0.51802 -0.13283 -0.84499 -0.51802 -0.01843 -0.84872 -0.52852 -0.01843 -0.84872 -0.52852 0.09618 -0.84124 -0.53203 0.20951 -0.82266 -0.52852 0.33638 -0.9354 0.10902 0.33638 -0.9354 0.10902 0.2261 -0.96773 0.11123 0.2261 -0.96773 0.11122 0.11287 -0.98728 0.11196 -0.00185 -0.99379 0.11122 -0.00185 -0.99379 0.11123 -0.11658 -0.98718 0.10902 -0.11658 -0.98718 0.10902 0.33087 -0.88719 0.32158 0.33087 -0.88719 0.32158 0.22048 -0.91855 0.3281 0.22048 -0.91855 0.3281 0.10721 -0.93777 0.33028 -0.00747 -0.94461 0.3281 -0.00747 -0.94461 0.3281 -0.12209 -0.93898 0.32158 -0.12209 -0.93898 0.32158 0.32012 -0.7932 0.51802 0.32012 -0.7932 0.51802 0.20951 -0.82266 0.52852 0.20951 -0.82266 0.52852 0.09618 -0.84124 0.53203 -0.01843 -0.84872 0.52852 -0.01843 -0.84872 0.52852 -0.13283 -0.84499 0.51802 -0.13283 -0.84499 0.51802 0.37136 -0.27038 0.88825 0.37136 -0.27038 0.88825 0.26301 -0.29361 0.91903 0.26301 -0.29361 0.91903 0.15124 -0.31294 0.93765 0.15124 -0.31295 0.93765 0.03752 -0.32814 0.94388 -0.07671 -0.33901 0.93765 -0.07671 -0.339 0.93765 -0.18995 -0.34539 0.91903 -0.18995 -0.34539 0.91903 0.34803 -0.06626 0.93514 0.34803 -0.06626 0.93514 0.23886 -0.08242 0.96755 0.23886 -0.08242 0.96755 0.12661 -0.09748 0.98715 0.12661 -0.09748 0.98715 0.01272 -0.11124 0.99371 -0.10134 -0.12354 0.98715 -0.10134 -0.12354 0.98715 -0.2141 -0.1342 0.96755 -0.2141 -0.1342 0.96755 0.32409 0.1431 0.93514 0.32409 0.1431 0.93514 0.2141 0.1342 0.96755 0.2141 0.1342 0.96755 0.10134 0.12354 0.98715 0.10134 0.12354 0.98715 -0.01272 0.11124 0.99371 -0.12661 0.09748 0.98715 -0.12661 0.09748 0.98715 -0.23886 0.08242 0.96755 -0.23886 0.08242 0.96755 0.30076 0.34722 0.88825 0.30076 0.34722 0.88825 0.18995 0.34539 0.91903 0.18995 0.34539 0.91903 0.07671 0.339 0.93765 0.07671 0.33901 0.93765 -0.03752 0.32814 0.94388 -0.15124 0.31295 0.93765 -0.15124 0.31294 0.93765 -0.26301 0.29361 0.91903 -0.26301 0.29361 0.91903 0.13283 0.84499 0.51802 0.13283 0.84499 0.51802 0.01843 0.84872 0.52852 0.01843 0.84872 0.52852 -0.09618 0.84124 0.53203 -0.20951 0.82266 0.52852 -0.20951 0.82266 0.52852 -0.32012 0.7932 0.51802 -0.32012 0.7932 0.51802 0.12209 0.93898 0.32158 0.12209 0.93898 0.32158 0.00747 0.94461 0.3281 0.00747 0.94461 0.3281 -0.10721 0.93777 0.33028 -0.22048 0.91855 0.3281 -0.22048 0.91855 0.3281 -0.33087 0.88719 0.32158 -0.33087 0.88719 0.32158 0.11658 0.98718 0.10902 0.11658 0.98718 0.10902 0.00185 0.99379 0.11123 0.00185 0.99379 0.11122 -0.11287 0.98728 0.11196 -0.2261 0.96773 0.11122 -0.2261 0.96773 0.11123 -0.33638 0.9354 0.10902 -0.33638 0.9354 0.10902 0.32012 -0.7932 -0.51802 0.20951 -0.82266 -0.52852 0.19376 -0.68486 -0.70244 0.06043 -0.52859 -0.84672 -0.05394 -0.53813 -0.84113 -0.07671 -0.33901 -0.93765 -0.18995 -0.34539 -0.91903 -0.2141 -0.1342 -0.96755 -0.31532 -0.14245 -0.93823 -0.32995 -0.10233 -0.93843 -0.26048 -0.69954 -0.66543 -0.2583 -0.703 -0.66262 -0.28088 -0.53572 -0.79631 -0.28772 -0.52369 -0.80185 -0.29543 -0.34724 -0.89003 -0.30334 -0.32994 -0.89394 -0.31848 -0.20634 -0.9252 -0.23132 -0.96316 -0.13718 -0.23517 -0.92092 -0.31081 -0.12209 -0.93898 -0.32158 -0.12209 -0.93898 -0.32158 -0.00747 -0.94461 -0.3281 -0.00747 -0.94461 -0.3281 0.10721 -0.93777 -0.33028 0.22048 -0.91855 -0.3281 0.22048 -0.91855 -0.3281 0.33087 -0.88719 -0.32158 0.33087 -0.88719 -0.32158 0.42815 -0.84818 -0.31189 0.43611 -0.82385 -0.36205 -0.21278 -0.94057 -0.26466 -0.23891 -0.90102 -0.36205 -0.24555 -0.83008 -0.50067 -0.23287 -0.84633 -0.47906 -0.25239 -0.78585 -0.56457 0.33638 -0.9354 -0.10902 0.33638 -0.9354 -0.10902 0.2261 -0.96773 -0.11123 0.2261 -0.96773 -0.11122 0.11287 -0.98728 -0.11196 -0.00185 -0.99379 -0.11122 -0.00185 -0.99379 -0.11123 -0.11658 -0.98718 -0.10902 -0.11658 -0.98718 -0.10902 -0.22177 -0.96936 -0.10567 -0.27616 -0.57375 0.77107 -0.26048 -0.69954 0.66543 -0.14828 -0.70993 0.68849 -0.14828 -0.70993 0.68849 -0.03419 -0.71092 0.70244 -0.03419 -0.71092 0.70244 0.08032 -0.70253 0.70711 0.19376 -0.68486 0.70244 0.19376 -0.68486 0.70244 0.30468 -0.65814 0.68849 0.30468 -0.65814 0.68849 -0.24876 -0.67502 0.6946 -0.25686 -0.74584 0.61461 -0.24555 -0.83008 0.50067 -0.24092 -0.82369 0.51331 -0.24073 -0.9197 0.31017 -0.23888 -0.91863 0.31473 -0.22682 -0.96821 0.10548 -0.23006 -0.96841 0.09622 -0.23101 -0.97242 -0.03211 0.44002 -0.85874 -0.26258 0.44228 -0.89067 -0.10536 0.44228 -0.89067 -0.10536 0.44228 -0.89067 0.10536 0.44228 -0.89067 0.10536 0.43695 -0.84408 0.31081 0.43695 -0.84408 0.31081 0.42657 -0.75324 0.50067 0.42657 -0.75324 0.50067 0.41164 -0.6227 0.66543 0.39293 -0.45901 0.79682 0.28532 -0.48878 0.82443 0.28532 -0.48878 0.82443 0.17401 -0.51207 0.84113 0.17401 -0.51207 0.84113 0.06043 -0.52859 0.84672 -0.05394 -0.53813 0.84113 -0.05394 -0.53813 0.84113 -0.16764 -0.54057 0.82443 -0.16764 -0.54056 0.82443 -0.26998 -0.53652 0.79954 -0.40969 0.59601 0.6906 -0.39293 0.45901 0.79682 -0.28532 0.48878 0.82443 -0.28532 0.48878 0.82443 -0.17401 0.51207 0.84113 -0.17401 0.51207 0.84113 -0.06043 0.52859 0.84672 0.05394 0.53813 0.84113 0.05394 0.53813 0.84113 0.16764 0.54057 0.82443 0.16764 0.54056 0.82443 0.26998 0.53652 0.79954 0.2866 0.48459 0.82646 -0.37967 0.50268 0.77664 -0.38857 0.4074 0.82646 -0.37136 0.27038 0.88825 -0.36506 0.29394 0.88336 -0.35757 0.06477 0.93164 -0.34971 0.08904 0.93262 -0.32409 -0.1431 0.93514 -0.33017 -0.16629 0.92916 -0.29444 -0.34724 0.89035 -0.29905 -0.36864 0.88016 -0.2866 -0.48459 0.82646 0.14828 0.70993 0.68849 0.03419 0.71092 0.70244 0.03419 0.71092 0.70244 -0.08032 0.70253 0.70711 -0.19376 0.68486 0.70244 -0.19376 0.68486 0.70244 -0.30468 0.65814 0.68849 -0.40356 0.62574 0.66753 -0.44002 0.85874 -0.26258 -0.44228 0.89067 -0.10536 -0.33638 0.9354 -0.10902 -0.33638 0.9354 -0.10902 -0.2261 0.96773 -0.11123 -0.2261 0.96773 -0.11122 -0.11287 0.98728 -0.11196 0.00185 0.99379 -0.11122 0.00185 0.99379 -0.11123 0.11658 0.98718 -0.10902 0.11658 0.98718 -0.10902 -0.42981 0.89233 -0.13788 -0.44453 0.89519 -0.03211 -0.44228 0.89067 0.10536 -0.43902 0.8933 0.09637 -0.44026 0.84251 0.3104 -0.44188 0.84014 0.31449 -0.42256 0.75497 0.50146 -0.42617 0.74568 0.51219 -0.41857 0.66862 0.61461 -0.43611 0.82385 -0.36204 -0.42815 0.84818 -0.31189 -0.33087 0.88719 -0.32158 -0.33087 0.88719 -0.32158 -0.22048 0.91855 -0.3281 -0.22048 0.91855 -0.3281 -0.10721 0.93777 -0.33028 0.00747 0.94461 -0.3281 0.00747 0.94461 -0.3281 0.12209 0.93898 -0.32158 0.12209 0.93898 -0.32158 0.23517 0.92092 -0.31081 0.22984 0.96751 -0.10536 0.22984 0.96751 -0.10537 0.22984 0.96751 0.10536 0.22984 0.96751 0.10537 0.23517 0.92092 0.31081 0.23517 0.92092 0.31081 0.24555 0.83008 0.50067 0.24555 0.83008 0.50067 0.26048 0.69954 0.66543 0.27616 0.57375 0.77107 -0.42324 0.70861 -0.56457 0.34803 -0.06626 -0.93514 0.23886 -0.08242 -0.96755 0.2141 0.1342 -0.96755 0.10134 0.12354 -0.98715 0.07671 0.33901 -0.93765 -0.03752 0.32814 -0.94388 -0.17401 0.51207 -0.84113 -0.19376 0.68486 -0.70244 -0.30468 0.65814 -0.68849 -0.32012 0.7932 -0.51802 -0.41975 0.75617 -0.50202 -0.42902 0.76709 -0.47698 0.37136 -0.27038 -0.88825 0.26301 -0.29361 -0.91903 0.23886 -0.08242 -0.96755 0.12661 -0.09748 -0.98715 0.10134 0.12354 -0.98715 -0.01272 0.11124 -0.99371 -0.15124 0.31295 -0.93765 -0.17401 0.51207 -0.84113 -0.28532 0.48878 -0.82443 -0.30468 0.65814 -0.68849 -0.41017 0.62326 -0.66581 -0.41217 0.62586 -0.66213 0.39293 -0.45901 -0.79682 0.28532 -0.48878 -0.82443 0.26301 -0.29361 -0.91903 0.15124 -0.31295 -0.93765 0.12661 -0.09748 -0.98715 0.01272 -0.11124 -0.99371 -0.12661 0.09748 -0.98715 -0.15124 0.31294 -0.93765 -0.26301 0.29361 -0.91903 -0.28532 0.48878 -0.82443 -0.40017 0.45673 -0.79452 -0.39291 0.44697 -0.80364 0.41164 -0.6227 -0.66543 0.30468 -0.65814 -0.68849 0.28532 -0.48878 -0.82443 0.17401 -0.51207 -0.84113 0.15124 -0.31295 -0.93765 0.03752 -0.32814 -0.94388 -0.10134 -0.12354 -0.98715 -0.12661 0.09748 -0.98715 -0.23886 0.08242 -0.96755 -0.26301 0.29361 -0.91903 -0.37136 0.27038 -0.88825 -0.3624 0.25469 -0.89655 0.42657 -0.75324 -0.50067 0.32012 -0.7932 -0.51802 0.19376 -0.68486 -0.70244 0.17401 -0.51207 -0.84113 -0.07671 -0.33901 -0.93765 -0.10134 -0.12354 -0.98715 -0.2141 -0.1342 -0.96755 -0.23886 0.08242 -0.96755 -0.34803 0.06626 -0.93514 -0.32723 0.02762 -0.94454 -0.25576 -0.04135 -0.96586 -0.60431 -0.06217 -0.79432 -0.69387 -0.14343 -0.70567 -0.79508 -0.0909 -0.59966 -0.95513 -0.14429 -0.25866 -0.95495 -0.14357 -0.25972 -0.88323 -0.10099 -0.45793 -0.95261 -0.16038 0.25848 -0.98832 -0.11302 0.10224 -0.99206 -0.1134 -0.05437 -0.54384 -0.23352 0.80604 -0.75971 -0.08952 0.64407 -0.92686 -0.10349 0.36086 -0.24544 -0.02806 0.96901 -0.25576 -0.04135 0.96586 -0.70397 -0.06721 0.70705 0.20116 0.6566 0.72692 0.32773 0.60469 0.72591 0.40617 0.61334 0.67738 0.42645 0.66459 0.61357 0.49358 0.62307 0.60676 0.55711 0.63108 0.53979 0.6254 0.63733 0.4502 0.71169 0.64542 0.27735 0.71169 0.64542 0.27735 0.75365 0.65181 0.08459 0.72497 0.68662 0.0546 0.75606 0.65389 -0.0282 0.74199 0.64889 -0.16851 0.68097 0.72372 -0.11184 0.72425 0.64981 -0.23066 0.69355 0.64641 -0.31801 0.62982 0.68585 -0.3646 0.64401 0.63997 -0.41914 0.59218 0.63521 -0.49581 0.52021 0.62492 -0.58212 0.36389 0.60566 -0.70765 0.17148 0.64688 -0.74306 0.15835 0.58216 -0.7975 0.36389 0.60566 -0.70765 0.0833 0.57683 -0.81261 -0.00793 0.56587 -0.82446 -0.06953 0.60814 -0.79078 -0.11999 0.55306 -0.82446 -0.21135 0.54314 -0.81261 -0.28207 0.57759 -0.76605 -0.32003 0.52943 -0.78568 -0.4912 0.5079 -0.70765 -0.4912 0.5079 -0.70765 -0.64783 0.49138 -0.58212 -0.65076 0.52547 -0.54809 -0.72026 0.48517 -0.49581 -0.79426 0.47325 -0.38103 -0.73328 0.55597 -0.39141 -0.87637 0.46631 -0.12053 -0.83939 0.51913 -0.16104 -0.85222 0.46958 -0.23066 -0.82155 0.4732 -0.31802 -0.88132 0.46488 0.08459 -0.839 0.46814 0.27735 -0.839 0.46814 0.27735 -0.75311 0.47973 0.4502 -0.71594 0.5252 0.45999 -0.68517 0.48905 0.53979 -0.58295 0.49741 0.64246 -0.58758 0.58463 0.55942 -0.53412 0.50584 0.67738 -0.45575 0.51511 0.72591 -0.38329 0.56828 0.72811 0.26417 0.59426 0.75965 0.04839 0.56959 0.8205 0.04839 0.56959 0.8205 -0.1757 0.54397 0.8205 -0.1757 0.54397 0.8205 -0.35403 0.52571 0.7735 -0.58333 0.7712 -0.25491 -0.58333 0.7712 -0.25491 0.05396 0.84406 -0.53353 0.05396 0.84406 -0.53353 0.39421 0.88296 -0.25491 0.39421 0.88296 -0.25491 0.45465 0.88987 0.03781 0.42415 0.88638 0.18555 0.42415 0.88638 0.18555 0.35517 0.8785 0.31952 0.25285 0.8668 0.4298 0.12476 0.85215 0.5082 0.12476 0.85215 0.5082 -0.0196 0.83565 0.54891 -0.0196 0.83565 0.54891 -0.16951 0.81851 0.54891 -0.16951 0.81851 0.54891 -0.31387 0.80201 0.5082 -0.44196 0.78736 0.4298 -0.44196 0.78736 0.4298 -0.54429 0.77566 0.31952 -0.54429 0.77566 0.31952 -0.61326 0.76778 0.18555 -0.61326 0.76778 0.18555 -0.31652 0.94835 0.02125 -0.30329 0.95288 -0.0066 -0.28329 0.95484 -0.08964 -0.28329 0.95484 -0.08964 0.06047 0.99414 -0.08964 0.06047 0.99414 -0.08964 0.08172 0.99657 0.0133 0.08172 0.99657 0.0133 0.04674 0.99257 0.11236 0.01076 0.98845 0.15114 0.01076 0.98845 0.15114 -0.03429 0.9833 0.17871 -0.03429 0.9833 0.17871 -0.08505 0.9775 0.19303 -0.08505 0.9775 0.19303 -0.13777 0.97147 0.19303 -0.18853 0.96567 0.17871 -0.18853 0.96567 0.17871 -0.23357 0.96052 0.15114 -0.23357 0.96052 0.15114 -0.26956 0.95641 0.11236 -0.26956 0.95641 0.11236 -0.30454 0.95241 0.0133 -0.64376 0.76429 0.03781 -0.64376 0.76429 0.03781 -0.86123 0.50527 0.0546 -0.88414 0.46637 -0.0282 -0.08038 -0.99657 0.01985 -0.04674 -0.99257 0.11236 -0.01076 -0.98845 0.15114 -0.01076 -0.98845 0.15114 0.03429 -0.9833 0.17871 0.03429 -0.9833 0.17871 0.08505 -0.9775 0.19303 0.08505 -0.9775 0.19303 0.13777 -0.97147 0.19303 0.18853 -0.96567 0.17871 0.18853 -0.96567 0.17871 0.23357 -0.96052 0.15114 0.23357 -0.96052 0.15114 0.26956 -0.95641 0.11236 0.26956 -0.95641 0.11236 0.30454 -0.95241 0.0133 0.30454 -0.95241 0.0133 0.28329 -0.95484 -0.08964 0.28329 -0.95484 -0.08964 -0.06047 -0.99414 -0.08964 -0.06047 -0.99414 -0.08964 -0.08039 -0.99674 -0.0066 -0.09064 -0.99579 0.0139 0.0196 -0.83565 0.54891 -0.12476 -0.85215 0.5082 -0.12476 -0.85215 0.5082 -0.25285 -0.8668 0.4298 -0.35517 -0.8785 0.31952 -0.42415 -0.88638 0.18555 -0.42414 -0.88638 0.18555 -0.45465 -0.88987 0.03781 -0.39421 -0.88296 -0.25491 -0.39421 -0.88296 -0.25491 -0.05396 -0.84406 -0.53353 -0.05396 -0.84406 -0.53353 0.24308 -0.8101 -0.53353 0.58333 -0.7712 -0.25491 0.58333 -0.7712 -0.25491 0.64376 -0.76429 0.03781 0.64376 -0.76429 0.03781 0.61326 -0.76778 0.18555 0.61326 -0.76778 0.18555 0.54429 -0.77566 0.31952 0.54429 -0.77566 0.31952 0.44196 -0.78736 0.4298 0.44196 -0.78736 0.4298 0.31387 -0.80201 0.5082 0.16951 -0.81851 0.54891 0.16951 -0.81851 0.54891 0.0196 -0.83565 0.54891 0.5992 -0.60281 0.52685 0.60658 -0.40482 0.68424 0.72956 -0.54228 0.41674 0.74718 -0.45141 0.48781 0.82894 -0.49059 0.26868 0.83134 -0.48351 0.27403 0.88681 -0.45258 0.09348 0.86123 -0.50528 0.0546 0.8969 -0.43194 -0.09488 0.83939 -0.51913 -0.16104 0.85222 -0.46958 -0.23066 0.82155 -0.4732 -0.31801 0.71406 -0.57104 -0.40501 0.8212 -0.40822 -0.39873 0.62819 -0.53689 -0.56314 0.6681 -0.47937 -0.56907 0.4996 -0.51442 -0.69697 0.4847 -0.53501 -0.69197 0.33742 -0.50603 -0.79378 0.28207 -0.57759 -0.76605 0.21135 -0.54314 -0.81261 -0.72425 -0.64982 -0.23066 -0.69355 -0.64641 -0.31802 -0.62982 -0.68585 -0.3646 -0.65071 -0.61171 -0.44988 -0.52092 -0.61893 -0.58785 -0.36037 -0.61285 -0.70324 -0.36028 -0.63401 -0.68428 -0.16913 -0.54549 -0.82088 -0.18312 -0.65545 -0.7327 0.05175 -0.45269 -0.89017 -0.00512 -0.68133 -0.73196 0.11999 -0.55306 -0.82446 -0.66903 -0.73844 -0.08434 -0.79528 -0.57957 -0.17787 -0.71033 -0.69829 0.08845 -0.77057 -0.63478 0.0573 -0.70231 -0.65855 0.27033 -0.69594 -0.66436 0.27256 -0.64311 -0.62256 0.44591 -0.53624 -0.5935 0.60018 -0.42644 -0.66459 0.61357 -0.40617 -0.61334 0.67738 0.53412 -0.50583 0.67738 0.45575 -0.51511 0.72591 0.38329 -0.56828 0.72811 0.33779 -0.50208 0.79613 0.17627 -0.57528 0.79873 0.15583 -0.54742 0.82222 -0.04839 -0.56959 0.8205 -0.02149 -0.60307 0.7974 -0.28211 -0.54684 0.78828 -0.17969 -0.66406 0.72576 -0.32773 -0.60469 0.72591 0.12914 0.35683 -0.9252 0.1342 -0.2141 -0.96755 0.90102 -0.23891 -0.36204 -0.75324 -0.42657 -0.50067 -0.6227 -0.41164 -0.66543 -0.45901 -0.39293 -0.79682 -0.27038 -0.37136 -0.88825 -0.06626 -0.34803 -0.93514 0.10233 -0.32995 -0.93843 0.14245 -0.31532 -0.93823 0.34722 -0.30076 -0.88825 0.34722 -0.30076 -0.88825 0.34539 -0.18995 -0.91903 0.34539 -0.18995 -0.91903 0.33901 -0.07671 -0.93765 0.53585 -0.27919 -0.79682 0.54056 -0.16764 -0.82443 0.54056 -0.16764 -0.82443 0.53813 -0.05394 -0.84113 0.53813 -0.05394 -0.84113 0.69954 -0.26048 -0.66543 0.69954 -0.26048 -0.66543 0.70993 -0.14828 -0.68849 0.71092 -0.03419 -0.70244 0.71092 -0.03419 -0.70244 0.83008 -0.24555 -0.50067 0.83008 -0.24555 -0.50067 0.84872 -0.01843 -0.52852 0.84872 -0.01843 -0.52852 0.84124 0.09618 -0.53203 0.82266 0.20951 -0.52852 -0.34539 0.18995 -0.91903 -0.54056 0.16764 -0.82443 -0.54056 0.16764 -0.82443 -0.53813 0.05394 -0.84113 -0.71092 0.03419 -0.70244 -0.71092 0.03419 -0.70244 -0.84872 0.01843 -0.52852 -0.84872 0.01843 -0.52852 -0.84124 -0.09618 -0.53203 -0.82266 -0.20951 -0.52852 -0.9354 -0.33638 0.10902 -0.9354 -0.33638 0.10902 -0.96773 -0.2261 0.11123 -0.96773 -0.2261 0.11122 -0.99379 0.00185 0.11123 -0.98718 0.11658 0.10902 -0.98718 0.11658 0.10902 -0.88719 -0.33087 0.32158 -0.88719 -0.33087 0.32158 -0.91855 -0.22048 0.3281 -0.91855 -0.22048 0.3281 -0.93777 -0.10721 0.33028 -0.94461 0.00747 0.3281 -0.94461 0.00747 0.3281 -0.93898 0.12209 0.32158 -0.82266 -0.20951 0.52852 -0.82266 -0.20951 0.52852 -0.84124 -0.09618 0.53203 -0.84872 0.01843 0.52852 -0.27038 -0.37136 0.88825 -0.27038 -0.37136 0.88825 -0.29361 -0.26301 0.91903 -0.29361 -0.26301 0.91903 -0.31294 -0.15124 0.93765 -0.33901 0.07671 0.93765 -0.339 0.07671 0.93765 -0.34539 0.18995 0.91903 -0.06626 -0.34803 0.93514 -0.06626 -0.34803 0.93514 -0.08242 -0.23886 0.96755 -0.08242 -0.23886 0.96755 -0.09748 -0.12661 0.98715 -0.09748 -0.12661 0.98715 -0.11124 -0.01272 0.99371 -0.12354 0.10134 0.98715 -0.12354 0.10134 0.98715 -0.1342 0.2141 0.96755 -0.1342 0.2141 0.96755 0.1431 -0.32409 0.93514 0.1431 -0.32409 0.93514 0.1342 -0.2141 0.96755 0.1342 -0.2141 0.96755 0.12354 -0.10134 0.98715 0.12354 -0.10134 0.98715 0.11124 0.01272 0.99371 0.09748 0.12661 0.98715 0.09748 0.12661 0.98715 0.08242 0.23886 0.96755 0.08242 0.23886 0.96755 0.34722 -0.30076 0.88825 0.34722 -0.30076 0.88825 0.34539 -0.18995 0.91903 0.339 -0.07671 0.93765 0.33901 -0.07671 0.93765 0.31294 0.15124 0.93765 0.29361 0.26301 0.91903 0.29361 0.26301 0.91903 0.84872 -0.01843 0.52852 0.84124 0.09618 0.53203 0.82266 0.20951 0.52852 0.82266 0.20951 0.52852 0.93898 -0.12209 0.32158 0.94461 -0.00747 0.3281 0.94461 -0.00747 0.3281 0.93777 0.10721 0.33028 0.91855 0.22048 0.3281 0.91855 0.22048 0.3281 0.88719 0.33087 0.32158 0.88719 0.33087 0.32158 0.98718 -0.11658 0.10902 0.98718 -0.11658 0.10902 0.99379 -0.00185 0.11123 0.96773 0.2261 0.11122 0.96773 0.2261 0.11123 0.9354 0.33638 0.10902 0.9354 0.33638 0.10902 -0.53813 0.05394 -0.84113 -0.33901 0.07671 -0.93765 -0.34539 0.18995 -0.91903 -0.1342 0.2141 -0.96755 -0.14245 0.31532 -0.93823 -0.10233 0.32995 -0.93843 -0.69954 0.26048 -0.66543 -0.703 0.2583 -0.66262 -0.53572 0.28088 -0.79631 -0.52369 0.28772 -0.80185 -0.34724 0.29543 -0.89003 -0.32994 0.30334 -0.89394 -0.96316 0.23132 -0.13718 -0.93898 0.12209 -0.32158 -0.93898 0.12209 -0.32158 -0.94461 0.00747 -0.3281 -0.94461 0.00747 -0.3281 -0.93777 -0.10721 -0.33028 -0.91855 -0.22048 -0.3281 -0.91855 -0.22048 -0.3281 -0.88719 -0.33087 -0.32158 -0.82385 -0.43611 -0.36205 -0.90102 0.23891 -0.36205 -0.83008 0.24555 -0.50067 -0.84633 0.23287 -0.47906 -0.78585 0.25239 -0.56457 -0.9354 -0.33638 -0.10902 -0.9354 -0.33638 -0.10902 -0.96773 -0.2261 -0.11123 -0.99379 0.00185 -0.11122 -0.99379 0.00185 -0.11123 -0.98718 0.11658 -0.10902 -0.98718 0.11658 -0.10902 -0.96936 0.22177 -0.10567 -0.70993 0.14828 0.68849 -0.70993 0.14828 0.68849 -0.71092 0.03419 0.70244 -0.68486 -0.19376 0.70244 -0.68486 -0.19376 0.70244 -0.65814 -0.30468 0.68849 -0.67502 0.24876 0.6946 -0.74584 0.25686 0.61461 -0.83008 0.24555 0.50067 -0.82369 0.24092 0.51331 -0.9197 0.24073 0.31017 -0.91863 0.23888 0.31473 -0.96821 0.22682 0.10548 -0.96841 0.23006 0.09622 -0.97242 0.23101 -0.03211 -0.89067 -0.44228 -0.10536 -0.89067 -0.44228 -0.10536 -0.89067 -0.44228 0.10536 -0.89067 -0.44228 0.10536 -0.84408 -0.43695 0.31081 -0.84408 -0.43695 0.31081 -0.75324 -0.42657 0.50067 -0.75324 -0.42657 0.50067 -0.6227 -0.41164 0.66543 -0.48878 -0.28532 0.82443 -0.48878 -0.28532 0.82443 -0.51207 -0.17401 0.84113 -0.51207 -0.17401 0.84113 -0.53813 0.05394 0.84113 -0.53813 0.05394 0.84113 -0.54057 0.16764 0.82443 -0.54056 0.16764 0.82443 0.59601 0.40969 0.6906 0.48878 0.28532 0.82443 0.48878 0.28532 0.82443 0.51207 0.17401 0.84113 0.51207 0.17401 0.84113 0.53813 -0.05394 0.84113 0.53813 -0.05394 0.84113 0.54057 -0.16764 0.82443 0.54056 -0.16764 0.82443 0.27038 0.37136 0.88825 0.29394 0.36506 0.88336 0.06477 0.35757 0.93164 0.08904 0.34971 0.93262 -0.1431 0.32409 0.93514 -0.16629 0.33017 0.92916 -0.34724 0.29444 0.89035 -0.36864 0.29905 0.88016 0.70993 -0.14828 0.68849 0.71092 -0.03419 0.70244 0.68486 0.19376 0.70244 0.68486 0.19376 0.70244 0.62574 0.40356 0.66753 0.89067 0.44228 -0.10536 0.9354 0.33638 -0.10902 0.9354 0.33638 -0.10902 0.96773 0.2261 -0.11123 0.99379 -0.00185 -0.11122 0.99379 -0.00185 -0.11123 0.98718 -0.11658 -0.10902 0.98718 -0.11658 -0.10902 0.89233 0.42981 -0.13788 0.89519 0.44453 -0.03211 0.89067 0.44228 0.10536 0.8933 0.43902 0.09637 0.84251 0.44026 0.3104 0.84014 0.44188 0.31449 0.75497 0.42256 0.50146 0.74568 0.42617 0.51219 0.66862 0.41857 0.61461 0.82385 0.43611 -0.36204 0.88719 0.33087 -0.32158 0.91855 0.22048 -0.3281 0.91855 0.22048 -0.3281 0.93777 0.10721 -0.33028 0.94461 -0.00747 -0.3281 0.94461 -0.00747 -0.3281 0.93898 -0.12209 -0.32158 0.93898 -0.12209 -0.32158 0.96751 -0.22984 -0.10536 0.96751 -0.22984 -0.10537 0.96751 -0.22984 0.10536 0.96751 -0.22984 0.10537 0.92092 -0.23517 0.31081 0.92092 -0.23517 0.31081 0.83008 -0.24555 0.50067 0.83008 -0.24555 0.50067 0.70861 0.42324 -0.56457 -0.06626 -0.34803 -0.93514 -0.08242 -0.23886 -0.96755 0.1342 -0.2141 -0.96755 0.12354 -0.10134 -0.98715 0.51207 0.17401 -0.84113 0.68486 0.19376 -0.70244 0.65814 0.30468 -0.68849 0.75617 0.41975 -0.50202 0.76709 0.42902 -0.47698 -0.27038 -0.37136 -0.88825 -0.08242 -0.23886 -0.96755 -0.09748 -0.12661 -0.98715 0.12354 -0.10134 -0.98715 0.11124 0.01272 -0.99371 0.31295 0.15124 -0.93765 0.51207 0.17401 -0.84113 0.48878 0.28532 -0.82443 0.65814 0.30468 -0.68849 0.62326 0.41017 -0.66581 0.62586 0.41217 -0.66213 -0.45901 -0.39293 -0.79682 -0.48878 -0.28532 -0.82443 -0.29361 -0.26301 -0.91903 -0.31295 -0.15124 -0.93765 -0.09748 -0.12661 -0.98715 -0.11124 -0.01272 -0.99371 0.09748 0.12661 -0.98715 0.31294 0.15124 -0.93765 0.29361 0.26301 -0.91903 0.48878 0.28532 -0.82443 0.45673 0.40017 -0.79452 0.44697 0.39291 -0.80364 -0.6227 -0.41164 -0.66543 -0.65814 -0.30468 -0.68849 -0.48878 -0.28532 -0.82443 -0.51207 -0.17401 -0.84113 -0.31295 -0.15124 -0.93765 -0.12354 0.10134 -0.98715 0.09748 0.12661 -0.98715 0.08242 0.23886 -0.96755 0.27038 0.37136 -0.88825 0.25469 0.3624 -0.89655 -0.75324 -0.42657 -0.50067 -0.68486 -0.19376 -0.70244 -0.51207 -0.17401 -0.84113 -0.12354 0.10134 -0.98715 -0.1342 0.2141 -0.96755 0.08242 0.23886 -0.96755 0.06626 0.34803 -0.93514 0.02762 0.32723 -0.94454 -0.04135 0.25576 -0.96586 -0.06217 0.60431 -0.79432 -0.14343 0.69387 -0.70567 -0.0909 0.79508 -0.59966 -0.14429 0.95513 -0.25866 -0.14357 0.95495 -0.25972 -0.10099 0.88323 -0.45793 -0.16038 0.95261 0.25848 -0.11302 0.98832 0.10225 -0.1134 0.99206 -0.05437 -0.23352 0.54384 0.80604 -0.08952 0.75971 0.64407 -0.10349 0.92686 0.36087 -0.02806 0.24544 0.96901 -0.04135 0.25576 0.96586 -0.06721 0.70397 0.70705 0.6566 -0.20116 0.72692 0.60469 -0.32773 0.72591 0.61334 -0.40617 0.67738 0.66459 -0.42645 0.61357 0.62307 -0.49358 0.60676 0.63108 -0.55711 0.53979 0.63733 -0.6254 0.4502 0.64542 -0.71169 0.27735 0.64542 -0.71169 0.27735 0.65181 -0.75365 0.08459 0.68662 -0.72497 0.0546 0.65389 -0.75606 -0.0282 0.64889 -0.74199 -0.16851 0.72372 -0.68097 -0.11184 0.64981 -0.72425 -0.23066 0.64641 -0.69355 -0.31801 0.68585 -0.62982 -0.3646 0.63997 -0.64401 -0.41914 0.63521 -0.59218 -0.49581 0.62492 -0.52021 -0.58212 0.60566 -0.36389 -0.70765 0.60566 -0.36389 -0.70765 0.58216 -0.15835 -0.7975 0.64688 -0.17148 -0.74306 0.57683 -0.0833 -0.81261 0.55678 0.06365 -0.82822 0.65501 0.02289 -0.75527 0.55306 0.11999 -0.82446 0.54314 0.21135 -0.81261 0.57759 0.28207 -0.76605 0.52943 0.32003 -0.78568 0.5079 0.4912 -0.70765 0.5079 0.4912 -0.70765 0.49138 0.64783 -0.58212 0.52547 0.65076 -0.54809 0.48517 0.72026 -0.49581 0.47325 0.79426 -0.38103 0.55597 0.73328 -0.39141 0.46631 0.87637 -0.12053 0.51913 0.83939 -0.16104 0.46958 0.85222 -0.23066 0.4732 0.82155 -0.31802 0.46488 0.88132 0.08459 0.46814 0.839 0.27735 0.46814 0.839 0.27735 0.47973 0.75311 0.4502 0.5252 0.71594 0.45999 0.48905 0.68517 0.53979 0.49741 0.58295 0.64246 0.58463 0.58758 0.55942 0.50584 0.53412 0.67738 0.51511 0.45575 0.72591 0.56828 0.38329 0.72811 0.59426 -0.26417 0.75965 0.56959 -0.04839 0.8205 0.56959 -0.04839 0.8205 0.54397 0.1757 0.8205 0.54397 0.1757 0.8205 0.52571 0.35403 0.7735 0.7712 0.58333 -0.25491 0.7712 0.58333 -0.25491 0.84406 -0.05396 -0.53353 0.84406 -0.05396 -0.53353 0.88296 -0.39421 -0.25491 0.88296 -0.39421 -0.25491 0.88987 -0.45465 0.03781 0.88638 -0.42415 0.18555 0.88638 -0.42415 0.18555 0.8785 -0.35517 0.31952 0.8668 -0.25285 0.4298 0.85215 -0.12476 0.5082 0.85215 -0.12476 0.5082 0.83565 0.0196 0.54891 0.83565 0.0196 0.54891 0.81851 0.16951 0.54891 0.81851 0.16951 0.54891 0.80201 0.31387 0.5082 0.78736 0.44196 0.4298 0.78736 0.44196 0.4298 0.77566 0.54429 0.31952 0.77566 0.54429 0.31952 0.76778 0.61326 0.18555 0.76778 0.61326 0.18555 0.94835 0.31652 0.02125 0.95288 0.30329 -0.0066 0.95484 0.28329 -0.08964 0.95484 0.28329 -0.08964 0.99414 -0.06047 -0.08964 0.99414 -0.06047 -0.08964 0.99657 -0.08172 0.0133 0.99657 -0.08172 0.0133 0.99257 -0.04674 0.11236 0.98845 -0.01076 0.15114 0.98845 -0.01076 0.15114 0.9833 0.03429 0.17871 0.9833 0.03429 0.17871 0.9775 0.08505 0.19303 0.9775 0.08505 0.19303 0.97147 0.13777 0.19303 0.96567 0.18853 0.17871 0.96567 0.18853 0.17871 0.96052 0.23357 0.15114 0.96052 0.23357 0.15114 0.95641 0.26956 0.11236 0.95641 0.26956 0.11236 0.95241 0.30454 0.0133 0.76429 0.64376 0.03781 0.76429 0.64376 0.03781 0.50527 0.86123 0.0546 0.46637 0.88414 -0.0282 -0.99657 0.08038 0.01985 -0.99257 0.04674 0.11236 -0.98845 0.01076 0.15114 -0.98845 0.01076 0.15114 -0.9833 -0.03429 0.17871 -0.9833 -0.03429 0.17871 -0.9775 -0.08505 0.19303 -0.9775 -0.08505 0.19303 -0.97147 -0.13777 0.19303 -0.96567 -0.18853 0.17871 -0.96567 -0.18853 0.17871 -0.96052 -0.23357 0.15114 -0.96052 -0.23357 0.15114 -0.95641 -0.26956 0.11236 -0.95641 -0.26956 0.11236 -0.95241 -0.30454 0.0133 -0.95241 -0.30454 0.0133 -0.95484 -0.28329 -0.08964 -0.95484 -0.28329 -0.08964 -0.99414 0.06047 -0.08964 -0.99414 0.06047 -0.08964 -0.99674 0.08039 -0.0066 -0.99579 0.09064 0.0139 -0.83565 -0.0196 0.54891 -0.85215 0.12476 0.5082 -0.85215 0.12476 0.5082 -0.8668 0.25285 0.4298 -0.8785 0.35517 0.31952 -0.88638 0.42415 0.18555 -0.88638 0.42414 0.18555 -0.88987 0.45465 0.03781 -0.88296 0.39421 -0.25491 -0.88296 0.39421 -0.25491 -0.84406 0.05396 -0.53353 -0.84406 0.05396 -0.53353 -0.8101 -0.24308 -0.53353 -0.7712 -0.58333 -0.25491 -0.7712 -0.58333 -0.25491 -0.76429 -0.64376 0.03781 -0.76429 -0.64376 0.03781 -0.76778 -0.61326 0.18555 -0.76778 -0.61326 0.18555 -0.77566 -0.54429 0.31952 -0.77566 -0.54429 0.31952 -0.78736 -0.44196 0.4298 -0.78736 -0.44196 0.4298 -0.80201 -0.31387 0.5082 -0.81851 -0.16951 0.54891 -0.81851 -0.16951 0.54891 -0.83565 -0.0196 0.54891 -0.60281 -0.5992 0.52685 -0.40482 -0.60658 0.68424 -0.54228 -0.72956 0.41674 -0.45141 -0.74718 0.48781 -0.49059 -0.82894 0.26868 -0.48351 -0.83134 0.27403 -0.45258 -0.88681 0.09348 -0.50528 -0.86123 0.0546 -0.43194 -0.8969 -0.09488 -0.51913 -0.83939 -0.16104 -0.46958 -0.85222 -0.23066 -0.4732 -0.82155 -0.31801 -0.57104 -0.71406 -0.40501 -0.40822 -0.8212 -0.39873 -0.53689 -0.62819 -0.56314 -0.47937 -0.6681 -0.56907 -0.51442 -0.4996 -0.69697 -0.53501 -0.4847 -0.69197 -0.50603 -0.33742 -0.79378 -0.57759 -0.28207 -0.76605 -0.54314 -0.21135 -0.81261 -0.64982 0.72425 -0.23066 -0.64641 0.69355 -0.31802 -0.68585 0.62982 -0.3646 -0.61171 0.65071 -0.44988 -0.61893 0.52092 -0.58785 -0.61285 0.36037 -0.70324 -0.63401 0.36028 -0.68428 -0.54549 0.16913 -0.82088 -0.65545 0.18312 -0.7327 -0.45269 -0.05175 -0.89017 -0.68133 0.00512 -0.73196 -0.55306 -0.11999 -0.82446 -0.73844 0.66903 -0.08434 -0.57957 0.79528 -0.17787 -0.69829 0.71033 0.08845 -0.63478 0.77057 0.0573 -0.65855 0.70231 0.27033 -0.66436 0.69594 0.27256 -0.62256 0.64311 0.44591 -0.5935 0.53624 0.60018 -0.66459 0.42644 0.61357 -0.61334 0.40617 0.67738 -0.50583 -0.53412 0.67738 -0.51511 -0.45575 0.72591 -0.56828 -0.38329 0.72811 -0.50208 -0.33779 0.79613 -0.57528 -0.17627 0.79873 -0.54742 -0.15583 0.82222 -0.56959 0.04839 0.8205 -0.60307 0.02149 0.7974 -0.54684 0.28211 0.78828 -0.66406 0.17969 0.72576 -0.60469 0.32773 0.72591 0.35683 -0.12914 -0.9252 -0.2141 -0.1342 -0.96755 -0.23891 -0.90102 -0.36204 -0.42657 0.75324 -0.50067 -0.41164 0.6227 -0.66543 -0.39293 0.45901 -0.79682 -0.37136 0.27038 -0.88825 -0.34803 0.06626 -0.93514 -0.32995 -0.10233 -0.93843 -0.31532 -0.14245 -0.93823 -0.30076 -0.34722 -0.88825 -0.30076 -0.34722 -0.88825 -0.18995 -0.34539 -0.91903 -0.18995 -0.34539 -0.91903 -0.07671 -0.33901 -0.93765 -0.27919 -0.53585 -0.79682 -0.16764 -0.54056 -0.82443 -0.16764 -0.54056 -0.82443 -0.05394 -0.53813 -0.84113 -0.05394 -0.53813 -0.84113 -0.26048 -0.69954 -0.66543 -0.26048 -0.69954 -0.66543 -0.14828 -0.70993 -0.68849 -0.03419 -0.71092 -0.70244 -0.03419 -0.71092 -0.70244 -0.24555 -0.83008 -0.50067 -0.24555 -0.83008 -0.50067 -0.01843 -0.84872 -0.52852 -0.01843 -0.84872 -0.52852 0.09618 -0.84124 -0.53203 0.20951 -0.82266 -0.52852 0.18995 0.34539 -0.91903 0.16764 0.54056 -0.82443 0.16764 0.54056 -0.82443 0.05394 0.53813 -0.84113 0.03419 0.71092 -0.70244 0.03419 0.71092 -0.70244 0.01843 0.84872 -0.52852 0.01843 0.84872 -0.52852 -0.09618 0.84124 -0.53203 -0.20951 0.82266 -0.52852 -0.33638 0.9354 0.10902 -0.33638 0.9354 0.10902 -0.2261 0.96773 0.11123 -0.2261 0.96773 0.11122 0.00185 0.99379 0.11123 0.11658 0.98718 0.10902 0.11658 0.98718 0.10902 -0.33087 0.88719 0.32158 -0.33087 0.88719 0.32158 -0.22048 0.91855 0.3281 -0.22048 0.91855 0.3281 -0.10721 0.93777 0.33028 0.00747 0.94461 0.3281 0.00747 0.94461 0.3281 0.12209 0.93898 0.32158 -0.20951 0.82266 0.52852 -0.20951 0.82266 0.52852 -0.09618 0.84124 0.53203 0.01843 0.84872 0.52852 -0.37136 0.27038 0.88825 -0.37136 0.27038 0.88825 -0.26301 0.29361 0.91903 -0.26301 0.29361 0.91903 -0.15124 0.31294 0.93765 0.07671 0.33901 0.93765 0.07671 0.339 0.93765 0.18995 0.34539 0.91903 -0.34803 0.06626 0.93514 -0.34803 0.06626 0.93514 -0.23886 0.08242 0.96755 -0.23886 0.08242 0.96755 -0.12661 0.09748 0.98715 -0.12661 0.09748 0.98715 -0.01272 0.11124 0.99371 0.10134 0.12354 0.98715 0.10134 0.12354 0.98715 0.2141 0.1342 0.96755 0.2141 0.1342 0.96755 -0.32409 -0.1431 0.93514 -0.32409 -0.1431 0.93514 -0.2141 -0.1342 0.96755 -0.2141 -0.1342 0.96755 -0.10134 -0.12354 0.98715 -0.10134 -0.12354 0.98715 0.01272 -0.11124 0.99371 0.12661 -0.09748 0.98715 0.12661 -0.09748 0.98715 0.23886 -0.08242 0.96755 0.23886 -0.08242 0.96755 -0.30076 -0.34722 0.88825 -0.30076 -0.34722 0.88825 -0.18995 -0.34539 0.91903 -0.07671 -0.339 0.93765 -0.07671 -0.33901 0.93765 0.15124 -0.31294 0.93765 0.26301 -0.29361 0.91903 0.26301 -0.29361 0.91903 -0.01843 -0.84872 0.52852 0.09618 -0.84124 0.53203 0.20951 -0.82266 0.52852 0.20951 -0.82266 0.52852 -0.12209 -0.93898 0.32158 -0.00747 -0.94461 0.3281 -0.00747 -0.94461 0.3281 0.10721 -0.93777 0.33028 0.22048 -0.91855 0.3281 0.22048 -0.91855 0.3281 0.33087 -0.88719 0.32158 0.33087 -0.88719 0.32158 -0.11658 -0.98718 0.10902 -0.11658 -0.98718 0.10902 -0.00185 -0.99379 0.11123 0.2261 -0.96773 0.11122 0.2261 -0.96773 0.11123 0.33638 -0.9354 0.10902 0.33638 -0.9354 0.10902 0.05394 0.53813 -0.84113 0.07671 0.33901 -0.93765 0.18995 0.34539 -0.91903 0.2141 0.1342 -0.96755 0.31532 0.14245 -0.93823 0.32995 0.10233 -0.93843 0.26048 0.69954 -0.66543 0.2583 0.703 -0.66262 0.28088 0.53572 -0.79631 0.28772 0.52369 -0.80185 0.29543 0.34724 -0.89003 0.30334 0.32994 -0.89394 0.23132 0.96316 -0.13718 0.12209 0.93898 -0.32158 0.12209 0.93898 -0.32158 0.00747 0.94461 -0.3281 0.00747 0.94461 -0.3281 -0.10721 0.93777 -0.33028 -0.22048 0.91855 -0.3281 -0.22048 0.91855 -0.3281 -0.33087 0.88719 -0.32158 -0.43611 0.82385 -0.36205 0.23891 0.90102 -0.36205 0.24555 0.83008 -0.50067 0.23287 0.84633 -0.47906 0.25239 0.78585 -0.56457 -0.33638 0.9354 -0.10902 -0.33638 0.9354 -0.10902 -0.2261 0.96773 -0.11123 0.00185 0.99379 -0.11122 0.00185 0.99379 -0.11123 0.11658 0.98718 -0.10902 0.11658 0.98718 -0.10902 0.22177 0.96936 -0.10567 0.14828 0.70993 0.68849 0.14828 0.70993 0.68849 0.03419 0.71092 0.70244 -0.19376 0.68486 0.70244 -0.19376 0.68486 0.70244 -0.30468 0.65814 0.68849 0.24876 0.67502 0.6946 0.25686 0.74584 0.61461 0.24555 0.83008 0.50067 0.24092 0.82369 0.51331 0.24073 0.9197 0.31017 0.23888 0.91863 0.31473 0.22682 0.96821 0.10548 0.23006 0.96841 0.09622 0.23101 0.97242 -0.03211 -0.44228 0.89067 -0.10536 -0.44228 0.89067 -0.10536 -0.44228 0.89067 0.10536 -0.44228 0.89067 0.10536 -0.43695 0.84408 0.31081 -0.43695 0.84408 0.31081 -0.42657 0.75324 0.50067 -0.42657 0.75324 0.50067 -0.41164 0.6227 0.66543 -0.28532 0.48878 0.82443 -0.28532 0.48878 0.82443 -0.17401 0.51207 0.84113 -0.17401 0.51207 0.84113 0.05394 0.53813 0.84113 0.05394 0.53813 0.84113 0.16764 0.54057 0.82443 0.16764 0.54056 0.82443 0.40969 -0.59601 0.6906 0.28532 -0.48878 0.82443 0.28532 -0.48878 0.82443 0.17401 -0.51207 0.84113 0.17401 -0.51207 0.84113 -0.05394 -0.53813 0.84113 -0.05394 -0.53813 0.84113 -0.16764 -0.54057 0.82443 -0.16764 -0.54056 0.82443 0.37136 -0.27038 0.88825 0.36506 -0.29394 0.88336 0.35757 -0.06477 0.93164 0.34971 -0.08904 0.93262 0.32409 0.1431 0.93514 0.33017 0.16629 0.92916 0.29444 0.34724 0.89035 0.29905 0.36864 0.88016 -0.14828 -0.70993 0.68849 -0.03419 -0.71092 0.70244 0.19376 -0.68486 0.70244 0.19376 -0.68486 0.70244 0.40356 -0.62574 0.66753 0.44228 -0.89067 -0.10536 0.33638 -0.9354 -0.10902 0.33638 -0.9354 -0.10902 0.2261 -0.96773 -0.11123 -0.00185 -0.99379 -0.11122 -0.00185 -0.99379 -0.11123 -0.11658 -0.98718 -0.10902 -0.11658 -0.98718 -0.10902 0.42981 -0.89233 -0.13788 0.44453 -0.89519 -0.03211 0.44228 -0.89067 0.10536 0.43902 -0.8933 0.09637 0.44026 -0.84251 0.3104 0.44188 -0.84014 0.31449 0.42256 -0.75497 0.50146 0.42617 -0.74568 0.51219 0.41857 -0.66862 0.61461 0.43611 -0.82385 -0.36204 0.33087 -0.88719 -0.32158 0.22048 -0.91855 -0.3281 0.22048 -0.91855 -0.3281 0.10721 -0.93777 -0.33028 -0.00747 -0.94461 -0.3281 -0.00747 -0.94461 -0.3281 -0.12209 -0.93898 -0.32158 -0.12209 -0.93898 -0.32158 -0.22984 -0.96751 -0.10536 -0.22984 -0.96751 -0.10537 -0.22984 -0.96751 0.10536 -0.22984 -0.96751 0.10537 -0.23517 -0.92092 0.31081 -0.23517 -0.92092 0.31081 -0.24555 -0.83008 0.50067 -0.24555 -0.83008 0.50067 0.42324 -0.70861 -0.56457 -0.34803 0.06626 -0.93514 -0.23886 0.08242 -0.96755 -0.2141 -0.1342 -0.96755 -0.10134 -0.12354 -0.98715 0.17401 -0.51207 -0.84113 0.19376 -0.68486 -0.70244 0.30468 -0.65814 -0.68849 0.41975 -0.75617 -0.50202 0.42902 -0.76709 -0.47698 -0.37136 0.27038 -0.88825 -0.23886 0.08242 -0.96755 -0.12661 0.09748 -0.98715 -0.10134 -0.12354 -0.98715 0.01272 -0.11124 -0.99371 0.15124 -0.31295 -0.93765 0.17401 -0.51207 -0.84113 0.28532 -0.48878 -0.82443 0.30468 -0.65814 -0.68849 0.41017 -0.62326 -0.66581 0.41217 -0.62586 -0.66213 -0.39293 0.45901 -0.79682 -0.28532 0.48878 -0.82443 -0.26301 0.29361 -0.91903 -0.15124 0.31295 -0.93765 -0.12661 0.09748 -0.98715 -0.01272 0.11124 -0.99371 0.12661 -0.09748 -0.98715 0.15124 -0.31294 -0.93765 0.26301 -0.29361 -0.91903 0.28532 -0.48878 -0.82443 0.40017 -0.45673 -0.79452 0.39291 -0.44697 -0.80364 -0.41164 0.6227 -0.66543 -0.30468 0.65814 -0.68849 -0.28532 0.48878 -0.82443 -0.17401 0.51207 -0.84113 -0.15124 0.31295 -0.93765 0.10134 0.12354 -0.98715 0.12661 -0.09748 -0.98715 0.23886 -0.08242 -0.96755 0.37136 -0.27038 -0.88825 0.3624 -0.25469 -0.89655 -0.42657 0.75324 -0.50067 -0.19376 0.68486 -0.70244 -0.17401 0.51207 -0.84113 0.10134 0.12354 -0.98715 0.2141 0.1342 -0.96755 0.23886 -0.08242 -0.96755 0.34803 -0.06626 -0.93514 0.32723 -0.02762 -0.94454 -0 -0 -1 -0.99353 0.1136 0 -0.9965 -0.08358 0 -0.94225 -0.33491 0 -0.93853 -0.34515 0.00585 -0.96026 -0.27894 -0.00983 -0.92194 -0.3872 0.01067 -0.94196 -0.33569 -0.00355 -0.89735 -0.44131 0.0031 -0.91124 -0.41185 -0.00421 -0.86925 -0.49437 0.00284 -0.8775 -0.47958 0 -0.98872 -0.14978 0 -0.97505 -0.22173 0.01063 -0.98151 -0.19138 0.00155 -0.96482 -0.26289 -0 -0.9559 -0.29369 0 -0.99978 -0.0197 0.00767 -0.99938 -0.03509 0.00374 -0.99958 0.02898 -0 -0.96238 0.27171 0 -0.96305 0.26933 -0.00039 -0.97994 0.19927 0.0004 -0.9776 0.21045 0.0021 -0.99343 0.11443 -0.00355 -0.98709 0.15996 0.00828 -0.99847 0.05502 -0.00619 -0.99447 0.10494 0.00299 -0.99818 0.06025 0 0.1136 0.99353 -0 -0.08358 0.9965 -0 -0.33491 0.94225 -0 -0.34515 0.93853 0.00585 -0.27894 0.96026 -0.00983 -0.3872 0.92194 0.01067 -0.33569 0.94196 -0.00355 -0.44131 0.89735 0.0031 -0.41185 0.91124 -0.00421 -0.49437 0.86925 0.00284 -0.47958 0.8775 -0 -0.14978 0.98872 0 -0.22173 0.97505 0.01063 -0.19138 0.98151 0.00155 -0.26289 0.96482 -0 -0.29369 0.9559 0 -0.0197 0.99978 0.00767 -0.03509 0.99938 0.00374 0.02898 0.99958 -0 0.27171 0.96238 -0 0.26933 0.96305 -0.00039 0.19927 0.97994 0.0004 0.21045 0.9776 0.0021 0.11443 0.99343 -0.00355 0.15996 0.98709 0.00828 0.05502 0.99847 -0.00619 0.10494 0.99447 0.00299 0.06025 0.99818 0 0.00527 0.30235 0.95318 0.01628 0.29499 0.95536 -0.00218 0.30257 0.95313 -0.01021 0.30258 0.95307 -0.00453 0.30267 0.95309 -0.01087 0.30248 0.95309 -0.00106 0.30303 0.95298 0.00624 0.30393 0.95267 0.00483 0.30274 0.95306 0.02475 0.30187 0.95303 -0.06254 0.29609 0.95311 -0.06725 0.29546 0.95299 -0.07468 0.29468 0.95267 -0.07301 0.29383 0.95307 -0.09223 0.28851 0.95303 -0.06381 0.29587 0.9531 -0.0727 0.29353 0.95318 -0.08261 0.28428 0.95518 -0.07041 0.29459 0.95303 -0.06051 0.29658 0.95309 -0.05645 0.29743 0.95307 -0.03429 0.29992 0.95335 -0.03428 0.29993 0.95335 -0.01213 0.30249 0.95307 0.60222 -0.04758 -0.79691 0.38565 -0.0316 -0.9221 0.38954 0.12456 -0.91255 0.37945 0.10776 -0.91891 0.39749 0.09697 -0.91247 0.40834 0.09385 -0.90799 0.40203 0.07452 -0.91259 0.40673 0.04652 -0.91237 0.40673 0.04652 -0.91237 0.50558 -0.05121 -0.86126 0.40818 -0.02331 -0.9126 0.40938 0.00076 -0.91237 0.4224 -0.00489 -0.9064 0.40847 0.01816 -0.91259 0.73315 -0.06956 -0.6765 0.68444 -0.06435 -0.72622 0.93057 -0.05979 -0.3612 0.93128 -0.05694 -0.35983 0.9369 -0.03632 -0.3477 0.93455 -0.04166 -0.35339 0.92084 -0.06171 -0.38503 0.87877 -0.08297 -0.46998 0.7913 -0.04182 -0.60999 0.93265 -0.0014 -0.36078 0.9296 0.00172 -0.36856 0.9311 0.0508 -0.36122 0.92663 0.10598 -0.36073 0.92663 0.10598 -0.36073 0.90897 0.20891 -0.36073 0.90897 0.20891 -0.36073 0.87516 0.27577 -0.39755 0.89305 0.26832 -0.3612 0.902 0.25034 -0.35176 0.90622 0.26849 -0.32662 0.69049 0.23022 -0.68573 0.74031 0.24261 -0.62696 0.797 0.22558 -0.56028 0.47685 0.16171 -0.86398 0.52917 0.17376 -0.83053 0.57867 0.18049 -0.79534 0.81191 -0.06426 -0.58023 0.8148 0.00151 -0.57975 0.8148 0.00151 -0.57975 0.80952 0.09259 -0.57975 0.80952 0.09259 -0.57975 0.79409 0.1825 -0.57975 0.79409 0.18251 -0.57975 0.77957 0.23558 -0.58032 0.82983 0.26996 -0.48838 0.62272 -0.03931 -0.78146 0.62454 0.00116 -0.78099 0.62454 0.00116 -0.78099 0.6205 0.07097 -0.78099 0.6205 0.07097 -0.78099 0.60867 0.13989 -0.78099 0.60867 0.13989 -0.78099 0.59801 0.17807 -0.78146 0.64657 0.21486 -0.73197 0.06725 0.00114 -0.99774 0.2205 0.03927 -0.9746 0.01413 -0.01044 -0.99985 0.00782 -0.0045 -0.99996 0.0323 -0.00725 -0.99945 0.03578 -0.01359 -0.99927 0.05439 0.00015 -0.99852 0.21768 0.0609 -0.97412 0.05862 0.02701 -0.99791 0.04809 0.01586 -0.99872 0.02439 0.01636 -0.99957 0.02439 0.01633 -0.99957 0.00477 0.00444 -0.99998 0.00802 0.0094 -0.99992 0.22143 0.05864 -0.97341 0.2278 0.02604 -0.97336 0.22895 -0.00715 -0.97341 0.2258 -0.0102 -0.97412 0.22043 0.0426 -0.97447 0.1934 -0.0331 -0.98056 0.07197 0.02155 -0.99717 0.07574 -0.01568 -0.997 0.07539 -0.01604 -0.99702 0.07697 -0.00348 -0.99703 0.07697 -0.00348 -0.99703 0.07655 0.00875 -0.99703 0.0742 0.02076 -0.99703 0.0742 0.02076 -0.99703 0.07391 0.02155 -0.99703 0.15445 0.07444 -0.98519 0.29609 0.06254 0.95311 0.29546 0.06725 0.95299 0.29468 0.07468 0.95267 0.29383 0.07301 0.95307 0.28851 0.09223 0.95303 0.29587 0.06381 0.9531 0.29353 0.0727 0.95318 0.28428 0.08261 0.95518 0.30235 -0.00527 0.95318 0.29499 -0.01628 0.95536 0.30256 0.00213 0.95313 0.3026 0.00939 0.95307 0.30271 0.00249 0.95308 0.30243 0.012 0.95309 0.30297 0.00151 0.953 0.30393 -0.00624 0.95267 0.30274 -0.00483 0.95306 0.30187 -0.02475 0.95303 0.29459 0.07041 0.95303 0.29658 0.06051 0.95309 0.29743 0.05645 0.95307 0.29992 0.03429 0.95335 0.29993 0.03428 0.95335 0.30249 0.01213 0.95307 -0.29609 -0.06254 0.95311 -0.29546 -0.06725 0.95299 -0.29468 -0.07468 0.95267 -0.29383 -0.07301 0.95307 -0.28851 -0.09223 0.95303 -0.29587 -0.06381 0.9531 -0.29353 -0.0727 0.95318 -0.28428 -0.08261 0.95518 -0.30235 0.00527 0.95318 -0.29499 0.01628 0.95536 -0.30257 -0.00218 0.95313 -0.30258 -0.01021 0.95307 -0.30267 -0.00453 0.95309 -0.30248 -0.01087 0.95309 -0.30303 -0.00106 0.95298 -0.30393 0.00624 0.95267 -0.30274 0.00483 0.95306 -0.30187 0.02475 0.95303 -0.29459 -0.07041 0.95303 -0.29658 -0.06051 0.95309 -0.29743 -0.05645 0.95307 -0.29992 -0.03429 0.95335 -0.29993 -0.03428 0.95335 -0.30249 -0.01213 0.95307 0.06254 -0.29609 0.95311 0.06725 -0.29546 0.95299 0.07468 -0.29468 0.95267 0.07301 -0.29383 0.95307 0.09223 -0.28851 0.95303 0.06381 -0.29587 0.9531 0.0727 -0.29353 0.95318 0.08261 -0.28428 0.95518 -0.00527 -0.30235 0.95318 -0.01628 -0.29499 0.95536 0.00218 -0.30257 0.95313 0.01021 -0.30258 0.95307 0.00453 -0.30267 0.95309 0.01087 -0.30248 0.95309 0.00106 -0.30303 0.95298 -0.00624 -0.30393 0.95267 -0.00483 -0.30274 0.95306 -0.02475 -0.30187 0.95303 0.07041 -0.29459 0.95303 0.06051 -0.29658 0.95309 0.05645 -0.29743 0.95307 0.03429 -0.29992 0.95335 0.03428 -0.29993 0.95335 0.01213 -0.30249 0.95307 0.0316 0.38565 -0.9221 0.04758 0.60222 -0.79691 0.05121 0.50558 -0.86126 0.06956 0.73315 -0.6765 0.06435 0.68444 -0.72622 0.05979 0.93057 -0.3612 0.05414 0.93197 -0.35847 0.03642 0.93687 -0.34778 0.04332 0.93355 -0.35581 0.06117 0.92141 -0.38374 0.08337 0.87952 -0.4685 0.04182 0.7913 -0.60999 0.0014 0.93265 -0.36078 -0.00172 0.9296 -0.36856 -0.0508 0.9311 -0.36122 -0.10598 0.92663 -0.36073 -0.10598 0.92663 -0.36073 -0.20891 0.90897 -0.36073 -0.20891 0.90897 -0.36073 -0.2742 0.87692 -0.39474 -0.26832 0.89305 -0.3612 -0.25034 0.902 -0.35176 -0.26848 0.90621 -0.32665 -0.23022 0.69049 -0.68573 -0.24254 0.74001 -0.62734 -0.22574 0.79674 -0.56058 -0.16171 0.47685 -0.86398 -0.17376 0.52917 -0.83053 -0.18049 0.57867 -0.79534 0.02331 0.40818 -0.9126 -0.00076 0.40938 -0.91237 -0.00076 0.40938 -0.91237 -0.04652 0.40673 -0.91237 -0.04652 0.40673 -0.91237 -0.0917 0.39898 -0.91237 -0.0917 0.39898 -0.91237 -0.12456 0.38954 -0.91255 -0.10776 0.37945 -0.91891 0.06426 0.81191 -0.58023 -0.00151 0.8148 -0.57975 -0.00151 0.8148 -0.57975 -0.09259 0.80952 -0.57975 -0.09259 0.80952 -0.57975 -0.1825 0.79409 -0.57975 -0.18251 0.79409 -0.57975 -0.23558 0.77957 -0.58032 -0.27133 0.83172 -0.48439 0.03931 0.62272 -0.78146 -0.00116 0.62454 -0.78099 -0.00116 0.62454 -0.78099 -0.07097 0.6205 -0.78099 -0.07097 0.6205 -0.78099 -0.13989 0.60867 -0.78099 -0.13989 0.60867 -0.78099 -0.17807 0.59801 -0.78146 -0.21486 0.64657 -0.73197 -0.38565 0.0316 -0.9221 -0.60222 0.04758 -0.79691 -0.50558 0.05121 -0.86126 -0.73427 0.0695 -0.67529 -0.68573 0.06489 -0.72496 -0.93057 0.05979 -0.3612 -0.93128 0.05696 -0.35984 -0.9369 0.03631 -0.34769 -0.93462 0.0415 -0.35322 -0.92098 0.06163 -0.38472 -0.87877 0.08297 -0.46998 -0.7913 0.04182 -0.60999 -0.93265 0.0014 -0.36078 -0.9296 -0.00172 -0.36856 -0.9311 -0.0508 -0.36122 -0.92663 -0.10598 -0.36073 -0.92663 -0.10598 -0.36073 -0.90897 -0.20891 -0.36073 -0.90897 -0.20891 -0.36073 -0.87692 -0.2742 -0.39474 -0.89305 -0.26832 -0.3612 -0.902 -0.25034 -0.35176 -0.90621 -0.26848 -0.32665 -0.69049 -0.23022 -0.68573 -0.74001 -0.24254 -0.62734 -0.79674 -0.22574 -0.56058 -0.47685 -0.16171 -0.86398 -0.52917 -0.17376 -0.83053 -0.57867 -0.18049 -0.79534 -0.40818 0.02331 -0.9126 -0.40938 -0.00076 -0.91237 -0.40938 -0.00076 -0.91237 -0.40673 -0.04652 -0.91237 -0.40673 -0.04652 -0.91237 -0.39898 -0.0917 -0.91237 -0.39898 -0.0917 -0.91237 -0.38954 -0.12456 -0.91255 -0.37945 -0.10776 -0.91891 -0.81191 0.06426 -0.58023 -0.8148 -0.00151 -0.57975 -0.8148 -0.00151 -0.57975 -0.80952 -0.09259 -0.57975 -0.80952 -0.09259 -0.57975 -0.79409 -0.1825 -0.57975 -0.79409 -0.18251 -0.57975 -0.77957 -0.23558 -0.58032 -0.83172 -0.27133 -0.48439 -0.62272 0.03931 -0.78146 -0.62454 -0.00116 -0.78099 -0.62454 -0.00116 -0.78099 -0.6205 -0.07097 -0.78099 -0.6205 -0.07097 -0.78099 -0.60867 -0.13989 -0.78099 -0.60867 -0.13989 -0.78099 -0.59801 -0.17807 -0.78146 -0.64657 -0.21486 -0.73197 -0.04758 -0.60222 -0.79691 -0.0316 -0.38565 -0.9221 0.16171 -0.47684 -0.86399 0.10776 -0.37945 -0.91891 0.12456 -0.38954 -0.91255 0.0917 -0.39898 -0.91237 0.0917 -0.39898 -0.91237 0.04652 -0.40673 -0.91237 0.04652 -0.40673 -0.91237 -0.05121 -0.50558 -0.86126 -0.02331 -0.40818 -0.9126 0.00076 -0.40938 -0.91237 -0.00489 -0.4224 -0.9064 0.01816 -0.40847 -0.91259 -0.06956 -0.73315 -0.6765 -0.06435 -0.68444 -0.72622 -0.05979 -0.93057 -0.3612 -0.05694 -0.93128 -0.35983 -0.03632 -0.9369 -0.3477 -0.04166 -0.93455 -0.35339 -0.06171 -0.92084 -0.38503 -0.08297 -0.87877 -0.46998 -0.04182 -0.7913 -0.60999 -0.0014 -0.93265 -0.36078 0.00172 -0.9296 -0.36856 0.0508 -0.9311 -0.36122 0.10598 -0.92663 -0.36073 0.10598 -0.92663 -0.36073 0.20891 -0.90897 -0.36073 0.20891 -0.90897 -0.36073 0.2742 -0.87692 -0.39474 0.26832 -0.89305 -0.3612 0.25034 -0.902 -0.35176 0.26848 -0.90621 -0.32665 0.22553 -0.79735 -0.55979 0.24254 -0.74001 -0.62734 0.16849 -0.58501 -0.79333 0.2157 -0.64765 -0.73077 0.2305 -0.6916 -0.68451 -0.06426 -0.81191 -0.58023 0.00151 -0.8148 -0.57975 0.00151 -0.8148 -0.57975 0.09259 -0.80952 -0.57975 0.09259 -0.80952 -0.57975 0.1825 -0.79409 -0.57975 0.18251 -0.79409 -0.57975 0.23597 -0.77945 -0.58032 0.27137 -0.83225 -0.48343 -0.03931 -0.62272 -0.78146 0.00116 -0.62454 -0.78099 0.00116 -0.62454 -0.78099 0.07097 -0.6205 -0.78099 0.07097 -0.6205 -0.78099 0.13989 -0.60867 -0.78099 0.13989 -0.60867 -0.78099 0.18858 -0.59489 -0.78137 0.13217 -0.55281 -0.82276 -0.11783 0.36857 0.9221 0.03342 0.4076 0.91255 0.01933 0.39398 0.91891 0.00652 0.40904 0.91249 -0.00074 0.42084 0.90713 -0.01638 0.40857 0.91258 -0.04648 0.40673 0.91237 -0.04648 0.40673 0.91237 -0.164 0.48097 0.86126 -0.11483 0.39239 0.9126 -0.09166 0.39898 0.91237 -0.10293 0.4142 0.90435 -0.07624 0.40173 0.91258 -0.21717 0.65226 0.72622 -0.25152 0.90103 0.35339 -0.24684 0.90453 0.3477 -0.26795 0.88315 0.38503 -0.27917 0.83737 0.46998 -0.21934 0.76144 0.60999 0.05983 0.93057 0.3612 -0.00164 0.93267 0.36073 -0.00164 0.93267 0.36073 -0.1059 0.92664 0.36073 -0.1059 0.92664 0.36073 -0.20882 0.90899 0.36073 -0.20882 0.90899 0.36073 -0.26828 0.89306 0.3612 -0.26566 0.8944 0.35983 0.05703 0.94343 0.32662 0.0403 0.93522 0.35176 0.07113 0.91482 0.39755 0.0757 0.86934 0.48838 0.03988 0.82735 0.56027 0.06338 0.67838 0.73197 0.06844 0.72463 0.68573 0.06926 0.77597 0.62696 0.04991 0.50104 0.86398 0.04985 0.55474 0.83053 0.04522 0.60448 0.79534 0.0385 0.62277 0.78146 -0.0011 0.62454 0.78099 -0.0011 0.62454 0.78099 -0.07091 0.6205 0.78099 -0.07091 0.6205 0.78099 -0.13983 0.60869 0.78099 -0.13983 0.60869 0.78099 -0.17885 0.59778 0.78146 -0.18228 0.57594 0.79691 0.05355 0.81262 0.58032 -0.00143 0.8148 0.57975 -0.00143 0.8148 0.57975 -0.09251 0.80953 0.57975 -0.09251 0.80953 0.57975 -0.18243 0.79411 0.57975 -0.18243 0.79411 0.57975 -0.24585 0.77646 0.58023 -0.23324 0.69853 0.6765 0.36857 0.11783 0.9221 0.65226 0.21717 0.72622 0.89969 0.25291 0.35581 0.90447 0.24693 0.34778 0.88383 0.26755 0.38374 0.83801 0.27973 0.4685 0.76144 0.21934 0.60999 0.93057 -0.05983 0.3612 0.93267 0.00164 0.36073 0.93267 0.00164 0.36073 0.92664 0.1059 0.36073 0.92664 0.1059 0.36073 0.90899 0.20882 0.36073 0.90899 0.20882 0.36073 0.89306 0.26828 0.3612 0.8957 0.26308 0.35847 0.94342 -0.05702 0.32665 0.93522 -0.0403 0.35176 0.91618 -0.06921 0.39474 0.87149 -0.07661 0.48439 0.82713 -0.04009 0.56058 0.67838 -0.06338 0.73197 0.72463 -0.06844 0.68573 0.77566 -0.06926 0.62734 0.55474 -0.04985 0.83053 0.60448 -0.04522 0.79534 0.4076 -0.03342 0.91255 0.39398 -0.01933 0.91891 0.50104 -0.04991 0.86398 0.40904 -0.00652 0.91249 0.42084 0.00074 0.90713 0.40857 0.01638 0.91258 0.40673 0.04648 0.91237 0.40673 0.04648 0.91237 0.48097 0.164 0.86126 0.39239 0.11483 0.9126 0.39898 0.09166 0.91237 0.4142 0.10293 0.90435 0.40173 0.07624 0.91258 0.62277 -0.0385 0.78146 0.62454 0.0011 0.78099 0.62454 0.0011 0.78099 0.6205 0.07091 0.78099 0.6205 0.07091 0.78099 0.60869 0.13983 0.78099 0.60869 0.13983 0.78099 0.59778 0.17885 0.78146 0.57594 0.18228 0.79691 0.81262 -0.05355 0.58032 0.8148 0.00143 0.57975 0.8148 0.00143 0.57975 0.80953 0.09251 0.57975 0.80953 0.09251 0.57975 0.79411 0.18243 0.57975 0.79411 0.18243 0.57975 0.77646 0.24585 0.58023 0.69853 0.23324 0.6765 0.11783 -0.36857 0.9221 0.21798 -0.65339 0.72496 0.25137 -0.90114 0.35322 0.24683 -0.90453 0.34769 0.26791 -0.8833 0.38472 0.27917 -0.83737 0.46998 0.21934 -0.76144 0.60999 -0.05983 -0.93057 0.3612 0.00164 -0.93267 0.36073 0.00164 -0.93267 0.36073 0.1059 -0.92664 0.36073 0.1059 -0.92664 0.36073 0.20882 -0.90899 0.36073 0.20882 -0.90899 0.36073 0.26828 -0.89306 0.3612 0.26567 -0.89439 0.35984 -0.05702 -0.94342 0.32665 -0.0403 -0.93522 0.35176 -0.06921 -0.91618 0.39474 -0.07661 -0.87149 0.48439 -0.04009 -0.82713 0.56058 -0.06338 -0.67838 0.73197 -0.06844 -0.72463 0.68573 -0.06926 -0.77566 0.62734 -0.04985 -0.55474 0.83053 -0.04522 -0.60448 0.79534 -0.03342 -0.4076 0.91255 -0.01933 -0.39398 0.91891 -0.04991 -0.50104 0.86398 -0.00652 -0.40904 0.91249 0.00074 -0.42084 0.90713 0.01638 -0.40857 0.91258 0.04648 -0.40673 0.91237 0.04648 -0.40673 0.91237 0.164 -0.48097 0.86126 0.11483 -0.39239 0.9126 0.09166 -0.39898 0.91237 0.10293 -0.4142 0.90435 0.07624 -0.40173 0.91258 -0.0385 -0.62277 0.78146 0.0011 -0.62454 0.78099 0.0011 -0.62454 0.78099 0.07091 -0.6205 0.78099 0.07091 -0.6205 0.78099 0.13983 -0.60869 0.78099 0.13983 -0.60869 0.78099 0.17885 -0.59778 0.78146 0.18228 -0.57594 0.79691 -0.05355 -0.81262 0.58032 0.00143 -0.8148 0.57975 0.00143 -0.8148 0.57975 0.09251 -0.80953 0.57975 0.09251 -0.80953 0.57975 0.18243 -0.79411 0.57975 0.18243 -0.79411 0.57975 0.24585 -0.77646 0.58023 0.23343 -0.69964 0.67529 -0.36857 -0.11783 0.9221 -0.4076 0.03342 0.91255 -0.39398 0.01933 0.91891 -0.50104 0.04991 0.86399 -0.40904 0.00652 0.91249 -0.42084 -0.00074 0.90713 -0.40857 -0.01638 0.91258 -0.40673 -0.04648 0.91237 -0.40673 -0.04648 0.91237 -0.48097 -0.164 0.86126 -0.39239 -0.11483 0.9126 -0.39898 -0.09166 0.91237 -0.4142 -0.10293 0.90435 -0.40173 -0.07624 0.91258 -0.65226 -0.21717 0.72622 -0.90103 -0.25152 0.35339 -0.90453 -0.24684 0.3477 -0.88315 -0.26795 0.38503 -0.83737 -0.27917 0.46998 -0.76144 -0.21934 0.60999 -0.93057 0.05983 0.3612 -0.93267 -0.00164 0.36073 -0.93267 -0.00164 0.36073 -0.92664 -0.1059 0.36073 -0.92664 -0.1059 0.36073 -0.90899 -0.20882 0.36073 -0.90899 -0.20882 0.36073 -0.89306 -0.26828 0.3612 -0.8944 -0.26566 0.35983 -0.94342 0.05702 0.32665 -0.93522 0.0403 0.35176 -0.91618 0.06921 0.39474 -0.87203 0.07653 0.48343 -0.82768 0.03975 0.55979 -0.77566 0.06926 0.62734 -0.56838 0.00399 0.82276 -0.60795 0.03211 0.79333 -0.67962 0.06396 0.73077 -0.72578 0.06846 0.68451 -0.6221 0.04945 0.78137 -0.62454 -0.0011 0.78099 -0.62454 -0.0011 0.78099 -0.6205 -0.07091 0.78099 -0.6205 -0.07091 0.78099 -0.60869 -0.13983 0.78099 -0.60869 -0.13983 0.78099 -0.59778 -0.17885 0.78146 -0.57594 -0.18228 0.79691 -0.8126 0.05396 0.58032 -0.8148 -0.00143 0.57975 -0.8148 -0.00143 0.57975 -0.80953 -0.09251 0.57975 -0.80953 -0.09251 0.57975 -0.79411 -0.18243 0.57975 -0.79411 -0.18243 0.57975 -0.77646 -0.24585 0.58023 -0.69853 -0.23324 0.6765 -0.00114 0.06725 -0.99774 -0.03927 0.2205 -0.9746 -0.0609 0.21768 -0.97412 -0.02701 0.05862 -0.99791 -0.01586 0.04809 -0.99872 -0.01636 0.02439 -0.99957 -0.01633 0.02439 -0.99957 -0.00444 0.00477 -0.99998 -0.0094 0.00802 -0.99992 0.01044 0.01413 -0.99985 0.0045 0.00782 -0.99996 0.00725 0.0323 -0.99945 0.01359 0.03578 -0.99927 -0.00015 0.05439 -0.99852 -0.05864 0.22143 -0.97341 -0.02604 0.2278 -0.97336 0.00715 0.22895 -0.97341 0.0102 0.2258 -0.97412 -0.0426 0.22043 -0.97447 0.0331 0.1934 -0.98056 -0.02155 0.07197 -0.99717 0.01568 0.07574 -0.997 0.01604 0.07539 -0.99702 0.00348 0.07697 -0.99703 0.00348 0.07697 -0.99703 -0.00875 0.07655 -0.99703 -0.02076 0.0742 -0.99703 -0.02076 0.0742 -0.99703 -0.02155 0.07391 -0.99703 -0.07444 0.15445 -0.98519 0.00049 -0.0669 -0.99776 0.03749 -0.2198 -0.97482 -0.00977 -0.01334 -0.99986 -0.00441 -0.00781 -0.99996 -0.00824 -0.03329 -0.99941 -0.01331 -0.03584 -0.99927 -0.00059 -0.05507 -0.99848 0.06165 -0.21718 -0.97418 0.02715 -0.05849 -0.99792 0.01567 -0.04797 -0.99873 0.0164 -0.02436 -0.99957 0.01625 -0.02434 -0.99957 0.00445 -0.00478 -0.99998 0.00943 -0.00805 -0.99992 0.0591 -0.22128 -0.97342 0.02712 -0.22767 -0.97336 0.02712 -0.22767 -0.97336 -0.00656 -0.22901 -0.9734 -0.00894 -0.22646 -0.97398 0.03785 -0.22364 -0.97394 -0.0325 -0.19295 -0.98067 0.01951 -0.07373 -0.99709 -0.0152 -0.07594 -0.997 -0.01567 -0.07548 -0.99702 -0.00304 -0.07698 -0.99703 -0.00304 -0.07698 -0.99703 0.00911 -0.0765 -0.99703 0.00911 -0.0765 -0.99703 0.02104 -0.07411 -0.99703 0.02104 -0.07411 -0.99703 0.02143 -0.07397 -0.99703 0.07514 -0.15478 -0.98509 -0.06725 -0.00114 -0.99774 -0.2205 -0.03927 -0.9746 -0.21768 -0.0609 -0.97412 -0.05862 -0.02701 -0.99791 -0.04809 -0.01586 -0.99872 -0.02439 -0.01636 -0.99957 -0.02439 -0.01633 -0.99957 -0.00477 -0.00444 -0.99998 -0.00802 -0.0094 -0.99992 -0.01413 0.01044 -0.99985 -0.00782 0.0045 -0.99996 -0.0323 0.00725 -0.99945 -0.03578 0.01359 -0.99927 -0.05439 -0.00015 -0.99852 -0.22143 -0.05864 -0.97341 -0.2278 -0.02604 -0.97336 -0.22895 0.00715 -0.97341 -0.2258 0.0102 -0.97412 -0.22043 -0.0426 -0.97447 -0.1934 0.0331 -0.98056 -0.07197 -0.02155 -0.99717 -0.07574 0.01568 -0.997 -0.07539 0.01604 -0.99702 -0.07697 0.00348 -0.99703 -0.07697 0.00348 -0.99703 -0.07655 -0.00875 -0.99703 -0.0742 -0.02076 -0.99703 -0.0742 -0.02076 -0.99703 -0.07391 -0.02155 -0.99703 -0.15445 -0.07444 -0.98519 0.30265 0.00612 -0.95308 0.3033 0.00163 -0.95289 0.30455 -0.00539 -0.95248 0.30277 -0.00351 -0.95306 0.30188 -0.02474 -0.95302 0.30245 0.00526 -0.95315 0.30197 0.00035 -0.95332 0.29787 -0.0093 -0.95456 0.293 0.07152 -0.95343 0.28478 0.07541 -0.95562 0.29513 0.06524 -0.95323 0.29703 0.05885 -0.95305 0.29653 0.06071 -0.95309 0.29694 0.05813 -0.95313 0.29584 0.06689 -0.95289 0.29547 0.07399 -0.95248 0.29417 0.07177 -0.95305 0.2885 0.09225 -0.95303 0.30305 0.00139 -0.95297 0.30257 0.0083 -0.95309 0.30244 0.01345 -0.95307 0.30031 0.03433 -0.95322 0.30032 0.03435 -0.95322 0.29767 0.05517 -0.95307 -0.00785 0.3033 -0.95286 -0.00365 0.30459 -0.95248 0.00241 0.3067 -0.9518 -0.00056 0.30292 -0.95302 0.02474 0.30188 -0.95302 -0.00526 0.30245 -0.95315 -0.00035 0.30197 -0.95332 0.0093 0.29787 -0.95456 -0.05652 0.29736 -0.95309 -0.07541 0.28478 -0.95562 -0.07152 0.293 -0.95343 -0.0653 0.29511 -0.95323 -0.06448 0.29747 -0.95255 -0.07158 0.29823 -0.95181 -0.06785 0.29524 -0.95301 -0.09225 0.2885 -0.95303 -0.00763 0.30335 -0.95285 -0.01106 0.30267 -0.95303 -0.03435 0.30031 -0.95322 -0.03433 0.30032 -0.95322 -0.05778 0.29733 -0.95303 -0.0594 0.2969 -0.95306 0.00612 -0.30265 -0.95308 0.00163 -0.3033 -0.95289 -0.00539 -0.30455 -0.95248 -0.00351 -0.30277 -0.95306 -0.02474 -0.30188 -0.95302 0.00563 -0.30235 -0.95318 0.0008 -0.30175 -0.95339 -0.00851 -0.29743 -0.95471 0.07612 -0.285 -0.9555 0.07203 -0.29313 -0.95335 0.06557 -0.29517 -0.95319 0.05886 -0.29703 -0.95305 0.06491 -0.29752 -0.95251 0.07158 -0.29823 -0.95181 0.06785 -0.29524 -0.95301 0.09225 -0.2885 -0.95303 0.00139 -0.30305 -0.95297 0.00878 -0.30254 -0.9531 0.01345 -0.30246 -0.95307 0.03578 -0.30039 -0.95315 0.03433 -0.30013 -0.95328 0.05757 -0.29734 -0.95303 0.05714 -0.29736 -0.95306 -0.3033 -0.00785 -0.95286 -0.30459 -0.00365 -0.95248 -0.3067 0.00241 -0.9518 -0.30292 -0.00056 -0.95302 -0.30188 0.02474 -0.95302 -0.30245 -0.00526 -0.95315 -0.30197 -0.00035 -0.95332 -0.29787 0.0093 -0.95456 -0.28478 -0.07541 -0.95562 -0.293 -0.07152 -0.95343 -0.29513 -0.06524 -0.95323 -0.29736 -0.05714 -0.95306 -0.29752 -0.06491 -0.95251 -0.29823 -0.07158 -0.95181 -0.29524 -0.06785 -0.95301 -0.2885 -0.09225 -0.95303 -0.30335 -0.00763 -0.95285 -0.30267 -0.01106 -0.95303 -0.30031 -0.03435 -0.95322 -0.30032 -0.03433 -0.95322 -0.29734 -0.05766 -0.95303 -0.29703 -0.05885 -0.95305 0.28774 -0.95771 0 0.2877 -0.95772 1E-05 0.22399 -0.97459 -6E-05 0.2239 -0.97461 6E-05 0.11363 -0.99352 -6E-05 0.11354 -0.99353 6E-05 -0.06416 -0.99794 0 -0.06412 -0.99794 -1E-05 0.00176 -1 6E-05 -0.0015 -0.99999 0.00409 0.05448 -0.99851 -0 -0.78285 0.62221 0 -0.78285 0.62221 -0 -0.78285 0.62221 0 -0.78285 0.62221 0 -0.78285 0.62221 -0 -0.78285 0.62221 0 -0.78285 0.62221 -0 -0.78285 0.62221 -0 -0.78285 0.62221 0 -0.78285 0.62221 -0 -0.81769 0.57565 0 -0.87022 0.49266 -0.0016 -0.92344 0.38373 0.00171 -0.98104 0.19378 -0.00172 -0.99853 0.0542 0.00207 -0.99016 -0.13993 -0.00193 -0.95564 -0.29453 0.00198 -0.92339 -0.38387 0 0.16555 0.9862 -0 0.07124 0.99746 -0.00198 -0.08716 0.99619 0.00193 -0.27817 0.96053 -0.00207 -0.4102 0.91199 0.00172 -0.58225 0.81301 -0.00171 -0.67636 0.73657 0.0016 -0.74535 0.66667 0 0.85124 0.52478 0.00076 -0.68853 0.72521 0 -0.69901 0.71511 -0.00246 -0.54774 0.83665 0.00101 -0.5467 0.83733 0.00109 -0.45805 0.88893 -0.00082 -0.4061 0.91382 -0.00321 -0.19326 0.98104 0.01453 -0.03099 0.99952 -1E-05 -0.00758 0.99997 0.00031 0.14277 0.98976 -0.00139 0.33226 0.94312 0.01153 0.20837 0.97805 -0.00221 0.5246 0.85135 0.00176 0.72074 0.6932 -0.00061 0.6876 0.72607 -0.00469 0.4797 0.8774 0.00746 0.94333 0.33185 -0 0.93232 0.36163 -0.0015 0.8862 0.4633 0.00304 0.79869 0.60163 -0.01165 -0.72778 0.68581 0 -0.67393 0.73876 0.00664 -0.58278 0.81262 -0.00304 -0.41305 0.9107 0.00486 -0.41565 0.90951 0.00524 -0.1712 0.98521 -0.00754 -0.27373 0.96175 0.01025 -0.20339 0.9791 4E-05 -0.24906 0.96847 -0.00653 -0.33449 0.94219 -0.02001 0.95771 0.28774 -0 0.95772 0.2877 1E-05 0.97459 0.22399 -6E-05 0.97461 0.2239 6E-05 0.99352 0.11363 -6E-05 0.99353 0.11354 6E-05 0.99794 -0.06416 -0 0.99794 -0.06412 -1E-05 1 0.00176 6E-05 0.99999 -0.0015 0.00409 0.99851 0.05448 -0 -0.62221 -0.78285 0 -0.62221 -0.78285 0 -0.62221 -0.78285 -0 -0.62221 -0.78285 0 -0.62221 -0.78285 -0 -0.62221 -0.78285 -0 -0.62221 -0.78285 -0 -0.62221 -0.78285 0 -0.62221 -0.78285 0 -0.62221 -0.78285 -0 -0.62221 -0.78285 0 -0.57565 -0.81769 0 -0.47751 -0.87862 -0.00188 -0.38366 -0.92347 0.00145 -0.16254 -0.9867 -0.00142 -0.05416 -0.99853 0.00193 0.16869 -0.98567 -0.00182 0.29456 -0.95563 0.00186 0.3975 -0.9176 0 0.9862 -0.16555 -0 0.99746 -0.07124 -0.00198 0.99619 0.08716 0.00193 0.96053 0.27817 -0.00207 0.91199 0.4102 0.00172 0.81301 0.58225 -0.00171 0.73657 0.67636 0.0016 0.66667 0.74535 -0 0.52481 -0.85122 0.00073 0.72521 0.68853 -0 0.71511 0.69901 -0.00246 0.83963 0.54316 0.00111 0.83751 0.54642 0.00083 0.88866 0.45856 -0.0005 0.91593 0.40132 -0.00279 0.98172 0.18977 0.01481 0.99963 0.02715 -1E-05 0.99999 0.00373 0.00027 0.98991 -0.1417 -0.00138 0.94265 -0.33357 0.01159 0.97813 -0.20798 -0.00257 0.85281 -0.52222 0.00194 0.69521 -0.7188 -0.0006 0.72021 -0.69375 -0.00379 0.87043 -0.49226 0.00561 0.32789 -0.94472 0 0.36163 -0.93232 -0.0015 0.44754 -0.89426 0.00283 0.58869 -0.8083 -0.00952 0.68581 0.72778 -0 0.73876 0.67393 0.00664 0.81262 0.58278 -0.00304 0.9107 0.41304 0.00486 0.90951 0.41565 0.00524 0.98583 0.16756 -0.00772 0.96265 0.27055 0.01064 0.97988 0.1996 5E-05 0.96936 0.24555 -0.00676 0.94302 0.33208 -0.02081 -0.16555 -0.9862 0 -0.07124 -0.99746 -0.00198 0.08716 -0.99619 0.00193 0.27817 -0.96053 -0.00207 0.4102 -0.91199 0.00172 0.58225 -0.81301 -0.00171 0.67636 -0.73657 0.0016 0.74535 -0.66667 -0 -0.85116 -0.5249 0.00087 0.68853 -0.72521 0 0.69901 -0.71511 -0.00246 0.54774 -0.83665 0.00101 0.5467 -0.83733 0.00109 0.45805 -0.88893 -0.00082 0.4061 -0.91382 -0.00321 0.19326 -0.98104 0.01453 0.03099 -0.99952 -1E-05 0.00758 -0.99997 0.00031 -0.1417 -0.98991 -0.00138 -0.33137 -0.94343 0.01143 -0.20837 -0.97805 -0.00221 -0.522 -0.85294 0.00173 -0.71794 -0.69611 -0.00071 -0.69375 -0.72021 -0.00379 -0.48995 -0.87173 0.00571 -0.94472 -0.32787 0 -0.93232 -0.36163 -0.0015 -0.89425 -0.44755 0.00283 -0.80758 -0.58968 -0.0096 0.72778 -0.68581 0 0.67393 -0.73876 0.00664 0.58278 -0.81262 -0.00304 0.41305 -0.9107 0.00486 0.41565 -0.90951 0.00524 0.1712 -0.98521 -0.00754 0.27373 -0.96175 0.01025 0.20339 -0.9791 4E-05 0.24906 -0.96847 -0.00653 0.33449 -0.94219 -0.02001 -0.95771 -0.28774 0 -0.95772 -0.2877 1E-05 -0.97459 -0.22399 -6E-05 -0.97461 -0.2239 6E-05 -0.99352 -0.11363 -6E-05 -0.99353 -0.11354 6E-05 -0.99794 0.06416 0 -0.99794 0.06412 -1E-05 -1 -0.00176 6E-05 -0.99999 0.0015 0.00409 -0.99851 -0.05448 -0 0.62221 0.78285 -0 0.62221 0.78285 -0 0.62221 0.78285 0 0.62221 0.78285 0 0.62221 0.78285 -0 0.62221 0.78285 -0 0.62221 0.78285 0 0.62221 0.78285 -0 0.62221 0.78285 -0 0.62221 0.78285 0 0.62221 0.78285 -0 0.57565 0.81769 -0 0.49266 0.87022 -0.0016 0.38373 0.92344 0.00171 0.19378 0.98104 -0.00172 0.0542 0.99853 0.00207 -0.13993 0.99016 -0.00193 -0.29453 0.95564 0.00198 -0.38387 0.92339 -0 -0.80125 0.59832 0 -0.90309 0.42945 0 -0.83784 0.54586 -0.00767 -0.82936 0.5587 -0.00374 -0.86344 0.50446 0 -0.67947 0.7337 0 -0.73148 0.68186 -0.00155 -0.70993 0.70419 -0.01063 -0.75961 0.65038 0 -0.6222 0.78286 0 -0.6556 0.75511 -0 -0.61362 0.78958 -0.00585 -0.6671 0.7449 0.00983 -0.57729 0.81647 -0.01067 -0.62154 0.78337 0.00355 -0.52779 0.84937 -0.0031 -0.55517 0.83172 0.00421 -0.47587 0.87951 -0.00284 -0.49069 0.87133 -0 -0.96034 0.27882 0 -0.95965 0.28119 0.00039 -0.93691 0.34958 -0.0004 -0.94084 0.33885 -0.0021 -0.90344 0.4287 0.00355 -0.92216 0.38671 -0.00828 -0.87627 0.48177 0.00619 -0.89931 0.43731 -0.00299 -0.8788 0.47719 -0 -0.98364 0.18014 0 -0.99746 0.07127 -0.00186 -0.99831 -0.05813 0.00182 -0.96054 -0.27813 -0.00193 -0.92456 -0.38104 0.00142 -0.81305 -0.58219 -0.00145 -0.74818 -0.6635 0.00188 -0.66667 -0.74535 0 0.59832 0.80125 -0 0.42945 0.90309 -0 0.54586 0.83784 -0.00767 0.5587 0.82936 -0.00374 0.50446 0.86344 0 0.7337 0.67947 0 0.68186 0.73148 -0.00155 0.70419 0.70993 -0.01063 0.65038 0.75961 -0 0.78286 0.6222 -0 0.75511 0.6556 -0 0.78958 0.61362 -0.00585 0.7449 0.6671 0.00983 0.81647 0.57729 -0.01067 0.78337 0.62154 0.00355 0.84937 0.52779 -0.0031 0.83172 0.55517 0.00421 0.87951 0.47587 -0.00284 0.87133 0.49069 -0 0.27882 0.96034 -0 0.28119 0.95965 0.00039 0.34958 0.93691 -0.0004 0.33885 0.94084 -0.0021 0.4287 0.90344 0.00355 0.38671 0.92216 -0.00828 0.48177 0.87627 0.00619 0.43731 0.89931 -0.00299 0.47719 0.8788 -0 -0.5249 0.85116 0.00087 -0.72521 -0.68853 0 -0.71511 -0.69901 -0.00246 -0.83665 -0.54774 0.00101 -0.83733 -0.5467 0.00109 -0.88893 -0.45805 -0.00082 -0.91382 -0.4061 -0.00321 -0.98104 -0.19326 0.01453 -0.99952 -0.03099 -1E-05 -0.99997 -0.00758 0.00031 -0.98991 0.1417 -0.00138 -0.94343 0.33137 0.01143 -0.97805 0.20837 -0.00221 -0.85294 0.522 0.00173 -0.69611 0.71794 -0.00071 -0.72021 0.69375 -0.00379 -0.87173 0.48995 0.00571 -0.32787 0.94472 -0 -0.36163 0.93232 -0.0015 -0.44755 0.89425 0.00283 -0.58968 0.80758 -0.0096 -0.68581 -0.72778 0 -0.73876 -0.67393 0.00664 -0.81262 -0.58278 -0.00304 -0.9107 -0.41305 0.00486 -0.90951 -0.41565 0.00524 -0.98521 -0.1712 -0.00754 -0.96175 -0.27373 0.01025 -0.9791 -0.20339 4E-05 -0.96847 -0.24906 -0.00653 -0.94219 -0.33449 -0.02001 0.81769 -0.57565 -0 0.87022 -0.49266 -0.0016 0.92344 -0.38373 0.00171 0.98104 -0.19378 -0.00172 0.99853 -0.0542 0.00207 0.99016 0.13993 -0.00193 0.95564 0.29453 0.00198 0.92339 0.38387 -0 -0.28774 0.95771 -0 -0.2877 0.95772 1E-05 -0.22399 0.97459 -6E-05 -0.2239 0.97461 6E-05 -0.11363 0.99352 -6E-05 -0.11354 0.99353 6E-05 0.06416 0.99794 -0 0.06412 0.99794 -1E-05 -0.00176 1 6E-05 0.0015 0.99999 0.00409 -0.05448 0.99851 -0 0.78285 -0.62221 -0 0.78285 -0.62221 -0 0.78285 -0.62221 0 0.78285 -0.62221 -0 0.78285 -0.62221 -0 0.78285 -0.62221 -0 0.78285 -0.62221 0 0.78285 -0.62221 0 0.78285 -0.62221 -0 0.78285 -0.62221 0 0.94767 -0.31925 -0.00087 -0.18344 -0.98235 0.03664 -0.50708 -0.8619 0 -0.51957 -0.85442 0.00246 -0.34477 -0.93869 -0.00101 -0.3436 -0.93911 -0.00109 -0.19036 -0.98171 0.00187 0.02625 -0.99941 -0.02201 0.19541 -0.98072 1E-05 0.21832 -0.97588 -0.00031 0.36147 -0.93238 0.00138 0.53575 -0.8443 -0.01143 0.42374 -0.90578 0.00221 0.70104 -0.71312 -0.00173 0.85653 -0.5161 0.00071 0.8384 -0.54505 0.00379 0.67406 -0.73865 -0.00571 0.99435 -0.10618 -0 0.98988 -0.14187 0.0015 0.97219 -0.23417 -0.00283 0.91983 -0.39219 0.0096 -0.55422 -0.83237 0 -0.4898 -0.87181 -0.00664 -0.38433 -0.92319 0.00304 -0.19684 -0.98042 -0.00486 -0.19965 -0.97985 -0.00524 0.05558 -0.99843 0.00754 -0.04959 -0.99872 -0.01025 0.02285 -0.99974 -4E-05 -0.02405 -0.99969 0.00653 -0.1132 -0.99337 0.02001 0.62221 0.78285 -0 0.62221 0.78285 0 0.62221 0.78285 -0 0.62221 0.78285 -0 0.62221 0.78285 0 0.62221 0.78285 -0 0.62221 0.78285 0 0.62221 0.78285 0 0.62221 0.78285 -0 0.62221 0.78285 -0 0.62221 0.78285 0 0.20262 -0.16104 -0.96593 -0.20262 0.16104 -0.96593 -0.20262 0.16104 -0.96593 -0.55356 0.43997 -0.70711 -0.75617 0.60101 -0.25882 -0.75617 0.60101 0.25882 -0.55356 0.43997 0.70711 -0.20262 0.16104 0.96593 -0.20262 0.16104 0.96593 0.19339 -0.15371 0.96901 0.21009 -0.15161 0.96586 0.69595 -0.55313 -0.45793 0.62648 -0.49793 -0.59966 0.59206 -0.38922 -0.70567 0.47128 -0.38335 -0.79432 0.20122 -0.14383 -0.96893 0.77677 -0.57373 -0.25972 0.77741 -0.57335 -0.25866 0.78168 -0.62131 -0.05437 0.77876 -0.61893 0.10224 0.787 -0.56019 0.25848 0.72857 -0.58221 0.36086 0.54531 -0.45025 0.70705 0.54968 -0.21943 0.80604 0.6005 -0.4739 0.64407 -0.78285 0.62221 0 -0.78285 0.62221 0 -0.78285 0.62221 -0 -0.78285 0.62221 -0 -0.78285 0.62221 0 -0.78285 0.62221 -0 -0.78285 0.62221 0 -0.78285 0.62221 0 -0.78285 0.62221 0 -0.78285 0.62221 -0 -0.78285 0.62221 0 0.31912 0.94772 -0.00076 0.98235 -0.18344 0.03664 0.8619 -0.50708 -0 0.85442 -0.51957 0.00246 0.93869 -0.34477 -0.00101 0.93911 -0.3436 -0.00109 0.98171 -0.19036 0.00187 0.99941 0.02625 -0.02201 0.98072 0.19541 1E-05 0.97588 0.21832 -0.00031 0.93199 0.36247 0.00139 0.84379 0.53655 -0.01153 0.90578 0.42374 0.00221 0.71098 0.70321 -0.00176 0.51264 0.8586 0.00061 0.55214 0.83374 0.00469 0.74649 0.66535 -0.00746 0.11037 0.99389 -0 0.14188 0.98988 0.0015 0.25133 0.9679 -0.00304 0.40584 0.91387 0.01165 0.83237 -0.55422 -0 0.87181 -0.4898 -0.00664 0.92319 -0.38433 0.00304 0.98042 -0.19684 -0.00486 0.97985 -0.19965 -0.00524 0.99843 0.05558 0.00754 0.99872 -0.04959 -0.01025 0.99974 0.02285 -4E-05 0.99969 -0.02405 0.00653 0.99337 -0.1132 0.02001 0.16104 0.20262 -0.96593 -0.16104 -0.20262 -0.96593 -0.16104 -0.20262 -0.96593 -0.43997 -0.55356 -0.70711 -0.60101 -0.75617 -0.25882 -0.60101 -0.75617 0.25882 -0.43997 -0.55356 0.70711 -0.16104 -0.20262 0.96593 -0.16104 -0.20262 0.96593 0.15371 0.19339 0.96901 0.15161 0.21009 0.96586 0.55313 0.69595 -0.45793 0.49793 0.62648 -0.59966 0.38922 0.59206 -0.70567 0.38335 0.47128 -0.79432 0.14383 0.20122 -0.96893 0.57373 0.77677 -0.25972 0.57335 0.77741 -0.25866 0.62131 0.78168 -0.05437 0.61893 0.77876 0.10225 0.56019 0.787 0.25848 0.58221 0.72857 0.36087 0.45025 0.54531 0.70705 0.21943 0.54968 0.80604 0.47389 0.6005 0.64407 -0.9477 0.31915 -0.00073 0.18123 0.98271 0.03791 0.50708 0.8619 -0 0.51957 0.85442 0.00246 0.33964 0.94056 -0.00111 0.3433 0.93923 -0.00083 0.18534 0.98267 0.00131 -0.02969 0.99931 -0.02239 -0.19917 0.97996 1E-05 -0.22207 0.97503 -0.00027 -0.36147 0.93238 0.00138 -0.53773 0.84304 -0.01159 -0.42337 0.90595 0.00257 -0.70123 0.71294 -0.00194 -0.85717 0.51504 0.0006 -0.8384 0.54505 0.00379 -0.67602 0.73686 -0.00561 -0.99434 0.10621 0 -0.98988 0.14188 0.0015 -0.97219 0.23416 -0.00283 -0.92031 0.39107 0.00952 0.55422 0.83237 -0 0.4898 0.87181 -0.00664 0.38434 0.92319 0.00304 0.19684 0.98042 -0.00486 0.19965 0.97985 -0.00524 -0.05927 0.99821 0.00772 0.04629 0.99887 -0.01064 -0.02671 0.99964 -5E-05 0.02043 0.99977 0.00676 0.11067 0.99364 0.02081 -0.62221 -0.78285 0 -0.62221 -0.78285 -0 -0.62221 -0.78285 0 -0.62221 -0.78285 0 -0.62221 -0.78285 0 -0.62221 -0.78285 0 -0.62221 -0.78285 0 -0.62221 -0.78285 -0 -0.62221 -0.78285 -0 -0.62221 -0.78285 0 -0.62221 -0.78285 -0 -0.20262 0.16104 -0.96593 0.20262 -0.16104 -0.96593 0.20262 -0.16104 -0.96593 0.55356 -0.43997 -0.70711 0.75617 -0.60101 -0.25882 0.75617 -0.60101 0.25882 0.55356 -0.43997 0.70711 0.20262 -0.16104 0.96593 0.20262 -0.16104 0.96593 -0.19339 0.15371 0.96901 -0.21009 0.15161 0.96586 -0.69595 0.55313 -0.45793 -0.62648 0.49793 -0.59966 -0.59206 0.38922 -0.70567 -0.47128 0.38335 -0.79432 -0.20122 0.14383 -0.96893 -0.77677 0.57373 -0.25972 -0.77741 0.57335 -0.25866 -0.78168 0.62131 -0.05437 -0.77876 0.61893 0.10225 -0.787 0.56019 0.25848 -0.72857 0.58221 0.36087 -0.54531 0.45025 0.70705 -0.54968 0.21943 0.80604 -0.6005 0.47389 0.64407 -0.31925 -0.94767 -0.00087 -0.98235 0.18344 0.03664 -0.8619 0.50708 0 -0.85442 0.51957 0.00246 -0.93869 0.34477 -0.00101 -0.93911 0.3436 -0.00109 -0.98171 0.19036 0.00187 -0.99941 -0.02625 -0.02201 -0.98072 -0.19541 1E-05 -0.97588 -0.21832 -0.00031 -0.93238 -0.36147 0.00138 -0.8443 -0.53575 -0.01143 -0.90578 -0.42374 0.00221 -0.71312 -0.70104 -0.00173 -0.5161 -0.85653 0.00071 -0.54505 -0.8384 0.00379 -0.73865 -0.67406 -0.00571 -0.10618 -0.99435 0 -0.14187 -0.98988 0.0015 -0.23417 -0.97219 -0.00283 -0.39219 -0.91983 0.0096 -0.83237 0.55422 0 -0.87181 0.4898 -0.00664 -0.92319 0.38433 0.00304 -0.98042 0.19684 -0.00486 -0.97985 0.19965 -0.00524 -0.99843 -0.05558 0.00754 -0.99872 0.04959 -0.01025 -0.99974 -0.02285 -4E-05 -0.99969 0.02405 0.00653 -0.99337 0.1132 0.02001 0.78285 -0.62221 0 0.78285 -0.62221 -0 0.78285 -0.62221 0 0.78285 -0.62221 0 0.78285 -0.62221 0 0.78285 -0.62221 -0 0.78285 -0.62221 0 0.78285 -0.62221 -0 0.78285 -0.62221 -0 0.78285 -0.62221 0 0.78285 -0.62221 -0 -0.16104 -0.20262 -0.96593 0.16104 0.20262 -0.96593 0.16104 0.20262 -0.96593 0.43997 0.55356 -0.70711 0.60101 0.75617 -0.25882 0.60101 0.75617 0.25882 0.43997 0.55356 0.70711 0.16104 0.20262 0.96593 0.16104 0.20262 0.96593 -0.15371 -0.19339 0.96901 -0.15161 -0.21009 0.96586 -0.55313 -0.69595 -0.45793 -0.49793 -0.62648 -0.59966 -0.38922 -0.59206 -0.70567 -0.38335 -0.47128 -0.79432 -0.14383 -0.20122 -0.96893 -0.57373 -0.77677 -0.25972 -0.57335 -0.77741 -0.25866 -0.62131 -0.78168 -0.05437 -0.61893 -0.77876 0.10225 -0.56019 -0.787 0.25848 -0.58221 -0.72857 0.36087 -0.45025 -0.54531 0.70705 -0.21943 -0.54968 0.80604 -0.47389 -0.6005 0.64407 0.19511 -0.17045 0.96586 0.47982 -0.37259 0.79432 0.5128 -0.48894 0.70567 0.62648 -0.49793 0.59966 0.73402 -0.62794 0.25866 0.73425 -0.62723 0.25972 0.69593 -0.55315 0.45793 0.72336 -0.64026 -0.25848 0.77873 -0.61898 -0.10225 0.7817 -0.62128 0.05437 0.33783 -0.48597 -0.80604 0.5972 -0.47804 -0.64407 0.73162 -0.57836 -0.36087 0.19339 -0.15371 0.96901 -0.20262 0.16104 0.96593 -0.20262 0.16104 0.96593 -0.20262 0.16104 -0.96593 -0.20262 0.16104 -0.96593 0.19339 -0.15371 -0.96901 0.19511 -0.17045 -0.96586 0.56171 -0.42961 -0.70705 0.17684 0.66356 -0.72692 0.04198 0.6865 -0.72591 -0.02 0.73536 -0.67738 -0.01007 0.78958 -0.61357 -0.08901 0.78988 -0.60676 -0.13868 0.8303 -0.53979 -0.13487 0.87762 -0.45999 -0.19331 0.87175 -0.4502 -0.26224 0.92429 -0.27735 -0.26224 0.92429 -0.27735 -0.29446 0.95191 -0.08459 -0.2517 0.96626 -0.0546 -0.29541 0.95496 0.0282 -0.28612 0.94326 0.16851 -0.19473 0.97446 0.11184 -0.27057 0.93466 0.23066 -0.24633 0.91553 0.31801 -0.17137 0.91526 0.3646 -0.2077 0.88384 0.41914 -0.16624 0.85237 0.49581 -0.08859 0.83172 0.54809 -0.11063 0.80554 0.58212 0.01181 0.70647 0.70765 0.01181 0.70647 0.70765 0.17376 0.57775 0.79751 0.19688 0.63961 0.74306 0.23462 0.53351 0.81261 0.34869 0.43871 0.82822 0.36609 0.54364 0.75527 0.39452 0.40574 0.82446 0.46679 0.34897 0.81261 0.54502 0.34077 0.76605 0.55174 0.27981 0.78568 0.68557 0.17096 0.70765 0.68557 0.17096 0.70764 0.80973 0.07404 0.58212 0.83025 0.10142 0.54809 0.8679 0.03043 0.49581 0.92437 -0.01884 0.38103 0.91641 0.08361 0.39141 0.99036 -0.0682 0.12054 0.98694 -0.0038 0.16105 0.97161 -0.05263 0.23067 0.9475 -0.03334 0.31801 0.99381 -0.07202 -0.08459 0.95962 -0.04686 -0.27735 0.95962 -0.04686 -0.27735 0.89289 0.00844 -0.4502 0.88542 0.06669 -0.45999 0.84017 0.0523 -0.53979 0.75787 0.1135 -0.64246 0.80797 0.18505 -0.55942 0.7209 0.14649 -0.67738 0.65932 0.19584 -0.72591 0.62598 0.2793 -0.72811 0.09038 0.64402 -0.75965 0.26041 0.50888 -0.8205 0.26041 0.50888 -0.8205 0.43698 0.36854 -0.8205 0.43698 0.36854 -0.8205 0.57862 0.25867 -0.7735 0.94265 0.31416 0.11273 0.94266 0.31415 0.11273 0.9031 0.34559 0.25491 0.9031 0.3456 0.25491 0.83498 0.39974 0.37818 0.83498 0.39974 0.37819 0.74334 0.47257 0.47341 0.74334 0.47257 0.47341 0.635 0.55868 0.53353 0.635 0.55868 0.53353 0.51797 0.6517 0.55407 0.51797 0.6517 0.55407 0.40095 0.74471 0.53353 0.40095 0.74471 0.53353 0.2926 0.83082 0.47341 0.2926 0.83082 0.47341 0.20097 0.90365 0.37819 0.20097 0.90365 0.37818 0.13285 0.9578 0.25491 0.13285 0.9578 0.25491 0.09329 0.98924 0.11273 0.09329 0.98924 0.11273 0.08523 0.99564 -0.03781 0.08523 0.99564 -0.03781 0.10926 0.97654 -0.18555 0.10926 0.97654 -0.18555 0.16361 0.93335 -0.31952 0.16361 0.93335 -0.31952 0.24423 0.86926 -0.4298 0.24423 0.86926 -0.4298 0.34516 0.78905 -0.5082 0.34516 0.78905 -0.5082 0.45891 0.69864 -0.54891 0.45891 0.69864 -0.54891 0.57704 0.60475 -0.54891 0.57704 0.60475 -0.54891 0.69078 0.51435 -0.5082 0.69078 0.51435 -0.5082 0.79171 0.43413 -0.4298 0.79171 0.43413 -0.4298 0.87234 0.37004 -0.31952 0.87234 0.37004 -0.31952 0.92668 0.32685 -0.18555 0.92668 0.32685 -0.18555 0.77048 0.63711 -0.02125 0.76165 0.64796 0.0066 0.75963 0.64915 0.03964 0.75963 0.64915 0.03964 0.74572 0.6602 0.08964 0.74572 0.6602 0.08964 0.72176 0.67924 0.13299 0.72176 0.67924 0.13299 0.68954 0.70485 0.16648 0.68954 0.70485 0.16648 0.65144 0.73514 0.18762 0.65144 0.73514 0.18761 0.61029 0.76784 0.19484 0.61029 0.76784 0.19484 0.56914 0.80055 0.18762 0.56914 0.80055 0.18761 0.53104 0.83083 0.16647 0.53104 0.83083 0.16647 0.49881 0.85645 0.13299 0.49881 0.85645 0.13299 0.47486 0.87548 0.08964 0.47486 0.87549 0.08964 0.46095 0.88654 0.03964 0.46095 0.88654 0.03964 0.45811 0.88879 -0.0133 0.45811 0.88879 -0.0133 0.46657 0.88208 -0.06525 0.46657 0.88208 -0.06525 0.48568 0.86689 -0.11236 0.48568 0.86689 -0.11236 0.51403 0.84435 -0.15114 0.51403 0.84435 -0.15114 0.54952 0.81614 -0.17871 0.54952 0.81614 -0.17871 0.58952 0.78435 -0.19302 0.58952 0.78435 -0.19302 0.63106 0.75134 -0.19302 0.63106 0.75134 -0.19302 0.67106 0.71955 -0.17871 0.67106 0.71955 -0.17871 0.70655 0.69134 -0.15114 0.70655 0.69134 -0.15114 0.7349 0.6688 -0.11236 0.7349 0.6688 -0.11236 0.75401 0.65361 -0.06525 0.75401 0.65361 -0.06525 0.76246 0.64689 -0.0133 0.95072 0.30775 -0.03781 0.95072 0.30775 -0.03781 0.99814 -0.02712 -0.0546 0.99699 -0.07225 0.0282 -0.45925 -0.88809 -0.01984 -0.46656 -0.88208 -0.06525 -0.46657 -0.88208 -0.06525 -0.48568 -0.86689 -0.11236 -0.48567 -0.86689 -0.11236 -0.51403 -0.84435 -0.15114 -0.51403 -0.84435 -0.15114 -0.54952 -0.81614 -0.17871 -0.54952 -0.81614 -0.17871 -0.58952 -0.78435 -0.19302 -0.58952 -0.78435 -0.19302 -0.63106 -0.75134 -0.19302 -0.63106 -0.75134 -0.19302 -0.67106 -0.71955 -0.17871 -0.67106 -0.71955 -0.17871 -0.70655 -0.69134 -0.15114 -0.70655 -0.69134 -0.15114 -0.7349 -0.6688 -0.11236 -0.7349 -0.6688 -0.11236 -0.75401 -0.65361 -0.06525 -0.75401 -0.65361 -0.06525 -0.76246 -0.6469 -0.0133 -0.76246 -0.64689 -0.0133 -0.75963 -0.64915 0.03964 -0.75963 -0.64915 0.03964 -0.74572 -0.6602 0.08964 -0.74572 -0.6602 0.08964 -0.72176 -0.67924 0.13299 -0.72176 -0.67924 0.13299 -0.68954 -0.70485 0.16647 -0.68954 -0.70485 0.16648 -0.65144 -0.73514 0.18761 -0.65144 -0.73514 0.18762 -0.61029 -0.76784 0.19484 -0.61029 -0.76784 0.19484 -0.56914 -0.80055 0.18761 -0.56914 -0.80055 0.18762 -0.53104 -0.83083 0.16648 -0.53104 -0.83083 0.16648 -0.49881 -0.85645 0.13299 -0.49881 -0.85645 0.13299 -0.47486 -0.87548 0.08964 -0.47486 -0.87548 0.08964 -0.46095 -0.88654 0.03964 -0.46095 -0.88654 0.03964 -0.45933 -0.88824 0.0066 -0.45013 -0.89285 -0.0139 -0.45891 -0.69864 -0.54891 -0.34516 -0.78905 -0.5082 -0.34516 -0.78904 -0.5082 -0.24423 -0.86926 -0.4298 -0.24423 -0.86926 -0.4298 -0.16361 -0.93335 -0.31952 -0.16361 -0.93335 -0.31952 -0.10926 -0.97654 -0.18555 -0.10926 -0.97654 -0.18555 -0.08523 -0.99564 -0.03781 -0.08523 -0.99564 -0.03781 -0.09329 -0.98924 0.11273 -0.09329 -0.98924 0.11273 -0.13284 -0.9578 0.25491 -0.13285 -0.9578 0.25491 -0.20097 -0.90365 0.37818 -0.20097 -0.90365 0.37819 -0.2926 -0.83082 0.47341 -0.2926 -0.83082 0.47341 -0.40095 -0.74471 0.53353 -0.40095 -0.74471 0.53353 -0.51797 -0.6517 0.55407 -0.51797 -0.6517 0.55407 -0.635 -0.55868 0.53353 -0.635 -0.55868 0.53353 -0.74334 -0.47257 0.47341 -0.74334 -0.47257 0.47341 -0.83498 -0.39974 0.37819 -0.83498 -0.39974 0.37818 -0.9031 -0.3456 0.25491 -0.9031 -0.3456 0.25491 -0.94266 -0.31415 0.11273 -0.94266 -0.31415 0.11273 -0.95072 -0.30775 -0.03781 -0.95072 -0.30775 -0.03781 -0.92668 -0.32685 -0.18555 -0.92668 -0.32685 -0.18555 -0.87234 -0.37004 -0.31952 -0.87234 -0.37004 -0.31952 -0.79171 -0.43413 -0.4298 -0.79171 -0.43413 -0.4298 -0.69078 -0.51435 -0.5082 -0.69078 -0.51435 -0.5082 -0.57704 -0.60475 -0.54891 -0.57704 -0.60475 -0.54891 -0.45891 -0.69864 -0.54891 -0.82744 -0.19432 -0.52685 -0.72891 -0.02243 -0.68424 -0.90601 -0.07397 -0.41674 -0.87286 0.01245 -0.48781 -0.96297 0.02249 -0.26868 -0.96126 0.02976 -0.27403 -0.99195 0.08536 -0.09348 -0.99814 0.02712 -0.0546 -0.98959 0.10822 0.09487 -0.98694 0.0038 0.16104 -0.97161 0.05263 0.23066 -0.9475 0.03333 0.31801 -0.90808 -0.10658 0.40501 -0.91281 0.08828 0.39873 -0.81715 -0.12305 0.56314 -0.82057 -0.05312 0.56907 -0.69616 -0.17204 0.69697 -0.69441 -0.19739 0.69197 -0.55411 -0.25076 0.79378 -0.54502 -0.34077 0.76605 -0.46679 -0.34897 0.81261 0.27057 -0.93466 0.23067 0.24633 -0.91553 0.31801 0.17138 -0.91526 0.3646 0.22834 -0.8634 0.44988 0.08859 -0.83172 0.54809 0.1144 -0.80084 0.58785 -0.0186 -0.71071 0.70324 -0.02988 -0.72861 0.68428 -0.1452 -0.55234 0.82088 -0.19154 -0.65304 0.7327 -0.2835 -0.35669 0.89017 -0.35626 -0.58078 0.73196 -0.39452 -0.40574 0.82446 0.17681 -0.98062 0.08435 0.36801 -0.91265 0.17787 0.23311 -0.96842 -0.08846 0.31782 -0.94642 -0.0573 0.24733 -0.93046 -0.27033 0.23885 -0.93202 -0.27256 0.21615 -0.86859 -0.44591 0.13487 -0.87762 -0.45999 0.14085 -0.78737 -0.60018 0.01007 -0.78958 -0.61357 0.02 -0.73536 -0.67738 -0.7209 -0.14649 -0.67738 -0.65932 -0.19584 -0.72591 -0.62598 -0.2793 -0.72811 -0.55233 -0.24721 -0.79613 -0.45403 -0.39481 -0.79873 -0.42195 -0.38199 -0.82222 -0.26041 -0.50888 -0.8205 -0.30095 -0.52305 -0.7974 -0.05006 -0.61328 -0.78828 -0.19901 -0.65853 -0.72576 -0.04198 -0.6865 -0.72591 0.07929 0.3711 0.9252 -0.22718 -0.11062 0.96755 -0.89093 0.27417 0.36204 0.14 -0.54531 -0.82646 0.41332 -0.76059 0.50067 0.31046 -0.67884 0.66543 0.18149 -0.57632 0.79682 0.03285 -0.45819 0.88825 -0.12798 -0.33036 0.93514 0.22556 -0.58818 -0.77664 -0.91065 0.31727 0.26466 -0.26146 -0.22579 0.93843 -0.28775 -0.19214 0.93823 -0.34363 -0.161 0.9252 -0.45378 -0.07141 0.88825 -0.45378 -0.07141 0.88825 -0.39359 0.02164 0.91903 -0.39359 0.02164 0.91903 -0.32823 0.11434 0.93765 -0.60241 0.04673 0.79682 -0.60241 0.04673 0.79682 -0.54737 0.14387 0.82443 -0.54737 0.14387 0.82443 -0.48513 0.23905 0.84113 -0.48513 0.23905 0.84113 -0.4165 0.33104 0.84672 -0.73139 0.14924 0.66543 -0.73139 0.14924 0.66543 -0.68082 0.24993 0.68849 -0.68082 0.24993 0.68849 -0.62128 0.34726 0.70244 -0.62128 0.34726 0.70244 -0.55356 0.43997 0.70711 -0.47853 0.52687 0.70244 -0.83425 0.23099 0.50067 -0.83425 0.23099 0.50067 -0.78724 0.33452 0.51802 -0.78724 0.33452 0.51802 -0.72986 0.43356 0.52852 -0.72986 0.43356 0.52852 -0.66286 0.52684 0.53203 -0.5871 0.61317 0.52852 -0.5871 0.61317 0.52852 -0.50357 0.69143 0.51802 0.39359 -0.02164 0.91903 0.54737 -0.14387 0.82443 0.54737 -0.14387 0.82443 0.48513 -0.23905 0.84113 0.68082 -0.24993 0.68849 0.68082 -0.24993 0.68849 0.62128 -0.34726 0.70244 0.62128 -0.34726 0.70244 0.55356 -0.43997 0.70711 0.78724 -0.33452 0.51802 0.78724 -0.33452 0.51802 0.72986 -0.43356 0.52852 0.72986 -0.43356 0.52852 0.66286 -0.52684 0.53203 0.5871 -0.61317 0.52852 0.61561 -0.78048 -0.10902 0.61561 -0.78048 -0.10902 0.70141 -0.70402 -0.11123 0.70141 -0.70402 -0.11123 0.77793 -0.6183 -0.11196 0.84417 -0.52441 -0.11123 0.84417 -0.52441 -0.11123 0.89928 -0.42357 -0.10902 0.89928 -0.42357 -0.10902 0.57763 -0.75029 -0.32158 0.57763 -0.75029 -0.32158 0.66266 -0.67322 -0.3281 0.66266 -0.67322 -0.3281 0.73892 -0.5873 -0.33028 0.80542 -0.49361 -0.3281 0.80542 -0.49361 -0.3281 0.8613 -0.39338 -0.32158 0.8613 -0.39338 -0.32158 0.50357 -0.69143 -0.51802 0.50357 -0.69143 -0.51802 0.5871 -0.61317 -0.52852 0.5871 -0.61317 -0.52852 0.66286 -0.52684 -0.53203 0.72986 -0.43356 -0.52852 0.72986 -0.43356 -0.52852 0.78724 -0.33452 -0.51802 0.78724 -0.33452 -0.51802 0.03285 -0.45819 -0.88825 0.03285 -0.45819 -0.88825 0.10992 -0.37855 -0.91903 0.10992 -0.37855 -0.91903 0.18547 -0.29395 -0.93765 0.18547 -0.29395 -0.93765 0.25856 -0.2055 -0.94388 0.32823 -0.11434 -0.93765 0.32823 -0.11434 -0.93765 0.39359 -0.02164 -0.91903 0.39359 -0.02164 -0.91903 -0.12798 -0.33036 -0.93514 -0.12798 -0.33036 -0.93514 -0.05649 -0.24628 -0.96755 -0.05649 -0.24628 -0.96755 0.0157 -0.15901 -0.98715 0.0157 -0.15901 -0.98715 0.08765 -0.06967 -0.99371 0.15845 0.0206 -0.98715 0.15845 0.0206 -0.98715 0.22718 0.11062 -0.96755 0.22718 0.11062 -0.96755 -0.29295 -0.19924 -0.93514 -0.29295 -0.19924 -0.93514 -0.22718 -0.11062 -0.96755 -0.22718 -0.11062 -0.96755 -0.15845 -0.0206 -0.98715 -0.15845 -0.0206 -0.98715 -0.08765 0.06967 -0.99371 -0.0157 0.15901 -0.98715 -0.0157 0.15901 -0.98715 0.05649 0.24628 -0.96755 0.05649 0.24628 -0.96755 -0.45378 -0.07141 -0.88825 -0.45378 -0.07141 -0.88825 -0.39359 0.02164 -0.91903 -0.39359 0.02164 -0.91903 -0.32823 0.11434 -0.93765 -0.32823 0.11434 -0.93765 -0.25856 0.2055 -0.94388 -0.18547 0.29395 -0.93765 -0.18547 0.29395 -0.93765 -0.10992 0.37855 -0.91903 -0.10992 0.37855 -0.91903 -0.78724 0.33452 -0.51802 -0.78724 0.33452 -0.51802 -0.72986 0.43356 -0.52852 -0.72986 0.43356 -0.52852 -0.66286 0.52684 -0.53203 -0.5871 0.61317 -0.52852 -0.5871 0.61317 -0.52852 -0.50357 0.69143 -0.51802 -0.50357 0.69142 -0.51802 -0.8613 0.39338 -0.32158 -0.8613 0.39338 -0.32158 -0.80542 0.49361 -0.3281 -0.80542 0.49361 -0.3281 -0.73892 0.5873 -0.33028 -0.66266 0.67322 -0.3281 -0.66266 0.67322 -0.3281 -0.57763 0.75029 -0.32158 -0.57763 0.75029 -0.32158 -0.89928 0.42357 -0.10902 -0.89928 0.42357 -0.10902 -0.84417 0.52441 -0.11123 -0.84417 0.52441 -0.11123 -0.77793 0.6183 -0.11196 -0.70141 0.70402 -0.11123 -0.70141 0.70402 -0.11123 -0.61561 0.78048 -0.10902 -0.61561 0.78047 -0.10902 0.50357 -0.69143 0.51802 0.5871 -0.61317 0.52852 0.47853 -0.52687 0.70244 0.4165 -0.33104 0.84672 0.48513 -0.23905 0.84113 0.32823 -0.11434 0.93765 0.39359 -0.02164 0.91903 0.22718 0.11062 0.96755 0.28775 0.19214 0.93823 0.26146 0.22579 0.93843 0.73139 -0.14924 0.66543 0.73318 -0.15292 0.66262 0.6032 -0.04523 0.79631 0.59661 -0.03305 0.80185 0.45098 0.06688 0.89003 0.44049 0.08274 0.89394 0.34363 0.161 0.9252 0.93963 -0.3135 0.13718 0.90583 -0.28788 0.31081 0.8613 -0.39338 0.32158 0.8613 -0.39338 0.32158 0.80542 -0.49361 0.3281 0.80542 -0.49361 0.3281 0.73892 -0.5873 0.33028 0.66266 -0.67322 0.3281 0.66266 -0.67322 0.3281 0.57763 -0.75029 0.32158 0.57763 -0.75029 0.32158 0.49304 -0.81218 0.31189 0.46818 -0.80606 0.36204 0.91065 -0.31727 0.26467 0.89093 -0.27417 0.36204 0.83425 -0.23099 0.50067 0.84132 -0.25035 0.47906 0.80034 -0.20179 0.56457 0.61561 -0.78048 0.10902 0.61561 -0.78048 0.10902 0.70141 -0.70402 0.11123 0.70141 -0.70402 0.11123 0.77793 -0.6183 0.11196 0.84417 -0.52441 0.11123 0.84417 -0.52441 0.11123 0.89928 -0.42357 0.10902 0.89928 -0.42357 0.10902 0.93983 -0.32489 0.10567 0.63296 -0.06936 -0.77107 0.73139 -0.14924 -0.66543 0.68082 -0.24993 -0.68849 0.68082 -0.24993 -0.68849 0.62128 -0.34726 -0.70244 0.62128 -0.34726 -0.70244 0.55356 -0.43997 -0.70711 0.47852 -0.52687 -0.70244 0.47852 -0.52687 -0.70244 0.39715 -0.60684 -0.68849 0.39715 -0.60684 -0.68849 0.70439 -0.1462 -0.6946 0.76876 -0.17682 -0.61461 0.83425 -0.23099 -0.50067 0.82638 -0.23154 -0.51331 0.90774 -0.28251 -0.31017 0.90585 -0.28352 -0.31473 0.94153 -0.31999 -0.10548 0.94341 -0.31735 -0.09623 0.94732 -0.31867 0.03211 0.49572 -0.82784 0.26259 0.52161 -0.84665 0.10537 0.52161 -0.84665 0.10536 0.52161 -0.84665 -0.10537 0.52161 -0.84665 -0.10536 0.4849 -0.81748 -0.31081 0.4849 -0.81748 -0.31081 0.41332 -0.76059 -0.50067 0.41332 -0.76059 -0.50067 0.31046 -0.67884 -0.66543 0.31047 -0.67884 -0.66543 0.18149 -0.57632 -0.79682 0.2637 -0.50077 -0.82443 0.2637 -0.50078 -0.82443 0.34237 -0.41866 -0.84113 0.34237 -0.41866 -0.84113 0.4165 -0.33104 -0.84672 0.48513 -0.23905 -0.84113 0.48513 -0.23905 -0.84113 0.54737 -0.14387 -0.82443 0.54737 -0.14387 -0.82443 0.5981 -0.05489 -0.79954 -0.28886 0.66305 -0.6906 -0.18149 0.57632 -0.79682 -0.2637 0.50077 -0.82443 -0.2637 0.50077 -0.82443 -0.34237 0.41866 -0.84113 -0.34237 0.41866 -0.84113 -0.4165 0.33104 -0.84672 -0.48513 0.23905 -0.84113 -0.48513 0.23905 -0.84113 -0.54737 0.14387 -0.82443 -0.54737 0.14387 -0.82443 -0.5981 0.05489 -0.79954 -0.56284 0.01331 -0.82646 -0.22556 0.58818 -0.77664 -0.14 0.54531 -0.82646 -0.03286 0.45819 -0.88825 -0.05618 0.46531 -0.88336 0.13429 0.33766 -0.93164 0.10955 0.34384 -0.93262 0.29295 0.19924 -0.93514 0.31583 0.19212 -0.92916 0.45046 0.06604 -0.89035 0.47105 0.05862 -0.88016 0.56284 -0.01331 -0.82646 -0.68082 0.24993 -0.68849 -0.68082 0.24993 -0.68849 -0.62128 0.34726 -0.70244 -0.62128 0.34726 -0.70244 -0.55356 0.43997 -0.70711 -0.47853 0.52687 -0.70244 -0.47853 0.52687 -0.70244 -0.39715 0.60684 -0.68849 -0.39715 0.60684 -0.68849 -0.31732 0.67359 -0.66753 -0.49572 0.82784 0.26258 -0.52161 0.84665 0.10537 -0.61561 0.78048 0.10902 -0.61561 0.78047 0.10902 -0.70141 0.70402 0.11123 -0.70141 0.70402 0.11123 -0.77793 0.6183 0.11196 -0.84417 0.52441 0.11123 -0.84417 0.52441 0.11123 -0.89928 0.42357 0.10902 -0.89928 0.42357 0.10902 -0.52962 0.83695 0.13788 -0.52426 0.85095 0.03211 -0.52161 0.84665 -0.10537 -0.52557 0.84528 -0.09637 -0.48182 0.81945 -0.3104 -0.47895 0.81958 -0.31449 -0.41691 0.7581 -0.50146 -0.40712 0.75625 -0.51219 -0.34576 0.70902 -0.61461 -0.46818 0.80606 0.36204 -0.49304 0.81218 0.31189 -0.57763 0.75029 0.32158 -0.57763 0.75029 0.32158 -0.66266 0.67322 0.3281 -0.66266 0.67322 0.3281 -0.73892 0.5873 0.33028 -0.80542 0.49361 0.3281 -0.80542 0.49361 0.3281 -0.8613 0.39338 0.32158 -0.8613 0.39338 0.32158 -0.90583 0.28788 0.31081 -0.94254 0.31706 0.10537 -0.94254 0.31706 0.10536 -0.94254 0.31706 -0.10537 -0.94254 0.31706 -0.10536 -0.90583 0.28788 -0.31081 -0.90583 0.28788 -0.31081 -0.83425 0.23099 -0.50067 -0.83425 0.23099 -0.50067 -0.73139 0.14924 -0.66543 -0.73139 0.14924 -0.66543 -0.63296 0.06936 -0.77107 -0.37722 0.73414 0.56457 -0.12798 -0.33036 0.93514 -0.05649 -0.24628 0.96755 -0.22718 -0.11062 0.96755 -0.15845 -0.0206 0.98715 -0.32823 0.11434 0.93765 -0.25856 0.2055 0.94388 -0.34237 0.41866 0.84113 -0.47853 0.52687 0.70244 -0.39715 0.60684 0.68849 -0.50357 0.69143 0.51802 -0.41942 0.75635 0.50202 -0.42378 0.77 0.47698 0.03285 -0.45819 0.88825 0.10992 -0.37855 0.91903 -0.05649 -0.24628 0.96755 0.0157 -0.15901 0.98715 -0.15845 -0.0206 0.98715 -0.08765 0.06967 0.99371 -0.18547 0.29395 0.93765 -0.34237 0.41866 0.84113 -0.2637 0.50077 0.82443 -0.39715 0.60684 0.68849 -0.31172 0.67788 0.66581 -0.31287 0.68095 0.66213 0.18149 -0.57632 0.79682 0.2637 -0.50077 0.82443 0.10992 -0.37855 0.91903 0.18547 -0.29395 0.93765 0.0157 -0.15901 0.98715 0.08765 -0.06967 0.99371 -0.0157 0.15901 0.98715 -0.18547 0.29395 0.93765 -0.10992 0.37855 0.91903 -0.2637 0.50077 0.82443 -0.17572 0.58126 0.79452 -0.17128 0.56993 0.80364 0.31046 -0.67884 0.66543 0.39715 -0.60684 0.68849 0.2637 -0.50077 0.82443 0.34237 -0.41866 0.84113 0.25856 -0.2055 0.94388 0.15845 0.0206 0.98715 -0.0157 0.15901 0.98715 0.05649 0.24628 0.96755 -0.10992 0.37855 0.91903 -0.03285 0.45819 0.88825 -0.02429 0.44228 0.89655 0.41332 -0.76059 0.50067 0.50357 -0.69143 0.51802 0.39715 -0.60684 0.68849 0.47853 -0.52687 0.70244 0.34237 -0.41866 0.84113 0.15845 0.0206 0.98715 0.22718 0.11062 0.96755 0.05649 0.24628 0.96755 0.12798 0.33036 0.93514 0.14976 0.29226 0.94454 0.62221 0.78285 0 0.62221 0.78285 -0 0.62221 0.78285 0 0.62221 0.78285 0 0.62221 0.78285 -0 0.62221 0.78285 -0 0.62221 0.78285 0 0.62221 0.78285 -0 0.62221 0.78285 0 0.62221 0.78285 -0 0.62221 0.78285 -0 0.62221 0.78285 0 0.62221 0.78285 -0 0.62221 0.78285 0 0.62221 0.78285 -0 0.62221 0.78285 -0 0.62221 0.78285 -0 0.62221 0.78285 0 0.62221 0.78285 0 0.62221 0.78285 0 0.62221 0.78285 -0 0.62221 0.78285 -0 0.62221 0.78285 -0 0.62221 0.78285 0 0.62221 0.78285 0 0.62221 0.78285 -0 0.62221 0.78285 -0 0.62221 0.78285 -0 0.62221 0.78285 -0 0.62221 0.78285 0 0.62221 0.78285 0 -0.62221 -0.78285 -0 -0.62221 -0.78285 0 -0.62221 -0.78285 -0 -0.62221 -0.78285 0 -0.62221 -0.78285 -0 -0.62221 -0.78285 -0 -0.62221 -0.78285 0 -0.62221 -0.78285 0 -0.62221 -0.78285 -0 -0.62221 -0.78285 -0 -0.62221 -0.78285 0 -0.62221 -0.78285 0 -0.62221 -0.78285 0 -0.62221 -0.78285 0 -0.62221 -0.78285 -0 -0.62221 -0.78285 0 -0.62221 -0.78285 -0 -0.62221 -0.78285 -0 -0.62221 -0.78285 -0 -0.62221 -0.78285 0 -0.62221 -0.78285 -0 -0.62221 -0.78285 -0 -0.62221 -0.78285 0 -0.62221 -0.78285 -0 -0.62221 -0.78285 0 -0.62221 -0.78285 -0 -0.62221 -0.78285 0 -0.62221 -0.78285 0 -0.62221 -0.78285 -0 -0.62221 -0.78285 -0 -0.62221 -0.78285 0 0.17045 0.19511 0.96586 0.37259 0.47982 0.79432 0.48894 0.5128 0.70567 0.49793 0.62648 0.59966 0.62794 0.73402 0.25866 0.62723 0.73425 0.25972 0.55315 0.69593 0.45793 0.64026 0.72336 -0.25848 0.61898 0.77873 -0.10225 0.62128 0.7817 0.05437 0.48597 0.33783 -0.80604 0.47804 0.5972 -0.64407 0.57836 0.73162 -0.36087 0.15371 0.19339 0.96901 -0.16104 -0.20262 0.96593 -0.16104 -0.20262 0.96593 -0.16104 -0.20262 -0.96593 -0.16104 -0.20262 -0.96593 0.15371 0.19339 -0.96901 0.17045 0.19511 -0.96586 0.42961 0.56171 -0.70705 -0.66356 0.17684 -0.72692 -0.6865 0.04198 -0.72591 -0.73536 -0.02 -0.67738 -0.78958 -0.01007 -0.61357 -0.78988 -0.08901 -0.60676 -0.8303 -0.13868 -0.53979 -0.87762 -0.13487 -0.45999 -0.87175 -0.19331 -0.4502 -0.92429 -0.26224 -0.27735 -0.92429 -0.26224 -0.27735 -0.95191 -0.29446 -0.08459 -0.96626 -0.2517 -0.0546 -0.95496 -0.29541 0.0282 -0.94326 -0.28612 0.16851 -0.97446 -0.19473 0.11184 -0.93466 -0.27057 0.23066 -0.91553 -0.24633 0.31801 -0.91526 -0.17137 0.3646 -0.88384 -0.2077 0.41914 -0.85237 -0.16624 0.49581 -0.83172 -0.08859 0.54809 -0.80554 -0.11063 0.58212 -0.70647 0.01181 0.70765 -0.70647 0.01181 0.70765 -0.57775 0.17376 0.79751 -0.63961 0.19688 0.74306 -0.53351 0.23462 0.81261 -0.43871 0.34869 0.82822 -0.54364 0.36609 0.75527 -0.40574 0.39452 0.82446 -0.34897 0.46679 0.81261 -0.34077 0.54502 0.76605 -0.27981 0.55174 0.78568 -0.17096 0.68557 0.70765 -0.17096 0.68557 0.70764 -0.07404 0.80973 0.58212 -0.10142 0.83025 0.54809 -0.03043 0.8679 0.49581 0.01884 0.92437 0.38103 -0.08361 0.91641 0.39141 0.0682 0.99036 0.12054 0.0038 0.98694 0.16105 0.05263 0.97161 0.23067 0.03334 0.9475 0.31801 0.07202 0.99381 -0.08459 0.04686 0.95962 -0.27735 0.04686 0.95962 -0.27735 -0.00844 0.89289 -0.4502 -0.06669 0.88542 -0.45999 -0.0523 0.84017 -0.53979 -0.1135 0.75787 -0.64246 -0.18505 0.80797 -0.55942 -0.14649 0.7209 -0.67738 -0.19584 0.65932 -0.72591 -0.2793 0.62598 -0.72811 -0.64402 0.09038 -0.75965 -0.50888 0.26041 -0.8205 -0.50888 0.26041 -0.8205 -0.36854 0.43698 -0.8205 -0.36854 0.43698 -0.8205 -0.25867 0.57862 -0.7735 -0.31416 0.94265 0.11273 -0.31415 0.94266 0.11273 -0.34559 0.9031 0.25491 -0.3456 0.9031 0.25491 -0.39974 0.83498 0.37818 -0.39974 0.83498 0.37819 -0.47257 0.74334 0.47341 -0.47257 0.74334 0.47341 -0.55868 0.635 0.53353 -0.55868 0.635 0.53353 -0.6517 0.51797 0.55407 -0.6517 0.51797 0.55407 -0.74471 0.40095 0.53353 -0.74471 0.40095 0.53353 -0.83082 0.2926 0.47341 -0.83082 0.2926 0.47341 -0.90365 0.20097 0.37819 -0.90365 0.20097 0.37818 -0.9578 0.13285 0.25491 -0.9578 0.13285 0.25491 -0.98924 0.09329 0.11273 -0.98924 0.09329 0.11273 -0.99564 0.08523 -0.03781 -0.99564 0.08523 -0.03781 -0.97654 0.10926 -0.18555 -0.97654 0.10926 -0.18555 -0.93335 0.16361 -0.31952 -0.93335 0.16361 -0.31952 -0.86926 0.24423 -0.4298 -0.86926 0.24423 -0.4298 -0.78905 0.34516 -0.5082 -0.78905 0.34516 -0.5082 -0.69864 0.45891 -0.54891 -0.69864 0.45891 -0.54891 -0.60475 0.57704 -0.54891 -0.60475 0.57704 -0.54891 -0.51435 0.69078 -0.5082 -0.51435 0.69078 -0.5082 -0.43413 0.79171 -0.4298 -0.43413 0.79171 -0.4298 -0.37004 0.87234 -0.31952 -0.37004 0.87234 -0.31952 -0.32685 0.92668 -0.18555 -0.32685 0.92668 -0.18555 -0.63711 0.77048 -0.02125 -0.64796 0.76165 0.0066 -0.64915 0.75963 0.03964 -0.64915 0.75963 0.03964 -0.6602 0.74572 0.08964 -0.6602 0.74572 0.08964 -0.67924 0.72176 0.13299 -0.67924 0.72176 0.13299 -0.70485 0.68954 0.16648 -0.70485 0.68954 0.16648 -0.73514 0.65144 0.18762 -0.73514 0.65144 0.18761 -0.76784 0.61029 0.19484 -0.76784 0.61029 0.19484 -0.80055 0.56914 0.18762 -0.80055 0.56914 0.18761 -0.83083 0.53104 0.16647 -0.83083 0.53104 0.16647 -0.85645 0.49881 0.13299 -0.85645 0.49881 0.13299 -0.87548 0.47486 0.08964 -0.87549 0.47486 0.08964 -0.88654 0.46095 0.03964 -0.88654 0.46095 0.03964 -0.88879 0.45811 -0.0133 -0.88879 0.45811 -0.0133 -0.88208 0.46657 -0.06525 -0.88208 0.46657 -0.06525 -0.86689 0.48568 -0.11236 -0.86689 0.48568 -0.11236 -0.84435 0.51403 -0.15114 -0.84435 0.51403 -0.15114 -0.81614 0.54952 -0.17871 -0.81614 0.54952 -0.17871 -0.78435 0.58952 -0.19302 -0.78435 0.58952 -0.19302 -0.75134 0.63106 -0.19302 -0.75134 0.63106 -0.19302 -0.71955 0.67106 -0.17871 -0.71955 0.67106 -0.17871 -0.69134 0.70655 -0.15114 -0.69134 0.70655 -0.15114 -0.6688 0.7349 -0.11236 -0.6688 0.7349 -0.11236 -0.65361 0.75401 -0.06525 -0.65361 0.75401 -0.06525 -0.64689 0.76246 -0.0133 -0.30775 0.95072 -0.03781 -0.30775 0.95072 -0.03781 0.02712 0.99814 -0.0546 0.07225 0.99699 0.0282 0.88809 -0.45925 -0.01984 0.88208 -0.46656 -0.06525 0.88208 -0.46657 -0.06525 0.86689 -0.48568 -0.11236 0.86689 -0.48567 -0.11236 0.84435 -0.51403 -0.15114 0.84435 -0.51403 -0.15114 0.81614 -0.54952 -0.17871 0.81614 -0.54952 -0.17871 0.78435 -0.58952 -0.19302 0.78435 -0.58952 -0.19302 0.75134 -0.63106 -0.19302 0.75134 -0.63106 -0.19302 0.71955 -0.67106 -0.17871 0.71955 -0.67106 -0.17871 0.69134 -0.70655 -0.15114 0.69134 -0.70655 -0.15114 0.6688 -0.7349 -0.11236 0.6688 -0.7349 -0.11236 0.65361 -0.75401 -0.06525 0.65361 -0.75401 -0.06525 0.6469 -0.76246 -0.0133 0.64689 -0.76246 -0.0133 0.64915 -0.75963 0.03964 0.64915 -0.75963 0.03964 0.6602 -0.74572 0.08964 0.6602 -0.74572 0.08964 0.67924 -0.72176 0.13299 0.67924 -0.72176 0.13299 0.70485 -0.68954 0.16647 0.70485 -0.68954 0.16648 0.73514 -0.65144 0.18761 0.73514 -0.65144 0.18762 0.76784 -0.61029 0.19484 0.76784 -0.61029 0.19484 0.80055 -0.56914 0.18761 0.80055 -0.56914 0.18762 0.83083 -0.53104 0.16648 0.83083 -0.53104 0.16648 0.85645 -0.49881 0.13299 0.85645 -0.49881 0.13299 0.87548 -0.47486 0.08964 0.87548 -0.47486 0.08964 0.88654 -0.46095 0.03964 0.88654 -0.46095 0.03964 0.88824 -0.45933 0.0066 0.89285 -0.45013 -0.0139 0.69864 -0.45891 -0.54891 0.78905 -0.34516 -0.5082 0.78904 -0.34516 -0.5082 0.86926 -0.24423 -0.4298 0.86926 -0.24423 -0.4298 0.93335 -0.16361 -0.31952 0.93335 -0.16361 -0.31952 0.97654 -0.10926 -0.18555 0.97654 -0.10926 -0.18555 0.99564 -0.08523 -0.03781 0.99564 -0.08523 -0.03781 0.98924 -0.09329 0.11273 0.98924 -0.09329 0.11273 0.9578 -0.13284 0.25491 0.9578 -0.13285 0.25491 0.90365 -0.20097 0.37818 0.90365 -0.20097 0.37819 0.83082 -0.2926 0.47341 0.83082 -0.2926 0.47341 0.74471 -0.40095 0.53353 0.74471 -0.40095 0.53353 0.6517 -0.51797 0.55407 0.6517 -0.51797 0.55407 0.55868 -0.635 0.53353 0.55868 -0.635 0.53353 0.47257 -0.74334 0.47341 0.47257 -0.74334 0.47341 0.39974 -0.83498 0.37819 0.39974 -0.83498 0.37818 0.3456 -0.9031 0.25491 0.3456 -0.9031 0.25491 0.31415 -0.94266 0.11273 0.31415 -0.94266 0.11273 0.30775 -0.95072 -0.03781 0.30775 -0.95072 -0.03781 0.32685 -0.92668 -0.18555 0.32685 -0.92668 -0.18555 0.37004 -0.87234 -0.31952 0.37004 -0.87234 -0.31952 0.43413 -0.79171 -0.4298 0.43413 -0.79171 -0.4298 0.51435 -0.69078 -0.5082 0.51435 -0.69078 -0.5082 0.60475 -0.57704 -0.54891 0.60475 -0.57704 -0.54891 0.69864 -0.45891 -0.54891 0.19432 -0.82744 -0.52685 0.02243 -0.72891 -0.68424 0.07397 -0.90601 -0.41674 -0.01245 -0.87286 -0.48781 -0.02249 -0.96297 -0.26868 -0.02976 -0.96126 -0.27403 -0.08536 -0.99195 -0.09348 -0.02712 -0.99814 -0.0546 -0.10822 -0.98959 0.09487 -0.0038 -0.98694 0.16104 -0.05263 -0.97161 0.23066 -0.03333 -0.9475 0.31801 0.10658 -0.90808 0.40501 -0.08828 -0.91281 0.39873 0.12305 -0.81715 0.56314 0.05312 -0.82057 0.56907 0.17204 -0.69616 0.69697 0.19739 -0.69441 0.69197 0.25076 -0.55411 0.79378 0.34077 -0.54502 0.76605 0.34897 -0.46679 0.81261 0.93466 0.27057 0.23067 0.91553 0.24633 0.31801 0.91526 0.17138 0.3646 0.8634 0.22834 0.44988 0.83172 0.08859 0.54809 0.80084 0.1144 0.58785 0.71071 -0.0186 0.70324 0.72861 -0.02988 0.68428 0.55234 -0.1452 0.82088 0.65304 -0.19154 0.7327 0.35669 -0.2835 0.89017 0.58078 -0.35626 0.73196 0.40574 -0.39452 0.82446 0.98062 0.17681 0.08435 0.91265 0.36801 0.17787 0.96842 0.23311 -0.08846 0.94642 0.31782 -0.0573 0.93046 0.24733 -0.27033 0.93202 0.23885 -0.27256 0.86859 0.21615 -0.44591 0.87762 0.13487 -0.45999 0.78737 0.14085 -0.60018 0.78958 0.01007 -0.61357 0.73536 0.02 -0.67738 0.14649 -0.7209 -0.67738 0.19584 -0.65932 -0.72591 0.2793 -0.62598 -0.72811 0.24721 -0.55233 -0.79613 0.39481 -0.45403 -0.79873 0.38199 -0.42195 -0.82222 0.50888 -0.26041 -0.8205 0.52305 -0.30095 -0.7974 0.61328 -0.05006 -0.78828 0.65853 -0.19901 -0.72576 0.6865 -0.04198 -0.72591 -0.3711 0.07929 0.9252 0.11062 -0.22718 0.96755 -0.27417 -0.89093 0.36204 0.54531 0.14 -0.82646 0.76059 0.41332 0.50067 0.67884 0.31046 0.66543 0.57632 0.18149 0.79682 0.45819 0.03285 0.88825 0.33036 -0.12798 0.93514 0.58818 0.22556 -0.77664 -0.31727 -0.91065 0.26466 0.22579 -0.26146 0.93843 0.19214 -0.28775 0.93823 0.161 -0.34363 0.9252 0.07141 -0.45378 0.88825 0.07141 -0.45378 0.88825 -0.02164 -0.39359 0.91903 -0.02164 -0.39359 0.91903 -0.11434 -0.32823 0.93765 -0.04673 -0.60241 0.79682 -0.04673 -0.60241 0.79682 -0.14387 -0.54737 0.82443 -0.14387 -0.54737 0.82443 -0.23905 -0.48513 0.84113 -0.23905 -0.48513 0.84113 -0.33104 -0.4165 0.84672 -0.14924 -0.73139 0.66543 -0.14924 -0.73139 0.66543 -0.24993 -0.68082 0.68849 -0.24993 -0.68082 0.68849 -0.34726 -0.62128 0.70244 -0.34726 -0.62128 0.70244 -0.43997 -0.55356 0.70711 -0.52687 -0.47853 0.70244 -0.23099 -0.83425 0.50067 -0.23099 -0.83425 0.50067 -0.33452 -0.78724 0.51802 -0.33452 -0.78724 0.51802 -0.43356 -0.72986 0.52852 -0.43356 -0.72986 0.52852 -0.52684 -0.66286 0.53203 -0.61317 -0.5871 0.52852 -0.61317 -0.5871 0.52852 -0.69143 -0.50357 0.51802 0.02164 0.39359 0.91903 0.14387 0.54737 0.82443 0.14387 0.54737 0.82443 0.23905 0.48513 0.84113 0.24993 0.68082 0.68849 0.24993 0.68082 0.68849 0.34726 0.62128 0.70244 0.34726 0.62128 0.70244 0.43997 0.55356 0.70711 0.33452 0.78724 0.51802 0.33452 0.78724 0.51802 0.43356 0.72986 0.52852 0.43356 0.72986 0.52852 0.52684 0.66286 0.53203 0.61317 0.5871 0.52852 0.78048 0.61561 -0.10902 0.78048 0.61561 -0.10902 0.70402 0.70141 -0.11123 0.70402 0.70141 -0.11123 0.6183 0.77793 -0.11196 0.52441 0.84417 -0.11123 0.52441 0.84417 -0.11123 0.42357 0.89928 -0.10902 0.42357 0.89928 -0.10902 0.75029 0.57763 -0.32158 0.75029 0.57763 -0.32158 0.67322 0.66266 -0.3281 0.67322 0.66266 -0.3281 0.5873 0.73892 -0.33028 0.49361 0.80542 -0.3281 0.49361 0.80542 -0.3281 0.39338 0.8613 -0.32158 0.39338 0.8613 -0.32158 0.69143 0.50357 -0.51802 0.69143 0.50357 -0.51802 0.61317 0.5871 -0.52852 0.61317 0.5871 -0.52852 0.52684 0.66286 -0.53203 0.43356 0.72986 -0.52852 0.43356 0.72986 -0.52852 0.33452 0.78724 -0.51802 0.33452 0.78724 -0.51802 0.45819 0.03285 -0.88825 0.45819 0.03285 -0.88825 0.37855 0.10992 -0.91903 0.37855 0.10992 -0.91903 0.29395 0.18547 -0.93765 0.29395 0.18547 -0.93765 0.2055 0.25856 -0.94388 0.11434 0.32823 -0.93765 0.11434 0.32823 -0.93765 0.02164 0.39359 -0.91903 0.02164 0.39359 -0.91903 0.33036 -0.12798 -0.93514 0.33036 -0.12798 -0.93514 0.24628 -0.05649 -0.96755 0.24628 -0.05649 -0.96755 0.15901 0.0157 -0.98715 0.15901 0.0157 -0.98715 0.06967 0.08765 -0.99371 -0.0206 0.15845 -0.98715 -0.0206 0.15845 -0.98715 -0.11062 0.22718 -0.96755 -0.11062 0.22718 -0.96755 0.19924 -0.29295 -0.93514 0.19924 -0.29295 -0.93514 0.11062 -0.22718 -0.96755 0.11062 -0.22718 -0.96755 0.0206 -0.15845 -0.98715 0.0206 -0.15845 -0.98715 -0.06967 -0.08765 -0.99371 -0.15901 -0.0157 -0.98715 -0.15901 -0.0157 -0.98715 -0.24628 0.05649 -0.96755 -0.24628 0.05649 -0.96755 0.07141 -0.45378 -0.88825 0.07141 -0.45378 -0.88825 -0.02164 -0.39359 -0.91903 -0.02164 -0.39359 -0.91903 -0.11434 -0.32823 -0.93765 -0.11434 -0.32823 -0.93765 -0.2055 -0.25856 -0.94388 -0.29395 -0.18547 -0.93765 -0.29395 -0.18547 -0.93765 -0.37855 -0.10992 -0.91903 -0.37855 -0.10992 -0.91903 -0.33452 -0.78724 -0.51802 -0.33452 -0.78724 -0.51802 -0.43356 -0.72986 -0.52852 -0.43356 -0.72986 -0.52852 -0.52684 -0.66286 -0.53203 -0.61317 -0.5871 -0.52852 -0.61317 -0.5871 -0.52852 -0.69143 -0.50357 -0.51802 -0.69142 -0.50357 -0.51802 -0.39338 -0.8613 -0.32158 -0.39338 -0.8613 -0.32158 -0.49361 -0.80542 -0.3281 -0.49361 -0.80542 -0.3281 -0.5873 -0.73892 -0.33028 -0.67322 -0.66266 -0.3281 -0.67322 -0.66266 -0.3281 -0.75029 -0.57763 -0.32158 -0.75029 -0.57763 -0.32158 -0.42357 -0.89928 -0.10902 -0.42357 -0.89928 -0.10902 -0.52441 -0.84417 -0.11123 -0.52441 -0.84417 -0.11123 -0.6183 -0.77793 -0.11196 -0.70402 -0.70141 -0.11123 -0.70402 -0.70141 -0.11123 -0.78048 -0.61561 -0.10902 -0.78047 -0.61561 -0.10902 0.69143 0.50357 0.51802 0.61317 0.5871 0.52852 0.52687 0.47853 0.70244 0.33104 0.4165 0.84672 0.23905 0.48513 0.84113 0.11434 0.32823 0.93765 0.02164 0.39359 0.91903 -0.11062 0.22718 0.96755 -0.19214 0.28775 0.93823 -0.22579 0.26146 0.93843 0.14924 0.73139 0.66543 0.15292 0.73318 0.66262 0.04523 0.6032 0.79631 0.03305 0.59661 0.80185 -0.06688 0.45098 0.89003 -0.08274 0.44049 0.89394 -0.161 0.34363 0.9252 0.3135 0.93963 0.13718 0.28788 0.90583 0.31081 0.39338 0.8613 0.32158 0.39338 0.8613 0.32158 0.49361 0.80542 0.3281 0.49361 0.80542 0.3281 0.5873 0.73892 0.33028 0.67322 0.66266 0.3281 0.67322 0.66266 0.3281 0.75029 0.57763 0.32158 0.75029 0.57763 0.32158 0.81218 0.49304 0.31189 0.80606 0.46818 0.36204 0.31727 0.91065 0.26467 0.27417 0.89093 0.36204 0.23099 0.83425 0.50067 0.25035 0.84132 0.47906 0.20179 0.80034 0.56457 0.78048 0.61561 0.10902 0.78048 0.61561 0.10902 0.70402 0.70141 0.11123 0.70402 0.70141 0.11123 0.6183 0.77793 0.11196 0.52441 0.84417 0.11123 0.52441 0.84417 0.11123 0.42357 0.89928 0.10902 0.42357 0.89928 0.10902 0.32489 0.93983 0.10567 0.06936 0.63296 -0.77107 0.14924 0.73139 -0.66543 0.24993 0.68082 -0.68849 0.24993 0.68082 -0.68849 0.34726 0.62128 -0.70244 0.34726 0.62128 -0.70244 0.43997 0.55356 -0.70711 0.52687 0.47852 -0.70244 0.52687 0.47852 -0.70244 0.60684 0.39715 -0.68849 0.60684 0.39715 -0.68849 0.1462 0.70439 -0.6946 0.17682 0.76876 -0.61461 0.23099 0.83425 -0.50067 0.23154 0.82638 -0.51331 0.28251 0.90774 -0.31017 0.28352 0.90585 -0.31473 0.31999 0.94153 -0.10548 0.31735 0.94341 -0.09623 0.31867 0.94732 0.03211 0.82784 0.49572 0.26259 0.84665 0.52161 0.10537 0.84665 0.52161 0.10536 0.84665 0.52161 -0.10537 0.84665 0.52161 -0.10536 0.81748 0.4849 -0.31081 0.81748 0.4849 -0.31081 0.76059 0.41332 -0.50067 0.76059 0.41332 -0.50067 0.67884 0.31046 -0.66543 0.67884 0.31047 -0.66543 0.57632 0.18149 -0.79682 0.50077 0.2637 -0.82443 0.50078 0.2637 -0.82443 0.41866 0.34237 -0.84113 0.41866 0.34237 -0.84113 0.33104 0.4165 -0.84672 0.23905 0.48513 -0.84113 0.23905 0.48513 -0.84113 0.14387 0.54737 -0.82443 0.14387 0.54737 -0.82443 0.05489 0.5981 -0.79954 -0.66305 -0.28886 -0.6906 -0.57632 -0.18149 -0.79682 -0.50077 -0.2637 -0.82443 -0.50077 -0.2637 -0.82443 -0.41866 -0.34237 -0.84113 -0.41866 -0.34237 -0.84113 -0.33104 -0.4165 -0.84672 -0.23905 -0.48513 -0.84113 -0.23905 -0.48513 -0.84113 -0.14387 -0.54737 -0.82443 -0.14387 -0.54737 -0.82443 -0.05489 -0.5981 -0.79954 -0.01331 -0.56284 -0.82646 -0.58818 -0.22556 -0.77664 -0.54531 -0.14 -0.82646 -0.45819 -0.03286 -0.88825 -0.46531 -0.05618 -0.88336 -0.33766 0.13429 -0.93164 -0.34384 0.10955 -0.93262 -0.19924 0.29295 -0.93514 -0.19212 0.31583 -0.92916 -0.06604 0.45046 -0.89035 -0.05862 0.47105 -0.88016 0.01331 0.56284 -0.82646 -0.24993 -0.68082 -0.68849 -0.24993 -0.68082 -0.68849 -0.34726 -0.62128 -0.70244 -0.34726 -0.62128 -0.70244 -0.43997 -0.55356 -0.70711 -0.52687 -0.47853 -0.70244 -0.52687 -0.47853 -0.70244 -0.60684 -0.39715 -0.68849 -0.60684 -0.39715 -0.68849 -0.67359 -0.31732 -0.66753 -0.82784 -0.49572 0.26258 -0.84665 -0.52161 0.10537 -0.78048 -0.61561 0.10902 -0.78047 -0.61561 0.10902 -0.70402 -0.70141 0.11123 -0.70402 -0.70141 0.11123 -0.6183 -0.77793 0.11196 -0.52441 -0.84417 0.11123 -0.52441 -0.84417 0.11123 -0.42357 -0.89928 0.10902 -0.42357 -0.89928 0.10902 -0.83695 -0.52962 0.13788 -0.85095 -0.52426 0.03211 -0.84665 -0.52161 -0.10537 -0.84528 -0.52557 -0.09637 -0.81945 -0.48182 -0.3104 -0.81958 -0.47895 -0.31449 -0.7581 -0.41691 -0.50146 -0.75625 -0.40712 -0.51219 -0.70902 -0.34576 -0.61461 -0.80606 -0.46818 0.36204 -0.81218 -0.49304 0.31189 -0.75029 -0.57763 0.32158 -0.75029 -0.57763 0.32158 -0.67322 -0.66266 0.3281 -0.67322 -0.66266 0.3281 -0.5873 -0.73892 0.33028 -0.49361 -0.80542 0.3281 -0.49361 -0.80542 0.3281 -0.39338 -0.8613 0.32158 -0.39338 -0.8613 0.32158 -0.28788 -0.90583 0.31081 -0.31706 -0.94254 0.10537 -0.31706 -0.94254 0.10536 -0.31706 -0.94254 -0.10537 -0.31706 -0.94254 -0.10536 -0.28788 -0.90583 -0.31081 -0.28788 -0.90583 -0.31081 -0.23099 -0.83425 -0.50067 -0.23099 -0.83425 -0.50067 -0.14924 -0.73139 -0.66543 -0.14924 -0.73139 -0.66543 -0.06936 -0.63296 -0.77107 -0.73414 -0.37722 0.56457 0.33036 -0.12798 0.93514 0.24628 -0.05649 0.96755 0.11062 -0.22718 0.96755 0.0206 -0.15845 0.98715 -0.11434 -0.32823 0.93765 -0.2055 -0.25856 0.94388 -0.41866 -0.34237 0.84113 -0.52687 -0.47853 0.70244 -0.60684 -0.39715 0.68849 -0.69143 -0.50357 0.51802 -0.75635 -0.41942 0.50202 -0.77 -0.42378 0.47698 0.45819 0.03285 0.88825 0.37855 0.10992 0.91903 0.24628 -0.05649 0.96755 0.15901 0.0157 0.98715 0.0206 -0.15845 0.98715 -0.06967 -0.08765 0.99371 -0.29395 -0.18547 0.93765 -0.41866 -0.34237 0.84113 -0.50077 -0.2637 0.82443 -0.60684 -0.39715 0.68849 -0.67788 -0.31172 0.66581 -0.68095 -0.31287 0.66213 0.57632 0.18149 0.79682 0.50077 0.2637 0.82443 0.37855 0.10992 0.91903 0.29395 0.18547 0.93765 0.15901 0.0157 0.98715 0.06967 0.08765 0.99371 -0.15901 -0.0157 0.98715 -0.29395 -0.18547 0.93765 -0.37855 -0.10992 0.91903 -0.50077 -0.2637 0.82443 -0.58126 -0.17572 0.79452 -0.56993 -0.17128 0.80364 0.67884 0.31046 0.66543 0.60684 0.39715 0.68849 0.50077 0.2637 0.82443 0.41866 0.34237 0.84113 0.2055 0.25856 0.94388 -0.0206 0.15845 0.98715 -0.15901 -0.0157 0.98715 -0.24628 0.05649 0.96755 -0.37855 -0.10992 0.91903 -0.45819 -0.03285 0.88825 -0.44228 -0.02429 0.89655 0.76059 0.41332 0.50067 0.69143 0.50357 0.51802 0.60684 0.39715 0.68849 0.52687 0.47853 0.70244 0.41866 0.34237 0.84113 -0.0206 0.15845 0.98715 -0.11062 0.22718 0.96755 -0.24628 0.05649 0.96755 -0.33036 0.12798 0.93514 -0.29226 0.14976 0.94454 -0.78285 0.62221 0 -0.78285 0.62221 -0 -0.78285 0.62221 0 -0.78285 0.62221 0 -0.78285 0.62221 -0 -0.78285 0.62221 -0 -0.78285 0.62221 0 -0.78285 0.62221 -0 -0.78285 0.62221 0 -0.78285 0.62221 -0 -0.78285 0.62221 -0 -0.78285 0.62221 0 -0.78285 0.62221 -0 -0.78285 0.62221 0 -0.78285 0.62221 -0 -0.78285 0.62221 -0 -0.78285 0.62221 -0 -0.78285 0.62221 0 -0.78285 0.62221 0 -0.78285 0.62221 0 -0.78285 0.62221 -0 -0.78285 0.62221 0 -0.78285 0.62221 -0 -0.78285 0.62221 0 -0.78285 0.62221 0 -0.78285 0.62221 -0 -0.78285 0.62221 -0 -0.78285 0.62221 0 -0.78285 0.62221 0 -0.78285 0.62221 -0 -0.78285 0.62221 -0 0.78285 -0.62221 0 0.78285 -0.62221 -0 0.78285 -0.62221 -0 0.78285 -0.62221 0 0.78285 -0.62221 0 0.78285 -0.62221 0 0.78285 -0.62221 0 0.78285 -0.62221 0 0.78285 -0.62221 -0 0.78285 -0.62221 -0 0.78285 -0.62221 -0 0.78285 -0.62221 -0 0.78285 -0.62221 -0 0.78285 -0.62221 0 0.78285 -0.62221 -0 0.78285 -0.62221 -0 0.78285 -0.62221 0 0.78285 -0.62221 -0 0.78285 -0.62221 -0 0.78285 -0.62221 -0 0.78285 -0.62221 0 0.78285 -0.62221 0 0.78285 -0.62221 0 0.78285 -0.62221 -0 0.78285 -0.62221 -0 0.78285 -0.62221 -0 0.78285 -0.62221 0 0.78285 -0.62221 0 0.78285 -0.62221 -0 0.78285 -0.62221 -0 0.78285 -0.62221 0 -0.19511 0.17045 0.96586 -0.47982 0.37259 0.79432 -0.5128 0.48894 0.70567 -0.62648 0.49793 0.59966 -0.73402 0.62794 0.25866 -0.73425 0.62724 0.25972 -0.69593 0.55315 0.45793 -0.72336 0.64026 -0.25848 -0.77873 0.61898 -0.10224 -0.7817 0.62128 0.05437 -0.33783 0.48597 -0.80604 -0.5972 0.47805 -0.64407 -0.73162 0.57836 -0.36086 -0.19339 0.15371 0.96901 0.20262 -0.16104 0.96593 0.20262 -0.16104 0.96593 0.20262 -0.16104 -0.96593 0.20262 -0.16104 -0.96593 -0.19339 0.15371 -0.96901 -0.19511 0.17045 -0.96586 -0.56171 0.42961 -0.70705 -0.17684 -0.66356 -0.72692 -0.04198 -0.6865 -0.72591 0.02 -0.73536 -0.67738 0.01007 -0.78958 -0.61357 0.08901 -0.78988 -0.60676 0.13868 -0.8303 -0.53979 0.13487 -0.87762 -0.45999 0.19331 -0.87175 -0.4502 0.26224 -0.92429 -0.27735 0.26224 -0.92429 -0.27735 0.29446 -0.95191 -0.08459 0.2517 -0.96626 -0.0546 0.29541 -0.95496 0.0282 0.28612 -0.94326 0.16851 0.19473 -0.97446 0.11184 0.27057 -0.93466 0.23066 0.24633 -0.91553 0.31801 0.17137 -0.91526 0.3646 0.2077 -0.88384 0.41914 0.16624 -0.85237 0.49581 0.08859 -0.83172 0.54809 0.11063 -0.80554 0.58212 -0.01181 -0.70647 0.70765 -0.01181 -0.70647 0.70765 -0.17376 -0.57775 0.79751 -0.19688 -0.63961 0.74306 -0.23462 -0.53351 0.81261 -0.34869 -0.43871 0.82822 -0.36609 -0.54364 0.75527 -0.39452 -0.40574 0.82446 -0.46679 -0.34897 0.81261 -0.54502 -0.34077 0.76605 -0.55174 -0.27981 0.78568 -0.68557 -0.17096 0.70765 -0.68557 -0.17096 0.70764 -0.80973 -0.07404 0.58212 -0.83025 -0.10142 0.54809 -0.8679 -0.03043 0.49581 -0.92437 0.01884 0.38103 -0.91641 -0.08361 0.39141 -0.99036 0.0682 0.12054 -0.98694 0.0038 0.16105 -0.97161 0.05263 0.23067 -0.9475 0.03334 0.31801 -0.99381 0.07202 -0.08459 -0.95962 0.04686 -0.27735 -0.95962 0.04686 -0.27735 -0.89289 -0.00844 -0.4502 -0.88542 -0.06669 -0.45999 -0.84017 -0.0523 -0.53979 -0.75787 -0.1135 -0.64246 -0.80797 -0.18505 -0.55942 -0.7209 -0.14649 -0.67738 -0.65932 -0.19584 -0.72591 -0.62598 -0.2793 -0.72811 -0.09038 -0.64402 -0.75965 -0.26041 -0.50888 -0.8205 -0.26041 -0.50888 -0.8205 -0.43698 -0.36854 -0.8205 -0.43698 -0.36854 -0.8205 -0.57862 -0.25867 -0.7735 -0.94265 -0.31416 0.11273 -0.94266 -0.31415 0.11273 -0.9031 -0.34559 0.25491 -0.9031 -0.3456 0.25491 -0.83498 -0.39974 0.37818 -0.83498 -0.39974 0.37819 -0.74334 -0.47257 0.47341 -0.74334 -0.47257 0.47341 -0.635 -0.55868 0.53353 -0.635 -0.55868 0.53353 -0.51797 -0.6517 0.55407 -0.51797 -0.6517 0.55407 -0.40095 -0.74471 0.53353 -0.40095 -0.74471 0.53353 -0.2926 -0.83082 0.47341 -0.2926 -0.83082 0.47341 -0.20097 -0.90365 0.37819 -0.20097 -0.90365 0.37818 -0.13285 -0.9578 0.25491 -0.13285 -0.9578 0.25491 -0.09329 -0.98924 0.11273 -0.09329 -0.98924 0.11273 -0.08523 -0.99564 -0.03781 -0.08523 -0.99564 -0.03781 -0.10926 -0.97654 -0.18555 -0.10926 -0.97654 -0.18555 -0.16361 -0.93335 -0.31952 -0.16361 -0.93335 -0.31952 -0.24423 -0.86926 -0.4298 -0.24423 -0.86926 -0.4298 -0.34516 -0.78905 -0.5082 -0.34516 -0.78905 -0.5082 -0.45891 -0.69864 -0.54891 -0.57704 -0.60475 -0.54891 -0.57704 -0.60475 -0.54891 -0.69078 -0.51435 -0.5082 -0.69078 -0.51435 -0.5082 -0.79171 -0.43413 -0.4298 -0.79171 -0.43413 -0.4298 -0.87234 -0.37004 -0.31952 -0.87234 -0.37004 -0.31952 -0.92668 -0.32685 -0.18555 -0.92668 -0.32685 -0.18555 -0.77048 -0.63711 -0.02125 -0.76165 -0.64796 0.0066 -0.75963 -0.64915 0.03964 -0.75963 -0.64915 0.03964 -0.74572 -0.6602 0.08964 -0.74572 -0.6602 0.08964 -0.72176 -0.67924 0.13299 -0.72176 -0.67924 0.13299 -0.68954 -0.70485 0.16648 -0.68954 -0.70485 0.16648 -0.65144 -0.73514 0.18762 -0.65144 -0.73514 0.18761 -0.61029 -0.76784 0.19484 -0.61029 -0.76784 0.19484 -0.56914 -0.80055 0.18762 -0.56914 -0.80055 0.18761 -0.53104 -0.83083 0.16647 -0.53104 -0.83083 0.16647 -0.49881 -0.85645 0.13299 -0.49881 -0.85645 0.13299 -0.47486 -0.87548 0.08964 -0.47486 -0.87549 0.08964 -0.46095 -0.88654 0.03964 -0.46095 -0.88654 0.03964 -0.45811 -0.88879 -0.0133 -0.45811 -0.88879 -0.0133 -0.46657 -0.88208 -0.06525 -0.46657 -0.88208 -0.06525 -0.48568 -0.86689 -0.11236 -0.48568 -0.86689 -0.11236 -0.51403 -0.84435 -0.15114 -0.51403 -0.84435 -0.15114 -0.54952 -0.81614 -0.17871 -0.54952 -0.81614 -0.17871 -0.58952 -0.78435 -0.19302 -0.58952 -0.78435 -0.19302 -0.63106 -0.75134 -0.19302 -0.63106 -0.75134 -0.19302 -0.67106 -0.71955 -0.17871 -0.67106 -0.71955 -0.17871 -0.70655 -0.69134 -0.15114 -0.70655 -0.69134 -0.15114 -0.7349 -0.6688 -0.11236 -0.7349 -0.6688 -0.11236 -0.75401 -0.65361 -0.06525 -0.75401 -0.65361 -0.06525 -0.76246 -0.64689 -0.0133 -0.95072 -0.30775 -0.03781 -0.95072 -0.30775 -0.03781 -0.99814 0.02712 -0.0546 -0.99699 0.07225 0.0282 0.45925 0.88809 -0.01984 0.46656 0.88208 -0.06525 0.46657 0.88208 -0.06525 0.48568 0.86689 -0.11236 0.48567 0.86689 -0.11236 0.51403 0.84435 -0.15114 0.51403 0.84435 -0.15114 0.54952 0.81614 -0.17871 0.54952 0.81614 -0.17871 0.58952 0.78435 -0.19302 0.58952 0.78435 -0.19302 0.63106 0.75134 -0.19302 0.63106 0.75134 -0.19302 0.67106 0.71955 -0.17871 0.67106 0.71955 -0.17871 0.70655 0.69134 -0.15114 0.70655 0.69134 -0.15114 0.7349 0.6688 -0.11236 0.7349 0.6688 -0.11236 0.75401 0.65361 -0.06525 0.75401 0.65361 -0.06525 0.76246 0.6469 -0.0133 0.76246 0.64689 -0.0133 0.75963 0.64915 0.03964 0.75963 0.64915 0.03964 0.74572 0.6602 0.08964 0.74572 0.6602 0.08964 0.72176 0.67924 0.13299 0.72176 0.67924 0.13299 0.68954 0.70485 0.16647 0.68954 0.70485 0.16648 0.65144 0.73514 0.18761 0.65144 0.73514 0.18762 0.61029 0.76784 0.19484 0.61029 0.76784 0.19484 0.56914 0.80055 0.18761 0.56914 0.80055 0.18762 0.53104 0.83083 0.16648 0.53104 0.83083 0.16648 0.49881 0.85645 0.13299 0.49881 0.85645 0.13299 0.47486 0.87548 0.08964 0.47486 0.87548 0.08964 0.46095 0.88654 0.03964 0.46095 0.88654 0.03964 0.45933 0.88824 0.0066 0.45013 0.89285 -0.0139 0.45891 0.69864 -0.54891 0.34516 0.78905 -0.5082 0.34516 0.78904 -0.5082 0.24423 0.86926 -0.4298 0.24423 0.86926 -0.4298 0.16361 0.93335 -0.31952 0.16361 0.93335 -0.31952 0.10926 0.97654 -0.18555 0.10926 0.97654 -0.18555 0.08523 0.99564 -0.03781 0.08523 0.99564 -0.03781 0.09329 0.98924 0.11273 0.09329 0.98924 0.11273 0.13284 0.9578 0.25491 0.13285 0.9578 0.25491 0.20097 0.90365 0.37818 0.20097 0.90365 0.37819 0.2926 0.83082 0.47341 0.2926 0.83082 0.47341 0.40095 0.74471 0.53353 0.40095 0.74471 0.53353 0.51797 0.6517 0.55407 0.51797 0.6517 0.55407 0.635 0.55868 0.53353 0.635 0.55868 0.53353 0.74334 0.47257 0.47341 0.74334 0.47257 0.47341 0.83498 0.39974 0.37819 0.83498 0.39974 0.37818 0.9031 0.3456 0.25491 0.9031 0.3456 0.25491 0.94266 0.31415 0.11273 0.94266 0.31415 0.11273 0.95072 0.30775 -0.03781 0.95072 0.30775 -0.03781 0.92668 0.32685 -0.18555 0.92668 0.32685 -0.18555 0.87234 0.37004 -0.31952 0.87234 0.37004 -0.31952 0.79171 0.43413 -0.4298 0.79171 0.43413 -0.4298 0.69078 0.51435 -0.5082 0.69078 0.51435 -0.5082 0.57704 0.60475 -0.54891 0.57704 0.60475 -0.54891 0.82744 0.19432 -0.52685 0.72891 0.02243 -0.68424 0.90601 0.07397 -0.41674 0.87286 -0.01245 -0.48781 0.96297 -0.02249 -0.26868 0.96126 -0.02976 -0.27403 0.99195 -0.08536 -0.09348 0.99814 -0.02712 -0.0546 0.98959 -0.10822 0.09487 0.98694 -0.0038 0.16104 0.97161 -0.05263 0.23066 0.9475 -0.03333 0.31801 0.90808 0.10658 0.40501 0.91281 -0.08828 0.39873 0.81715 0.12305 0.56314 0.82057 0.05312 0.56907 0.69616 0.17204 0.69697 0.69441 0.19739 0.69197 0.55411 0.25076 0.79378 0.54502 0.34077 0.76605 0.46679 0.34897 0.81261 -0.27057 0.93466 0.23067 -0.24633 0.91553 0.31801 -0.17138 0.91526 0.3646 -0.22834 0.8634 0.44988 -0.08859 0.83172 0.54809 -0.1144 0.80084 0.58785 0.0186 0.71071 0.70324 0.02988 0.72861 0.68428 0.1452 0.55234 0.82088 0.19154 0.65304 0.7327 0.2835 0.35669 0.89017 0.35626 0.58078 0.73196 0.39452 0.40574 0.82446 -0.17681 0.98062 0.08435 -0.36801 0.91265 0.17787 -0.23311 0.96842 -0.08846 -0.31782 0.94642 -0.0573 -0.24733 0.93046 -0.27033 -0.23885 0.93202 -0.27256 -0.21615 0.86859 -0.44591 -0.13487 0.87762 -0.45999 -0.14085 0.78737 -0.60018 -0.01007 0.78958 -0.61357 -0.02 0.73536 -0.67738 0.7209 0.14649 -0.67738 0.65932 0.19584 -0.72591 0.62598 0.2793 -0.72811 0.55233 0.24721 -0.79613 0.45403 0.39481 -0.79873 0.42195 0.38199 -0.82222 0.26041 0.50888 -0.8205 0.30095 0.52305 -0.7974 0.05006 0.61328 -0.78828 0.19901 0.65853 -0.72576 0.04198 0.6865 -0.72591 -0.07929 -0.3711 0.9252 0.22718 0.11062 0.96755 0.89093 -0.27417 0.36204 -0.14 0.54531 -0.82646 -0.41332 0.76059 0.50067 -0.31046 0.67884 0.66543 -0.18149 0.57632 0.79682 -0.03285 0.45819 0.88825 0.12798 0.33036 0.93514 -0.22556 0.58818 -0.77664 0.91065 -0.31727 0.26466 0.26146 0.22579 0.93843 0.28775 0.19214 0.93823 0.34363 0.161 0.9252 0.45378 0.07141 0.88825 0.45378 0.07141 0.88825 0.39359 -0.02164 0.91903 0.39359 -0.02164 0.91903 0.32823 -0.11434 0.93765 0.60241 -0.04673 0.79682 0.60241 -0.04673 0.79682 0.54737 -0.14387 0.82443 0.48513 -0.23905 0.84113 0.48513 -0.23905 0.84113 0.73139 -0.14924 0.66543 0.73139 -0.14924 0.66543 0.68082 -0.24993 0.68849 0.68082 -0.24993 0.68849 0.62128 -0.34726 0.70244 0.62128 -0.34726 0.70244 0.55356 -0.43997 0.70711 0.47853 -0.52687 0.70244 0.83425 -0.23099 0.50067 0.83425 -0.23099 0.50067 0.78724 -0.33452 0.51802 0.78724 -0.33452 0.51802 0.72986 -0.43356 0.52852 0.5871 -0.61317 0.52852 0.5871 -0.61317 0.52852 0.50357 -0.69143 0.51802 -0.39359 0.02164 0.91903 -0.54737 0.14387 0.82443 -0.48513 0.23905 0.84113 -0.68082 0.24993 0.68849 -0.68082 0.24993 0.68849 -0.62128 0.34726 0.70244 -0.62128 0.34726 0.70244 -0.55356 0.43997 0.70711 -0.78724 0.33452 0.51802 -0.78724 0.33452 0.51802 -0.72986 0.43356 0.52852 -0.5871 0.61317 0.52852 -0.61561 0.78048 -0.10902 -0.61561 0.78048 -0.10902 -0.70141 0.70402 -0.11123 -0.84417 0.52441 -0.11123 -0.89928 0.42357 -0.10902 -0.89928 0.42357 -0.10902 -0.57763 0.75029 -0.32158 -0.57763 0.75029 -0.32158 -0.66266 0.67322 -0.3281 -0.66266 0.67322 -0.3281 -0.80542 0.49361 -0.3281 -0.8613 0.39338 -0.32158 -0.8613 0.39338 -0.32158 -0.50357 0.69143 -0.51802 -0.50357 0.69143 -0.51802 -0.5871 0.61317 -0.52852 -0.72986 0.43356 -0.52852 -0.72986 0.43356 -0.52852 -0.78724 0.33452 -0.51802 -0.78724 0.33452 -0.51802 -0.03285 0.45819 -0.88825 -0.03285 0.45819 -0.88825 -0.10992 0.37855 -0.91903 -0.10992 0.37855 -0.91903 -0.18547 0.29395 -0.93765 -0.18547 0.29395 -0.93765 -0.32823 0.11434 -0.93765 -0.32823 0.11434 -0.93765 -0.39359 0.02164 -0.91903 -0.39359 0.02164 -0.91903 0.12798 0.33036 -0.93514 0.12798 0.33036 -0.93514 0.05649 0.24628 -0.96755 0.05649 0.24628 -0.96755 -0.0157 0.15901 -0.98715 -0.0157 0.15901 -0.98715 -0.15845 -0.0206 -0.98715 -0.22718 -0.11062 -0.96755 -0.22718 -0.11062 -0.96755 0.29295 0.19924 -0.93514 0.29295 0.19924 -0.93514 0.22718 0.11062 -0.96755 0.22718 0.11062 -0.96755 0.15845 0.0206 -0.98715 0.0157 -0.15901 -0.98715 0.0157 -0.15901 -0.98715 -0.05649 -0.24628 -0.96755 -0.05649 -0.24628 -0.96755 0.45378 0.07141 -0.88825 0.45378 0.07141 -0.88825 0.39359 -0.02164 -0.91903 0.39359 -0.02164 -0.91903 0.32823 -0.11434 -0.93765 0.32823 -0.11434 -0.93765 0.18547 -0.29395 -0.93765 0.18547 -0.29395 -0.93765 0.10992 -0.37855 -0.91903 0.10992 -0.37855 -0.91903 0.78724 -0.33452 -0.51802 0.78724 -0.33452 -0.51802 0.72986 -0.43356 -0.52852 0.72986 -0.43356 -0.52852 0.5871 -0.61317 -0.52852 0.50357 -0.69143 -0.51802 0.50357 -0.69142 -0.51802 0.8613 -0.39338 -0.32158 0.8613 -0.39338 -0.32158 0.80542 -0.49361 -0.3281 0.66266 -0.67322 -0.3281 0.66266 -0.67322 -0.3281 0.57763 -0.75029 -0.32158 0.57763 -0.75029 -0.32158 0.89928 -0.42357 -0.10902 0.89928 -0.42357 -0.10902 0.84417 -0.52441 -0.11123 0.70141 -0.70402 -0.11123 0.61561 -0.78048 -0.10902 0.61561 -0.78047 -0.10902 -0.50357 0.69143 0.51802 -0.5871 0.61317 0.52852 -0.47853 0.52687 0.70244 -0.48513 0.23905 0.84113 -0.32823 0.11434 0.93765 -0.39359 0.02164 0.91903 -0.22718 -0.11062 0.96755 -0.28775 -0.19214 0.93823 -0.26146 -0.22579 0.93843 -0.73139 0.14924 0.66543 -0.73318 0.15292 0.66262 -0.6032 0.04523 0.79631 -0.59661 0.03305 0.80185 -0.45098 -0.06688 0.89003 -0.44049 -0.08274 0.89394 -0.34363 -0.161 0.9252 -0.93963 0.3135 0.13718 -0.90583 0.28788 0.31081 -0.8613 0.39338 0.32158 -0.8613 0.39338 0.32158 -0.80542 0.49361 0.3281 -0.80542 0.49361 0.3281 -0.66266 0.67322 0.3281 -0.57763 0.75029 0.32158 -0.57763 0.75029 0.32158 -0.49304 0.81218 0.31189 -0.46818 0.80606 0.36204 -0.91065 0.31727 0.26467 -0.89093 0.27417 0.36204 -0.83425 0.23099 0.50067 -0.84132 0.25035 0.47906 -0.80034 0.20179 0.56457 -0.61561 0.78048 0.10902 -0.61561 0.78048 0.10902 -0.70141 0.70402 0.11123 -0.70141 0.70402 0.11123 -0.84417 0.52441 0.11123 -0.89928 0.42357 0.10902 -0.89928 0.42357 0.10902 -0.93983 0.32489 0.10567 -0.73139 0.14924 -0.66543 -0.68082 0.24993 -0.68849 -0.68082 0.24993 -0.68849 -0.62128 0.34726 -0.70244 -0.62128 0.34726 -0.70244 -0.55356 0.43997 -0.70711 -0.47852 0.52687 -0.70244 -0.47852 0.52687 -0.70244 -0.39715 0.60684 -0.68849 -0.39715 0.60684 -0.68849 -0.70439 0.1462 -0.6946 -0.76876 0.17682 -0.61461 -0.83425 0.23099 -0.50067 -0.82638 0.23154 -0.51331 -0.90774 0.28251 -0.31017 -0.90585 0.28352 -0.31473 -0.94153 0.31999 -0.10548 -0.94341 0.31735 -0.09623 -0.94732 0.31867 0.03211 -0.49572 0.82784 0.26259 -0.52161 0.84665 0.10537 -0.52161 0.84665 0.10536 -0.52161 0.84665 -0.10537 -0.52161 0.84665 -0.10536 -0.4849 0.81748 -0.31081 -0.4849 0.81748 -0.31081 -0.41332 0.76059 -0.50067 -0.41332 0.76059 -0.50067 -0.31046 0.67884 -0.66543 -0.31047 0.67884 -0.66543 -0.18149 0.57632 -0.79682 -0.2637 0.50077 -0.82443 -0.2637 0.50078 -0.82443 -0.34237 0.41866 -0.84113 -0.34237 0.41866 -0.84113 -0.48513 0.23905 -0.84113 -0.54737 0.14387 -0.82443 -0.54737 0.14387 -0.82443 -0.5981 0.05489 -0.79954 0.28886 -0.66305 -0.6906 0.18149 -0.57632 -0.79682 0.2637 -0.50077 -0.82443 0.2637 -0.50077 -0.82443 0.34237 -0.41866 -0.84113 0.34237 -0.41866 -0.84113 0.48513 -0.23905 -0.84113 0.54737 -0.14387 -0.82443 0.54737 -0.14387 -0.82443 0.5981 -0.05489 -0.79954 0.56284 -0.01331 -0.82646 0.22556 -0.58818 -0.77664 0.14 -0.54531 -0.82646 0.03286 -0.45819 -0.88825 0.05618 -0.46531 -0.88336 -0.13429 -0.33766 -0.93164 -0.10955 -0.34384 -0.93262 -0.29295 -0.19924 -0.93514 -0.31583 -0.19212 -0.92916 -0.45046 -0.06604 -0.89035 -0.47105 -0.05862 -0.88016 -0.56284 0.01331 -0.82646 0.68082 -0.24993 -0.68849 0.68082 -0.24993 -0.68849 0.62128 -0.34726 -0.70244 0.62128 -0.34726 -0.70244 0.55356 -0.43997 -0.70711 0.47853 -0.52687 -0.70244 0.47853 -0.52687 -0.70244 0.39715 -0.60684 -0.68849 0.39715 -0.60684 -0.68849 0.31732 -0.67359 -0.66753 0.49572 -0.82784 0.26258 0.52161 -0.84665 0.10537 0.61561 -0.78048 0.10902 0.61561 -0.78047 0.10902 0.70141 -0.70402 0.11123 0.70141 -0.70402 0.11123 0.84417 -0.52441 0.11123 0.89928 -0.42357 0.10902 0.89928 -0.42357 0.10902 0.52962 -0.83695 0.13788 0.52426 -0.85095 0.03211 0.52161 -0.84665 -0.10537 0.52557 -0.84528 -0.09637 0.48182 -0.81945 -0.3104 0.47895 -0.81958 -0.31449 0.41691 -0.7581 -0.50146 0.40712 -0.75625 -0.51219 0.34576 -0.70902 -0.61461 0.46818 -0.80606 0.36204 0.49304 -0.81218 0.31189 0.57763 -0.75029 0.32158 0.57763 -0.75029 0.32158 0.66266 -0.67322 0.3281 0.80542 -0.49361 0.3281 0.80542 -0.49361 0.3281 0.8613 -0.39338 0.32158 0.8613 -0.39338 0.32158 0.90583 -0.28788 0.31081 0.94254 -0.31706 0.10537 0.94254 -0.31706 0.10536 0.94254 -0.31706 -0.10537 0.94254 -0.31706 -0.10536 0.90583 -0.28788 -0.31081 0.90583 -0.28788 -0.31081 0.83425 -0.23099 -0.50067 0.83425 -0.23099 -0.50067 0.73139 -0.14924 -0.66543 0.73139 -0.14924 -0.66543 0.37722 -0.73414 0.56457 0.12798 0.33036 0.93514 0.05649 0.24628 0.96755 0.22718 0.11062 0.96755 0.15845 0.0206 0.98715 0.32823 -0.11434 0.93765 0.47853 -0.52687 0.70244 0.39715 -0.60684 0.68849 0.50357 -0.69143 0.51802 0.41942 -0.75635 0.50202 0.42378 -0.77 0.47698 -0.03285 0.45819 0.88825 -0.10992 0.37855 0.91903 0.05649 0.24628 0.96755 -0.0157 0.15901 0.98715 0.15845 0.0206 0.98715 0.18547 -0.29395 0.93765 0.34237 -0.41866 0.84113 0.2637 -0.50077 0.82443 0.39715 -0.60684 0.68849 0.31172 -0.67788 0.66581 0.31287 -0.68095 0.66213 -0.18149 0.57632 0.79682 -0.2637 0.50077 0.82443 -0.10992 0.37855 0.91903 -0.18547 0.29395 0.93765 0.18547 -0.29395 0.93765 0.10992 -0.37855 0.91903 0.17572 -0.58126 0.79452 0.17128 -0.56993 0.80364 -0.31046 0.67884 0.66543 -0.39715 0.60684 0.68849 -0.34237 0.41866 0.84113 -0.15845 -0.0206 0.98715 0.0157 -0.15901 0.98715 -0.05649 -0.24628 0.96755 0.10992 -0.37855 0.91903 0.03285 -0.45819 0.88825 0.02429 -0.44228 0.89655 -0.41332 0.76059 0.50067 -0.50357 0.69143 0.51802 -0.39715 0.60684 0.68849 -0.47853 0.52687 0.70244 -0.15845 -0.0206 0.98715 -0.22718 -0.11062 0.96755 -0.05649 -0.24628 0.96755 -0.12798 -0.33036 0.93514 -0.14976 -0.29226 0.94454 -0.62221 -0.78285 0 -0.62221 -0.78285 -0 -0.62221 -0.78285 -0 -0.62221 -0.78285 0 -0.62221 -0.78285 0 -0.62221 -0.78285 -0 -0.62221 -0.78285 -0 -0.62221 -0.78285 0 -0.62221 -0.78285 0 -0.62221 -0.78285 -0 -0.62221 -0.78285 -0 -0.62221 -0.78285 0 -0.62221 -0.78285 -0 -0.62221 -0.78285 -0 -0.62221 -0.78285 -0 -0.62221 -0.78285 0 -0.62221 -0.78285 -0 -0.62221 -0.78285 0 -0.62221 -0.78285 0 -0.62221 -0.78285 0 -0.62221 -0.78285 0 -0.62221 -0.78285 -0 -0.62221 -0.78285 -0 -0.62221 -0.78285 -0 -0.62221 -0.78285 -0 -0.62221 -0.78285 0 -0.62221 -0.78285 -0 -0.62221 -0.78285 0 -0.62221 -0.78285 0 -0.62221 -0.78285 -0 0.62221 0.78285 0 0.62221 0.78285 -0 0.62221 0.78285 -0 0.62221 0.78285 0 0.62221 0.78285 -0 0.62221 0.78285 -0 0.62221 0.78285 0 0.62221 0.78285 0 0.62221 0.78285 -0 0.62221 0.78285 -0 0.62221 0.78285 -0 0.62221 0.78285 0 0.62221 0.78285 -0 0.62221 0.78285 0 0.62221 0.78285 0 0.62221 0.78285 0 0.62221 0.78285 0 0.62221 0.78285 -0 0.62221 0.78285 -0 0.62221 0.78285 0 0.62221 0.78285 0 0.62221 0.78285 0 0.62221 0.78285 -0 0.62221 0.78285 -0 0.62221 0.78285 -0 0.62221 0.78285 -0 0.62221 0.78285 -0 0.62221 0.78285 0 0.62221 0.78285 -0 0.62221 0.78285 -0 -0.17045 -0.19511 0.96586 -0.37259 -0.47982 0.79432 -0.48894 -0.5128 0.70567 -0.49793 -0.62648 0.59966 -0.62794 -0.73402 0.25866 -0.62723 -0.73425 0.25972 -0.55315 -0.69593 0.45793 -0.64026 -0.72336 -0.25848 -0.61898 -0.77873 -0.10225 -0.62128 -0.7817 0.05437 -0.48597 -0.33783 -0.80604 -0.47804 -0.5972 -0.64407 -0.57836 -0.73162 -0.36087 -0.15371 -0.19339 0.96901 0.16104 0.20262 0.96593 0.16104 0.20262 0.96593 0.16104 0.20262 -0.96593 0.16104 0.20262 -0.96593 -0.15371 -0.19339 -0.96901 -0.17045 -0.19511 -0.96586 -0.42961 -0.56171 -0.70705 0.66356 -0.17684 -0.72692 0.6865 -0.04198 -0.72591 0.73536 0.02 -0.67738 0.78958 0.01007 -0.61357 0.78988 0.08901 -0.60676 0.8303 0.13868 -0.53979 0.87762 0.13487 -0.45999 0.87175 0.19331 -0.4502 0.92429 0.26224 -0.27735 0.92429 0.26224 -0.27735 0.95191 0.29446 -0.08459 0.96626 0.2517 -0.0546 0.95496 0.29541 0.0282 0.94326 0.28612 0.16851 0.97446 0.19473 0.11184 0.93466 0.27057 0.23066 0.91553 0.24633 0.31801 0.91526 0.17137 0.3646 0.88384 0.2077 0.41914 0.85237 0.16624 0.49581 0.83172 0.08859 0.54809 0.80554 0.11063 0.58212 0.70647 -0.01181 0.70765 0.70647 -0.01181 0.70765 0.57775 -0.17376 0.79751 0.63961 -0.19688 0.74306 0.53351 -0.23462 0.81261 0.43871 -0.34869 0.82822 0.54364 -0.36609 0.75527 0.40574 -0.39452 0.82446 0.34897 -0.46679 0.81261 0.34077 -0.54502 0.76605 0.27981 -0.55174 0.78568 0.17096 -0.68557 0.70765 0.17096 -0.68557 0.70764 0.07404 -0.80973 0.58212 0.10142 -0.83025 0.54809 0.03043 -0.8679 0.49581 -0.01884 -0.92437 0.38103 0.08361 -0.91641 0.39141 -0.0682 -0.99036 0.12054 -0.0038 -0.98694 0.16105 -0.05263 -0.97161 0.23067 -0.03334 -0.9475 0.31801 -0.07202 -0.99381 -0.08459 -0.04686 -0.95962 -0.27735 -0.04686 -0.95962 -0.27735 0.00844 -0.89289 -0.4502 0.06669 -0.88542 -0.45999 0.0523 -0.84017 -0.53979 0.1135 -0.75787 -0.64246 0.18505 -0.80797 -0.55942 0.14649 -0.7209 -0.67738 0.19584 -0.65932 -0.72591 0.2793 -0.62598 -0.72811 0.64402 -0.09038 -0.75965 0.50888 -0.26041 -0.8205 0.50888 -0.26041 -0.8205 0.36854 -0.43698 -0.8205 0.36854 -0.43698 -0.8205 0.25867 -0.57862 -0.7735 0.31416 -0.94265 0.11273 0.31415 -0.94266 0.11273 0.34559 -0.9031 0.25491 0.3456 -0.9031 0.25491 0.39974 -0.83498 0.37818 0.39974 -0.83498 0.37819 0.47257 -0.74334 0.47341 0.47257 -0.74334 0.47341 0.55868 -0.635 0.53353 0.55868 -0.635 0.53353 0.6517 -0.51797 0.55407 0.6517 -0.51797 0.55407 0.74471 -0.40095 0.53353 0.74471 -0.40095 0.53353 0.83082 -0.2926 0.47341 0.83082 -0.2926 0.47341 0.90365 -0.20097 0.37819 0.90365 -0.20097 0.37818 0.9578 -0.13285 0.25491 0.9578 -0.13285 0.25491 0.98924 -0.09329 0.11273 0.98924 -0.09329 0.11273 0.99564 -0.08523 -0.03781 0.99564 -0.08523 -0.03781 0.97654 -0.10926 -0.18555 0.97654 -0.10926 -0.18555 0.93335 -0.16361 -0.31952 0.93335 -0.16361 -0.31952 0.86926 -0.24423 -0.4298 0.86926 -0.24423 -0.4298 0.78905 -0.34516 -0.5082 0.78905 -0.34516 -0.5082 0.69864 -0.45891 -0.54891 0.60475 -0.57704 -0.54891 0.60475 -0.57704 -0.54891 0.51435 -0.69078 -0.5082 0.51435 -0.69078 -0.5082 0.43413 -0.79171 -0.4298 0.43413 -0.79171 -0.4298 0.37004 -0.87234 -0.31952 0.37004 -0.87234 -0.31952 0.32685 -0.92668 -0.18555 0.32685 -0.92668 -0.18555 0.63711 -0.77048 -0.02125 0.64796 -0.76165 0.0066 0.64915 -0.75963 0.03964 0.64915 -0.75963 0.03964 0.6602 -0.74572 0.08964 0.6602 -0.74572 0.08964 0.67924 -0.72176 0.13299 0.67924 -0.72176 0.13299 0.70485 -0.68954 0.16648 0.70485 -0.68954 0.16648 0.73514 -0.65144 0.18762 0.73514 -0.65144 0.18761 0.76784 -0.61029 0.19484 0.76784 -0.61029 0.19484 0.80055 -0.56914 0.18762 0.80055 -0.56914 0.18761 0.83083 -0.53104 0.16647 0.83083 -0.53104 0.16647 0.85645 -0.49881 0.13299 0.85645 -0.49881 0.13299 0.87548 -0.47486 0.08964 0.87549 -0.47486 0.08964 0.88654 -0.46095 0.03964 0.88654 -0.46095 0.03964 0.88879 -0.45811 -0.0133 0.88879 -0.45811 -0.0133 0.88208 -0.46657 -0.06525 0.88208 -0.46657 -0.06525 0.86689 -0.48568 -0.11236 0.86689 -0.48568 -0.11236 0.84435 -0.51403 -0.15114 0.84435 -0.51403 -0.15114 0.81614 -0.54952 -0.17871 0.81614 -0.54952 -0.17871 0.78435 -0.58952 -0.19302 0.78435 -0.58952 -0.19302 0.75134 -0.63106 -0.19302 0.75134 -0.63106 -0.19302 0.71955 -0.67106 -0.17871 0.71955 -0.67106 -0.17871 0.69134 -0.70655 -0.15114 0.69134 -0.70655 -0.15114 0.6688 -0.7349 -0.11236 0.6688 -0.7349 -0.11236 0.65361 -0.75401 -0.06525 0.65361 -0.75401 -0.06525 0.64689 -0.76246 -0.0133 0.30775 -0.95072 -0.03781 0.30775 -0.95072 -0.03781 -0.02712 -0.99814 -0.0546 -0.07225 -0.99699 0.0282 -0.88809 0.45925 -0.01984 -0.88208 0.46656 -0.06525 -0.88208 0.46657 -0.06525 -0.86689 0.48568 -0.11236 -0.86689 0.48567 -0.11236 -0.84435 0.51403 -0.15114 -0.84435 0.51403 -0.15114 -0.81614 0.54952 -0.17871 -0.81614 0.54952 -0.17871 -0.78435 0.58952 -0.19302 -0.78435 0.58952 -0.19302 -0.75134 0.63106 -0.19302 -0.75134 0.63106 -0.19302 -0.71955 0.67106 -0.17871 -0.71955 0.67106 -0.17871 -0.69134 0.70655 -0.15114 -0.69134 0.70655 -0.15114 -0.6688 0.7349 -0.11236 -0.6688 0.7349 -0.11236 -0.65361 0.75401 -0.06525 -0.65361 0.75401 -0.06525 -0.6469 0.76246 -0.0133 -0.64689 0.76246 -0.0133 -0.64915 0.75963 0.03964 -0.64915 0.75963 0.03964 -0.6602 0.74572 0.08964 -0.6602 0.74572 0.08964 -0.67924 0.72176 0.13299 -0.67924 0.72176 0.13299 -0.70485 0.68954 0.16647 -0.70485 0.68954 0.16648 -0.73514 0.65144 0.18761 -0.73514 0.65144 0.18762 -0.76784 0.61029 0.19484 -0.76784 0.61029 0.19484 -0.80055 0.56914 0.18761 -0.80055 0.56914 0.18762 -0.83083 0.53104 0.16648 -0.83083 0.53104 0.16648 -0.85645 0.49881 0.13299 -0.85645 0.49881 0.13299 -0.87548 0.47486 0.08964 -0.87548 0.47486 0.08964 -0.88654 0.46095 0.03964 -0.88654 0.46095 0.03964 -0.88824 0.45933 0.0066 -0.89285 0.45013 -0.0139 -0.69864 0.45891 -0.54891 -0.78905 0.34516 -0.5082 -0.78904 0.34516 -0.5082 -0.86926 0.24423 -0.4298 -0.86926 0.24423 -0.4298 -0.93335 0.16361 -0.31952 -0.93335 0.16361 -0.31952 -0.97654 0.10926 -0.18555 -0.97654 0.10926 -0.18555 -0.99564 0.08523 -0.03781 -0.99564 0.08523 -0.03781 -0.98924 0.09329 0.11273 -0.98924 0.09329 0.11273 -0.9578 0.13284 0.25491 -0.9578 0.13285 0.25491 -0.90365 0.20097 0.37818 -0.90365 0.20097 0.37819 -0.83082 0.2926 0.47341 -0.83082 0.2926 0.47341 -0.74471 0.40095 0.53353 -0.74471 0.40095 0.53353 -0.6517 0.51797 0.55407 -0.6517 0.51797 0.55407 -0.55868 0.635 0.53353 -0.55868 0.635 0.53353 -0.47257 0.74334 0.47341 -0.47257 0.74334 0.47341 -0.39974 0.83498 0.37819 -0.39974 0.83498 0.37818 -0.3456 0.9031 0.25491 -0.3456 0.9031 0.25491 -0.31415 0.94266 0.11273 -0.31415 0.94266 0.11273 -0.30775 0.95072 -0.03781 -0.30775 0.95072 -0.03781 -0.32685 0.92668 -0.18555 -0.32685 0.92668 -0.18555 -0.37004 0.87234 -0.31952 -0.37004 0.87234 -0.31952 -0.43413 0.79171 -0.4298 -0.43413 0.79171 -0.4298 -0.51435 0.69078 -0.5082 -0.51435 0.69078 -0.5082 -0.60475 0.57704 -0.54891 -0.60475 0.57704 -0.54891 -0.19432 0.82744 -0.52685 -0.02243 0.72891 -0.68424 -0.07397 0.90601 -0.41674 0.01245 0.87286 -0.48781 0.02249 0.96297 -0.26868 0.02976 0.96126 -0.27403 0.08536 0.99195 -0.09348 0.02712 0.99814 -0.0546 0.10822 0.98959 0.09487 0.0038 0.98694 0.16104 0.05263 0.97161 0.23066 0.03333 0.9475 0.31801 -0.10658 0.90808 0.40501 0.08828 0.91281 0.39873 -0.12305 0.81715 0.56314 -0.05312 0.82057 0.56907 -0.17204 0.69616 0.69697 -0.19739 0.69441 0.69197 -0.25076 0.55411 0.79378 -0.34077 0.54502 0.76605 -0.34897 0.46679 0.81261 -0.93466 -0.27057 0.23067 -0.91553 -0.24633 0.31801 -0.91526 -0.17138 0.3646 -0.8634 -0.22834 0.44988 -0.83172 -0.08859 0.54809 -0.80084 -0.1144 0.58785 -0.71071 0.0186 0.70324 -0.72861 0.02988 0.68428 -0.55234 0.1452 0.82088 -0.65304 0.19154 0.7327 -0.35669 0.2835 0.89017 -0.58078 0.35626 0.73196 -0.40574 0.39452 0.82446 -0.98062 -0.17681 0.08435 -0.91265 -0.36801 0.17787 -0.96842 -0.23311 -0.08846 -0.94642 -0.31782 -0.0573 -0.93046 -0.24733 -0.27033 -0.93202 -0.23885 -0.27256 -0.86859 -0.21615 -0.44591 -0.87762 -0.13487 -0.45999 -0.78737 -0.14085 -0.60018 -0.78958 -0.01007 -0.61357 -0.73536 -0.02 -0.67738 -0.14649 0.7209 -0.67738 -0.19584 0.65932 -0.72591 -0.2793 0.62598 -0.72811 -0.24721 0.55233 -0.79613 -0.39481 0.45403 -0.79873 -0.38199 0.42195 -0.82222 -0.50888 0.26041 -0.8205 -0.52305 0.30095 -0.7974 -0.61328 0.05006 -0.78828 -0.65853 0.19901 -0.72576 -0.6865 0.04198 -0.72591 0.3711 -0.07929 0.9252 -0.11062 0.22718 0.96755 0.27417 0.89093 0.36204 -0.54531 -0.14 -0.82646 -0.76059 -0.41332 0.50067 -0.67884 -0.31046 0.66543 -0.57632 -0.18149 0.79682 -0.45819 -0.03285 0.88825 -0.33036 0.12798 0.93514 -0.58818 -0.22556 -0.77664 0.31727 0.91065 0.26466 -0.22579 0.26146 0.93843 -0.19214 0.28775 0.93823 -0.161 0.34363 0.9252 -0.07141 0.45378 0.88825 -0.07141 0.45378 0.88825 0.02164 0.39359 0.91903 0.02164 0.39359 0.91903 0.11434 0.32823 0.93765 0.04673 0.60241 0.79682 0.04673 0.60241 0.79682 0.14387 0.54737 0.82443 0.23905 0.48513 0.84113 0.23905 0.48513 0.84113 0.14924 0.73139 0.66543 0.14924 0.73139 0.66543 0.24993 0.68082 0.68849 0.24993 0.68082 0.68849 0.34726 0.62128 0.70244 0.34726 0.62128 0.70244 0.43997 0.55356 0.70711 0.52687 0.47853 0.70244 0.23099 0.83425 0.50067 0.23099 0.83425 0.50067 0.33452 0.78724 0.51802 0.33452 0.78724 0.51802 0.43356 0.72986 0.52852 0.61317 0.5871 0.52852 0.61317 0.5871 0.52852 0.69143 0.50357 0.51802 -0.02164 -0.39359 0.91903 -0.14387 -0.54737 0.82443 -0.23905 -0.48513 0.84113 -0.24993 -0.68082 0.68849 -0.24993 -0.68082 0.68849 -0.34726 -0.62128 0.70244 -0.34726 -0.62128 0.70244 -0.43997 -0.55356 0.70711 -0.33452 -0.78724 0.51802 -0.33452 -0.78724 0.51802 -0.43356 -0.72986 0.52852 -0.61317 -0.5871 0.52852 -0.78048 -0.61561 -0.10902 -0.78048 -0.61561 -0.10902 -0.70402 -0.70141 -0.11123 -0.52441 -0.84417 -0.11123 -0.42357 -0.89928 -0.10902 -0.42357 -0.89928 -0.10902 -0.75029 -0.57763 -0.32158 -0.75029 -0.57763 -0.32158 -0.67322 -0.66266 -0.3281 -0.67322 -0.66266 -0.3281 -0.49361 -0.80542 -0.3281 -0.39338 -0.8613 -0.32158 -0.39338 -0.8613 -0.32158 -0.69143 -0.50357 -0.51802 -0.69143 -0.50357 -0.51802 -0.61317 -0.5871 -0.52852 -0.43356 -0.72986 -0.52852 -0.43356 -0.72986 -0.52852 -0.33452 -0.78724 -0.51802 -0.33452 -0.78724 -0.51802 -0.45819 -0.03285 -0.88825 -0.45819 -0.03285 -0.88825 -0.37855 -0.10992 -0.91903 -0.37855 -0.10992 -0.91903 -0.29395 -0.18547 -0.93765 -0.29395 -0.18547 -0.93765 -0.11434 -0.32823 -0.93765 -0.11434 -0.32823 -0.93765 -0.02164 -0.39359 -0.91903 -0.02164 -0.39359 -0.91903 -0.33036 0.12798 -0.93514 -0.33036 0.12798 -0.93514 -0.24628 0.05649 -0.96755 -0.24628 0.05649 -0.96755 -0.15901 -0.0157 -0.98715 -0.15901 -0.0157 -0.98715 0.0206 -0.15845 -0.98715 0.11062 -0.22718 -0.96755 0.11062 -0.22718 -0.96755 -0.19924 0.29295 -0.93514 -0.19924 0.29295 -0.93514 -0.11062 0.22718 -0.96755 -0.11062 0.22718 -0.96755 -0.0206 0.15845 -0.98715 0.15901 0.0157 -0.98715 0.15901 0.0157 -0.98715 0.24628 -0.05649 -0.96755 0.24628 -0.05649 -0.96755 -0.07141 0.45378 -0.88825 -0.07141 0.45378 -0.88825 0.02164 0.39359 -0.91903 0.02164 0.39359 -0.91903 0.11434 0.32823 -0.93765 0.11434 0.32823 -0.93765 0.29395 0.18547 -0.93765 0.29395 0.18547 -0.93765 0.37855 0.10992 -0.91903 0.37855 0.10992 -0.91903 0.33452 0.78724 -0.51802 0.33452 0.78724 -0.51802 0.43356 0.72986 -0.52852 0.43356 0.72986 -0.52852 0.61317 0.5871 -0.52852 0.69143 0.50357 -0.51802 0.69142 0.50357 -0.51802 0.39338 0.8613 -0.32158 0.39338 0.8613 -0.32158 0.49361 0.80542 -0.3281 0.67322 0.66266 -0.3281 0.67322 0.66266 -0.3281 0.75029 0.57763 -0.32158 0.75029 0.57763 -0.32158 0.42357 0.89928 -0.10902 0.42357 0.89928 -0.10902 0.52441 0.84417 -0.11123 0.70402 0.70141 -0.11123 0.78048 0.61561 -0.10902 0.78047 0.61561 -0.10902 -0.69143 -0.50357 0.51802 -0.61317 -0.5871 0.52852 -0.52687 -0.47853 0.70244 -0.23905 -0.48513 0.84113 -0.11434 -0.32823 0.93765 -0.02164 -0.39359 0.91903 0.11062 -0.22718 0.96755 0.19214 -0.28775 0.93823 0.22579 -0.26146 0.93843 -0.14924 -0.73139 0.66543 -0.15292 -0.73318 0.66262 -0.04523 -0.6032 0.79631 -0.03305 -0.59661 0.80185 0.06688 -0.45098 0.89003 0.08274 -0.44049 0.89394 0.161 -0.34363 0.9252 -0.3135 -0.93963 0.13718 -0.28788 -0.90583 0.31081 -0.39338 -0.8613 0.32158 -0.39338 -0.8613 0.32158 -0.49361 -0.80542 0.3281 -0.49361 -0.80542 0.3281 -0.67322 -0.66266 0.3281 -0.75029 -0.57763 0.32158 -0.75029 -0.57763 0.32158 -0.81218 -0.49304 0.31189 -0.80606 -0.46818 0.36204 -0.31727 -0.91065 0.26467 -0.27417 -0.89093 0.36204 -0.23099 -0.83425 0.50067 -0.25035 -0.84132 0.47906 -0.20179 -0.80034 0.56457 -0.78048 -0.61561 0.10902 -0.78048 -0.61561 0.10902 -0.70402 -0.70141 0.11123 -0.70402 -0.70141 0.11123 -0.52441 -0.84417 0.11123 -0.42357 -0.89928 0.10902 -0.42357 -0.89928 0.10902 -0.32489 -0.93983 0.10567 -0.14924 -0.73139 -0.66543 -0.24993 -0.68082 -0.68849 -0.24993 -0.68082 -0.68849 -0.34726 -0.62128 -0.70244 -0.34726 -0.62128 -0.70244 -0.43997 -0.55356 -0.70711 -0.52687 -0.47852 -0.70244 -0.52687 -0.47852 -0.70244 -0.60684 -0.39715 -0.68849 -0.60684 -0.39715 -0.68849 -0.1462 -0.70439 -0.6946 -0.17682 -0.76876 -0.61461 -0.23099 -0.83425 -0.50067 -0.23154 -0.82638 -0.51331 -0.28251 -0.90774 -0.31017 -0.28352 -0.90585 -0.31473 -0.31999 -0.94153 -0.10548 -0.31735 -0.94341 -0.09623 -0.31867 -0.94732 0.03211 -0.82784 -0.49572 0.26259 -0.84665 -0.52161 0.10537 -0.84665 -0.52161 0.10536 -0.84665 -0.52161 -0.10537 -0.84665 -0.52161 -0.10536 -0.81748 -0.4849 -0.31081 -0.81748 -0.4849 -0.31081 -0.76059 -0.41332 -0.50067 -0.76059 -0.41332 -0.50067 -0.67884 -0.31046 -0.66543 -0.67884 -0.31047 -0.66543 -0.57632 -0.18149 -0.79682 -0.50077 -0.2637 -0.82443 -0.50078 -0.2637 -0.82443 -0.41866 -0.34237 -0.84113 -0.41866 -0.34237 -0.84113 -0.23905 -0.48513 -0.84113 -0.14387 -0.54737 -0.82443 -0.14387 -0.54737 -0.82443 -0.05489 -0.5981 -0.79954 0.66305 0.28886 -0.6906 0.57632 0.18149 -0.79682 0.50077 0.2637 -0.82443 0.50077 0.2637 -0.82443 0.41866 0.34237 -0.84113 0.41866 0.34237 -0.84113 0.23905 0.48513 -0.84113 0.14387 0.54737 -0.82443 0.14387 0.54737 -0.82443 0.05489 0.5981 -0.79954 0.01331 0.56284 -0.82646 0.58818 0.22556 -0.77664 0.54531 0.14 -0.82646 0.45819 0.03286 -0.88825 0.46531 0.05618 -0.88336 0.33766 -0.13429 -0.93164 0.34384 -0.10955 -0.93262 0.19924 -0.29295 -0.93514 0.19212 -0.31583 -0.92916 0.06604 -0.45046 -0.89035 0.05862 -0.47105 -0.88016 -0.01331 -0.56284 -0.82646 0.24993 0.68082 -0.68849 0.24993 0.68082 -0.68849 0.34726 0.62128 -0.70244 0.34726 0.62128 -0.70244 0.43997 0.55356 -0.70711 0.52687 0.47853 -0.70244 0.52687 0.47853 -0.70244 0.60684 0.39715 -0.68849 0.60684 0.39715 -0.68849 0.67359 0.31732 -0.66753 0.82784 0.49572 0.26258 0.84665 0.52161 0.10537 0.78048 0.61561 0.10902 0.78047 0.61561 0.10902 0.70402 0.70141 0.11123 0.70402 0.70141 0.11123 0.52441 0.84417 0.11123 0.42357 0.89928 0.10902 0.42357 0.89928 0.10902 0.83695 0.52962 0.13788 0.85095 0.52426 0.03211 0.84665 0.52161 -0.10537 0.84528 0.52557 -0.09637 0.81945 0.48182 -0.3104 0.81958 0.47895 -0.31449 0.7581 0.41691 -0.50146 0.75625 0.40712 -0.51219 0.70902 0.34576 -0.61461 0.80606 0.46818 0.36204 0.81218 0.49304 0.31189 0.75029 0.57763 0.32158 0.75029 0.57763 0.32158 0.67322 0.66266 0.3281 0.49361 0.80542 0.3281 0.49361 0.80542 0.3281 0.39338 0.8613 0.32158 0.39338 0.8613 0.32158 0.28788 0.90583 0.31081 0.31706 0.94254 0.10537 0.31706 0.94254 0.10536 0.31706 0.94254 -0.10537 0.31706 0.94254 -0.10536 0.28788 0.90583 -0.31081 0.28788 0.90583 -0.31081 0.23099 0.83425 -0.50067 0.23099 0.83425 -0.50067 0.14924 0.73139 -0.66543 0.14924 0.73139 -0.66543 0.73414 0.37722 0.56457 -0.33036 0.12798 0.93514 -0.24628 0.05649 0.96755 -0.11062 0.22718 0.96755 -0.0206 0.15845 0.98715 0.11434 0.32823 0.93765 0.52687 0.47853 0.70244 0.60684 0.39715 0.68849 0.69143 0.50357 0.51802 0.75635 0.41942 0.50202 0.77 0.42378 0.47698 -0.45819 -0.03285 0.88825 -0.37855 -0.10992 0.91903 -0.24628 0.05649 0.96755 -0.15901 -0.0157 0.98715 -0.0206 0.15845 0.98715 0.29395 0.18547 0.93765 0.41866 0.34237 0.84113 0.50077 0.2637 0.82443 0.60684 0.39715 0.68849 0.67788 0.31172 0.66581 0.68095 0.31287 0.66213 -0.57632 -0.18149 0.79682 -0.50077 -0.2637 0.82443 -0.37855 -0.10992 0.91903 -0.29395 -0.18547 0.93765 0.29395 0.18547 0.93765 0.37855 0.10992 0.91903 0.58126 0.17572 0.79452 0.56993 0.17128 0.80364 -0.67884 -0.31046 0.66543 -0.60684 -0.39715 0.68849 -0.41866 -0.34237 0.84113 0.0206 -0.15845 0.98715 0.15901 0.0157 0.98715 0.24628 -0.05649 0.96755 0.37855 0.10992 0.91903 0.45819 0.03285 0.88825 0.44228 0.02429 0.89655 -0.76059 -0.41332 0.50067 -0.69143 -0.50357 0.51802 -0.60684 -0.39715 0.68849 -0.52687 -0.47853 0.70244 0.0206 -0.15845 0.98715 0.11062 -0.22718 0.96755 0.24628 -0.05649 0.96755 0.33036 -0.12798 0.93514 0.29226 -0.14976 0.94454 0.78285 -0.62221 0 0.78285 -0.62221 0 0.78285 -0.62221 -0 0.78285 -0.62221 -0 0.78285 -0.62221 0 0.78285 -0.62221 -0 0.78285 -0.62221 0 0.78285 -0.62221 -0 0.78285 -0.62221 -0 0.78285 -0.62221 0 0.78285 -0.62221 0 0.78285 -0.62221 -0 0.78285 -0.62221 0 0.78285 -0.62221 -0 0.78285 -0.62221 -0 0.78285 -0.62221 -0 0.78285 -0.62221 -0 0.78285 -0.62221 -0 0.78285 -0.62221 0 0.78285 -0.62221 0 0.78285 -0.62221 0 0.78285 -0.62221 0 0.78285 -0.62221 0 0.78285 -0.62221 -0 0.78285 -0.62221 -0 0.78285 -0.62221 -0 0.78285 -0.62221 -0 0.78285 -0.62221 0 0.78285 -0.62221 -0 0.78285 -0.62221 -0 -0.78285 0.62221 0 -0.78285 0.62221 -0 -0.78285 0.62221 -0 -0.78285 0.62221 0 -0.78285 0.62221 -0 -0.78285 0.62221 -0 -0.78285 0.62221 0 -0.78285 0.62221 -0 -0.78285 0.62221 0 -0.78285 0.62221 -0 -0.78285 0.62221 0 -0.78285 0.62221 -0 -0.78285 0.62221 -0 -0.78285 0.62221 0 -0.78285 0.62221 0 -0.78285 0.62221 0 -0.78285 0.62221 0 -0.78285 0.62221 -0 -0.78285 0.62221 0 -0.78285 0.62221 -0 -0.78285 0.62221 -0 -0.78285 0.62221 -0 -0.78285 0.62221 0 -0.78285 0.62221 -0 -0.78285 0.62221 -0 -0.78285 0.62221 -0 -0.78285 0.62221 0 -0.78285 0.62221 -0 -0.78285 0.62221 0 -0.78285 0.62221 0 -0.42945 -0.90309 0 -0.59832 -0.80125 0 -0.78286 -0.6222 0 -0.78958 -0.61362 -0.00585 -0.7449 -0.6671 0.00983 -0.81647 -0.57729 -0.01067 -0.78337 -0.62154 0.00355 -0.84937 -0.52779 -0.0031 -0.83172 -0.55517 0.00421 -0.87951 -0.47587 -0.00284 -0.87133 -0.49069 0 -0.65038 -0.75961 0 -0.70419 -0.70993 -0.01063 -0.68186 -0.73148 -0.00155 -0.7337 -0.67947 0 -0.75511 -0.6556 -0 -0.54586 -0.83784 -0.00767 -0.5587 -0.82936 -0.00374 -0.50446 -0.86344 0 -0.27882 -0.96034 0 -0.28119 -0.95965 0.00039 -0.34958 -0.93691 -0.0004 -0.33885 -0.94084 -0.0021 -0.4287 -0.90344 0.00355 -0.38671 -0.92216 -0.00828 -0.48177 -0.87627 0.00619 -0.43731 -0.89931 -0.00299 -0.47719 -0.8788 -0 0.90309 -0.42945 -0 0.80125 -0.59832 -0 0.6222 -0.78286 0 0.61362 -0.78958 -0.00585 0.6671 -0.7449 0.00983 0.57729 -0.81647 -0.01067 0.62154 -0.78337 0.00355 0.52779 -0.84937 -0.0031 0.55517 -0.83172 0.00421 0.47587 -0.87951 -0.00284 0.49069 -0.87133 0 0.75961 -0.65038 -0 0.70993 -0.70419 -0.01063 0.73148 -0.68186 -0.00155 0.67947 -0.7337 0 0.6556 -0.75511 -0 0.83784 -0.54586 -0.00767 0.82936 -0.5587 -0.00374 0.86344 -0.50446 0 0.96034 -0.27882 -0 0.95965 -0.28119 0.00039 0.93691 -0.34958 -0.0004 0.94084 -0.33885 -0.0021 0.90344 -0.4287 0.00355 0.92216 -0.38671 -0.00828 0.87627 -0.48177 0.00619 0.89931 -0.43731 -0.00299 0.8788 -0.47719 -0 0.28438 -0.95871 0 0.59513 -0.80363 0 0.8341 -0.55162 -0 0.97246 -0.23307 -0 0.89476 0.44654 -0 0.68808 0.72564 -0 0.3984 0.91721 -0 0.06066 0.99816 -0 -0.28438 0.95871 -0 -0.59513 0.80363 -0 -0.8341 0.55162 0 -0.97246 0.23307 0 -0.89476 -0.44654 0 -0.68808 -0.72564 0 -0.3984 -0.91721 0 -0.06066 -0.99816 0 -0.00163 1 -0 0.22093 0.97529 -0 0.43241 0.90168 -0 0.78081 0.62476 -0 0.90026 0.43535 -0 0.97456 0.22411 -0 1 0.00163 -0 0.97529 -0.22093 -0 0.90168 -0.43241 -0 0.62476 -0.78081 0 0.43535 -0.90026 0 0.22411 -0.97456 0 0.00163 -1 0 -0.22093 -0.97529 0 -0.43241 -0.90168 0 -0.78081 -0.62476 0 -0.90026 -0.43535 0 -0.97456 -0.22411 0 -1 -0.00163 0 -0.97529 0.22093 0 -0.90168 0.43241 0 -0.62476 0.78081 -0 -0.43535 0.90026 0 -0.22411 0.97456 -0 -0.06066 -0.99816 0 -0.3984 -0.91721 0 -0.68808 -0.72564 0 -0.89476 -0.44654 0 -0.97246 0.23307 0 -0.8341 0.55162 0 -0.59513 0.80363 0 -0.28438 0.95871 -0 0.06066 0.99816 -0 0.3984 0.91721 -0 0.68808 0.72564 -0 0.89476 0.44654 -0 0.97246 -0.23307 -0 0.8341 -0.55162 -0 0.59513 -0.80363 0 0.28438 -0.95871 0</float_array>
          <technique_common>
            <accessor source="#norm_0-array" count="24522" stride="3">
              <param name="X" type="float"/>
              <param name="Y" type="float"/>
              <param name="Z" type="float"/>
            </accessor>
          </technique_common>
        </source>
        <source id="uvs_0">
          <float_array id="uvs_0-array" count="0"></float_array>
          <technique_common>
            <accessor source="#uvs_0-array" count="0" stride="2">
              <param name="S" type="float"/>
              <param name="T" type="float"/>
            </accessor>
          </technique_common>
        </source>
        <vertices id="vert_0">
          <input semantic="POSITION" source="#pos_0"/>
        </vertices>
        <triangles count="9868" material="mat_0">
          <input semantic="VERTEX" source="#vert_0" offset="0"/>
          <input semantic="NORMAL" source="#norm_0" offset="1"/>
          <p>0 0 1 0 2 0 2 1 1 1 3 1 0 2 4 2 1 2 1 3 4 3 5 3 1 4 5 4 6 4 6 5 5 5 7 5 7 6 8 6 6 6 6 7 8 7 9 7 6 8 9 8 10 8 10 9 9 9 11 9 12 10 13 10 14 10 12 11 14 11 15 11 15 12 14 12 16 12 16 13 14 13 17 13 16 14 17 14 18 14 19 15 20 15 21 15 21 16 20 16 22 16 21 17 22 17 23 17 13 18 19 18 14 18 14 19 19 19 21 19 14 20 21 20 24 20 24 21 21 21 1 21 24 22 1 22 25 22 25 23 1 23 6 23 26 24 27 24 28 24 29 25 30 25 31 25 32 26 33 26 34 26 34 27 33 27 35 27 32 28 34 28 36 28 36 29 34 29 37 29 36 30 37 30 38 30 38 31 37 31 39 31 38 32 39 32 40 32 27 33 29 33 28 33 28 34 29 34 31 34 28 35 31 35 39 35 39 36 31 36 41 36 39 37 41 37 40 37 42 38 43 38 44 38 44 39 43 39 45 39 44 40 45 40 26 40 46 41 47 41 48 41 48 42 47 42 49 42 48 43 49 43 50 43 50 44 51 44 48 44 48 45 51 45 52 45 48 46 52 46 42 46 46 47 48 47 53 47 53 48 48 48 54 48 53 49 54 49 55 49 55 50 54 50 56 50 55 51 56 51 57 51 57 52 56 52 58 52 57 53 58 53 59 53 58 54 60 54 61 54 59 55 58 55 62 55 62 56 58 56 61 56 62 57 61 57 63 57 64 58 65 58 66 58 66 59 65 59 67 59 66 60 67 60 68 60 35 61 69 61 34 61 34 62 69 62 70 62 34 63 70 63 71 63 42 64 44 64 48 64 48 65 44 65 72 65 48 66 72 66 54 66 54 67 72 67 73 67 54 68 73 68 56 68 56 69 73 69 66 69 56 70 66 70 58 70 58 71 66 71 68 71 58 72 68 72 60 72 26 73 28 73 44 73 44 74 28 74 39 74 44 75 39 75 72 75 72 76 39 76 37 76 72 77 37 77 73 77 73 78 37 78 34 78 73 79 34 79 66 79 66 80 34 80 71 80 66 81 71 81 64 81 74 82 75 82 76 82 77 83 78 83 79 83 80 84 81 84 82 84 82 85 81 85 83 85 82 86 83 86 84 86 84 87 83 87 85 87 84 88 85 88 86 88 79 89 78 89 87 89 76 90 75 90 88 90 74 91 76 91 89 91 89 92 76 92 90 92 89 93 90 93 91 93 91 94 90 94 92 94 91 95 92 95 93 95 78 96 94 96 87 96 87 97 94 97 95 97 87 97 95 97 96 97 96 98 95 98 97 98 96 99 97 99 98 99 98 100 97 100 99 100 98 101 99 101 100 101 86 102 85 102 100 102 100 103 85 103 101 103 100 104 101 104 98 104 98 105 101 105 102 105 98 106 102 106 96 106 96 107 102 107 103 107 96 107 103 107 87 107 87 108 103 108 88 108 87 109 88 109 79 109 79 110 88 110 75 110 79 111 75 111 77 111 104 112 105 112 106 112 107 112 108 112 105 112 105 112 108 112 109 112 105 112 109 112 106 112 110 112 111 112 112 112 112 112 111 112 113 112 112 112 113 112 107 112 107 112 113 112 114 112 107 112 114 112 108 112 115 112 116 112 112 112 112 112 116 112 117 112 112 112 117 112 110 112 118 112 119 112 115 112 115 112 119 112 120 112 115 112 120 112 116 112 121 112 122 112 123 112 123 112 122 112 124 112 123 112 124 112 125 112 126 112 127 112 128 112 129 112 130 112 131 112 125 112 132 112 123 112 123 112 132 112 133 112 123 112 133 112 131 112 131 112 133 112 134 112 131 112 134 112 129 112 126 112 135 112 127 112 127 112 135 112 136 112 127 112 136 112 121 112 121 112 136 112 137 112 121 112 137 112 122 112 138 112 139 112 140 112 140 112 139 112 141 112 140 112 141 112 128 112 128 112 141 112 142 112 128 112 142 112 126 112 129 112 143 112 130 112 130 112 143 112 144 112 130 112 144 112 118 112 118 112 144 112 145 112 118 112 145 112 119 112 88 112 146 112 147 112 148 112 81 112 140 112 140 112 81 112 80 112 140 112 80 112 138 112 149 112 85 112 148 112 148 112 85 112 83 112 148 112 83 112 81 112 88 112 103 112 146 112 146 112 103 112 102 112 146 112 102 112 149 112 149 112 102 112 101 112 149 112 101 112 85 112 93 112 92 112 150 112 150 112 92 112 90 112 150 112 90 112 147 112 147 112 90 112 76 112 147 112 76 112 88 112 106 112 151 112 104 112 104 112 151 112 152 112 104 112 152 112 150 112 150 112 152 112 153 112 150 112 153 112 93 112 154 113 155 113 156 113 154 114 156 114 157 114 157 115 156 115 158 115 158 116 156 116 159 116 158 117 159 117 160 117 161 118 162 118 163 118 163 119 162 119 164 119 163 120 164 120 165 120 166 121 167 121 168 121 168 122 167 122 169 122 166 123 170 123 167 123 167 124 170 124 171 124 167 125 171 125 172 125 172 126 171 126 173 126 173 127 174 127 172 127 172 128 174 128 175 128 172 129 175 129 176 129 176 130 175 130 177 130 155 131 161 131 156 131 156 132 161 132 163 132 156 133 163 133 178 133 178 134 163 134 167 134 178 135 167 135 179 135 179 136 167 136 172 136 180 137 181 137 182 137 180 138 182 138 183 138 183 139 182 139 184 139 184 140 182 140 185 140 184 141 185 141 186 141 187 142 188 142 189 142 189 143 188 143 190 143 189 144 190 144 191 144 192 145 193 145 194 145 194 146 193 146 195 146 192 147 196 147 193 147 193 148 196 148 197 148 193 149 197 149 198 149 198 150 197 150 199 150 199 151 200 151 198 151 198 152 200 152 201 152 198 153 201 153 202 153 202 154 201 154 203 154 181 155 187 155 182 155 182 156 187 156 189 156 182 157 189 157 204 157 204 158 189 158 193 158 204 159 193 159 205 159 205 160 193 160 198 160 206 161 207 161 208 161 206 162 208 162 209 162 209 163 208 163 210 163 210 164 208 164 211 164 210 165 211 165 212 165 213 166 214 166 215 166 215 167 214 167 216 167 215 168 216 168 217 168 218 169 219 169 220 169 220 170 219 170 221 170 218 171 222 171 219 171 219 172 222 172 223 172 219 173 223 173 224 173 224 174 223 174 225 174 225 175 226 175 224 175 224 176 226 176 227 176 224 177 227 177 228 177 228 178 227 178 229 178 207 179 213 179 208 179 208 180 213 180 215 180 208 181 215 181 230 181 230 182 215 182 219 182 230 183 219 183 231 183 231 184 219 184 224 184 232 185 233 185 234 185 235 186 236 186 237 186 237 187 236 187 232 187 238 188 239 188 240 188 240 189 239 189 235 189 241 190 242 190 243 190 243 191 244 191 241 191 241 192 244 192 245 192 241 193 245 193 246 193 246 194 247 194 241 194 241 195 247 195 248 195 241 196 248 196 238 196 242 197 241 197 249 197 249 198 241 198 250 198 249 199 250 199 251 199 251 200 250 200 252 200 251 201 252 201 253 201 253 202 252 202 254 202 253 203 254 203 255 203 254 204 256 204 257 204 255 205 254 205 258 205 258 206 254 206 257 206 258 207 257 207 259 207 260 208 261 208 262 208 262 209 261 209 263 209 262 210 263 210 264 210 265 211 266 211 267 211 267 212 266 212 268 212 267 213 268 213 269 213 232 214 234 214 237 214 237 215 234 215 270 215 237 216 270 216 271 216 271 217 270 217 272 217 271 218 272 218 273 218 273 219 272 219 274 219 273 220 274 220 267 220 267 221 274 221 275 221 267 222 275 222 265 222 238 223 240 223 241 223 241 224 240 224 276 224 241 225 276 225 250 225 250 226 276 226 277 226 250 227 277 227 252 227 252 228 277 228 262 228 252 229 262 229 254 229 254 230 262 230 264 230 254 231 264 231 256 231 235 232 237 232 240 232 240 233 237 233 271 233 240 234 271 234 276 234 276 235 271 235 273 235 276 236 273 236 277 236 277 237 273 237 267 237 277 238 267 238 262 238 262 239 267 239 269 239 262 240 269 240 260 240 278 241 279 241 280 241 281 242 282 242 283 242 283 243 282 243 278 243 284 244 285 244 286 244 286 245 285 245 281 245 287 246 288 246 289 246 289 247 290 247 287 247 287 248 290 248 291 248 287 249 291 249 292 249 292 250 293 250 287 250 287 251 293 251 294 251 287 252 294 252 284 252 288 253 287 253 295 253 295 254 287 254 296 254 295 255 296 255 297 255 297 256 296 256 298 256 297 257 298 257 299 257 299 258 298 258 300 258 299 259 300 259 301 259 300 260 302 260 303 260 301 261 300 261 304 261 304 262 300 262 303 262 304 263 303 263 305 263 306 264 307 264 308 264 308 265 307 265 309 265 308 266 309 266 310 266 311 267 312 267 313 267 313 268 312 268 314 268 313 269 314 269 315 269 278 270 280 270 283 270 283 271 280 271 316 271 283 272 316 272 317 272 317 273 316 273 318 273 317 274 318 274 319 274 319 275 318 275 320 275 319 276 320 276 313 276 313 277 320 277 321 277 313 278 321 278 311 278 284 279 286 279 287 279 287 280 286 280 322 280 287 281 322 281 296 281 296 282 322 282 323 282 296 283 323 283 298 283 298 284 323 284 308 284 298 285 308 285 300 285 300 286 308 286 310 286 300 287 310 287 302 287 281 288 283 288 286 288 286 289 283 289 317 289 286 290 317 290 322 290 322 291 317 291 319 291 322 292 319 292 323 292 323 293 319 293 313 293 323 294 313 294 308 294 308 295 313 295 315 295 308 296 315 296 306 296 324 297 325 297 326 297 327 298 328 298 329 298 330 299 331 299 332 299 330 300 332 300 333 300 333 301 332 301 334 301 334 302 332 302 335 302 334 303 335 303 336 303 336 304 335 304 337 304 336 305 337 305 338 305 325 306 327 306 326 306 326 307 327 307 329 307 326 308 329 308 337 308 337 309 329 309 339 309 337 310 339 310 338 310 340 311 341 311 342 311 342 312 341 312 324 312 343 313 344 313 345 313 345 314 346 314 343 314 343 315 346 315 347 315 343 316 347 316 348 316 348 317 349 317 343 317 343 318 349 318 350 318 343 319 350 319 340 319 344 320 343 320 351 320 351 321 343 321 352 321 351 322 352 322 353 322 353 323 352 323 354 323 353 324 354 324 355 324 355 325 354 325 356 325 355 326 356 326 357 326 356 327 358 327 359 327 357 328 356 328 360 328 360 329 356 329 359 329 360 330 359 330 361 330 362 331 363 331 364 331 364 332 363 332 365 332 366 333 367 333 363 333 363 334 367 334 368 334 363 335 368 335 365 335 340 336 342 336 343 336 343 337 342 337 369 337 343 338 369 338 352 338 352 339 369 339 370 339 352 340 370 340 354 340 354 341 370 341 363 341 354 342 363 342 356 342 356 343 363 343 362 343 356 344 362 344 358 344 324 345 326 345 342 345 342 346 326 346 337 346 342 347 337 347 369 347 369 348 337 348 335 348 369 349 335 349 370 349 370 350 335 350 332 350 370 351 332 351 363 351 363 352 332 352 331 352 363 353 331 353 366 353 371 354 18 354 17 354 10 355 11 355 372 355 372 356 11 356 373 356 10 357 372 357 6 357 6 358 372 358 374 358 6 359 374 359 25 359 25 360 374 360 375 360 25 361 375 361 24 361 376 362 371 362 377 362 377 363 371 363 17 363 377 364 17 364 375 364 375 365 17 365 14 365 375 366 14 366 24 366 378 367 379 367 380 367 380 368 379 368 381 368 382 369 383 369 384 369 383 370 385 370 384 370 384 371 385 371 386 371 384 372 386 372 387 372 388 373 389 373 390 373 390 374 389 374 391 374 390 375 391 375 392 375 392 376 391 376 393 376 392 377 393 377 394 377 394 378 393 378 395 378 394 379 395 379 384 379 384 380 395 380 396 380 384 381 396 381 382 381 397 382 388 382 398 382 398 383 388 383 390 383 398 384 390 384 399 384 399 385 390 385 400 385 401 386 400 386 402 386 403 387 404 387 402 387 402 388 404 388 405 388 402 389 405 389 401 389 373 390 406 390 372 390 372 391 406 391 407 391 372 392 407 392 403 392 403 393 402 393 372 393 372 394 402 394 408 394 372 395 408 395 374 395 374 396 408 396 409 396 374 396 409 396 375 396 375 397 409 397 380 397 375 398 380 398 377 398 377 399 380 399 381 399 377 400 381 400 376 400 400 401 390 401 402 401 402 402 390 402 392 402 402 403 392 403 408 403 408 404 392 404 394 404 408 405 394 405 409 405 409 406 394 406 384 406 409 407 384 407 380 407 380 408 384 408 387 408 380 409 387 409 378 409 410 410 411 410 412 410 413 411 160 411 159 411 414 412 415 412 416 412 416 413 415 413 417 413 418 414 419 414 420 414 419 415 421 415 420 415 420 416 421 416 422 416 420 417 422 417 423 417 424 418 425 418 426 418 426 419 425 419 427 419 426 420 427 420 428 420 428 421 427 421 429 421 428 422 429 422 430 422 430 423 429 423 431 423 430 424 431 424 420 424 420 425 431 425 432 425 420 426 432 426 418 426 433 427 424 427 434 427 434 428 424 428 426 428 434 429 426 429 435 429 435 430 426 430 436 430 411 431 437 431 412 431 412 432 437 432 438 432 412 433 438 433 436 433 439 434 440 434 441 434 441 435 440 435 410 435 176 436 177 436 441 436 441 437 177 437 442 437 441 438 442 438 439 438 176 439 441 439 172 439 172 440 441 440 443 440 172 441 443 441 179 441 179 442 443 442 444 442 179 443 444 443 178 443 445 444 413 444 446 444 446 445 413 445 159 445 446 446 159 446 444 446 444 447 159 447 156 447 444 448 156 448 178 448 410 449 412 449 441 449 441 450 412 450 447 450 441 451 447 451 443 451 443 452 447 452 448 452 443 452 448 452 444 452 444 453 448 453 416 453 444 454 416 454 446 454 446 455 416 455 417 455 446 456 417 456 445 456 436 457 426 457 412 457 412 458 426 458 428 458 412 459 428 459 447 459 447 460 428 460 430 460 447 461 430 461 448 461 448 462 430 462 420 462 448 463 420 463 416 463 416 464 420 464 423 464 416 465 423 465 414 465 449 466 212 466 211 466 450 467 451 467 452 467 452 468 451 468 453 468 454 469 455 469 456 469 455 470 457 470 456 470 456 471 457 471 458 471 456 472 458 472 459 472 460 473 461 473 462 473 462 474 461 474 463 474 462 475 463 475 464 475 464 476 463 476 465 476 464 477 465 477 466 477 466 478 465 478 467 478 466 479 467 479 456 479 456 480 467 480 468 480 456 481 468 481 454 481 469 482 460 482 470 482 470 483 460 483 462 483 470 484 462 484 471 484 471 485 462 485 472 485 473 486 472 486 474 486 475 487 476 487 474 487 474 488 476 488 477 488 474 489 477 489 473 489 478 490 479 490 480 490 480 491 479 491 475 491 228 492 229 492 480 492 480 493 229 493 481 493 480 494 481 494 478 494 228 495 480 495 224 495 224 496 480 496 482 496 224 497 482 497 231 497 231 498 482 498 483 498 231 499 483 499 230 499 484 500 449 500 485 500 485 501 449 501 211 501 485 502 211 502 483 502 483 503 211 503 208 503 483 504 208 504 230 504 475 505 474 505 480 505 480 506 474 506 486 506 480 507 486 507 482 507 482 508 486 508 487 508 482 508 487 508 483 508 483 509 487 509 452 509 483 510 452 510 485 510 485 511 452 511 453 511 485 512 453 512 484 512 472 513 462 513 474 513 474 514 462 514 464 514 474 515 464 515 486 515 486 516 464 516 466 516 486 517 466 517 487 517 487 518 466 518 456 518 487 519 456 519 452 519 452 520 456 520 459 520 452 521 459 521 450 521 488 522 186 522 185 522 202 523 203 523 489 523 489 524 203 524 490 524 489 525 490 525 491 525 202 526 489 526 198 526 198 527 489 527 492 527 198 528 492 528 205 528 205 529 492 529 493 529 205 530 493 530 204 530 494 531 488 531 495 531 495 532 488 532 185 532 495 533 185 533 493 533 493 534 185 534 182 534 493 535 182 535 204 535 496 536 497 536 498 536 498 537 497 537 499 537 500 538 501 538 502 538 501 539 503 539 502 539 502 540 503 540 504 540 502 541 504 541 505 541 506 542 507 542 508 542 508 543 507 543 509 543 508 544 509 544 510 544 510 545 509 545 511 545 510 546 511 546 512 546 512 547 511 547 513 547 512 548 513 548 502 548 502 549 513 549 514 549 502 550 514 550 500 550 515 551 506 551 516 551 516 552 506 552 508 552 516 553 508 553 517 553 517 554 508 554 518 554 518 555 519 555 520 555 520 556 519 556 521 556 491 557 522 557 519 557 522 558 523 558 519 558 519 559 523 559 524 559 519 560 524 560 521 560 491 561 519 561 489 561 489 562 519 562 525 562 489 563 525 563 492 563 492 564 525 564 526 564 492 564 526 564 493 564 493 565 526 565 498 565 493 566 498 566 495 566 495 567 498 567 499 567 495 568 499 568 494 568 518 569 508 569 519 569 519 570 508 570 510 570 519 571 510 571 525 571 525 572 510 572 512 572 525 573 512 573 526 573 526 574 512 574 502 574 526 575 502 575 498 575 498 576 502 576 505 576 498 577 505 577 496 577 527 578 528 578 113 578 529 579 530 579 531 579 531 580 530 580 532 580 113 581 528 581 114 581 527 582 113 582 533 582 533 583 113 583 111 583 533 584 111 584 534 584 534 585 111 585 110 585 534 586 110 586 117 586 93 587 153 587 535 587 535 588 153 588 152 588 535 589 152 589 536 589 536 590 152 590 151 590 536 591 151 591 537 591 530 592 538 592 532 592 532 593 538 593 539 593 532 593 539 593 540 593 540 594 539 594 541 594 540 595 541 595 542 595 542 596 541 596 543 596 542 597 543 597 544 597 537 598 151 598 544 598 544 599 151 599 106 599 544 600 106 600 542 600 542 601 106 601 109 601 542 602 109 602 540 602 540 603 109 603 108 603 540 603 108 603 532 603 532 604 108 604 114 604 532 605 114 605 531 605 531 606 114 606 528 606 531 607 528 607 529 607 545 608 546 608 141 608 547 609 548 609 549 609 125 610 124 610 550 610 550 611 124 611 122 611 550 612 122 612 551 612 551 613 122 613 137 613 551 614 137 614 552 614 549 615 548 615 553 615 141 616 546 616 142 616 545 617 141 617 554 617 554 618 141 618 139 618 554 619 139 619 555 619 555 620 139 620 138 620 555 621 138 621 80 621 548 622 556 622 553 622 553 623 556 623 557 623 553 624 557 624 558 624 558 625 557 625 559 625 558 626 559 626 560 626 560 627 559 627 561 627 560 628 561 628 562 628 552 629 137 629 562 629 562 630 137 630 136 630 562 631 136 631 560 631 560 632 136 632 135 632 560 633 135 633 558 633 558 634 135 634 126 634 558 635 126 635 553 635 553 636 126 636 142 636 553 637 142 637 549 637 549 638 142 638 546 638 549 639 546 639 547 639 563 640 564 640 134 640 565 641 566 641 567 641 567 642 566 642 568 642 134 643 564 643 129 643 563 644 134 644 569 644 569 645 134 645 133 645 569 646 133 646 570 646 570 647 133 647 132 647 570 648 132 648 125 648 117 649 116 649 571 649 571 650 116 650 120 650 571 651 120 651 572 651 572 652 120 652 119 652 572 653 119 653 573 653 566 654 574 654 568 654 568 655 574 655 575 655 568 655 575 655 576 655 576 656 575 656 577 656 576 657 577 657 578 657 578 658 577 658 579 658 578 659 579 659 580 659 573 660 119 660 580 660 580 661 119 661 145 661 580 662 145 662 578 662 578 663 145 663 144 663 578 664 144 664 576 664 576 665 144 665 143 665 576 665 143 665 568 665 568 666 143 666 129 666 568 667 129 667 567 667 567 668 129 668 564 668 567 669 564 669 565 669 581 670 582 670 41 670 581 671 41 671 583 671 583 672 41 672 584 672 584 673 41 673 31 673 584 674 31 674 30 674 585 675 586 675 95 675 95 676 586 676 587 676 95 677 587 677 97 677 588 678 94 678 589 678 589 679 94 679 78 679 588 680 590 680 94 680 94 681 590 681 591 681 94 682 591 682 36 682 36 683 591 683 592 683 592 684 593 684 36 684 36 685 593 685 594 685 36 686 594 686 32 686 32 687 594 687 33 687 582 688 585 688 41 688 41 689 585 689 95 689 41 690 95 690 40 690 40 691 95 691 94 691 40 692 94 692 38 692 38 693 94 693 36 693 595 694 596 694 270 694 595 695 270 695 597 695 597 696 270 696 598 696 598 697 270 697 234 697 598 698 234 698 233 698 599 699 600 699 539 699 539 700 600 700 601 700 539 701 601 701 541 701 602 702 603 702 272 702 530 703 604 703 538 703 538 704 604 704 605 704 538 705 605 705 606 705 603 706 607 706 272 706 272 707 607 707 608 707 272 708 608 708 274 708 274 709 608 709 275 709 596 710 599 710 270 710 270 711 599 711 539 711 270 712 539 712 272 712 272 713 539 713 538 713 272 714 538 714 602 714 602 715 538 715 606 715 609 716 610 716 339 716 609 717 339 717 611 717 611 718 339 718 612 718 612 719 339 719 329 719 612 720 329 720 328 720 613 721 614 721 557 721 557 722 614 722 615 722 557 723 615 723 559 723 556 724 548 724 616 724 616 725 617 725 556 725 556 726 617 726 618 726 556 727 618 727 619 727 620 728 621 728 336 728 336 729 621 729 622 729 336 730 622 730 334 730 334 731 622 731 333 731 610 732 613 732 339 732 339 733 613 733 557 733 339 734 557 734 338 734 338 735 557 735 556 735 338 736 556 736 336 736 336 737 556 737 619 737 336 738 619 738 620 738 623 739 624 739 316 739 623 740 316 740 625 740 625 741 316 741 626 741 626 742 316 742 280 742 626 743 280 743 279 743 627 744 628 744 575 744 575 745 628 745 629 745 575 746 629 746 577 746 566 747 630 747 574 747 574 748 630 748 631 748 574 749 631 749 632 749 318 750 633 750 634 750 634 751 635 751 318 751 318 752 635 752 636 752 318 753 636 753 320 753 320 754 636 754 321 754 624 755 627 755 316 755 316 756 627 756 575 756 316 757 575 757 318 757 318 758 575 758 574 758 318 759 574 759 633 759 633 760 574 760 632 760 360 761 468 761 357 761 357 762 468 762 467 762 357 763 467 763 355 763 355 764 467 764 465 764 355 765 465 765 353 765 353 766 465 766 463 766 460 767 345 767 461 767 461 768 345 768 344 768 461 769 344 769 463 769 463 770 344 770 351 770 463 771 351 771 353 771 327 772 637 772 328 772 328 772 637 772 638 772 328 772 638 772 612 772 612 772 638 772 639 772 612 772 639 772 611 772 640 772 481 772 641 772 641 772 481 772 229 772 641 772 229 772 642 772 642 772 229 772 227 772 642 772 227 772 643 772 643 772 227 772 226 772 643 772 226 772 644 772 644 772 226 772 611 772 644 772 611 772 645 772 645 772 611 772 639 772 611 773 226 773 609 773 609 774 226 774 225 774 609 775 225 775 610 775 610 776 225 776 223 776 610 777 223 777 613 777 613 778 223 778 222 778 613 779 222 779 614 779 614 780 222 780 218 780 588 781 162 781 590 781 590 782 162 782 161 782 590 783 161 783 591 783 591 784 161 784 155 784 591 785 155 785 592 785 592 786 155 786 154 786 592 787 154 787 593 787 593 788 154 788 157 788 63 789 61 789 421 789 646 790 647 790 64 790 35 791 648 791 69 791 69 792 648 792 649 792 69 793 649 793 70 793 70 794 649 794 646 794 70 795 646 795 71 795 71 796 646 796 64 796 64 797 415 797 65 797 65 798 415 798 414 798 65 799 414 799 67 799 67 800 414 800 68 800 68 801 414 801 423 801 68 802 423 802 422 802 421 803 61 803 422 803 422 804 61 804 60 804 422 805 60 805 68 805 432 806 62 806 418 806 418 807 62 807 63 807 418 808 63 808 419 808 419 809 63 809 421 809 650 810 413 810 651 810 651 811 413 811 445 811 651 812 445 812 652 812 652 813 445 813 417 813 652 814 417 814 653 814 653 815 417 815 415 815 653 816 415 816 654 816 654 817 415 817 64 817 654 818 64 818 655 818 655 819 64 819 647 819 62 820 432 820 59 820 59 821 432 821 431 821 59 822 431 822 57 822 57 823 431 823 429 823 57 824 429 824 55 824 55 825 429 825 427 825 424 826 47 826 425 826 425 827 47 827 46 827 425 828 46 828 427 828 427 829 46 829 53 829 427 830 53 830 55 830 29 831 656 831 30 831 30 832 656 832 657 832 30 831 657 831 584 831 584 832 657 832 658 832 584 832 658 832 583 832 659 832 442 832 660 832 660 832 442 832 177 832 660 832 177 832 661 832 661 832 177 832 175 832 661 832 175 832 662 832 662 832 175 832 174 832 662 832 174 832 663 832 663 831 174 831 583 831 663 831 583 831 664 831 664 832 583 832 658 832 583 833 174 833 581 833 581 834 174 834 173 834 581 835 173 835 582 835 582 836 173 836 171 836 582 837 171 837 585 837 585 838 171 838 170 838 585 839 170 839 586 839 586 840 170 840 166 840 555 841 80 841 665 841 666 842 667 842 217 842 555 843 665 843 554 843 554 844 665 844 668 844 554 845 668 845 545 845 86 846 669 846 84 846 84 847 669 847 665 847 84 848 665 848 82 848 82 849 665 849 80 849 169 850 670 850 671 850 86 851 100 851 669 851 669 852 100 852 99 852 669 853 99 853 671 853 671 854 99 854 97 854 671 855 97 855 169 855 169 856 97 856 587 856 169 857 587 857 168 857 168 858 587 858 586 858 168 859 586 859 166 859 214 860 617 860 216 860 216 861 617 861 616 861 216 862 616 862 217 862 217 863 616 863 548 863 217 864 548 864 666 864 666 865 548 865 547 865 666 866 547 866 668 866 668 867 547 867 546 867 668 868 546 868 545 868 617 869 214 869 618 869 618 870 214 870 213 870 618 871 213 871 619 871 619 872 213 872 207 872 619 873 207 873 620 873 620 874 207 874 206 874 620 875 206 875 621 875 621 876 206 876 209 876 361 877 359 877 457 877 672 878 673 878 368 878 330 879 674 879 331 879 331 880 674 880 675 880 331 881 675 881 366 881 366 882 675 882 672 882 366 883 672 883 367 883 367 884 672 884 368 884 368 885 451 885 365 885 365 886 451 886 450 886 365 887 450 887 364 887 364 888 450 888 362 888 362 889 450 889 459 889 362 890 459 890 458 890 457 891 359 891 458 891 458 892 359 892 358 892 458 893 358 893 362 893 468 894 360 894 454 894 454 895 360 895 361 895 454 896 361 896 455 896 455 897 361 897 457 897 676 898 449 898 677 898 677 899 449 899 484 899 677 900 484 900 678 900 678 901 484 901 453 901 678 902 453 902 679 902 679 903 453 903 451 903 679 904 451 904 680 904 680 905 451 905 368 905 680 906 368 906 681 906 681 907 368 907 673 907 631 908 188 908 632 908 632 909 188 909 187 909 632 910 187 910 633 910 633 911 187 911 181 911 633 912 181 912 634 912 634 913 181 913 180 913 634 914 180 914 635 914 635 915 180 915 183 915 305 916 303 916 503 916 682 917 683 917 306 917 311 918 684 918 312 918 312 919 684 919 685 919 312 920 685 920 314 920 314 921 685 921 682 921 314 922 682 922 315 922 315 923 682 923 306 923 306 924 497 924 307 924 307 925 497 925 496 925 307 926 496 926 309 926 309 927 496 927 310 927 310 928 496 928 505 928 310 929 505 929 504 929 503 930 303 930 504 930 504 931 303 931 302 931 504 932 302 932 310 932 514 933 304 933 500 933 500 934 304 934 305 934 500 935 305 935 501 935 501 936 305 936 503 936 686 937 488 937 687 937 687 938 488 938 494 938 687 939 494 939 688 939 688 940 494 940 499 940 688 941 499 941 689 941 689 942 499 942 497 942 689 943 497 943 690 943 690 944 497 944 306 944 690 945 306 945 691 945 691 946 306 946 683 946 304 947 514 947 301 947 301 948 514 948 513 948 301 949 513 949 299 949 299 950 513 950 511 950 299 951 511 951 297 951 297 952 511 952 509 952 506 953 289 953 507 953 507 954 289 954 288 954 507 955 288 955 509 955 509 956 288 956 295 956 509 957 295 957 297 957 278 958 692 958 279 958 279 959 692 959 693 959 279 958 693 958 626 958 626 959 693 959 694 959 626 959 694 959 625 959 695 959 490 959 696 959 696 959 490 959 203 959 696 959 203 959 697 959 697 959 203 959 201 959 697 959 201 959 698 959 698 959 201 959 200 959 698 959 200 959 699 959 699 958 200 958 625 958 699 958 625 958 700 958 700 959 625 959 694 959 625 960 200 960 623 960 623 961 200 961 199 961 623 962 199 962 624 962 624 963 199 963 197 963 624 964 197 964 627 964 627 965 197 965 196 965 627 966 196 966 628 966 628 967 196 967 192 967 605 968 20 968 606 968 606 969 20 969 19 969 606 970 19 970 602 970 602 971 19 971 13 971 602 972 13 972 603 972 603 973 13 973 12 973 603 974 12 974 607 974 607 975 12 975 15 975 91 976 93 976 701 976 702 977 703 977 165 977 91 978 701 978 89 978 89 979 701 979 704 979 89 980 704 980 74 980 537 981 705 981 536 981 536 982 705 982 701 982 536 983 701 983 535 983 535 984 701 984 93 984 3 985 706 985 707 985 537 986 544 986 705 986 705 987 544 987 543 987 705 988 543 988 707 988 707 989 543 989 541 989 707 990 541 990 3 990 3 991 541 991 601 991 3 992 601 992 2 992 2 993 601 993 600 993 2 994 600 994 0 994 162 995 588 995 164 995 164 996 588 996 589 996 164 997 589 997 165 997 165 998 589 998 78 998 165 999 78 999 702 999 702 1000 78 1000 77 1000 702 1001 77 1001 704 1001 704 1002 77 1002 75 1002 704 1003 75 1003 74 1003 259 1004 257 1004 385 1004 708 1005 709 1005 260 1005 265 1006 710 1006 266 1006 266 1007 710 1007 711 1007 266 1008 711 1008 268 1008 268 1009 711 1009 708 1009 268 1010 708 1010 269 1010 269 1011 708 1011 260 1011 260 1012 379 1012 261 1012 261 1013 379 1013 378 1013 261 1014 378 1014 263 1014 263 1015 378 1015 264 1015 264 1016 378 1016 387 1016 264 1017 387 1017 386 1017 385 1018 257 1018 386 1018 386 1019 257 1019 256 1019 386 1020 256 1020 264 1020 396 1021 258 1021 382 1021 382 1022 258 1022 259 1022 382 1023 259 1023 383 1023 383 1024 259 1024 385 1024 712 1025 371 1025 713 1025 713 1026 371 1026 376 1026 713 1027 376 1027 714 1027 714 1028 376 1028 381 1028 714 1029 381 1029 715 1029 715 1030 381 1030 379 1030 715 1031 379 1031 716 1031 716 1032 379 1032 260 1032 716 1033 260 1033 717 1033 717 1034 260 1034 709 1034 597 1035 8 1035 595 1035 595 1036 8 1036 7 1036 595 1037 7 1037 596 1037 596 1038 7 1038 5 1038 596 1039 5 1039 599 1039 599 1040 5 1040 4 1040 599 1041 4 1041 600 1041 600 1042 4 1042 0 1042 258 1043 396 1043 255 1043 255 1044 396 1044 395 1044 255 1045 395 1045 253 1045 253 1046 395 1046 393 1046 253 1047 393 1047 251 1047 251 1048 393 1048 391 1048 388 1049 243 1049 389 1049 389 1050 243 1050 242 1050 389 1051 242 1051 391 1051 391 1052 242 1052 249 1052 391 1053 249 1053 251 1053 718 1054 373 1054 719 1054 719 1054 373 1054 11 1054 719 1054 11 1054 720 1054 720 1054 11 1054 9 1054 720 1054 9 1054 721 1054 721 1054 9 1054 8 1054 721 1054 8 1054 722 1054 722 1054 8 1054 597 1054 232 1054 723 1054 233 1054 233 1054 723 1054 724 1054 233 1054 724 1054 598 1054 598 1054 724 1054 725 1054 598 1054 725 1054 597 1054 597 1054 725 1054 726 1054 597 1054 726 1054 722 1054 433 1055 434 1055 51 1055 727 1056 728 1056 411 1056 442 1057 659 1057 439 1057 439 1058 659 1058 729 1058 439 1059 729 1059 440 1059 440 1060 729 1060 727 1060 440 1061 727 1061 410 1061 410 1062 727 1062 411 1062 411 1063 45 1063 437 1063 437 1064 45 1064 43 1064 437 1065 43 1065 438 1065 438 1066 43 1066 436 1066 436 1067 43 1067 42 1067 436 1068 42 1068 52 1068 51 1069 434 1069 52 1069 52 1070 434 1070 435 1070 52 1071 435 1071 436 1071 47 1072 424 1072 49 1072 49 1073 424 1073 433 1073 49 1074 433 1074 50 1074 50 1075 433 1075 51 1075 656 1076 29 1076 730 1076 730 1077 29 1077 27 1077 730 1078 27 1078 731 1078 731 1079 27 1079 26 1079 731 1080 26 1080 732 1080 732 1081 26 1081 45 1081 732 1082 45 1082 733 1082 733 1083 45 1083 411 1083 733 1084 411 1084 734 1084 734 1085 411 1085 728 1085 449 959 676 959 212 959 212 959 676 959 735 959 212 959 735 959 210 959 210 959 735 959 736 959 210 959 736 959 209 959 674 959 330 959 737 959 737 959 330 959 333 959 737 959 333 959 738 959 738 958 333 958 622 958 738 959 622 959 739 959 739 959 622 959 621 959 739 958 621 958 740 958 740 958 621 958 209 958 740 959 209 959 741 959 741 959 209 959 736 959 742 1086 737 1086 743 1086 743 1087 737 1087 738 1087 743 1087 738 1087 744 1087 744 1088 738 1088 739 1088 744 1088 739 1088 745 1088 745 1089 739 1089 740 1089 745 1089 740 1089 746 1089 746 1090 740 1090 741 1090 746 1090 741 1090 747 1090 747 1091 741 1091 736 1091 747 1091 736 1091 748 1091 748 1092 736 1092 735 1092 748 1092 735 1092 749 1092 749 1093 735 1093 676 1093 749 1094 676 1094 750 1094 673 1095 672 1095 751 1095 751 1096 672 1096 675 1096 751 1097 675 1097 742 1097 742 1098 675 1098 674 1098 742 1099 674 1099 737 1099 673 1100 751 1100 681 1100 681 1101 751 1101 752 1101 681 1102 752 1102 680 1102 680 1103 752 1103 679 1103 679 1104 752 1104 753 1104 679 1105 753 1105 678 1105 750 1106 676 1106 753 1106 753 1107 676 1107 677 1107 753 1108 677 1108 678 1108 413 772 650 772 160 772 160 772 650 772 754 772 160 772 754 772 158 772 158 772 754 772 755 772 158 772 755 772 157 772 648 772 35 772 756 772 756 772 35 772 33 772 756 772 33 772 757 772 757 772 33 772 594 772 757 772 594 772 758 772 758 772 594 772 593 772 758 772 593 772 759 772 759 772 593 772 157 772 759 772 157 772 760 772 760 772 157 772 755 772 397 1109 398 1109 246 1109 373 1110 718 1110 406 1110 406 1111 718 1111 761 1111 406 1112 761 1112 407 1112 761 1113 762 1113 407 1113 407 1114 762 1114 763 1114 407 1115 763 1115 403 1115 403 1116 763 1116 404 1116 404 1117 239 1117 405 1117 405 1118 239 1118 238 1118 405 1119 238 1119 401 1119 401 1120 238 1120 400 1120 400 1121 238 1121 248 1121 400 1122 248 1122 247 1122 246 1123 398 1123 247 1123 247 1124 398 1124 399 1124 247 1125 399 1125 400 1125 243 1126 388 1126 244 1126 244 1127 388 1127 397 1127 244 1128 397 1128 245 1128 245 1129 397 1129 246 1129 723 1130 232 1130 764 1130 764 1131 232 1131 236 1131 764 1132 236 1132 765 1132 765 1133 236 1133 235 1133 765 1134 235 1134 766 1134 766 1135 235 1135 239 1135 766 1136 239 1136 767 1136 767 1137 239 1137 404 1137 767 1138 404 1138 768 1138 768 1139 404 1139 763 1139 769 1140 756 1140 770 1140 770 1141 756 1141 757 1141 770 1141 757 1141 771 1141 771 1142 757 1142 758 1142 771 1142 758 1142 772 1142 772 1143 758 1143 759 1143 772 1143 759 1143 773 1143 773 1144 759 1144 760 1144 773 1144 760 1144 774 1144 774 1145 760 1145 755 1145 774 1145 755 1145 775 1145 775 1146 755 1146 754 1146 775 1146 754 1146 776 1146 776 1147 754 1147 650 1147 776 1148 650 1148 777 1148 647 1149 646 1149 778 1149 778 1150 646 1150 649 1150 778 1151 649 1151 769 1151 769 1152 649 1152 648 1152 769 1153 648 1153 756 1153 647 1154 778 1154 655 1154 655 1155 778 1155 779 1155 655 1156 779 1156 654 1156 654 1157 779 1157 653 1157 653 1158 779 1158 780 1158 653 1159 780 1159 652 1159 777 1160 650 1160 780 1160 780 1161 650 1161 651 1161 780 1162 651 1162 652 1162 515 1163 516 1163 292 1163 490 1164 695 1164 491 1164 491 1165 695 1165 781 1165 491 1166 781 1166 522 1166 781 1167 782 1167 522 1167 522 1168 782 1168 783 1168 522 1169 783 1169 523 1169 523 1170 783 1170 524 1170 524 1171 285 1171 521 1171 521 1172 285 1172 284 1172 521 1173 284 1173 520 1173 520 1174 284 1174 518 1174 518 1175 284 1175 294 1175 518 1176 294 1176 293 1176 292 1177 516 1177 293 1177 293 1178 516 1178 517 1178 293 1179 517 1179 518 1179 289 1180 506 1180 290 1180 290 1181 506 1181 515 1181 290 1182 515 1182 291 1182 291 1183 515 1183 292 1183 692 1184 278 1184 784 1184 784 1185 278 1185 282 1185 784 1186 282 1186 785 1186 785 1187 282 1187 281 1187 785 1188 281 1188 786 1188 786 1189 281 1189 285 1189 786 1190 285 1190 787 1190 787 1191 285 1191 524 1191 787 1192 524 1192 788 1192 788 1193 524 1193 783 1193 371 832 712 832 18 832 18 832 712 832 789 832 18 832 789 832 16 832 16 832 789 832 790 832 16 832 790 832 15 832 710 832 265 832 791 832 791 832 265 832 275 832 791 832 275 832 792 832 792 831 275 831 608 831 792 832 608 832 793 832 793 832 608 832 607 832 793 831 607 831 794 831 794 831 607 831 15 831 794 832 15 832 795 832 795 832 15 832 790 832 796 1087 791 1087 797 1087 797 1086 791 1086 792 1086 797 1086 792 1086 798 1086 798 1194 792 1194 793 1194 798 1194 793 1194 799 1194 799 1195 793 1195 794 1195 799 1195 794 1195 800 1195 800 1196 794 1196 795 1196 800 1196 795 1196 801 1196 801 1197 795 1197 790 1197 801 1197 790 1197 802 1197 802 1198 790 1198 789 1198 802 1198 789 1198 803 1198 803 1199 789 1199 712 1199 803 1200 712 1200 804 1200 709 1201 708 1201 805 1201 805 1202 708 1202 711 1202 805 1203 711 1203 796 1203 796 1204 711 1204 710 1204 796 1205 710 1205 791 1205 709 1206 805 1206 717 1206 717 1207 805 1207 806 1207 717 1208 806 1208 716 1208 716 1209 806 1209 715 1209 715 1210 806 1210 807 1210 715 1211 807 1211 714 1211 804 1212 712 1212 807 1212 807 1213 712 1213 713 1213 807 1214 713 1214 714 1214 469 1215 470 1215 348 1215 481 1216 640 1216 478 1216 478 1217 640 1217 808 1217 478 1218 808 1218 479 1218 808 1219 809 1219 479 1219 479 1220 809 1220 810 1220 479 1221 810 1221 475 1221 475 1222 810 1222 476 1222 476 1223 341 1223 477 1223 477 1224 341 1224 340 1224 477 1225 340 1225 473 1225 473 1226 340 1226 472 1226 472 1227 340 1227 350 1227 472 1228 350 1228 349 1228 348 1229 470 1229 349 1229 349 1230 470 1230 471 1230 349 1231 471 1231 472 1231 345 1232 460 1232 346 1232 346 1233 460 1233 469 1233 346 1234 469 1234 347 1234 347 1235 469 1235 348 1235 637 1236 327 1236 811 1236 811 1237 327 1237 325 1237 811 1238 325 1238 812 1238 812 1239 325 1239 324 1239 812 1240 324 1240 813 1240 813 1241 324 1241 341 1241 813 1242 341 1242 814 1242 814 1243 341 1243 476 1243 814 1244 476 1244 815 1244 815 1245 476 1245 810 1245 488 1054 686 1054 186 1054 186 1054 686 1054 816 1054 186 1054 816 1054 184 1054 184 1054 816 1054 817 1054 184 1054 817 1054 183 1054 684 1054 311 1054 818 1054 818 1054 311 1054 321 1054 818 1054 321 1054 819 1054 819 1054 321 1054 636 1054 819 1054 636 1054 820 1054 820 1054 636 1054 635 1054 820 1054 635 1054 821 1054 821 1054 635 1054 183 1054 821 1054 183 1054 822 1054 822 1054 183 1054 817 1054 823 1141 818 1141 824 1141 824 1140 818 1140 819 1140 824 1140 819 1140 825 1140 825 1246 819 1246 820 1246 825 1246 820 1246 826 1246 826 1247 820 1247 821 1247 826 1247 821 1247 827 1247 827 1248 821 1248 822 1248 827 1248 822 1248 828 1248 828 1249 822 1249 817 1249 828 1249 817 1249 829 1249 829 1250 817 1250 816 1250 829 1250 816 1250 830 1250 830 1251 816 1251 686 1251 830 1252 686 1252 831 1252 683 1253 682 1253 832 1253 832 1254 682 1254 685 1254 832 1255 685 1255 823 1255 823 1256 685 1256 684 1256 823 1257 684 1257 818 1257 683 1258 832 1258 691 1258 691 1259 832 1259 833 1259 691 1260 833 1260 690 1260 690 1261 833 1261 689 1261 689 1262 833 1262 834 1262 689 1263 834 1263 688 1263 831 1264 686 1264 834 1264 834 1265 686 1265 687 1265 834 1266 687 1266 688 1266 835 1267 836 1267 659 1267 659 1268 836 1268 729 1268 729 1269 836 1269 837 1269 729 1270 837 1270 727 1270 838 1271 734 1271 837 1271 837 1272 734 1272 728 1272 837 1273 728 1273 727 1273 839 1274 732 1274 838 1274 838 1275 732 1275 733 1275 838 1276 733 1276 734 1276 656 1277 730 1277 839 1277 839 1278 730 1278 731 1278 839 1279 731 1279 732 1279 659 1093 660 1093 835 1093 835 1092 660 1092 661 1092 835 1092 661 1092 840 1092 840 1091 661 1091 662 1091 840 1091 662 1091 841 1091 841 1090 662 1090 663 1090 841 1090 663 1090 842 1090 842 1089 663 1089 664 1089 842 1089 664 1089 843 1089 843 1088 664 1088 658 1088 843 1088 658 1088 844 1088 844 1087 658 1087 657 1087 844 1087 657 1087 845 1087 845 1280 657 1280 656 1280 845 1281 656 1281 846 1281 846 1282 656 1282 839 1282 847 1283 848 1283 849 1283 848 1284 850 1284 849 1284 849 1285 850 1285 851 1285 849 1286 851 1286 852 1286 851 1287 853 1287 852 1287 852 1288 853 1288 854 1288 852 1289 854 1289 855 1289 854 1290 856 1290 855 1290 855 1291 856 1291 857 1291 855 1292 857 1292 858 1292 858 1293 857 1293 859 1293 858 1294 859 1294 860 1294 860 1295 859 1295 861 1295 860 1296 861 1296 862 1296 862 1297 861 1297 863 1297 863 1298 864 1298 862 1298 862 1299 864 1299 865 1299 862 1300 865 1300 866 1300 865 1301 867 1301 866 1301 866 1302 867 1302 868 1302 866 1303 868 1303 869 1303 869 1304 868 1304 870 1304 869 1305 870 1305 871 1305 872 1306 873 1306 871 1306 871 1307 873 1307 874 1307 871 1308 874 1308 869 1308 872 1309 875 1309 873 1309 873 1310 875 1310 876 1310 873 1311 876 1311 877 1311 876 1312 878 1312 877 1312 877 1313 878 1313 879 1313 877 1314 879 1314 880 1314 879 1315 881 1315 880 1315 880 1316 881 1316 882 1316 880 1317 882 1317 883 1317 883 1318 882 1318 884 1318 883 1319 884 1319 885 1319 885 1320 884 1320 886 1320 885 1321 886 1321 887 1321 887 1322 886 1322 888 1322 889 1323 890 1323 891 1323 891 1324 890 1324 887 1324 891 1325 887 1325 892 1325 892 1326 887 1326 888 1326 893 1327 894 1327 895 1327 895 1328 894 1328 896 1328 895 1329 896 1329 897 1329 897 1330 896 1330 898 1330 897 1331 898 1331 899 1331 899 1332 898 1332 900 1332 899 1333 900 1333 901 1333 901 1334 900 1334 902 1334 902 1335 903 1335 901 1335 901 1336 903 1336 904 1336 901 1337 904 1337 905 1337 849 1338 906 1338 847 1338 847 1339 906 1339 907 1339 847 1340 907 1340 908 1340 908 1341 907 1341 905 1341 908 1342 905 1342 909 1342 909 1343 905 1343 904 1343 890 1344 910 1344 911 1344 890 1345 911 1345 887 1345 887 1346 911 1346 912 1346 887 1347 912 1347 885 1347 885 1348 912 1348 913 1348 885 1349 913 1349 883 1349 883 1350 913 1350 914 1350 883 1351 914 1351 880 1351 880 1352 914 1352 915 1352 880 1352 915 1352 877 1352 877 1353 915 1353 916 1353 877 1353 916 1353 873 1353 873 1354 916 1354 917 1354 873 1355 917 1355 874 1355 874 1356 917 1356 918 1356 874 1357 918 1357 869 1357 869 1358 918 1358 919 1358 869 1359 919 1359 866 1359 866 1360 919 1360 920 1360 866 1361 920 1361 862 1361 862 1362 920 1362 921 1362 862 1363 921 1363 860 1363 860 1364 921 1364 922 1364 860 1365 922 1365 858 1365 858 1366 922 1366 923 1366 858 1367 923 1367 855 1367 855 1368 923 1368 924 1368 855 1369 924 1369 852 1369 852 1370 924 1370 925 1370 852 1371 925 1371 849 1371 849 1372 925 1372 926 1372 849 1373 926 1373 906 1373 906 1374 926 1374 927 1374 906 1375 927 1375 907 1375 907 1376 927 1376 928 1376 907 1377 928 1377 905 1377 905 1378 928 1378 929 1378 905 1379 929 1379 901 1379 901 1380 929 1380 930 1380 901 1381 930 1381 899 1381 899 1382 930 1382 931 1382 899 1383 931 1383 897 1383 897 1384 931 1384 932 1384 897 1385 932 1385 895 1385 933 1386 934 1386 910 1386 934 1387 935 1387 910 1387 910 1388 935 1388 936 1388 910 1389 936 1389 911 1389 911 1390 936 1390 937 1390 911 1391 937 1391 912 1391 912 1392 937 1392 938 1392 912 1393 938 1393 913 1393 913 1394 938 1394 939 1394 913 1395 939 1395 914 1395 914 1396 939 1396 940 1396 914 1397 940 1397 915 1397 915 1398 940 1398 941 1398 915 1398 941 1398 916 1398 916 1399 941 1399 942 1399 916 1400 942 1400 917 1400 917 1401 942 1401 943 1401 917 1402 943 1402 918 1402 918 1403 943 1403 944 1403 918 1404 944 1404 919 1404 919 1405 944 1405 945 1405 919 1406 945 1406 920 1406 920 1407 945 1407 946 1407 920 1408 946 1408 921 1408 921 1409 946 1409 947 1409 921 1410 947 1410 922 1410 922 1411 947 1411 948 1411 922 1412 948 1412 923 1412 923 1413 948 1413 949 1413 923 1414 949 1414 924 1414 924 1415 949 1415 950 1415 924 1416 950 1416 925 1416 925 1417 950 1417 951 1417 925 1418 951 1418 926 1418 926 1419 951 1419 952 1419 926 1420 952 1420 927 1420 927 1421 952 1421 953 1421 927 1422 953 1422 928 1422 928 1423 953 1423 954 1423 928 1424 954 1424 929 1424 929 1425 954 1425 955 1425 929 1426 955 1426 930 1426 930 1427 955 1427 956 1427 930 1428 956 1428 931 1428 931 1429 956 1429 933 1429 931 1430 933 1430 932 1430 932 1431 933 1431 910 1431 932 1432 910 1432 895 1432 895 1433 910 1433 890 1433 895 1434 890 1434 893 1434 893 1435 890 1435 889 1435 957 1436 958 1436 959 1436 959 1437 958 1437 960 1437 959 1438 960 1438 961 1438 961 1439 960 1439 962 1439 961 1440 962 1440 963 1440 963 1441 962 1441 964 1441 963 1442 964 1442 965 1442 965 1443 964 1443 966 1443 965 1444 966 1444 967 1444 967 1445 966 1445 968 1445 967 1446 968 1446 969 1446 969 1447 968 1447 970 1447 969 1448 970 1448 971 1448 971 1449 970 1449 972 1449 971 1450 972 1450 973 1450 973 1451 972 1451 974 1451 973 1452 974 1452 975 1452 975 1453 974 1453 976 1453 975 1454 976 1454 977 1454 977 1455 976 1455 978 1455 977 1456 978 1456 979 1456 979 1457 978 1457 980 1457 979 1458 980 1458 981 1458 981 1459 980 1459 982 1459 981 1460 982 1460 983 1460 983 1461 982 1461 984 1461 983 1462 984 1462 985 1462 985 1463 984 1463 986 1463 985 1464 986 1464 987 1464 987 1465 986 1465 988 1465 987 1466 988 1466 989 1466 989 1467 988 1467 990 1467 989 1468 990 1468 991 1468 991 1469 990 1469 992 1469 991 1469 992 1469 993 1469 993 1470 992 1470 994 1470 993 1471 994 1471 995 1471 995 1472 994 1472 996 1472 995 1473 996 1473 997 1473 997 1474 996 1474 998 1474 997 1475 998 1475 999 1475 999 1476 998 1476 1000 1476 999 1477 1000 1477 1001 1477 1001 1478 1000 1478 1002 1478 1001 1479 1002 1479 1003 1479 1003 1480 1002 1480 957 1480 1003 1481 957 1481 959 1481 969 1482 1004 1482 967 1482 967 1483 1004 1483 1005 1483 967 1484 1005 1484 965 1484 965 1485 1005 1485 1006 1485 965 1486 1006 1486 963 1486 963 1487 1006 1487 1007 1487 963 1488 1007 1488 961 1488 961 1489 1007 1489 1008 1489 961 1490 1008 1490 959 1490 959 1491 1008 1491 1009 1491 959 1492 1009 1492 1003 1492 1003 1493 1009 1493 1010 1493 1003 1494 1010 1494 1001 1494 1001 1495 1010 1495 1011 1495 1001 1496 1011 1496 999 1496 999 1497 1011 1497 1012 1497 999 1498 1012 1498 997 1498 997 1499 1012 1499 1013 1499 997 1500 1013 1500 995 1500 995 1501 1013 1501 1014 1501 995 1502 1014 1502 993 1502 993 1503 1014 1503 1015 1503 993 1503 1015 1503 991 1503 991 1504 1015 1504 1016 1504 991 1505 1016 1505 989 1505 989 1506 1016 1506 1017 1506 989 1507 1017 1507 987 1507 987 1508 1017 1508 1018 1508 987 1509 1018 1509 985 1509 985 1510 1018 1510 1019 1510 985 1511 1019 1511 983 1511 983 1512 1019 1512 1020 1512 983 1513 1020 1513 981 1513 981 1514 1020 1514 1021 1514 981 1515 1021 1515 979 1515 979 1516 1021 1516 1022 1516 979 1517 1022 1517 977 1517 977 1518 1022 1518 1023 1518 977 1519 1023 1519 975 1519 975 1520 1023 1520 1024 1520 975 1521 1024 1521 973 1521 973 1522 1024 1522 1025 1522 973 1523 1025 1523 971 1523 971 1524 1025 1524 1026 1524 971 1525 1026 1525 969 1525 969 1526 1026 1526 1004 1526 1027 1527 1024 1527 1028 1527 1028 1528 1024 1528 1023 1528 1028 1529 1023 1529 1029 1529 1029 1530 1023 1530 1022 1530 1029 1531 1022 1531 1030 1531 1030 1532 1022 1532 1021 1532 1030 1533 1021 1533 1031 1533 1031 1534 1021 1534 1020 1534 1031 1535 1020 1535 1032 1535 1032 1536 1020 1536 1019 1536 1032 1537 1019 1537 1033 1537 1033 1538 1019 1538 1034 1538 1034 1539 1019 1539 1035 1539 1035 1540 1019 1540 1018 1540 1035 1541 1018 1541 1036 1541 1036 1542 1018 1542 1017 1542 1036 1543 1017 1543 1037 1543 1037 1544 1017 1544 1016 1544 1037 1545 1016 1545 1038 1545 1038 1546 1016 1546 1015 1546 1038 1547 1015 1547 1039 1547 1040 1548 1041 1548 1010 1548 1010 1549 1041 1549 1042 1549 1010 1550 1042 1550 1011 1550 1011 1551 1042 1551 1043 1551 1011 1552 1043 1552 1012 1552 1012 1553 1043 1553 1044 1553 1012 1554 1044 1554 1013 1554 1013 1555 1044 1555 1045 1555 1013 1556 1045 1556 1014 1556 1014 1557 1045 1557 1046 1557 1014 1558 1046 1558 1015 1558 1015 1559 1046 1559 1047 1559 1015 1560 1047 1560 1039 1560 1040 1561 1010 1561 1048 1561 1048 1562 1010 1562 1009 1562 1048 1563 1009 1563 1049 1563 1049 1564 1009 1564 1008 1564 1049 1565 1008 1565 1050 1565 1050 1566 1008 1566 1007 1566 1050 1567 1007 1567 1051 1567 1051 1568 1007 1568 1006 1568 1051 1569 1006 1569 1052 1569 1052 1570 1006 1570 1005 1570 1052 1571 1005 1571 1053 1571 1027 1572 1054 1572 1024 1572 1024 1573 1054 1573 1055 1573 1024 1574 1055 1574 1025 1574 1025 1575 1055 1575 1056 1575 1025 1576 1056 1576 1026 1576 1026 1577 1056 1577 1057 1577 1026 1578 1057 1578 1004 1578 1004 1579 1057 1579 1058 1579 1004 1580 1058 1580 1005 1580 1005 1581 1058 1581 1059 1581 1005 1582 1059 1582 1053 1582 875 1583 872 1583 1060 1583 1061 1584 1062 1584 1063 1584 1033 1585 1034 1585 1064 1585 1053 1586 1059 1586 1065 1586 1066 1587 1043 1587 1042 1587 1067 1588 1044 1588 1043 1588 1068 1589 1045 1589 1044 1589 1069 1590 1046 1590 1045 1590 1063 1591 1047 1591 1046 1591 1053 1592 1065 1592 1052 1592 1033 1593 1064 1593 1032 1593 1047 1594 1063 1594 1039 1594 1039 1595 1063 1595 1062 1595 1039 1596 1062 1596 1038 1596 1037 1597 1038 1597 1070 1597 1070 1598 1038 1598 1062 1598 1070 1599 1062 1599 1071 1599 1071 1600 1062 1600 1061 1600 1071 1601 1061 1601 1072 1601 1036 1602 1037 1602 1073 1602 1073 1602 1037 1602 1070 1602 1073 1603 1070 1603 1074 1603 1074 1604 1070 1604 1071 1604 1074 1605 1071 1605 1075 1605 1075 1606 1071 1606 1072 1606 1075 1607 1072 1607 1076 1607 1035 1608 1036 1608 1077 1608 1077 1609 1036 1609 1073 1609 1077 1610 1073 1610 1078 1610 1078 1611 1073 1611 1074 1611 1078 1612 1074 1612 1079 1612 1079 1613 1074 1613 1075 1613 1079 1614 1075 1614 1080 1614 1080 1614 1075 1614 1076 1614 1080 1615 1076 1615 1081 1615 1034 1616 1035 1616 1064 1616 1064 1617 1035 1617 1077 1617 1064 1618 1077 1618 1082 1618 1082 1619 1077 1619 1078 1619 1082 1620 1078 1620 1083 1620 1083 1621 1078 1621 1079 1621 1083 1622 1079 1622 1084 1622 1084 1622 1079 1622 1080 1622 1084 1623 1080 1623 1085 1623 1085 1624 1080 1624 1081 1624 1085 1625 1081 1625 1086 1625 1087 1626 1088 1626 1089 1626 1090 1627 1088 1627 1091 1627 1091 1628 1088 1628 1087 1628 1091 1629 1087 1629 1092 1629 1093 1630 1090 1630 1094 1630 1094 1630 1090 1630 1091 1630 1094 1631 1091 1631 1095 1631 1095 1632 1091 1632 1092 1632 1095 1633 1092 1633 1096 1633 1097 1634 1093 1634 1098 1634 1098 1635 1093 1635 1094 1635 1098 1636 1094 1636 1099 1636 1099 1637 1094 1637 1095 1637 1099 1638 1095 1638 1100 1638 1100 1638 1095 1638 1096 1638 1100 1639 1096 1639 1101 1639 1102 1640 1103 1640 1104 1640 1104 1641 1103 1641 1105 1641 1104 1642 1105 1642 1106 1642 1106 1643 1105 1643 1107 1643 1106 1644 1107 1644 1108 1644 1108 1644 1107 1644 1109 1644 1108 1645 1109 1645 1110 1645 1110 1646 1109 1646 1111 1646 1110 1647 1111 1647 1112 1647 1112 1648 1111 1648 1113 1648 1103 1649 1114 1649 1105 1649 1105 1650 1114 1650 1115 1650 1105 1651 1115 1651 1107 1651 1107 1652 1115 1652 1116 1652 1107 1653 1116 1653 1109 1653 1109 1653 1116 1653 1117 1653 1109 1654 1117 1654 1111 1654 1111 1655 1117 1655 1118 1655 1111 1656 1118 1656 1113 1656 1113 1657 1118 1657 1119 1657 1114 1658 1120 1658 1115 1658 1115 1659 1120 1659 1121 1659 1115 1660 1121 1660 1116 1660 1116 1661 1121 1661 1122 1661 1116 1662 1122 1662 1117 1662 1117 1662 1122 1662 1123 1662 1117 1663 1123 1663 1118 1663 1118 1664 1123 1664 1124 1664 1118 1665 1124 1665 1119 1665 1119 1666 1124 1666 1125 1666 1059 1667 1058 1667 1065 1667 1065 1668 1058 1668 1126 1668 1065 1669 1126 1669 1127 1669 1127 1670 1126 1670 1128 1670 1127 1671 1128 1671 1129 1671 1129 1672 1128 1672 1130 1672 1129 1673 1130 1673 1131 1673 1131 1673 1130 1673 1132 1673 1131 1674 1132 1674 1133 1674 1133 1675 1132 1675 1134 1675 1133 1676 1134 1676 1135 1676 1135 1677 1134 1677 1136 1677 1058 1678 1057 1678 1126 1678 1126 1679 1057 1679 1137 1679 1126 1680 1137 1680 1128 1680 1128 1681 1137 1681 1138 1681 1128 1682 1138 1682 1130 1682 1130 1683 1138 1683 1139 1683 1130 1684 1139 1684 1132 1684 1132 1684 1139 1684 1140 1684 1132 1685 1140 1685 1134 1685 1134 1686 1140 1686 1141 1686 1134 1687 1141 1687 1136 1687 1136 1688 1141 1688 1142 1688 1057 1689 1056 1689 1137 1689 1137 1690 1056 1690 1143 1690 1137 1691 1143 1691 1138 1691 1138 1692 1143 1692 1144 1692 1138 1693 1144 1693 1139 1693 1139 1694 1144 1694 1145 1694 1139 1695 1145 1695 1140 1695 1140 1695 1145 1695 1146 1695 1140 1696 1146 1696 1141 1696 1141 1697 1146 1697 1147 1697 1141 1698 1147 1698 1142 1698 1142 1699 1147 1699 1148 1699 1056 1700 1055 1700 1143 1700 1143 1701 1055 1701 1149 1701 1143 1702 1149 1702 1144 1702 1144 1703 1149 1703 1150 1703 1144 1704 1150 1704 1145 1704 1145 1705 1150 1705 1151 1705 1145 1706 1151 1706 1146 1706 1146 1706 1151 1706 1152 1706 1146 1707 1152 1707 1147 1707 1147 1708 1152 1708 1153 1708 1147 1709 1153 1709 1148 1709 1148 1710 1153 1710 1154 1710 1155 1711 1156 1711 1157 1711 1157 1712 1156 1712 1158 1712 1157 1713 1158 1713 1159 1713 1159 1714 1158 1714 1160 1714 1159 1715 1160 1715 1161 1715 1161 1715 1160 1715 1162 1715 1161 1716 1162 1716 1163 1716 1163 1717 1162 1717 1164 1717 1163 1718 1164 1718 1165 1718 1165 1719 1164 1719 1166 1719 1156 1720 1167 1720 1158 1720 1158 1721 1167 1721 1168 1721 1158 1722 1168 1722 1160 1722 1160 1723 1168 1723 1169 1723 1160 1724 1169 1724 1162 1724 1162 1724 1169 1724 1170 1724 1162 1725 1170 1725 1164 1725 1164 1726 1170 1726 1171 1726 1164 1727 1171 1727 1166 1727 1166 1728 1171 1728 1172 1728 1167 1729 1173 1729 1168 1729 1168 1730 1173 1730 1174 1730 1168 1731 1174 1731 1169 1731 1169 1732 1174 1732 1175 1732 1169 1733 1175 1733 1170 1733 1170 1733 1175 1733 1176 1733 1170 1734 1176 1734 1171 1734 1171 1735 1176 1735 1177 1735 1171 1736 1177 1736 1172 1736 1172 1737 1177 1737 1178 1737 1179 1738 1101 1738 1180 1738 1180 1739 1101 1739 1096 1739 1180 1740 1096 1740 1181 1740 1181 1633 1096 1633 1092 1633 1181 1741 1092 1741 1182 1741 1182 1742 1092 1742 1087 1742 1182 1743 1087 1743 1183 1743 1183 1744 1087 1744 1089 1744 1183 1745 1089 1745 1184 1745 1184 1746 1089 1746 878 1746 1184 1747 878 1747 876 1747 1093 1748 884 1748 1090 1748 1090 1749 884 1749 882 1749 1090 1750 882 1750 1088 1750 1088 1751 882 1751 881 1751 1088 1752 881 1752 1089 1752 1089 1753 881 1753 879 1753 1089 1754 879 1754 878 1754 889 1755 891 1755 1185 1755 1185 1756 891 1756 1097 1756 1185 1757 1097 1757 1186 1757 1186 1758 1097 1758 1098 1758 1186 1759 1098 1759 1187 1759 1187 1760 1098 1760 1099 1760 1187 1761 1099 1761 1188 1761 1188 1761 1099 1761 1100 1761 1188 1762 1100 1762 1189 1762 1189 1763 1100 1763 1101 1763 1189 1764 1101 1764 1190 1764 1190 1765 1101 1765 1179 1765 1190 1766 1179 1766 1041 1766 1041 1767 1179 1767 1042 1767 891 1768 892 1768 1097 1768 1097 1769 892 1769 888 1769 1097 1770 888 1770 1093 1770 1093 1771 888 1771 886 1771 1093 1772 886 1772 884 1772 1190 1773 1102 1773 1189 1773 1189 1774 1102 1774 1104 1774 1189 1775 1104 1775 1188 1775 1188 1776 1104 1776 1106 1776 1188 1777 1106 1777 1187 1777 1187 1777 1106 1777 1108 1777 1187 1778 1108 1778 1186 1778 1186 1779 1108 1779 1110 1779 1186 1780 1110 1780 1185 1780 1185 1781 1110 1781 1112 1781 1185 1782 1112 1782 889 1782 903 1783 902 1783 1191 1783 1191 1784 902 1784 1125 1784 1191 1785 1125 1785 1192 1785 1192 1786 1125 1786 1124 1786 1192 1787 1124 1787 1193 1787 1193 1788 1124 1788 1123 1788 1193 1789 1123 1789 1194 1789 1194 1789 1123 1789 1122 1789 1194 1790 1122 1790 1195 1790 1195 1791 1122 1791 1121 1791 1195 1792 1121 1792 1196 1792 1196 1793 1121 1793 1120 1793 902 1794 900 1794 1125 1794 1125 1795 900 1795 898 1795 1125 1796 898 1796 1119 1796 1119 1797 898 1797 896 1797 1119 1798 896 1798 1113 1798 1113 1799 896 1799 894 1799 1113 1800 894 1800 1112 1800 1112 1801 894 1801 893 1801 1112 1802 893 1802 889 1802 1041 1803 1040 1803 1190 1803 1190 1804 1040 1804 1048 1804 1190 1805 1048 1805 1102 1805 1102 1806 1048 1806 1049 1806 1102 1807 1049 1807 1103 1807 1103 1808 1049 1808 1050 1808 1103 1809 1050 1809 1114 1809 1114 1810 1050 1810 1051 1810 1114 1811 1051 1811 1120 1811 1120 1812 1051 1812 1052 1812 1120 1812 1052 1812 1196 1812 1196 1813 1052 1813 1065 1813 1196 1814 1065 1814 1195 1814 1195 1815 1065 1815 1127 1815 1195 1816 1127 1816 1194 1816 1194 1817 1127 1817 1129 1817 1194 1818 1129 1818 1193 1818 1193 1818 1129 1818 1131 1818 1193 1819 1131 1819 1192 1819 1192 1820 1131 1820 1133 1820 1192 1821 1133 1821 1191 1821 1191 1822 1133 1822 1135 1822 1191 1823 1135 1823 903 1823 853 1824 851 1824 1197 1824 1197 1825 851 1825 1154 1825 1197 1826 1154 1826 1198 1826 1198 1827 1154 1827 1153 1827 1198 1828 1153 1828 1199 1828 1199 1829 1153 1829 1152 1829 1199 1830 1152 1830 1200 1830 1200 1830 1152 1830 1151 1830 1200 1831 1151 1831 1201 1831 1201 1832 1151 1832 1150 1832 1201 1833 1150 1833 1202 1833 1202 1834 1150 1834 1149 1834 1202 1835 1149 1835 1054 1835 1054 1836 1149 1836 1055 1836 851 1837 850 1837 1154 1837 1154 1838 850 1838 848 1838 1154 1839 848 1839 1148 1839 1148 1840 848 1840 847 1840 1148 1841 847 1841 1142 1841 1142 1842 847 1842 908 1842 1142 1843 908 1843 1136 1843 1136 1844 908 1844 909 1844 1136 1845 909 1845 1135 1845 1135 1846 909 1846 904 1846 1135 1847 904 1847 903 1847 1202 1848 1155 1848 1201 1848 1201 1848 1155 1848 1157 1848 1201 1849 1157 1849 1200 1849 1200 1850 1157 1850 1159 1850 1200 1851 1159 1851 1199 1851 1199 1851 1159 1851 1161 1851 1199 1852 1161 1852 1198 1852 1198 1853 1161 1853 1163 1853 1198 1854 1163 1854 1197 1854 1197 1854 1163 1854 1165 1854 1197 1855 1165 1855 853 1855 864 1856 863 1856 1203 1856 1203 1857 863 1857 1178 1857 1203 1858 1178 1858 1204 1858 1204 1859 1178 1859 1177 1859 1204 1860 1177 1860 1205 1860 1205 1861 1177 1861 1176 1861 1205 1862 1176 1862 1206 1862 1206 1862 1176 1862 1175 1862 1206 1863 1175 1863 1207 1863 1207 1864 1175 1864 1174 1864 1207 1865 1174 1865 1208 1865 1208 1866 1174 1866 1173 1866 863 1867 861 1867 1178 1867 1178 1868 861 1868 859 1868 1178 1869 859 1869 1172 1869 1172 1870 859 1870 857 1870 1172 1871 857 1871 1166 1871 1166 1872 857 1872 856 1872 1166 1873 856 1873 1165 1873 1165 1874 856 1874 854 1874 1165 1875 854 1875 853 1875 865 1876 864 1876 1086 1876 1086 1877 864 1877 1203 1877 1086 1878 1203 1878 1085 1878 1085 1879 1203 1879 1204 1879 1085 1880 1204 1880 1084 1880 1084 1881 1204 1881 1205 1881 1084 1882 1205 1882 1083 1882 1083 1882 1205 1882 1206 1882 1083 1883 1206 1883 1082 1883 1082 1884 1206 1884 1207 1884 1082 1885 1207 1885 1064 1885 1064 1886 1207 1886 1208 1886 1064 1887 1208 1887 1032 1887 1032 1888 1208 1888 1173 1888 1032 1889 1173 1889 1031 1889 1031 1890 1173 1890 1167 1890 1031 1891 1167 1891 1030 1891 1030 1892 1167 1892 1156 1892 1030 1893 1156 1893 1029 1893 1029 1894 1156 1894 1155 1894 1029 1895 1155 1895 1028 1895 1028 1896 1155 1896 1202 1896 1028 1896 1202 1896 1027 1896 1027 1897 1202 1897 1054 1897 1209 1898 868 1898 867 1898 1046 1899 1069 1899 1063 1899 1063 1900 1069 1900 1210 1900 1063 1901 1210 1901 1061 1901 1061 1902 1210 1902 1211 1902 1061 1903 1211 1903 1072 1903 1072 1904 1211 1904 1212 1904 1072 1607 1212 1607 1076 1607 1076 1905 1212 1905 1213 1905 1076 1906 1213 1906 1081 1906 1081 1907 1213 1907 1209 1907 1081 1908 1209 1908 1086 1908 1086 1909 1209 1909 867 1909 1086 1910 867 1910 865 1910 1045 1911 1068 1911 1069 1911 1069 1912 1068 1912 1214 1912 1069 1913 1214 1913 1210 1913 1210 1914 1214 1914 1215 1914 1210 1915 1215 1915 1211 1915 1211 1916 1215 1916 1216 1916 1211 1904 1216 1904 1212 1904 1212 1917 1216 1917 1217 1917 1212 1918 1217 1918 1213 1918 1213 1919 1217 1919 1218 1919 1213 1920 1218 1920 1209 1920 1209 1921 1218 1921 870 1921 1209 1922 870 1922 868 1922 1044 1923 1067 1923 1068 1923 1068 1924 1067 1924 1219 1924 1068 1925 1219 1925 1214 1925 1214 1926 1219 1926 1220 1926 1214 1927 1220 1927 1215 1927 1215 1928 1220 1928 1221 1928 1215 1916 1221 1916 1216 1916 1216 1929 1221 1929 1222 1929 1216 1930 1222 1930 1217 1930 1217 1931 1222 1931 1223 1931 1217 1932 1223 1932 1218 1932 1218 1933 1223 1933 871 1933 1218 1934 871 1934 870 1934 1043 1935 1066 1935 1067 1935 1067 1936 1066 1936 1224 1936 1067 1937 1224 1937 1219 1937 1219 1938 1224 1938 1225 1938 1219 1939 1225 1939 1220 1939 1220 1940 1225 1940 1226 1940 1220 1928 1226 1928 1221 1928 1221 1941 1226 1941 1227 1941 1221 1942 1227 1942 1222 1942 1222 1943 1227 1943 1060 1943 1222 1944 1060 1944 1223 1944 1223 1945 1060 1945 872 1945 1223 1946 872 1946 871 1946 1042 1947 1179 1947 1066 1947 1066 1948 1179 1948 1180 1948 1066 1936 1180 1936 1224 1936 1224 1949 1180 1949 1181 1949 1224 1950 1181 1950 1225 1950 1225 1741 1181 1741 1182 1741 1225 1940 1182 1940 1226 1940 1226 1951 1182 1951 1183 1951 1226 1952 1183 1952 1227 1952 1227 1953 1183 1953 1184 1953 1227 1954 1184 1954 1060 1954 1060 1955 1184 1955 876 1955 1060 1956 876 1956 875 1956 947 959 842 959 843 959 947 959 946 959 842 959 842 959 946 959 945 959 842 959 945 959 841 959 844 958 949 958 843 958 843 959 949 959 948 959 843 959 948 959 947 959 838 959 934 959 933 959 945 959 944 959 841 959 841 959 944 959 943 959 841 959 943 959 840 959 840 958 943 958 942 958 840 959 942 959 835 959 845 959 951 959 844 959 844 959 951 959 950 959 844 959 950 959 949 959 838 959 933 959 839 959 837 958 836 958 938 958 942 959 941 959 835 959 835 959 941 959 940 959 835 959 940 959 836 959 836 958 940 958 939 958 836 958 939 958 938 958 938 959 937 959 837 959 837 959 937 959 936 959 837 959 936 959 838 959 838 959 936 959 935 959 838 959 935 959 934 959 846 959 953 959 845 959 845 959 953 959 952 959 845 959 952 959 951 959 933 959 956 959 839 959 839 958 956 958 955 958 839 959 955 959 846 959 846 959 955 959 954 959 846 959 954 959 953 959 957 832 752 832 958 832 958 832 752 832 751 832 957 832 1002 832 752 832 752 832 1002 832 1000 832 752 832 1000 832 753 832 745 832 746 832 978 832 747 832 982 832 746 832 746 832 982 832 980 832 746 832 980 832 978 832 750 832 992 832 749 832 749 832 992 832 990 832 749 832 990 832 748 832 1000 832 998 832 753 832 753 832 998 832 996 832 753 831 996 831 750 831 750 831 996 831 994 831 750 831 994 831 992 831 742 832 962 832 751 832 751 831 962 831 960 831 751 832 960 832 958 832 978 832 976 832 745 832 745 832 976 832 974 832 745 831 974 831 744 831 990 832 988 832 748 832 748 831 988 831 986 831 748 832 986 832 747 832 747 832 986 832 984 832 747 832 984 832 982 832 743 832 966 832 742 832 742 832 966 832 964 832 742 832 964 832 962 832 974 832 972 832 744 832 744 832 972 832 970 832 744 832 970 832 743 832 743 832 970 832 968 832 743 832 968 832 966 832 1228 1957 1229 1957 718 1957 718 1958 1229 1958 761 1958 761 1959 1229 1959 1230 1959 761 1960 1230 1960 762 1960 1231 1961 768 1961 1230 1961 1230 1962 768 1962 763 1962 1230 1963 763 1963 762 1963 1232 1964 766 1964 1231 1964 1231 1965 766 1965 767 1965 1231 1966 767 1966 768 1966 723 1967 764 1967 1232 1967 1232 1968 764 1968 765 1968 1232 1969 765 1969 766 1969 718 1147 719 1147 1228 1147 1228 1146 719 1146 720 1146 1228 1146 720 1146 1233 1146 1233 1145 720 1145 721 1145 1233 1145 721 1145 1234 1145 1234 1144 721 1144 722 1144 1234 1144 722 1144 1235 1144 1235 1143 722 1143 726 1143 1235 1143 726 1143 1236 1143 1236 1142 726 1142 725 1142 1236 1142 725 1142 1237 1142 1237 1141 725 1141 724 1141 1237 1141 724 1141 1238 1141 1238 1970 724 1970 723 1970 1238 1971 723 1971 1239 1971 1239 1972 723 1972 1232 1972 1240 1973 1241 1973 1242 1973 1241 1974 1243 1974 1242 1974 1242 1975 1243 1975 1244 1975 1242 1976 1244 1976 1245 1976 1244 1977 1246 1977 1245 1977 1245 1978 1246 1978 1247 1978 1245 1979 1247 1979 1248 1979 1247 1980 1249 1980 1248 1980 1248 1981 1249 1981 1250 1981 1248 1982 1250 1982 1251 1982 1251 1983 1250 1983 1252 1983 1251 1984 1252 1984 1253 1984 1253 1985 1252 1985 1254 1985 1253 1986 1254 1986 1255 1986 1255 1987 1254 1987 1256 1987 1256 1988 1257 1988 1255 1988 1255 1989 1257 1989 1258 1989 1255 1990 1258 1990 1259 1990 1258 1991 1260 1991 1259 1991 1259 1992 1260 1992 1261 1992 1259 1993 1261 1993 1262 1993 1262 1994 1261 1994 1263 1994 1262 1995 1263 1995 1264 1995 1265 1996 1266 1996 1264 1996 1264 1997 1266 1997 1267 1997 1264 1998 1267 1998 1262 1998 1265 1999 1268 1999 1266 1999 1266 2000 1268 2000 1269 2000 1266 2001 1269 2001 1270 2001 1269 2002 1271 2002 1270 2002 1270 2003 1271 2003 1272 2003 1270 2004 1272 2004 1273 2004 1272 2005 1274 2005 1273 2005 1273 2006 1274 2006 1275 2006 1273 2007 1275 2007 1276 2007 1276 2008 1275 2008 1277 2008 1276 2009 1277 2009 1278 2009 1278 2010 1277 2010 1279 2010 1278 2011 1279 2011 1280 2011 1280 2012 1279 2012 1281 2012 1282 2013 1283 2013 1284 2013 1284 2014 1283 2014 1280 2014 1284 2015 1280 2015 1285 2015 1285 2016 1280 2016 1281 2016 1286 2017 1287 2017 1288 2017 1288 2018 1287 2018 1289 2018 1288 2019 1289 2019 1290 2019 1290 2020 1289 2020 1291 2020 1290 2021 1291 2021 1292 2021 1292 2022 1291 2022 1293 2022 1292 2023 1293 2023 1294 2023 1294 2024 1293 2024 1295 2024 1295 2025 1296 2025 1294 2025 1294 2026 1296 2026 1297 2026 1294 2027 1297 2027 1298 2027 1242 2028 1299 2028 1240 2028 1240 2029 1299 2029 1300 2029 1240 2030 1300 2030 1301 2030 1301 2031 1300 2031 1298 2031 1301 2032 1298 2032 1302 2032 1302 2033 1298 2033 1297 2033 1283 2034 1303 2034 1304 2034 1283 2035 1304 2035 1280 2035 1280 2036 1304 2036 1305 2036 1280 2037 1305 2037 1278 2037 1278 2038 1305 2038 1306 2038 1278 2039 1306 2039 1276 2039 1276 2040 1306 2040 1307 2040 1276 2041 1307 2041 1273 2041 1273 2042 1307 2042 1308 2042 1273 2042 1308 2042 1270 2042 1270 2043 1308 2043 1309 2043 1270 2043 1309 2043 1266 2043 1266 2044 1309 2044 1310 2044 1266 2045 1310 2045 1267 2045 1267 2046 1310 2046 1311 2046 1267 2047 1311 2047 1262 2047 1262 2048 1311 2048 1312 2048 1262 2049 1312 2049 1259 2049 1259 2050 1312 2050 1313 2050 1259 2051 1313 2051 1255 2051 1255 2052 1313 2052 1314 2052 1255 2053 1314 2053 1253 2053 1253 2054 1314 2054 1315 2054 1253 2055 1315 2055 1251 2055 1251 2056 1315 2056 1316 2056 1251 2057 1316 2057 1248 2057 1248 2058 1316 2058 1317 2058 1248 2059 1317 2059 1245 2059 1245 2060 1317 2060 1318 2060 1245 2061 1318 2061 1242 2061 1242 2062 1318 2062 1319 2062 1242 2063 1319 2063 1299 2063 1299 2064 1319 2064 1320 2064 1299 2065 1320 2065 1300 2065 1300 2066 1320 2066 1321 2066 1300 2067 1321 2067 1298 2067 1298 2068 1321 2068 1322 2068 1298 2069 1322 2069 1294 2069 1294 2070 1322 2070 1323 2070 1294 2071 1323 2071 1292 2071 1292 2072 1323 2072 1324 2072 1292 2073 1324 2073 1290 2073 1290 2074 1324 2074 1325 2074 1290 2075 1325 2075 1288 2075 1326 2076 1327 2076 1303 2076 1327 2077 1328 2077 1303 2077 1303 2078 1328 2078 1329 2078 1303 2079 1329 2079 1304 2079 1304 2080 1329 2080 1330 2080 1304 2081 1330 2081 1305 2081 1305 2082 1330 2082 1331 2082 1305 2083 1331 2083 1306 2083 1306 2084 1331 2084 1332 2084 1306 2085 1332 2085 1307 2085 1307 2086 1332 2086 1333 2086 1307 2087 1333 2087 1308 2087 1308 2088 1333 2088 1334 2088 1308 2088 1334 2088 1309 2088 1309 2089 1334 2089 1335 2089 1309 2090 1335 2090 1310 2090 1310 2091 1335 2091 1336 2091 1310 2092 1336 2092 1311 2092 1311 2093 1336 2093 1337 2093 1311 2094 1337 2094 1312 2094 1312 2095 1337 2095 1338 2095 1312 2096 1338 2096 1313 2096 1313 2097 1338 2097 1339 2097 1313 2098 1339 2098 1314 2098 1314 2099 1339 2099 1340 2099 1314 2100 1340 2100 1315 2100 1315 2101 1340 2101 1341 2101 1315 2102 1341 2102 1316 2102 1316 2103 1341 2103 1342 2103 1316 2104 1342 2104 1317 2104 1317 2105 1342 2105 1343 2105 1317 2106 1343 2106 1318 2106 1318 2107 1343 2107 1344 2107 1318 2108 1344 2108 1319 2108 1319 2109 1344 2109 1345 2109 1319 2110 1345 2110 1320 2110 1320 2111 1345 2111 1346 2111 1320 2112 1346 2112 1321 2112 1321 2113 1346 2113 1347 2113 1321 2114 1347 2114 1322 2114 1322 2115 1347 2115 1348 2115 1322 2116 1348 2116 1323 2116 1323 2117 1348 2117 1349 2117 1323 2118 1349 2118 1324 2118 1324 2119 1349 2119 1326 2119 1324 2120 1326 2120 1325 2120 1325 2121 1326 2121 1303 2121 1325 2122 1303 2122 1288 2122 1288 2123 1303 2123 1283 2123 1288 2124 1283 2124 1286 2124 1286 2125 1283 2125 1282 2125 1350 2126 1351 2126 1352 2126 1352 2127 1351 2127 1353 2127 1352 2128 1353 2128 1354 2128 1354 2129 1353 2129 1355 2129 1354 2130 1355 2130 1356 2130 1356 2131 1355 2131 1357 2131 1356 2132 1357 2132 1358 2132 1358 2133 1357 2133 1359 2133 1358 2134 1359 2134 1360 2134 1360 2135 1359 2135 1361 2135 1360 2136 1361 2136 1362 2136 1362 2137 1361 2137 1363 2137 1362 2138 1363 2138 1364 2138 1364 2139 1363 2139 1365 2139 1364 2140 1365 2140 1366 2140 1366 2141 1365 2141 1367 2141 1366 2142 1367 2142 1368 2142 1368 2143 1367 2143 1369 2143 1368 2144 1369 2144 1370 2144 1370 2145 1369 2145 1371 2145 1370 2146 1371 2146 1372 2146 1372 2147 1371 2147 1373 2147 1372 2148 1373 2148 1374 2148 1374 2149 1373 2149 1375 2149 1374 2150 1375 2150 1376 2150 1376 2151 1375 2151 1377 2151 1376 2152 1377 2152 1378 2152 1378 2153 1377 2153 1379 2153 1378 2154 1379 2154 1380 2154 1380 2155 1379 2155 1381 2155 1380 2156 1381 2156 1382 2156 1382 2157 1381 2157 1383 2157 1382 2158 1383 2158 1384 2158 1384 2159 1383 2159 1385 2159 1384 2159 1385 2159 1386 2159 1386 2160 1385 2160 1387 2160 1386 2161 1387 2161 1388 2161 1388 2162 1387 2162 1389 2162 1388 2163 1389 2163 1390 2163 1390 2164 1389 2164 1391 2164 1390 2165 1391 2165 1392 2165 1392 2166 1391 2166 1393 2166 1392 2167 1393 2167 1394 2167 1394 2168 1393 2168 1395 2168 1394 2169 1395 2169 1396 2169 1396 2170 1395 2170 1350 2170 1396 2171 1350 2171 1352 2171 1362 2172 1397 2172 1360 2172 1360 2173 1397 2173 1398 2173 1360 2174 1398 2174 1358 2174 1358 2175 1398 2175 1399 2175 1358 2176 1399 2176 1356 2176 1356 2177 1399 2177 1400 2177 1356 2178 1400 2178 1354 2178 1354 2179 1400 2179 1401 2179 1354 2180 1401 2180 1352 2180 1352 2181 1401 2181 1402 2181 1352 2182 1402 2182 1396 2182 1396 2183 1402 2183 1403 2183 1396 2184 1403 2184 1394 2184 1394 2185 1403 2185 1404 2185 1394 2186 1404 2186 1392 2186 1392 2187 1404 2187 1405 2187 1392 2188 1405 2188 1390 2188 1390 2189 1405 2189 1406 2189 1390 2190 1406 2190 1388 2190 1388 2191 1406 2191 1407 2191 1388 2192 1407 2192 1386 2192 1386 2193 1407 2193 1408 2193 1386 2193 1408 2193 1384 2193 1384 2194 1408 2194 1409 2194 1384 2195 1409 2195 1382 2195 1382 2196 1409 2196 1410 2196 1382 2197 1410 2197 1380 2197 1380 2198 1410 2198 1411 2198 1380 2199 1411 2199 1378 2199 1378 2200 1411 2200 1412 2200 1378 2201 1412 2201 1376 2201 1376 2202 1412 2202 1413 2202 1376 2203 1413 2203 1374 2203 1374 2204 1413 2204 1414 2204 1374 2205 1414 2205 1372 2205 1372 2206 1414 2206 1415 2206 1372 2207 1415 2207 1370 2207 1370 2208 1415 2208 1416 2208 1370 2209 1416 2209 1368 2209 1368 2210 1416 2210 1417 2210 1368 2211 1417 2211 1366 2211 1366 2212 1417 2212 1418 2212 1366 2213 1418 2213 1364 2213 1364 2214 1418 2214 1419 2214 1364 2215 1419 2215 1362 2215 1362 2216 1419 2216 1397 2216 1420 2217 1417 2217 1421 2217 1421 2218 1417 2218 1416 2218 1421 2219 1416 2219 1422 2219 1422 2220 1416 2220 1415 2220 1422 2221 1415 2221 1423 2221 1423 2222 1415 2222 1414 2222 1423 2223 1414 2223 1424 2223 1424 2224 1414 2224 1413 2224 1424 2225 1413 2225 1425 2225 1425 2226 1413 2226 1412 2226 1425 2227 1412 2227 1426 2227 1426 2228 1412 2228 1427 2228 1427 2229 1412 2229 1428 2229 1428 2230 1412 2230 1411 2230 1428 2231 1411 2231 1429 2231 1429 2232 1411 2232 1410 2232 1429 2233 1410 2233 1430 2233 1430 2234 1410 2234 1409 2234 1430 2235 1409 2235 1431 2235 1431 2236 1409 2236 1408 2236 1431 2237 1408 2237 1432 2237 1433 2238 1434 2238 1403 2238 1403 2239 1434 2239 1435 2239 1403 2240 1435 2240 1404 2240 1404 2241 1435 2241 1436 2241 1404 2242 1436 2242 1405 2242 1405 2243 1436 2243 1437 2243 1405 2244 1437 2244 1406 2244 1406 2245 1437 2245 1438 2245 1406 2246 1438 2246 1407 2246 1407 2247 1438 2247 1439 2247 1407 2248 1439 2248 1408 2248 1408 2249 1439 2249 1440 2249 1408 2250 1440 2250 1432 2250 1433 2251 1403 2251 1441 2251 1441 2252 1403 2252 1402 2252 1441 2253 1402 2253 1442 2253 1442 2254 1402 2254 1401 2254 1442 2255 1401 2255 1443 2255 1443 2256 1401 2256 1400 2256 1443 2257 1400 2257 1444 2257 1444 2258 1400 2258 1399 2258 1444 2259 1399 2259 1445 2259 1445 2260 1399 2260 1398 2260 1445 2261 1398 2261 1446 2261 1420 2262 1447 2262 1417 2262 1417 2263 1447 2263 1448 2263 1417 2264 1448 2264 1418 2264 1418 2265 1448 2265 1449 2265 1418 2266 1449 2266 1419 2266 1419 2267 1449 2267 1450 2267 1419 2268 1450 2268 1397 2268 1397 2269 1450 2269 1451 2269 1397 2270 1451 2270 1398 2270 1398 2271 1451 2271 1452 2271 1398 2272 1452 2272 1446 2272 1268 2273 1265 2273 1453 2273 1454 2274 1455 2274 1456 2274 1426 2275 1427 2275 1457 2275 1446 2276 1452 2276 1458 2276 1459 2277 1436 2277 1435 2277 1460 2278 1437 2278 1436 2278 1461 2279 1438 2279 1437 2279 1462 2280 1439 2280 1438 2280 1456 2281 1440 2281 1439 2281 1446 2282 1458 2282 1445 2282 1426 2283 1457 2283 1425 2283 1440 2284 1456 2284 1432 2284 1432 2285 1456 2285 1455 2285 1432 2286 1455 2286 1431 2286 1430 2287 1431 2287 1463 2287 1463 2288 1431 2288 1455 2288 1463 2289 1455 2289 1464 2289 1464 2290 1455 2290 1454 2290 1464 2291 1454 2291 1465 2291 1429 2292 1430 2292 1466 2292 1466 2292 1430 2292 1463 2292 1466 2293 1463 2293 1467 2293 1467 2294 1463 2294 1464 2294 1467 2295 1464 2295 1468 2295 1468 2296 1464 2296 1465 2296 1468 2297 1465 2297 1469 2297 1428 2298 1429 2298 1470 2298 1470 2299 1429 2299 1466 2299 1470 2300 1466 2300 1471 2300 1471 2301 1466 2301 1467 2301 1471 2302 1467 2302 1472 2302 1472 2303 1467 2303 1468 2303 1472 2304 1468 2304 1473 2304 1473 2304 1468 2304 1469 2304 1473 2305 1469 2305 1474 2305 1427 2306 1428 2306 1457 2306 1457 2307 1428 2307 1470 2307 1457 2308 1470 2308 1475 2308 1475 2309 1470 2309 1471 2309 1475 2310 1471 2310 1476 2310 1476 2311 1471 2311 1472 2311 1476 2312 1472 2312 1477 2312 1477 2312 1472 2312 1473 2312 1477 2313 1473 2313 1478 2313 1478 2314 1473 2314 1474 2314 1478 2315 1474 2315 1479 2315 1480 2316 1481 2316 1482 2316 1483 2317 1481 2317 1484 2317 1484 2318 1481 2318 1480 2318 1484 2319 1480 2319 1485 2319 1486 2320 1483 2320 1487 2320 1487 2320 1483 2320 1484 2320 1487 2321 1484 2321 1488 2321 1488 2322 1484 2322 1485 2322 1488 2323 1485 2323 1489 2323 1490 2324 1486 2324 1491 2324 1491 2325 1486 2325 1487 2325 1491 2326 1487 2326 1492 2326 1492 2327 1487 2327 1488 2327 1492 2328 1488 2328 1493 2328 1493 2328 1488 2328 1489 2328 1493 2329 1489 2329 1494 2329 1495 2330 1496 2330 1497 2330 1497 2331 1496 2331 1498 2331 1497 2332 1498 2332 1499 2332 1499 2333 1498 2333 1500 2333 1499 2334 1500 2334 1501 2334 1501 2334 1500 2334 1502 2334 1501 2335 1502 2335 1503 2335 1503 2336 1502 2336 1504 2336 1503 2337 1504 2337 1505 2337 1505 2338 1504 2338 1506 2338 1496 2339 1507 2339 1498 2339 1498 2340 1507 2340 1508 2340 1498 2341 1508 2341 1500 2341 1500 2342 1508 2342 1509 2342 1500 2343 1509 2343 1502 2343 1502 2343 1509 2343 1510 2343 1502 2344 1510 2344 1504 2344 1504 2345 1510 2345 1511 2345 1504 2346 1511 2346 1506 2346 1506 2347 1511 2347 1512 2347 1507 2348 1513 2348 1508 2348 1508 2349 1513 2349 1514 2349 1508 2350 1514 2350 1509 2350 1509 2351 1514 2351 1515 2351 1509 2352 1515 2352 1510 2352 1510 2352 1515 2352 1516 2352 1510 2353 1516 2353 1511 2353 1511 2354 1516 2354 1517 2354 1511 2355 1517 2355 1512 2355 1512 2356 1517 2356 1518 2356 1452 2357 1451 2357 1458 2357 1458 2358 1451 2358 1519 2358 1458 2359 1519 2359 1520 2359 1520 2360 1519 2360 1521 2360 1520 2361 1521 2361 1522 2361 1522 2362 1521 2362 1523 2362 1522 2363 1523 2363 1524 2363 1524 2363 1523 2363 1525 2363 1524 2364 1525 2364 1526 2364 1526 2365 1525 2365 1527 2365 1526 2366 1527 2366 1528 2366 1528 2367 1527 2367 1529 2367 1451 2368 1450 2368 1519 2368 1519 2369 1450 2369 1530 2369 1519 2370 1530 2370 1521 2370 1521 2371 1530 2371 1531 2371 1521 2372 1531 2372 1523 2372 1523 2373 1531 2373 1532 2373 1523 2374 1532 2374 1525 2374 1525 2374 1532 2374 1533 2374 1525 2375 1533 2375 1527 2375 1527 2376 1533 2376 1534 2376 1527 2377 1534 2377 1529 2377 1529 2378 1534 2378 1535 2378 1450 2379 1449 2379 1530 2379 1530 2380 1449 2380 1536 2380 1530 2381 1536 2381 1531 2381 1531 2382 1536 2382 1537 2382 1531 2383 1537 2383 1532 2383 1532 2384 1537 2384 1538 2384 1532 2385 1538 2385 1533 2385 1533 2385 1538 2385 1539 2385 1533 2386 1539 2386 1534 2386 1534 2387 1539 2387 1540 2387 1534 2388 1540 2388 1535 2388 1535 2389 1540 2389 1541 2389 1449 2390 1448 2390 1536 2390 1536 2391 1448 2391 1542 2391 1536 2392 1542 2392 1537 2392 1537 2393 1542 2393 1543 2393 1537 2394 1543 2394 1538 2394 1538 2395 1543 2395 1544 2395 1538 2396 1544 2396 1539 2396 1539 2396 1544 2396 1545 2396 1539 2397 1545 2397 1540 2397 1540 2398 1545 2398 1546 2398 1540 2399 1546 2399 1541 2399 1541 2400 1546 2400 1547 2400 1548 2401 1549 2401 1550 2401 1550 2402 1549 2402 1551 2402 1550 2403 1551 2403 1552 2403 1552 2404 1551 2404 1553 2404 1552 2405 1553 2405 1554 2405 1554 2405 1553 2405 1555 2405 1554 2406 1555 2406 1556 2406 1556 2407 1555 2407 1557 2407 1556 2408 1557 2408 1558 2408 1558 2409 1557 2409 1559 2409 1549 2410 1560 2410 1551 2410 1551 2411 1560 2411 1561 2411 1551 2412 1561 2412 1553 2412 1553 2413 1561 2413 1562 2413 1553 2414 1562 2414 1555 2414 1555 2414 1562 2414 1563 2414 1555 2415 1563 2415 1557 2415 1557 2416 1563 2416 1564 2416 1557 2417 1564 2417 1559 2417 1559 2418 1564 2418 1565 2418 1560 2419 1566 2419 1561 2419 1561 2420 1566 2420 1567 2420 1561 2421 1567 2421 1562 2421 1562 2422 1567 2422 1568 2422 1562 2423 1568 2423 1563 2423 1563 2423 1568 2423 1569 2423 1563 2424 1569 2424 1564 2424 1564 2425 1569 2425 1570 2425 1564 2426 1570 2426 1565 2426 1565 2427 1570 2427 1571 2427 1572 2428 1494 2428 1573 2428 1573 2429 1494 2429 1489 2429 1573 2430 1489 2430 1574 2430 1574 2323 1489 2323 1485 2323 1574 2431 1485 2431 1575 2431 1575 2432 1485 2432 1480 2432 1575 2433 1480 2433 1576 2433 1576 2434 1480 2434 1482 2434 1576 2435 1482 2435 1577 2435 1577 2436 1482 2436 1271 2436 1577 2437 1271 2437 1269 2437 1486 2438 1277 2438 1483 2438 1483 2439 1277 2439 1275 2439 1483 2440 1275 2440 1481 2440 1481 2441 1275 2441 1274 2441 1481 2442 1274 2442 1482 2442 1482 2443 1274 2443 1272 2443 1482 2444 1272 2444 1271 2444 1282 2445 1284 2445 1578 2445 1578 2446 1284 2446 1490 2446 1578 2447 1490 2447 1579 2447 1579 2448 1490 2448 1491 2448 1579 2449 1491 2449 1580 2449 1580 2450 1491 2450 1492 2450 1580 2451 1492 2451 1581 2451 1581 2451 1492 2451 1493 2451 1581 2452 1493 2452 1582 2452 1582 2453 1493 2453 1494 2453 1582 2454 1494 2454 1583 2454 1583 2455 1494 2455 1572 2455 1583 2456 1572 2456 1434 2456 1434 2457 1572 2457 1435 2457 1284 2458 1285 2458 1490 2458 1490 2459 1285 2459 1281 2459 1490 2460 1281 2460 1486 2460 1486 2461 1281 2461 1279 2461 1486 2462 1279 2462 1277 2462 1583 2463 1495 2463 1582 2463 1582 2464 1495 2464 1497 2464 1582 2465 1497 2465 1581 2465 1581 2466 1497 2466 1499 2466 1581 2467 1499 2467 1580 2467 1580 2467 1499 2467 1501 2467 1580 2468 1501 2468 1579 2468 1579 2469 1501 2469 1503 2469 1579 2470 1503 2470 1578 2470 1578 2471 1503 2471 1505 2471 1578 2472 1505 2472 1282 2472 1296 2473 1295 2473 1584 2473 1584 2474 1295 2474 1518 2474 1584 2475 1518 2475 1585 2475 1585 2476 1518 2476 1517 2476 1585 2477 1517 2477 1586 2477 1586 2478 1517 2478 1516 2478 1586 2479 1516 2479 1587 2479 1587 2479 1516 2479 1515 2479 1587 2480 1515 2480 1588 2480 1588 2481 1515 2481 1514 2481 1588 2482 1514 2482 1589 2482 1589 2483 1514 2483 1513 2483 1295 2484 1293 2484 1518 2484 1518 2485 1293 2485 1291 2485 1518 2486 1291 2486 1512 2486 1512 2487 1291 2487 1289 2487 1512 2488 1289 2488 1506 2488 1506 2489 1289 2489 1287 2489 1506 2490 1287 2490 1505 2490 1505 2491 1287 2491 1286 2491 1505 2492 1286 2492 1282 2492 1434 2493 1433 2493 1583 2493 1583 2494 1433 2494 1441 2494 1583 2495 1441 2495 1495 2495 1495 2496 1441 2496 1442 2496 1495 2497 1442 2497 1496 2497 1496 2498 1442 2498 1443 2498 1496 2499 1443 2499 1507 2499 1507 2500 1443 2500 1444 2500 1507 2501 1444 2501 1513 2501 1513 2502 1444 2502 1445 2502 1513 2502 1445 2502 1589 2502 1589 2503 1445 2503 1458 2503 1589 2504 1458 2504 1588 2504 1588 2505 1458 2505 1520 2505 1588 2506 1520 2506 1587 2506 1587 2507 1520 2507 1522 2507 1587 2508 1522 2508 1586 2508 1586 2508 1522 2508 1524 2508 1586 2509 1524 2509 1585 2509 1585 2510 1524 2510 1526 2510 1585 2511 1526 2511 1584 2511 1584 2512 1526 2512 1528 2512 1584 2513 1528 2513 1296 2513 1246 2514 1244 2514 1590 2514 1590 2515 1244 2515 1547 2515 1590 2516 1547 2516 1591 2516 1591 2517 1547 2517 1546 2517 1591 2518 1546 2518 1592 2518 1592 2519 1546 2519 1545 2519 1592 2520 1545 2520 1593 2520 1593 2520 1545 2520 1544 2520 1593 2521 1544 2521 1594 2521 1594 2522 1544 2522 1543 2522 1594 2523 1543 2523 1595 2523 1595 2524 1543 2524 1542 2524 1595 2525 1542 2525 1447 2525 1447 2526 1542 2526 1448 2526 1244 2527 1243 2527 1547 2527 1547 2528 1243 2528 1241 2528 1547 2529 1241 2529 1541 2529 1541 2530 1241 2530 1240 2530 1541 2531 1240 2531 1535 2531 1535 2532 1240 2532 1301 2532 1535 2533 1301 2533 1529 2533 1529 2534 1301 2534 1302 2534 1529 2535 1302 2535 1528 2535 1528 2536 1302 2536 1297 2536 1528 2537 1297 2537 1296 2537 1595 2538 1548 2538 1594 2538 1594 2538 1548 2538 1550 2538 1594 2539 1550 2539 1593 2539 1593 2540 1550 2540 1552 2540 1593 2541 1552 2541 1592 2541 1592 2541 1552 2541 1554 2541 1592 2542 1554 2542 1591 2542 1591 2543 1554 2543 1556 2543 1591 2544 1556 2544 1590 2544 1590 2544 1556 2544 1558 2544 1590 2545 1558 2545 1246 2545 1257 2546 1256 2546 1596 2546 1596 2547 1256 2547 1571 2547 1596 2548 1571 2548 1597 2548 1597 2549 1571 2549 1570 2549 1597 2550 1570 2550 1598 2550 1598 2551 1570 2551 1569 2551 1598 2552 1569 2552 1599 2552 1599 2552 1569 2552 1568 2552 1599 2553 1568 2553 1600 2553 1600 2554 1568 2554 1567 2554 1600 2555 1567 2555 1601 2555 1601 2556 1567 2556 1566 2556 1256 2557 1254 2557 1571 2557 1571 2558 1254 2558 1252 2558 1571 2559 1252 2559 1565 2559 1565 2560 1252 2560 1250 2560 1565 2561 1250 2561 1559 2561 1559 2562 1250 2562 1249 2562 1559 2563 1249 2563 1558 2563 1558 2564 1249 2564 1247 2564 1558 2565 1247 2565 1246 2565 1258 2566 1257 2566 1479 2566 1479 2567 1257 2567 1596 2567 1479 2568 1596 2568 1478 2568 1478 2569 1596 2569 1597 2569 1478 2570 1597 2570 1477 2570 1477 2571 1597 2571 1598 2571 1477 2572 1598 2572 1476 2572 1476 2572 1598 2572 1599 2572 1476 2573 1599 2573 1475 2573 1475 2574 1599 2574 1600 2574 1475 2575 1600 2575 1457 2575 1457 2576 1600 2576 1601 2576 1457 2577 1601 2577 1425 2577 1425 2578 1601 2578 1566 2578 1425 2579 1566 2579 1424 2579 1424 2580 1566 2580 1560 2580 1424 2581 1560 2581 1423 2581 1423 2582 1560 2582 1549 2582 1423 2583 1549 2583 1422 2583 1422 2584 1549 2584 1548 2584 1422 2585 1548 2585 1421 2585 1421 2586 1548 2586 1595 2586 1421 2586 1595 2586 1420 2586 1420 2587 1595 2587 1447 2587 1602 2588 1261 2588 1260 2588 1439 2589 1462 2589 1456 2589 1456 2590 1462 2590 1603 2590 1456 2591 1603 2591 1454 2591 1454 2592 1603 2592 1604 2592 1454 2593 1604 2593 1465 2593 1465 2594 1604 2594 1605 2594 1465 2297 1605 2297 1469 2297 1469 2595 1605 2595 1606 2595 1469 2596 1606 2596 1474 2596 1474 2597 1606 2597 1602 2597 1474 2598 1602 2598 1479 2598 1479 2599 1602 2599 1260 2599 1479 2600 1260 2600 1258 2600 1438 2601 1461 2601 1462 2601 1462 2602 1461 2602 1607 2602 1462 2603 1607 2603 1603 2603 1603 2604 1607 2604 1608 2604 1603 2605 1608 2605 1604 2605 1604 2606 1608 2606 1609 2606 1604 2594 1609 2594 1605 2594 1605 2607 1609 2607 1610 2607 1605 2608 1610 2608 1606 2608 1606 2609 1610 2609 1611 2609 1606 2610 1611 2610 1602 2610 1602 2611 1611 2611 1263 2611 1602 2612 1263 2612 1261 2612 1437 2613 1460 2613 1461 2613 1461 2614 1460 2614 1612 2614 1461 2615 1612 2615 1607 2615 1607 2616 1612 2616 1613 2616 1607 2617 1613 2617 1608 2617 1608 2618 1613 2618 1614 2618 1608 2606 1614 2606 1609 2606 1609 2619 1614 2619 1615 2619 1609 2620 1615 2620 1610 2620 1610 2621 1615 2621 1616 2621 1610 2622 1616 2622 1611 2622 1611 2623 1616 2623 1264 2623 1611 2624 1264 2624 1263 2624 1436 2625 1459 2625 1460 2625 1460 2626 1459 2626 1617 2626 1460 2627 1617 2627 1612 2627 1612 2628 1617 2628 1618 2628 1612 2629 1618 2629 1613 2629 1613 2630 1618 2630 1619 2630 1613 2618 1619 2618 1614 2618 1614 2631 1619 2631 1620 2631 1614 2632 1620 2632 1615 2632 1615 2633 1620 2633 1453 2633 1615 2634 1453 2634 1616 2634 1616 2635 1453 2635 1265 2635 1616 2636 1265 2636 1264 2636 1435 2637 1572 2637 1459 2637 1459 2638 1572 2638 1573 2638 1459 2626 1573 2626 1617 2626 1617 2639 1573 2639 1574 2639 1617 2640 1574 2640 1618 2640 1618 2431 1574 2431 1575 2431 1618 2630 1575 2630 1619 2630 1619 2641 1575 2641 1576 2641 1619 2642 1576 2642 1620 2642 1620 2643 1576 2643 1577 2643 1620 2644 1577 2644 1453 2644 1453 2645 1577 2645 1269 2645 1453 2646 1269 2646 1268 2646 1340 772 1235 772 1236 772 1340 772 1339 772 1235 772 1235 772 1339 772 1338 772 1235 772 1338 772 1234 772 1237 772 1342 772 1236 772 1236 772 1342 772 1341 772 1236 772 1341 772 1340 772 1338 772 1337 772 1234 772 1234 772 1337 772 1336 772 1234 772 1336 772 1233 772 1233 772 1336 772 1335 772 1233 772 1335 772 1228 772 1238 772 1344 772 1237 772 1237 772 1344 772 1343 772 1237 772 1343 772 1342 772 1231 772 1327 772 1326 772 1230 772 1229 772 1331 772 1335 772 1334 772 1228 772 1228 772 1334 772 1333 772 1228 772 1333 772 1229 772 1229 772 1333 772 1332 772 1229 772 1332 772 1331 772 1231 772 1326 772 1232 772 1239 772 1346 772 1238 772 1238 772 1346 772 1345 772 1238 772 1345 772 1344 772 1326 772 1349 772 1232 772 1232 772 1349 772 1348 772 1232 772 1348 772 1239 772 1239 772 1348 772 1347 772 1239 772 1347 772 1346 772 1331 772 1330 772 1230 772 1230 772 1330 772 1329 772 1230 772 1329 772 1231 772 1231 772 1329 772 1328 772 1231 772 1328 772 1327 772 1350 1054 779 1054 1351 1054 1351 1054 779 1054 778 1054 1350 1054 1395 1054 779 1054 779 1054 1395 1054 1393 1054 779 1054 1393 1054 780 1054 769 1054 1355 1054 778 1054 778 1054 1355 1054 1353 1054 778 1054 1353 1054 1351 1054 771 1054 772 1054 1367 1054 770 1054 1359 1054 769 1054 769 1054 1359 1054 1357 1054 769 1054 1357 1054 1355 1054 774 1054 775 1054 1379 1054 777 1054 1385 1054 776 1054 776 1054 1385 1054 1383 1054 776 1054 1383 1054 775 1054 775 1054 1383 1054 1381 1054 775 1054 1381 1054 1379 1054 1393 1054 1391 1054 780 1054 780 1054 1391 1054 1389 1054 780 1054 1389 1054 777 1054 777 1054 1389 1054 1387 1054 777 1054 1387 1054 1385 1054 1367 1054 1365 1054 771 1054 771 1054 1365 1054 1363 1054 771 1054 1363 1054 770 1054 770 1054 1363 1054 1361 1054 770 1054 1361 1054 1359 1054 773 1054 1371 1054 772 1054 772 1054 1371 1054 1369 1054 772 1054 1369 1054 1367 1054 1379 1054 1377 1054 774 1054 774 1054 1377 1054 1375 1054 774 1054 1375 1054 773 1054 773 1054 1375 1054 1373 1054 773 1054 1373 1054 1371 1054 1621 2647 1622 2647 695 2647 695 2648 1622 2648 781 2648 781 2649 1622 2649 1623 2649 781 2650 1623 2650 782 2650 1624 2651 788 2651 1623 2651 1623 2652 788 2652 783 2652 1623 2653 783 2653 782 2653 1625 2654 786 2654 1624 2654 1624 2655 786 2655 787 2655 1624 2656 787 2656 788 2656 692 2657 784 2657 1625 2657 1625 2658 784 2658 785 2658 1625 2659 785 2659 786 2659 695 1199 696 1199 1621 1199 1621 1198 696 1198 697 1198 1621 1198 697 1198 1626 1198 1626 1197 697 1197 698 1197 1626 1197 698 1197 1627 1197 1627 1196 698 1196 699 1196 1627 1196 699 1196 1628 1196 1628 1195 699 1195 700 1195 1628 1195 700 1195 1629 1195 1629 1194 700 1194 694 1194 1629 1194 694 1194 1630 1194 1630 1086 694 1086 693 1086 1630 1086 693 1086 1631 1086 1631 2660 693 2660 692 2660 1631 2661 692 2661 1632 2661 1632 2662 692 2662 1625 2662 1633 2663 1634 2663 1635 2663 1634 2664 1636 2664 1635 2664 1635 2665 1636 2665 1637 2665 1635 2666 1637 2666 1638 2666 1637 2667 1639 2667 1638 2667 1638 2668 1639 2668 1640 2668 1638 1568 1640 1568 1641 1568 1640 2669 1642 2669 1641 2669 1641 2670 1642 2670 1643 2670 1641 2671 1643 2671 1644 2671 1644 2672 1643 2672 1645 2672 1644 2673 1645 2673 1646 2673 1646 2674 1645 2674 1647 2674 1646 2675 1647 2675 1648 2675 1648 2676 1647 2676 1649 2676 1649 2677 1650 2677 1648 2677 1648 2678 1650 2678 1651 2678 1648 2679 1651 2679 1652 2679 1651 2680 1653 2680 1652 2680 1652 2681 1653 2681 1654 2681 1652 1552 1654 1552 1655 1552 1655 2682 1654 2682 1656 2682 1655 2683 1656 2683 1657 2683 1658 2684 1659 2684 1657 2684 1657 2685 1659 2685 1660 2685 1657 2686 1660 2686 1655 2686 1658 2687 1661 2687 1659 2687 1659 2688 1661 2688 1662 2688 1659 2689 1662 2689 1663 2689 1662 2690 1664 2690 1663 2690 1663 2691 1664 2691 1665 2691 1663 2692 1665 2692 1666 2692 1665 2693 1667 2693 1666 2693 1666 2694 1667 2694 1668 2694 1666 2695 1668 2695 1669 2695 1669 2696 1668 2696 1670 2696 1669 2697 1670 2697 1671 2697 1671 2698 1670 2698 1672 2698 1671 2699 1672 2699 1673 2699 1673 2700 1672 2700 1674 2700 1675 2701 1676 2701 1677 2701 1677 2702 1676 2702 1673 2702 1677 2703 1673 2703 1678 2703 1678 2704 1673 2704 1674 2704 1679 2705 1680 2705 1681 2705 1681 2706 1680 2706 1682 2706 1681 2707 1682 2707 1683 2707 1683 2708 1682 2708 1684 2708 1683 2709 1684 2709 1685 2709 1685 2710 1684 2710 1686 2710 1685 2711 1686 2711 1687 2711 1687 2712 1686 2712 1688 2712 1688 2713 1689 2713 1687 2713 1687 2714 1689 2714 1690 2714 1687 2715 1690 2715 1691 2715 1635 2716 1692 2716 1633 2716 1633 2717 1692 2717 1693 2717 1633 2718 1693 2718 1694 2718 1694 2719 1693 2719 1691 2719 1694 2720 1691 2720 1695 2720 1695 2721 1691 2721 1690 2721 1676 1513 1696 1513 1697 1513 1676 1512 1697 1512 1673 1512 1673 2722 1697 2722 1698 2722 1673 2723 1698 2723 1671 2723 1671 1509 1698 1509 1699 1509 1671 1508 1699 1508 1669 1508 1669 1507 1699 1507 1700 1507 1669 1506 1700 1506 1666 1506 1666 1505 1700 1505 1701 1505 1666 1505 1701 1505 1663 1505 1663 1503 1701 1503 1702 1503 1663 1503 1702 1503 1659 1503 1659 2724 1702 2724 1703 2724 1659 2725 1703 2725 1660 2725 1660 1500 1703 1500 1704 1500 1660 1499 1704 1499 1655 1499 1655 1498 1704 1498 1705 1498 1655 1497 1705 1497 1652 1497 1652 2726 1705 2726 1706 2726 1652 2727 1706 2727 1648 2727 1648 1494 1706 1494 1707 1494 1648 1493 1707 1493 1646 1493 1646 1492 1707 1492 1708 1492 1646 2728 1708 2728 1644 2728 1644 2729 1708 2729 1709 2729 1644 2730 1709 2730 1641 2730 1641 2731 1709 2731 1710 2731 1641 1487 1710 1487 1638 1487 1638 1486 1710 1486 1711 1486 1638 2732 1711 2732 1635 2732 1635 2733 1711 2733 1712 2733 1635 2734 1712 2734 1692 2734 1692 2735 1712 2735 1713 2735 1692 2736 1713 2736 1693 2736 1693 2737 1713 2737 1714 2737 1693 2738 1714 2738 1691 2738 1691 1523 1714 1523 1715 1523 1691 2739 1715 2739 1687 2739 1687 2740 1715 2740 1716 2740 1687 2741 1716 2741 1685 2741 1685 2742 1716 2742 1717 2742 1685 2743 1717 2743 1683 2743 1683 2744 1717 2744 1718 2744 1683 2745 1718 2745 1681 2745 1719 2746 1720 2746 1696 2746 1720 2747 1721 2747 1696 2747 1696 1459 1721 1459 1722 1459 1696 1460 1722 1460 1697 1460 1697 2748 1722 2748 1723 2748 1697 2749 1723 2749 1698 2749 1698 1463 1723 1463 1724 1463 1698 1464 1724 1464 1699 1464 1699 1465 1724 1465 1725 1465 1699 1466 1725 1466 1700 1466 1700 1467 1725 1467 1726 1467 1700 1468 1726 1468 1701 1468 1701 1469 1726 1469 1727 1469 1701 1469 1727 1469 1702 1469 1702 1470 1727 1470 1728 1470 1702 1471 1728 1471 1703 1471 1703 1472 1728 1472 1729 1472 1703 1473 1729 1473 1704 1473 1704 1474 1729 1474 1730 1474 1704 1475 1730 1475 1705 1475 1705 2750 1730 2750 1731 2750 1705 2751 1731 2751 1706 2751 1706 1478 1731 1478 1732 1478 1706 1479 1732 1479 1707 1479 1707 2752 1732 2752 1733 2752 1707 2753 1733 2753 1708 2753 1708 1437 1733 1437 1734 1437 1708 1438 1734 1438 1709 1438 1709 1439 1734 1439 1735 1439 1709 2754 1735 2754 1710 2754 1710 2755 1735 2755 1736 2755 1710 2756 1736 2756 1711 2756 1711 2757 1736 2757 1737 2757 1711 2758 1737 2758 1712 2758 1712 2759 1737 2759 1738 2759 1712 2760 1738 2760 1713 2760 1713 1447 1738 1447 1739 1447 1713 2761 1739 2761 1714 2761 1714 2762 1739 2762 1740 2762 1714 2763 1740 2763 1715 2763 1715 2764 1740 2764 1741 2764 1715 2765 1741 2765 1716 2765 1716 2766 1741 2766 1742 2766 1716 2767 1742 2767 1717 2767 1717 1455 1742 1455 1719 1455 1717 1456 1719 1456 1718 1456 1718 2768 1719 2768 1696 2768 1718 2769 1696 2769 1681 2769 1681 2770 1696 2770 1676 2770 1681 2771 1676 2771 1679 2771 1679 2772 1676 2772 1675 2772 1743 2773 1744 2773 1745 2773 1745 1411 1744 1411 1746 1411 1745 1412 1746 1412 1747 1412 1747 1413 1746 1413 1748 1413 1747 2774 1748 2774 1749 2774 1749 2775 1748 2775 1750 2775 1749 2776 1750 2776 1751 2776 1751 2777 1750 2777 1752 2777 1751 2778 1752 2778 1753 2778 1753 2779 1752 2779 1754 2779 1753 2780 1754 2780 1755 2780 1755 1421 1754 1421 1756 1421 1755 2781 1756 2781 1757 2781 1757 2782 1756 2782 1758 2782 1757 2783 1758 2783 1759 2783 1759 2784 1758 2784 1760 2784 1759 2785 1760 2785 1761 2785 1761 2786 1760 2786 1762 2786 1761 2787 1762 2787 1763 2787 1763 1429 1762 1429 1764 1429 1763 1430 1764 1430 1765 1430 1765 2788 1764 2788 1766 2788 1765 2789 1766 2789 1767 2789 1767 1388 1766 1388 1768 1388 1767 1389 1768 1389 1769 1389 1769 2790 1768 2790 1770 2790 1769 2791 1770 2791 1771 2791 1771 1392 1770 1392 1772 1392 1771 1393 1772 1393 1773 1393 1773 1394 1772 1394 1774 1394 1773 1395 1774 1395 1775 1395 1775 1396 1774 1396 1776 1396 1775 1397 1776 1397 1777 1397 1777 1398 1776 1398 1778 1398 1777 1398 1778 1398 1779 1398 1779 1399 1778 1399 1780 1399 1779 1400 1780 1400 1781 1400 1781 1401 1780 1401 1782 1401 1781 1402 1782 1402 1783 1402 1783 1403 1782 1403 1784 1403 1783 1404 1784 1404 1785 1404 1785 2792 1784 2792 1786 2792 1785 2793 1786 2793 1787 2793 1787 1407 1786 1407 1788 1407 1787 1408 1788 1408 1789 1408 1789 2794 1788 2794 1743 2794 1789 2795 1743 2795 1745 2795 1755 2796 1790 2796 1753 2796 1753 2797 1790 2797 1791 2797 1753 2798 1791 2798 1751 2798 1751 2799 1791 2799 1792 2799 1751 1370 1792 1370 1749 1370 1749 1369 1792 1369 1793 1369 1749 2800 1793 2800 1747 2800 1747 2801 1793 2801 1794 2801 1747 2802 1794 2802 1745 2802 1745 2803 1794 2803 1795 2803 1745 1364 1795 1364 1789 1364 1789 1363 1795 1363 1796 1363 1789 1362 1796 1362 1787 1362 1787 2804 1796 2804 1797 2804 1787 2805 1797 2805 1785 2805 1785 1359 1797 1359 1798 1359 1785 1358 1798 1358 1783 1358 1783 1357 1798 1357 1799 1357 1783 1356 1799 1356 1781 1356 1781 2806 1799 2806 1800 2806 1781 2807 1800 2807 1779 2807 1779 1353 1800 1353 1801 1353 1779 1353 1801 1353 1777 1353 1777 2808 1801 2808 1802 2808 1777 1352 1802 1352 1775 1352 1775 1351 1802 1351 1803 1351 1775 1350 1803 1350 1773 1350 1773 1349 1803 1349 1804 1349 1773 1348 1804 1348 1771 1348 1771 2809 1804 2809 1805 2809 1771 2810 1805 2810 1769 2810 1769 1345 1805 1345 1806 1345 1769 1344 1806 1344 1767 1344 1767 2811 1806 2811 1807 2811 1767 2812 1807 2812 1765 2812 1765 2813 1807 2813 1808 2813 1765 2814 1808 2814 1763 2814 1763 2815 1808 2815 1809 2815 1763 2816 1809 2816 1761 2816 1761 2817 1809 2817 1810 2817 1761 2818 1810 2818 1759 2818 1759 2819 1810 2819 1811 2819 1759 1378 1811 1378 1757 1378 1757 2820 1811 2820 1812 2820 1757 2821 1812 2821 1755 2821 1755 2822 1812 2822 1790 2822 1813 2823 1810 2823 1814 2823 1814 2824 1810 2824 1809 2824 1814 2825 1809 2825 1815 2825 1815 2826 1809 2826 1808 2826 1815 2827 1808 2827 1816 2827 1816 2828 1808 2828 1807 2828 1816 2829 1807 2829 1817 2829 1817 2830 1807 2830 1806 2830 1817 2831 1806 2831 1818 2831 1818 2832 1806 2832 1805 2832 1818 2833 1805 2833 1819 2833 1819 2834 1805 2834 1820 2834 1820 2835 1805 2835 1821 2835 1821 2836 1805 2836 1804 2836 1821 2837 1804 2837 1822 2837 1822 2838 1804 2838 1803 2838 1822 2839 1803 2839 1823 2839 1823 2840 1803 2840 1802 2840 1823 2841 1802 2841 1824 2841 1824 2842 1802 2842 1801 2842 1824 2843 1801 2843 1825 2843 1826 2844 1827 2844 1796 2844 1796 2845 1827 2845 1828 2845 1796 2846 1828 2846 1797 2846 1797 2847 1828 2847 1829 2847 1797 1303 1829 1303 1798 1303 1798 2848 1829 2848 1830 2848 1798 2849 1830 2849 1799 2849 1799 2850 1830 2850 1831 2850 1799 2851 1831 2851 1800 2851 1800 2852 1831 2852 1832 2852 1800 2853 1832 2853 1801 2853 1801 2854 1832 2854 1833 2854 1801 2855 1833 2855 1825 2855 1826 2856 1796 2856 1834 2856 1834 2857 1796 2857 1795 2857 1834 2858 1795 2858 1835 2858 1835 2859 1795 2859 1794 2859 1835 2860 1794 2860 1836 2860 1836 2861 1794 2861 1793 2861 1836 2862 1793 2862 1837 2862 1837 1289 1793 1289 1792 1289 1837 2863 1792 2863 1838 2863 1838 2864 1792 2864 1791 2864 1838 2865 1791 2865 1839 2865 1813 2866 1840 2866 1810 2866 1810 2867 1840 2867 1841 2867 1810 2868 1841 2868 1811 2868 1811 2869 1841 2869 1842 2869 1811 2870 1842 2870 1812 2870 1812 2871 1842 2871 1843 2871 1812 2872 1843 2872 1790 2872 1790 2873 1843 2873 1844 2873 1790 2874 1844 2874 1791 2874 1791 2875 1844 2875 1845 2875 1791 2876 1845 2876 1839 2876 1661 2877 1658 2877 1846 2877 1847 2878 1848 2878 1849 2878 1819 2879 1820 2879 1850 2879 1839 1838 1845 1838 1851 1838 1852 2880 1829 2880 1828 2880 1853 2881 1830 2881 1829 2881 1854 2882 1831 2882 1830 2882 1855 2883 1832 2883 1831 2883 1849 2884 1833 2884 1832 2884 1839 1837 1851 1837 1838 1837 1819 1768 1850 1768 1818 1768 1833 2885 1849 2885 1825 2885 1825 2886 1849 2886 1848 2886 1825 1754 1848 1754 1824 1754 1823 2887 1824 2887 1856 2887 1856 2888 1824 2888 1848 2888 1856 2889 1848 2889 1857 2889 1857 2890 1848 2890 1847 2890 1857 2891 1847 2891 1858 2891 1822 2892 1823 2892 1859 2892 1859 2892 1823 2892 1856 2892 1859 2893 1856 2893 1860 2893 1860 2894 1856 2894 1857 2894 1860 2895 1857 2895 1861 2895 1861 2896 1857 2896 1858 2896 1861 1741 1858 1741 1862 1741 1821 2897 1822 2897 1863 2897 1863 2898 1822 2898 1859 2898 1863 1630 1859 1630 1864 1630 1864 2899 1859 2899 1860 2899 1864 2900 1860 2900 1865 2900 1865 2901 1860 2901 1861 2901 1865 1633 1861 1633 1866 1633 1866 1633 1861 1633 1862 1633 1866 1740 1862 1740 1867 1740 1820 2902 1821 2902 1850 2902 1850 2903 1821 2903 1863 2903 1850 1634 1863 1634 1868 1634 1868 1635 1863 1635 1864 1635 1868 2904 1864 2904 1869 2904 1869 2905 1864 2905 1865 2905 1869 2906 1865 2906 1870 2906 1870 2906 1865 2906 1866 2906 1870 2907 1866 2907 1871 2907 1871 1739 1866 1739 1867 1739 1871 1738 1867 1738 1872 1738 1873 2908 1874 2908 1875 2908 1876 2909 1874 2909 1877 2909 1877 2910 1874 2910 1873 2910 1877 2911 1873 2911 1878 2911 1879 1610 1876 1610 1880 1610 1880 1610 1876 1610 1877 1610 1880 2912 1877 2912 1881 2912 1881 2913 1877 2913 1878 2913 1881 1614 1878 1614 1882 1614 1883 1618 1879 1618 1884 1618 1884 1619 1879 1619 1880 1619 1884 2914 1880 2914 1885 2914 1885 2915 1880 2915 1881 2915 1885 2916 1881 2916 1886 2916 1886 2916 1881 2916 1882 2916 1886 2917 1882 2917 1887 2917 1888 2918 1889 2918 1890 2918 1890 2919 1889 2919 1891 2919 1890 2920 1891 2920 1892 2920 1892 2921 1891 2921 1893 2921 1892 1733 1893 1733 1894 1733 1894 1733 1893 1733 1895 1733 1894 1732 1895 1732 1896 1732 1896 2922 1895 2922 1897 2922 1896 2923 1897 2923 1898 2923 1898 2924 1897 2924 1899 2924 1889 2925 1900 2925 1891 2925 1891 2926 1900 2926 1901 2926 1891 2927 1901 2927 1893 2927 1893 2928 1901 2928 1902 2928 1893 2929 1902 2929 1895 2929 1895 2929 1902 2929 1903 2929 1895 2930 1903 2930 1897 2930 1897 2931 1903 2931 1904 2931 1897 2932 1904 2932 1899 2932 1899 1720 1904 1720 1905 1720 1900 1719 1906 1719 1901 1719 1901 1718 1906 1718 1907 1718 1901 2933 1907 2933 1902 2933 1902 2934 1907 2934 1908 2934 1902 2935 1908 2935 1903 2935 1903 2935 1908 2935 1909 2935 1903 2936 1909 2936 1904 2936 1904 1713 1909 1713 1910 1713 1904 1712 1910 1712 1905 1712 1905 1711 1910 1711 1911 1711 1845 2937 1844 2937 1851 2937 1851 2938 1844 2938 1912 2938 1851 2939 1912 2939 1913 2939 1913 2940 1912 2940 1914 2940 1913 2941 1914 2941 1915 2941 1915 1707 1914 1707 1916 1707 1915 1706 1916 1706 1917 1706 1917 1706 1916 1706 1918 1706 1917 2942 1918 2942 1919 2942 1919 2943 1918 2943 1920 2943 1919 2944 1920 2944 1921 2944 1921 1702 1920 1702 1922 1702 1844 2945 1843 2945 1912 2945 1912 2946 1843 2946 1923 2946 1912 2947 1923 2947 1914 2947 1914 2948 1923 2948 1924 2948 1914 2949 1924 2949 1916 2949 1916 2950 1924 2950 1925 2950 1916 2951 1925 2951 1918 2951 1918 2951 1925 2951 1926 2951 1918 2952 1926 2952 1920 2952 1920 2953 1926 2953 1927 2953 1920 2954 1927 2954 1922 2954 1922 2955 1927 2955 1928 2955 1843 2956 1842 2956 1923 2956 1923 2957 1842 2957 1929 2957 1923 2958 1929 2958 1924 2958 1924 2959 1929 2959 1930 2959 1924 2960 1930 2960 1925 2960 1925 2961 1930 2961 1931 2961 1925 2962 1931 2962 1926 2962 1926 2962 1931 2962 1932 2962 1926 2963 1932 2963 1927 2963 1927 2964 1932 2964 1933 2964 1927 2965 1933 2965 1928 2965 1928 2966 1933 2966 1934 2966 1842 2967 1841 2967 1929 2967 1929 2968 1841 2968 1935 2968 1929 1677 1935 1677 1930 1677 1930 2969 1935 2969 1936 2969 1930 2970 1936 2970 1931 2970 1931 2971 1936 2971 1937 2971 1931 1673 1937 1673 1932 1673 1932 1673 1937 1673 1938 1673 1932 1672 1938 1672 1933 1672 1933 2972 1938 2972 1939 2972 1933 2973 1939 2973 1934 2973 1934 2974 1939 2974 1940 2974 1941 1666 1942 1666 1943 1666 1943 1665 1942 1665 1944 1665 1943 1664 1944 1664 1945 1664 1945 2975 1944 2975 1946 2975 1945 2976 1946 2976 1947 2976 1947 2976 1946 2976 1948 2976 1947 2977 1948 2977 1949 2977 1949 2978 1948 2978 1950 2978 1949 1659 1950 1659 1951 1659 1951 1658 1950 1658 1952 1658 1942 1657 1953 1657 1944 1657 1944 2979 1953 2979 1954 2979 1944 2980 1954 2980 1946 2980 1946 2981 1954 2981 1955 2981 1946 2982 1955 2982 1948 2982 1948 2982 1955 2982 1956 2982 1948 2983 1956 2983 1950 2983 1950 2984 1956 2984 1957 2984 1950 2985 1957 2985 1952 2985 1952 2986 1957 2986 1958 2986 1953 2987 1959 2987 1954 2987 1954 2988 1959 2988 1960 2988 1954 2989 1960 2989 1955 2989 1955 1645 1960 1645 1961 1645 1955 1644 1961 1644 1956 1644 1956 1644 1961 1644 1962 1644 1956 2990 1962 2990 1957 2990 1957 2991 1962 2991 1963 2991 1957 2992 1963 2992 1958 2992 1958 2993 1963 2993 1964 2993 1965 1625 1887 1625 1966 1625 1966 1624 1887 1624 1882 1624 1966 1615 1882 1615 1967 1615 1967 1614 1882 1614 1878 1614 1967 1607 1878 1607 1968 1607 1968 2994 1878 2994 1873 2994 1968 2995 1873 2995 1969 2995 1969 2996 1873 2996 1875 2996 1969 2997 1875 2997 1970 2997 1970 2998 1875 2998 1664 2998 1970 2999 1664 2999 1662 2999 1879 3000 1670 3000 1876 3000 1876 3001 1670 3001 1668 3001 1876 3002 1668 3002 1874 3002 1874 3003 1668 3003 1667 3003 1874 3004 1667 3004 1875 3004 1875 3005 1667 3005 1665 3005 1875 1596 1665 1596 1664 1596 1675 3006 1677 3006 1971 3006 1971 1887 1677 1887 1883 1887 1971 3007 1883 3007 1972 3007 1972 3008 1883 3008 1884 3008 1972 3009 1884 3009 1973 3009 1973 3010 1884 3010 1885 3010 1973 3011 1885 3011 1974 3011 1974 3011 1885 3011 1886 3011 1974 3012 1886 3012 1975 3012 1975 3013 1886 3013 1887 3013 1975 3014 1887 3014 1976 3014 1976 1878 1887 1878 1965 1878 1976 1877 1965 1877 1827 1877 1827 3015 1965 3015 1828 3015 1677 1593 1678 1593 1883 1593 1883 3016 1678 3016 1674 3016 1883 3017 1674 3017 1879 3017 1879 3018 1674 3018 1672 3018 1879 3019 1672 3019 1670 3019 1976 3020 1888 3020 1975 3020 1975 3021 1888 3021 1890 3021 1975 3022 1890 3022 1974 3022 1974 1861 1890 1861 1892 1861 1974 1862 1892 1862 1973 1862 1973 1862 1892 1862 1894 1862 1973 3023 1894 3023 1972 3023 1972 3024 1894 3024 1896 3024 1972 3025 1896 3025 1971 3025 1971 3026 1896 3026 1898 3026 1971 3027 1898 3027 1675 3027 1689 1897 1688 1897 1977 1897 1977 1896 1688 1896 1911 1896 1977 3028 1911 3028 1978 3028 1978 3029 1911 3029 1910 3029 1978 3030 1910 3030 1979 3030 1979 1850 1910 1850 1909 1850 1979 1851 1909 1851 1980 1851 1980 1851 1909 1851 1908 1851 1980 3031 1908 3031 1981 3031 1981 3032 1908 3032 1907 3032 1981 3033 1907 3033 1982 3033 1982 1854 1907 1854 1906 1854 1688 3034 1686 3034 1911 3034 1911 3035 1686 3035 1684 3035 1911 3036 1684 3036 1905 3036 1905 3037 1684 3037 1682 3037 1905 3038 1682 3038 1899 3038 1899 3039 1682 3039 1680 3039 1899 3040 1680 3040 1898 3040 1898 3041 1680 3041 1679 3041 1898 3042 1679 3042 1675 3042 1827 1856 1826 1856 1976 1856 1976 3043 1826 3043 1834 3043 1976 3044 1834 3044 1888 3044 1888 3045 1834 3045 1835 3045 1888 3046 1835 3046 1889 3046 1889 3047 1835 3047 1836 3047 1889 3048 1836 3048 1900 3048 1900 3049 1836 3049 1837 3049 1900 3050 1837 3050 1906 3050 1906 3051 1837 3051 1838 3051 1906 3051 1838 3051 1982 3051 1982 1825 1838 1825 1851 1825 1982 3052 1851 3052 1981 3052 1981 3053 1851 3053 1913 3053 1981 3054 1913 3054 1980 3054 1980 3055 1913 3055 1915 3055 1980 1830 1915 1830 1979 1830 1979 1830 1915 1830 1917 1830 1979 3056 1917 3056 1978 3056 1978 3057 1917 3057 1919 3057 1978 3058 1919 3058 1977 3058 1977 3059 1919 3059 1921 3059 1977 1835 1921 1835 1689 1835 1639 3060 1637 3060 1983 3060 1983 1813 1637 1813 1940 1813 1983 3061 1940 3061 1984 3061 1984 3062 1940 3062 1939 3062 1984 3063 1939 3063 1985 3063 1985 3064 1939 3064 1938 3064 1985 1818 1938 1818 1986 1818 1986 1818 1938 1818 1937 1818 1986 3065 1937 3065 1987 3065 1987 3066 1937 3066 1936 3066 1987 3067 1936 3067 1988 3067 1988 3068 1936 3068 1935 3068 1988 1823 1935 1823 1840 1823 1840 1847 1935 1847 1841 1847 1637 1592 1636 1592 1940 1592 1940 1586 1636 1586 1634 1586 1940 3069 1634 3069 1934 3069 1934 3070 1634 3070 1633 3070 1934 3071 1633 3071 1928 3071 1928 3072 1633 3072 1694 3072 1928 3073 1694 3073 1922 3073 1922 3074 1694 3074 1695 3074 1922 3075 1695 3075 1921 3075 1921 3076 1695 3076 1690 3076 1921 1836 1690 1836 1689 1836 1988 3077 1941 3077 1987 3077 1987 3077 1941 3077 1943 3077 1987 3078 1943 3078 1986 3078 1986 1788 1943 1788 1945 1788 1986 1789 1945 1789 1985 1789 1985 1789 1945 1789 1947 1789 1985 3079 1947 3079 1984 3079 1984 3080 1947 3080 1949 3080 1984 1793 1949 1793 1983 1793 1983 1793 1949 1793 1951 1793 1983 3081 1951 3081 1639 3081 1650 1803 1649 1803 1989 1803 1989 3082 1649 3082 1964 3082 1989 3083 1964 3083 1990 3083 1990 3084 1964 3084 1963 3084 1990 3085 1963 3085 1991 3085 1991 1776 1963 1776 1962 1776 1991 1777 1962 1777 1992 1777 1992 1777 1962 1777 1961 1777 1992 3086 1961 3086 1993 3086 1993 3087 1961 3087 1960 3087 1993 3088 1960 3088 1994 3088 1994 3089 1960 3089 1959 3089 1649 3090 1647 3090 1964 3090 1964 3091 1647 3091 1645 3091 1964 3092 1645 3092 1958 3092 1958 3093 1645 3093 1643 3093 1958 3094 1643 3094 1952 3094 1952 3095 1643 3095 1642 3095 1952 3096 1642 3096 1951 3096 1951 3097 1642 3097 1640 3097 1951 3098 1640 3098 1639 3098 1651 3099 1650 3099 1872 3099 1872 1766 1650 1766 1989 1766 1872 1765 1989 1765 1871 1765 1871 3100 1989 3100 1990 3100 1871 3101 1990 3101 1870 3101 1870 3102 1990 3102 1991 3102 1870 3103 1991 3103 1869 3103 1869 3103 1991 3103 1992 3103 1869 3104 1992 3104 1868 3104 1868 3105 1992 3105 1993 3105 1868 3106 1993 3106 1850 3106 1850 3107 1993 3107 1994 3107 1850 1756 1994 1756 1818 1756 1818 3108 1994 3108 1959 3108 1818 3109 1959 3109 1817 3109 1817 3110 1959 3110 1953 3110 1817 3111 1953 3111 1816 3111 1816 3112 1953 3112 1942 3112 1816 3113 1942 3113 1815 3113 1815 3114 1942 3114 1941 3114 1815 3115 1941 3115 1814 3115 1814 1784 1941 1784 1988 1784 1814 1784 1988 1784 1813 1784 1813 1783 1988 1783 1840 1783 1995 3116 1654 3116 1653 3116 1832 3117 1855 3117 1849 3117 1849 3118 1855 3118 1996 3118 1849 3119 1996 3119 1847 3119 1847 3120 1996 3120 1997 3120 1847 1951 1997 1951 1858 1951 1858 1940 1997 1940 1998 1940 1858 1741 1998 1741 1862 1741 1862 3121 1998 3121 1999 3121 1862 3122 1999 3122 1867 3122 1867 3123 1999 3123 1995 3123 1867 1948 1995 1948 1872 1948 1872 3124 1995 3124 1653 3124 1872 3125 1653 3125 1651 3125 1831 3126 1854 3126 1855 3126 1855 1944 1854 1944 2000 1944 1855 3127 2000 3127 1996 3127 1996 3128 2000 3128 2001 3128 1996 3129 2001 3129 1997 3129 1997 3130 2001 3130 2002 3130 1997 1940 2002 1940 1998 1940 1998 3131 2002 3131 2003 3131 1998 3132 2003 3132 1999 3132 1999 3133 2003 3133 2004 3133 1999 3134 2004 3134 1995 3134 1995 3135 2004 3135 1656 3135 1995 3136 1656 3136 1654 3136 1830 3137 1853 3137 1854 3137 1854 3138 1853 3138 2005 3138 1854 3139 2005 3139 2000 3139 2000 3140 2005 3140 2006 3140 2000 3141 2006 3141 2001 3141 2001 3142 2006 3142 2007 3142 2001 3130 2007 3130 2002 3130 2002 3143 2007 3143 2008 3143 2002 3144 2008 3144 2003 3144 2003 3145 2008 3145 2009 3145 2003 3146 2009 3146 2004 3146 2004 3147 2009 3147 1657 3147 2004 3148 1657 3148 1656 3148 1829 3149 1852 3149 1853 3149 1853 3150 1852 3150 2010 3150 1853 3151 2010 3151 2005 3151 2005 3152 2010 3152 2011 3152 2005 3153 2011 3153 2006 3153 2006 1904 2011 1904 2012 1904 2006 3142 2012 3142 2007 3142 2007 3154 2012 3154 2013 3154 2007 3155 2013 3155 2008 3155 2008 3156 2013 3156 1846 3156 2008 1912 1846 1912 2009 1912 2009 3157 1846 3157 1658 3157 2009 3158 1658 3158 1657 3158 1828 3159 1965 3159 1852 3159 1852 1908 1965 1908 1966 1908 1852 3150 1966 3150 2010 3150 2010 3160 1966 3160 1967 3160 2010 3161 1967 3161 2011 3161 2011 1607 1967 1607 1968 1607 2011 1904 1968 1904 2012 1904 2012 1903 1968 1903 1969 1903 2012 3162 1969 3162 2013 3162 2013 3163 1969 3163 1970 3163 2013 3164 1970 3164 1846 3164 1846 3165 1970 3165 1662 3165 1846 3166 1662 3166 1661 3166 1733 832 1628 832 1629 832 1625 831 1742 831 1741 831 1733 832 1732 832 1628 832 1628 832 1732 832 1731 832 1628 832 1731 832 1627 832 1625 832 1741 832 1632 832 1742 832 1625 832 1719 832 1719 832 1625 832 1624 832 1719 832 1624 832 1720 832 1622 832 1621 832 1726 832 1731 832 1730 832 1627 832 1627 832 1730 832 1729 832 1627 832 1729 832 1626 832 1626 831 1729 831 1728 831 1626 832 1728 832 1621 832 1621 832 1728 832 1727 832 1621 832 1727 832 1726 832 1630 831 1735 831 1629 831 1629 832 1735 832 1734 832 1629 832 1734 832 1733 832 1631 832 1737 832 1630 832 1630 832 1737 832 1736 832 1630 832 1736 832 1735 832 1741 832 1740 832 1632 832 1632 832 1740 832 1739 832 1632 832 1739 832 1631 832 1631 832 1739 832 1738 832 1631 832 1738 832 1737 832 1726 831 1725 831 1622 831 1622 831 1725 831 1724 831 1622 831 1724 831 1623 831 1724 832 1723 832 1623 832 1623 832 1723 832 1722 832 1623 832 1722 832 1624 832 1624 832 1722 832 1721 832 1624 832 1721 832 1720 832 1752 959 796 959 797 959 798 959 1756 959 797 959 797 959 1756 959 1754 959 797 959 1754 959 1752 959 1743 959 806 959 1744 959 1744 959 806 959 805 959 1752 959 1750 959 796 959 796 959 1750 959 1748 959 796 959 1748 959 805 959 805 958 1748 958 1746 958 805 959 1746 959 1744 959 799 958 1760 958 798 958 798 959 1760 959 1758 959 798 959 1758 959 1756 959 800 959 1764 959 799 959 799 959 1764 959 1762 959 799 959 1762 959 1760 959 804 959 1778 959 803 959 803 959 1778 959 1776 959 803 959 1776 959 802 959 801 959 1768 959 800 959 800 959 1768 959 1766 959 800 959 1766 959 1764 959 807 958 1782 958 804 958 804 958 1782 958 1780 958 804 958 1780 958 1778 958 1776 959 1774 959 802 959 802 958 1774 958 1772 958 802 959 1772 959 801 959 801 959 1772 959 1770 959 801 959 1770 959 1768 959 1743 959 1788 959 806 959 806 959 1788 959 1786 959 806 959 1786 959 807 959 807 959 1786 959 1784 959 807 959 1784 959 1782 959 2014 3167 2015 3167 640 3167 640 3168 2015 3168 808 3168 808 3169 2015 3169 2016 3169 808 3170 2016 3170 809 3170 2017 3171 815 3171 2016 3171 2016 3172 815 3172 810 3172 2016 3173 810 3173 809 3173 2018 3174 813 3174 2017 3174 2017 3175 813 3175 814 3175 2017 3176 814 3176 815 3176 637 3177 811 3177 2018 3177 2018 3178 811 3178 812 3178 2018 3179 812 3179 813 3179 640 1251 641 1251 2014 1251 2014 1250 641 1250 642 1250 2014 1250 642 1250 2019 1250 2019 1249 642 1249 643 1249 2019 1249 643 1249 2020 1249 2020 1248 643 1248 644 1248 2020 1248 644 1248 2021 1248 2021 1247 644 1247 645 1247 2021 1247 645 1247 2022 1247 2022 1246 645 1246 639 1246 2022 1246 639 1246 2023 1246 2023 1140 639 1140 638 1140 2023 1140 638 1140 2024 1140 2024 3180 638 3180 637 3180 2024 3181 637 3181 2025 3181 2025 3182 637 3182 2018 3182 2026 3183 2027 3183 2028 3183 2027 3184 2029 3184 2028 3184 2028 3185 2029 3185 2030 3185 2028 3186 2030 3186 2031 3186 2030 3187 2032 3187 2031 3187 2031 3188 2032 3188 2033 3188 2031 2258 2033 2258 2034 2258 2033 3189 2035 3189 2034 3189 2034 3190 2035 3190 2036 3190 2034 3191 2036 3191 2037 3191 2037 3192 2036 3192 2038 3192 2037 3193 2038 3193 2039 3193 2039 3194 2038 3194 2040 3194 2039 3195 2040 3195 2041 3195 2041 3196 2040 3196 2042 3196 2042 3197 2043 3197 2041 3197 2041 3198 2043 3198 2044 3198 2041 3199 2044 3199 2045 3199 2044 3200 2046 3200 2045 3200 2045 3201 2046 3201 2047 3201 2045 2242 2047 2242 2048 2242 2047 3202 2049 3202 2048 3202 2048 3203 2049 3203 2050 3203 2048 3204 2050 3204 2051 3204 2051 3205 2050 3205 2052 3205 2050 3206 2053 3206 2052 3206 2052 3207 2053 3207 2054 3207 2052 3208 2054 3208 2055 3208 2055 3209 2054 3209 2056 3209 2056 3210 2057 3210 2055 3210 2055 3211 2057 3211 2058 3211 2055 3212 2058 3212 2059 3212 2058 3213 2060 3213 2059 3213 2059 3214 2060 3214 2061 3214 2059 3215 2061 3215 2062 3215 2062 3216 2061 3216 2063 3216 2062 3217 2063 3217 2064 3217 2064 3218 2063 3218 2065 3218 2064 3219 2065 3219 2066 3219 2066 3220 2065 3220 2067 3220 2068 3221 2069 3221 2070 3221 2070 3222 2069 3222 2066 3222 2070 3223 2066 3223 2071 3223 2071 3224 2066 3224 2067 3224 2072 3225 2073 3225 2074 3225 2074 3226 2073 3226 2075 3226 2074 3227 2075 3227 2076 3227 2076 3228 2075 3228 2077 3228 2076 3229 2077 3229 2078 3229 2078 3230 2077 3230 2079 3230 2078 3231 2079 3231 2080 3231 2080 3232 2079 3232 2081 3232 2081 3233 2082 3233 2080 3233 2080 3234 2082 3234 2083 3234 2080 3235 2083 3235 2084 3235 2028 3236 2085 3236 2026 3236 2026 3237 2085 3237 2086 3237 2026 3238 2086 3238 2087 3238 2087 3239 2086 3239 2084 3239 2087 3240 2084 3240 2088 3240 2088 3241 2084 3241 2083 3241 2069 2203 2089 2203 2090 2203 2069 2202 2090 2202 2066 2202 2066 3242 2090 3242 2091 3242 2066 3243 2091 3243 2064 3243 2064 2199 2091 2199 2092 2199 2064 2198 2092 2198 2062 2198 2062 2197 2092 2197 2093 2197 2062 2196 2093 2196 2059 2196 2059 2195 2093 2195 2094 2195 2059 2195 2094 2195 2055 2195 2055 2193 2094 2193 2095 2193 2055 2193 2095 2193 2052 2193 2052 3244 2095 3244 2096 3244 2052 3245 2096 3245 2051 3245 2051 2190 2096 2190 2097 2190 2051 2189 2097 2189 2048 2189 2048 2188 2097 2188 2098 2188 2048 2187 2098 2187 2045 2187 2045 3246 2098 3246 2099 3246 2045 3247 2099 3247 2041 3247 2041 2184 2099 2184 2100 2184 2041 2183 2100 2183 2039 2183 2039 2182 2100 2182 2101 2182 2039 3248 2101 3248 2037 3248 2037 3249 2101 3249 2102 3249 2037 3250 2102 3250 2034 3250 2034 3251 2102 3251 2103 3251 2034 2177 2103 2177 2031 2177 2031 2176 2103 2176 2104 2176 2031 3252 2104 3252 2028 3252 2028 3253 2104 3253 2105 3253 2028 3254 2105 3254 2085 3254 2085 3255 2105 3255 2106 3255 2085 3256 2106 3256 2086 3256 2086 3257 2106 3257 2107 3257 2086 3258 2107 3258 2084 3258 2084 2213 2107 2213 2108 2213 2084 3259 2108 3259 2080 3259 2080 3260 2108 3260 2109 3260 2080 3261 2109 3261 2078 3261 2078 3262 2109 3262 2110 3262 2078 3263 2110 3263 2076 3263 2076 3264 2110 3264 2111 3264 2076 3265 2111 3265 2074 3265 2112 3266 2113 3266 2089 3266 2113 3267 2114 3267 2089 3267 2089 2149 2114 2149 2115 2149 2089 2150 2115 2150 2090 2150 2090 3268 2115 3268 2116 3268 2090 3269 2116 3269 2091 3269 2091 2153 2116 2153 2117 2153 2091 2154 2117 2154 2092 2154 2092 2155 2117 2155 2118 2155 2092 2156 2118 2156 2093 2156 2093 2157 2118 2157 2119 2157 2093 2158 2119 2158 2094 2158 2094 2159 2119 2159 2120 2159 2094 2159 2120 2159 2095 2159 2095 2160 2120 2160 2121 2160 2095 2161 2121 2161 2096 2161 2096 2162 2121 2162 2122 2162 2096 2163 2122 2163 2097 2163 2097 2164 2122 2164 2123 2164 2097 2165 2123 2165 2098 2165 2098 3270 2123 3270 2124 3270 2098 3271 2124 3271 2099 3271 2099 2168 2124 2168 2125 2168 2099 2169 2125 2169 2100 2169 2100 3272 2125 3272 2126 3272 2100 3273 2126 3273 2101 3273 2101 2127 2126 2127 2127 2127 2101 2128 2127 2128 2102 2128 2102 2129 2127 2129 2128 2129 2102 3274 2128 3274 2103 3274 2103 3275 2128 3275 2129 3275 2103 3276 2129 3276 2104 3276 2104 3277 2129 3277 2130 3277 2104 3278 2130 3278 2105 3278 2105 3279 2130 3279 2131 3279 2105 3280 2131 3280 2106 3280 2106 2137 2131 2137 2132 2137 2106 3281 2132 3281 2107 3281 2107 3282 2132 3282 2133 3282 2107 3283 2133 3283 2108 3283 2108 3284 2133 3284 2134 3284 2108 3285 2134 3285 2109 3285 2109 3286 2134 3286 2135 3286 2109 3287 2135 3287 2110 3287 2110 2145 2135 2145 2112 2145 2110 2146 2112 2146 2111 2146 2111 3288 2112 3288 2089 3288 2111 3289 2089 3289 2074 3289 2074 3290 2089 3290 2069 3290 2074 3291 2069 3291 2072 3291 2072 3292 2069 3292 2068 3292 2136 3293 2137 3293 2138 3293 2138 2101 2137 2101 2139 2101 2138 2102 2139 2102 2140 2102 2140 2103 2139 2103 2141 2103 2140 3294 2141 3294 2142 3294 2142 3295 2141 3295 2143 3295 2142 3296 2143 3296 2144 3296 2144 3297 2143 3297 2145 3297 2144 3298 2145 3298 2146 3298 2146 3299 2145 3299 2147 3299 2146 3300 2147 3300 2148 3300 2148 2111 2147 2111 2149 2111 2148 3301 2149 3301 2150 3301 2150 3302 2149 3302 2151 3302 2150 3303 2151 3303 2152 3303 2152 3304 2151 3304 2153 3304 2152 3305 2153 3305 2154 3305 2154 3306 2153 3306 2155 3306 2154 3307 2155 3307 2156 3307 2156 2119 2155 2119 2157 2119 2156 2120 2157 2120 2158 2120 2158 3308 2157 3308 2159 3308 2158 3309 2159 3309 2160 3309 2160 2078 2159 2078 2161 2078 2160 2079 2161 2079 2162 2079 2162 3310 2161 3310 2163 3310 2162 3311 2163 3311 2164 3311 2164 2082 2163 2082 2165 2082 2164 2083 2165 2083 2166 2083 2166 2084 2165 2084 2167 2084 2166 2085 2167 2085 2168 2085 2168 2086 2167 2086 2169 2086 2168 2087 2169 2087 2170 2087 2170 2088 2169 2088 2171 2088 2170 2088 2171 2088 2172 2088 2172 2089 2171 2089 2173 2089 2172 2090 2173 2090 2174 2090 2174 2091 2173 2091 2175 2091 2174 2092 2175 2092 2176 2092 2176 2093 2175 2093 2177 2093 2176 2094 2177 2094 2178 2094 2178 3312 2177 3312 2179 3312 2178 3313 2179 3313 2180 3313 2180 2097 2179 2097 2181 2097 2180 2098 2181 2098 2182 2098 2182 3314 2181 3314 2136 3314 2182 3315 2136 3315 2138 3315 2148 3316 2183 3316 2146 3316 2146 3317 2183 3317 2184 3317 2146 3318 2184 3318 2144 3318 2144 3319 2184 3319 2185 3319 2144 2060 2185 2060 2142 2060 2142 2059 2185 2059 2186 2059 2142 3320 2186 3320 2140 3320 2140 3321 2186 3321 2187 3321 2140 3322 2187 3322 2138 3322 2138 3323 2187 3323 2188 3323 2138 2054 2188 2054 2182 2054 2182 2053 2188 2053 2189 2053 2182 2052 2189 2052 2180 2052 2180 3324 2189 3324 2190 3324 2180 3325 2190 3325 2178 3325 2178 2049 2190 2049 2191 2049 2178 2048 2191 2048 2176 2048 2176 2047 2191 2047 2192 2047 2176 2046 2192 2046 2174 2046 2174 3326 2192 3326 2193 3326 2174 3327 2193 3327 2172 3327 2172 2043 2193 2043 2194 2043 2172 2043 2194 2043 2170 2043 2170 3328 2194 3328 2195 3328 2170 2042 2195 2042 2168 2042 2168 2041 2195 2041 2196 2041 2168 2040 2196 2040 2166 2040 2166 2039 2196 2039 2197 2039 2166 2038 2197 2038 2164 2038 2164 3329 2197 3329 2198 3329 2164 3330 2198 3330 2162 3330 2162 2035 2198 2035 2199 2035 2162 2034 2199 2034 2160 2034 2160 3331 2199 3331 2200 3331 2160 3332 2200 3332 2158 3332 2158 3333 2200 3333 2201 3333 2158 3334 2201 3334 2156 3334 2156 3335 2201 3335 2202 3335 2156 3336 2202 3336 2154 3336 2154 3337 2202 3337 2203 3337 2154 3338 2203 3338 2152 3338 2152 3339 2203 3339 2204 3339 2152 2068 2204 2068 2150 2068 2150 3340 2204 3340 2205 3340 2150 3341 2205 3341 2148 3341 2148 3342 2205 3342 2183 3342 2206 3343 2203 3343 2207 3343 2207 3344 2203 3344 2202 3344 2207 3345 2202 3345 2208 3345 2208 3346 2202 3346 2201 3346 2208 3347 2201 3347 2209 3347 2209 3348 2201 3348 2200 3348 2209 3349 2200 3349 2210 3349 2210 3350 2200 3350 2199 3350 2210 3351 2199 3351 2211 3351 2211 3352 2199 3352 2198 3352 2211 3353 2198 3353 2212 3353 2212 3354 2198 3354 2213 3354 2213 3355 2198 3355 2214 3355 2214 3356 2198 3356 2197 3356 2214 3357 2197 3357 2215 3357 2215 3358 2197 3358 2196 3358 2215 3359 2196 3359 2216 3359 2216 3360 2196 3360 2195 3360 2216 3361 2195 3361 2217 3361 2217 3362 2195 3362 2194 3362 2217 3363 2194 3363 2218 3363 2219 3364 2220 3364 2189 3364 2189 3365 2220 3365 2221 3365 2189 3366 2221 3366 2190 3366 2190 3367 2221 3367 2222 3367 2190 1993 2222 1993 2191 1993 2191 3368 2222 3368 2223 3368 2191 3369 2223 3369 2192 3369 2192 3370 2223 3370 2224 3370 2192 3371 2224 3371 2193 3371 2193 3372 2224 3372 2225 3372 2193 3373 2225 3373 2194 3373 2194 3374 2225 3374 2226 3374 2194 3375 2226 3375 2218 3375 2219 3376 2189 3376 2227 3376 2227 3377 2189 3377 2188 3377 2227 3378 2188 3378 2228 3378 2228 3379 2188 3379 2187 3379 2228 3380 2187 3380 2229 3380 2229 3381 2187 3381 2186 3381 2229 3382 2186 3382 2230 3382 2230 1979 2186 1979 2185 1979 2230 3383 2185 3383 2231 3383 2231 3384 2185 3384 2184 3384 2231 3385 2184 3385 2232 3385 2206 3386 2233 3386 2203 3386 2203 3387 2233 3387 2234 3387 2203 3388 2234 3388 2204 3388 2204 3389 2234 3389 2235 3389 2204 3390 2235 3390 2205 3390 2205 3391 2235 3391 2236 3391 2205 3392 2236 3392 2183 3392 2183 3393 2236 3393 2237 3393 2183 3394 2237 3394 2184 3394 2184 3395 2237 3395 2238 3395 2184 3396 2238 3396 2232 3396 2054 3397 2053 3397 2239 3397 2240 3398 2241 3398 2242 3398 2212 3399 2213 3399 2243 3399 2232 2528 2238 2528 2244 2528 2245 3400 2222 3400 2221 3400 2246 3401 2223 3401 2222 3401 2247 3402 2224 3402 2223 3402 2248 3403 2225 3403 2224 3403 2242 3404 2226 3404 2225 3404 2232 2527 2244 2527 2231 2527 2212 2458 2243 2458 2211 2458 2226 3405 2242 3405 2218 3405 2218 3406 2242 3406 2241 3406 2218 2444 2241 2444 2217 2444 2216 3407 2217 3407 2249 3407 2249 3408 2217 3408 2241 3408 2249 3409 2241 3409 2250 3409 2250 3410 2241 3410 2240 3410 2250 3411 2240 3411 2251 3411 2215 3412 2216 3412 2252 3412 2252 3412 2216 3412 2249 3412 2252 3413 2249 3413 2253 3413 2253 3414 2249 3414 2250 3414 2253 3415 2250 3415 2254 3415 2254 3416 2250 3416 2251 3416 2254 2431 2251 2431 2255 2431 2214 3417 2215 3417 2256 3417 2256 3418 2215 3418 2252 3418 2256 2320 2252 2320 2257 2320 2257 3419 2252 3419 2253 3419 2257 3420 2253 3420 2258 3420 2258 3421 2253 3421 2254 3421 2258 2323 2254 2323 2259 2323 2259 2323 2254 2323 2255 2323 2259 2430 2255 2430 2260 2430 2213 3422 2214 3422 2243 3422 2243 3423 2214 3423 2256 3423 2243 2324 2256 2324 2261 2324 2261 2325 2256 2325 2257 2325 2261 3424 2257 3424 2262 3424 2262 3425 2257 3425 2258 3425 2262 3426 2258 3426 2263 3426 2263 3426 2258 3426 2259 3426 2263 3427 2259 3427 2264 3427 2264 2429 2259 2429 2260 2429 2264 2428 2260 2428 2265 2428 2266 3428 2267 3428 2268 3428 2269 3429 2267 3429 2270 3429 2270 3430 2267 3430 2266 3430 2270 3431 2266 3431 2271 3431 2272 2300 2269 2300 2273 2300 2273 2300 2269 2300 2270 2300 2273 3432 2270 3432 2274 3432 2274 3433 2270 3433 2271 3433 2274 2304 2271 2304 2275 2304 2276 2308 2272 2308 2277 2308 2277 2309 2272 2309 2273 2309 2277 3434 2273 3434 2278 3434 2278 3435 2273 3435 2274 3435 2278 3436 2274 3436 2279 3436 2279 3436 2274 3436 2275 3436 2279 3437 2275 3437 2280 3437 2281 3438 2282 3438 2283 3438 2283 3439 2282 3439 2284 3439 2283 3440 2284 3440 2285 3440 2285 3441 2284 3441 2286 3441 2285 2423 2286 2423 2287 2423 2287 2423 2286 2423 2288 2423 2287 2422 2288 2422 2289 2422 2289 3442 2288 3442 2290 3442 2289 3443 2290 3443 2291 3443 2291 3444 2290 3444 2292 3444 2282 3445 2293 3445 2284 3445 2284 3446 2293 3446 2294 3446 2284 3447 2294 3447 2286 3447 2286 3448 2294 3448 2295 3448 2286 3449 2295 3449 2288 3449 2288 3449 2295 3449 2296 3449 2288 3450 2296 3450 2290 3450 2290 3451 2296 3451 2297 3451 2290 3452 2297 3452 2292 3452 2292 2410 2297 2410 2298 2410 2293 2409 2299 2409 2294 2409 2294 2408 2299 2408 2300 2408 2294 3453 2300 3453 2295 3453 2295 3454 2300 3454 2301 3454 2295 3455 2301 3455 2296 3455 2296 3455 2301 3455 2302 3455 2296 3456 2302 3456 2297 3456 2297 2403 2302 2403 2303 2403 2297 2402 2303 2402 2298 2402 2298 2401 2303 2401 2304 2401 2238 3457 2237 3457 2244 3457 2244 3458 2237 3458 2305 3458 2244 3459 2305 3459 2306 3459 2306 3460 2305 3460 2307 3460 2306 3461 2307 3461 2308 3461 2308 2397 2307 2397 2309 2397 2308 2396 2309 2396 2310 2396 2310 2396 2309 2396 2311 2396 2310 3462 2311 3462 2312 3462 2312 3463 2311 3463 2313 3463 2312 3464 2313 3464 2314 3464 2314 2392 2313 2392 2315 2392 2237 3465 2236 3465 2305 3465 2305 3466 2236 3466 2316 3466 2305 3467 2316 3467 2307 3467 2307 3468 2316 3468 2317 3468 2307 3469 2317 3469 2309 3469 2309 3470 2317 3470 2318 3470 2309 3471 2318 3471 2311 3471 2311 3471 2318 3471 2319 3471 2311 3472 2319 3472 2313 3472 2313 3473 2319 3473 2320 3473 2313 3474 2320 3474 2315 3474 2315 3475 2320 3475 2321 3475 2236 3476 2235 3476 2316 3476 2316 3477 2235 3477 2322 3477 2316 3478 2322 3478 2317 3478 2317 3479 2322 3479 2323 3479 2317 3480 2323 3480 2318 3480 2318 3481 2323 3481 2324 3481 2318 3482 2324 3482 2319 3482 2319 3482 2324 3482 2325 3482 2319 3483 2325 3483 2320 3483 2320 3484 2325 3484 2326 3484 2320 3485 2326 3485 2321 3485 2321 3486 2326 3486 2327 3486 2235 3487 2234 3487 2322 3487 2322 3488 2234 3488 2328 3488 2322 2367 2328 2367 2323 2367 2323 3489 2328 3489 2329 3489 2323 3490 2329 3490 2324 3490 2324 3491 2329 3491 2330 3491 2324 2363 2330 2363 2325 2363 2325 2363 2330 2363 2331 2363 2325 2362 2331 2362 2326 2362 2326 3492 2331 3492 2332 3492 2326 3493 2332 3493 2327 3493 2327 3494 2332 3494 2333 3494 2334 2356 2335 2356 2336 2356 2336 2355 2335 2355 2337 2355 2336 2354 2337 2354 2338 2354 2338 3495 2337 3495 2339 3495 2338 3496 2339 3496 2340 3496 2340 3496 2339 3496 2341 3496 2340 3497 2341 3497 2342 3497 2342 3498 2341 3498 2343 3498 2342 2349 2343 2349 2344 2349 2344 2348 2343 2348 2345 2348 2335 2347 2346 2347 2337 2347 2337 3499 2346 3499 2347 3499 2337 3500 2347 3500 2339 3500 2339 3501 2347 3501 2348 3501 2339 3502 2348 3502 2341 3502 2341 3502 2348 3502 2349 3502 2341 3503 2349 3503 2343 3503 2343 3504 2349 3504 2350 3504 2343 3505 2350 3505 2345 3505 2345 3506 2350 3506 2351 3506 2346 3507 2352 3507 2347 3507 2347 3508 2352 3508 2353 3508 2347 3509 2353 3509 2348 3509 2348 2335 2353 2335 2354 2335 2348 2334 2354 2334 2349 2334 2349 2334 2354 2334 2355 2334 2349 3510 2355 3510 2350 3510 2350 3511 2355 3511 2356 3511 2350 3512 2356 3512 2351 3512 2351 3513 2356 3513 2357 3513 2358 2315 2280 2315 2359 2315 2359 2314 2280 2314 2275 2314 2359 2305 2275 2305 2360 2305 2360 2304 2275 2304 2271 2304 2360 2297 2271 2297 2361 2297 2361 3514 2271 3514 2266 3514 2361 3515 2266 3515 2362 3515 2362 3516 2266 3516 2268 3516 2362 3517 2268 3517 2363 3517 2363 3518 2268 3518 2057 3518 2363 3519 2057 3519 2056 3519 2272 3520 2063 3520 2269 3520 2269 3521 2063 3521 2061 3521 2269 3522 2061 3522 2267 3522 2267 3523 2061 3523 2060 3523 2267 3524 2060 3524 2268 3524 2268 3525 2060 3525 2058 3525 2268 2286 2058 2286 2057 2286 2068 3526 2070 3526 2364 3526 2364 2577 2070 2577 2276 2577 2364 3527 2276 3527 2365 3527 2365 3528 2276 3528 2277 3528 2365 3529 2277 3529 2366 3529 2366 3530 2277 3530 2278 3530 2366 3531 2278 3531 2367 3531 2367 3531 2278 3531 2279 3531 2367 3532 2279 3532 2368 3532 2368 3533 2279 3533 2280 3533 2368 3534 2280 3534 2369 3534 2369 2568 2280 2568 2358 2568 2369 2567 2358 2567 2220 2567 2220 3535 2358 3535 2221 3535 2070 2283 2071 2283 2276 2283 2276 3536 2071 3536 2067 3536 2276 3537 2067 3537 2272 3537 2272 3538 2067 3538 2065 3538 2272 3539 2065 3539 2063 3539 2369 3540 2281 3540 2368 3540 2368 3541 2281 3541 2283 3541 2368 3542 2283 3542 2367 3542 2367 2551 2283 2551 2285 2551 2367 2552 2285 2552 2366 2552 2366 2552 2285 2552 2287 2552 2366 3543 2287 3543 2365 3543 2365 3544 2287 3544 2289 3544 2365 3545 2289 3545 2364 3545 2364 3546 2289 3546 2291 3546 2364 3547 2291 3547 2068 3547 2082 2587 2081 2587 2370 2587 2370 2586 2081 2586 2304 2586 2370 3548 2304 3548 2371 3548 2371 3549 2304 3549 2303 3549 2371 3550 2303 3550 2372 3550 2372 2540 2303 2540 2302 2540 2372 2541 2302 2541 2373 2541 2373 2541 2302 2541 2301 2541 2373 3551 2301 3551 2374 3551 2374 3552 2301 3552 2300 3552 2374 3553 2300 3553 2375 3553 2375 2544 2300 2544 2299 2544 2081 3554 2079 3554 2304 3554 2304 3555 2079 3555 2077 3555 2304 3556 2077 3556 2298 3556 2298 3557 2077 3557 2075 3557 2298 3558 2075 3558 2292 3558 2292 3559 2075 3559 2073 3559 2292 3560 2073 3560 2291 3560 2291 3561 2073 3561 2072 3561 2291 3562 2072 3562 2068 3562 2220 2546 2219 2546 2369 2546 2369 3563 2219 3563 2227 3563 2369 3564 2227 3564 2281 3564 2281 3565 2227 3565 2228 3565 2281 3566 2228 3566 2282 3566 2282 3567 2228 3567 2229 3567 2282 3568 2229 3568 2293 3568 2293 3569 2229 3569 2230 3569 2293 3570 2230 3570 2299 3570 2299 3571 2230 3571 2231 3571 2299 3571 2231 3571 2375 3571 2375 2515 2231 2515 2244 2515 2375 3572 2244 3572 2374 3572 2374 3573 2244 3573 2306 3573 2374 3574 2306 3574 2373 3574 2373 3575 2306 3575 2308 3575 2373 2520 2308 2520 2372 2520 2372 2520 2308 2520 2310 2520 2372 3576 2310 3576 2371 3576 2371 3577 2310 3577 2312 3577 2371 3578 2312 3578 2370 3578 2370 3579 2312 3579 2314 3579 2370 2525 2314 2525 2082 2525 2032 3580 2030 3580 2376 3580 2376 2503 2030 2503 2333 2503 2376 3581 2333 3581 2377 3581 2377 3582 2333 3582 2332 3582 2377 3583 2332 3583 2378 3583 2378 3584 2332 3584 2331 3584 2378 2508 2331 2508 2379 2508 2379 2508 2331 2508 2330 2508 2379 3585 2330 3585 2380 3585 2380 3586 2330 3586 2329 3586 2380 3587 2329 3587 2381 3587 2381 3588 2329 3588 2328 3588 2381 2513 2328 2513 2233 2513 2233 2537 2328 2537 2234 2537 2030 2282 2029 2282 2333 2282 2333 2276 2029 2276 2027 2276 2333 3589 2027 3589 2327 3589 2327 3590 2027 3590 2026 3590 2327 3591 2026 3591 2321 3591 2321 3592 2026 3592 2087 3592 2321 3593 2087 3593 2315 3593 2315 3594 2087 3594 2088 3594 2315 3595 2088 3595 2314 3595 2314 3596 2088 3596 2083 3596 2314 2526 2083 2526 2082 2526 2381 3597 2334 3597 2380 3597 2380 3597 2334 3597 2336 3597 2380 3598 2336 3598 2379 3598 2379 2478 2336 2478 2338 2478 2379 2479 2338 2479 2378 2479 2378 2479 2338 2479 2340 2479 2378 3599 2340 3599 2377 3599 2377 3600 2340 3600 2342 3600 2377 2483 2342 2483 2376 2483 2376 2483 2342 2483 2344 2483 2376 3601 2344 3601 2032 3601 2043 2493 2042 2493 2382 2493 2382 3602 2042 3602 2357 3602 2382 3603 2357 3603 2383 3603 2383 3604 2357 3604 2356 3604 2383 3605 2356 3605 2384 3605 2384 2466 2356 2466 2355 2466 2384 2467 2355 2467 2385 2467 2385 2467 2355 2467 2354 2467 2385 3606 2354 3606 2386 3606 2386 3607 2354 3607 2353 3607 2386 3608 2353 3608 2387 3608 2387 3609 2353 3609 2352 3609 2042 3610 2040 3610 2357 3610 2357 3611 2040 3611 2038 3611 2357 3612 2038 3612 2351 3612 2351 3613 2038 3613 2036 3613 2351 3614 2036 3614 2345 3614 2345 3615 2036 3615 2035 3615 2345 3616 2035 3616 2344 3616 2344 3617 2035 3617 2033 3617 2344 3618 2033 3618 2032 3618 2044 3619 2043 3619 2265 3619 2265 2456 2043 2456 2382 2456 2265 2455 2382 2455 2264 2455 2264 3620 2382 3620 2383 3620 2264 3621 2383 3621 2263 3621 2263 3622 2383 3622 2384 3622 2263 3623 2384 3623 2262 3623 2262 3623 2384 3623 2385 3623 2262 3624 2385 3624 2261 3624 2261 3625 2385 3625 2386 3625 2261 3626 2386 3626 2243 3626 2243 3627 2386 3627 2387 3627 2243 2446 2387 2446 2211 2446 2211 3628 2387 3628 2352 3628 2211 3629 2352 3629 2210 3629 2210 3630 2352 3630 2346 3630 2210 3631 2346 3631 2209 3631 2209 3632 2346 3632 2335 3632 2209 3633 2335 3633 2208 3633 2208 3634 2335 3634 2334 3634 2208 3635 2334 3635 2207 3635 2207 2474 2334 2474 2381 2474 2207 2474 2381 2474 2206 2474 2206 2473 2381 2473 2233 2473 2388 3636 2047 3636 2046 3636 2225 3637 2248 3637 2242 3637 2242 3638 2248 3638 2389 3638 2242 3639 2389 3639 2240 3639 2240 3640 2389 3640 2390 3640 2240 2641 2390 2641 2251 2641 2251 2630 2390 2630 2391 2630 2251 2431 2391 2431 2255 2431 2255 3641 2391 3641 2392 3641 2255 3642 2392 3642 2260 3642 2260 3643 2392 3643 2388 3643 2260 2638 2388 2638 2265 2638 2265 3644 2388 3644 2046 3644 2265 3645 2046 3645 2044 3645 2224 3646 2247 3646 2248 3646 2248 2634 2247 2634 2393 2634 2248 3647 2393 3647 2389 3647 2389 3648 2393 3648 2394 3648 2389 3649 2394 3649 2390 3649 2390 3650 2394 3650 2395 3650 2390 2630 2395 2630 2391 2630 2391 3651 2395 3651 2396 3651 2391 3652 2396 3652 2392 3652 2392 3653 2396 3653 2397 3653 2392 3654 2397 3654 2388 3654 2388 3655 2397 3655 2049 3655 2388 3656 2049 3656 2047 3656 2223 3657 2246 3657 2247 3657 2247 3658 2246 3658 2398 3658 2247 3659 2398 3659 2393 3659 2393 3660 2398 3660 2399 3660 2393 3661 2399 3661 2394 3661 2394 3662 2399 3662 2400 3662 2394 3650 2400 3650 2395 3650 2395 3663 2400 3663 2401 3663 2395 3664 2401 3664 2396 3664 2396 3665 2401 3665 2402 3665 2396 3666 2402 3666 2397 3666 2397 3667 2402 3667 2050 3667 2397 3668 2050 3668 2049 3668 2222 3669 2245 3669 2246 3669 2246 3670 2245 3670 2403 3670 2246 3671 2403 3671 2398 3671 2398 3672 2403 3672 2404 3672 2398 3673 2404 3673 2399 3673 2399 2594 2404 2594 2405 2594 2399 3662 2405 3662 2400 3662 2400 3674 2405 3674 2406 3674 2400 3675 2406 3675 2401 3675 2401 3676 2406 3676 2239 3676 2401 2602 2239 2602 2402 2602 2402 3677 2239 3677 2053 3677 2402 3678 2053 3678 2050 3678 2221 3679 2358 3679 2245 3679 2245 2598 2358 2598 2359 2598 2245 3670 2359 3670 2403 3670 2403 3680 2359 3680 2360 3680 2403 3681 2360 3681 2404 3681 2404 2297 2360 2297 2361 2297 2404 2594 2361 2594 2405 2594 2405 2593 2361 2593 2362 2593 2405 3682 2362 3682 2406 3682 2406 3683 2362 3683 2363 3683 2406 3684 2363 3684 2239 3684 2239 3685 2363 3685 2056 3685 2239 3686 2056 3686 2054 3686 2126 1054 2021 1054 2022 1054 2018 1054 2135 1054 2134 1054 2126 1054 2125 1054 2021 1054 2021 1054 2125 1054 2124 1054 2021 1054 2124 1054 2020 1054 2018 1054 2134 1054 2025 1054 2135 1054 2018 1054 2112 1054 2112 1054 2018 1054 2017 1054 2112 1054 2017 1054 2113 1054 2015 1054 2014 1054 2119 1054 2124 1054 2123 1054 2020 1054 2020 1054 2123 1054 2122 1054 2020 1054 2122 1054 2019 1054 2019 1054 2122 1054 2121 1054 2019 1054 2121 1054 2014 1054 2014 1054 2121 1054 2120 1054 2014 1054 2120 1054 2119 1054 2023 1054 2128 1054 2022 1054 2022 1054 2128 1054 2127 1054 2022 1054 2127 1054 2126 1054 2024 1054 2130 1054 2023 1054 2023 1054 2130 1054 2129 1054 2023 1054 2129 1054 2128 1054 2134 1054 2133 1054 2025 1054 2025 1054 2133 1054 2132 1054 2025 1054 2132 1054 2024 1054 2024 1054 2132 1054 2131 1054 2024 1054 2131 1054 2130 1054 2119 1054 2118 1054 2015 1054 2015 1054 2118 1054 2117 1054 2015 1054 2117 1054 2016 1054 2117 1054 2116 1054 2016 1054 2016 1054 2116 1054 2115 1054 2016 1054 2115 1054 2017 1054 2017 1054 2115 1054 2114 1054 2017 1054 2114 1054 2113 1054 2145 772 823 772 824 772 825 772 2149 772 824 772 824 772 2149 772 2147 772 824 772 2147 772 2145 772 2136 772 833 772 2137 772 2137 772 833 772 832 772 2145 772 2143 772 823 772 823 772 2143 772 2141 772 823 772 2141 772 832 772 832 772 2141 772 2139 772 832 772 2139 772 2137 772 826 772 2153 772 825 772 825 772 2153 772 2151 772 825 772 2151 772 2149 772 827 772 2157 772 826 772 826 772 2157 772 2155 772 826 772 2155 772 2153 772 828 772 2161 772 827 772 827 772 2161 772 2159 772 827 772 2159 772 2157 772 831 772 2171 772 830 772 830 772 2171 772 2169 772 830 772 2169 772 829 772 2169 772 2167 772 829 772 829 772 2167 772 2165 772 829 772 2165 772 828 772 828 772 2165 772 2163 772 828 772 2163 772 2161 772 834 772 2175 772 831 772 831 772 2175 772 2173 772 831 772 2173 772 2171 772 2136 772 2181 772 833 772 833 772 2181 772 2179 772 833 772 2179 772 834 772 834 772 2179 772 2177 772 834 772 2177 772 2175 772 2407 3687 221 3687 2408 3687 2408 3687 221 3687 219 3687 2408 3687 219 3687 2409 3687 2409 3687 219 3687 215 3687 2409 3687 215 3687 2410 3687 2410 3687 215 3687 217 3687 2410 3687 217 3687 667 3687 670 3687 169 3687 2411 3687 2411 3687 169 3687 167 3687 2411 3687 167 3687 2412 3687 2412 3687 167 3687 163 3687 2412 3687 163 3687 2413 3687 2413 3687 163 3687 165 3687 2413 3687 165 3687 703 3687 706 3687 3 3687 2414 3687 2414 3687 3 3687 1 3687 2414 3687 1 3687 2415 3687 2415 3687 1 3687 21 3687 2415 3687 21 3687 2416 3687 2416 3687 21 3687 23 3687 2416 3687 23 3687 2417 3687 2418 3687 195 3687 2419 3687 2419 3687 195 3687 193 3687 2419 3687 193 3687 2420 3687 2420 3687 193 3687 189 3687 2420 3687 189 3687 2421 3687 2421 3687 189 3687 191 3687 2421 3687 191 3687 2422 3687 2423 3688 2417 3688 23 3688 534 3689 117 3689 2424 3689 195 3690 2418 3690 2425 3690 2426 3691 580 3691 579 3691 2426 3692 579 3692 2425 3692 2425 3693 579 3693 577 3693 2425 3694 577 3694 195 3694 195 3695 577 3695 629 3695 195 3696 629 3696 194 3696 194 3697 629 3697 628 3697 194 3698 628 3698 192 3698 117 3699 571 3699 2424 3699 2424 3700 571 3700 572 3700 2424 3701 572 3701 2426 3701 2426 3702 572 3702 573 3702 2426 3703 573 3703 580 3703 534 3704 2424 3704 533 3704 533 3705 2424 3705 2427 3705 533 3706 2427 3706 527 3706 20 3707 605 3707 22 3707 22 3708 605 3708 604 3708 22 3709 604 3709 23 3709 23 3710 604 3710 530 3710 23 3711 530 3711 2423 3711 2423 3712 530 3712 529 3712 2423 3713 529 3713 2427 3713 2427 3714 529 3714 528 3714 2427 3715 528 3715 527 3715 2428 3716 2422 3716 191 3716 570 3717 125 3717 2429 3717 221 3718 2407 3718 2430 3718 2431 3719 562 3719 561 3719 2431 3720 561 3720 2430 3720 2430 3721 561 3721 559 3721 2430 3722 559 3722 221 3722 221 3723 559 3723 615 3723 221 3724 615 3724 220 3724 220 3725 615 3725 614 3725 220 3726 614 3726 218 3726 125 3727 550 3727 2429 3727 2429 3728 550 3728 551 3728 2429 3729 551 3729 2431 3729 2431 3730 551 3730 552 3730 2431 3731 552 3731 562 3731 570 3732 2429 3732 569 3732 569 3733 2429 3733 2432 3733 569 3734 2432 3734 563 3734 188 3735 631 3735 190 3735 190 3736 631 3736 630 3736 190 3737 630 3737 191 3737 191 3738 630 3738 566 3738 191 3739 566 3739 2428 3739 2428 3740 566 3740 565 3740 2428 3741 565 3741 2432 3741 2432 3742 565 3742 564 3742 2432 3743 564 3743 563 3743 2433 3744 2434 3744 2435 3744 2435 3745 2434 3745 2436 3745 2433 3746 2437 3746 2434 3746 2434 3747 2437 3747 2438 3747 2434 3748 2438 3748 2439 3748 2439 3749 2438 3749 2440 3749 2440 3750 2441 3750 2439 3750 2439 3751 2441 3751 2442 3751 2439 3752 2442 3752 2443 3752 2443 3753 2442 3753 2444 3753 2445 3754 2446 3754 2447 3754 2445 3755 2447 3755 2448 3755 2448 3756 2447 3756 2449 3756 2449 3757 2447 3757 2450 3757 2449 3758 2450 3758 2451 3758 2452 3759 2453 3759 2454 3759 2454 3760 2453 3760 2455 3760 2454 3761 2455 3761 2456 3761 2446 3762 2452 3762 2447 3762 2447 3763 2452 3763 2454 3763 2447 3764 2454 3764 2457 3764 2457 3765 2454 3765 2434 3765 2457 3766 2434 3766 2458 3766 2458 3767 2434 3767 2439 3767 2459 3768 2460 3768 2461 3768 2462 3769 2463 3769 2464 3769 2465 3770 2466 3770 2467 3770 2467 3771 2466 3771 2468 3771 2465 3772 2467 3772 2469 3772 2469 3773 2467 3773 2470 3773 2469 3774 2470 3774 2471 3774 2471 3775 2470 3775 2472 3775 2471 3776 2472 3776 2473 3776 2460 3777 2462 3777 2461 3777 2461 3778 2462 3778 2464 3778 2461 3779 2464 3779 2472 3779 2472 3780 2464 3780 2474 3780 2472 3781 2474 3781 2473 3781 2475 3782 2476 3782 2477 3782 2477 3783 2476 3783 2459 3783 2478 3784 2479 3784 2480 3784 2480 3785 2481 3785 2478 3785 2478 3786 2481 3786 2482 3786 2478 3787 2482 3787 2483 3787 2483 3788 2484 3788 2478 3788 2478 3789 2484 3789 2485 3789 2478 3790 2485 3790 2475 3790 2479 3791 2478 3791 2486 3791 2486 3792 2478 3792 2487 3792 2486 3793 2487 3793 2488 3793 2488 3794 2487 3794 2489 3794 2488 3795 2489 3795 2490 3795 2490 3796 2489 3796 2491 3796 2490 3797 2491 3797 2492 3797 2491 3798 2493 3798 2494 3798 2492 3799 2491 3799 2495 3799 2495 3800 2491 3800 2494 3800 2495 3801 2494 3801 2496 3801 2497 3802 2498 3802 2499 3802 2499 3803 2498 3803 2500 3803 2499 3804 2500 3804 2501 3804 2468 3805 2502 3805 2467 3805 2467 3806 2502 3806 2503 3806 2467 3807 2503 3807 2504 3807 2475 3808 2477 3808 2478 3808 2478 3809 2477 3809 2505 3809 2478 3810 2505 3810 2487 3810 2487 3811 2505 3811 2506 3811 2487 3812 2506 3812 2489 3812 2489 3813 2506 3813 2499 3813 2489 3814 2499 3814 2491 3814 2491 3815 2499 3815 2501 3815 2491 3816 2501 3816 2493 3816 2459 3817 2461 3817 2477 3817 2477 3818 2461 3818 2472 3818 2477 3819 2472 3819 2505 3819 2505 3820 2472 3820 2470 3820 2505 3821 2470 3821 2506 3821 2506 3822 2470 3822 2467 3822 2506 3823 2467 3823 2499 3823 2499 3824 2467 3824 2504 3824 2499 3825 2504 3825 2497 3825 2507 3826 2508 3826 2509 3826 2510 3827 2511 3827 2512 3827 2513 3828 2514 3828 2515 3828 2515 3829 2514 3829 2516 3829 2515 3830 2516 3830 2517 3830 2517 3831 2516 3831 2518 3831 2517 3832 2518 3832 2519 3832 2512 3833 2511 3833 2520 3833 2509 3834 2508 3834 2521 3834 2507 3835 2509 3835 2522 3835 2522 3836 2509 3836 2523 3836 2522 3837 2523 3837 2524 3837 2524 3838 2523 3838 2525 3838 2524 3839 2525 3839 2526 3839 2511 3840 2527 3840 2520 3840 2520 3841 2527 3841 2528 3841 2520 3841 2528 3841 2529 3841 2529 3842 2528 3842 2530 3842 2529 3843 2530 3843 2531 3843 2531 3844 2530 3844 2532 3844 2531 3845 2532 3845 2533 3845 2519 3846 2518 3846 2533 3846 2533 3847 2518 3847 2534 3847 2533 3848 2534 3848 2531 3848 2531 3849 2534 3849 2535 3849 2531 3850 2535 3850 2529 3850 2529 3851 2535 3851 2536 3851 2529 3851 2536 3851 2520 3851 2520 3852 2536 3852 2521 3852 2520 3853 2521 3853 2512 3853 2512 3854 2521 3854 2508 3854 2512 3855 2508 3855 2510 3855 2537 3687 2538 3687 2539 3687 2540 3687 2541 3687 2542 3687 2542 3687 2541 3687 2538 3687 2542 3687 2538 3687 2543 3687 2543 3687 2538 3687 2537 3687 2544 3687 2545 3687 2546 3687 2546 3687 2545 3687 2547 3687 2548 3687 2549 3687 2550 3687 2550 3687 2549 3687 2551 3687 2552 3687 2553 3687 2554 3687 2536 3687 2535 3687 2555 3687 2555 3687 2535 3687 2556 3687 2557 3687 2509 3687 2555 3687 2555 3687 2509 3687 2521 3687 2555 3687 2521 3687 2536 3687 2558 3687 2559 3687 2560 3687 2560 3687 2559 3687 2561 3687 2560 3687 2561 3687 2539 3687 2539 3687 2561 3687 2562 3687 2539 3687 2562 3687 2537 3687 2558 3687 2560 3687 2563 3687 2563 3687 2560 3687 2564 3687 2563 3687 2564 3687 2565 3687 2545 3687 2566 3687 2547 3687 2547 3687 2566 3687 2567 3687 2547 3687 2567 3687 2564 3687 2564 3687 2567 3687 2568 3687 2564 3687 2568 3687 2565 3687 2569 3687 2570 3687 2571 3687 2571 3687 2570 3687 2551 3687 2571 3687 2551 3687 2572 3687 2572 3687 2551 3687 2549 3687 2552 3687 2554 3687 2573 3687 2535 3687 2534 3687 2556 3687 2556 3687 2534 3687 2518 3687 2556 3687 2518 3687 2574 3687 2540 3687 2526 3687 2541 3687 2541 3687 2526 3687 2525 3687 2541 3687 2525 3687 2557 3687 2557 3687 2525 3687 2523 3687 2557 3687 2523 3687 2509 3687 2544 3687 2546 3687 2575 3687 2575 3687 2546 3687 2576 3687 2575 3687 2576 3687 2577 3687 2578 3687 2579 3687 2576 3687 2576 3687 2579 3687 2580 3687 2576 3687 2580 3687 2577 3687 2554 3687 2581 3687 2573 3687 2573 3687 2581 3687 2582 3687 2573 3687 2582 3687 2550 3687 2550 3687 2582 3687 2583 3687 2550 3687 2583 3687 2548 3687 2518 3687 2516 3687 2574 3687 2574 3687 2516 3687 2514 3687 2574 3687 2514 3687 2552 3687 2552 3687 2514 3687 2513 3687 2552 3687 2513 3687 2553 3687 2569 3687 2584 3687 2570 3687 2570 3687 2584 3687 2585 3687 2570 3687 2585 3687 2578 3687 2578 3687 2585 3687 2586 3687 2578 3687 2586 3687 2579 3687 2587 3856 2588 3856 2589 3856 2587 3857 2589 3857 2590 3857 2590 3858 2589 3858 2591 3858 2591 3859 2589 3859 2592 3859 2591 3860 2592 3860 2593 3860 2594 3861 2595 3861 2596 3861 2596 3862 2595 3862 2597 3862 2596 3863 2597 3863 2598 3863 2599 3864 2600 3864 2601 3864 2601 3865 2600 3865 2602 3865 2599 3866 2603 3866 2600 3866 2600 3867 2603 3867 2604 3867 2600 3868 2604 3868 2605 3868 2605 3869 2604 3869 2606 3869 2606 3870 2607 3870 2605 3870 2605 3871 2607 3871 2608 3871 2605 3872 2608 3872 2609 3872 2609 3873 2608 3873 2610 3873 2588 3874 2594 3874 2589 3874 2589 3875 2594 3875 2596 3875 2589 3876 2596 3876 2611 3876 2611 3877 2596 3877 2600 3877 2611 3878 2600 3878 2612 3878 2612 3879 2600 3879 2605 3879 2613 3880 2614 3880 2615 3880 2613 3881 2615 3881 2616 3881 2616 3882 2615 3882 2617 3882 2617 3883 2615 3883 2618 3883 2617 3884 2618 3884 2619 3884 2620 3885 2621 3885 2622 3885 2622 3886 2621 3886 2623 3886 2622 3887 2623 3887 2624 3887 2625 3888 2626 3888 2627 3888 2627 3889 2626 3889 2628 3889 2625 3890 2629 3890 2626 3890 2626 3891 2629 3891 2630 3891 2626 3892 2630 3892 2631 3892 2631 3893 2630 3893 2632 3893 2632 3894 2633 3894 2631 3894 2631 3895 2633 3895 2634 3895 2631 3896 2634 3896 2635 3896 2635 3897 2634 3897 2636 3897 2614 3898 2620 3898 2615 3898 2615 3899 2620 3899 2622 3899 2615 3900 2622 3900 2637 3900 2637 3901 2622 3901 2626 3901 2637 3902 2626 3902 2638 3902 2638 3903 2626 3903 2631 3903 2639 3904 2640 3904 2641 3904 2639 3905 2641 3905 2642 3905 2642 3906 2641 3906 2643 3906 2643 3907 2641 3907 2644 3907 2643 3908 2644 3908 2645 3908 2646 3909 2647 3909 2648 3909 2648 3910 2647 3910 2649 3910 2648 3911 2649 3911 2650 3911 2651 3912 2652 3912 2653 3912 2653 3913 2652 3913 2654 3913 2651 3914 2655 3914 2652 3914 2652 3915 2655 3915 2656 3915 2652 3916 2656 3916 2657 3916 2657 3917 2656 3917 2658 3917 2658 3918 2659 3918 2657 3918 2657 3919 2659 3919 2660 3919 2657 3920 2660 3920 2661 3920 2661 3921 2660 3921 2662 3921 2640 3922 2646 3922 2641 3922 2641 3923 2646 3923 2648 3923 2641 3924 2648 3924 2663 3924 2663 3925 2648 3925 2652 3925 2663 3926 2652 3926 2664 3926 2664 3927 2652 3927 2657 3927 2665 3928 2666 3928 2667 3928 2668 3929 2669 3929 2670 3929 2670 3930 2669 3930 2665 3930 2671 3931 2672 3931 2673 3931 2673 3932 2672 3932 2668 3932 2674 3933 2675 3933 2676 3933 2676 3934 2677 3934 2674 3934 2674 3935 2677 3935 2678 3935 2674 3936 2678 3936 2679 3936 2679 3937 2680 3937 2674 3937 2674 3938 2680 3938 2681 3938 2674 3939 2681 3939 2671 3939 2675 3940 2674 3940 2682 3940 2682 3941 2674 3941 2683 3941 2682 3942 2683 3942 2684 3942 2684 3943 2683 3943 2685 3943 2684 3944 2685 3944 2686 3944 2686 3945 2685 3945 2687 3945 2686 3946 2687 3946 2688 3946 2687 3947 2689 3947 2690 3947 2688 3948 2687 3948 2691 3948 2691 3949 2687 3949 2690 3949 2691 3950 2690 3950 2692 3950 2693 3951 2694 3951 2695 3951 2695 3952 2694 3952 2696 3952 2695 3953 2696 3953 2697 3953 2698 3954 2699 3954 2700 3954 2700 3955 2699 3955 2701 3955 2700 3956 2701 3956 2702 3956 2665 3957 2667 3957 2670 3957 2670 3958 2667 3958 2703 3958 2670 3959 2703 3959 2704 3959 2704 3960 2703 3960 2705 3960 2704 3961 2705 3961 2706 3961 2706 3962 2705 3962 2707 3962 2706 3963 2707 3963 2700 3963 2700 3964 2707 3964 2708 3964 2700 3965 2708 3965 2698 3965 2671 3966 2673 3966 2674 3966 2674 3967 2673 3967 2709 3967 2674 3968 2709 3968 2683 3968 2683 3969 2709 3969 2710 3969 2683 3970 2710 3970 2685 3970 2685 3971 2710 3971 2695 3971 2685 3972 2695 3972 2687 3972 2687 3973 2695 3973 2697 3973 2687 3974 2697 3974 2689 3974 2668 3975 2670 3975 2673 3975 2673 3976 2670 3976 2704 3976 2673 3977 2704 3977 2709 3977 2709 3978 2704 3978 2706 3978 2709 3979 2706 3979 2710 3979 2710 3980 2706 3980 2700 3980 2710 3981 2700 3981 2695 3981 2695 3982 2700 3982 2702 3982 2695 3983 2702 3983 2693 3983 2711 3984 2712 3984 2713 3984 2714 3985 2715 3985 2716 3985 2716 3986 2715 3986 2711 3986 2717 3987 2718 3987 2719 3987 2719 3988 2718 3988 2714 3988 2720 3989 2721 3989 2722 3989 2722 3990 2723 3990 2720 3990 2720 3991 2723 3991 2724 3991 2720 3992 2724 3992 2725 3992 2725 3993 2726 3993 2720 3993 2720 3994 2726 3994 2727 3994 2720 3995 2727 3995 2717 3995 2721 3996 2720 3996 2728 3996 2728 3997 2720 3997 2729 3997 2728 3998 2729 3998 2730 3998 2730 3999 2729 3999 2731 3999 2730 4000 2731 4000 2732 4000 2732 4001 2731 4001 2733 4001 2732 4002 2733 4002 2734 4002 2733 4003 2735 4003 2736 4003 2734 4004 2733 4004 2737 4004 2737 4005 2733 4005 2736 4005 2737 4006 2736 4006 2738 4006 2739 4007 2740 4007 2741 4007 2741 4008 2740 4008 2742 4008 2741 4009 2742 4009 2743 4009 2744 4010 2745 4010 2746 4010 2746 4011 2745 4011 2747 4011 2746 4012 2747 4012 2748 4012 2711 4013 2713 4013 2716 4013 2716 4014 2713 4014 2749 4014 2716 4015 2749 4015 2750 4015 2750 4016 2749 4016 2751 4016 2750 4017 2751 4017 2752 4017 2752 4018 2751 4018 2753 4018 2752 4019 2753 4019 2746 4019 2746 4020 2753 4020 2754 4020 2746 4021 2754 4021 2744 4021 2717 4022 2719 4022 2720 4022 2720 4023 2719 4023 2755 4023 2720 4024 2755 4024 2729 4024 2729 4025 2755 4025 2756 4025 2729 4026 2756 4026 2731 4026 2731 4027 2756 4027 2741 4027 2731 4028 2741 4028 2733 4028 2733 4029 2741 4029 2743 4029 2733 4030 2743 4030 2735 4030 2714 4031 2716 4031 2719 4031 2719 4032 2716 4032 2750 4032 2719 4033 2750 4033 2755 4033 2755 4034 2750 4034 2752 4034 2755 4035 2752 4035 2756 4035 2756 4036 2752 4036 2746 4036 2756 4037 2746 4037 2741 4037 2741 4038 2746 4038 2748 4038 2741 4039 2748 4039 2739 4039 2757 4040 2758 4040 2759 4040 2760 4041 2761 4041 2762 4041 2763 4042 2764 4042 2765 4042 2763 4043 2765 4043 2766 4043 2766 4044 2765 4044 2767 4044 2767 4045 2765 4045 2768 4045 2767 4046 2768 4046 2769 4046 2769 4047 2768 4047 2770 4047 2769 4048 2770 4048 2771 4048 2758 4049 2760 4049 2759 4049 2759 4050 2760 4050 2762 4050 2759 4051 2762 4051 2770 4051 2770 4052 2762 4052 2772 4052 2770 4053 2772 4053 2771 4053 2773 4054 2774 4054 2775 4054 2775 4055 2774 4055 2757 4055 2776 4056 2777 4056 2778 4056 2778 4057 2779 4057 2776 4057 2776 4058 2779 4058 2780 4058 2776 4059 2780 4059 2781 4059 2781 4060 2782 4060 2776 4060 2776 4061 2782 4061 2783 4061 2776 4062 2783 4062 2773 4062 2777 4063 2776 4063 2784 4063 2784 4064 2776 4064 2785 4064 2784 4065 2785 4065 2786 4065 2786 4066 2785 4066 2787 4066 2786 4067 2787 4067 2788 4067 2788 4068 2787 4068 2789 4068 2788 4069 2789 4069 2790 4069 2789 4070 2791 4070 2792 4070 2790 4071 2789 4071 2793 4071 2793 4072 2789 4072 2792 4072 2793 4073 2792 4073 2794 4073 2795 4074 2796 4074 2797 4074 2797 4075 2796 4075 2798 4075 2799 4076 2800 4076 2796 4076 2796 4077 2800 4077 2801 4077 2796 4078 2801 4078 2798 4078 2773 4079 2775 4079 2776 4079 2776 4080 2775 4080 2802 4080 2776 4081 2802 4081 2785 4081 2785 4082 2802 4082 2803 4082 2785 4083 2803 4083 2787 4083 2787 4084 2803 4084 2796 4084 2787 4085 2796 4085 2789 4085 2789 4086 2796 4086 2795 4086 2789 4087 2795 4087 2791 4087 2757 4088 2759 4088 2775 4088 2775 4089 2759 4089 2770 4089 2775 4090 2770 4090 2802 4090 2802 4091 2770 4091 2768 4091 2802 4092 2768 4092 2803 4092 2803 4093 2768 4093 2765 4093 2803 4094 2765 4094 2796 4094 2796 4095 2765 4095 2764 4095 2796 4096 2764 4096 2799 4096 2804 4097 2451 4097 2450 4097 2443 4098 2444 4098 2805 4098 2805 4099 2444 4099 2806 4099 2443 4100 2805 4100 2439 4100 2439 4101 2805 4101 2807 4101 2439 4102 2807 4102 2458 4102 2458 4103 2807 4103 2808 4103 2458 4104 2808 4104 2457 4104 2809 4105 2804 4105 2810 4105 2810 4106 2804 4106 2450 4106 2810 4107 2450 4107 2808 4107 2808 4108 2450 4108 2447 4108 2808 4109 2447 4109 2457 4109 2811 4110 2812 4110 2813 4110 2814 4111 2815 4111 2816 4111 2814 4112 2816 4112 2817 4112 2815 4113 2818 4113 2816 4113 2816 4114 2818 4114 2819 4114 2816 4115 2819 4115 2820 4115 2821 4116 2822 4116 2823 4116 2823 4117 2822 4117 2824 4117 2823 4118 2824 4118 2825 4118 2825 4119 2824 4119 2826 4119 2825 4120 2826 4120 2827 4120 2827 4121 2826 4121 2828 4121 2827 4122 2828 4122 2816 4122 2816 4123 2828 4123 2829 4123 2816 4124 2829 4124 2817 4124 2830 4125 2821 4125 2831 4125 2831 4126 2821 4126 2823 4126 2831 4127 2823 4127 2832 4127 2832 4128 2823 4128 2833 4128 2834 4129 2833 4129 2835 4129 2836 4130 2837 4130 2835 4130 2835 4131 2837 4131 2838 4131 2835 4132 2838 4132 2834 4132 2806 4133 2839 4133 2805 4133 2805 4134 2839 4134 2840 4134 2805 4135 2840 4135 2836 4135 2836 4136 2835 4136 2805 4136 2805 4137 2835 4137 2841 4137 2805 4138 2841 4138 2807 4138 2807 4139 2841 4139 2842 4139 2807 4140 2842 4140 2808 4140 2808 4141 2842 4141 2811 4141 2808 4142 2811 4142 2810 4142 2810 4143 2811 4143 2813 4143 2810 4144 2813 4144 2809 4144 2833 4145 2823 4145 2835 4145 2835 4146 2823 4146 2825 4146 2835 4147 2825 4147 2841 4147 2841 4148 2825 4148 2827 4148 2841 4149 2827 4149 2842 4149 2842 4150 2827 4150 2816 4150 2842 4151 2816 4151 2811 4151 2811 4152 2816 4152 2820 4152 2811 4153 2820 4153 2812 4153 2843 4154 2593 4154 2592 4154 2844 4155 2845 4155 2846 4155 2847 4156 2848 4156 2849 4156 2847 4157 2849 4157 2850 4157 2848 4158 2851 4158 2849 4158 2849 4159 2851 4159 2852 4159 2849 4160 2852 4160 2853 4160 2854 4161 2855 4161 2856 4161 2856 4162 2855 4162 2857 4162 2856 4163 2857 4163 2858 4163 2858 4164 2857 4164 2859 4164 2858 4165 2859 4165 2860 4165 2860 4166 2859 4166 2861 4166 2860 4167 2861 4167 2849 4167 2849 4168 2861 4168 2862 4168 2849 4169 2862 4169 2850 4169 2863 4170 2854 4170 2864 4170 2864 4171 2854 4171 2856 4171 2864 4172 2856 4172 2865 4172 2865 4173 2856 4173 2866 4173 2867 4174 2866 4174 2868 4174 2869 4175 2870 4175 2868 4175 2868 4176 2870 4176 2871 4176 2868 4177 2871 4177 2867 4177 2872 4178 2873 4178 2874 4178 2874 4179 2873 4179 2869 4179 2609 4180 2610 4180 2874 4180 2874 4181 2610 4181 2875 4181 2874 4182 2875 4182 2872 4182 2609 4183 2874 4183 2605 4183 2605 4184 2874 4184 2876 4184 2605 4185 2876 4185 2612 4185 2612 4186 2876 4186 2877 4186 2612 4187 2877 4187 2611 4187 2878 4188 2843 4188 2879 4188 2879 4189 2843 4189 2592 4189 2879 4190 2592 4190 2877 4190 2877 4191 2592 4191 2589 4191 2877 4192 2589 4192 2611 4192 2869 4193 2868 4193 2874 4193 2874 4194 2868 4194 2880 4194 2874 4195 2880 4195 2876 4195 2876 4196 2880 4196 2881 4196 2876 4197 2881 4197 2877 4197 2877 4198 2881 4198 2844 4198 2877 4199 2844 4199 2879 4199 2879 4200 2844 4200 2846 4200 2879 4201 2846 4201 2878 4201 2866 4202 2856 4202 2868 4202 2868 4203 2856 4203 2858 4203 2868 4204 2858 4204 2880 4204 2880 4205 2858 4205 2860 4205 2880 4206 2860 4206 2881 4206 2881 4207 2860 4207 2849 4207 2881 4208 2849 4208 2844 4208 2844 4209 2849 4209 2853 4209 2844 4210 2853 4210 2845 4210 2882 4211 2645 4211 2644 4211 2883 4212 2884 4212 2885 4212 2886 4213 2887 4213 2888 4213 2886 4214 2888 4214 2889 4214 2887 4215 2890 4215 2888 4215 2888 4216 2890 4216 2891 4216 2888 4217 2891 4217 2892 4217 2893 4218 2894 4218 2895 4218 2895 4219 2894 4219 2896 4219 2895 4220 2896 4220 2897 4220 2897 4221 2896 4221 2898 4221 2897 4222 2898 4222 2899 4222 2899 4223 2898 4223 2900 4223 2899 4224 2900 4224 2888 4224 2888 4225 2900 4225 2901 4225 2888 4226 2901 4226 2889 4226 2902 4227 2893 4227 2903 4227 2903 4228 2893 4228 2895 4228 2903 4229 2895 4229 2904 4229 2904 4230 2895 4230 2905 4230 2906 4231 2905 4231 2907 4231 2908 4232 2909 4232 2907 4232 2907 4233 2909 4233 2910 4233 2907 4234 2910 4234 2906 4234 2911 4235 2912 4235 2913 4235 2913 4236 2912 4236 2908 4236 2661 4237 2662 4237 2913 4237 2913 4238 2662 4238 2914 4238 2913 4239 2914 4239 2911 4239 2661 4240 2913 4240 2657 4240 2657 4241 2913 4241 2915 4241 2657 4242 2915 4242 2664 4242 2664 4243 2915 4243 2916 4243 2664 4244 2916 4244 2663 4244 2917 4245 2882 4245 2918 4245 2918 4246 2882 4246 2644 4246 2918 4247 2644 4247 2916 4247 2916 4248 2644 4248 2641 4248 2916 4249 2641 4249 2663 4249 2908 4250 2907 4250 2913 4250 2913 4251 2907 4251 2919 4251 2913 4252 2919 4252 2915 4252 2915 4253 2919 4253 2920 4253 2915 4254 2920 4254 2916 4254 2916 4255 2920 4255 2883 4255 2916 4256 2883 4256 2918 4256 2918 4257 2883 4257 2885 4257 2918 4258 2885 4258 2917 4258 2905 4259 2895 4259 2907 4259 2907 4260 2895 4260 2897 4260 2907 4261 2897 4261 2919 4261 2919 4262 2897 4262 2899 4262 2919 4263 2899 4263 2920 4263 2920 4264 2899 4264 2888 4264 2920 4265 2888 4265 2883 4265 2883 4266 2888 4266 2892 4266 2883 4267 2892 4267 2884 4267 2921 4268 2619 4268 2618 4268 2635 4269 2636 4269 2922 4269 2922 4270 2636 4270 2923 4270 2922 4271 2923 4271 2924 4271 2635 4272 2922 4272 2631 4272 2631 4273 2922 4273 2925 4273 2631 4274 2925 4274 2638 4274 2638 4275 2925 4275 2926 4275 2638 4276 2926 4276 2637 4276 2927 4277 2921 4277 2928 4277 2928 4278 2921 4278 2618 4278 2928 4279 2618 4279 2926 4279 2926 4280 2618 4280 2615 4280 2926 4281 2615 4281 2637 4281 2929 4282 2930 4282 2931 4282 2932 4283 2933 4283 2934 4283 2932 4284 2934 4284 2935 4284 2933 4285 2936 4285 2934 4285 2934 4286 2936 4286 2937 4286 2934 4287 2937 4287 2938 4287 2939 4288 2940 4288 2941 4288 2941 4289 2940 4289 2942 4289 2941 4290 2942 4290 2943 4290 2943 4291 2942 4291 2944 4291 2943 4292 2944 4292 2945 4292 2945 4293 2944 4293 2946 4293 2945 4294 2946 4294 2934 4294 2934 4295 2946 4295 2947 4295 2934 4296 2947 4296 2935 4296 2948 4297 2939 4297 2949 4297 2949 4298 2939 4298 2941 4298 2949 4299 2941 4299 2950 4299 2950 4300 2941 4300 2951 4300 2951 4301 2952 4301 2953 4301 2953 4302 2952 4302 2954 4302 2924 4303 2955 4303 2952 4303 2955 4304 2956 4304 2952 4304 2952 4305 2956 4305 2957 4305 2952 4306 2957 4306 2954 4306 2924 4307 2952 4307 2922 4307 2922 4308 2952 4308 2958 4308 2922 4309 2958 4309 2925 4309 2925 4310 2958 4310 2959 4310 2925 4311 2959 4311 2926 4311 2926 4312 2959 4312 2929 4312 2926 4313 2929 4313 2928 4313 2928 4314 2929 4314 2931 4314 2928 4315 2931 4315 2927 4315 2951 4316 2941 4316 2952 4316 2952 4317 2941 4317 2943 4317 2952 4318 2943 4318 2958 4318 2958 4319 2943 4319 2945 4319 2958 4320 2945 4320 2959 4320 2959 4321 2945 4321 2934 4321 2959 4322 2934 4322 2929 4322 2929 4323 2934 4323 2938 4323 2929 4324 2938 4324 2930 4324 2960 4325 2961 4325 2558 4325 2962 4326 2963 4326 2964 4326 2964 4327 2963 4327 2965 4327 2558 4328 2961 4328 2559 4328 2960 4329 2558 4329 2966 4329 2966 4330 2558 4330 2563 4330 2966 4331 2563 4331 2967 4331 2967 4332 2563 4332 2565 4332 2967 4333 2565 4333 2568 4333 2526 4334 2540 4334 2968 4334 2968 4335 2540 4335 2542 4335 2968 4336 2542 4336 2969 4336 2969 4337 2542 4337 2543 4337 2969 4338 2543 4338 2970 4338 2963 4339 2971 4339 2965 4339 2965 4340 2971 4340 2972 4340 2965 4340 2972 4340 2973 4340 2973 4341 2972 4341 2974 4341 2973 4342 2974 4342 2975 4342 2975 4343 2974 4343 2976 4343 2975 4344 2976 4344 2977 4344 2970 4345 2543 4345 2977 4345 2977 4346 2543 4346 2537 4346 2977 4347 2537 4347 2975 4347 2975 4348 2537 4348 2562 4348 2975 4349 2562 4349 2973 4349 2973 4350 2562 4350 2561 4350 2973 4350 2561 4350 2965 4350 2965 4351 2561 4351 2559 4351 2965 4352 2559 4352 2964 4352 2964 4353 2559 4353 2961 4353 2964 4354 2961 4354 2962 4354 2978 4355 2979 4355 2581 4355 2980 4356 2981 4356 2982 4356 2584 4357 2569 4357 2983 4357 2983 4358 2569 4358 2571 4358 2983 4359 2571 4359 2984 4359 2984 4360 2571 4360 2572 4360 2984 4361 2572 4361 2985 4361 2982 4362 2981 4362 2986 4362 2581 4363 2979 4363 2582 4363 2978 4364 2581 4364 2987 4364 2987 4365 2581 4365 2554 4365 2987 4366 2554 4366 2988 4366 2988 4367 2554 4367 2553 4367 2988 4368 2553 4368 2513 4368 2981 4369 2989 4369 2986 4369 2986 4370 2989 4370 2990 4370 2986 4371 2990 4371 2991 4371 2991 4372 2990 4372 2992 4372 2991 4373 2992 4373 2993 4373 2993 4374 2992 4374 2994 4374 2993 4375 2994 4375 2995 4375 2985 4376 2572 4376 2995 4376 2995 4377 2572 4377 2549 4377 2995 4378 2549 4378 2993 4378 2993 4379 2549 4379 2548 4379 2993 4380 2548 4380 2991 4380 2991 4381 2548 4381 2583 4381 2991 4382 2583 4382 2986 4382 2986 4383 2583 4383 2582 4383 2986 4384 2582 4384 2982 4384 2982 4385 2582 4385 2979 4385 2982 4386 2979 4386 2980 4386 2996 4387 2997 4387 2579 4387 2998 4388 2999 4388 3000 4388 3000 4389 2999 4389 3001 4389 2579 4390 2997 4390 2580 4390 2996 4391 2579 4391 3002 4391 3002 4392 2579 4392 2586 4392 3002 4393 2586 4393 3003 4393 3003 4394 2586 4394 2585 4394 3003 4395 2585 4395 2584 4395 2568 4396 2567 4396 3004 4396 3004 4397 2567 4397 2566 4397 3004 4398 2566 4398 3005 4398 3005 4399 2566 4399 2545 4399 3005 4400 2545 4400 3006 4400 2999 4401 3007 4401 3001 4401 3001 4402 3007 4402 3008 4402 3001 4402 3008 4402 3009 4402 3009 4403 3008 4403 3010 4403 3009 4404 3010 4404 3011 4404 3011 4405 3010 4405 3012 4405 3011 4406 3012 4406 3013 4406 3006 4407 2545 4407 3013 4407 3013 4408 2545 4408 2544 4408 3013 4409 2544 4409 3011 4409 3011 4410 2544 4410 2575 4410 3011 4411 2575 4411 3009 4411 3009 4412 2575 4412 2577 4412 3009 4412 2577 4412 3001 4412 3001 4413 2577 4413 2580 4413 3001 4414 2580 4414 3000 4414 3000 4415 2580 4415 2997 4415 3000 4416 2997 4416 2998 4416 3014 4417 3015 4417 2474 4417 3014 4418 2474 4418 3016 4418 3016 4419 2474 4419 3017 4419 3017 4420 2474 4420 2464 4420 3017 4421 2464 4421 2463 4421 3018 4422 3019 4422 2528 4422 2528 4423 3019 4423 3020 4423 2528 4424 3020 4424 2530 4424 3021 4425 2527 4425 3022 4425 3022 4426 2527 4426 2511 4426 3021 4427 3023 4427 2527 4427 2527 4428 3023 4428 3024 4428 2527 4429 3024 4429 2469 4429 2469 4430 3024 4430 3025 4430 3025 4431 3026 4431 2469 4431 2469 4432 3026 4432 3027 4432 2469 4433 3027 4433 2465 4433 2465 4434 3027 4434 2466 4434 3015 4435 3018 4435 2474 4435 2474 4436 3018 4436 2528 4436 2474 4437 2528 4437 2473 4437 2473 4438 2528 4438 2527 4438 2473 4439 2527 4439 2471 4439 2471 4440 2527 4440 2469 4440 3028 4441 3029 4441 2703 4441 3028 4442 2703 4442 3030 4442 3030 4443 2703 4443 3031 4443 3031 4444 2703 4444 2667 4444 3031 4445 2667 4445 2666 4445 3032 4446 3033 4446 2972 4446 2972 4447 3033 4447 3034 4447 2972 4448 3034 4448 2974 4448 3035 4449 3036 4449 2705 4449 2963 4450 3037 4450 2971 4450 2971 4451 3037 4451 3038 4451 2971 4452 3038 4452 3039 4452 3036 4453 3040 4453 2705 4453 2705 4454 3040 4454 3041 4454 2705 4455 3041 4455 2707 4455 2707 4456 3041 4456 2708 4456 3029 4457 3032 4457 2703 4457 2703 4458 3032 4458 2972 4458 2703 4459 2972 4459 2705 4459 2705 4460 2972 4460 2971 4460 2705 4461 2971 4461 3035 4461 3035 4462 2971 4462 3039 4462 3042 4463 3043 4463 2772 4463 3042 4464 2772 4464 3044 4464 3044 4465 2772 4465 3045 4465 3045 4466 2772 4466 2762 4466 3045 4467 2762 4467 2761 4467 3046 4468 3047 4468 2990 4468 2990 4469 3047 4469 3048 4469 2990 4470 3048 4470 2992 4470 2989 4471 2981 4471 3049 4471 3049 4472 3050 4472 2989 4472 2989 4473 3050 4473 3051 4473 2989 4474 3051 4474 3052 4474 3053 4475 3054 4475 2769 4475 2769 4476 3054 4476 3055 4476 2769 4477 3055 4477 2767 4477 2767 4478 3055 4478 2766 4478 3043 4479 3046 4479 2772 4479 2772 4480 3046 4480 2990 4480 2772 4481 2990 4481 2771 4481 2771 4482 2990 4482 2989 4482 2771 4483 2989 4483 2769 4483 2769 4484 2989 4484 3052 4484 2769 4485 3052 4485 3053 4485 3056 4486 3057 4486 2749 4486 3056 4487 2749 4487 3058 4487 3058 4488 2749 4488 3059 4488 3059 4489 2749 4489 2713 4489 3059 4490 2713 4490 2712 4490 3060 4491 3061 4491 3008 4491 3008 4492 3061 4492 3062 4492 3008 4493 3062 4493 3010 4493 2999 4494 3063 4494 3007 4494 3007 4495 3063 4495 3064 4495 3007 4496 3064 4496 3065 4496 2751 4497 3066 4497 3067 4497 3067 4498 3068 4498 2751 4498 2751 4499 3068 4499 3069 4499 2751 4500 3069 4500 2753 4500 2753 4501 3069 4501 2754 4501 3057 4502 3060 4502 2749 4502 2749 4503 3060 4503 3008 4503 2749 4504 3008 4504 2751 4504 2751 4505 3008 4505 3007 4505 2751 4506 3007 4506 3066 4506 3066 4507 3007 4507 3065 4507 2793 4508 2901 4508 2790 4508 2790 4509 2901 4509 2900 4509 2790 4510 2900 4510 2788 4510 2788 4511 2900 4511 2898 4511 2788 4512 2898 4512 2786 4512 2786 4513 2898 4513 2896 4513 2893 4514 2778 4514 2894 4514 2894 4515 2778 4515 2777 4515 2894 4516 2777 4516 2896 4516 2896 4517 2777 4517 2784 4517 2896 4518 2784 4518 2786 4518 2760 4519 3070 4519 2761 4519 2761 4519 3070 4519 3071 4519 2761 4520 3071 4520 3045 4520 3045 4521 3071 4521 3072 4521 3045 4522 3072 4522 3044 4522 3073 4519 2914 4519 3074 4519 3074 4519 2914 4519 2662 4519 3074 4519 2662 4519 3075 4519 3075 4523 2662 4523 2660 4523 3075 4524 2660 4524 3076 4524 3076 4525 2660 4525 2659 4525 3076 4526 2659 4526 3077 4526 3077 4519 2659 4519 3044 4519 3077 4527 3044 4527 3078 4527 3078 4528 3044 4528 3072 4528 3044 4529 2659 4529 3042 4529 3042 4530 2659 4530 2658 4530 3042 4531 2658 4531 3043 4531 3043 4532 2658 4532 2656 4532 3043 4533 2656 4533 3046 4533 3046 4534 2656 4534 2655 4534 3046 4535 2655 4535 3047 4535 3047 4536 2655 4536 2651 4536 3021 4537 2595 4537 3023 4537 3023 4538 2595 4538 2594 4538 3023 4539 2594 4539 3024 4539 3024 4540 2594 4540 2588 4540 3024 4541 2588 4541 3025 4541 3025 4542 2588 4542 2587 4542 3025 4543 2587 4543 3026 4543 3026 4544 2587 4544 2590 4544 2496 4545 2494 4545 2848 4545 2468 4546 3079 4546 2502 4546 2502 4547 3079 4547 3080 4547 2502 4548 3080 4548 2503 4548 3080 4549 3081 4549 2503 4549 2503 4550 3081 4550 3082 4550 2503 4551 3082 4551 2504 4551 2504 4552 3082 4552 2497 4552 2497 4553 2845 4553 2498 4553 2498 4554 2845 4554 2853 4554 2498 4555 2853 4555 2500 4555 2500 4556 2853 4556 2501 4556 2501 4557 2853 4557 2852 4557 2501 4558 2852 4558 2851 4558 2848 4559 2494 4559 2851 4559 2851 4560 2494 4560 2493 4560 2851 4561 2493 4561 2501 4561 2862 4562 2495 4562 2850 4562 2850 4563 2495 4563 2496 4563 2850 4564 2496 4564 2847 4564 2847 4565 2496 4565 2848 4565 3083 4566 2843 4566 3084 4566 3084 4567 2843 4567 2878 4567 3084 4568 2878 4568 3085 4568 3085 4569 2878 4569 2846 4569 3085 4570 2846 4570 3086 4570 3086 4571 2846 4571 2845 4571 3086 4572 2845 4572 3087 4572 3087 4573 2845 4573 2497 4573 3087 4574 2497 4574 3088 4574 3088 4575 2497 4575 3082 4575 2495 4576 2862 4576 2492 4576 2492 4577 2862 4577 2861 4577 2492 4578 2861 4578 2490 4578 2490 4579 2861 4579 2859 4579 2490 4580 2859 4580 2488 4580 2488 4581 2859 4581 2857 4581 2854 4582 2480 4582 2855 4582 2855 4583 2480 4583 2479 4583 2855 4584 2479 4584 2857 4584 2857 4585 2479 4585 2486 4585 2857 4586 2486 4586 2488 4586 3089 4587 2875 4587 3090 4587 3090 4588 2875 4588 2610 4588 3090 4588 2610 4588 3091 4588 3091 4589 2610 4589 2608 4589 3091 4590 2608 4590 3092 4590 3092 4591 2608 4591 2607 4591 3092 4592 2607 4592 3093 4592 3093 4588 2607 4588 3016 4588 2462 4588 3094 4588 2463 4588 2463 4588 3094 4588 3095 4588 2463 4593 3095 4593 3017 4593 3017 4594 3095 4594 3096 4594 3017 4595 3096 4595 3016 4595 3016 4596 3096 4596 3097 4596 3016 4597 3097 4597 3093 4597 3016 4598 2607 4598 3014 4598 3014 4599 2607 4599 2606 4599 3014 4600 2606 4600 3015 4600 3015 4601 2606 4601 2604 4601 3015 4602 2604 4602 3018 4602 3018 4603 2604 4603 2603 4603 3018 4604 2603 4604 3019 4604 3019 4605 2603 4605 2599 4605 3050 4606 2647 4606 3051 4606 3051 4607 2647 4607 2646 4607 3051 4608 2646 4608 3052 4608 3052 4609 2646 4609 2640 4609 3052 4610 2640 4610 3053 4610 3053 4611 2640 4611 2639 4611 3053 4612 2639 4612 3054 4612 3054 4613 2639 4613 2642 4613 2794 4614 2792 4614 2887 4614 2763 4615 3098 4615 2764 4615 2764 4616 3098 4616 3099 4616 2764 4617 3099 4617 2799 4617 3099 4618 3100 4618 2799 4618 2799 4619 3100 4619 3101 4619 2799 4620 3101 4620 2800 4620 2800 4621 3101 4621 2801 4621 2801 4622 2884 4622 2798 4622 2798 4623 2884 4623 2892 4623 2798 4624 2892 4624 2797 4624 2797 4625 2892 4625 2795 4625 2795 4626 2892 4626 2891 4626 2795 4627 2891 4627 2890 4627 2887 4628 2792 4628 2890 4628 2890 4629 2792 4629 2791 4629 2890 4630 2791 4630 2795 4630 2901 4631 2793 4631 2889 4631 2889 4632 2793 4632 2794 4632 2889 4633 2794 4633 2886 4633 2886 4634 2794 4634 2887 4634 3102 4635 2882 4635 3103 4635 3103 4636 2882 4636 2917 4636 3103 4637 2917 4637 3104 4637 3104 4638 2917 4638 2885 4638 3104 4639 2885 4639 3105 4639 3105 4640 2885 4640 2884 4640 3105 4641 2884 4641 3106 4641 3106 4642 2884 4642 2801 4642 3106 4643 2801 4643 3107 4643 3107 4644 2801 4644 3101 4644 3064 4645 2621 4645 3065 4645 3065 4646 2621 4646 2620 4646 3065 4647 2620 4647 3066 4647 3066 4648 2620 4648 2614 4648 3066 4649 2614 4649 3067 4649 3067 4650 2614 4650 2613 4650 3067 4651 2613 4651 3068 4651 3068 4652 2613 4652 2616 4652 2738 4653 2736 4653 2933 4653 2744 4654 3108 4654 2745 4654 2745 4655 3108 4655 3109 4655 2745 4656 3109 4656 2747 4656 3109 4657 3110 4657 2747 4657 2747 4658 3110 4658 3111 4658 2747 4659 3111 4659 2748 4659 2748 4660 3111 4660 2739 4660 2739 4661 2930 4661 2740 4661 2740 4662 2930 4662 2938 4662 2740 4663 2938 4663 2742 4663 2742 4664 2938 4664 2743 4664 2743 4665 2938 4665 2937 4665 2743 4666 2937 4666 2936 4666 2933 4667 2736 4667 2936 4667 2936 4668 2736 4668 2735 4668 2936 4669 2735 4669 2743 4669 2947 4670 2737 4670 2935 4670 2935 4671 2737 4671 2738 4671 2935 4672 2738 4672 2932 4672 2932 4673 2738 4673 2933 4673 3112 4674 2921 4674 3113 4674 3113 4675 2921 4675 2927 4675 3113 4676 2927 4676 3114 4676 3114 4677 2927 4677 2931 4677 3114 4678 2931 4678 3115 4678 3115 4679 2931 4679 2930 4679 3115 4680 2930 4680 3116 4680 3116 4681 2930 4681 2739 4681 3116 4682 2739 4682 3117 4682 3117 4683 2739 4683 3111 4683 2737 4684 2947 4684 2734 4684 2734 4685 2947 4685 2946 4685 2734 4686 2946 4686 2732 4686 2732 4687 2946 4687 2944 4687 2732 4688 2944 4688 2730 4688 2730 4689 2944 4689 2942 4689 2939 4690 2722 4690 2940 4690 2940 4691 2722 4691 2721 4691 2940 4692 2721 4692 2942 4692 2942 4693 2721 4693 2728 4693 2942 4694 2728 4694 2730 4694 2711 4695 3118 4695 2712 4695 2712 4695 3118 4695 3119 4695 2712 4696 3119 4696 3059 4696 3059 4697 3119 4697 3120 4697 3059 4698 3120 4698 3058 4698 3121 4699 2923 4699 3122 4699 3122 4695 2923 4695 2636 4695 3122 4695 2636 4695 3123 4695 3123 4700 2636 4700 2634 4700 3123 4701 2634 4701 3124 4701 3124 4702 2634 4702 2633 4702 3124 4703 2633 4703 3125 4703 3125 4695 2633 4695 3058 4695 3125 4704 3058 4704 3126 4704 3126 4705 3058 4705 3120 4705 3058 4706 2633 4706 3056 4706 3056 4707 2633 4707 2632 4707 3056 4708 2632 4708 3057 4708 3057 4709 2632 4709 2630 4709 3057 4710 2630 4710 3060 4710 3060 4711 2630 4711 2629 4711 3060 4712 2629 4712 3061 4712 3061 4713 2629 4713 2625 4713 2967 4714 2568 4714 2420 4714 2422 4715 2428 4715 2456 4715 2967 4716 2420 4716 2966 4716 2966 4717 2420 4717 2421 4717 2966 4718 2421 4718 2960 4718 3006 4719 2419 4719 3005 4719 3005 4720 2419 4720 2420 4720 3005 4721 2420 4721 3004 4721 3004 4722 2420 4722 2568 4722 2628 4723 2425 4723 2418 4723 3006 4724 3013 4724 2419 4724 2419 4725 3013 4725 3012 4725 2419 4726 3012 4726 2418 4726 2418 4727 3012 4727 3010 4727 2418 4728 3010 4728 2628 4728 2628 4729 3010 4729 3062 4729 2628 4730 3062 4730 2627 4730 2627 4731 3062 4731 3061 4731 2627 4732 3061 4732 2625 4732 2453 4733 3038 4733 2455 4733 2455 4734 3038 4734 3037 4734 2455 4735 3037 4735 2456 4735 2456 4736 3037 4736 2963 4736 2456 4737 2963 4737 2422 4737 2422 4738 2963 4738 2962 4738 2422 4739 2962 4739 2421 4739 2421 4740 2962 4740 2961 4740 2421 4741 2961 4741 2960 4741 3038 4742 2453 4742 3039 4742 3039 4743 2453 4743 2452 4743 3039 4744 2452 4744 3035 4744 3035 4745 2452 4745 2446 4745 3035 4746 2446 4746 3036 4746 3036 4747 2446 4747 2445 4747 3036 4748 2445 4748 3040 4748 3040 4749 2445 4749 2448 4749 2524 4750 2526 4750 2409 4750 667 4751 666 4751 2598 4751 2524 4752 2409 4752 2522 4752 2522 4753 2409 4753 2410 4753 2522 4754 2410 4754 2507 4754 2970 4755 2408 4755 2969 4755 2969 4756 2408 4756 2409 4756 2969 4757 2409 4757 2968 4757 2968 4758 2409 4758 2526 4758 2436 4759 2430 4759 2407 4759 2970 4760 2977 4760 2408 4760 2408 4761 2977 4761 2976 4761 2408 4762 2976 4762 2407 4762 2407 4763 2976 4763 2974 4763 2407 4764 2974 4764 2436 4764 2436 4765 2974 4765 3034 4765 2436 4766 3034 4766 2435 4766 2435 4767 3034 4767 3033 4767 2435 4768 3033 4768 2433 4768 2595 4769 3021 4769 2597 4769 2597 4770 3021 4770 3022 4770 2597 4771 3022 4771 2598 4771 2598 4772 3022 4772 2511 4772 2598 4773 2511 4773 667 4773 667 4774 2511 4774 2510 4774 667 4775 2510 4775 2410 4775 2410 4776 2510 4776 2508 4776 2410 4777 2508 4777 2507 4777 2692 4778 2690 4778 2815 4778 2698 4779 3127 4779 2699 4779 2699 4780 3127 4780 3128 4780 2699 4781 3128 4781 2701 4781 3128 4782 3129 4782 2701 4782 2701 4783 3129 4783 3130 4783 2701 4784 3130 4784 2702 4784 2702 4785 3130 4785 2693 4785 2693 4786 2812 4786 2694 4786 2694 4787 2812 4787 2820 4787 2694 4788 2820 4788 2696 4788 2696 4789 2820 4789 2697 4789 2697 4790 2820 4790 2819 4790 2697 4791 2819 4791 2818 4791 2815 4792 2690 4792 2818 4792 2818 4793 2690 4793 2689 4793 2818 4794 2689 4794 2697 4794 2829 4795 2691 4795 2817 4795 2817 4796 2691 4796 2692 4796 2817 4797 2692 4797 2814 4797 2814 4798 2692 4798 2815 4798 3131 4799 2804 4799 3132 4799 3132 4800 2804 4800 2809 4800 3132 4801 2809 4801 3133 4801 3133 4802 2809 4802 2813 4802 3133 4803 2813 4803 3134 4803 3134 4804 2813 4804 2812 4804 3134 4805 2812 4805 3135 4805 3135 4806 2812 4806 2693 4806 3135 4807 2693 4807 3136 4807 3136 4808 2693 4808 3130 4808 3030 4809 2441 4809 3028 4809 3028 4810 2441 4810 2440 4810 3028 4811 2440 4811 3029 4811 3029 4812 2440 4812 2438 4812 3029 4813 2438 4813 3032 4813 3032 4814 2438 4814 2437 4814 3032 4815 2437 4815 3033 4815 3033 4816 2437 4816 2433 4816 2691 4817 2829 4817 2688 4817 2688 4818 2829 4818 2828 4818 2688 4819 2828 4819 2686 4819 2686 4820 2828 4820 2826 4820 2686 4821 2826 4821 2684 4821 2684 4822 2826 4822 2824 4822 2821 4823 2676 4823 2822 4823 2822 4824 2676 4824 2675 4824 2822 4825 2675 4825 2824 4825 2824 4826 2675 4826 2682 4826 2824 4827 2682 4827 2684 4827 3137 4828 2806 4828 3138 4828 3138 4828 2806 4828 2444 4828 3138 4828 2444 4828 3139 4828 3139 4829 2444 4829 2442 4829 3139 4830 2442 4830 3140 4830 3140 4831 2442 4831 2441 4831 3140 4832 2441 4832 3141 4832 3141 4828 2441 4828 3030 4828 2665 4828 3142 4828 2666 4828 2666 4828 3142 4828 3143 4828 2666 4833 3143 4833 3031 4833 3031 4834 3143 4834 3144 4834 3031 4835 3144 4835 3030 4835 3030 4836 3144 4836 3145 4836 3030 4837 3145 4837 3141 4837 2863 4838 2864 4838 2483 4838 3146 4839 3147 4839 2870 4839 2875 4840 3089 4840 2872 4840 2872 4841 3089 4841 3148 4841 2872 4842 3148 4842 2873 4842 2873 4843 3148 4843 3146 4843 2873 4844 3146 4844 2869 4844 2869 4845 3146 4845 2870 4845 2870 4846 2476 4846 2871 4846 2871 4847 2476 4847 2475 4847 2871 4848 2475 4848 2867 4848 2867 4849 2475 4849 2866 4849 2866 4850 2475 4850 2485 4850 2866 4851 2485 4851 2484 4851 2483 4852 2864 4852 2484 4852 2484 4853 2864 4853 2865 4853 2484 4854 2865 4854 2866 4854 2480 4855 2854 4855 2481 4855 2481 4856 2854 4856 2863 4856 2481 4857 2863 4857 2482 4857 2482 4858 2863 4858 2483 4858 3094 4859 2462 4859 3149 4859 3149 4860 2462 4860 2460 4860 3149 4861 2460 4861 3150 4861 3150 4862 2460 4862 2459 4862 3150 4863 2459 4863 3151 4863 3151 4864 2459 4864 2476 4864 3151 4865 2476 4865 3152 4865 3152 4866 2476 4866 2870 4866 3152 4867 2870 4867 3153 4867 3153 4868 2870 4868 3147 4868 2882 4695 3102 4695 2645 4695 2645 4869 3102 4869 3154 4869 2645 4870 3154 4870 2643 4870 2643 4871 3154 4871 3155 4871 2643 4872 3155 4872 2642 4872 3098 4695 2763 4695 3156 4695 3156 4695 2763 4695 2766 4695 3156 4699 2766 4699 3157 4699 3157 4873 2766 4873 3055 4873 3157 4874 3055 4874 3158 4874 3158 4875 3055 4875 3054 4875 3158 4876 3054 4876 3159 4876 3159 4877 3054 4877 2642 4877 3159 4878 2642 4878 3160 4878 3160 4879 2642 4879 3155 4879 3161 4880 3156 4880 3162 4880 3162 4881 3156 4881 3157 4881 3162 4882 3157 4882 3163 4882 3163 4883 3157 4883 3158 4883 3163 4883 3158 4883 3164 4883 3164 4884 3158 4884 3159 4884 3164 4884 3159 4884 3165 4884 3165 4885 3159 4885 3160 4885 3165 4885 3160 4885 3166 4885 3166 4886 3160 4886 3155 4886 3166 4886 3155 4886 3167 4886 3167 4887 3155 4887 3154 4887 3167 4888 3154 4888 3168 4888 3168 4889 3154 4889 3102 4889 3168 4890 3102 4890 3169 4890 3101 4891 3100 4891 3170 4891 3170 4892 3100 4892 3099 4892 3170 4893 3099 4893 3161 4893 3161 4894 3099 4894 3098 4894 3161 4895 3098 4895 3156 4895 3101 4896 3170 4896 3107 4896 3107 4897 3170 4897 3171 4897 3107 4898 3171 4898 3106 4898 3106 4899 3171 4899 3105 4899 3105 4900 3171 4900 3172 4900 3105 4901 3172 4901 3104 4901 3169 4902 3102 4902 3172 4902 3172 4903 3102 4903 3103 4903 3172 4904 3103 4904 3104 4904 2843 4519 3083 4519 2593 4519 2593 4905 3083 4905 3173 4905 2593 4906 3173 4906 2591 4906 2591 4907 3173 4907 3174 4907 2591 4908 3174 4908 2590 4908 3079 4519 2468 4519 3175 4519 3175 4519 2468 4519 2466 4519 3175 4519 2466 4519 3176 4519 3176 4909 2466 4909 3027 4909 3176 4910 3027 4910 3177 4910 3177 4911 3027 4911 3026 4911 3177 4912 3026 4912 3178 4912 3178 4913 3026 4913 2590 4913 3178 4914 2590 4914 3179 4914 3179 4915 2590 4915 3174 4915 2830 4916 2831 4916 2679 4916 3180 4917 3181 4917 2837 4917 2806 4918 3137 4918 2839 4918 2839 4919 3137 4919 3182 4919 2839 4920 3182 4920 2840 4920 2840 4921 3182 4921 3180 4921 2840 4922 3180 4922 2836 4922 2836 4923 3180 4923 2837 4923 2837 4924 2672 4924 2838 4924 2838 4925 2672 4925 2671 4925 2838 4926 2671 4926 2834 4926 2834 4927 2671 4927 2833 4927 2833 4928 2671 4928 2681 4928 2833 4929 2681 4929 2680 4929 2679 4930 2831 4930 2680 4930 2680 4931 2831 4931 2832 4931 2680 4932 2832 4932 2833 4932 2676 4933 2821 4933 2677 4933 2677 4934 2821 4934 2830 4934 2677 4935 2830 4935 2678 4935 2678 4936 2830 4936 2679 4936 3142 4937 2665 4937 3183 4937 3183 4938 2665 4938 2669 4938 3183 4939 2669 4939 3184 4939 3184 4940 2669 4940 2668 4940 3184 4941 2668 4941 3185 4941 3185 4942 2668 4942 2672 4942 3185 4943 2672 4943 3186 4943 3186 4944 2672 4944 2837 4944 3186 4945 2837 4945 3187 4945 3187 4946 2837 4946 3181 4946 3188 4947 3175 4947 3189 4947 3189 4948 3175 4948 3176 4948 3189 4949 3176 4949 3190 4949 3190 4950 3176 4950 3177 4950 3190 4950 3177 4950 3191 4950 3191 4951 3177 4951 3178 4951 3191 4951 3178 4951 3192 4951 3192 4952 3178 4952 3179 4952 3192 4952 3179 4952 3193 4952 3193 4953 3179 4953 3174 4953 3193 4953 3174 4953 3194 4953 3194 4954 3174 4954 3173 4954 3194 4955 3173 4955 3195 4955 3195 4956 3173 4956 3083 4956 3195 4957 3083 4957 3196 4957 3082 4958 3081 4958 3197 4958 3197 4959 3081 4959 3080 4959 3197 4960 3080 4960 3188 4960 3188 4961 3080 4961 3079 4961 3188 4962 3079 4962 3175 4962 3082 4963 3197 4963 3088 4963 3088 4964 3197 4964 3198 4964 3088 4965 3198 4965 3087 4965 3087 4966 3198 4966 3086 4966 3086 4967 3198 4967 3199 4967 3086 4968 3199 4968 3085 4968 3196 4969 3083 4969 3199 4969 3199 4970 3083 4970 3084 4970 3199 4971 3084 4971 3085 4971 2948 4972 2949 4972 2725 4972 3200 4973 3201 4973 2957 4973 2923 4974 3121 4974 2924 4974 2924 4975 3121 4975 3202 4975 2924 4976 3202 4976 2955 4976 2955 4977 3202 4977 3200 4977 2955 4978 3200 4978 2956 4978 2956 4979 3200 4979 2957 4979 2957 4980 2718 4980 2954 4980 2954 4981 2718 4981 2717 4981 2954 4982 2717 4982 2953 4982 2953 4983 2717 4983 2951 4983 2951 4984 2717 4984 2727 4984 2951 4985 2727 4985 2726 4985 2725 4986 2949 4986 2726 4986 2726 4987 2949 4987 2950 4987 2726 4988 2950 4988 2951 4988 2722 4989 2939 4989 2723 4989 2723 4990 2939 4990 2948 4990 2723 4991 2948 4991 2724 4991 2724 4992 2948 4992 2725 4992 3118 4993 2711 4993 3203 4993 3203 4994 2711 4994 2715 4994 3203 4995 2715 4995 3204 4995 3204 4996 2715 4996 2714 4996 3204 4997 2714 4997 3205 4997 3205 4998 2714 4998 2718 4998 3205 4999 2718 4999 3206 4999 3206 5000 2718 5000 2957 5000 3206 5001 2957 5001 3207 5001 3207 5002 2957 5002 3201 5002 3127 4588 2698 4588 3208 4588 3208 4588 2698 4588 2708 4588 3208 4587 2708 4587 3209 4587 3209 5003 2708 5003 3041 5003 3209 5004 3041 5004 3210 5004 3210 5005 3041 5005 3040 5005 3210 5006 3040 5006 3211 5006 3211 5007 3040 5007 2448 5007 2804 4588 3131 4588 2451 4588 2451 5008 3131 5008 3212 5008 2451 5009 3212 5009 2449 5009 2449 5010 3212 5010 3213 5010 2449 5011 3213 5011 2448 5011 2448 5012 3213 5012 3214 5012 2448 5013 3214 5013 3211 5013 3215 5014 3208 5014 3216 5014 3216 5015 3208 5015 3209 5015 3216 5016 3209 5016 3217 5016 3217 5017 3209 5017 3210 5017 3217 5017 3210 5017 3218 5017 3218 5018 3210 5018 3211 5018 3218 5018 3211 5018 3219 5018 3219 5019 3211 5019 3214 5019 3219 5019 3214 5019 3220 5019 3220 5020 3214 5020 3213 5020 3220 5020 3213 5020 3221 5020 3221 5021 3213 5021 3212 5021 3221 5022 3212 5022 3222 5022 3222 5023 3212 5023 3131 5023 3222 5024 3131 5024 3223 5024 3130 5025 3129 5025 3224 5025 3224 5026 3129 5026 3128 5026 3224 5027 3128 5027 3215 5027 3215 5028 3128 5028 3127 5028 3215 5029 3127 5029 3208 5029 3130 5030 3224 5030 3136 5030 3136 5031 3224 5031 3225 5031 3136 5032 3225 5032 3135 5032 3135 5033 3225 5033 3134 5033 3134 5034 3225 5034 3226 5034 3134 5035 3226 5035 3133 5035 3223 5036 3131 5036 3226 5036 3226 5037 3131 5037 3132 5037 3226 5038 3132 5038 3133 5038 2902 5039 2903 5039 2781 5039 3227 5040 3228 5040 2909 5040 2914 5041 3073 5041 2911 5041 2911 5042 3073 5042 3229 5042 2911 5043 3229 5043 2912 5043 2912 5044 3229 5044 3227 5044 2912 5045 3227 5045 2908 5045 2908 5046 3227 5046 2909 5046 2909 5047 2774 5047 2910 5047 2910 5048 2774 5048 2773 5048 2910 5049 2773 5049 2906 5049 2906 5050 2773 5050 2905 5050 2905 5051 2773 5051 2783 5051 2905 5052 2783 5052 2782 5052 2781 5053 2903 5053 2782 5053 2782 5054 2903 5054 2904 5054 2782 5055 2904 5055 2905 5055 2778 5056 2893 5056 2779 5056 2779 5057 2893 5057 2902 5057 2779 5058 2902 5058 2780 5058 2780 5059 2902 5059 2781 5059 3070 5060 2760 5060 3230 5060 3230 5061 2760 5061 2758 5061 3230 5062 2758 5062 3231 5062 3231 5063 2758 5063 2757 5063 3231 5064 2757 5064 3232 5064 3232 5065 2757 5065 2774 5065 3232 5066 2774 5066 3233 5066 3233 5067 2774 5067 2909 5067 3233 5068 2909 5068 3234 5068 3234 5069 2909 5069 3228 5069 3108 4828 2744 4828 3235 4828 3235 4828 2744 4828 2754 4828 3235 4828 2754 4828 3236 4828 3236 5070 2754 5070 3069 5070 3236 5071 3069 5071 3237 5071 3237 5072 3069 5072 3068 5072 3237 5073 3068 5073 3238 5073 3238 5074 3068 5074 2616 5074 2921 4828 3112 4828 2619 4828 2619 5075 3112 5075 3239 5075 2619 5076 3239 5076 2617 5076 2617 5077 3239 5077 3240 5077 2617 5078 3240 5078 2616 5078 2616 5079 3240 5079 3241 5079 2616 5080 3241 5080 3238 5080 3242 5081 3235 5081 3243 5081 3243 5082 3235 5082 3236 5082 3243 5083 3236 5083 3244 5083 3244 5084 3236 5084 3237 5084 3244 5084 3237 5084 3245 5084 3245 5085 3237 5085 3238 5085 3245 5085 3238 5085 3246 5085 3246 5086 3238 5086 3241 5086 3246 5086 3241 5086 3247 5086 3247 5087 3241 5087 3240 5087 3247 5087 3240 5087 3248 5087 3248 5088 3240 5088 3239 5088 3248 5089 3239 5089 3249 5089 3249 5090 3239 5090 3112 5090 3249 5091 3112 5091 3250 5091 3111 5092 3110 5092 3251 5092 3251 5093 3110 5093 3109 5093 3251 5094 3109 5094 3242 5094 3242 5095 3109 5095 3108 5095 3242 5096 3108 5096 3235 5096 3111 5097 3251 5097 3117 5097 3117 5098 3251 5098 3252 5098 3117 5099 3252 5099 3116 5099 3116 5100 3252 5100 3115 5100 3115 5101 3252 5101 3253 5101 3115 5102 3253 5102 3114 5102 3250 5103 3112 5103 3253 5103 3253 5104 3112 5104 3113 5104 3253 5105 3113 5105 3114 5105 3254 5106 3255 5106 3089 5106 3089 5107 3255 5107 3148 5107 3148 5108 3255 5108 3256 5108 3148 5109 3256 5109 3146 5109 3257 5110 3153 5110 3256 5110 3256 5111 3153 5111 3147 5111 3256 5112 3147 5112 3146 5112 3258 5113 3151 5113 3257 5113 3257 5114 3151 5114 3152 5114 3257 5115 3152 5115 3153 5115 3094 5116 3149 5116 3258 5116 3258 5117 3149 5117 3150 5117 3258 5118 3150 5118 3151 5118 3089 5119 3090 5119 3254 5119 3254 5120 3090 5120 3091 5120 3254 5121 3091 5121 3259 5121 3259 4886 3091 4886 3092 4886 3259 4886 3092 4886 3260 4886 3260 4885 3092 4885 3093 4885 3260 4885 3093 4885 3261 4885 3261 4884 3093 4884 3097 4884 3261 4884 3097 4884 3262 4884 3262 4883 3097 4883 3096 4883 3262 4883 3096 4883 3263 4883 3263 5122 3096 5122 3095 5122 3263 5123 3095 5123 3264 5123 3264 5124 3095 5124 3094 5124 3264 5125 3094 5125 3265 5125 3265 5126 3094 5126 3258 5126 3266 5127 3267 5127 3268 5127 3267 5128 3269 5128 3268 5128 3268 5129 3269 5129 3270 5129 3268 5130 3270 5130 3271 5130 3270 5131 3272 5131 3271 5131 3271 5132 3272 5132 3273 5132 3271 5133 3273 5133 3274 5133 3273 5134 3275 5134 3274 5134 3274 5135 3275 5135 3276 5135 3274 5136 3276 5136 3277 5136 3277 5137 3276 5137 3278 5137 3277 5138 3278 5138 3279 5138 3279 5139 3278 5139 3280 5139 3279 5140 3280 5140 3281 5140 3281 5141 3280 5141 3282 5141 3282 5142 3283 5142 3281 5142 3281 5143 3283 5143 3284 5143 3281 5144 3284 5144 3285 5144 3284 5145 3286 5145 3285 5145 3285 5146 3286 5146 3287 5146 3285 5147 3287 5147 3288 5147 3287 5148 3289 5148 3288 5148 3288 5149 3289 5149 3290 5149 3288 5150 3290 5150 3291 5150 3291 5151 3290 5151 3292 5151 3290 5152 3293 5152 3292 5152 3292 5153 3293 5153 3294 5153 3292 5154 3294 5154 3295 5154 3295 5155 3294 5155 3296 5155 3296 5156 3297 5156 3295 5156 3295 5157 3297 5157 3298 5157 3295 5158 3298 5158 3299 5158 3298 5159 3300 5159 3299 5159 3299 5160 3300 5160 3301 5160 3299 5161 3301 5161 3302 5161 3302 5162 3301 5162 3303 5162 3302 5163 3303 5163 3304 5163 3304 5164 3303 5164 3305 5164 3304 5165 3305 5165 3306 5165 3306 5166 3305 5166 3307 5166 3308 5167 3309 5167 3310 5167 3310 5168 3309 5168 3306 5168 3310 5169 3306 5169 3311 5169 3311 5170 3306 5170 3307 5170 3312 5171 3313 5171 3314 5171 3314 5172 3313 5172 3315 5172 3314 5173 3315 5173 3316 5173 3316 5174 3315 5174 3317 5174 3316 5175 3317 5175 3318 5175 3318 5176 3317 5176 3319 5176 3318 5177 3319 5177 3320 5177 3320 5178 3319 5178 3321 5178 3321 5179 3322 5179 3320 5179 3320 5180 3322 5180 3323 5180 3320 5181 3323 5181 3324 5181 3268 5182 3325 5182 3266 5182 3266 5183 3325 5183 3326 5183 3266 5184 3326 5184 3327 5184 3327 5185 3326 5185 3324 5185 3327 5186 3324 5186 3328 5186 3328 5187 3324 5187 3323 5187 3309 5188 3329 5188 3330 5188 3309 5189 3330 5189 3306 5189 3306 5190 3330 5190 3331 5190 3306 5191 3331 5191 3304 5191 3304 5192 3331 5192 3332 5192 3304 5193 3332 5193 3302 5193 3302 5194 3332 5194 3333 5194 3302 5195 3333 5195 3299 5195 3299 5196 3333 5196 3334 5196 3299 5197 3334 5197 3295 5197 3295 5198 3334 5198 3335 5198 3295 5199 3335 5199 3292 5199 3292 5200 3335 5200 3336 5200 3292 5201 3336 5201 3291 5201 3291 5202 3336 5202 3337 5202 3291 5203 3337 5203 3288 5203 3288 5204 3337 5204 3338 5204 3288 5205 3338 5205 3285 5205 3285 5206 3338 5206 3339 5206 3285 5207 3339 5207 3281 5207 3281 5208 3339 5208 3340 5208 3281 5209 3340 5209 3279 5209 3279 5210 3340 5210 3341 5210 3279 5211 3341 5211 3277 5211 3277 5212 3341 5212 3342 5212 3277 5213 3342 5213 3274 5213 3274 5214 3342 5214 3343 5214 3274 5215 3343 5215 3271 5215 3271 5216 3343 5216 3344 5216 3271 5217 3344 5217 3268 5217 3268 5218 3344 5218 3345 5218 3268 5219 3345 5219 3325 5219 3325 5220 3345 5220 3346 5220 3325 5221 3346 5221 3326 5221 3326 5222 3346 5222 3347 5222 3326 5223 3347 5223 3324 5223 3324 5224 3347 5224 3348 5224 3324 5225 3348 5225 3320 5225 3320 5226 3348 5226 3349 5226 3320 5227 3349 5227 3318 5227 3318 5228 3349 5228 3350 5228 3318 5229 3350 5229 3316 5229 3316 5230 3350 5230 3351 5230 3316 5231 3351 5231 3314 5231 3352 5232 3353 5232 3329 5232 3353 5233 3354 5233 3329 5233 3329 5234 3354 5234 3355 5234 3329 5235 3355 5235 3330 5235 3330 5236 3355 5236 3356 5236 3330 5237 3356 5237 3331 5237 3331 5238 3356 5238 3357 5238 3331 5239 3357 5239 3332 5239 3332 5240 3357 5240 3358 5240 3332 5241 3358 5241 3333 5241 3333 5242 3358 5242 3359 5242 3333 5243 3359 5243 3334 5243 3334 5244 3359 5244 3360 5244 3334 5245 3360 5245 3335 5245 3335 5246 3360 5246 3361 5246 3335 5247 3361 5247 3336 5247 3336 5248 3361 5248 3362 5248 3336 5249 3362 5249 3337 5249 3337 5250 3362 5250 3363 5250 3337 5251 3363 5251 3338 5251 3338 5252 3363 5252 3364 5252 3338 5253 3364 5253 3339 5253 3339 5254 3364 5254 3365 5254 3339 5255 3365 5255 3340 5255 3340 5256 3365 5256 3366 5256 3340 5257 3366 5257 3341 5257 3341 5258 3366 5258 3367 5258 3341 5259 3367 5259 3342 5259 3342 5260 3367 5260 3368 5260 3342 5261 3368 5261 3343 5261 3343 5262 3368 5262 3369 5262 3343 5263 3369 5263 3344 5263 3344 5264 3369 5264 3370 5264 3344 5265 3370 5265 3345 5265 3345 5266 3370 5266 3371 5266 3345 5267 3371 5267 3346 5267 3346 5268 3371 5268 3372 5268 3346 5269 3372 5269 3347 5269 3347 5270 3372 5270 3373 5270 3347 5271 3373 5271 3348 5271 3348 5272 3373 5272 3374 5272 3348 5273 3374 5273 3349 5273 3349 5274 3374 5274 3375 5274 3349 5275 3375 5275 3350 5275 3350 5276 3375 5276 3352 5276 3350 5277 3352 5277 3351 5277 3351 5278 3352 5278 3329 5278 3351 5279 3329 5279 3314 5279 3314 5280 3329 5280 3309 5280 3314 5281 3309 5281 3312 5281 3312 5282 3309 5282 3308 5282 3376 5283 3377 5283 3378 5283 3378 5284 3377 5284 3379 5284 3378 5285 3379 5285 3380 5285 3380 5286 3379 5286 3381 5286 3380 5287 3381 5287 3382 5287 3382 5288 3381 5288 3383 5288 3382 5289 3383 5289 3384 5289 3384 5290 3383 5290 3385 5290 3384 5291 3385 5291 3386 5291 3386 5292 3385 5292 3387 5292 3386 5293 3387 5293 3388 5293 3388 5294 3387 5294 3389 5294 3388 5295 3389 5295 3390 5295 3390 5296 3389 5296 3391 5296 3390 5297 3391 5297 3392 5297 3392 5298 3391 5298 3393 5298 3392 5299 3393 5299 3394 5299 3394 5300 3393 5300 3395 5300 3394 5301 3395 5301 3396 5301 3396 5302 3395 5302 3397 5302 3396 5303 3397 5303 3398 5303 3398 5304 3397 5304 3399 5304 3398 5305 3399 5305 3400 5305 3400 5306 3399 5306 3401 5306 3400 5307 3401 5307 3402 5307 3402 5308 3401 5308 3403 5308 3402 5309 3403 5309 3404 5309 3404 5310 3403 5310 3405 5310 3404 5311 3405 5311 3406 5311 3406 5312 3405 5312 3407 5312 3406 5313 3407 5313 3408 5313 3408 5314 3407 5314 3409 5314 3408 5315 3409 5315 3410 5315 3410 5316 3409 5316 3411 5316 3410 5317 3411 5317 3412 5317 3412 5318 3411 5318 3413 5318 3412 5319 3413 5319 3414 5319 3414 5320 3413 5320 3415 5320 3414 5321 3415 5321 3416 5321 3416 5322 3415 5322 3417 5322 3416 5323 3417 5323 3418 5323 3418 5324 3417 5324 3419 5324 3418 5325 3419 5325 3420 5325 3420 5326 3419 5326 3421 5326 3420 5327 3421 5327 3422 5327 3422 5328 3421 5328 3376 5328 3422 5329 3376 5329 3378 5329 3388 5330 3423 5330 3386 5330 3386 5331 3423 5331 3424 5331 3386 5332 3424 5332 3384 5332 3384 5333 3424 5333 3425 5333 3384 5334 3425 5334 3382 5334 3382 5335 3425 5335 3426 5335 3382 5336 3426 5336 3380 5336 3380 5337 3426 5337 3427 5337 3380 5338 3427 5338 3378 5338 3378 5339 3427 5339 3428 5339 3378 5340 3428 5340 3422 5340 3422 5341 3428 5341 3429 5341 3422 5342 3429 5342 3420 5342 3420 5343 3429 5343 3430 5343 3420 5344 3430 5344 3418 5344 3418 5345 3430 5345 3431 5345 3418 5346 3431 5346 3416 5346 3416 5347 3431 5347 3432 5347 3416 5348 3432 5348 3414 5348 3414 5349 3432 5349 3433 5349 3414 5350 3433 5350 3412 5350 3412 5351 3433 5351 3434 5351 3412 5352 3434 5352 3410 5352 3410 5353 3434 5353 3435 5353 3410 5354 3435 5354 3408 5354 3408 5355 3435 5355 3436 5355 3408 5356 3436 5356 3406 5356 3406 5357 3436 5357 3437 5357 3406 5358 3437 5358 3404 5358 3404 5359 3437 5359 3438 5359 3404 5360 3438 5360 3402 5360 3402 5361 3438 5361 3439 5361 3402 5362 3439 5362 3400 5362 3400 5363 3439 5363 3440 5363 3400 5364 3440 5364 3398 5364 3398 5365 3440 5365 3441 5365 3398 5366 3441 5366 3396 5366 3396 5367 3441 5367 3442 5367 3396 5368 3442 5368 3394 5368 3394 5369 3442 5369 3443 5369 3394 5370 3443 5370 3392 5370 3392 5371 3443 5371 3444 5371 3392 5372 3444 5372 3390 5372 3390 5373 3444 5373 3445 5373 3390 5374 3445 5374 3388 5374 3388 5375 3445 5375 3423 5375 3446 5376 3443 5376 3447 5376 3447 5377 3443 5377 3442 5377 3447 5378 3442 5378 3448 5378 3448 5379 3442 5379 3441 5379 3448 5380 3441 5380 3449 5380 3449 5381 3441 5381 3440 5381 3449 5382 3440 5382 3450 5382 3450 5383 3440 5383 3439 5383 3450 5384 3439 5384 3451 5384 3451 5385 3439 5385 3438 5385 3451 5386 3438 5386 3452 5386 3452 5387 3438 5387 3453 5387 3453 5388 3438 5388 3454 5388 3454 5389 3438 5389 3437 5389 3454 5390 3437 5390 3455 5390 3455 5391 3437 5391 3436 5391 3455 5392 3436 5392 3456 5392 3456 5393 3436 5393 3435 5393 3456 5394 3435 5394 3457 5394 3457 5395 3435 5395 3434 5395 3457 5396 3434 5396 3458 5396 3459 5397 3460 5397 3429 5397 3429 5398 3460 5398 3461 5398 3429 5399 3461 5399 3430 5399 3430 5400 3461 5400 3462 5400 3430 5401 3462 5401 3431 5401 3431 5402 3462 5402 3463 5402 3431 5403 3463 5403 3432 5403 3432 5404 3463 5404 3464 5404 3432 5405 3464 5405 3433 5405 3433 5406 3464 5406 3465 5406 3433 5407 3465 5407 3434 5407 3434 5408 3465 5408 3466 5408 3434 5409 3466 5409 3458 5409 3459 5410 3429 5410 3467 5410 3467 5411 3429 5411 3428 5411 3467 5412 3428 5412 3468 5412 3468 5413 3428 5413 3427 5413 3468 5414 3427 5414 3469 5414 3469 5415 3427 5415 3426 5415 3469 5416 3426 5416 3470 5416 3470 5417 3426 5417 3425 5417 3470 5418 3425 5418 3471 5418 3471 5419 3425 5419 3424 5419 3471 5420 3424 5420 3472 5420 3446 5421 3473 5421 3443 5421 3443 5422 3473 5422 3474 5422 3443 5423 3474 5423 3444 5423 3444 5424 3474 5424 3475 5424 3444 5425 3475 5425 3445 5425 3445 5426 3475 5426 3476 5426 3445 5427 3476 5427 3423 5427 3423 5428 3476 5428 3477 5428 3423 5429 3477 5429 3424 5429 3424 5430 3477 5430 3478 5430 3424 5431 3478 5431 3472 5431 3294 5432 3293 5432 3479 5432 3480 5433 3481 5433 3482 5433 3452 5434 3453 5434 3483 5434 3472 5435 3478 5435 3484 5435 3485 5436 3462 5436 3461 5436 3486 5437 3463 5437 3462 5437 3487 5438 3464 5438 3463 5438 3488 5439 3465 5439 3464 5439 3482 5440 3466 5440 3465 5440 3472 5441 3484 5441 3471 5441 3452 5442 3483 5442 3451 5442 3466 5443 3482 5443 3458 5443 3458 5444 3482 5444 3481 5444 3458 5445 3481 5445 3457 5445 3456 5446 3457 5446 3489 5446 3489 5447 3457 5447 3481 5447 3489 5448 3481 5448 3490 5448 3490 5449 3481 5449 3480 5449 3490 5450 3480 5450 3491 5450 3455 5451 3456 5451 3492 5451 3492 5452 3456 5452 3489 5452 3492 5453 3489 5453 3493 5453 3493 5454 3489 5454 3490 5454 3493 5455 3490 5455 3494 5455 3494 5456 3490 5456 3491 5456 3494 5457 3491 5457 3495 5457 3454 5458 3455 5458 3496 5458 3496 5459 3455 5459 3492 5459 3496 5460 3492 5460 3497 5460 3497 5461 3492 5461 3493 5461 3497 5462 3493 5462 3498 5462 3498 5463 3493 5463 3494 5463 3498 5464 3494 5464 3499 5464 3499 5464 3494 5464 3495 5464 3499 5465 3495 5465 3500 5465 3453 5466 3454 5466 3483 5466 3483 5467 3454 5467 3496 5467 3483 5468 3496 5468 3501 5468 3501 5469 3496 5469 3497 5469 3501 5470 3497 5470 3502 5470 3502 5471 3497 5471 3498 5471 3502 5472 3498 5472 3503 5472 3503 5472 3498 5472 3499 5472 3503 5473 3499 5473 3504 5473 3504 5474 3499 5474 3500 5474 3504 5475 3500 5475 3505 5475 3506 5476 3507 5476 3508 5476 3509 5477 3507 5477 3510 5477 3510 5478 3507 5478 3506 5478 3510 5479 3506 5479 3511 5479 3512 5480 3509 5480 3513 5480 3513 5481 3509 5481 3510 5481 3513 5482 3510 5482 3514 5482 3514 5483 3510 5483 3511 5483 3514 5484 3511 5484 3515 5484 3516 5485 3512 5485 3517 5485 3517 5486 3512 5486 3513 5486 3517 5487 3513 5487 3518 5487 3518 5488 3513 5488 3514 5488 3518 5489 3514 5489 3519 5489 3519 5489 3514 5489 3515 5489 3519 5490 3515 5490 3520 5490 3521 5491 3522 5491 3523 5491 3523 5492 3522 5492 3524 5492 3523 5493 3524 5493 3525 5493 3525 5494 3524 5494 3526 5494 3525 5495 3526 5495 3527 5495 3527 5495 3526 5495 3528 5495 3527 5496 3528 5496 3529 5496 3529 5497 3528 5497 3530 5497 3529 5498 3530 5498 3531 5498 3531 5499 3530 5499 3532 5499 3522 5500 3533 5500 3524 5500 3524 5501 3533 5501 3534 5501 3524 5502 3534 5502 3526 5502 3526 5503 3534 5503 3535 5503 3526 5504 3535 5504 3528 5504 3528 5504 3535 5504 3536 5504 3528 5505 3536 5505 3530 5505 3530 5506 3536 5506 3537 5506 3530 5507 3537 5507 3532 5507 3532 5508 3537 5508 3538 5508 3533 5509 3539 5509 3534 5509 3534 5510 3539 5510 3540 5510 3534 5511 3540 5511 3535 5511 3535 5512 3540 5512 3541 5512 3535 5513 3541 5513 3536 5513 3536 5513 3541 5513 3542 5513 3536 5514 3542 5514 3537 5514 3537 5515 3542 5515 3543 5515 3537 5516 3543 5516 3538 5516 3538 5517 3543 5517 3544 5517 3478 5518 3477 5518 3484 5518 3484 5519 3477 5519 3545 5519 3484 5520 3545 5520 3546 5520 3546 5521 3545 5521 3547 5521 3546 5522 3547 5522 3548 5522 3548 5523 3547 5523 3549 5523 3548 5524 3549 5524 3550 5524 3550 5524 3549 5524 3551 5524 3550 5525 3551 5525 3552 5525 3552 5526 3551 5526 3553 5526 3552 5527 3553 5527 3554 5527 3554 5528 3553 5528 3555 5528 3477 5529 3476 5529 3545 5529 3545 5530 3476 5530 3556 5530 3545 5531 3556 5531 3547 5531 3547 5532 3556 5532 3557 5532 3547 5533 3557 5533 3549 5533 3549 5534 3557 5534 3558 5534 3549 5535 3558 5535 3551 5535 3551 5535 3558 5535 3559 5535 3551 5536 3559 5536 3553 5536 3553 5537 3559 5537 3560 5537 3553 5538 3560 5538 3555 5538 3555 5539 3560 5539 3561 5539 3476 5540 3475 5540 3556 5540 3556 5541 3475 5541 3562 5541 3556 5542 3562 5542 3557 5542 3557 5543 3562 5543 3563 5543 3557 5544 3563 5544 3558 5544 3558 5545 3563 5545 3564 5545 3558 5546 3564 5546 3559 5546 3559 5546 3564 5546 3565 5546 3559 5547 3565 5547 3560 5547 3560 5548 3565 5548 3566 5548 3560 5549 3566 5549 3561 5549 3561 5550 3566 5550 3567 5550 3475 5551 3474 5551 3562 5551 3562 5552 3474 5552 3568 5552 3562 5553 3568 5553 3563 5553 3563 5554 3568 5554 3569 5554 3563 5555 3569 5555 3564 5555 3564 5556 3569 5556 3570 5556 3564 5557 3570 5557 3565 5557 3565 5557 3570 5557 3571 5557 3565 5558 3571 5558 3566 5558 3566 5559 3571 5559 3572 5559 3566 5560 3572 5560 3567 5560 3567 5561 3572 5561 3573 5561 3574 5562 3575 5562 3576 5562 3576 5563 3575 5563 3577 5563 3576 5564 3577 5564 3578 5564 3578 5565 3577 5565 3579 5565 3578 5566 3579 5566 3580 5566 3580 5566 3579 5566 3581 5566 3580 5567 3581 5567 3582 5567 3582 5568 3581 5568 3583 5568 3582 5569 3583 5569 3584 5569 3584 5570 3583 5570 3585 5570 3575 5571 3586 5571 3577 5571 3577 5572 3586 5572 3587 5572 3577 5573 3587 5573 3579 5573 3579 5574 3587 5574 3588 5574 3579 5575 3588 5575 3581 5575 3581 5575 3588 5575 3589 5575 3581 5576 3589 5576 3583 5576 3583 5577 3589 5577 3590 5577 3583 5578 3590 5578 3585 5578 3585 5579 3590 5579 3591 5579 3586 5580 3592 5580 3587 5580 3587 5581 3592 5581 3593 5581 3587 5582 3593 5582 3588 5582 3588 5583 3593 5583 3594 5583 3588 5584 3594 5584 3589 5584 3589 5584 3594 5584 3595 5584 3589 5585 3595 5585 3590 5585 3590 5586 3595 5586 3596 5586 3590 5587 3596 5587 3591 5587 3591 5588 3596 5588 3597 5588 3598 5589 3520 5589 3599 5589 3599 5590 3520 5590 3515 5590 3599 5591 3515 5591 3600 5591 3600 5484 3515 5484 3511 5484 3600 5592 3511 5592 3601 5592 3601 5593 3511 5593 3506 5593 3601 5594 3506 5594 3602 5594 3602 5595 3506 5595 3508 5595 3602 5596 3508 5596 3603 5596 3603 5597 3508 5597 3297 5597 3603 5598 3297 5598 3296 5598 3512 5599 3303 5599 3509 5599 3509 5600 3303 5600 3301 5600 3509 5601 3301 5601 3507 5601 3507 5602 3301 5602 3300 5602 3507 5603 3300 5603 3508 5603 3508 5604 3300 5604 3298 5604 3508 5605 3298 5605 3297 5605 3308 5606 3310 5606 3604 5606 3604 5607 3310 5607 3516 5607 3604 5608 3516 5608 3605 5608 3605 5609 3516 5609 3517 5609 3605 5610 3517 5610 3606 5610 3606 5611 3517 5611 3518 5611 3606 5612 3518 5612 3607 5612 3607 5612 3518 5612 3519 5612 3607 5613 3519 5613 3608 5613 3608 5614 3519 5614 3520 5614 3608 5615 3520 5615 3609 5615 3609 5616 3520 5616 3598 5616 3609 5617 3598 5617 3460 5617 3460 5618 3598 5618 3461 5618 3310 5619 3311 5619 3516 5619 3516 5620 3311 5620 3307 5620 3516 5621 3307 5621 3512 5621 3512 5622 3307 5622 3305 5622 3512 5623 3305 5623 3303 5623 3609 5624 3521 5624 3608 5624 3608 5625 3521 5625 3523 5625 3608 5626 3523 5626 3607 5626 3607 5627 3523 5627 3525 5627 3607 5628 3525 5628 3606 5628 3606 5628 3525 5628 3527 5628 3606 5629 3527 5629 3605 5629 3605 5630 3527 5630 3529 5630 3605 5631 3529 5631 3604 5631 3604 5632 3529 5632 3531 5632 3604 5633 3531 5633 3308 5633 3322 5634 3321 5634 3610 5634 3610 5635 3321 5635 3544 5635 3610 5636 3544 5636 3611 5636 3611 5637 3544 5637 3543 5637 3611 5638 3543 5638 3612 5638 3612 5639 3543 5639 3542 5639 3612 5640 3542 5640 3613 5640 3613 5640 3542 5640 3541 5640 3613 5641 3541 5641 3614 5641 3614 5642 3541 5642 3540 5642 3614 5643 3540 5643 3615 5643 3615 5644 3540 5644 3539 5644 3321 5645 3319 5645 3544 5645 3544 5646 3319 5646 3317 5646 3544 5647 3317 5647 3538 5647 3538 5648 3317 5648 3315 5648 3538 5649 3315 5649 3532 5649 3532 5650 3315 5650 3313 5650 3532 5651 3313 5651 3531 5651 3531 5652 3313 5652 3312 5652 3531 5653 3312 5653 3308 5653 3460 5654 3459 5654 3609 5654 3609 5655 3459 5655 3467 5655 3609 5656 3467 5656 3521 5656 3521 5657 3467 5657 3468 5657 3521 5658 3468 5658 3522 5658 3522 5659 3468 5659 3469 5659 3522 5660 3469 5660 3533 5660 3533 5661 3469 5661 3470 5661 3533 5662 3470 5662 3539 5662 3539 5663 3470 5663 3471 5663 3539 5664 3471 5664 3615 5664 3615 5665 3471 5665 3484 5665 3615 5666 3484 5666 3614 5666 3614 5667 3484 5667 3546 5667 3614 5668 3546 5668 3613 5668 3613 5669 3546 5669 3548 5669 3613 5670 3548 5670 3612 5670 3612 5670 3548 5670 3550 5670 3612 5671 3550 5671 3611 5671 3611 5672 3550 5672 3552 5672 3611 5673 3552 5673 3610 5673 3610 5674 3552 5674 3554 5674 3610 5675 3554 5675 3322 5675 3272 5676 3270 5676 3616 5676 3616 5677 3270 5677 3573 5677 3616 5678 3573 5678 3617 5678 3617 5679 3573 5679 3572 5679 3617 5680 3572 5680 3618 5680 3618 5681 3572 5681 3571 5681 3618 5682 3571 5682 3619 5682 3619 5682 3571 5682 3570 5682 3619 5683 3570 5683 3620 5683 3620 5684 3570 5684 3569 5684 3620 5685 3569 5685 3621 5685 3621 5686 3569 5686 3568 5686 3621 5687 3568 5687 3473 5687 3473 5688 3568 5688 3474 5688 3270 5689 3269 5689 3573 5689 3573 5690 3269 5690 3267 5690 3573 5691 3267 5691 3567 5691 3567 5692 3267 5692 3266 5692 3567 5693 3266 5693 3561 5693 3561 5694 3266 5694 3327 5694 3561 5695 3327 5695 3555 5695 3555 5696 3327 5696 3328 5696 3555 5697 3328 5697 3554 5697 3554 5698 3328 5698 3323 5698 3554 5699 3323 5699 3322 5699 3621 5700 3574 5700 3620 5700 3620 5701 3574 5701 3576 5701 3620 5702 3576 5702 3619 5702 3619 5703 3576 5703 3578 5703 3619 5704 3578 5704 3618 5704 3618 5704 3578 5704 3580 5704 3618 5705 3580 5705 3617 5705 3617 5706 3580 5706 3582 5706 3617 5707 3582 5707 3616 5707 3616 5708 3582 5708 3584 5708 3616 5709 3584 5709 3272 5709 3283 5710 3282 5710 3622 5710 3622 5711 3282 5711 3597 5711 3622 5712 3597 5712 3623 5712 3623 5713 3597 5713 3596 5713 3623 5714 3596 5714 3624 5714 3624 5715 3596 5715 3595 5715 3624 5716 3595 5716 3625 5716 3625 5716 3595 5716 3594 5716 3625 5717 3594 5717 3626 5717 3626 5718 3594 5718 3593 5718 3626 5719 3593 5719 3627 5719 3627 5720 3593 5720 3592 5720 3282 5721 3280 5721 3597 5721 3597 5722 3280 5722 3278 5722 3597 5723 3278 5723 3591 5723 3591 5724 3278 5724 3276 5724 3591 5725 3276 5725 3585 5725 3585 5726 3276 5726 3275 5726 3585 5727 3275 5727 3584 5727 3584 5728 3275 5728 3273 5728 3584 5729 3273 5729 3272 5729 3284 5730 3283 5730 3505 5730 3505 5731 3283 5731 3622 5731 3505 5732 3622 5732 3504 5732 3504 5733 3622 5733 3623 5733 3504 5734 3623 5734 3503 5734 3503 5735 3623 5735 3624 5735 3503 5736 3624 5736 3502 5736 3502 5736 3624 5736 3625 5736 3502 5737 3625 5737 3501 5737 3501 5738 3625 5738 3626 5738 3501 5739 3626 5739 3483 5739 3483 5740 3626 5740 3627 5740 3483 5741 3627 5741 3451 5741 3451 5742 3627 5742 3592 5742 3451 5743 3592 5743 3450 5743 3450 5744 3592 5744 3586 5744 3450 5745 3586 5745 3449 5745 3449 5746 3586 5746 3575 5746 3449 5747 3575 5747 3448 5747 3448 5748 3575 5748 3574 5748 3448 5749 3574 5749 3447 5749 3447 5750 3574 5750 3621 5750 3447 5751 3621 5751 3446 5751 3446 5752 3621 5752 3473 5752 3628 5753 3287 5753 3286 5753 3465 5754 3488 5754 3482 5754 3482 5755 3488 5755 3629 5755 3482 5756 3629 5756 3480 5756 3480 5757 3629 5757 3630 5757 3480 5758 3630 5758 3491 5758 3491 5759 3630 5759 3631 5759 3491 5457 3631 5457 3495 5457 3495 5760 3631 5760 3632 5760 3495 5761 3632 5761 3500 5761 3500 5762 3632 5762 3628 5762 3500 5763 3628 5763 3505 5763 3505 5764 3628 5764 3286 5764 3505 5765 3286 5765 3284 5765 3464 5766 3487 5766 3488 5766 3488 5767 3487 5767 3633 5767 3488 5768 3633 5768 3629 5768 3629 5769 3633 5769 3634 5769 3629 5770 3634 5770 3630 5770 3630 5771 3634 5771 3635 5771 3630 5759 3635 5759 3631 5759 3631 5772 3635 5772 3636 5772 3631 5773 3636 5773 3632 5773 3632 5774 3636 5774 3637 5774 3632 5775 3637 5775 3628 5775 3628 5776 3637 5776 3289 5776 3628 5777 3289 5777 3287 5777 3463 5778 3486 5778 3487 5778 3487 5779 3486 5779 3638 5779 3487 5780 3638 5780 3633 5780 3633 5781 3638 5781 3639 5781 3633 5782 3639 5782 3634 5782 3634 5783 3639 5783 3640 5783 3634 5771 3640 5771 3635 5771 3635 5784 3640 5784 3641 5784 3635 5785 3641 5785 3636 5785 3636 5786 3641 5786 3642 5786 3636 5787 3642 5787 3637 5787 3637 5788 3642 5788 3290 5788 3637 5789 3290 5789 3289 5789 3462 5790 3485 5790 3486 5790 3486 5791 3485 5791 3643 5791 3486 5792 3643 5792 3638 5792 3638 5793 3643 5793 3644 5793 3638 5781 3644 5781 3639 5781 3639 5794 3644 5794 3645 5794 3639 5783 3645 5783 3640 5783 3640 5795 3645 5795 3646 5795 3640 5796 3646 5796 3641 5796 3641 5797 3646 5797 3479 5797 3641 5798 3479 5798 3642 5798 3642 5799 3479 5799 3293 5799 3642 5800 3293 5800 3290 5800 3461 5801 3598 5801 3485 5801 3485 5802 3598 5802 3599 5802 3485 5803 3599 5803 3643 5803 3643 5804 3599 5804 3600 5804 3643 5805 3600 5805 3644 5805 3644 5592 3600 5592 3601 5592 3644 5794 3601 5794 3645 5794 3645 5594 3601 5594 3602 5594 3645 5806 3602 5806 3646 5806 3646 5807 3602 5807 3603 5807 3646 5808 3603 5808 3479 5808 3479 5809 3603 5809 3296 5809 3479 5810 3296 5810 3294 5810 3257 5811 3353 5811 3352 5811 3366 5812 3261 5812 3262 5812 3263 5813 3368 5813 3262 5813 3262 5814 3368 5814 3367 5814 3262 5815 3367 5815 3366 5815 3264 5816 3370 5816 3263 5816 3263 5817 3370 5817 3369 5817 3263 5818 3369 5818 3368 5818 3257 5819 3352 5819 3258 5819 3259 5820 3360 5820 3254 5820 3254 5821 3360 5821 3359 5821 3254 5822 3359 5822 3255 5822 3260 5823 3362 5823 3259 5823 3259 5824 3362 5824 3361 5824 3259 5825 3361 5825 3360 5825 3366 5826 3365 5826 3261 5826 3261 5827 3365 5827 3364 5827 3261 5828 3364 5828 3260 5828 3260 5829 3364 5829 3363 5829 3260 5830 3363 5830 3362 5830 3265 5831 3372 5831 3264 5831 3264 5832 3372 5832 3371 5832 3264 5832 3371 5832 3370 5832 3352 5833 3375 5833 3258 5833 3258 5834 3375 5834 3374 5834 3258 5835 3374 5835 3265 5835 3265 5836 3374 5836 3373 5836 3265 5837 3373 5837 3372 5837 3256 5838 3355 5838 3257 5838 3257 5839 3355 5839 3354 5839 3257 4695 3354 4695 3353 4695 3359 5840 3358 5840 3255 5840 3255 4695 3358 4695 3357 4695 3255 4699 3357 4699 3256 4699 3256 4695 3357 4695 3356 4695 3256 5841 3356 5841 3355 5841 3162 5842 3163 5842 3389 5842 3164 5843 3393 5843 3163 5843 3163 5844 3393 5844 3391 5844 3163 5845 3391 5845 3389 5845 3165 5846 3397 5846 3164 5846 3164 5847 3397 5847 3395 5847 3164 5848 3395 5848 3393 5848 3169 5849 3411 5849 3168 5849 3168 5850 3411 5850 3409 5850 3168 5851 3409 5851 3167 5851 3376 5852 3171 5852 3377 5852 3377 5853 3171 5853 3170 5853 3161 5854 3381 5854 3170 5854 3170 5855 3381 5855 3379 5855 3170 5856 3379 5856 3377 5856 3389 5857 3387 5857 3162 5857 3162 5857 3387 5857 3385 5857 3162 5858 3385 5858 3161 5858 3161 5859 3385 5859 3383 5859 3161 5860 3383 5860 3381 5860 3166 5861 3401 5861 3165 5861 3165 5862 3401 5862 3399 5862 3165 5863 3399 5863 3397 5863 3172 4587 3415 4587 3169 4587 3169 4588 3415 4588 3413 4588 3169 5864 3413 5864 3411 5864 3409 5865 3407 5865 3167 5865 3167 5866 3407 5866 3405 5866 3167 5867 3405 5867 3166 5867 3166 5868 3405 5868 3403 5868 3166 5869 3403 5869 3401 5869 3376 4588 3421 4588 3171 4588 3171 5870 3421 5870 3419 5870 3171 5871 3419 5871 3172 5871 3172 5872 3419 5872 3417 5872 3172 4588 3417 4588 3415 4588 3647 5873 3648 5873 3137 5873 3137 5874 3648 5874 3182 5874 3182 5875 3648 5875 3649 5875 3182 5876 3649 5876 3180 5876 3650 5877 3187 5877 3649 5877 3649 5878 3187 5878 3181 5878 3649 5879 3181 5879 3180 5879 3651 5880 3185 5880 3650 5880 3650 5881 3185 5881 3186 5881 3650 5882 3186 5882 3187 5882 3142 5883 3183 5883 3651 5883 3651 5884 3183 5884 3184 5884 3651 5885 3184 5885 3185 5885 3137 5886 3138 5886 3647 5886 3647 5887 3138 5887 3139 5887 3647 5888 3139 5888 3652 5888 3652 4953 3139 4953 3140 4953 3652 4953 3140 4953 3653 4953 3653 4952 3140 4952 3141 4952 3653 4952 3141 4952 3654 4952 3654 4951 3141 4951 3145 4951 3654 4951 3145 4951 3655 4951 3655 4950 3145 4950 3144 4950 3655 4950 3144 4950 3656 4950 3656 5889 3144 5889 3143 5889 3656 5890 3143 5890 3657 5890 3657 5891 3143 5891 3142 5891 3657 5892 3142 5892 3658 5892 3658 5893 3142 5893 3651 5893 3659 5894 3660 5894 3661 5894 3660 5895 3662 5895 3661 5895 3661 5896 3662 5896 3663 5896 3661 5897 3663 5897 3664 5897 3663 5898 3665 5898 3664 5898 3664 5899 3665 5899 3666 5899 3664 5900 3666 5900 3667 5900 3666 5901 3668 5901 3667 5901 3667 5902 3668 5902 3669 5902 3667 5903 3669 5903 3670 5903 3670 5904 3669 5904 3671 5904 3670 5905 3671 5905 3672 5905 3672 5906 3671 5906 3673 5906 3672 5907 3673 5907 3674 5907 3674 5908 3673 5908 3675 5908 3675 5909 3676 5909 3674 5909 3674 5910 3676 5910 3677 5910 3674 5911 3677 5911 3678 5911 3677 5912 3679 5912 3678 5912 3678 5913 3679 5913 3680 5913 3678 5914 3680 5914 3681 5914 3680 5915 3682 5915 3681 5915 3681 5916 3682 5916 3683 5916 3681 5917 3683 5917 3684 5917 3684 5918 3683 5918 3685 5918 3683 5919 3686 5919 3685 5919 3685 5920 3686 5920 3687 5920 3685 5921 3687 5921 3688 5921 3688 5922 3687 5922 3689 5922 3689 5923 3690 5923 3688 5923 3688 5924 3690 5924 3691 5924 3688 5925 3691 5925 3692 5925 3691 5926 3693 5926 3692 5926 3692 5927 3693 5927 3694 5927 3692 5928 3694 5928 3695 5928 3695 5929 3694 5929 3696 5929 3695 5930 3696 5930 3697 5930 3697 5931 3696 5931 3698 5931 3697 5932 3698 5932 3699 5932 3699 5933 3698 5933 3700 5933 3701 5934 3702 5934 3703 5934 3703 5935 3702 5935 3699 5935 3703 5936 3699 5936 3704 5936 3704 5937 3699 5937 3700 5937 3705 5938 3706 5938 3707 5938 3707 5939 3706 5939 3708 5939 3707 5940 3708 5940 3709 5940 3709 5941 3708 5941 3710 5941 3709 5942 3710 5942 3711 5942 3711 5943 3710 5943 3712 5943 3711 5944 3712 5944 3713 5944 3713 5945 3712 5945 3714 5945 3714 5946 3715 5946 3713 5946 3713 5947 3715 5947 3716 5947 3713 5948 3716 5948 3717 5948 3661 5949 3718 5949 3659 5949 3659 5950 3718 5950 3719 5950 3659 5951 3719 5951 3720 5951 3720 5952 3719 5952 3717 5952 3720 5953 3717 5953 3721 5953 3721 5954 3717 5954 3716 5954 3702 5955 3722 5955 3723 5955 3702 5956 3723 5956 3699 5956 3699 5957 3723 5957 3724 5957 3699 5958 3724 5958 3697 5958 3697 5959 3724 5959 3725 5959 3697 5960 3725 5960 3695 5960 3695 5961 3725 5961 3726 5961 3695 5962 3726 5962 3692 5962 3692 5963 3726 5963 3727 5963 3692 5964 3727 5964 3688 5964 3688 5965 3727 5965 3728 5965 3688 5966 3728 5966 3685 5966 3685 5967 3728 5967 3729 5967 3685 5968 3729 5968 3684 5968 3684 5969 3729 5969 3730 5969 3684 5970 3730 5970 3681 5970 3681 5971 3730 5971 3731 5971 3681 5972 3731 5972 3678 5972 3678 5973 3731 5973 3732 5973 3678 5974 3732 5974 3674 5974 3674 5975 3732 5975 3733 5975 3674 5976 3733 5976 3672 5976 3672 5977 3733 5977 3734 5977 3672 5978 3734 5978 3670 5978 3670 5979 3734 5979 3735 5979 3670 5980 3735 5980 3667 5980 3667 5981 3735 5981 3736 5981 3667 5982 3736 5982 3664 5982 3664 5983 3736 5983 3737 5983 3664 5984 3737 5984 3661 5984 3661 5985 3737 5985 3738 5985 3661 5986 3738 5986 3718 5986 3718 5987 3738 5987 3739 5987 3718 5988 3739 5988 3719 5988 3719 5989 3739 5989 3740 5989 3719 5990 3740 5990 3717 5990 3717 5991 3740 5991 3741 5991 3717 5992 3741 5992 3713 5992 3713 5993 3741 5993 3742 5993 3713 5994 3742 5994 3711 5994 3711 5995 3742 5995 3743 5995 3711 5996 3743 5996 3709 5996 3709 5997 3743 5997 3744 5997 3709 5998 3744 5998 3707 5998 3745 5999 3746 5999 3722 5999 3746 6000 3747 6000 3722 6000 3722 6001 3747 6001 3748 6001 3722 6002 3748 6002 3723 6002 3723 6003 3748 6003 3749 6003 3723 6004 3749 6004 3724 6004 3724 6005 3749 6005 3750 6005 3724 6006 3750 6006 3725 6006 3725 6007 3750 6007 3751 6007 3725 6008 3751 6008 3726 6008 3726 6009 3751 6009 3752 6009 3726 6010 3752 6010 3727 6010 3727 6011 3752 6011 3753 6011 3727 6012 3753 6012 3728 6012 3728 6013 3753 6013 3754 6013 3728 6014 3754 6014 3729 6014 3729 6015 3754 6015 3755 6015 3729 6016 3755 6016 3730 6016 3730 6017 3755 6017 3756 6017 3730 6018 3756 6018 3731 6018 3731 6019 3756 6019 3757 6019 3731 6020 3757 6020 3732 6020 3732 6021 3757 6021 3758 6021 3732 6022 3758 6022 3733 6022 3733 6023 3758 6023 3759 6023 3733 6024 3759 6024 3734 6024 3734 6025 3759 6025 3760 6025 3734 6026 3760 6026 3735 6026 3735 6027 3760 6027 3761 6027 3735 6028 3761 6028 3736 6028 3736 6029 3761 6029 3762 6029 3736 6030 3762 6030 3737 6030 3737 6031 3762 6031 3763 6031 3737 6032 3763 6032 3738 6032 3738 6033 3763 6033 3764 6033 3738 6034 3764 6034 3739 6034 3739 6035 3764 6035 3765 6035 3739 6036 3765 6036 3740 6036 3740 6037 3765 6037 3766 6037 3740 6038 3766 6038 3741 6038 3741 6039 3766 6039 3767 6039 3741 6040 3767 6040 3742 6040 3742 6041 3767 6041 3768 6041 3742 6042 3768 6042 3743 6042 3743 6043 3768 6043 3745 6043 3743 6044 3745 6044 3744 6044 3744 6045 3745 6045 3722 6045 3744 6046 3722 6046 3707 6046 3707 6047 3722 6047 3702 6047 3707 6048 3702 6048 3705 6048 3705 6049 3702 6049 3701 6049 3769 6050 3770 6050 3771 6050 3771 6051 3770 6051 3772 6051 3771 6052 3772 6052 3773 6052 3773 6053 3772 6053 3774 6053 3773 6054 3774 6054 3775 6054 3775 6055 3774 6055 3776 6055 3775 6056 3776 6056 3777 6056 3777 6057 3776 6057 3778 6057 3777 6058 3778 6058 3779 6058 3779 6059 3778 6059 3780 6059 3779 6060 3780 6060 3781 6060 3781 6061 3780 6061 3782 6061 3781 6062 3782 6062 3783 6062 3783 6063 3782 6063 3784 6063 3783 6064 3784 6064 3785 6064 3785 6065 3784 6065 3786 6065 3785 6066 3786 6066 3787 6066 3787 6067 3786 6067 3788 6067 3787 6068 3788 6068 3789 6068 3789 6069 3788 6069 3790 6069 3789 6070 3790 6070 3791 6070 3791 6071 3790 6071 3792 6071 3791 6072 3792 6072 3793 6072 3793 6073 3792 6073 3794 6073 3793 6074 3794 6074 3795 6074 3795 6075 3794 6075 3796 6075 3795 6076 3796 6076 3797 6076 3797 6077 3796 6077 3798 6077 3797 6078 3798 6078 3799 6078 3799 6079 3798 6079 3800 6079 3799 6080 3800 6080 3801 6080 3801 6081 3800 6081 3802 6081 3801 6082 3802 6082 3803 6082 3803 6083 3802 6083 3804 6083 3803 6084 3804 6084 3805 6084 3805 6085 3804 6085 3806 6085 3805 6086 3806 6086 3807 6086 3807 6087 3806 6087 3808 6087 3807 6088 3808 6088 3809 6088 3809 6089 3808 6089 3810 6089 3809 6090 3810 6090 3811 6090 3811 6091 3810 6091 3812 6091 3811 6092 3812 6092 3813 6092 3813 6093 3812 6093 3814 6093 3813 6094 3814 6094 3815 6094 3815 6095 3814 6095 3769 6095 3815 6096 3769 6096 3771 6096 3781 6097 3816 6097 3779 6097 3779 6098 3816 6098 3817 6098 3779 6099 3817 6099 3777 6099 3777 6100 3817 6100 3818 6100 3777 6101 3818 6101 3775 6101 3775 6102 3818 6102 3819 6102 3775 6103 3819 6103 3773 6103 3773 6104 3819 6104 3820 6104 3773 6105 3820 6105 3771 6105 3771 6106 3820 6106 3821 6106 3771 6107 3821 6107 3815 6107 3815 6108 3821 6108 3822 6108 3815 6109 3822 6109 3813 6109 3813 6110 3822 6110 3823 6110 3813 6111 3823 6111 3811 6111 3811 6112 3823 6112 3824 6112 3811 6113 3824 6113 3809 6113 3809 6114 3824 6114 3825 6114 3809 6115 3825 6115 3807 6115 3807 6116 3825 6116 3826 6116 3807 6117 3826 6117 3805 6117 3805 6118 3826 6118 3827 6118 3805 6119 3827 6119 3803 6119 3803 6120 3827 6120 3828 6120 3803 6121 3828 6121 3801 6121 3801 6122 3828 6122 3829 6122 3801 6123 3829 6123 3799 6123 3799 6124 3829 6124 3830 6124 3799 6125 3830 6125 3797 6125 3797 6126 3830 6126 3831 6126 3797 6127 3831 6127 3795 6127 3795 6128 3831 6128 3832 6128 3795 6129 3832 6129 3793 6129 3793 6130 3832 6130 3833 6130 3793 6131 3833 6131 3791 6131 3791 6132 3833 6132 3834 6132 3791 6133 3834 6133 3789 6133 3789 6134 3834 6134 3835 6134 3789 6135 3835 6135 3787 6135 3787 6136 3835 6136 3836 6136 3787 6137 3836 6137 3785 6137 3785 6138 3836 6138 3837 6138 3785 6139 3837 6139 3783 6139 3783 6140 3837 6140 3838 6140 3783 6141 3838 6141 3781 6141 3781 6142 3838 6142 3816 6142 3839 6143 3836 6143 3840 6143 3840 6144 3836 6144 3835 6144 3840 6145 3835 6145 3841 6145 3841 6146 3835 6146 3834 6146 3841 6147 3834 6147 3842 6147 3842 6148 3834 6148 3833 6148 3842 6149 3833 6149 3843 6149 3843 6150 3833 6150 3832 6150 3843 6151 3832 6151 3844 6151 3844 6152 3832 6152 3831 6152 3844 6153 3831 6153 3845 6153 3845 6154 3831 6154 3846 6154 3846 6155 3831 6155 3847 6155 3847 6156 3831 6156 3830 6156 3847 6157 3830 6157 3848 6157 3848 6158 3830 6158 3829 6158 3848 6159 3829 6159 3849 6159 3849 6160 3829 6160 3828 6160 3849 6161 3828 6161 3850 6161 3850 6162 3828 6162 3827 6162 3850 6163 3827 6163 3851 6163 3852 6164 3853 6164 3822 6164 3822 6165 3853 6165 3854 6165 3822 6166 3854 6166 3823 6166 3823 6167 3854 6167 3855 6167 3823 6168 3855 6168 3824 6168 3824 6169 3855 6169 3856 6169 3824 6170 3856 6170 3825 6170 3825 6171 3856 6171 3857 6171 3825 6172 3857 6172 3826 6172 3826 6173 3857 6173 3858 6173 3826 6174 3858 6174 3827 6174 3827 6175 3858 6175 3859 6175 3827 6176 3859 6176 3851 6176 3852 6177 3822 6177 3860 6177 3860 6178 3822 6178 3821 6178 3860 6179 3821 6179 3861 6179 3861 6180 3821 6180 3820 6180 3861 6181 3820 6181 3862 6181 3862 6182 3820 6182 3819 6182 3862 6183 3819 6183 3863 6183 3863 6184 3819 6184 3818 6184 3863 6185 3818 6185 3864 6185 3864 6186 3818 6186 3817 6186 3864 6187 3817 6187 3865 6187 3839 6188 3866 6188 3836 6188 3836 6189 3866 6189 3867 6189 3836 6190 3867 6190 3837 6190 3837 6191 3867 6191 3868 6191 3837 6192 3868 6192 3838 6192 3838 6193 3868 6193 3869 6193 3838 6194 3869 6194 3816 6194 3816 6195 3869 6195 3870 6195 3816 6196 3870 6196 3817 6196 3817 6197 3870 6197 3871 6197 3817 6198 3871 6198 3865 6198 3687 6199 3686 6199 3872 6199 3873 6200 3874 6200 3875 6200 3845 6201 3846 6201 3876 6201 3865 6202 3871 6202 3877 6202 3878 6203 3855 6203 3854 6203 3879 6204 3856 6204 3855 6204 3880 6205 3857 6205 3856 6205 3881 6206 3858 6206 3857 6206 3875 6207 3859 6207 3858 6207 3865 6208 3877 6208 3864 6208 3845 6209 3876 6209 3844 6209 3859 6210 3875 6210 3851 6210 3851 6211 3875 6211 3874 6211 3851 6212 3874 6212 3850 6212 3849 6213 3850 6213 3882 6213 3882 6214 3850 6214 3874 6214 3882 6215 3874 6215 3883 6215 3883 6216 3874 6216 3873 6216 3883 6217 3873 6217 3884 6217 3848 6218 3849 6218 3885 6218 3885 6219 3849 6219 3882 6219 3885 6220 3882 6220 3886 6220 3886 6221 3882 6221 3883 6221 3886 6222 3883 6222 3887 6222 3887 6223 3883 6223 3884 6223 3887 6224 3884 6224 3888 6224 3847 6225 3848 6225 3889 6225 3889 6226 3848 6226 3885 6226 3889 6227 3885 6227 3890 6227 3890 6228 3885 6228 3886 6228 3890 6229 3886 6229 3891 6229 3891 6230 3886 6230 3887 6230 3891 6231 3887 6231 3892 6231 3892 6231 3887 6231 3888 6231 3892 6232 3888 6232 3893 6232 3846 6233 3847 6233 3876 6233 3876 6234 3847 6234 3889 6234 3876 6235 3889 6235 3894 6235 3894 6236 3889 6236 3890 6236 3894 6237 3890 6237 3895 6237 3895 6238 3890 6238 3891 6238 3895 6239 3891 6239 3896 6239 3896 6239 3891 6239 3892 6239 3896 6240 3892 6240 3897 6240 3897 6241 3892 6241 3893 6241 3897 6242 3893 6242 3898 6242 3899 6243 3900 6243 3901 6243 3902 6244 3900 6244 3903 6244 3903 6245 3900 6245 3899 6245 3903 6246 3899 6246 3904 6246 3905 6247 3902 6247 3906 6247 3906 6248 3902 6248 3903 6248 3906 6249 3903 6249 3907 6249 3907 6250 3903 6250 3904 6250 3907 6251 3904 6251 3908 6251 3909 6252 3905 6252 3910 6252 3910 6253 3905 6253 3906 6253 3910 6254 3906 6254 3911 6254 3911 6255 3906 6255 3907 6255 3911 6256 3907 6256 3912 6256 3912 6256 3907 6256 3908 6256 3912 6257 3908 6257 3913 6257 3914 6258 3915 6258 3916 6258 3916 6259 3915 6259 3917 6259 3916 6260 3917 6260 3918 6260 3918 6261 3917 6261 3919 6261 3918 6262 3919 6262 3920 6262 3920 6262 3919 6262 3921 6262 3920 6263 3921 6263 3922 6263 3922 6264 3921 6264 3923 6264 3922 6265 3923 6265 3924 6265 3924 6266 3923 6266 3925 6266 3915 6267 3926 6267 3917 6267 3917 6268 3926 6268 3927 6268 3917 6269 3927 6269 3919 6269 3919 6270 3927 6270 3928 6270 3919 6271 3928 6271 3921 6271 3921 6271 3928 6271 3929 6271 3921 6272 3929 6272 3923 6272 3923 6273 3929 6273 3930 6273 3923 6274 3930 6274 3925 6274 3925 6275 3930 6275 3931 6275 3926 6276 3932 6276 3927 6276 3927 6277 3932 6277 3933 6277 3927 6278 3933 6278 3928 6278 3928 6279 3933 6279 3934 6279 3928 6280 3934 6280 3929 6280 3929 6280 3934 6280 3935 6280 3929 6281 3935 6281 3930 6281 3930 6282 3935 6282 3936 6282 3930 6283 3936 6283 3931 6283 3931 6284 3936 6284 3937 6284 3871 6285 3870 6285 3877 6285 3877 6286 3870 6286 3938 6286 3877 6287 3938 6287 3939 6287 3939 6288 3938 6288 3940 6288 3939 6289 3940 6289 3941 6289 3941 6290 3940 6290 3942 6290 3941 6291 3942 6291 3943 6291 3943 6291 3942 6291 3944 6291 3943 6292 3944 6292 3945 6292 3945 6293 3944 6293 3946 6293 3945 6294 3946 6294 3947 6294 3947 6295 3946 6295 3948 6295 3870 6296 3869 6296 3938 6296 3938 6297 3869 6297 3949 6297 3938 6298 3949 6298 3940 6298 3940 6299 3949 6299 3950 6299 3940 6300 3950 6300 3942 6300 3942 6301 3950 6301 3951 6301 3942 6302 3951 6302 3944 6302 3944 6302 3951 6302 3952 6302 3944 6303 3952 6303 3946 6303 3946 6304 3952 6304 3953 6304 3946 6305 3953 6305 3948 6305 3948 6306 3953 6306 3954 6306 3869 6307 3868 6307 3949 6307 3949 6308 3868 6308 3955 6308 3949 6309 3955 6309 3950 6309 3950 6310 3955 6310 3956 6310 3950 6311 3956 6311 3951 6311 3951 6312 3956 6312 3957 6312 3951 6313 3957 6313 3952 6313 3952 6313 3957 6313 3958 6313 3952 6314 3958 6314 3953 6314 3953 6315 3958 6315 3959 6315 3953 6316 3959 6316 3954 6316 3954 6317 3959 6317 3960 6317 3868 6318 3867 6318 3955 6318 3955 6319 3867 6319 3961 6319 3955 6320 3961 6320 3956 6320 3956 6321 3961 6321 3962 6321 3956 6322 3962 6322 3957 6322 3957 6323 3962 6323 3963 6323 3957 6324 3963 6324 3958 6324 3958 6324 3963 6324 3964 6324 3958 6325 3964 6325 3959 6325 3959 6326 3964 6326 3965 6326 3959 6327 3965 6327 3960 6327 3960 6328 3965 6328 3966 6328 3967 6329 3968 6329 3969 6329 3969 6330 3968 6330 3970 6330 3969 6331 3970 6331 3971 6331 3971 6332 3970 6332 3972 6332 3971 6333 3972 6333 3973 6333 3973 6333 3972 6333 3974 6333 3973 6334 3974 6334 3975 6334 3975 6335 3974 6335 3976 6335 3975 6336 3976 6336 3977 6336 3977 6337 3976 6337 3978 6337 3968 6338 3979 6338 3970 6338 3970 6339 3979 6339 3980 6339 3970 6340 3980 6340 3972 6340 3972 6341 3980 6341 3981 6341 3972 6342 3981 6342 3974 6342 3974 6342 3981 6342 3982 6342 3974 6343 3982 6343 3976 6343 3976 6344 3982 6344 3983 6344 3976 6345 3983 6345 3978 6345 3978 6346 3983 6346 3984 6346 3979 6347 3985 6347 3980 6347 3980 6348 3985 6348 3986 6348 3980 6349 3986 6349 3981 6349 3981 6350 3986 6350 3987 6350 3981 6351 3987 6351 3982 6351 3982 6351 3987 6351 3988 6351 3982 6352 3988 6352 3983 6352 3983 6353 3988 6353 3989 6353 3983 6354 3989 6354 3984 6354 3984 6355 3989 6355 3990 6355 3991 6356 3913 6356 3992 6356 3992 6357 3913 6357 3908 6357 3992 6358 3908 6358 3993 6358 3993 6251 3908 6251 3904 6251 3993 6359 3904 6359 3994 6359 3994 6360 3904 6360 3899 6360 3994 6361 3899 6361 3995 6361 3995 6362 3899 6362 3901 6362 3995 6363 3901 6363 3996 6363 3996 6364 3901 6364 3690 6364 3996 6365 3690 6365 3689 6365 3905 6366 3696 6366 3902 6366 3902 6367 3696 6367 3694 6367 3902 6368 3694 6368 3900 6368 3900 6369 3694 6369 3693 6369 3900 6370 3693 6370 3901 6370 3901 6371 3693 6371 3691 6371 3901 6372 3691 6372 3690 6372 3701 6373 3703 6373 3997 6373 3997 6374 3703 6374 3909 6374 3997 6375 3909 6375 3998 6375 3998 6376 3909 6376 3910 6376 3998 6377 3910 6377 3999 6377 3999 6378 3910 6378 3911 6378 3999 6379 3911 6379 4000 6379 4000 6379 3911 6379 3912 6379 4000 6380 3912 6380 4001 6380 4001 6381 3912 6381 3913 6381 4001 6382 3913 6382 4002 6382 4002 6383 3913 6383 3991 6383 4002 6384 3991 6384 3853 6384 3853 6385 3991 6385 3854 6385 3703 6386 3704 6386 3909 6386 3909 6387 3704 6387 3700 6387 3909 6388 3700 6388 3905 6388 3905 6389 3700 6389 3698 6389 3905 6390 3698 6390 3696 6390 4002 6391 3914 6391 4001 6391 4001 6392 3914 6392 3916 6392 4001 6393 3916 6393 4000 6393 4000 6394 3916 6394 3918 6394 4000 6395 3918 6395 3999 6395 3999 6395 3918 6395 3920 6395 3999 6396 3920 6396 3998 6396 3998 6397 3920 6397 3922 6397 3998 6398 3922 6398 3997 6398 3997 6399 3922 6399 3924 6399 3997 6400 3924 6400 3701 6400 3715 6401 3714 6401 4003 6401 4003 6402 3714 6402 3937 6402 4003 6403 3937 6403 4004 6403 4004 6404 3937 6404 3936 6404 4004 6405 3936 6405 4005 6405 4005 6406 3936 6406 3935 6406 4005 6407 3935 6407 4006 6407 4006 6407 3935 6407 3934 6407 4006 6408 3934 6408 4007 6408 4007 6409 3934 6409 3933 6409 4007 6410 3933 6410 4008 6410 4008 6411 3933 6411 3932 6411 3714 6412 3712 6412 3937 6412 3937 6413 3712 6413 3710 6413 3937 6414 3710 6414 3931 6414 3931 6415 3710 6415 3708 6415 3931 6416 3708 6416 3925 6416 3925 6417 3708 6417 3706 6417 3925 6418 3706 6418 3924 6418 3924 6419 3706 6419 3705 6419 3924 6420 3705 6420 3701 6420 3853 6421 3852 6421 4002 6421 4002 6422 3852 6422 3860 6422 4002 6423 3860 6423 3914 6423 3914 6424 3860 6424 3861 6424 3914 6425 3861 6425 3915 6425 3915 6426 3861 6426 3862 6426 3915 6427 3862 6427 3926 6427 3926 6428 3862 6428 3863 6428 3926 6429 3863 6429 3932 6429 3932 6430 3863 6430 3864 6430 3932 6431 3864 6431 4008 6431 4008 6432 3864 6432 3877 6432 4008 6433 3877 6433 4007 6433 4007 6434 3877 6434 3939 6434 4007 6435 3939 6435 4006 6435 4006 6436 3939 6436 3941 6436 4006 6437 3941 6437 4005 6437 4005 6437 3941 6437 3943 6437 4005 6438 3943 6438 4004 6438 4004 6439 3943 6439 3945 6439 4004 6440 3945 6440 4003 6440 4003 6441 3945 6441 3947 6441 4003 6442 3947 6442 3715 6442 3665 6443 3663 6443 4009 6443 4009 6444 3663 6444 3966 6444 4009 6445 3966 6445 4010 6445 4010 6446 3966 6446 3965 6446 4010 6447 3965 6447 4011 6447 4011 6448 3965 6448 3964 6448 4011 6449 3964 6449 4012 6449 4012 6449 3964 6449 3963 6449 4012 6450 3963 6450 4013 6450 4013 6451 3963 6451 3962 6451 4013 6452 3962 6452 4014 6452 4014 6453 3962 6453 3961 6453 4014 6454 3961 6454 3866 6454 3866 6455 3961 6455 3867 6455 3663 6456 3662 6456 3966 6456 3966 6457 3662 6457 3660 6457 3966 6458 3660 6458 3960 6458 3960 6459 3660 6459 3659 6459 3960 6460 3659 6460 3954 6460 3954 6461 3659 6461 3720 6461 3954 6462 3720 6462 3948 6462 3948 6463 3720 6463 3721 6463 3948 6464 3721 6464 3947 6464 3947 6465 3721 6465 3716 6465 3947 6466 3716 6466 3715 6466 4014 6467 3967 6467 4013 6467 4013 6468 3967 6468 3969 6468 4013 6469 3969 6469 4012 6469 4012 6470 3969 6470 3971 6470 4012 6471 3971 6471 4011 6471 4011 6471 3971 6471 3973 6471 4011 6472 3973 6472 4010 6472 4010 6473 3973 6473 3975 6473 4010 6474 3975 6474 4009 6474 4009 6475 3975 6475 3977 6475 4009 6476 3977 6476 3665 6476 3676 6477 3675 6477 4015 6477 4015 6478 3675 6478 3990 6478 4015 6479 3990 6479 4016 6479 4016 6480 3990 6480 3989 6480 4016 6481 3989 6481 4017 6481 4017 6482 3989 6482 3988 6482 4017 6483 3988 6483 4018 6483 4018 6483 3988 6483 3987 6483 4018 6484 3987 6484 4019 6484 4019 6485 3987 6485 3986 6485 4019 6486 3986 6486 4020 6486 4020 6487 3986 6487 3985 6487 3675 6488 3673 6488 3990 6488 3990 6489 3673 6489 3671 6489 3990 6490 3671 6490 3984 6490 3984 6491 3671 6491 3669 6491 3984 6492 3669 6492 3978 6492 3978 6493 3669 6493 3668 6493 3978 6494 3668 6494 3977 6494 3977 6495 3668 6495 3666 6495 3977 6496 3666 6496 3665 6496 3677 6497 3676 6497 3898 6497 3898 6498 3676 6498 4015 6498 3898 6499 4015 6499 3897 6499 3897 6500 4015 6500 4016 6500 3897 6501 4016 6501 3896 6501 3896 6502 4016 6502 4017 6502 3896 6503 4017 6503 3895 6503 3895 6503 4017 6503 4018 6503 3895 6504 4018 6504 3894 6504 3894 6505 4018 6505 4019 6505 3894 6506 4019 6506 3876 6506 3876 6507 4019 6507 4020 6507 3876 6508 4020 6508 3844 6508 3844 6509 4020 6509 3985 6509 3844 6510 3985 6510 3843 6510 3843 6511 3985 6511 3979 6511 3843 6512 3979 6512 3842 6512 3842 6513 3979 6513 3968 6513 3842 6514 3968 6514 3841 6514 3841 6515 3968 6515 3967 6515 3841 6516 3967 6516 3840 6516 3840 6517 3967 6517 4014 6517 3840 6518 4014 6518 3839 6518 3839 6519 4014 6519 3866 6519 4021 6520 3680 6520 3679 6520 3858 6521 3881 6521 3875 6521 3875 6522 3881 6522 4022 6522 3875 6523 4022 6523 3873 6523 3873 6524 4022 6524 4023 6524 3873 6525 4023 6525 3884 6525 3884 6526 4023 6526 4024 6526 3884 6224 4024 6224 3888 6224 3888 6527 4024 6527 4025 6527 3888 6528 4025 6528 3893 6528 3893 6529 4025 6529 4021 6529 3893 6530 4021 6530 3898 6530 3898 6531 4021 6531 3679 6531 3898 6532 3679 6532 3677 6532 3857 6533 3880 6533 3881 6533 3881 6534 3880 6534 4026 6534 3881 6535 4026 6535 4022 6535 4022 6536 4026 6536 4027 6536 4022 6537 4027 6537 4023 6537 4023 6538 4027 6538 4028 6538 4023 6526 4028 6526 4024 6526 4024 6539 4028 6539 4029 6539 4024 6540 4029 6540 4025 6540 4025 6541 4029 6541 4030 6541 4025 6542 4030 6542 4021 6542 4021 6543 4030 6543 3682 6543 4021 6544 3682 6544 3680 6544 3856 6545 3879 6545 3880 6545 3880 6546 3879 6546 4031 6546 3880 6547 4031 6547 4026 6547 4026 6548 4031 6548 4032 6548 4026 6549 4032 6549 4027 6549 4027 6550 4032 6550 4033 6550 4027 6538 4033 6538 4028 6538 4028 6551 4033 6551 4034 6551 4028 6552 4034 6552 4029 6552 4029 6553 4034 6553 4035 6553 4029 6554 4035 6554 4030 6554 4030 6555 4035 6555 3683 6555 4030 6556 3683 6556 3682 6556 3855 6557 3878 6557 3879 6557 3879 6558 3878 6558 4036 6558 3879 6559 4036 6559 4031 6559 4031 6560 4036 6560 4037 6560 4031 6548 4037 6548 4032 6548 4032 6561 4037 6561 4038 6561 4032 6550 4038 6550 4033 6550 4033 6562 4038 6562 4039 6562 4033 6563 4039 6563 4034 6563 4034 6564 4039 6564 3872 6564 4034 6565 3872 6565 4035 6565 4035 6566 3872 6566 3686 6566 4035 6567 3686 6567 3683 6567 3854 6568 3991 6568 3878 6568 3878 6569 3991 6569 3992 6569 3878 6570 3992 6570 4036 6570 4036 6571 3992 6571 3993 6571 4036 6572 3993 6572 4037 6572 4037 6359 3993 6359 3994 6359 4037 6561 3994 6561 4038 6561 4038 6361 3994 6361 3995 6361 4038 6573 3995 6573 4039 6573 4039 6574 3995 6574 3996 6574 4039 6575 3996 6575 3872 6575 3872 6576 3996 6576 3689 6576 3872 6577 3689 6577 3687 6577 3650 6578 3746 6578 3745 6578 3759 6579 3654 6579 3655 6579 3656 6580 3761 6580 3655 6580 3655 6581 3761 6581 3760 6581 3655 6582 3760 6582 3759 6582 3657 6583 3763 6583 3656 6583 3656 6584 3763 6584 3762 6584 3656 6585 3762 6585 3761 6585 3650 6586 3745 6586 3651 6586 3652 6587 3753 6587 3647 6587 3647 6588 3753 6588 3752 6588 3647 6589 3752 6589 3648 6589 3653 6590 3755 6590 3652 6590 3652 6591 3755 6591 3754 6591 3652 6592 3754 6592 3753 6592 3759 6593 3758 6593 3654 6593 3654 6594 3758 6594 3757 6594 3654 6595 3757 6595 3653 6595 3653 6596 3757 6596 3756 6596 3653 6597 3756 6597 3755 6597 3658 6598 3765 6598 3657 6598 3657 6599 3765 6599 3764 6599 3657 6599 3764 6599 3763 6599 3745 6600 3768 6600 3651 6600 3651 6601 3768 6601 3767 6601 3651 6602 3767 6602 3658 6602 3658 6603 3767 6603 3766 6603 3658 6604 3766 6604 3765 6604 3752 6605 3751 6605 3648 6605 3648 4519 3751 4519 3750 4519 3648 4519 3750 4519 3649 4519 3750 4519 3749 4519 3649 4519 3649 6606 3749 6606 3748 6606 3649 6607 3748 6607 3650 6607 3650 6608 3748 6608 3747 6608 3650 4519 3747 4519 3746 4519 3190 6609 3191 6609 3786 6609 3192 6610 3790 6610 3191 6610 3191 6611 3790 6611 3788 6611 3191 6612 3788 6612 3786 6612 3769 6613 3198 6613 3770 6613 3770 6614 3198 6614 3197 6614 3188 6615 3774 6615 3197 6615 3197 6616 3774 6616 3772 6616 3197 6617 3772 6617 3770 6617 3189 6618 3778 6618 3188 6618 3188 6619 3778 6619 3776 6619 3188 6620 3776 6620 3774 6620 3786 6621 3784 6621 3190 6621 3190 6622 3784 6622 3782 6622 3190 6623 3782 6623 3189 6623 3189 6624 3782 6624 3780 6624 3189 6624 3780 6624 3778 6624 3193 6625 3794 6625 3192 6625 3192 6626 3794 6626 3792 6626 3192 6627 3792 6627 3790 6627 3194 6628 3798 6628 3193 6628 3193 6629 3798 6629 3796 6629 3193 6630 3796 6630 3794 6630 3196 6631 3804 6631 3195 6631 3195 6632 3804 6632 3802 6632 3195 6633 3802 6633 3194 6633 3194 6634 3802 6634 3800 6634 3194 6635 3800 6635 3798 6635 3199 4828 3808 4828 3196 4828 3196 4828 3808 4828 3806 4828 3196 6636 3806 6636 3804 6636 3769 4828 3814 4828 3198 4828 3198 6637 3814 6637 3812 6637 3198 6638 3812 6638 3199 6638 3199 6639 3812 6639 3810 6639 3199 4828 3810 4828 3808 4828 4040 6640 4041 6640 3121 6640 3121 6641 4041 6641 3202 6641 3202 6642 4041 6642 4042 6642 3202 6643 4042 6643 3200 6643 4043 6644 3207 6644 4042 6644 4042 6645 3207 6645 3201 6645 4042 6646 3201 6646 3200 6646 4044 6647 3205 6647 4043 6647 4043 6648 3205 6648 3206 6648 4043 6649 3206 6649 3207 6649 3118 6650 3203 6650 4044 6650 4044 6651 3203 6651 3204 6651 4044 6652 3204 6652 3205 6652 3121 6653 3122 6653 4040 6653 4040 6654 3122 6654 3123 6654 4040 6655 3123 6655 4045 6655 4045 5020 3123 5020 3124 5020 4045 5020 3124 5020 4046 5020 4046 5019 3124 5019 3125 5019 4046 5019 3125 5019 4047 5019 4047 5018 3125 5018 3126 5018 4047 5018 3126 5018 4048 5018 4048 5017 3126 5017 3120 5017 4048 5017 3120 5017 4049 5017 4049 6656 3120 6656 3119 6656 4049 6657 3119 6657 4050 6657 4050 6658 3119 6658 3118 6658 4050 6659 3118 6659 4051 6659 4051 6660 3118 6660 4044 6660 4052 6661 4053 6661 4054 6661 4053 6662 4055 6662 4054 6662 4054 6663 4055 6663 4056 6663 4054 6664 4056 6664 4057 6664 4056 6665 4058 6665 4057 6665 4057 6666 4058 6666 4059 6666 4057 6667 4059 6667 4060 6667 4059 6668 4061 6668 4060 6668 4060 6669 4061 6669 4062 6669 4060 6670 4062 6670 4063 6670 4063 6671 4062 6671 4064 6671 4063 6672 4064 6672 4065 6672 4065 6673 4064 6673 4066 6673 4065 6674 4066 6674 4067 6674 4067 6675 4066 6675 4068 6675 4068 6676 4069 6676 4067 6676 4067 6677 4069 6677 4070 6677 4067 6678 4070 6678 4071 6678 4070 6679 4072 6679 4071 6679 4071 6680 4072 6680 4073 6680 4071 6681 4073 6681 4074 6681 4073 6682 4075 6682 4074 6682 4074 6683 4075 6683 4076 6683 4074 6684 4076 6684 4077 6684 4077 6685 4076 6685 4078 6685 4076 6686 4079 6686 4078 6686 4078 6687 4079 6687 4080 6687 4078 6688 4080 6688 4081 6688 4081 6689 4080 6689 4082 6689 4082 6690 4083 6690 4081 6690 4081 6691 4083 6691 4084 6691 4081 6692 4084 6692 4085 6692 4084 6693 4086 6693 4085 6693 4085 6694 4086 6694 4087 6694 4085 6695 4087 6695 4088 6695 4088 6696 4087 6696 4089 6696 4088 6697 4089 6697 4090 6697 4090 6698 4089 6698 4091 6698 4090 6699 4091 6699 4092 6699 4092 6700 4091 6700 4093 6700 4094 6701 4095 6701 4096 6701 4096 6702 4095 6702 4092 6702 4096 6703 4092 6703 4097 6703 4097 6704 4092 6704 4093 6704 4098 6705 4099 6705 4100 6705 4100 6706 4099 6706 4101 6706 4100 6707 4101 6707 4102 6707 4102 6708 4101 6708 4103 6708 4102 6709 4103 6709 4104 6709 4104 6710 4103 6710 4105 6710 4104 6711 4105 6711 4106 6711 4106 6712 4105 6712 4107 6712 4107 6713 4108 6713 4106 6713 4106 6714 4108 6714 4109 6714 4106 6715 4109 6715 4110 6715 4054 6716 4111 6716 4052 6716 4052 6717 4111 6717 4112 6717 4052 6718 4112 6718 4113 6718 4113 6719 4112 6719 4110 6719 4113 6720 4110 6720 4114 6720 4114 6721 4110 6721 4109 6721 4095 6722 4115 6722 4116 6722 4095 6723 4116 6723 4092 6723 4092 6724 4116 6724 4117 6724 4092 6725 4117 6725 4090 6725 4090 6726 4117 6726 4118 6726 4090 6727 4118 6727 4088 6727 4088 6728 4118 6728 4119 6728 4088 6729 4119 6729 4085 6729 4085 6730 4119 6730 4120 6730 4085 6731 4120 6731 4081 6731 4081 6732 4120 6732 4121 6732 4081 6733 4121 6733 4078 6733 4078 6734 4121 6734 4122 6734 4078 6735 4122 6735 4077 6735 4077 6736 4122 6736 4123 6736 4077 6737 4123 6737 4074 6737 4074 6738 4123 6738 4124 6738 4074 6739 4124 6739 4071 6739 4071 6740 4124 6740 4125 6740 4071 6741 4125 6741 4067 6741 4067 6742 4125 6742 4126 6742 4067 6743 4126 6743 4065 6743 4065 6744 4126 6744 4127 6744 4065 6745 4127 6745 4063 6745 4063 6746 4127 6746 4128 6746 4063 6747 4128 6747 4060 6747 4060 6748 4128 6748 4129 6748 4060 6749 4129 6749 4057 6749 4057 6750 4129 6750 4130 6750 4057 6751 4130 6751 4054 6751 4054 6752 4130 6752 4131 6752 4054 6753 4131 6753 4111 6753 4111 6754 4131 6754 4132 6754 4111 5375 4132 5375 4112 5375 4112 6755 4132 6755 4133 6755 4112 6756 4133 6756 4110 6756 4110 6757 4133 6757 4134 6757 4110 6758 4134 6758 4106 6758 4106 6759 4134 6759 4135 6759 4106 6760 4135 6760 4104 6760 4104 6761 4135 6761 4136 6761 4104 6762 4136 6762 4102 6762 4102 6763 4136 6763 4137 6763 4102 6764 4137 6764 4100 6764 4138 6765 4139 6765 4115 6765 4139 6766 4140 6766 4115 6766 4115 6767 4140 6767 4141 6767 4115 6768 4141 6768 4116 6768 4116 6769 4141 6769 4142 6769 4116 6770 4142 6770 4117 6770 4117 6771 4142 6771 4143 6771 4117 6772 4143 6772 4118 6772 4118 6773 4143 6773 4144 6773 4118 6774 4144 6774 4119 6774 4119 6775 4144 6775 4145 6775 4119 6776 4145 6776 4120 6776 4120 6777 4145 6777 4146 6777 4120 6778 4146 6778 4121 6778 4121 6779 4146 6779 4147 6779 4121 6780 4147 6780 4122 6780 4122 6781 4147 6781 4148 6781 4122 6782 4148 6782 4123 6782 4123 6783 4148 6783 4149 6783 4123 6784 4149 6784 4124 6784 4124 6785 4149 6785 4150 6785 4124 6786 4150 6786 4125 6786 4125 6787 4150 6787 4151 6787 4125 6788 4151 6788 4126 6788 4126 6789 4151 6789 4152 6789 4126 6790 4152 6790 4127 6790 4127 6791 4152 6791 4153 6791 4127 6792 4153 6792 4128 6792 4128 6793 4153 6793 4154 6793 4128 6794 4154 6794 4129 6794 4129 6795 4154 6795 4155 6795 4129 6796 4155 6796 4130 6796 4130 6797 4155 6797 4156 6797 4130 6798 4156 6798 4131 6798 4131 6799 4156 6799 4157 6799 4131 6800 4157 6800 4132 6800 4132 6801 4157 6801 4158 6801 4132 6802 4158 6802 4133 6802 4133 6803 4158 6803 4159 6803 4133 6804 4159 6804 4134 6804 4134 6805 4159 6805 4160 6805 4134 6806 4160 6806 4135 6806 4135 6807 4160 6807 4161 6807 4135 6808 4161 6808 4136 6808 4136 6809 4161 6809 4138 6809 4136 6810 4138 6810 4137 6810 4137 6811 4138 6811 4115 6811 4137 6812 4115 6812 4100 6812 4100 6813 4115 6813 4095 6813 4100 6814 4095 6814 4098 6814 4098 6815 4095 6815 4094 6815 4162 6816 4163 6816 4164 6816 4164 6817 4163 6817 4165 6817 4164 6818 4165 6818 4166 6818 4166 6819 4165 6819 4167 6819 4166 6820 4167 6820 4168 6820 4168 6821 4167 6821 4169 6821 4168 6822 4169 6822 4170 6822 4170 6823 4169 6823 4171 6823 4170 6824 4171 6824 4172 6824 4172 6825 4171 6825 4173 6825 4172 6826 4173 6826 4174 6826 4174 6827 4173 6827 4175 6827 4174 6828 4175 6828 4176 6828 4176 6829 4175 6829 4177 6829 4176 6830 4177 6830 4178 6830 4178 6831 4177 6831 4179 6831 4178 6832 4179 6832 4180 6832 4180 6833 4179 6833 4181 6833 4180 6834 4181 6834 4182 6834 4182 6835 4181 6835 4183 6835 4182 6836 4183 6836 4184 6836 4184 6837 4183 6837 4185 6837 4184 6838 4185 6838 4186 6838 4186 6839 4185 6839 4187 6839 4186 6840 4187 6840 4188 6840 4188 6841 4187 6841 4189 6841 4188 6842 4189 6842 4190 6842 4190 6843 4189 6843 4191 6843 4190 6844 4191 6844 4192 6844 4192 6845 4191 6845 4193 6845 4192 6846 4193 6846 4194 6846 4194 6847 4193 6847 4195 6847 4194 6848 4195 6848 4196 6848 4196 6849 4195 6849 4197 6849 4196 6850 4197 6850 4198 6850 4198 6851 4197 6851 4199 6851 4198 6852 4199 6852 4200 6852 4200 6853 4199 6853 4201 6853 4200 6854 4201 6854 4202 6854 4202 6855 4201 6855 4203 6855 4202 6856 4203 6856 4204 6856 4204 6857 4203 6857 4205 6857 4204 6858 4205 6858 4206 6858 4206 6859 4205 6859 4207 6859 4206 6860 4207 6860 4208 6860 4208 6861 4207 6861 4162 6861 4208 6862 4162 6862 4164 6862 4174 6863 4209 6863 4172 6863 4172 6864 4209 6864 4210 6864 4172 6865 4210 6865 4170 6865 4170 6866 4210 6866 4211 6866 4170 6867 4211 6867 4168 6867 4168 6868 4211 6868 4212 6868 4168 6869 4212 6869 4166 6869 4166 6870 4212 6870 4213 6870 4166 6871 4213 6871 4164 6871 4164 6872 4213 6872 4214 6872 4164 6873 4214 6873 4208 6873 4208 6874 4214 6874 4215 6874 4208 6875 4215 6875 4206 6875 4206 6876 4215 6876 4216 6876 4206 6877 4216 6877 4204 6877 4204 6878 4216 6878 4217 6878 4204 6879 4217 6879 4202 6879 4202 6880 4217 6880 4218 6880 4202 6881 4218 6881 4200 6881 4200 6882 4218 6882 4219 6882 4200 6883 4219 6883 4198 6883 4198 6884 4219 6884 4220 6884 4198 6885 4220 6885 4196 6885 4196 6886 4220 6886 4221 6886 4196 6887 4221 6887 4194 6887 4194 6888 4221 6888 4222 6888 4194 6889 4222 6889 4192 6889 4192 6890 4222 6890 4223 6890 4192 6891 4223 6891 4190 6891 4190 6892 4223 6892 4224 6892 4190 6893 4224 6893 4188 6893 4188 6894 4224 6894 4225 6894 4188 6895 4225 6895 4186 6895 4186 6896 4225 6896 4226 6896 4186 6897 4226 6897 4184 6897 4184 6898 4226 6898 4227 6898 4184 6899 4227 6899 4182 6899 4182 6900 4227 6900 4228 6900 4182 6901 4228 6901 4180 6901 4180 6902 4228 6902 4229 6902 4180 6903 4229 6903 4178 6903 4178 6904 4229 6904 4230 6904 4178 6905 4230 6905 4176 6905 4176 6906 4230 6906 4231 6906 4176 6907 4231 6907 4174 6907 4174 5221 4231 5221 4209 5221 4232 6908 4229 6908 4233 6908 4233 6909 4229 6909 4228 6909 4233 6910 4228 6910 4234 6910 4234 6911 4228 6911 4227 6911 4234 6912 4227 6912 4235 6912 4235 6913 4227 6913 4226 6913 4235 6914 4226 6914 4236 6914 4236 6915 4226 6915 4225 6915 4236 6916 4225 6916 4237 6916 4237 6917 4225 6917 4224 6917 4237 6918 4224 6918 4238 6918 4238 6919 4224 6919 4239 6919 4239 6920 4224 6920 4240 6920 4240 6921 4224 6921 4223 6921 4240 6922 4223 6922 4241 6922 4241 6923 4223 6923 4222 6923 4241 6924 4222 6924 4242 6924 4242 6925 4222 6925 4221 6925 4242 6926 4221 6926 4243 6926 4243 6927 4221 6927 4220 6927 4243 6928 4220 6928 4244 6928 4245 6929 4246 6929 4215 6929 4215 6930 4246 6930 4247 6930 4215 6931 4247 6931 4216 6931 4216 6932 4247 6932 4248 6932 4216 6933 4248 6933 4217 6933 4217 6934 4248 6934 4249 6934 4217 6935 4249 6935 4218 6935 4218 6936 4249 6936 4250 6936 4218 6937 4250 6937 4219 6937 4219 6938 4250 6938 4251 6938 4219 6939 4251 6939 4220 6939 4220 6940 4251 6940 4252 6940 4220 6941 4252 6941 4244 6941 4245 6942 4215 6942 4253 6942 4253 6943 4215 6943 4214 6943 4253 6944 4214 6944 4254 6944 4254 6945 4214 6945 4213 6945 4254 6946 4213 6946 4255 6946 4255 6947 4213 6947 4212 6947 4255 6948 4212 6948 4256 6948 4256 6949 4212 6949 4211 6949 4256 6950 4211 6950 4257 6950 4257 6951 4211 6951 4210 6951 4257 6952 4210 6952 4258 6952 4232 6953 4259 6953 4229 6953 4229 6954 4259 6954 4260 6954 4229 6955 4260 6955 4230 6955 4230 6956 4260 6956 4261 6956 4230 6957 4261 6957 4231 6957 4231 6958 4261 6958 4262 6958 4231 6959 4262 6959 4209 6959 4209 6960 4262 6960 4263 6960 4209 6961 4263 6961 4210 6961 4210 6962 4263 6962 4264 6962 4210 6963 4264 6963 4258 6963 4080 6964 4079 6964 4265 6964 4266 6965 4267 6965 4268 6965 4238 6966 4239 6966 4269 6966 4258 6967 4264 6967 4270 6967 4271 6968 4248 6968 4247 6968 4272 6969 4249 6969 4248 6969 4273 6970 4250 6970 4249 6970 4274 6971 4251 6971 4250 6971 4268 6972 4252 6972 4251 6972 4258 6973 4270 6973 4257 6973 4238 6974 4269 6974 4237 6974 4252 6975 4268 6975 4244 6975 4244 6976 4268 6976 4267 6976 4244 6977 4267 6977 4243 6977 4242 6978 4243 6978 4275 6978 4275 6979 4243 6979 4267 6979 4275 6980 4267 6980 4276 6980 4276 6981 4267 6981 4266 6981 4276 6982 4266 6982 4277 6982 4241 6983 4242 6983 4278 6983 4278 6984 4242 6984 4275 6984 4278 5478 4275 5478 4279 5478 4279 6985 4275 6985 4276 6985 4279 6986 4276 6986 4280 6986 4280 6987 4276 6987 4277 6987 4280 5592 4277 5592 4281 5592 4240 6988 4241 6988 4282 6988 4282 6989 4241 6989 4278 6989 4282 6990 4278 6990 4283 6990 4283 6991 4278 6991 4279 6991 4283 6992 4279 6992 4284 6992 4284 6993 4279 6993 4280 6993 4284 6994 4280 6994 4285 6994 4285 6994 4280 6994 4281 6994 4285 6995 4281 6995 4286 6995 4239 6996 4240 6996 4269 6996 4269 6997 4240 6997 4282 6997 4269 6998 4282 6998 4287 6998 4287 6999 4282 6999 4283 6999 4287 7000 4283 7000 4288 7000 4288 5488 4283 5488 4284 5488 4288 5489 4284 5489 4289 5489 4289 5489 4284 5489 4285 5489 4289 7001 4285 7001 4290 7001 4290 7002 4285 7002 4286 7002 4290 7003 4286 7003 4291 7003 4292 7004 4293 7004 4294 7004 4295 7005 4293 7005 4296 7005 4296 5453 4293 5453 4292 5453 4296 7006 4292 7006 4297 7006 4298 7007 4295 7007 4299 7007 4299 7008 4295 7008 4296 7008 4299 7009 4296 7009 4300 7009 4300 7010 4296 7010 4297 7010 4300 7011 4297 7011 4301 7011 4302 7012 4298 7012 4303 7012 4303 7013 4298 7013 4299 7013 4303 7014 4299 7014 4304 7014 4304 5471 4299 5471 4300 5471 4304 5472 4300 5472 4305 5472 4305 5472 4300 5472 4301 5472 4305 7015 4301 7015 4306 7015 4307 7016 4308 7016 4309 7016 4309 7017 4308 7017 4310 7017 4309 7018 4310 7018 4311 7018 4311 5585 4310 5585 4312 5585 4311 5584 4312 5584 4313 5584 4313 5584 4312 5584 4314 5584 4313 5583 4314 5583 4315 5583 4315 7019 4314 7019 4316 7019 4315 7020 4316 7020 4317 7020 4317 7021 4316 7021 4318 7021 4308 7022 4319 7022 4310 7022 4310 7023 4319 7023 4320 7023 4310 7024 4320 7024 4312 7024 4312 7025 4320 7025 4321 7025 4312 5575 4321 5575 4314 5575 4314 5575 4321 5575 4322 5575 4314 5574 4322 5574 4316 5574 4316 7026 4322 7026 4323 7026 4316 7027 4323 7027 4318 7027 4318 7028 4323 7028 4324 7028 4319 7029 4325 7029 4320 7029 4320 7030 4325 7030 4326 7030 4320 7031 4326 7031 4321 7031 4321 5567 4326 5567 4327 5567 4321 5566 4327 5566 4322 5566 4322 5566 4327 5566 4328 5566 4322 7032 4328 7032 4323 7032 4323 7033 4328 7033 4329 7033 4323 7034 4329 7034 4324 7034 4324 7035 4329 7035 4330 7035 4264 7036 4263 7036 4270 7036 4270 7037 4263 7037 4331 7037 4270 7038 4331 7038 4332 7038 4332 7039 4331 7039 4333 7039 4332 7040 4333 7040 4334 7040 4334 7041 4333 7041 4335 7041 4334 5557 4335 5557 4336 5557 4336 5557 4335 5557 4337 5557 4336 7042 4337 7042 4338 7042 4338 7043 4337 7043 4339 7043 4338 7044 4339 7044 4340 7044 4340 7045 4339 7045 4341 7045 4263 7046 4262 7046 4331 7046 4331 7047 4262 7047 4342 7047 4331 7048 4342 7048 4333 7048 4333 7049 4342 7049 4343 7049 4333 7050 4343 7050 4335 7050 4335 7051 4343 7051 4344 7051 4335 5546 4344 5546 4337 5546 4337 5546 4344 5546 4345 5546 4337 5545 4345 5545 4339 5545 4339 7052 4345 7052 4346 7052 4339 7053 4346 7053 4341 7053 4341 7054 4346 7054 4347 7054 4262 7055 4261 7055 4342 7055 4342 7056 4261 7056 4348 7056 4342 7057 4348 7057 4343 7057 4343 7058 4348 7058 4349 7058 4343 7059 4349 7059 4344 7059 4344 5536 4349 5536 4350 5536 4344 5535 4350 5535 4345 5535 4345 5535 4350 5535 4351 5535 4345 7060 4351 7060 4346 7060 4346 7061 4351 7061 4352 7061 4346 7062 4352 7062 4347 7062 4347 7063 4352 7063 4353 7063 4261 7064 4260 7064 4348 7064 4348 7065 4260 7065 4354 7065 4348 7066 4354 7066 4349 7066 4349 7067 4354 7067 4355 7067 4349 7068 4355 7068 4350 7068 4350 7069 4355 7069 4356 7069 4350 5524 4356 5524 4351 5524 4351 5524 4356 5524 4357 5524 4351 7070 4357 7070 4352 7070 4352 7071 4357 7071 4358 7071 4352 7072 4358 7072 4353 7072 4353 7073 4358 7073 4359 7073 4360 7074 4361 7074 4362 7074 4362 7075 4361 7075 4363 7075 4362 7076 4363 7076 4364 7076 4364 7077 4363 7077 4365 7077 4364 5513 4365 5513 4366 5513 4366 5513 4365 5513 4367 5513 4366 5512 4367 5512 4368 5512 4368 7078 4367 7078 4369 7078 4368 7079 4369 7079 4370 7079 4370 7080 4369 7080 4371 7080 4361 7081 4372 7081 4363 7081 4363 7082 4372 7082 4373 7082 4363 7083 4373 7083 4365 7083 4365 5505 4373 5505 4374 5505 4365 5504 4374 5504 4367 5504 4367 5504 4374 5504 4375 5504 4367 7084 4375 7084 4369 7084 4369 7085 4375 7085 4376 7085 4369 7086 4376 7086 4371 7086 4371 7087 4376 7087 4377 7087 4372 7088 4378 7088 4373 7088 4373 7089 4378 7089 4379 7089 4373 7090 4379 7090 4374 7090 4374 5496 4379 5496 4380 5496 4374 5495 4380 5495 4375 5495 4375 5495 4380 5495 4381 5495 4375 5494 4381 5494 4376 5494 4376 7091 4381 7091 4382 7091 4376 7092 4382 7092 4377 7092 4377 7093 4382 7093 4383 7093 4384 7094 4306 7094 4385 7094 4385 7095 4306 7095 4301 7095 4385 7096 4301 7096 4386 7096 4386 7011 4301 7011 4297 7011 4386 5457 4297 5457 4387 5457 4387 7097 4297 7097 4292 7097 4387 7098 4292 7098 4388 7098 4388 7099 4292 7099 4294 7099 4388 7100 4294 7100 4389 7100 4389 7101 4294 7101 4083 7101 4389 7102 4083 7102 4082 7102 4298 7103 4089 7103 4295 7103 4295 7104 4089 7104 4087 7104 4295 7105 4087 7105 4293 7105 4293 7106 4087 7106 4086 7106 4293 7107 4086 7107 4294 7107 4294 7108 4086 7108 4084 7108 4294 7109 4084 7109 4083 7109 4094 7110 4096 7110 4390 7110 4390 7111 4096 7111 4302 7111 4390 7112 4302 7112 4391 7112 4391 7113 4302 7113 4303 7113 4391 7114 4303 7114 4392 7114 4392 7115 4303 7115 4304 7115 4392 5736 4304 5736 4393 5736 4393 5736 4304 5736 4305 5736 4393 5735 4305 5735 4394 5735 4394 7116 4305 7116 4306 7116 4394 7117 4306 7117 4395 7117 4395 7118 4306 7118 4384 7118 4395 7119 4384 7119 4246 7119 4246 7120 4384 7120 4247 7120 4096 7121 4097 7121 4302 7121 4302 7122 4097 7122 4093 7122 4302 7123 4093 7123 4298 7123 4298 7124 4093 7124 4091 7124 4298 7125 4091 7125 4089 7125 4395 7126 4307 7126 4394 7126 4394 7127 4307 7127 4309 7127 4394 7128 4309 7128 4393 7128 4393 7129 4309 7129 4311 7129 4393 5716 4311 5716 4392 5716 4392 5716 4311 5716 4313 5716 4392 5717 4313 5717 4391 5717 4391 7130 4313 7130 4315 7130 4391 7131 4315 7131 4390 7131 4390 7132 4315 7132 4317 7132 4390 7133 4317 7133 4094 7133 4108 5752 4107 5752 4396 5752 4396 7134 4107 7134 4330 7134 4396 7135 4330 7135 4397 7135 4397 7136 4330 7136 4329 7136 4397 7137 4329 7137 4398 7137 4398 7138 4329 7138 4328 7138 4398 7139 4328 7139 4399 7139 4399 7139 4328 7139 4327 7139 4399 7140 4327 7140 4400 7140 4400 7141 4327 7141 4326 7141 4400 7142 4326 7142 4401 7142 4401 7143 4326 7143 4325 7143 4107 7144 4105 7144 4330 7144 4330 7145 4105 7145 4103 7145 4330 7146 4103 7146 4324 7146 4324 7147 4103 7147 4101 7147 4324 7148 4101 7148 4318 7148 4318 7149 4101 7149 4099 7149 4318 7150 4099 7150 4317 7150 4317 7151 4099 7151 4098 7151 4317 7152 4098 7152 4094 7152 4246 7153 4245 7153 4395 7153 4395 7154 4245 7154 4253 7154 4395 7155 4253 7155 4307 7155 4307 7156 4253 7156 4254 7156 4307 7157 4254 7157 4308 7157 4308 7158 4254 7158 4255 7158 4308 7159 4255 7159 4319 7159 4319 7160 4255 7160 4256 7160 4319 7161 4256 7161 4325 7161 4325 7162 4256 7162 4257 7162 4325 7163 4257 7163 4401 7163 4401 7164 4257 7164 4270 7164 4401 7165 4270 7165 4400 7165 4400 7166 4270 7166 4332 7166 4400 7167 4332 7167 4399 7167 4399 7168 4332 7168 4334 7168 4399 5682 4334 5682 4398 5682 4398 5682 4334 5682 4336 5682 4398 5683 4336 5683 4397 5683 4397 7169 4336 7169 4338 7169 4397 7170 4338 7170 4396 7170 4396 7171 4338 7171 4340 7171 4396 7172 4340 7172 4108 7172 4058 7173 4056 7173 4402 7173 4402 7174 4056 7174 4359 7174 4402 7175 4359 7175 4403 7175 4403 7176 4359 7176 4358 7176 4403 7177 4358 7177 4404 7177 4404 7178 4358 7178 4357 7178 4404 5670 4357 5670 4405 5670 4405 5670 4357 5670 4356 5670 4405 5671 4356 5671 4406 5671 4406 7179 4356 7179 4355 7179 4406 7180 4355 7180 4407 7180 4407 7181 4355 7181 4354 7181 4407 7182 4354 7182 4259 7182 4259 7183 4354 7183 4260 7183 4056 7184 4055 7184 4359 7184 4359 7185 4055 7185 4053 7185 4359 7186 4053 7186 4353 7186 4353 7187 4053 7187 4052 7187 4353 7188 4052 7188 4347 7188 4347 7189 4052 7189 4113 7189 4347 7190 4113 7190 4341 7190 4341 7191 4113 7191 4114 7191 4341 7192 4114 7192 4340 7192 4340 7193 4114 7193 4109 7193 4340 7194 4109 7194 4108 7194 4407 7195 4360 7195 4406 7195 4406 7196 4360 7196 4362 7196 4406 7197 4362 7197 4405 7197 4405 7198 4362 7198 4364 7198 4405 7199 4364 7199 4404 7199 4404 7199 4364 7199 4366 7199 4404 7200 4366 7200 4403 7200 4403 7201 4366 7201 4368 7201 4403 7202 4368 7202 4402 7202 4402 7203 4368 7203 4370 7203 4402 7204 4370 7204 4058 7204 4069 7205 4068 7205 4408 7205 4408 7206 4068 7206 4383 7206 4408 7207 4383 7207 4409 7207 4409 7208 4383 7208 4382 7208 4409 7209 4382 7209 4410 7209 4410 7210 4382 7210 4381 7210 4410 5628 4381 5628 4411 5628 4411 5628 4381 5628 4380 5628 4411 5629 4380 5629 4412 5629 4412 7211 4380 7211 4379 7211 4412 7212 4379 7212 4413 7212 4413 7213 4379 7213 4378 7213 4068 7214 4066 7214 4383 7214 4383 7215 4066 7215 4064 7215 4383 7216 4064 7216 4377 7216 4377 7217 4064 7217 4062 7217 4377 7218 4062 7218 4371 7218 4371 7219 4062 7219 4061 7219 4371 7220 4061 7220 4370 7220 4370 7221 4061 7221 4059 7221 4370 7222 4059 7222 4058 7222 4070 7223 4069 7223 4291 7223 4291 7224 4069 7224 4408 7224 4291 7225 4408 7225 4290 7225 4290 7226 4408 7226 4409 7226 4290 7227 4409 7227 4289 7227 4289 5613 4409 5613 4410 5613 4289 5612 4410 5612 4288 5612 4288 5612 4410 5612 4411 5612 4288 7228 4411 7228 4287 7228 4287 7229 4411 7229 4412 7229 4287 7230 4412 7230 4269 7230 4269 7231 4412 7231 4413 7231 4269 7232 4413 7232 4237 7232 4237 7233 4413 7233 4378 7233 4237 7234 4378 7234 4236 7234 4236 7235 4378 7235 4372 7235 4236 7236 4372 7236 4235 7236 4235 7237 4372 7237 4361 7237 4235 7238 4361 7238 4234 7238 4234 7239 4361 7239 4360 7239 4234 7240 4360 7240 4233 7240 4233 7241 4360 7241 4407 7241 4233 7242 4407 7242 4232 7242 4232 5634 4407 5634 4259 5634 4414 7243 4073 7243 4072 7243 4251 7244 4274 7244 4268 7244 4268 7245 4274 7245 4415 7245 4268 7246 4415 7246 4266 7246 4266 7247 4415 7247 4416 7247 4266 7248 4416 7248 4277 7248 4277 5794 4416 5794 4417 5794 4277 5592 4417 5592 4281 5592 4281 5805 4417 5805 4418 5805 4281 7249 4418 7249 4286 7249 4286 7250 4418 7250 4414 7250 4286 7251 4414 7251 4291 7251 4291 7252 4414 7252 4072 7252 4291 7253 4072 7253 4070 7253 4250 7254 4273 7254 4274 7254 4274 7255 4273 7255 4419 7255 4274 7256 4419 7256 4415 7256 4415 7257 4419 7257 4420 7257 4415 7258 4420 7258 4416 7258 4416 5783 4420 5783 4421 5783 4416 5794 4421 5794 4417 5794 4417 7259 4421 7259 4422 7259 4417 7260 4422 7260 4418 7260 4418 7261 4422 7261 4423 7261 4418 7262 4423 7262 4414 7262 4414 7263 4423 7263 4075 7263 4414 7264 4075 7264 4073 7264 4249 7265 4272 7265 4273 7265 4273 7266 4272 7266 4424 7266 4273 7267 4424 7267 4419 7267 4419 7268 4424 7268 4425 7268 4419 5784 4425 5784 4420 5784 4420 5771 4425 5771 4426 5771 4420 5783 4426 5783 4421 5783 4421 5782 4426 5782 4427 5782 4421 7269 4427 7269 4422 7269 4422 7270 4427 7270 4428 7270 4422 5792 4428 5792 4423 5792 4423 7271 4428 7271 4076 7271 4423 7272 4076 7272 4075 7272 4248 7273 4271 7273 4272 7273 4272 7274 4271 7274 4429 7274 4272 5787 4429 5787 4424 5787 4424 7275 4429 7275 4430 7275 4424 7268 4430 7268 4425 7268 4425 5759 4430 5759 4431 5759 4425 5771 4431 5771 4426 5771 4426 7276 4431 7276 4432 7276 4426 7277 4432 7277 4427 7277 4427 7278 4432 7278 4265 7278 4427 7279 4265 7279 4428 7279 4428 7280 4265 7280 4079 7280 4428 7281 4079 7281 4076 7281 4247 7282 4384 7282 4271 7282 4271 7283 4384 7283 4385 7283 4271 7284 4385 7284 4429 7284 4429 7285 4385 7285 4386 7285 4429 5760 4386 5760 4430 5760 4430 5457 4386 5457 4387 5457 4430 5759 4387 5759 4431 5759 4431 7098 4387 7098 4388 7098 4431 7286 4388 7286 4432 7286 4432 7287 4388 7287 4389 7287 4432 7288 4389 7288 4265 7288 4265 7289 4389 7289 4082 7289 4265 7290 4082 7290 4080 7290 4043 5852 4139 5852 4138 5852 4043 7291 4138 7291 4044 7291 4042 4587 4041 4587 4143 4587 4045 7292 4146 7292 4040 7292 4040 7293 4146 7293 4145 7293 4040 7294 4145 7294 4041 7294 4041 7295 4145 7295 4144 7295 4041 4588 4144 4588 4143 4588 4050 7296 4051 7296 4158 7296 4138 7297 4161 7297 4044 7297 4044 7298 4161 7298 4160 7298 4044 7299 4160 7299 4051 7299 4051 7300 4160 7300 4159 7300 4051 7301 4159 7301 4158 7301 4143 4588 4142 4588 4042 4588 4042 7302 4142 7302 4141 7302 4042 7303 4141 7303 4043 7303 4043 7304 4141 7304 4140 7304 4043 4588 4140 4588 4139 4588 4046 7305 4148 7305 4045 7305 4045 7306 4148 7306 4147 7306 4045 7307 4147 7307 4146 7307 4047 7308 4150 7308 4046 7308 4046 7309 4150 7309 4149 7309 4046 7310 4149 7310 4148 7310 4158 7311 4157 7311 4050 7311 4050 7311 4157 7311 4156 7311 4050 7312 4156 7312 4049 7312 4048 7313 4152 7313 4047 7313 4047 7314 4152 7314 4151 7314 4047 7315 4151 7315 4150 7315 4156 7316 4155 7316 4049 7316 4049 7317 4155 7317 4154 7317 4049 7318 4154 7318 4048 7318 4048 7319 4154 7319 4153 7319 4048 7320 4153 7320 4152 7320 3223 7321 4197 7321 3222 7321 3222 7322 4197 7322 4195 7322 3222 7323 4195 7323 3221 7323 3217 7324 3218 7324 4179 7324 3219 7325 4183 7325 3218 7325 3218 7326 4183 7326 4181 7326 3218 7327 4181 7327 4179 7327 3220 7328 4187 7328 3219 7328 3219 7329 4187 7329 4185 7329 3219 7330 4185 7330 4183 7330 4195 7331 4193 7331 3221 7331 3221 7332 4193 7332 4191 7332 3221 7333 4191 7333 3220 7333 3220 7334 4191 7334 4189 7334 3220 7335 4189 7335 4187 7335 3226 4699 4201 4699 3223 4699 3223 4695 4201 4695 4199 4695 3223 7336 4199 7336 4197 7336 4162 5811 3225 5811 4163 5811 4163 7337 3225 7337 3224 7337 4162 4695 4207 4695 3225 4695 3225 7338 4207 7338 4205 7338 3225 7339 4205 7339 3226 7339 3226 7340 4205 7340 4203 7340 3226 4695 4203 4695 4201 4695 3215 7341 4167 7341 3224 7341 3224 7342 4167 7342 4165 7342 3224 7343 4165 7343 4163 7343 3216 7344 4171 7344 3215 7344 3215 7345 4171 7345 4169 7345 3215 7346 4169 7346 4167 7346 4179 7347 4177 7347 3217 7347 3217 7348 4177 7348 4175 7348 3217 7349 4175 7349 3216 7349 3216 7350 4175 7350 4173 7350 3216 7350 4173 7350 4171 7350 4433 7351 4434 7351 3073 7351 3073 7352 4434 7352 3229 7352 3229 7353 4434 7353 4435 7353 3229 7354 4435 7354 3227 7354 4436 7355 3234 7355 4435 7355 4435 7356 3234 7356 3228 7356 4435 7357 3228 7357 3227 7357 4437 7358 3232 7358 4436 7358 4436 7359 3232 7359 3233 7359 4436 7360 3233 7360 3234 7360 3070 7361 3230 7361 4437 7361 4437 7362 3230 7362 3231 7362 4437 7363 3231 7363 3232 7363 3073 7364 3074 7364 4433 7364 4433 7365 3074 7365 3075 7365 4433 7366 3075 7366 4438 7366 4438 5087 3075 5087 3076 5087 4438 5087 3076 5087 4439 5087 4439 5086 3076 5086 3077 5086 4439 5086 3077 5086 4440 5086 4440 5085 3077 5085 3078 5085 4440 5085 3078 5085 4441 5085 4441 5084 3078 5084 3072 5084 4441 5084 3072 5084 4442 5084 4442 7367 3072 7367 3071 7367 4442 7368 3071 7368 4443 7368 4443 7369 3071 7369 3070 7369 4443 7370 3070 7370 4444 7370 4444 7371 3070 7371 4437 7371 4445 7372 4446 7372 4447 7372 4446 7373 4448 7373 4447 7373 4447 7374 4448 7374 4449 7374 4447 7375 4449 7375 4450 7375 4449 7376 4451 7376 4450 7376 4450 7377 4451 7377 4452 7377 4450 7378 4452 7378 4453 7378 4452 7379 4454 7379 4453 7379 4453 7380 4454 7380 4455 7380 4453 7381 4455 7381 4456 7381 4456 7382 4455 7382 4457 7382 4456 7383 4457 7383 4458 7383 4458 7384 4457 7384 4459 7384 4458 7385 4459 7385 4460 7385 4460 7386 4459 7386 4461 7386 4461 7387 4462 7387 4460 7387 4460 7388 4462 7388 4463 7388 4460 7389 4463 7389 4464 7389 4463 7390 4465 7390 4464 7390 4464 7391 4465 7391 4466 7391 4464 7392 4466 7392 4467 7392 4466 7393 4468 7393 4467 7393 4467 7394 4468 7394 4469 7394 4467 7395 4469 7395 4470 7395 4470 7396 4469 7396 4471 7396 4469 7397 4472 7397 4471 7397 4471 7398 4472 7398 4473 7398 4471 7399 4473 7399 4474 7399 4474 7400 4473 7400 4475 7400 4475 7401 4476 7401 4474 7401 4474 7402 4476 7402 4477 7402 4474 7403 4477 7403 4478 7403 4477 7404 4479 7404 4478 7404 4478 7405 4479 7405 4480 7405 4478 7406 4480 7406 4481 7406 4481 7407 4480 7407 4482 7407 4481 7408 4482 7408 4483 7408 4483 7409 4482 7409 4484 7409 4483 7410 4484 7410 4485 7410 4485 7411 4484 7411 4486 7411 4487 7412 4488 7412 4489 7412 4489 7413 4488 7413 4485 7413 4489 7414 4485 7414 4490 7414 4490 7415 4485 7415 4486 7415 4491 7416 4492 7416 4493 7416 4493 7417 4492 7417 4494 7417 4493 7418 4494 7418 4495 7418 4495 7419 4494 7419 4496 7419 4495 7420 4496 7420 4497 7420 4497 7421 4496 7421 4498 7421 4497 7422 4498 7422 4499 7422 4499 7423 4498 7423 4500 7423 4500 7424 4501 7424 4499 7424 4499 7425 4501 7425 4502 7425 4499 7426 4502 7426 4503 7426 4447 7427 4504 7427 4445 7427 4445 7428 4504 7428 4505 7428 4445 7429 4505 7429 4506 7429 4506 7430 4505 7430 4503 7430 4506 7431 4503 7431 4507 7431 4507 7432 4503 7432 4502 7432 4488 7433 4508 7433 4509 7433 4488 7434 4509 7434 4485 7434 4485 7435 4509 7435 4510 7435 4485 7436 4510 7436 4483 7436 4483 7437 4510 7437 4511 7437 4483 7438 4511 7438 4481 7438 4481 7439 4511 7439 4512 7439 4481 7440 4512 7440 4478 7440 4478 7441 4512 7441 4513 7441 4478 7442 4513 7442 4474 7442 4474 7443 4513 7443 4514 7443 4474 7444 4514 7444 4471 7444 4471 7445 4514 7445 4515 7445 4471 7446 4515 7446 4470 7446 4470 7447 4515 7447 4516 7447 4470 7448 4516 7448 4467 7448 4467 7449 4516 7449 4517 7449 4467 7450 4517 7450 4464 7450 4464 7451 4517 7451 4518 7451 4464 7452 4518 7452 4460 7452 4460 7453 4518 7453 4519 7453 4460 7454 4519 7454 4458 7454 4458 7455 4519 7455 4520 7455 4458 7456 4520 7456 4456 7456 4456 7457 4520 7457 4521 7457 4456 7458 4521 7458 4453 7458 4453 7459 4521 7459 4522 7459 4453 7460 4522 7460 4450 7460 4450 7461 4522 7461 4523 7461 4450 7462 4523 7462 4447 7462 4447 7463 4523 7463 4524 7463 4447 7464 4524 7464 4504 7464 4504 7465 4524 7465 4525 7465 4504 6142 4525 6142 4505 6142 4505 7466 4525 7466 4526 7466 4505 7467 4526 7467 4503 7467 4503 7468 4526 7468 4527 7468 4503 7469 4527 7469 4499 7469 4499 7470 4527 7470 4528 7470 4499 7471 4528 7471 4497 7471 4497 7472 4528 7472 4529 7472 4497 7473 4529 7473 4495 7473 4495 7474 4529 7474 4530 7474 4495 7475 4530 7475 4493 7475 4531 7476 4532 7476 4508 7476 4532 7477 4533 7477 4508 7477 4508 7478 4533 7478 4534 7478 4508 7479 4534 7479 4509 7479 4509 7480 4534 7480 4535 7480 4509 7481 4535 7481 4510 7481 4510 7482 4535 7482 4536 7482 4510 7483 4536 7483 4511 7483 4511 7484 4536 7484 4537 7484 4511 7485 4537 7485 4512 7485 4512 7486 4537 7486 4538 7486 4512 7487 4538 7487 4513 7487 4513 7488 4538 7488 4539 7488 4513 7489 4539 7489 4514 7489 4514 7490 4539 7490 4540 7490 4514 7491 4540 7491 4515 7491 4515 7492 4540 7492 4541 7492 4515 7493 4541 7493 4516 7493 4516 7494 4541 7494 4542 7494 4516 7495 4542 7495 4517 7495 4517 7496 4542 7496 4543 7496 4517 7497 4543 7497 4518 7497 4518 7498 4543 7498 4544 7498 4518 7499 4544 7499 4519 7499 4519 7500 4544 7500 4545 7500 4519 7501 4545 7501 4520 7501 4520 7502 4545 7502 4546 7502 4520 7503 4546 7503 4521 7503 4521 7504 4546 7504 4547 7504 4521 7505 4547 7505 4522 7505 4522 7506 4547 7506 4548 7506 4522 7507 4548 7507 4523 7507 4523 7508 4548 7508 4549 7508 4523 7509 4549 7509 4524 7509 4524 7510 4549 7510 4550 7510 4524 7511 4550 7511 4525 7511 4525 7512 4550 7512 4551 7512 4525 7513 4551 7513 4526 7513 4526 7514 4551 7514 4552 7514 4526 7515 4552 7515 4527 7515 4527 7516 4552 7516 4553 7516 4527 7517 4553 7517 4528 7517 4528 7518 4553 7518 4554 7518 4528 7519 4554 7519 4529 7519 4529 7520 4554 7520 4531 7520 4529 7521 4531 7521 4530 7521 4530 7522 4531 7522 4508 7522 4530 7523 4508 7523 4493 7523 4493 7524 4508 7524 4488 7524 4493 7525 4488 7525 4491 7525 4491 7526 4488 7526 4487 7526 4555 7527 4556 7527 4557 7527 4557 7528 4556 7528 4558 7528 4557 7529 4558 7529 4559 7529 4559 7530 4558 7530 4560 7530 4559 7531 4560 7531 4561 7531 4561 7532 4560 7532 4562 7532 4561 7533 4562 7533 4563 7533 4563 7534 4562 7534 4564 7534 4563 7535 4564 7535 4565 7535 4565 7536 4564 7536 4566 7536 4565 7537 4566 7537 4567 7537 4567 7538 4566 7538 4568 7538 4567 7539 4568 7539 4569 7539 4569 7540 4568 7540 4570 7540 4569 7541 4570 7541 4571 7541 4571 7542 4570 7542 4572 7542 4571 7543 4572 7543 4573 7543 4573 7544 4572 7544 4574 7544 4573 7545 4574 7545 4575 7545 4575 7546 4574 7546 4576 7546 4575 7547 4576 7547 4577 7547 4577 7548 4576 7548 4578 7548 4577 7549 4578 7549 4579 7549 4579 7550 4578 7550 4580 7550 4579 7551 4580 7551 4581 7551 4581 7552 4580 7552 4582 7552 4581 7553 4582 7553 4583 7553 4583 7554 4582 7554 4584 7554 4583 7555 4584 7555 4585 7555 4585 7556 4584 7556 4586 7556 4585 7557 4586 7557 4587 7557 4587 7558 4586 7558 4588 7558 4587 7559 4588 7559 4589 7559 4589 7560 4588 7560 4590 7560 4589 7561 4590 7561 4591 7561 4591 7562 4590 7562 4592 7562 4591 7563 4592 7563 4593 7563 4593 7564 4592 7564 4594 7564 4593 7565 4594 7565 4595 7565 4595 7566 4594 7566 4596 7566 4595 7567 4596 7567 4597 7567 4597 7568 4596 7568 4598 7568 4597 7569 4598 7569 4599 7569 4599 7570 4598 7570 4600 7570 4599 7571 4600 7571 4601 7571 4601 7572 4600 7572 4555 7572 4601 7573 4555 7573 4557 7573 4567 7574 4602 7574 4565 7574 4565 7575 4602 7575 4603 7575 4565 7576 4603 7576 4563 7576 4563 7577 4603 7577 4604 7577 4563 7578 4604 7578 4561 7578 4561 7579 4604 7579 4605 7579 4561 7580 4605 7580 4559 7580 4559 7581 4605 7581 4606 7581 4559 7582 4606 7582 4557 7582 4557 7583 4606 7583 4607 7583 4557 7584 4607 7584 4601 7584 4601 7585 4607 7585 4608 7585 4601 7586 4608 7586 4599 7586 4599 7587 4608 7587 4609 7587 4599 7588 4609 7588 4597 7588 4597 7589 4609 7589 4610 7589 4597 7590 4610 7590 4595 7590 4595 7591 4610 7591 4611 7591 4595 7592 4611 7592 4593 7592 4593 7593 4611 7593 4612 7593 4593 7594 4612 7594 4591 7594 4591 7595 4612 7595 4613 7595 4591 7596 4613 7596 4589 7596 4589 7597 4613 7597 4614 7597 4589 7598 4614 7598 4587 7598 4587 7599 4614 7599 4615 7599 4587 7600 4615 7600 4585 7600 4585 7601 4615 7601 4616 7601 4585 7602 4616 7602 4583 7602 4583 7603 4616 7603 4617 7603 4583 7604 4617 7604 4581 7604 4581 7605 4617 7605 4618 7605 4581 7606 4618 7606 4579 7606 4579 7607 4618 7607 4619 7607 4579 7608 4619 7608 4577 7608 4577 7609 4619 7609 4620 7609 4577 7610 4620 7610 4575 7610 4575 7611 4620 7611 4621 7611 4575 7612 4621 7612 4573 7612 4573 7613 4621 7613 4622 7613 4573 7614 4622 7614 4571 7614 4571 7615 4622 7615 4623 7615 4571 7616 4623 7616 4569 7616 4569 7617 4623 7617 4624 7617 4569 7618 4624 7618 4567 7618 4567 5988 4624 5988 4602 5988 4625 7619 4622 7619 4626 7619 4626 7620 4622 7620 4621 7620 4626 7621 4621 7621 4627 7621 4627 7622 4621 7622 4620 7622 4627 7623 4620 7623 4628 7623 4628 7624 4620 7624 4619 7624 4628 7625 4619 7625 4629 7625 4629 7626 4619 7626 4618 7626 4629 7627 4618 7627 4630 7627 4630 7628 4618 7628 4617 7628 4630 7629 4617 7629 4631 7629 4631 7630 4617 7630 4632 7630 4632 7631 4617 7631 4633 7631 4633 7632 4617 7632 4616 7632 4633 7633 4616 7633 4634 7633 4634 7634 4616 7634 4615 7634 4634 7635 4615 7635 4635 7635 4635 7636 4615 7636 4614 7636 4635 7637 4614 7637 4636 7637 4636 7638 4614 7638 4613 7638 4636 7639 4613 7639 4637 7639 4638 7640 4639 7640 4608 7640 4608 7641 4639 7641 4640 7641 4608 7642 4640 7642 4609 7642 4609 7643 4640 7643 4641 7643 4609 7644 4641 7644 4610 7644 4610 7645 4641 7645 4642 7645 4610 7646 4642 7646 4611 7646 4611 7647 4642 7647 4643 7647 4611 7648 4643 7648 4612 7648 4612 7649 4643 7649 4644 7649 4612 7650 4644 7650 4613 7650 4613 7651 4644 7651 4645 7651 4613 7652 4645 7652 4637 7652 4638 7653 4608 7653 4646 7653 4646 7654 4608 7654 4607 7654 4646 7655 4607 7655 4647 7655 4647 7656 4607 7656 4606 7656 4647 7657 4606 7657 4648 7657 4648 7658 4606 7658 4605 7658 4648 7659 4605 7659 4649 7659 4649 7660 4605 7660 4604 7660 4649 7661 4604 7661 4650 7661 4650 7662 4604 7662 4603 7662 4650 7663 4603 7663 4651 7663 4625 7664 4652 7664 4622 7664 4622 7665 4652 7665 4653 7665 4622 7666 4653 7666 4623 7666 4623 7667 4653 7667 4654 7667 4623 7668 4654 7668 4624 7668 4624 7669 4654 7669 4655 7669 4624 7670 4655 7670 4602 7670 4602 7671 4655 7671 4656 7671 4602 7672 4656 7672 4603 7672 4603 7673 4656 7673 4657 7673 4603 7674 4657 7674 4651 7674 4473 7675 4472 7675 4658 7675 4659 7676 4660 7676 4661 7676 4631 7677 4632 7677 4662 7677 4651 7678 4657 7678 4663 7678 4664 7679 4641 7679 4640 7679 4665 7680 4642 7680 4641 7680 4666 7681 4643 7681 4642 7681 4667 7682 4644 7682 4643 7682 4661 7683 4645 7683 4644 7683 4651 7684 4663 7684 4650 7684 4631 7685 4662 7685 4630 7685 4645 7686 4661 7686 4637 7686 4637 7687 4661 7687 4660 7687 4637 7688 4660 7688 4636 7688 4635 7689 4636 7689 4668 7689 4668 7690 4636 7690 4660 7690 4668 7691 4660 7691 4669 7691 4669 7692 4660 7692 4659 7692 4669 7693 4659 7693 4670 7693 4634 7694 4635 7694 4671 7694 4671 7695 4635 7695 4668 7695 4671 6245 4668 6245 4672 6245 4672 7696 4668 7696 4669 7696 4672 7697 4669 7697 4673 7697 4673 7698 4669 7698 4670 7698 4673 6359 4670 6359 4674 6359 4633 7699 4634 7699 4675 7699 4675 7700 4634 7700 4671 7700 4675 7701 4671 7701 4676 7701 4676 7702 4671 7702 4672 7702 4676 7703 4672 7703 4677 7703 4677 7704 4672 7704 4673 7704 4677 7705 4673 7705 4678 7705 4678 7705 4673 7705 4674 7705 4678 7706 4674 7706 4679 7706 4632 7707 4633 7707 4662 7707 4662 7708 4633 7708 4675 7708 4662 7709 4675 7709 4680 7709 4680 7710 4675 7710 4676 7710 4680 7711 4676 7711 4681 7711 4681 6255 4676 6255 4677 6255 4681 6256 4677 6256 4682 6256 4682 6256 4677 6256 4678 6256 4682 7712 4678 7712 4683 7712 4683 7713 4678 7713 4679 7713 4683 7714 4679 7714 4684 7714 4685 7715 4686 7715 4687 7715 4688 7716 4686 7716 4689 7716 4689 6220 4686 6220 4685 6220 4689 7717 4685 7717 4690 7717 4691 7718 4688 7718 4692 7718 4692 7719 4688 7719 4689 7719 4692 7720 4689 7720 4693 7720 4693 7721 4689 7721 4690 7721 4693 7722 4690 7722 4694 7722 4695 7723 4691 7723 4696 7723 4696 7724 4691 7724 4692 7724 4696 7725 4692 7725 4697 7725 4697 6238 4692 6238 4693 6238 4697 6239 4693 6239 4698 6239 4698 6239 4693 6239 4694 6239 4698 7726 4694 7726 4699 7726 4700 7727 4701 7727 4702 7727 4702 7728 4701 7728 4703 7728 4702 7729 4703 7729 4704 7729 4704 6352 4703 6352 4705 6352 4704 6351 4705 6351 4706 6351 4706 6351 4705 6351 4707 6351 4706 6350 4707 6350 4708 6350 4708 7730 4707 7730 4709 7730 4708 7731 4709 7731 4710 7731 4710 7732 4709 7732 4711 7732 4701 7733 4712 7733 4703 7733 4703 7734 4712 7734 4713 7734 4703 7735 4713 7735 4705 7735 4705 7736 4713 7736 4714 7736 4705 6342 4714 6342 4707 6342 4707 6342 4714 6342 4715 6342 4707 6341 4715 6341 4709 6341 4709 7737 4715 7737 4716 7737 4709 7738 4716 7738 4711 7738 4711 7739 4716 7739 4717 7739 4712 7740 4718 7740 4713 7740 4713 7741 4718 7741 4719 7741 4713 7742 4719 7742 4714 7742 4714 6334 4719 6334 4720 6334 4714 6333 4720 6333 4715 6333 4715 6333 4720 6333 4721 6333 4715 7743 4721 7743 4716 7743 4716 7744 4721 7744 4722 7744 4716 7745 4722 7745 4717 7745 4717 7746 4722 7746 4723 7746 4657 7747 4656 7747 4663 7747 4663 7748 4656 7748 4724 7748 4663 7749 4724 7749 4725 7749 4725 7750 4724 7750 4726 7750 4725 7751 4726 7751 4727 7751 4727 7752 4726 7752 4728 7752 4727 6324 4728 6324 4729 6324 4729 6324 4728 6324 4730 6324 4729 7753 4730 7753 4731 7753 4731 7754 4730 7754 4732 7754 4731 7755 4732 7755 4733 7755 4733 7756 4732 7756 4734 7756 4656 7757 4655 7757 4724 7757 4724 7758 4655 7758 4735 7758 4724 7759 4735 7759 4726 7759 4726 7760 4735 7760 4736 7760 4726 7761 4736 7761 4728 7761 4728 7762 4736 7762 4737 7762 4728 6313 4737 6313 4730 6313 4730 6313 4737 6313 4738 6313 4730 6312 4738 6312 4732 6312 4732 7763 4738 7763 4739 7763 4732 7764 4739 7764 4734 7764 4734 7765 4739 7765 4740 7765 4655 7766 4654 7766 4735 7766 4735 7767 4654 7767 4741 7767 4735 7768 4741 7768 4736 7768 4736 7769 4741 7769 4742 7769 4736 7770 4742 7770 4737 7770 4737 6303 4742 6303 4743 6303 4737 6302 4743 6302 4738 6302 4738 6302 4743 6302 4744 6302 4738 7771 4744 7771 4739 7771 4739 7772 4744 7772 4745 7772 4739 7773 4745 7773 4740 7773 4740 7774 4745 7774 4746 7774 4654 7775 4653 7775 4741 7775 4741 7776 4653 7776 4747 7776 4741 7777 4747 7777 4742 7777 4742 7778 4747 7778 4748 7778 4742 7779 4748 7779 4743 7779 4743 7780 4748 7780 4749 7780 4743 6291 4749 6291 4744 6291 4744 6291 4749 6291 4750 6291 4744 7781 4750 7781 4745 7781 4745 7782 4750 7782 4751 7782 4745 7783 4751 7783 4746 7783 4746 7784 4751 7784 4752 7784 4753 7785 4754 7785 4755 7785 4755 7786 4754 7786 4756 7786 4755 7787 4756 7787 4757 7787 4757 7788 4756 7788 4758 7788 4757 6280 4758 6280 4759 6280 4759 6280 4758 6280 4760 6280 4759 6279 4760 6279 4761 6279 4761 7789 4760 7789 4762 7789 4761 7790 4762 7790 4763 7790 4763 7791 4762 7791 4764 7791 4754 7792 4765 7792 4756 7792 4756 7793 4765 7793 4766 7793 4756 7794 4766 7794 4758 7794 4758 6272 4766 6272 4767 6272 4758 6271 4767 6271 4760 6271 4760 6271 4767 6271 4768 6271 4760 7795 4768 7795 4762 7795 4762 7796 4768 7796 4769 7796 4762 7797 4769 7797 4764 7797 4764 7798 4769 7798 4770 7798 4765 7799 4771 7799 4766 7799 4766 7800 4771 7800 4772 7800 4766 7801 4772 7801 4767 7801 4767 6263 4772 6263 4773 6263 4767 6262 4773 6262 4768 6262 4768 6262 4773 6262 4774 6262 4768 6261 4774 6261 4769 6261 4769 7802 4774 7802 4775 7802 4769 7803 4775 7803 4770 7803 4770 7804 4775 7804 4776 7804 4777 7805 4699 7805 4778 7805 4778 7806 4699 7806 4694 7806 4778 7807 4694 7807 4779 7807 4779 7722 4694 7722 4690 7722 4779 6224 4690 6224 4780 6224 4780 7808 4690 7808 4685 7808 4780 7809 4685 7809 4781 7809 4781 7810 4685 7810 4687 7810 4781 7811 4687 7811 4782 7811 4782 7812 4687 7812 4476 7812 4782 7813 4476 7813 4475 7813 4691 7814 4482 7814 4688 7814 4688 7815 4482 7815 4480 7815 4688 7816 4480 7816 4686 7816 4686 7817 4480 7817 4479 7817 4686 7818 4479 7818 4687 7818 4687 7819 4479 7819 4477 7819 4687 7820 4477 7820 4476 7820 4487 7821 4489 7821 4783 7821 4783 7822 4489 7822 4695 7822 4783 7823 4695 7823 4784 7823 4784 7824 4695 7824 4696 7824 4784 7825 4696 7825 4785 7825 4785 7826 4696 7826 4697 7826 4785 6503 4697 6503 4786 6503 4786 6503 4697 6503 4698 6503 4786 6502 4698 6502 4787 6502 4787 7827 4698 7827 4699 7827 4787 7828 4699 7828 4788 7828 4788 7829 4699 7829 4777 7829 4788 7830 4777 7830 4639 7830 4639 7831 4777 7831 4640 7831 4489 7832 4490 7832 4695 7832 4695 7833 4490 7833 4486 7833 4695 7834 4486 7834 4691 7834 4691 7835 4486 7835 4484 7835 4691 7836 4484 7836 4482 7836 4788 7837 4700 7837 4787 7837 4787 7838 4700 7838 4702 7838 4787 7839 4702 7839 4786 7839 4786 7840 4702 7840 4704 7840 4786 6483 4704 6483 4785 6483 4785 6483 4704 6483 4706 6483 4785 6484 4706 6484 4784 6484 4784 7841 4706 7841 4708 7841 4784 7842 4708 7842 4783 7842 4783 7843 4708 7843 4710 7843 4783 7844 4710 7844 4487 7844 4501 6519 4500 6519 4789 6519 4789 7845 4500 7845 4723 7845 4789 7846 4723 7846 4790 7846 4790 7847 4723 7847 4722 7847 4790 7848 4722 7848 4791 7848 4791 7849 4722 7849 4721 7849 4791 7850 4721 7850 4792 7850 4792 7850 4721 7850 4720 7850 4792 7851 4720 7851 4793 7851 4793 7852 4720 7852 4719 7852 4793 7853 4719 7853 4794 7853 4794 7854 4719 7854 4718 7854 4500 7855 4498 7855 4723 7855 4723 7856 4498 7856 4496 7856 4723 7857 4496 7857 4717 7857 4717 7858 4496 7858 4494 7858 4717 7859 4494 7859 4711 7859 4711 7860 4494 7860 4492 7860 4711 7861 4492 7861 4710 7861 4710 7862 4492 7862 4491 7862 4710 7863 4491 7863 4487 7863 4639 7864 4638 7864 4788 7864 4788 7865 4638 7865 4646 7865 4788 7866 4646 7866 4700 7866 4700 7867 4646 7867 4647 7867 4700 7868 4647 7868 4701 7868 4701 7869 4647 7869 4648 7869 4701 7870 4648 7870 4712 7870 4712 7871 4648 7871 4649 7871 4712 7872 4649 7872 4718 7872 4718 7873 4649 7873 4650 7873 4718 7874 4650 7874 4794 7874 4794 7875 4650 7875 4663 7875 4794 7876 4663 7876 4793 7876 4793 7877 4663 7877 4725 7877 4793 7878 4725 7878 4792 7878 4792 7879 4725 7879 4727 7879 4792 6449 4727 6449 4791 6449 4791 6449 4727 6449 4729 6449 4791 6450 4729 6450 4790 6450 4790 7880 4729 7880 4731 7880 4790 7881 4731 7881 4789 7881 4789 7882 4731 7882 4733 7882 4789 7883 4733 7883 4501 7883 4451 7884 4449 7884 4795 7884 4795 7885 4449 7885 4752 7885 4795 7886 4752 7886 4796 7886 4796 7887 4752 7887 4751 7887 4796 7888 4751 7888 4797 7888 4797 7889 4751 7889 4750 7889 4797 6437 4750 6437 4798 6437 4798 6437 4750 6437 4749 6437 4798 6438 4749 6438 4799 6438 4799 7890 4749 7890 4748 7890 4799 7891 4748 7891 4800 7891 4800 7892 4748 7892 4747 7892 4800 7893 4747 7893 4652 7893 4652 7894 4747 7894 4653 7894 4449 7895 4448 7895 4752 7895 4752 7896 4448 7896 4446 7896 4752 7897 4446 7897 4746 7897 4746 7898 4446 7898 4445 7898 4746 7899 4445 7899 4740 7899 4740 7900 4445 7900 4506 7900 4740 7901 4506 7901 4734 7901 4734 7902 4506 7902 4507 7902 4734 7903 4507 7903 4733 7903 4733 7904 4507 7904 4502 7904 4733 7905 4502 7905 4501 7905 4800 7906 4753 7906 4799 7906 4799 7907 4753 7907 4755 7907 4799 7908 4755 7908 4798 7908 4798 7909 4755 7909 4757 7909 4798 7910 4757 7910 4797 7910 4797 7910 4757 7910 4759 7910 4797 7911 4759 7911 4796 7911 4796 7912 4759 7912 4761 7912 4796 7913 4761 7913 4795 7913 4795 7914 4761 7914 4763 7914 4795 7915 4763 7915 4451 7915 4462 7916 4461 7916 4801 7916 4801 7917 4461 7917 4776 7917 4801 7918 4776 7918 4802 7918 4802 7919 4776 7919 4775 7919 4802 7920 4775 7920 4803 7920 4803 7921 4775 7921 4774 7921 4803 6395 4774 6395 4804 6395 4804 6395 4774 6395 4773 6395 4804 6396 4773 6396 4805 6396 4805 7922 4773 7922 4772 7922 4805 7923 4772 7923 4806 7923 4806 7924 4772 7924 4771 7924 4461 7925 4459 7925 4776 7925 4776 7926 4459 7926 4457 7926 4776 7927 4457 7927 4770 7927 4770 7928 4457 7928 4455 7928 4770 7929 4455 7929 4764 7929 4764 7930 4455 7930 4454 7930 4764 7931 4454 7931 4763 7931 4763 7932 4454 7932 4452 7932 4763 7933 4452 7933 4451 7933 4463 7934 4462 7934 4684 7934 4684 7935 4462 7935 4801 7935 4684 7936 4801 7936 4683 7936 4683 7937 4801 7937 4802 7937 4683 7938 4802 7938 4682 7938 4682 6380 4802 6380 4803 6380 4682 6379 4803 6379 4681 6379 4681 6379 4803 6379 4804 6379 4681 7939 4804 7939 4680 7939 4680 7940 4804 7940 4805 7940 4680 7941 4805 7941 4662 7941 4662 7942 4805 7942 4806 7942 4662 7943 4806 7943 4630 7943 4630 7944 4806 7944 4771 7944 4630 7945 4771 7945 4629 7945 4629 7946 4771 7946 4765 7946 4629 7947 4765 7947 4628 7947 4628 7948 4765 7948 4754 7948 4628 7949 4754 7949 4627 7949 4627 7950 4754 7950 4753 7950 4627 7951 4753 7951 4626 7951 4626 7952 4753 7952 4800 7952 4626 7953 4800 7953 4625 7953 4625 6401 4800 6401 4652 6401 4807 7954 4466 7954 4465 7954 4644 7955 4667 7955 4661 7955 4661 7956 4667 7956 4808 7956 4661 7957 4808 7957 4659 7957 4659 7958 4808 7958 4809 7958 4659 7959 4809 7959 4670 7959 4670 6561 4809 6561 4810 6561 4670 6359 4810 6359 4674 6359 4674 6572 4810 6572 4811 6572 4674 7960 4811 7960 4679 7960 4679 7961 4811 7961 4807 7961 4679 7962 4807 7962 4684 7962 4684 7963 4807 7963 4465 7963 4684 7964 4465 7964 4463 7964 4643 7965 4666 7965 4667 7965 4667 7966 4666 7966 4812 7966 4667 7967 4812 7967 4808 7967 4808 7968 4812 7968 4813 7968 4808 7969 4813 7969 4809 7969 4809 6550 4813 6550 4814 6550 4809 6561 4814 6561 4810 6561 4810 7970 4814 7970 4815 7970 4810 7971 4815 7971 4811 7971 4811 7972 4815 7972 4816 7972 4811 7973 4816 7973 4807 7973 4807 7974 4816 7974 4468 7974 4807 7975 4468 7975 4466 7975 4642 7976 4665 7976 4666 7976 4666 7977 4665 7977 4817 7977 4666 7978 4817 7978 4812 7978 4812 7979 4817 7979 4818 7979 4812 6551 4818 6551 4813 6551 4813 6538 4818 6538 4819 6538 4813 6550 4819 6550 4814 6550 4814 6549 4819 6549 4820 6549 4814 7980 4820 7980 4815 7980 4815 7981 4820 7981 4821 7981 4815 6559 4821 6559 4816 6559 4816 7982 4821 7982 4469 7982 4816 7983 4469 7983 4468 7983 4641 7984 4664 7984 4665 7984 4665 7985 4664 7985 4822 7985 4665 6554 4822 6554 4817 6554 4817 7986 4822 7986 4823 7986 4817 7979 4823 7979 4818 7979 4818 6526 4823 6526 4824 6526 4818 6538 4824 6538 4819 6538 4819 7987 4824 7987 4825 7987 4819 7988 4825 7988 4820 7988 4820 7989 4825 7989 4658 7989 4820 7990 4658 7990 4821 7990 4821 7991 4658 7991 4472 7991 4821 7992 4472 7992 4469 7992 4640 7993 4777 7993 4664 7993 4664 7994 4777 7994 4778 7994 4664 7995 4778 7995 4822 7995 4822 7996 4778 7996 4779 7996 4822 6527 4779 6527 4823 6527 4823 6224 4779 6224 4780 6224 4823 6526 4780 6526 4824 6526 4824 7809 4780 7809 4781 7809 4824 7997 4781 7997 4825 7997 4825 7998 4781 7998 4782 7998 4825 7999 4782 7999 4658 7999 4658 8000 4782 8000 4475 8000 4658 8001 4475 8001 4473 8001 4547 8002 4441 8002 4442 8002 4436 6613 4532 6613 4531 6613 4436 8003 4531 8003 4437 8003 4438 8004 4539 8004 4433 8004 4433 8005 4539 8005 4538 8005 4433 8006 4538 8006 4434 8006 4443 8007 4549 8007 4442 8007 4442 8008 4549 8008 4548 8008 4442 8009 4548 8009 4547 8009 4531 8010 4554 8010 4437 8010 4437 8011 4554 8011 4553 8011 4437 8012 4553 8012 4444 8012 4439 8013 4541 8013 4438 8013 4438 8014 4541 8014 4540 8014 4438 8015 4540 8015 4539 8015 4553 8016 4552 8016 4444 8016 4444 8017 4552 8017 4551 8017 4444 8018 4551 8018 4443 8018 4443 8019 4551 8019 4550 8019 4443 8019 4550 8019 4549 8019 4538 8020 4537 8020 4434 8020 4434 4828 4537 4828 4536 4828 4434 4828 4536 4828 4435 4828 4440 8021 4543 8021 4439 8021 4439 8022 4543 8022 4542 8022 4439 8023 4542 8023 4541 8023 4547 8024 4546 8024 4441 8024 4441 8025 4546 8025 4545 8025 4441 8026 4545 8026 4440 8026 4440 8027 4545 8027 4544 8027 4440 8028 4544 8028 4543 8028 4536 4828 4535 4828 4435 4828 4435 8029 4535 8029 4534 8029 4435 8030 4534 8030 4436 8030 4436 8031 4534 8031 4533 8031 4436 4828 4533 4828 4532 4828 3244 8032 3245 8032 4572 8032 3246 8033 4576 8033 3245 8033 3245 8034 4576 8034 4574 8034 3245 8035 4574 8035 4572 8035 4600 8036 4598 8036 3252 8036 3252 8037 4598 8037 3253 8037 3251 8038 4556 8038 3252 8038 3252 6578 4556 6578 4555 6578 3252 4519 4555 4519 4600 4519 4572 8039 4570 8039 3244 8039 3244 8040 4570 8040 4568 8040 3244 8041 4568 8041 3243 8041 3250 8042 4590 8042 3249 8042 3249 8043 4590 8043 4588 8043 3249 8044 4588 8044 3248 8044 4598 8045 4596 8045 3253 8045 3253 4519 4596 4519 4594 4519 3253 4519 4594 4519 3250 4519 3250 4519 4594 4519 4592 4519 3250 8046 4592 8046 4590 8046 3242 8047 4560 8047 3251 8047 3251 8048 4560 8048 4558 8048 3251 8049 4558 8049 4556 8049 4568 8050 4566 8050 3243 8050 3243 8050 4566 8050 4564 8050 3243 8051 4564 8051 3242 8051 3242 8052 4564 8052 4562 8052 3242 8053 4562 8053 4560 8053 3247 8054 4580 8054 3246 8054 3246 8055 4580 8055 4578 8055 3246 8056 4578 8056 4576 8056 4588 8057 4586 8057 3248 8057 3248 8058 4586 8058 4584 8058 3248 8059 4584 8059 3247 8059 3247 8060 4584 8060 4582 8060 3247 8061 4582 8061 4580 8061 671 112 2602 112 669 112 669 112 2602 112 2600 112 669 112 2600 112 665 112 665 112 2600 112 2596 112 665 112 2596 112 668 112 668 112 2596 112 2598 112 668 112 2598 112 666 112 2430 112 2436 112 2431 112 2431 112 2436 112 2434 112 2431 112 2434 112 2429 112 2429 112 2434 112 2454 112 2429 112 2454 112 2432 112 2432 112 2454 112 2456 112 2432 112 2456 112 2428 112 2425 112 2628 112 2426 112 2426 112 2628 112 2626 112 2426 112 2626 112 2424 112 2424 112 2626 112 2622 112 2424 112 2622 112 2427 112 2427 112 2622 112 2624 112 2427 112 2624 112 2423 112 707 112 2654 112 705 112 705 112 2654 112 2652 112 705 112 2652 112 701 112 701 112 2652 112 2648 112 701 112 2648 112 704 112 704 112 2648 112 2650 112 704 112 2650 112 702 112 2417 8062 2423 8062 2624 8062 3003 8063 2584 8063 2415 8063 2654 8064 707 8064 706 8064 2414 8065 2995 8065 2994 8065 2414 8066 2994 8066 706 8066 706 8067 2994 8067 2992 8067 706 8068 2992 8068 2654 8068 2654 8069 2992 8069 3048 8069 2654 8070 3048 8070 2653 8070 2653 8071 3048 8071 3047 8071 2653 8072 3047 8072 2651 8072 2584 8073 2983 8073 2415 8073 2415 8074 2983 8074 2984 8074 2415 8075 2984 8075 2414 8075 2414 8076 2984 8076 2985 8076 2414 8077 2985 8077 2995 8077 3003 8078 2415 8078 3002 8078 3002 8079 2415 8079 2416 8079 3002 8080 2416 8080 2996 8080 2621 8081 3064 8081 2623 8081 2623 8082 3064 8082 3063 8082 2623 8083 3063 8083 2624 8083 2624 8084 3063 8084 2999 8084 2624 8085 2999 8085 2417 8085 2417 8086 2999 8086 2998 8086 2417 8087 2998 8087 2416 8087 2416 8088 2998 8088 2997 8088 2416 8089 2997 8089 2996 8089 703 8090 702 8090 2650 8090 2988 8091 2513 8091 2412 8091 2602 8092 671 8092 670 8092 2411 8093 2533 8093 2532 8093 2411 8094 2532 8094 670 8094 670 8095 2532 8095 2530 8095 670 8096 2530 8096 2602 8096 2602 8097 2530 8097 3020 8097 2602 8098 3020 8098 2601 8098 2601 8099 3020 8099 3019 8099 2601 8100 3019 8100 2599 8100 2513 8101 2515 8101 2412 8101 2412 8102 2515 8102 2517 8102 2412 8103 2517 8103 2411 8103 2411 8104 2517 8104 2519 8104 2411 8105 2519 8105 2533 8105 2988 8106 2412 8106 2987 8106 2987 8107 2412 8107 2413 8107 2987 8108 2413 8108 2978 8108 2647 8109 3050 8109 2649 8109 2649 8110 3050 8110 3049 8110 2649 8111 3049 8111 2650 8111 2650 8112 3049 8112 2981 8112 2650 8113 2981 8113 703 8113 703 8114 2981 8114 2980 8114 703 8115 2980 8115 2413 8115 2413 8116 2980 8116 2979 8116 2413 8117 2979 8117 2978 8117 2539 8118 123 8118 2560 8118 2560 8118 123 8118 131 8118 2560 8119 131 8119 2564 8119 2564 8119 131 8119 130 8119 2564 8120 130 8120 2547 8120 2547 8120 130 8120 118 8120 2547 8121 118 8121 2546 8121 2546 8121 118 8121 115 8121 2546 1054 115 1054 2576 1054 2576 1054 115 1054 112 1054 2576 8122 112 8122 2578 8122 2578 8122 112 8122 107 8122 2578 8123 107 8123 2570 8123 2570 8123 107 8123 105 8123 2570 8124 105 8124 2551 8124 2551 8124 105 8124 104 8124 2551 8125 104 8125 2550 8125 2550 8125 104 8125 150 8125 2550 8126 150 8126 2573 8126 2573 8126 150 8126 147 8126 2573 8127 147 8127 2552 8127 2552 8127 147 8127 146 8127 2552 8128 146 8128 2574 8128 2574 8128 146 8128 149 8128 2574 8129 149 8129 2556 8129 2556 8129 149 8129 148 8129 2556 772 148 772 2555 772 2555 772 148 772 140 772 2555 8130 140 8130 2557 8130 2557 8130 140 8130 128 8130 2557 8131 128 8131 2541 8131 2541 8131 128 8131 127 8131 2541 8132 127 8132 2538 8132 2538 8132 127 8132 121 8132 2538 8133 121 8133 2539 8133 2539 8133 121 8133 123 8133 4826 112 4827 112 4828 112 4829 112 4830 112 4831 112 4831 112 4830 112 4832 112 4831 112 4832 112 4827 112 4827 112 4832 112 4833 112 4827 112 4833 112 4828 112 4834 112 4835 112 4836 112 4836 112 4835 112 4837 112 4836 112 4837 112 4838 112 4839 112 4840 112 4841 112 4841 112 4840 112 4842 112 4841 112 4842 112 4829 112 4829 112 4842 112 4843 112 4829 112 4843 112 4830 112 4837 112 4844 112 4838 112 4838 112 4844 112 4845 112 4838 112 4845 112 4846 112 4846 112 4845 112 4847 112 4846 112 4847 112 4839 112 4839 112 4847 112 4848 112 4839 112 4848 112 4840 112 4849 112 4850 112 4834 112 4834 112 4850 112 4851 112 4834 112 4851 112 4835 112 4852 112 4853 112 4854 112 4854 112 4853 112 4855 112 4854 112 4855 112 4849 112 4849 112 4855 112 4856 112 4849 112 4856 112 4850 112 4857 112 4858 112 4859 112 4859 112 4858 112 4860 112 4859 112 4860 112 4852 112 4852 112 4860 112 4861 112 4852 112 4861 112 4853 112 4862 112 4863 112 4864 112 4864 112 4863 112 4865 112 4864 112 4865 112 4857 112 4857 112 4865 112 4866 112 4857 112 4866 112 4858 112 4828 112 4867 112 4826 112 4826 112 4867 112 4868 112 4826 112 4868 112 4869 112 4869 112 4868 112 4870 112 4869 112 4870 112 4862 112 4862 112 4870 112 4871 112 4862 112 4871 112 4863 112 4872 3687 4873 3687 4874 3687 4875 3687 4876 3687 4877 3687 4877 3687 4876 3687 4878 3687 4877 3687 4878 3687 4879 3687 4880 3687 4881 3687 4882 3687 4882 3687 4881 3687 4883 3687 4882 3687 4883 3687 4873 3687 4873 3687 4883 3687 4884 3687 4873 3687 4884 3687 4874 3687 4878 3687 4885 3687 4879 3687 4879 3687 4885 3687 4886 3687 4879 3687 4886 3687 4887 3687 4887 3687 4886 3687 4888 3687 4887 3687 4888 3687 4880 3687 4880 3687 4888 3687 4889 3687 4880 3687 4889 3687 4881 3687 4890 3687 4891 3687 4892 3687 4892 3687 4891 3687 4893 3687 4892 3687 4893 3687 4875 3687 4875 3687 4893 3687 4894 3687 4875 3687 4894 3687 4876 3687 4895 3687 4896 3687 4890 3687 4890 3687 4896 3687 4897 3687 4890 3687 4897 3687 4891 3687 4898 3687 4899 3687 4900 3687 4900 3687 4899 3687 4901 3687 4900 3687 4901 3687 4895 3687 4895 3687 4901 3687 4902 3687 4895 3687 4902 3687 4896 3687 4903 3687 4904 3687 4905 3687 4905 3687 4904 3687 4906 3687 4905 3687 4906 3687 4898 3687 4898 3687 4906 3687 4907 3687 4898 3687 4907 3687 4899 3687 4908 3687 4909 3687 4910 3687 4910 3687 4909 3687 4911 3687 4910 3687 4911 3687 4903 3687 4903 3687 4911 3687 4912 3687 4903 3687 4912 3687 4904 3687 4874 3687 4913 3687 4872 3687 4872 3687 4913 3687 4914 3687 4872 3687 4914 3687 4915 3687 4915 3687 4914 3687 4916 3687 4915 3687 4916 3687 4908 3687 4908 3687 4916 3687 4917 3687 4908 3687 4917 3687 4909 3687 4913 8134 4850 8134 4914 8134 4914 8135 4850 8135 4856 8135 4914 8135 4856 8135 4916 8135 4916 8136 4856 8136 4855 8136 4916 8136 4855 8136 4917 8136 4917 4699 4855 4699 4853 4699 4917 4699 4853 4699 4909 4699 4909 8137 4853 8137 4861 8137 4909 8137 4861 8137 4911 8137 4911 8138 4861 8138 4860 8138 4911 8138 4860 8138 4912 8138 4912 8139 4860 8139 4858 8139 4912 8139 4858 8139 4904 8139 4904 8140 4858 8140 4866 8140 4904 8140 4866 8140 4906 8140 4906 8141 4866 8141 4865 8141 4906 8141 4865 8141 4907 8141 4907 8142 4865 8142 4863 8142 4907 8142 4863 8142 4899 8142 4899 4828 4863 4828 4871 4828 4899 4828 4871 4828 4901 4828 4901 8143 4871 8143 4870 8143 4901 8143 4870 8143 4902 8143 4902 8144 4870 8144 4868 8144 4902 8144 4868 8144 4896 8144 4896 8145 4868 8145 4867 8145 4896 8145 4867 8145 4897 8145 4897 8146 4867 8146 4828 8146 4897 8146 4828 8146 4891 8146 4891 8147 4828 8147 4833 8147 4891 8147 4833 8147 4893 8147 4893 8148 4833 8148 4832 8148 4893 8148 4832 8148 4894 8148 4894 4587 4832 4587 4830 4587 4894 4587 4830 4587 4876 4587 4876 8149 4830 8149 4843 8149 4876 8149 4843 8149 4878 8149 4878 8150 4843 8150 4842 8150 4878 8150 4842 8150 4885 8150 4885 8151 4842 8151 4840 8151 4885 8151 4840 8151 4886 8151 4886 8152 4840 8152 4848 8152 4886 8152 4848 8152 4888 8152 4888 8153 4848 8153 4847 8153 4888 8153 4847 8153 4889 8153 4889 8154 4847 8154 4845 8154 4889 8154 4845 8154 4881 8154 4881 4519 4845 4519 4844 4519 4881 4519 4844 4519 4883 4519 4883 8155 4844 8155 4837 8155 4883 8155 4837 8155 4884 8155 4884 8156 4837 8156 4835 8156 4884 8156 4835 8156 4874 8156 4874 8157 4835 8157 4851 8157 4874 8157 4851 8157 4913 8157 4913 8134 4851 8134 4850 8134 4834 8158 4872 8158 4849 8158 4849 8158 4872 8158 4915 8158 4849 8159 4915 8159 4854 8159 4854 8159 4915 8159 4908 8159 4854 8160 4908 8160 4852 8160 4852 8160 4908 8160 4910 8160 4852 8161 4910 8161 4859 8161 4859 8161 4910 8161 4903 8161 4859 772 4903 772 4857 772 4857 772 4903 772 4905 772 4857 8162 4905 8162 4864 8162 4864 8162 4905 8162 4898 8162 4864 8163 4898 8163 4862 8163 4862 8163 4898 8163 4900 8163 4862 8164 4900 8164 4869 8164 4869 8164 4900 8164 4895 8164 4869 8165 4895 8165 4826 8165 4826 8165 4895 8165 4890 8165 4826 8166 4890 8166 4827 8166 4827 8166 4890 8166 4892 8166 4827 8167 4892 8167 4831 8167 4831 8167 4892 8167 4875 8167 4831 8168 4875 8168 4829 8168 4829 8168 4875 8168 4877 8168 4829 8169 4877 8169 4841 8169 4841 8169 4877 8169 4879 8169 4841 1054 4879 1054 4839 1054 4839 1054 4879 1054 4887 1054 4839 8170 4887 8170 4846 8170 4846 8170 4887 8170 4880 8170 4846 8171 4880 8171 4838 8171 4838 8171 4880 8171 4882 8171 4838 8172 4882 8172 4836 8172 4836 8172 4882 8172 4873 8172 4836 8173 4873 8173 4834 8173 4834 8173 4873 8173 4872 8173</p>
        </triangles>
      </mesh>
    </geometry>
  </library_geometries>
  <library_visual_scenes>
    <visual_scene id="DefaultScene">
      <node id="node_23325f71_4e45_4863_8884_10c6aedb95e9" type="NODE">
        <matrix>1 0 0 0 0 1 0 0 0 0 1 0 0 0 0 1</matrix>
        <node id="node_6e6dc05d_b6cf_4b34_8da8_bfc2d9fcf743" type="NODE">
          <matrix>1 0 0 0 0 1 0 0 0 0 1 0 0 0 0 1</matrix>
          <node id="node_6e6dc05d_b6cf_4b34_8da8_bfc2d9fcf743_mesh0" type="NODE">
            <matrix>1 0 0 0 0 1 0 0 0 0 1 0 0 0 0 1</matrix>
            <instance_geometry url="#geometry_e7c89f82_f89b_487d_b758_cb5a20c52425">
              <bind_material>
                <technique_common>
                  <instance_material symbol="mat_0" target="#mat_0"/>
                </technique_common>
              </bind_material>
            </instance_geometry>
          </node>
        </node>
      </node>
    </visual_scene>
  </library_visual_scenes>
  <scene>
    <instance_visual_scene url="#DefaultScene"/>
  </scene>
</COLLADA>
