<?xml version="1.0" encoding="UTF-8"?>
<COLLADA xmlns="http://www.collada.org/2005/11/COLLADASchema" version="1.4.1">
<!--
# File generated by ImageToStl.com - Free Image and 3D model conversion tools
-->
  <asset>
    <contributor>
      <author>ImageToStl.com</author>
      <authoring_tool>ImageToStl.com</authoring_tool>
    </contributor>
    <created>2025-05-13T04:40:14</created>
    <modified>2025-05-13T04:40:14</modified>
    <up_axis>Z_UP</up_axis>
  </asset>
  <library_effects>
    <effect id="effect_0">
        <profile_COMMON>
          <technique sid="common">
            <phong>
              <diffuse>
                <color>0.85 0.85 0.85 1</color>
              </diffuse>
              <specular>
                <color>0.05 0.05 0.05 1</color>
              </specular>
              <shininess>
                <float>64</float>
              </shininess>
            </phong>
          </technique>
        </profile_COMMON>
    </effect>
  </library_effects>
  <library_materials>
    <material id="mat_0">
      <instance_effect url="#effect_0"/>
    </material>
  </library_materials>
  <library_geometries>
    <geometry id="geometry_990cfd07_7e2e_49b2_8ee6_03ca7e237b59">
      <mesh>
        <source id="pos_0">
          <float_array id="pos_0-array" count="14754">-0.00397699 0.01103944 -0.0102509 -0.00332072 0.00892956 -0.00955 -0.00295149 0.01013226 -0.0098762 -0.00190213 0.00933521 -0.00955 -0.00408443 0.01116006 -0.01029839 -0.00424099 0.01146475 -0.01040659 -0.00523119 0.01406688 -0.01129074 -0.00428611 0.01178686 -0.01050715 -0.00422986 0.0120942 -0.01059345 -0.00380396 0.01330627 -0.01091955 -0.00413905 0.01442604 -0.01129074 -0.00333808 0.01463214 -0.01129074 -0.0066828 0.01082052 -0.01056331 -0.00641969 0.01063422 -0.01046954 -0.0077028 0.01288058 -0.01129074 -0.00679006 0.01086538 -0.01059345 -0.00800213 0.01129127 -0.01091955 -0.00866507 0.01225394 -0.01129074 -0.00932801 0.01175716 -0.01129074 -0.00621556 0.01034518 -0.01035721 -0.00612531 0.01000831 -0.0102509 -0.00488968 0.00817651 -0.00955 -0.00606025 0.00873622 -0.00990129 -0.00609354 0.00732346 -0.00955 -0.00724084 0.01314582 -0.01129074 -0.00572584 0.0138729 -0.01129074 0.01574968 0.00314721 -0.0164202 0.01543859 0.00310595 -0.01665629 0.01502263 0.00431169 -0.01673103 0.01513277 0.00316217 -0.01682421 0.01463214 0.00333808 -0.01700926 0.01442567 0.00414036 -0.01700926 0.01225315 0.00866618 -0.01700926 0.01175716 0.00932801 -0.01700926 0.01276021 0.00902481 -0.01673103 0.01193307 0.00982863 -0.01682421 0.01294666 0.00759121 -0.01700926 0.01368914 0.00754173 -0.01673103 0.01314516 0.00724204 -0.01700926 0.01444644 0.0059641 -0.01673103 0.01387237 0.0057271 -0.01700926 0.01402115 0.00535254 -0.01700926 0.01627414 0.003519 -0.01572921 0.01603191 0.00328234 -0.01611676 0.01564675 0.00449082 -0.0162126 0.01594654 0.00322959 -0.01622065 0.01634029 0.00468988 -0.01491811 0.01643079 0.00436222 -0.01491811 0.01611024 0.00462385 -0.01553595 0.01644532 0.00429942 -0.01492569 0.01646427 0.00410219 -0.01503138 0.01645734 0.00398803 -0.01513513 0.01642025 0.00381216 -0.01533201 0.01575664 0.00638186 -0.01491811 0.01549234 0.00639589 -0.01553595 0.01571356 0.00648722 -0.01491811 0.01468021 0.00808773 -0.01553595 0.01488983 0.00820322 -0.01491811 0.01368403 0.00967818 -0.01553595 0.01387943 0.00981638 -0.01491811 0.01313954 0.01046191 -0.01546607 0.01341807 0.01033779 -0.01512086 0.0136813 0.01009069 -0.01491811 0.01359262 0.01019512 -0.01495072 0.01249356 0.01042089 -0.01622237 0.01254649 0.01044109 -0.01616476 0.01329034 0.00939974 -0.0162126 0.01282895 0.01049599 -0.01584412 0.01296169 0.01049349 -0.01568534 0.01206116 0.01007608 -0.01667678 0.0121109 0.01014042 -0.0166241 0.01228209 0.01030127 -0.01644632 0.01504662 0.00621188 -0.0162126 0.01425785 0.00785505 -0.0162126 0.00522374 0.00635016 -0.01896732 0.00581408 0.00625259 -0.0189322 0.0049785 0.00560932 -0.019 0.00683447 0.00613099 -0.01882124 0.00784948 0.00606817 -0.0186247 0.00675177 0.00552658 -0.01890562 0.00707589 -0.00248631 -0.019 0.00723258 -0.0019849 -0.019 0.00755659 -0.00126304 -0.01899835 0.00745559 -0.00081499 -0.019 0.00813209 -6.512E-05 -0.01897494 0.0074906 0.00037548 -0.019 0.00822198 0.00010336 -0.01896729 0.00754148 0.00438812 -0.01890562 0.00580367 0.00475052 -0.019 0.00470516 0.00645263 -0.01898506 0.0040278 0.00632668 -0.019 0.00352082 0.00674708 -0.01899913 0.00297553 0.00688449 -0.019 0.00248631 0.00707589 -0.019 0.00857549 0.00498978 -0.0186247 0.00925723 0.0035694 -0.0186247 0.00814102 0.00313901 -0.01890562 0.00964446 0.00232841 -0.0186247 0.00853527 0.00181074 -0.01890562 0.00925923 0.00179326 -0.01876327 0.00870248 0.0009384 -0.01890113 0.00733672 0.00155647 -0.019 0.00699783 0.00269822 -0.019 0.00648248 0.00377193 -0.019 -4.577E-05 0.00409974 -0.019 -0.0014452 0.00383685 -0.019 -0.00155647 0.00733672 -0.019 -0.00267033 0.00311117 -0.019 -0.00377193 0.00648248 -0.019 -0.00269822 0.00699783 -0.019 -0.00688449 0.00297553 -0.019 -0.00632668 0.0040278 -0.019 -0.00357337 0.00201023 -0.019 -0.00560932 0.0049785 -0.019 -0.00475052 0.00580367 -0.019 -0.00404541 0.00066684 -0.019 -0.00723258 0.0019849 -0.019 -0.00707589 0.00248631 -0.019 -0.00402951 -0.00075699 -0.019 -0.0074906 -0.00037548 -0.019 -0.00745559 0.00081499 -0.019 4.577E-05 -0.00409974 -0.019 -0.00075524 -0.00746188 -0.019 -0.00135919 -0.00386815 -0.019 -0.00192007 -0.00725006 -0.019 -0.00248631 -0.00707589 -0.019 0.00379939 -0.00646643 -0.019 0.0014452 -0.00383685 -0.019 0.00267033 -0.00311117 -0.019 -0.00580367 -0.00475052 -0.019 -0.0035276 -0.00208951 -0.019 -0.0026002 -0.00317001 -0.019 -0.00297553 -0.00688449 -0.019 -0.0040278 -0.00632668 -0.019 -0.0049785 -0.00560932 -0.019 0.00273446 -0.00698375 -0.019 0.00160139 -0.00732704 -0.019 0.00042841 -0.00748775 -0.019 0.00688589 -0.00297229 -0.019 0.00633236 -0.00401885 -0.019 0.00357337 -0.00201023 -0.019 0.00562104 -0.00496527 -0.019 0.00476964 -0.00578796 -0.019 -0.00648248 -0.00377193 -0.019 -0.00699783 -0.00269822 -0.019 -0.00733672 -0.00155647 -0.019 0.0035276 0.00208951 -0.019 0.0026002 0.00317001 -0.019 0.00404541 -0.00066684 -0.019 0.00402951 0.00075699 -0.019 0.00135919 0.00386815 -0.019 -0.00037548 0.0074906 -0.019 0.00081499 0.00745559 -0.019 0.0019849 0.00723258 -0.019 0.01082052 0.0066828 -0.01056331 0.01063422 0.00641969 -0.01046954 0.01288058 0.0077028 -0.01129074 0.01086538 0.00679006 -0.01059345 0.01129127 0.00800213 -0.01091955 0.01225394 0.00866507 -0.01129074 0.01175716 0.00932801 -0.01129074 0.01034518 0.00621556 -0.01035721 0.01000831 0.00612531 -0.0102509 0.00817651 0.00488968 -0.00955 0.00873622 0.00606025 -0.00990129 0.00732346 0.00609354 -0.00955 0.01103944 0.00397699 -0.0102509 0.00892956 0.00332072 -0.00955 0.01013226 0.00295149 -0.0098762 0.00933521 0.00190213 -0.00955 0.0111367 0.00406623 -0.01028947 0.01143765 0.0042321 -0.01039757 0.01406688 0.00523119 -0.01129074 0.01175206 0.00428635 -0.01049683 0.0120942 0.00422986 -0.01059345 0.01330627 0.00380396 -0.01091955 0.01442604 0.00413905 -0.01129074 0.01463214 0.00333808 -0.01129074 0.01314582 0.00724084 -0.01129074 0.0138729 0.00572584 -0.01129074 -0.01082052 -0.0066828 -0.01056331 -0.01063422 -0.00641969 -0.01046954 -0.01288058 -0.0077028 -0.01129074 -0.01086538 -0.00679006 -0.01059345 -0.01129127 -0.00800213 -0.01091955 -0.01225394 -0.00866507 -0.01129074 -0.01175716 -0.00932801 -0.01129074 -0.01034518 -0.00621556 -0.01035721 -0.01000831 -0.00612531 -0.0102509 -0.00817651 -0.00488968 -0.00955 -0.00873622 -0.00606025 -0.00990129 -0.00732346 -0.00609354 -0.00955 -0.01103944 -0.00397699 -0.0102509 -0.00892956 -0.00332072 -0.00955 -0.01013226 -0.00295149 -0.0098762 -0.00933521 -0.00190213 -0.00955 -0.01116006 -0.00408443 -0.01029839 -0.01146475 -0.00424099 -0.01040659 -0.01406688 -0.00523119 -0.01129074 -0.01178686 -0.00428611 -0.01050715 -0.0120942 -0.00422986 -0.01059345 -0.01330627 -0.00380396 -0.01091955 -0.01442604 -0.00413905 -0.01129074 -0.01463214 -0.00333808 -0.01129074 -0.01314582 -0.00724084 -0.01129074 -0.0138729 -0.00572584 -0.01129074 0.0066828 -0.01082052 -0.01056331 0.00641969 -0.01063422 -0.01046954 0.0077028 -0.01288058 -0.01129074 0.00679006 -0.01086538 -0.01059345 0.00800213 -0.01129127 -0.01091955 0.00866507 -0.01225394 -0.01129074 0.00932801 -0.01175716 -0.01129074 0.00621556 -0.01034518 -0.01035721 0.00612531 -0.01000831 -0.0102509 0.00488968 -0.00817651 -0.00955 0.00606025 -0.00873622 -0.00990129 0.00609354 -0.00732346 -0.00955 0.00397699 -0.01103944 -0.0102509 0.00332072 -0.00892956 -0.00955 0.00295149 -0.01013226 -0.0098762 0.00190213 -0.00933521 -0.00955 0.00408443 -0.01116006 -0.01029839 0.00424099 -0.01146475 -0.01040659 0.00523119 -0.01406688 -0.01129074 0.00428611 -0.01178686 -0.01050715 0.00422986 -0.0120942 -0.01059345 0.00380396 -0.01330627 -0.01091955 0.00413905 -0.01442604 -0.01129074 0.00333808 -0.01463214 -0.01129074 0.00724084 -0.01314582 -0.01129074 0.00572584 -0.0138729 -0.01129074 -0.00316217 0.01513277 -0.01682421 -0.00333808 0.01463214 -0.01700926 -0.00414036 0.01442567 -0.01700926 -0.00314721 0.01574968 -0.0164202 -0.00310595 0.01543859 -0.01665629 -0.00431169 0.01502263 -0.01673103 -0.00328234 0.01603191 -0.01611676 -0.00322959 0.01594654 -0.01622065 -0.00449082 0.01564675 -0.0162126 -0.00462385 0.01611024 -0.01553595 -0.00468988 0.01634029 -0.01491811 -0.00436222 0.01643079 -0.01491811 -0.00429114 0.01644692 -0.01492809 -0.00407472 0.0164638 -0.01505406 -0.00398986 0.01645755 -0.01513295 -0.00381791 0.01642199 -0.01532481 -0.003519 0.01627414 -0.01572921 -0.00638186 0.01575664 -0.01491811 -0.00639589 0.01549234 -0.01553595 -0.00648722 0.01571356 -0.01491811 -0.00808773 0.01468021 -0.01553595 -0.00820322 0.01488983 -0.01491811 -0.00967818 0.01368403 -0.01553595 -0.00981638 0.01387943 -0.01491811 -0.01045669 0.013158 -0.01544304 -0.01033785 0.01341797 -0.01512097 -0.01009069 0.0136813 -0.01491811 -0.01019512 0.01359262 -0.01495072 -0.01042089 0.01249356 -0.01622237 -0.01044109 0.01254649 -0.01616476 -0.00939974 0.01329034 -0.0162126 -0.01049589 0.01282683 -0.01584663 -0.01049349 0.01296169 -0.01568534 -0.00982863 0.01193307 -0.01682421 -0.01007608 0.01206116 -0.01667678 -0.00902481 0.01276021 -0.01673103 -0.01014042 0.0121109 -0.0166241 -0.01030127 0.01228209 -0.01644632 -0.0057271 0.01387237 -0.01700926 -0.0059641 0.01444644 -0.01673103 -0.00724204 0.01314516 -0.01700926 -0.00754173 0.01368914 -0.01673103 -0.00866618 0.01225315 -0.01700926 -0.00932801 0.01175716 -0.01700926 -0.00621188 0.01504662 -0.0162126 -0.00785505 0.01425785 -0.0162126 -0.01513277 -0.00316217 -0.01682421 -0.01463214 -0.00333808 -0.01700926 -0.01442567 -0.00414036 -0.01700926 -0.01574968 -0.00314721 -0.01642019 -0.01543859 -0.00310595 -0.01665628 -0.01502263 -0.00431169 -0.01673103 -0.01603191 -0.00328234 -0.01611676 -0.01595333 -0.00323337 -0.01621281 -0.01564675 -0.00449082 -0.0162126 -0.01611024 -0.00462385 -0.01553595 -0.01634029 -0.00468988 -0.01491811 -0.01643079 -0.00436222 -0.01491811 -0.01644532 -0.00429942 -0.01492569 -0.01646427 -0.00410219 -0.01503138 -0.0164576 -0.00399025 -0.01513289 -0.01642025 -0.00381216 -0.01533201 -0.01627414 -0.003519 -0.01572921 -0.01575664 -0.00638186 -0.01491811 -0.01549234 -0.00639589 -0.01553595 -0.01571356 -0.00648722 -0.01491811 -0.01468021 -0.00808773 -0.01553595 -0.01488983 -0.00820322 -0.01491811 -0.01368403 -0.00967818 -0.01553595 -0.01387943 -0.00981638 -0.01491811 -0.013158 -0.01045669 -0.01544304 -0.01341797 -0.01033785 -0.01512097 -0.0136813 -0.01009069 -0.01491811 -0.01359262 -0.01019512 -0.01495072 -0.01249356 -0.01042089 -0.01622237 -0.01254649 -0.01044109 -0.01616476 -0.01329034 -0.00939974 -0.0162126 -0.01282683 -0.01049589 -0.01584663 -0.01296169 -0.01049349 -0.01568534 -0.01193307 -0.00982863 -0.01682421 -0.01206116 -0.01007608 -0.01667678 -0.01276021 -0.00902481 -0.01673103 -0.0121109 -0.01014042 -0.0166241 -0.01228209 -0.01030127 -0.01644632 -0.01387237 -0.0057271 -0.01700926 -0.01444644 -0.0059641 -0.01673103 -0.01314516 -0.00724204 -0.01700926 -0.01368914 -0.00754173 -0.01673103 -0.01225315 -0.00866618 -0.01700926 -0.01175716 -0.00932801 -0.01700926 -0.01504662 -0.00621188 -0.0162126 -0.01425785 -0.00785505 -0.0162126 0.00314721 -0.01574968 -0.0164202 0.00310595 -0.01543859 -0.01665629 0.00431169 -0.01502263 -0.01673103 0.00316217 -0.01513277 -0.01682421 0.00333808 -0.01463214 -0.01700926 0.00414036 -0.01442567 -0.01700926 0.00982863 -0.01193307 -0.01682421 0.01007608 -0.01206116 -0.01667678 0.00902481 -0.01276021 -0.01673103 0.00932801 -0.01175716 -0.01700926 0.00866618 -0.01225315 -0.01700926 0.00754173 -0.01368914 -0.01673103 0.00724204 -0.01314516 -0.01700926 0.0059641 -0.01444644 -0.01673103 0.0057271 -0.01387237 -0.01700926 0.00535254 -0.01402115 -0.01700926 0.00328234 -0.01603191 -0.01611676 0.00322959 -0.01594654 -0.01622065 0.00449082 -0.01564675 -0.0162126 0.00462385 -0.01611024 -0.01553595 0.00468988 -0.01634029 -0.01491811 0.00436222 -0.01643079 -0.01491811 0.00429942 -0.01644532 -0.01492569 0.00410219 -0.01646427 -0.01503138 0.00398803 -0.01645734 -0.01513513 0.00381216 -0.01642025 -0.01533201 0.003519 -0.01627414 -0.01572921 0.00638186 -0.01575664 -0.01491811 0.00639589 -0.01549234 -0.01553595 0.00648722 -0.01571356 -0.01491811 0.00808773 -0.01468021 -0.01553595 0.00820322 -0.01488983 -0.01491811 0.00967818 -0.01368403 -0.01553595 0.00981638 -0.01387943 -0.01491811 0.01045669 -0.013158 -0.01544304 0.01033785 -0.01341797 -0.01512097 0.01009069 -0.0136813 -0.01491811 0.01019512 -0.01359262 -0.01495072 0.01049304 -0.01296673 -0.01567921 0.00939974 -0.01329034 -0.0162126 0.01049589 -0.01282683 -0.01584663 0.01044109 -0.01254649 -0.01616476 0.01014885 -0.01211806 -0.01661659 0.01030127 -0.01228209 -0.01644632 0.01042381 -0.01250068 -0.01621467 0.00621188 -0.01504662 -0.0162126 0.00785505 -0.01425785 -0.0162126 -0.00982863 0.01193307 -0.01147579 -0.00431033 0.01502302 -0.01156897 -0.00316217 0.01513277 -0.01147579 -0.00596278 0.01444698 -0.01156897 -0.00754048 0.01368982 -0.01156897 -0.0101024 0.0120805 -0.01164372 -0.00902365 0.01276103 -0.01156897 -0.01045497 0.01258926 -0.01218324 -0.01042136 0.0124947 -0.01207935 -0.00939853 0.01329119 -0.0120874 -0.0103193 0.01230729 -0.0118798 -0.01014131 0.01364138 -0.01337431 -0.01027947 0.01349936 -0.01326862 -0.00967694 0.01368491 -0.01276405 -0.01034547 0.01340596 -0.01316487 -0.01042654 0.01324554 -0.01296799 -0.01049593 0.01292542 -0.01257079 -0.00436222 0.01643079 -0.01338189 -0.00468839 0.01634072 -0.01338189 -0.00462239 0.01611066 -0.01276405 -0.00648579 0.01571415 -0.01338189 -0.00639448 0.01549292 -0.01276405 -0.00820187 0.01489058 -0.01338189 -0.0080864 0.01468094 -0.01276405 -0.00981512 0.01388032 -0.01338189 -0.01009069 0.0136813 -0.01338189 -0.00422771 0.0164568 -0.01334928 -0.00400228 0.01645892 -0.01317914 -0.00370733 0.01638154 -0.01283393 -0.00354883 0.01629492 -0.01261466 -0.0034437 0.01621385 -0.01245588 -0.0044894 0.01564716 -0.0120874 -0.00313883 0.01571985 -0.01185368 -0.003229 0.01594546 -0.01207763 -0.00325766 0.01599433 -0.01213524 -0.00310732 0.01540596 -0.01162322 -0.00310589 0.01548727 -0.0116759 -0.00621051 0.01504719 -0.0120874 -0.00785375 0.01425857 -0.0120874 0.01571985 0.00313883 -0.01185368 0.01594546 0.003229 -0.01207763 0.01564716 0.0044894 -0.0120874 0.01193307 0.00982863 -0.01147579 0.01258926 0.01045497 -0.01218324 0.0124947 0.01042136 -0.01207935 0.01329119 0.00939853 -0.0120874 0.01230729 0.0103193 -0.0118798 0.01363592 0.01014774 -0.01337191 0.01347764 0.01029628 -0.01324594 0.01368491 0.00967694 -0.01276405 0.01340752 0.01034449 -0.01316705 0.01325112 0.01042431 -0.01297519 0.01292542 0.01049593 -0.01257079 0.01643079 0.00436222 -0.01338189 0.01634072 0.00468839 -0.01338189 0.01611066 0.00462239 -0.01276405 0.01571415 0.00648579 -0.01338189 0.01549292 0.00639448 -0.01276405 0.01489058 0.00820187 -0.01338189 0.01468094 0.0080864 -0.01276405 0.01388032 0.00981512 -0.01338189 0.0136813 0.01009069 -0.01338189 0.0164568 0.00422771 -0.01334928 0.01645891 0.00400217 -0.01317903 0.01638901 0.003725 -0.01285696 0.01629493 0.00354882 -0.01261466 0.01599433 0.00325766 -0.01213524 0.01621244 0.0034421 -0.01245337 0.01540596 0.00310732 -0.01162322 0.01548727 0.00310589 -0.0116759 0.01502302 0.00431033 -0.01156897 0.01513277 0.00316217 -0.01147579 0.01444698 0.00596278 -0.01156897 0.01368982 0.00754048 -0.01156897 0.0120805 0.0101024 -0.01164372 0.01276103 0.00902365 -0.01156897 0.01504719 0.00621051 -0.0120874 0.01425857 0.00785375 -0.0120874 0.00982863 -0.01193307 -0.01147579 0.01045498 -0.01258926 -0.01218324 0.0104243 -0.0125019 -0.01208719 0.00939853 -0.01329119 -0.0120874 0.0103193 -0.01230729 -0.0118798 0.01014131 -0.01364138 -0.01337431 0.01027947 -0.01349936 -0.01326862 0.00967694 -0.01368491 -0.01276405 0.01034428 -0.01340785 -0.01316711 0.01042654 -0.01324554 -0.01296799 0.01049593 -0.01292542 -0.01257079 0.00436222 -0.01643079 -0.01338189 0.00468839 -0.01634072 -0.01338189 0.00462239 -0.01611066 -0.01276405 0.00648579 -0.01571415 -0.01338189 0.00639448 -0.01549292 -0.01276405 0.00820187 -0.01489058 -0.01338189 0.0080864 -0.01468094 -0.01276405 0.00981512 -0.01388032 -0.01338189 0.01009069 -0.0136813 -0.01338189 0.00422771 -0.0164568 -0.01334928 0.00400217 -0.01645891 -0.01317903 0.003725 -0.01638901 -0.01285696 0.00354882 -0.01629493 -0.01261466 0.0034421 -0.01621244 -0.01245337 0.0044894 -0.01564716 -0.0120874 0.00313883 -0.01571985 -0.01185368 0.003229 -0.01594546 -0.01207763 0.00325766 -0.01599433 -0.01213524 0.00310732 -0.01540596 -0.01162322 0.00310589 -0.01548727 -0.0116759 0.00431033 -0.01502302 -0.01156897 0.00316217 -0.01513277 -0.01147579 0.00596278 -0.01444698 -0.01156897 0.00754048 -0.01368982 -0.01156897 0.0101024 -0.0120805 -0.01164372 0.00902365 -0.01276103 -0.01156897 0.00621051 -0.01504719 -0.0120874 0.00785375 -0.01425857 -0.0120874 -0.01193307 -0.00982863 -0.01147579 -0.01502302 -0.00431033 -0.01156897 -0.01513277 -0.00316217 -0.01147579 -0.01540596 -0.00310732 -0.01162322 -0.01444698 -0.00596278 -0.01156897 -0.01368982 -0.00754048 -0.01156897 -0.0120805 -0.0101024 -0.01164372 -0.01276103 -0.00902365 -0.01156897 -0.01258926 -0.01045497 -0.01218324 -0.0124947 -0.01042136 -0.01207935 -0.01329119 -0.00939853 -0.0120874 -0.01230729 -0.0103193 -0.0118798 -0.01364138 -0.01014131 -0.01337431 -0.01349936 -0.01027947 -0.01326862 -0.01368491 -0.00967694 -0.01276405 -0.01340596 -0.01034547 -0.01316487 -0.01324554 -0.01042654 -0.01296799 -0.01292542 -0.01049593 -0.01257079 -0.01643079 -0.00436222 -0.01338189 -0.01634072 -0.00468839 -0.01338189 -0.01611066 -0.00462239 -0.01276405 -0.01571415 -0.00648579 -0.01338189 -0.01549292 -0.00639448 -0.01276405 -0.01489058 -0.00820187 -0.01338189 -0.01468094 -0.0080864 -0.01276405 -0.01388032 -0.00981512 -0.01338189 -0.0136813 -0.01009069 -0.01338189 -0.0164568 -0.00422771 -0.01334928 -0.01645891 -0.00400217 -0.01317903 -0.01638901 -0.003725 -0.01285696 -0.01629773 -0.00355304 -0.01262079 -0.01564716 -0.0044894 -0.0120874 -0.01621244 -0.0034421 -0.01245337 -0.01599433 -0.00325766 -0.01213524 -0.01549833 -0.0031062 -0.01168341 -0.01571985 -0.00313883 -0.01185368 -0.01595218 -0.00323273 -0.01208534 -0.01504719 -0.00621051 -0.0120874 -0.01425857 -0.00785375 -0.0120874 -0.00635016 0.00522374 -0.01896732 -0.00625259 0.00581408 -0.0189322 -0.00613099 0.00683447 -0.01882124 -0.00606817 0.00784948 -0.0186247 -0.00552658 0.00675177 -0.01890562 -0.00438812 0.00754148 -0.01890562 -0.00645263 0.00470516 -0.01898506 -0.00674708 0.00352082 -0.01899913 0.00126304 0.00755659 -0.01899835 6.512E-05 0.00813209 -0.01897494 -0.00010336 0.00822198 -0.01896729 -0.00498978 0.00857549 -0.0186247 -0.0035694 0.00925723 -0.0186247 -0.00313901 0.00814102 -0.01890562 -0.00232841 0.00964446 -0.0186247 -0.00181074 0.00853527 -0.01890562 -0.00179326 0.00925923 -0.01876327 -0.0009384 0.00870248 -0.01890113 0.00635016 -0.00522374 -0.01896732 0.00625259 -0.00581408 -0.0189322 0.00613099 -0.00683447 -0.01882124 0.00606817 -0.00784948 -0.0186247 0.00554883 -0.00673351 -0.01890562 -0.00126304 -0.00755659 -0.01899835 -6.512E-05 -0.00813209 -0.01897494 0.00010336 -0.00822198 -0.01896729 0.00442007 -0.0075228 -0.01890562 0.00645263 -0.00470516 -0.01898506 0.00674708 -0.00352082 -0.01899913 0.00502611 -0.00855425 -0.0186247 0.00361734 -0.00923861 -0.0186247 0.00318117 -0.00812464 -0.01890562 0.00232841 -0.00964446 -0.0186247 0.001863 -0.00852401 -0.01890562 0.00179326 -0.00925923 -0.01876327 0.0009384 -0.00870248 -0.01890113 -0.00522374 -0.00635016 -0.01896732 -0.00581408 -0.00625259 -0.0189322 -0.00683447 -0.00613099 -0.01882124 -0.00784948 -0.00606817 -0.0186247 -0.00675177 -0.00552658 -0.01890562 -0.00754148 -0.00438812 -0.01890562 -0.00470516 -0.00645263 -0.01898506 -0.00352082 -0.00674708 -0.01899913 -0.00755659 0.00126304 -0.01899835 -0.00813209 6.512E-05 -0.01897494 -0.00822198 -0.00010336 -0.01896729 -0.00857549 -0.00498978 -0.0186247 -0.00925723 -0.0035694 -0.0186247 -0.00814102 -0.00313901 -0.01890562 -0.00964446 -0.00232841 -0.0186247 -0.00853527 -0.00181074 -0.01890562 -0.00925923 -0.00179326 -0.01876327 -0.00870248 -0.0009384 -0.01890113 0.01198246 0.00426196 -0.01773669 0.01166064 0.00428118 -0.01783046 0.0120942 0.00422986 -0.01770655 0.01330735 0.00380358 -0.01738015 0.01132058 0.00418336 -0.01794279 0.01103944 0.00397699 -0.0180491 0.01054506 0.00343769 -0.01825314 0.01000831 0.00612531 -0.0180491 0.00864364 0.00605904 -0.0184232 0.01016758 0.00615222 -0.01800161 0.01048033 0.006292 -0.01789341 0.01071702 0.00651509 -0.01779285 0.01086538 0.00679006 -0.01770655 0.01129165 0.00800321 -0.01738015 -0.00426196 0.01198246 -0.01773669 -0.00428118 0.01166064 -0.01783046 -0.00422986 0.0120942 -0.01770655 -0.00380358 0.01330735 -0.01738015 -0.00418336 0.01132058 -0.01794279 -0.00397699 0.01103944 -0.0180491 -0.00343769 0.01054506 -0.01825314 -0.00627641 0.01045644 -0.01790243 -0.00648779 0.01069544 -0.01780317 -0.00605904 0.00864364 -0.0184232 -0.00612531 0.01000831 -0.0180491 -0.00614537 0.01013877 -0.01801053 -0.00679006 0.01086538 -0.01770655 -0.00800321 0.01129165 -0.01738015 0.00426196 -0.01198246 -0.01773669 0.00428118 -0.01166064 -0.01783046 0.00422986 -0.0120942 -0.01770655 0.00380358 -0.01330735 -0.01738015 0.00418336 -0.01132058 -0.01794279 0.00397699 -0.01103944 -0.0180491 0.00343769 -0.01054506 -0.01825314 0.00605904 -0.00864364 -0.0184232 0.00612531 -0.01000831 -0.0180491 0.00615222 -0.01016758 -0.01800161 0.006292 -0.01048033 -0.01789341 0.00651509 -0.01071702 -0.01779285 0.00679006 -0.01086538 -0.01770655 0.00800321 -0.01129165 -0.01738015 -0.01198246 -0.00426196 -0.01773669 -0.01166064 -0.00428118 -0.01783046 -0.0120942 -0.00422986 -0.01770655 -0.01330735 -0.00380358 -0.01738015 -0.01132058 -0.00418336 -0.01794279 -0.01103944 -0.00397699 -0.0180491 -0.01054506 -0.00343769 -0.01825314 -0.00864364 -0.00605904 -0.0184232 -0.01000831 -0.00612531 -0.0180491 -0.01016758 -0.00615222 -0.01800161 -0.01048033 -0.006292 -0.01789341 -0.01071702 -0.00651509 -0.01779285 -0.01086538 -0.00679006 -0.01770655 -0.01129165 -0.00800321 -0.01738015 0.00316217 -0.01513277 -0.01502795 0.00332088 -0.01468108 -0.01515 0.00348664 -0.01420936 -0.01501602 0.00316217 -0.01513277 -0.01327205 0.00332088 -0.01468108 -0.01315 0.00348664 -0.01420936 -0.01328397 0.00360798 -0.01386403 -0.01365 0.00365239 -0.01373763 -0.01415 0.00360798 -0.01386403 -0.01465 0.01213509 0.01016816 -0.01464996 0.01216853 0.01020335 -0.01456397 0.01193307 0.00982863 -0.01502795 0.01204258 0.01004898 -0.01484094 0.01193307 0.00982863 -0.01327205 0.01200192 0.00998197 -0.01338686 0.0121318 0.0101645 -0.01364228 0.01222553 0.01025621 -0.01394657 0.01224416 0.0102718 -0.01414981 0.0122388 0.01026739 -0.01425883 0.01513277 0.00316217 -0.01502795 0.01468108 0.00332088 -0.01515 0.01420936 0.00348664 -0.01501602 0.01513277 0.00316217 -0.01327205 0.01468108 0.00332088 -0.01315 0.01420936 0.00348664 -0.01328397 0.01386403 0.00360798 -0.01365 0.01373763 0.00365239 -0.01415 0.01386403 0.00360798 -0.01465 0.00707589 -0.00248631 -0.00995 0.00628118 -0.00562794 -0.00995 0.00628118 -0.00562794 -0.00955 0.00635022 -0.00522341 -0.00995 0.00822184 0.00010311 -0.00995 0.00842102 0.00046191 -0.00955 0.00842102 0.00046191 -0.00995 0.01016816 -0.01213509 -0.01464996 0.01020335 -0.01216853 -0.01456397 0.00982863 -0.01193307 -0.01502795 0.01004898 -0.01204258 -0.01484094 0.00982863 -0.01193307 -0.01327205 0.00998197 -0.01200192 -0.01338686 0.01016451 -0.0121318 -0.01364228 0.01025621 -0.01222553 -0.01394657 0.0102718 -0.01224416 -0.01414981 0.01026739 -0.0122388 -0.01425883 -0.01213509 -0.01016816 -0.01464996 -0.01216853 -0.01020335 -0.01456397 -0.01193307 -0.00982863 -0.01502795 -0.01204258 -0.01004898 -0.01484094 -0.01193307 -0.00982863 -0.01327205 -0.01200192 -0.00998197 -0.01338686 -0.0121318 -0.0101645 -0.01364228 -0.01222553 -0.01025621 -0.01394657 -0.01224416 -0.0102718 -0.01414981 -0.0122388 -0.01026739 -0.01425883 -0.01513277 -0.00316217 -0.01502795 -0.01468108 -0.00332088 -0.01515 -0.01420936 -0.00348664 -0.01501602 -0.01513277 -0.00316217 -0.01327205 -0.01468108 -0.00332088 -0.01315 -0.01420936 -0.00348664 -0.01328397 -0.01386403 -0.00360798 -0.01365 -0.01373763 -0.00365239 -0.01415 -0.01386403 -0.00360798 -0.01465 0.00248631 0.00707589 -0.00995 0.00562794 0.00628118 -0.00995 0.00562794 0.00628118 -0.00955 0.00522341 0.00635022 -0.00995 -0.00010311 0.00822184 -0.00995 -0.00046191 0.00842102 -0.00955 -0.00046191 0.00842102 -0.00995 -0.01016816 0.01213509 -0.01464996 -0.01020335 0.01216853 -0.01456397 -0.00982863 0.01193307 -0.01502795 -0.01004898 0.01204258 -0.01484094 -0.00982863 0.01193307 -0.01327205 -0.00998197 0.01200192 -0.01338686 -0.0101645 0.0121318 -0.01364228 -0.01025621 0.01222553 -0.01394657 -0.0102718 0.01224416 -0.01414981 -0.01026739 0.0122388 -0.01425883 -0.00316217 0.01513277 -0.01327205 -0.00332088 0.01468108 -0.01315 -0.00348664 0.01420936 -0.01328397 -0.00360798 0.01386403 -0.01365 -0.00365239 0.01373763 -0.01415 -0.00316217 0.01513277 -0.01502795 -0.00332088 0.01468108 -0.01515 -0.00348664 0.01420936 -0.01501602 -0.00360798 0.01386403 -0.01465 0.01552404 0.00310741 -0.01365004 0.01557242 0.00311149 -0.01373602 0.01537319 0.00310978 -0.01345906 0.01529548 0.00311997 -0.01491314 0.01551913 0.00310713 -0.01465772 0.01564931 0.00312289 -0.01435343 0.01567313 0.00312768 -0.01415019 0.01566634 0.00312625 -0.01404117 0.00937695 -0.01177435 -0.01315 0.00890522 -0.0116086 -0.01328397 0.00937695 -0.01177435 -0.01515 0.00890522 -0.0116086 -0.01501602 0.00855989 -0.01148726 -0.01465 0.00843349 -0.01144284 -0.01415 0.00855989 -0.01148726 -0.01365 0.01001443 -0.01146838 -0.01501602 0.0095427 -0.01130263 -0.01515 0.00907097 -0.01113687 -0.01501602 0.00872565 -0.01101553 -0.01465 0.00859925 -0.01097112 -0.01415 0.00872565 -0.01101553 -0.01365 0.00907097 -0.01113687 -0.01328397 0.0095427 -0.01130263 -0.01315 0.01001443 -0.01146838 -0.01328397 0.01035975 -0.01158972 -0.01465 0.01048615 -0.01163413 -0.01415 0.01035975 -0.01158972 -0.01365 0.01177435 0.00937695 -0.01315 0.0116086 0.00890522 -0.01328397 0.01177435 0.00937695 -0.01515 0.0116086 0.00890522 -0.01501602 0.01148726 0.00855989 -0.01465 0.01144284 0.00843349 -0.01415 0.01148726 0.00855989 -0.01365 -0.00310978 0.01537319 -0.01345906 -0.00310741 0.01552404 -0.01365004 -0.00311149 0.01557242 -0.01373602 -0.00311997 0.01529548 -0.01491314 -0.00310713 0.01551913 -0.01465772 -0.00312289 0.01564931 -0.01435343 -0.00312768 0.01567313 -0.01415019 -0.00312625 0.01566634 -0.01404117 0.01146838 0.01001443 -0.01501602 0.01130263 0.0095427 -0.01515 0.01113687 0.00907097 -0.01501602 0.01101553 0.00872565 -0.01465 0.01097112 0.00859925 -0.01415 0.01101553 0.00872565 -0.01365 0.01113687 0.00907097 -0.01328397 0.01130263 0.0095427 -0.01315 0.01146838 0.01001443 -0.01328397 0.01158972 0.01035975 -0.01465 0.01163413 0.01048615 -0.01415 0.01158972 0.01035975 -0.01365 -0.01537319 -0.00310978 -0.01345906 -0.01552404 -0.00310741 -0.01365004 -0.01557242 -0.00311149 -0.01373603 -0.01529548 -0.00311997 -0.01491314 -0.01551914 -0.00310713 -0.01465772 -0.01564931 -0.00312289 -0.01435343 -0.01567313 -0.00312768 -0.01415019 -0.01566634 -0.00312625 -0.01404117 -0.00937695 0.01177435 -0.01315 -0.00890522 0.0116086 -0.01328397 -0.00937695 0.01177435 -0.01515 -0.00890522 0.0116086 -0.01501602 -0.00855989 0.01148726 -0.01465 -0.00843349 0.01144284 -0.01415 -0.00855989 0.01148726 -0.01365 -0.01001443 0.01146838 -0.01501602 -0.0095427 0.01130263 -0.01515 -0.00907097 0.01113687 -0.01501602 -0.00872565 0.01101553 -0.01465 -0.00859925 0.01097112 -0.01415 -0.00872565 0.01101553 -0.01365 -0.00907097 0.01113687 -0.01328397 -0.0095427 0.01130263 -0.01315 -0.01001443 0.01146838 -0.01328397 -0.01035975 0.01158972 -0.01465 -0.01048615 0.01163413 -0.01415 -0.01035975 0.01158972 -0.01365 0.00310978 -0.01537319 -0.01345906 0.00310741 -0.01552404 -0.01365004 0.00311149 -0.01557242 -0.01373602 0.00311997 -0.01529548 -0.01491314 0.00310713 -0.01551913 -0.01465772 0.00312289 -0.01564931 -0.01435343 0.00312768 -0.01567313 -0.01415019 0.00312625 -0.01566634 -0.01404117 -0.01177435 -0.00937695 -0.01315 -0.0116086 -0.00890522 -0.01328397 -0.01177435 -0.00937695 -0.01515 -0.0116086 -0.00890522 -0.01501602 -0.01148726 -0.00855989 -0.01465 -0.01144284 -0.00843349 -0.01415 -0.01148726 -0.00855989 -0.01365 -0.01146838 -0.01001443 -0.01501602 -0.01130263 -0.0095427 -0.01515 -0.01113687 -0.00907097 -0.01501602 -0.01101553 -0.00872565 -0.01465 -0.01097112 -0.00859925 -0.01415 -0.01101553 -0.00872565 -0.01365 -0.01113687 -0.00907097 -0.01328397 -0.01130263 -0.0095427 -0.01315 -0.01146838 -0.01001443 -0.01328397 -0.01158972 -0.01035975 -0.01465 -0.01163413 -0.01048615 -0.01415 -0.01158972 -0.01035975 -0.01365 0.01451533 0.00284916 -0.01315 0.01498706 0.0026834 -0.01328397 0.01533238 0.00256206 -0.01365 0.01545878 0.00251765 -0.01415 0.01533238 0.00256206 -0.01465 0.0140436 0.00301491 -0.01328397 0.01369828 0.00313625 -0.01365 0.01357188 0.00318066 -0.01415 0.01369828 0.00313625 -0.01465 0.0140436 0.00301491 -0.01501602 0.01451533 0.00284916 -0.01515 0.01498706 0.0026834 -0.01501602 0.01346555 0.00257564 -0.01736122 0.01294928 0.00275704 -0.01715463 0.01289214 0.00311514 -0.01681329 0.01267965 0.00285179 -0.01699939 0.01235273 0.00296666 -0.01675732 0.01227088 0.00333344 -0.01627757 0.01201498 0.00308534 -0.01642624 0.01185453 0.00314172 -0.01622927 0.01180903 0.00349572 -0.01558406 0.01152086 0.00325896 -0.01568427 0.01123392 0.00335979 -0.0148285 0.01154083 0.00358996 -0.01478419 0.01116811 0.00338291 -0.01415 0.01148618 0.00360916 -0.01393728 0.01117544 0.00338033 -0.01392242 0.01164912 0.00355191 -0.01310616 0.01124699 0.00335519 -0.01340792 0.01134977 0.00331908 -0.01303321 0.01147969 0.00327343 -0.01270305 0.01201758 0.00342244 -0.01235244 0.01174398 0.00318056 -0.01222684 0.01185453 0.00314172 -0.01207073 0.01256422 0.00323036 -0.01173205 0.01232882 0.00297506 -0.01156309 0.01306092 0.00271782 -0.0110912 0.0136143 0.00252337 -0.01089873 0.01401969 0.00271894 -0.01106196 0.01324851 0.00298992 -0.01129098 0.01388599 0.00242791 -0.01084617 0.01431442 0.00227737 -0.01081511 0.01482057 0.00243753 -0.01106196 0.01474284 0.00212683 -0.01084617 0.01501453 0.00203136 -0.01089873 0.01559176 0.00216655 -0.01129098 0.01556791 0.00183692 -0.0110912 0.01630001 0.00157967 -0.01156309 0.01627605 0.00192611 -0.01173205 0.0167743 0.00141302 -0.01207073 0.01682269 0.00173403 -0.01235244 0.01688485 0.00137417 -0.01222684 0.01719115 0.00160456 -0.01310616 0.01714914 0.00128131 -0.01270305 0.01745339 0.0011744 -0.01392242 0.01735409 0.00154731 -0.01393728 0.01738184 0.00119954 -0.01340792 0.01727906 0.00123566 -0.01303321 0.01746072 0.00117182 -0.01415 0.01739491 0.00119495 -0.0148285 0.01729944 0.00156651 -0.01478419 0.01710797 0.00129577 -0.01568427 0.01703124 0.00166075 -0.01558406 0.0167743 0.00141302 -0.01622927 0.01656939 0.00182304 -0.01627757 0.01661385 0.0014694 -0.01642624 0.01594813 0.00204133 -0.01681329 0.01627611 0.00158807 -0.01675732 0.01594919 0.00170294 -0.01699939 0.01567955 0.00179769 -0.01715463 0.01521356 0.00229944 -0.01715149 0.01362671 0.00285703 -0.01715149 0.01442013 0.00257824 -0.01726708 0.01431442 0.00227737 -0.01748489 0.01516328 0.00197909 -0.01736122 0.0171211 0.00185451 -0.01395928 0.01697501 0.00190584 -0.01321412 0.01664466 0.00202192 -0.01253837 0.01615456 0.00219413 -0.01198214 0.01554105 0.0024097 -0.0115867 0.01484963 0.00265265 -0.01138136 0.01413159 0.00290496 -0.01138136 0.01344017 0.0031479 -0.0115867 0.01282666 0.00336348 -0.01198214 0.01233656 0.00353569 -0.01253837 0.01200621 0.00365177 -0.01321412 0.01186012 0.0037031 -0.01395928 0.01190912 0.00368588 -0.01471859 0.01214958 0.00360139 -0.01543573 0.01256366 0.00345589 -0.01605751 0.01312065 0.00326017 -0.01653782 0.01377925 0.00302876 -0.01684104 0.01449061 0.0027788 -0.01694467 0.01520197 0.00252885 -0.01684104 0.01586056 0.00229743 -0.01653782 0.01641756 0.00210171 -0.01605751 0.01683164 0.00195622 -0.01543573 0.0170721 0.00187172 -0.01471859 0.0167468 0.00206506 -0.0146415 0.01679447 0.00204831 -0.01415 0.01678916 0.00205018 -0.01398514 0.01666288 0.00209455 -0.01334101 0.01637732 0.00219489 -0.01275688 0.01595367 0.00234375 -0.01227607 0.01542334 0.0025301 -0.01193425 0.01482567 0.00274011 -0.01175675 0.01420499 0.0029582 -0.01175675 0.01360732 0.00316821 -0.01193425 0.01307699 0.00335456 -0.01227607 0.01265334 0.00350342 -0.01275688 0.01236778 0.00360376 -0.01334101 0.0122415 0.00364813 -0.01398514 0.01228386 0.00363325 -0.0146415 0.01249171 0.00356021 -0.0152614 0.01284965 0.00343444 -0.01579888 0.01333112 0.00326526 -0.01621407 0.01390042 0.00306522 -0.01647617 0.01451533 0.00284916 -0.01656575 0.01513024 0.00263309 -0.01647617 0.01569954 0.00243305 -0.01621407 0.01618101 0.00226387 -0.01579888 0.01653895 0.0021381 -0.0152614 0.01182185 -0.01210347 -0.01415 0.01177418 -0.01208672 -0.0146415 0.01214891 -0.01213935 -0.01471859 0.01156632 -0.01201368 -0.0152614 0.01190845 -0.01205486 -0.01543573 0.01120838 -0.01188791 -0.01579888 0.01149437 -0.01190936 -0.01605751 0.01072691 -0.01171873 -0.01621407 0.01093738 -0.01171365 -0.01653782 0.01015761 -0.01151869 -0.01647617 0.01027878 -0.01148223 -0.01684104 0.0095427 -0.01130263 -0.01656575 0.00956742 -0.01123227 -0.01694467 0.00892779 -0.01108656 -0.01647617 0.00885607 -0.01098232 -0.01684104 0.00835849 -0.01088652 -0.01621407 0.00819747 -0.0107509 -0.01653782 0.00787702 -0.01071734 -0.01579888 0.00764047 -0.01055519 -0.01605751 0.00751908 -0.01059157 -0.0152614 0.00722639 -0.01040968 -0.01543573 0.00731123 -0.01051853 -0.0146415 0.00698593 -0.01032519 -0.01471859 0.00726887 -0.01050365 -0.01398514 0.00693693 -0.01030798 -0.01395928 0.00739515 -0.01054802 -0.01334101 0.00708302 -0.01035931 -0.01321412 0.00768071 -0.01064836 -0.01275688 0.00741337 -0.01047539 -0.01253837 0.00810436 -0.01079722 -0.01227607 0.00790347 -0.0106476 -0.01198214 0.00863469 -0.01098357 -0.01193425 0.00851698 -0.01086317 -0.0115867 0.00923236 -0.01119358 -0.01175675 0.0092084 -0.01110612 -0.01138136 0.00985304 -0.01141167 -0.01175675 0.00992644 -0.01135843 -0.01138136 0.01045071 -0.01162168 -0.01193425 0.01061786 -0.01160137 -0.0115867 0.01098104 -0.01180803 -0.01227607 0.01123137 -0.01181695 -0.01198214 0.01140469 -0.01195689 -0.01275688 0.01172148 -0.01198916 -0.01253837 0.01169025 -0.01205723 -0.01334101 0.01205182 -0.01210524 -0.01321412 0.01181653 -0.0121016 -0.01398514 0.01219791 -0.01215657 -0.01395928 0.01043132 -0.0113105 -0.01715149 0.0111659 -0.01156861 -0.01681329 0.01178715 -0.01178691 -0.01627757 0.012249 -0.01194919 -0.01558406 0.0125172 -0.01204343 -0.01478419 0.01257185 -0.01206263 -0.01393728 0.01240891 -0.01200538 -0.01310616 0.01204045 -0.01187591 -0.01235244 0.01149381 -0.01168383 -0.01173205 0.01080952 -0.01144339 -0.01129098 0.01003834 -0.01117241 -0.01106196 0.00923746 -0.010891 -0.01106196 0.00846627 -0.01062002 -0.01129098 0.00778199 -0.01037958 -0.01173205 0.00723534 -0.0101875 -0.01235244 0.00686688 -0.01005803 -0.01310616 0.00670394 -0.01000078 -0.01393728 0.00675859 -0.01001998 -0.01478419 0.00702679 -0.01011422 -0.01558406 0.00748865 -0.01027651 -0.01627757 0.0081099 -0.0104948 -0.01681329 0.00884447 -0.01075291 -0.01715149 0.0096379 -0.01103171 -0.01726708 0.00778192 -0.01004154 -0.01675732 0.00728373 -0.00986649 -0.01622927 0.00690889 -0.00973478 -0.01559695 0.00667619 -0.00965301 -0.01489208 0.00659731 -0.00962529 -0.01415 0.00667619 -0.00965301 -0.01340792 0.00677897 -0.00968913 -0.01303321 0.00690889 -0.00973478 -0.01270305 0.00728373 -0.00986649 -0.01207073 0.00778192 -0.01004154 -0.01154268 0.00837848 -0.01025116 -0.01114537 0.0090435 -0.01048483 -0.01089873 0.00931519 -0.0105803 -0.01084617 0.01281104 -0.01180866 -0.01340792 0.01270826 -0.01177255 -0.01303321 0.01257834 -0.0117269 -0.01270305 0.0122035 -0.01159519 -0.01207073 0.01170531 -0.01142013 -0.01154268 0.01110875 -0.01121052 -0.01114537 0.01044373 -0.01097684 -0.01089873 0.00974362 -0.01073084 -0.01081511 0.01288992 -0.01183638 -0.01415 0.01281104 -0.01180866 -0.01489208 0.01257834 -0.0117269 -0.01559695 0.0122035 -0.01159519 -0.01622927 0.01170531 -0.01142013 -0.01675732 0.01137839 -0.01130526 -0.01699939 0.00810884 -0.01015641 -0.01699939 0.00837848 -0.01025116 -0.01715463 0.0090435 -0.01048483 -0.01740127 0.00974362 -0.01073084 -0.01748489 0.01044373 -0.01097684 -0.01740127 0.01110875 -0.01121052 -0.01715463 0.01283901 0.00077895 -0.01022772 0.01008529 -0.00674649 -0.00977534 0.0095298 -0.00863887 -0.01022772 0.01037441 -0.00893565 -0.01012685 0.00695465 -0.00773402 -0.01240442 0.01202128 -0.00951432 -0.01777473 0.01334196 -0.00997838 -0.01164161 0.01274095 -0.0097672 -0.01100458 0.01202128 -0.00951432 -0.01052527 0.01121902 -0.00923242 -0.01022772 0.00872754 -0.00835697 -0.01052527 0.0091905 -0.00643209 -0.01010721 0.0097612 -0.00450223 -0.00989677 0.00800786 -0.00810409 -0.01100458 0.00838782 -0.00615004 -0.0106418 0.00891673 -0.00420551 -0.01045918 0.00958752 -0.00229649 -0.01045918 0.00740685 -0.00789291 -0.01164161 0.0077175 -0.0059145 -0.0113523 0.00821151 -0.00395771 -0.01120667 0.0088823 -0.00204869 -0.01120667 0.00972089 -0.00021297 -0.0113523 0.00721314 -0.00573728 -0.01220309 0.0076809 -0.00377126 -0.01210175 0.00835169 -0.00186224 -0.01210175 0.00921653 -3.575E-05 -0.01220309 0.01026387 0.00168381 -0.01240442 0.01486753 -0.00202138 -0.01010721 0.01533049 -9.65E-05 -0.01052527 0.01452824 0.0001854 -0.01022772 0.01605017 -0.00034938 -0.01100458 0.01567021 -0.00230343 -0.0106418 0.0151413 -0.00424796 -0.01045918 0.01665118 -0.00056056 -0.01164161 0.01634054 -0.00253897 -0.0113523 0.01584652 -0.00449576 -0.01120667 0.01517573 -0.00640478 -0.01120667 0.01710338 -0.00071945 -0.01240442 0.01684489 -0.00271619 -0.01220309 0.01637713 -0.00468221 -0.01210175 0.01570634 -0.00659123 -0.01210175 0.0148415 -0.00841772 -0.01220309 0.01417005 -0.01026935 -0.01415 0.01407489 -0.01023591 -0.01504523 0.01526074 -0.00856503 -0.01415 0.0151546 -0.00852774 -0.01514849 0.0161474 -0.00674621 -0.01415 0.01603574 -0.00670697 -0.01520046 0.01681819 -0.00483719 -0.01415 0.01670653 -0.00479795 -0.01520046 0.01726414 -0.0028635 -0.01415 0.01715799 -0.00282621 -0.01514849 0.01747927 -0.00085153 -0.01415 0.01738411 -0.00081809 -0.01504523 0.01379417 -0.01013728 -0.01589558 0.0148415 -0.00841772 -0.01609691 0.01570634 -0.00659123 -0.01619825 0.01637713 -0.00468221 -0.01619825 0.01684489 -0.00271619 -0.01609691 0.01710338 -0.00071945 -0.01589558 0.01334196 -0.00997838 -0.01665839 0.01433714 -0.0082405 -0.0169477 0.01517573 -0.00640478 -0.01709333 0.01584652 -0.00449576 -0.01709333 0.01634054 -0.00253897 -0.0169477 0.01665118 -0.00056056 -0.01665839 0.01121902 -0.00923242 -0.01807228 0.01286413 -0.00772292 -0.01819279 0.01196934 -0.00740851 -0.01852466 0.01362605 -0.00586026 -0.01840323 0.01268468 -0.00552948 -0.01875237 0.01429683 -0.00395124 -0.01840323 0.01335547 -0.00362046 -0.01875237 0.01486753 -0.00202138 -0.01819279 0.01397274 -0.00170698 -0.01852466 0.01533049 -9.65E-05 -0.01777473 0.01452824 0.0001854 -0.01807228 0.01037441 -0.00893565 -0.01817315 0.01102732 -0.0070775 -0.01863716 0.01169362 -0.00518124 -0.01887073 0.01236441 -0.00327223 -0.01887073 0.01303071 -0.00137597 -0.01863716 0.01368362 0.00048218 -0.01817315 0.0095298 -0.00863887 -0.01807228 0.01008529 -0.00674649 -0.01852466 0.01070256 -0.00483301 -0.01875237 0.01137335 -0.00292399 -0.01875237 0.01208869 -0.00104496 -0.01852466 0.01283901 0.00077895 -0.01807228 0.00872754 -0.00835697 -0.01777473 0.0091905 -0.00643209 -0.01819279 0.0097612 -0.00450223 -0.01840323 0.01043199 -0.00259321 -0.01840323 0.0111939 -0.00073055 -0.01819279 0.01203676 0.00106085 -0.01777473 0.00740685 -0.00789291 -0.01665839 0.00695465 -0.00773402 -0.01589558 0.0077175 -0.0059145 -0.0169477 0.00721314 -0.00573728 -0.01609691 0.00821151 -0.00395771 -0.01709333 0.0076809 -0.00377126 -0.01619825 0.0088823 -0.00204869 -0.01709333 0.00835169 -0.00186224 -0.01619825 0.00972089 -0.00021297 -0.0169477 0.00921653 -3.575E-05 -0.01609691 0.01071607 0.00152491 -0.01665839 0.01026387 0.00168381 -0.01589558 0.00667393 -0.00763538 -0.01504523 0.00690004 -0.00562726 -0.01514849 0.0073515 -0.00365552 -0.01520046 0.00802229 -0.0017465 -0.01520046 0.00890343 7.427E-05 -0.01514849 0.00998314 0.00178245 -0.01504523 0.00657876 -0.00760194 -0.01415 0.0067939 -0.00558997 -0.01415 0.00723984 -0.00361628 -0.01415 0.00791063 -0.00170726 -0.01415 0.00879729 0.00011156 -0.01415 0.00988798 0.00181588 -0.01415 0.01379417 -0.01013728 -0.01240442 0.01433714 -0.0082405 -0.0113523 0.01447051 -0.00615698 -0.01045918 0.01429683 -0.00395124 -0.00989677 0.01397274 -0.00170698 -0.00977534 0.01368362 0.00048218 -0.01012685 0.01738411 -0.00081809 -0.01325477 0.01715799 -0.00282621 -0.01315151 0.01670653 -0.00479795 -0.01309954 0.01603574 -0.00670697 -0.01309954 0.0151546 -0.00852774 -0.01315151 0.01407489 -0.01023591 -0.01325477 0.01605017 -0.00034938 -0.01729542 0.01567021 -0.00230343 -0.0176582 0.0151413 -0.00424796 -0.01784082 0.01447051 -0.00615698 -0.01784082 0.01366681 -0.00800496 -0.0176582 0.01274095 -0.0097672 -0.01729542 0.01131708 0.00131373 -0.01729542 0.01039122 -0.00044851 -0.0176582 0.00958752 -0.00229649 -0.01784082 0.00891673 -0.00420551 -0.01784082 0.00838782 -0.00615004 -0.0176582 0.00800786 -0.00810409 -0.01729542 0.00998314 0.00178245 -0.01325477 0.00890343 7.427E-05 -0.01315151 0.00802229 -0.0017465 -0.01309954 0.0073515 -0.00365552 -0.01309954 0.00690004 -0.00562726 -0.01315151 0.00667393 -0.00763538 -0.01325477 0.01071607 0.00152491 -0.01164161 0.01102732 -0.0070775 -0.00966284 0.01070256 -0.00483301 -0.00954763 0.01043199 -0.00259321 -0.00989677 0.01039122 -0.00044851 -0.0106418 0.01196934 -0.00740851 -0.00977534 0.01169362 -0.00518124 -0.00942927 0.01137335 -0.00292399 -0.00954763 0.0111939 -0.00073055 -0.01010721 0.01131708 0.00131373 -0.01100458 0.01286413 -0.00772292 -0.01010721 0.01268468 -0.00552948 -0.00954763 0.01236441 -0.00327223 -0.00942927 0.01208869 -0.00104496 -0.00977534 0.01203676 0.00106085 -0.01052527 0.01366681 -0.00800496 -0.0106418 0.01362605 -0.00586026 -0.00989677 0.01335547 -0.00362046 -0.00954763 0.01303071 -0.00137597 -0.00966284 -0.00284916 0.01451533 -0.01315 -0.0026834 0.01498706 -0.01328397 -0.00256206 0.01533238 -0.01365 -0.00251765 0.01545878 -0.01415 -0.00256206 0.01533238 -0.01465 -0.00301491 0.0140436 -0.01328397 -0.00313625 0.01369828 -0.01365 -0.00318066 0.01357188 -0.01415 -0.00313625 0.01369828 -0.01465 -0.00301491 0.0140436 -0.01501602 -0.00284916 0.01451533 -0.01515 -0.0026834 0.01498706 -0.01501602 -0.00257564 0.01346555 -0.01736122 -0.00275704 0.01294928 -0.01715463 -0.00311514 0.01289214 -0.01681329 -0.00285179 0.01267965 -0.01699939 -0.00296666 0.01235273 -0.01675732 -0.00333344 0.01227088 -0.01627757 -0.00308534 0.01201498 -0.01642624 -0.00314172 0.01185453 -0.01622927 -0.00349572 0.01180903 -0.01558406 -0.00325896 0.01152086 -0.01568427 -0.00335979 0.01123392 -0.0148285 -0.00358996 0.01154083 -0.01478419 -0.00338291 0.01116811 -0.01415 -0.00360916 0.01148618 -0.01393728 -0.00338033 0.01117544 -0.01392242 -0.00355191 0.01164912 -0.01310616 -0.00335519 0.01124699 -0.01340792 -0.00331908 0.01134977 -0.01303321 -0.00327343 0.01147969 -0.01270305 -0.00342244 0.01201758 -0.01235244 -0.00318056 0.01174398 -0.01222684 -0.00314172 0.01185453 -0.01207073 -0.00323036 0.01256422 -0.01173205 -0.00297506 0.01232882 -0.01156309 -0.00271782 0.01306092 -0.0110912 -0.00252337 0.0136143 -0.01089873 -0.00271894 0.01401969 -0.01106196 -0.00298992 0.01324851 -0.01129098 -0.00242791 0.01388599 -0.01084617 -0.00227737 0.01431442 -0.01081511 -0.00243753 0.01482057 -0.01106196 -0.00212683 0.01474284 -0.01084617 -0.00203136 0.01501453 -0.01089873 -0.00216655 0.01559176 -0.01129098 -0.00183692 0.01556791 -0.0110912 -0.00157967 0.01630001 -0.01156309 -0.00192611 0.01627605 -0.01173205 -0.00141302 0.0167743 -0.01207073 -0.00173403 0.01682269 -0.01235244 -0.00137417 0.01688485 -0.01222684 -0.00160456 0.01719115 -0.01310616 -0.00128131 0.01714914 -0.01270305 -0.0011744 0.01745339 -0.01392242 -0.00154731 0.01735409 -0.01393728 -0.00119954 0.01738184 -0.01340792 -0.00123566 0.01727906 -0.01303321 -0.00117182 0.01746072 -0.01415 -0.00119495 0.01739491 -0.0148285 -0.00156651 0.01729944 -0.01478419 -0.00129577 0.01710797 -0.01568427 -0.00166075 0.01703124 -0.01558406 -0.00141302 0.0167743 -0.01622927 -0.00182304 0.01656939 -0.01627757 -0.0014694 0.01661385 -0.01642624 -0.00204133 0.01594813 -0.01681329 -0.00158807 0.01627611 -0.01675732 -0.00170294 0.01594919 -0.01699939 -0.00179769 0.01567955 -0.01715463 -0.00229944 0.01521356 -0.01715149 -0.00285703 0.01362671 -0.01715149 -0.00257824 0.01442013 -0.01726708 -0.00227737 0.01431442 -0.01748489 -0.00197909 0.01516328 -0.01736122 -0.00185451 0.0171211 -0.01395928 -0.00190584 0.01697501 -0.01321412 -0.00202192 0.01664466 -0.01253837 -0.00219413 0.01615456 -0.01198214 -0.0024097 0.01554105 -0.0115867 -0.00265265 0.01484963 -0.01138136 -0.00290496 0.01413159 -0.01138136 -0.0031479 0.01344017 -0.0115867 -0.00336348 0.01282666 -0.01198214 -0.00353569 0.01233656 -0.01253837 -0.00365177 0.01200621 -0.01321412 -0.0037031 0.01186012 -0.01395928 -0.00368588 0.01190912 -0.01471859 -0.00360139 0.01214958 -0.01543573 -0.00345589 0.01256366 -0.01605751 -0.00326017 0.01312065 -0.01653782 -0.00302876 0.01377925 -0.01684104 -0.0027788 0.01449061 -0.01694467 -0.00252885 0.01520197 -0.01684104 -0.00229743 0.01586056 -0.01653782 -0.00210171 0.01641756 -0.01605751 -0.00195622 0.01683164 -0.01543573 -0.00187172 0.0170721 -0.01471859 -0.00206506 0.0167468 -0.0146415 -0.00204831 0.01679447 -0.01415 -0.00205018 0.01678916 -0.01398514 -0.00209455 0.01666288 -0.01334101 -0.00219489 0.01637732 -0.01275688 -0.00234375 0.01595367 -0.01227607 -0.0025301 0.01542334 -0.01193425 -0.00274011 0.01482567 -0.01175675 -0.0029582 0.01420499 -0.01175675 -0.00316821 0.01360732 -0.01193425 -0.00335456 0.01307699 -0.01227607 -0.00350342 0.01265334 -0.01275688 -0.00360376 0.01236778 -0.01334101 -0.00364813 0.0122415 -0.01398514 -0.00363325 0.01228386 -0.0146415 -0.00356021 0.01249171 -0.0152614 -0.00343444 0.01284965 -0.01579888 -0.00326526 0.01333112 -0.01621407 -0.00306522 0.01390042 -0.01647617 -0.00284916 0.01451533 -0.01656575 -0.00263309 0.01513024 -0.01647617 -0.00243305 0.01569954 -0.01621407 -0.00226387 0.01618101 -0.01579888 -0.0021381 0.01653895 -0.0152614 0.01210347 0.01182185 -0.01415 0.01208672 0.01177418 -0.0146415 0.01213935 0.01214891 -0.01471859 0.01201368 0.01156632 -0.0152614 0.01205486 0.01190845 -0.01543573 0.01188791 0.01120838 -0.01579888 0.01190936 0.01149437 -0.01605751 0.01171873 0.01072691 -0.01621407 0.01171365 0.01093738 -0.01653782 0.01151869 0.01015761 -0.01647617 0.01148223 0.01027878 -0.01684104 0.01130263 0.0095427 -0.01656575 0.01123227 0.00956742 -0.01694467 0.01108656 0.00892779 -0.01647617 0.01098232 0.00885607 -0.01684104 0.01088652 0.00835849 -0.01621407 0.0107509 0.00819747 -0.01653782 0.01071734 0.00787702 -0.01579888 0.01055519 0.00764047 -0.01605751 0.01059157 0.00751908 -0.0152614 0.01040968 0.00722639 -0.01543573 0.01051853 0.00731123 -0.0146415 0.01032519 0.00698593 -0.01471859 0.01050365 0.00726887 -0.01398514 0.01030798 0.00693693 -0.01395928 0.01054802 0.00739515 -0.01334101 0.01035931 0.00708302 -0.01321412 0.01064836 0.00768071 -0.01275688 0.01047539 0.00741337 -0.01253837 0.01079722 0.00810436 -0.01227607 0.0106476 0.00790347 -0.01198214 0.01098357 0.00863469 -0.01193425 0.01086317 0.00851698 -0.0115867 0.01119358 0.00923236 -0.01175675 0.01110612 0.0092084 -0.01138136 0.01141167 0.00985304 -0.01175675 0.01135843 0.00992644 -0.01138136 0.01162168 0.01045071 -0.01193425 0.01160137 0.01061786 -0.0115867 0.01180803 0.01098104 -0.01227607 0.01181695 0.01123137 -0.01198214 0.01195689 0.01140469 -0.01275688 0.01198916 0.01172148 -0.01253837 0.01205723 0.01169025 -0.01334101 0.01210524 0.01205182 -0.01321412 0.0121016 0.01181653 -0.01398514 0.01215657 0.01219791 -0.01395928 0.0113105 0.01043132 -0.01715149 0.01156861 0.0111659 -0.01681329 0.01178691 0.01178715 -0.01627757 0.01194919 0.012249 -0.01558406 0.01204343 0.0125172 -0.01478419 0.01206263 0.01257185 -0.01393728 0.01200538 0.01240891 -0.01310616 0.01187591 0.01204045 -0.01235244 0.01168383 0.01149381 -0.01173205 0.01144339 0.01080952 -0.01129098 0.01117241 0.01003834 -0.01106196 0.010891 0.00923746 -0.01106196 0.01062002 0.00846627 -0.01129098 0.01037958 0.00778199 -0.01173205 0.0101875 0.00723534 -0.01235244 0.01005803 0.00686688 -0.01310616 0.01000078 0.00670394 -0.01393728 0.01001998 0.00675859 -0.01478419 0.01011422 0.00702679 -0.01558406 0.01027651 0.00748865 -0.01627757 0.0104948 0.0081099 -0.01681329 0.01075291 0.00884447 -0.01715149 0.01103171 0.0096379 -0.01726708 0.01004154 0.00778192 -0.01675732 0.00986649 0.00728373 -0.01622927 0.00973478 0.00690889 -0.01559695 0.00965301 0.00667619 -0.01489208 0.00962529 0.00659731 -0.01415 0.00965301 0.00667619 -0.01340792 0.00968913 0.00677897 -0.01303321 0.00973478 0.00690889 -0.01270305 0.00986649 0.00728373 -0.01207073 0.01004154 0.00778192 -0.01154268 0.01025116 0.00837848 -0.01114537 0.01048483 0.0090435 -0.01089873 0.0105803 0.00931519 -0.01084617 0.01180866 0.01281104 -0.01340792 0.01177255 0.01270826 -0.01303321 0.0117269 0.01257834 -0.01270305 0.01159519 0.0122035 -0.01207073 0.01142013 0.01170531 -0.01154268 0.01121052 0.01110875 -0.01114537 0.01097684 0.01044373 -0.01089873 0.01073084 0.00974362 -0.01081511 0.01183638 0.01288992 -0.01415 0.01180866 0.01281104 -0.01489208 0.0117269 0.01257834 -0.01559695 0.01159519 0.0122035 -0.01622927 0.01142013 0.01170531 -0.01675732 0.01130526 0.01137839 -0.01699939 0.01015641 0.00810884 -0.01699939 0.01025116 0.00837848 -0.01715463 0.01048483 0.0090435 -0.01740127 0.01073084 0.00974362 -0.01748489 0.01097684 0.01044373 -0.01740127 0.01121052 0.01110875 -0.01715463 -0.00077895 0.01283901 -0.01022772 0.00674649 0.01008529 -0.00977534 0.00863887 0.0095298 -0.01022772 0.00893565 0.01037441 -0.01012685 0.00773402 0.00695465 -0.01240442 0.00951432 0.01202128 -0.01777473 0.00997838 0.01334196 -0.01164161 0.0097672 0.01274095 -0.01100458 0.00951432 0.01202128 -0.01052527 0.00923242 0.01121902 -0.01022772 0.00835697 0.00872754 -0.01052527 0.00643209 0.0091905 -0.01010721 0.00450223 0.0097612 -0.00989677 0.00810409 0.00800786 -0.01100458 0.00615004 0.00838782 -0.0106418 0.00420551 0.00891673 -0.01045918 0.00229649 0.00958752 -0.01045918 0.00789291 0.00740685 -0.01164161 0.0059145 0.0077175 -0.0113523 0.00395771 0.00821151 -0.01120667 0.00204869 0.0088823 -0.01120667 0.00021297 0.00972089 -0.0113523 0.00573728 0.00721314 -0.01220309 0.00377126 0.0076809 -0.01210175 0.00186224 0.00835169 -0.01210175 3.575E-05 0.00921653 -0.01220309 -0.00168381 0.01026387 -0.01240442 0.00202138 0.01486753 -0.01010721 9.65E-05 0.01533049 -0.01052527 -0.0001854 0.01452824 -0.01022772 0.00034938 0.01605017 -0.01100458 0.00230343 0.01567021 -0.0106418 0.00424796 0.0151413 -0.01045918 0.00056056 0.01665118 -0.01164161 0.00253897 0.01634054 -0.0113523 0.00449576 0.01584652 -0.01120667 0.00640478 0.01517573 -0.01120667 0.00071945 0.01710338 -0.01240442 0.00271619 0.01684489 -0.01220309 0.00468221 0.01637713 -0.01210175 0.00659123 0.01570634 -0.01210175 0.00841772 0.0148415 -0.01220309 0.01026935 0.01417005 -0.01415 0.01023591 0.01407489 -0.01504523 0.00856503 0.01526074 -0.01415 0.00852774 0.0151546 -0.01514849 0.00674621 0.0161474 -0.01415 0.00670697 0.01603574 -0.01520046 0.00483719 0.01681819 -0.01415 0.00479795 0.01670653 -0.01520046 0.0028635 0.01726414 -0.01415 0.00282621 0.01715799 -0.01514849 0.00085153 0.01747927 -0.01415 0.00081809 0.01738411 -0.01504523 0.01013728 0.01379417 -0.01589558 0.00841772 0.0148415 -0.01609691 0.00659123 0.01570634 -0.01619825 0.00468221 0.01637713 -0.01619825 0.00271619 0.01684489 -0.01609691 0.00071945 0.01710338 -0.01589558 0.00997838 0.01334196 -0.01665839 0.0082405 0.01433714 -0.0169477 0.00640478 0.01517573 -0.01709333 0.00449576 0.01584652 -0.01709333 0.00253897 0.01634054 -0.0169477 0.00056056 0.01665118 -0.01665839 0.00923242 0.01121902 -0.01807228 0.00772292 0.01286413 -0.01819279 0.00740851 0.01196934 -0.01852466 0.00586026 0.01362605 -0.01840323 0.00552948 0.01268468 -0.01875237 0.00395124 0.01429683 -0.01840323 0.00362046 0.01335547 -0.01875237 0.00202138 0.01486753 -0.01819279 0.00170698 0.01397274 -0.01852466 9.65E-05 0.01533049 -0.01777473 -0.0001854 0.01452824 -0.01807228 0.00893565 0.01037441 -0.01817315 0.0070775 0.01102732 -0.01863716 0.00518124 0.01169362 -0.01887073 0.00327223 0.01236441 -0.01887073 0.00137597 0.01303071 -0.01863716 -0.00048218 0.01368362 -0.01817315 0.00863887 0.0095298 -0.01807228 0.00674649 0.01008529 -0.01852466 0.00483301 0.01070256 -0.01875237 0.00292399 0.01137335 -0.01875237 0.00104496 0.01208869 -0.01852466 -0.00077895 0.01283901 -0.01807228 0.00835697 0.00872754 -0.01777473 0.00643209 0.0091905 -0.01819279 0.00450223 0.0097612 -0.01840323 0.00259321 0.01043199 -0.01840323 0.00073055 0.0111939 -0.01819279 -0.00106085 0.01203676 -0.01777473 0.00789291 0.00740685 -0.01665839 0.00773402 0.00695465 -0.01589558 0.0059145 0.0077175 -0.0169477 0.00573728 0.00721314 -0.01609691 0.00395771 0.00821151 -0.01709333 0.00377126 0.0076809 -0.01619825 0.00204869 0.0088823 -0.01709333 0.00186224 0.00835169 -0.01619825 0.00021297 0.00972089 -0.0169477 3.575E-05 0.00921653 -0.01609691 -0.00152491 0.01071607 -0.01665839 -0.00168381 0.01026387 -0.01589558 0.00763538 0.00667393 -0.01504523 0.00562726 0.00690004 -0.01514849 0.00365552 0.0073515 -0.01520046 0.0017465 0.00802229 -0.01520046 -7.427E-05 0.00890343 -0.01514849 -0.00178245 0.00998314 -0.01504523 0.00760194 0.00657876 -0.01415 0.00558997 0.0067939 -0.01415 0.00361628 0.00723984 -0.01415 0.00170726 0.00791063 -0.01415 -0.00011156 0.00879729 -0.01415 -0.00181588 0.00988798 -0.01415 0.01013728 0.01379417 -0.01240442 0.0082405 0.01433714 -0.0113523 0.00615698 0.01447051 -0.01045918 0.00395124 0.01429683 -0.00989677 0.00170698 0.01397274 -0.00977534 -0.00048218 0.01368362 -0.01012685 0.00081809 0.01738411 -0.01325477 0.00282621 0.01715799 -0.01315151 0.00479795 0.01670653 -0.01309954 0.00670697 0.01603574 -0.01309954 0.00852774 0.0151546 -0.01315151 0.01023591 0.01407489 -0.01325477 0.00034938 0.01605017 -0.01729542 0.00230343 0.01567021 -0.0176582 0.00424796 0.0151413 -0.01784082 0.00615698 0.01447051 -0.01784082 0.00800496 0.01366681 -0.0176582 0.0097672 0.01274095 -0.01729542 -0.00131373 0.01131708 -0.01729542 0.00044851 0.01039122 -0.0176582 0.00229649 0.00958752 -0.01784082 0.00420551 0.00891673 -0.01784082 0.00615004 0.00838782 -0.0176582 0.00810409 0.00800786 -0.01729542 -0.00178245 0.00998314 -0.01325477 -7.427E-05 0.00890343 -0.01315151 0.0017465 0.00802229 -0.01309954 0.00365552 0.0073515 -0.01309954 0.00562726 0.00690004 -0.01315151 0.00763538 0.00667393 -0.01325477 -0.00152491 0.01071607 -0.01164161 0.0070775 0.01102732 -0.00966284 0.00483301 0.01070256 -0.00954763 0.00259321 0.01043199 -0.00989677 0.00044851 0.01039122 -0.0106418 0.00740851 0.01196934 -0.00977534 0.00518124 0.01169362 -0.00942927 0.00292399 0.01137335 -0.00954763 0.00073055 0.0111939 -0.01010721 -0.00131373 0.01131708 -0.01100458 0.00772292 0.01286413 -0.01010721 0.00552948 0.01268468 -0.00954763 0.00327223 0.01236441 -0.00942927 0.00104496 0.01208869 -0.00977534 -0.00106085 0.01203676 -0.01052527 0.00800496 0.01366681 -0.0106418 0.00586026 0.01362605 -0.00989677 0.00362046 0.01335547 -0.00954763 0.00137597 0.01303071 -0.00966284 -0.01451533 -0.00284916 -0.01315 -0.01498706 -0.0026834 -0.01328397 -0.01533238 -0.00256206 -0.01365 -0.01545878 -0.00251765 -0.01415 -0.01533238 -0.00256206 -0.01465 -0.0140436 -0.00301491 -0.01328397 -0.01369828 -0.00313625 -0.01365 -0.01357188 -0.00318066 -0.01415 -0.01369828 -0.00313625 -0.01465 -0.0140436 -0.00301491 -0.01501602 -0.01451533 -0.00284916 -0.01515 -0.01498706 -0.0026834 -0.01501602 -0.01346555 -0.00257564 -0.01736122 -0.01294928 -0.00275704 -0.01715463 -0.01289214 -0.00311514 -0.01681329 -0.01267965 -0.00285179 -0.01699939 -0.01235273 -0.00296666 -0.01675732 -0.01227088 -0.00333344 -0.01627757 -0.01201498 -0.00308534 -0.01642624 -0.01185453 -0.00314172 -0.01622927 -0.01180903 -0.00349572 -0.01558406 -0.01152086 -0.00325896 -0.01568427 -0.01123392 -0.00335979 -0.0148285 -0.01154083 -0.00358996 -0.01478419 -0.01116811 -0.00338291 -0.01415 -0.01148618 -0.00360916 -0.01393728 -0.01117544 -0.00338033 -0.01392242 -0.01164912 -0.00355191 -0.01310616 -0.01124699 -0.00335519 -0.01340792 -0.01134977 -0.00331908 -0.01303321 -0.01147969 -0.00327343 -0.01270305 -0.01201758 -0.00342244 -0.01235244 -0.01174398 -0.00318056 -0.01222684 -0.01185453 -0.00314172 -0.01207073 -0.01256422 -0.00323036 -0.01173205 -0.01232882 -0.00297506 -0.01156309 -0.01306092 -0.00271782 -0.0110912 -0.0136143 -0.00252337 -0.01089873 -0.01401969 -0.00271894 -0.01106196 -0.01324851 -0.00298992 -0.01129098 -0.01388599 -0.00242791 -0.01084617 -0.01431442 -0.00227737 -0.01081511 -0.01482057 -0.00243753 -0.01106196 -0.01474284 -0.00212683 -0.01084617 -0.01501453 -0.00203136 -0.01089873 -0.01559176 -0.00216655 -0.01129098 -0.01556791 -0.00183692 -0.0110912 -0.01630001 -0.00157967 -0.01156309 -0.01627605 -0.00192611 -0.01173205 -0.0167743 -0.00141302 -0.01207073 -0.01682269 -0.00173403 -0.01235244 -0.01688485 -0.00137417 -0.01222684 -0.01719115 -0.00160456 -0.01310616 -0.01714914 -0.00128131 -0.01270305 -0.01745339 -0.0011744 -0.01392242 -0.01735409 -0.00154731 -0.01393728 -0.01738184 -0.00119954 -0.01340792 -0.01727906 -0.00123566 -0.01303321 -0.01746072 -0.00117182 -0.01415 -0.01739491 -0.00119495 -0.0148285 -0.01729944 -0.00156651 -0.01478419 -0.01710797 -0.00129577 -0.01568427 -0.01703124 -0.00166075 -0.01558406 -0.0167743 -0.00141302 -0.01622927 -0.01656939 -0.00182304 -0.01627757 -0.01661385 -0.0014694 -0.01642624 -0.01594813 -0.00204133 -0.01681329 -0.01627611 -0.00158807 -0.01675732 -0.01594919 -0.00170294 -0.01699939 -0.01567955 -0.00179769 -0.01715463 -0.01521356 -0.00229944 -0.01715149 -0.01362671 -0.00285703 -0.01715149 -0.01442013 -0.00257824 -0.01726708 -0.01431442 -0.00227737 -0.01748489 -0.01516328 -0.00197909 -0.01736122 -0.0171211 -0.00185451 -0.01395928 -0.01697501 -0.00190584 -0.01321412 -0.01664466 -0.00202192 -0.01253837 -0.01615456 -0.00219413 -0.01198214 -0.01554105 -0.0024097 -0.0115867 -0.01484963 -0.00265265 -0.01138136 -0.01413159 -0.00290496 -0.01138136 -0.01344017 -0.0031479 -0.0115867 -0.01282666 -0.00336348 -0.01198214 -0.01233656 -0.00353569 -0.01253837 -0.01200621 -0.00365177 -0.01321412 -0.01186012 -0.0037031 -0.01395928 -0.01190912 -0.00368588 -0.01471859 -0.01214958 -0.00360139 -0.01543573 -0.01256366 -0.00345589 -0.01605751 -0.01312065 -0.00326017 -0.01653782 -0.01377925 -0.00302876 -0.01684104 -0.01449061 -0.0027788 -0.01694467 -0.01520197 -0.00252885 -0.01684104 -0.01586056 -0.00229743 -0.01653782 -0.01641756 -0.00210171 -0.01605751 -0.01683164 -0.00195622 -0.01543573 -0.0170721 -0.00187172 -0.01471859 -0.0167468 -0.00206506 -0.0146415 -0.01679447 -0.00204831 -0.01415 -0.01678916 -0.00205018 -0.01398514 -0.01666288 -0.00209455 -0.01334101 -0.01637732 -0.00219489 -0.01275688 -0.01595367 -0.00234375 -0.01227607 -0.01542334 -0.0025301 -0.01193425 -0.01482567 -0.00274011 -0.01175675 -0.01420499 -0.0029582 -0.01175675 -0.01360732 -0.00316821 -0.01193425 -0.01307699 -0.00335456 -0.01227607 -0.01265334 -0.00350342 -0.01275688 -0.01236778 -0.00360376 -0.01334101 -0.0122415 -0.00364813 -0.01398514 -0.01228386 -0.00363325 -0.0146415 -0.01249171 -0.00356021 -0.0152614 -0.01284965 -0.00343444 -0.01579888 -0.01333112 -0.00326526 -0.01621407 -0.01390042 -0.00306522 -0.01647617 -0.01451533 -0.00284916 -0.01656575 -0.01513024 -0.00263309 -0.01647617 -0.01569954 -0.00243305 -0.01621407 -0.01618101 -0.00226387 -0.01579888 -0.01653895 -0.0021381 -0.0152614 -0.01182185 0.01210347 -0.01415 -0.01177418 0.01208672 -0.0146415 -0.01214891 0.01213935 -0.01471859 -0.01156632 0.01201368 -0.0152614 -0.01190845 0.01205486 -0.01543573 -0.01120838 0.01188791 -0.01579888 -0.01149437 0.01190936 -0.01605751 -0.01072691 0.01171873 -0.01621407 -0.01093738 0.01171365 -0.01653782 -0.01015761 0.01151869 -0.01647617 -0.01027878 0.01148223 -0.01684104 -0.0095427 0.01130263 -0.01656575 -0.00956742 0.01123227 -0.01694467 -0.00892779 0.01108656 -0.01647617 -0.00885607 0.01098232 -0.01684104 -0.00835849 0.01088652 -0.01621407 -0.00819747 0.0107509 -0.01653782 -0.00787702 0.01071734 -0.01579888 -0.00764047 0.01055519 -0.01605751 -0.00751908 0.01059157 -0.0152614 -0.00722639 0.01040968 -0.01543573 -0.00731123 0.01051853 -0.0146415 -0.00698593 0.01032519 -0.01471859 -0.00726887 0.01050365 -0.01398514 -0.00693693 0.01030798 -0.01395928 -0.00739515 0.01054802 -0.01334101 -0.00708302 0.01035931 -0.01321412 -0.00768071 0.01064836 -0.01275688 -0.00741337 0.01047539 -0.01253837 -0.00810436 0.01079722 -0.01227607 -0.00790347 0.0106476 -0.01198214 -0.00863469 0.01098357 -0.01193425 -0.00851698 0.01086317 -0.0115867 -0.00923236 0.01119358 -0.01175675 -0.0092084 0.01110612 -0.01138136 -0.00985304 0.01141167 -0.01175675 -0.00992644 0.01135843 -0.01138136 -0.01045071 0.01162168 -0.01193425 -0.01061786 0.01160137 -0.0115867 -0.01098104 0.01180803 -0.01227607 -0.01123137 0.01181695 -0.01198214 -0.01140469 0.01195689 -0.01275688 -0.01172148 0.01198916 -0.01253837 -0.01169025 0.01205723 -0.01334101 -0.01205182 0.01210524 -0.01321412 -0.01181653 0.0121016 -0.01398514 -0.01219791 0.01215657 -0.01395928 -0.01043132 0.0113105 -0.01715149 -0.0111659 0.01156861 -0.01681329 -0.01178715 0.01178691 -0.01627757 -0.012249 0.01194919 -0.01558406 -0.0125172 0.01204343 -0.01478419 -0.01257185 0.01206263 -0.01393728 -0.01240891 0.01200538 -0.01310616 -0.01204045 0.01187591 -0.01235244 -0.01149381 0.01168383 -0.01173205 -0.01080952 0.01144339 -0.01129098 -0.01003834 0.01117241 -0.01106196 -0.00923746 0.010891 -0.01106196 -0.00846627 0.01062002 -0.01129098 -0.00778199 0.01037958 -0.01173205 -0.00723534 0.0101875 -0.01235244 -0.00686688 0.01005803 -0.01310616 -0.00670394 0.01000078 -0.01393728 -0.00675859 0.01001998 -0.01478419 -0.00702679 0.01011422 -0.01558406 -0.00748865 0.01027651 -0.01627757 -0.0081099 0.0104948 -0.01681329 -0.00884447 0.01075291 -0.01715149 -0.0096379 0.01103171 -0.01726708 -0.00778192 0.01004154 -0.01675732 -0.00728373 0.00986649 -0.01622927 -0.00690889 0.00973478 -0.01559695 -0.00667619 0.00965301 -0.01489208 -0.00659731 0.00962529 -0.01415 -0.00667619 0.00965301 -0.01340792 -0.00677897 0.00968913 -0.01303321 -0.00690889 0.00973478 -0.01270305 -0.00728373 0.00986649 -0.01207073 -0.00778192 0.01004154 -0.01154268 -0.00837848 0.01025116 -0.01114537 -0.0090435 0.01048483 -0.01089873 -0.00931519 0.0105803 -0.01084617 -0.01281104 0.01180866 -0.01340792 -0.01270826 0.01177255 -0.01303321 -0.01257834 0.0117269 -0.01270305 -0.0122035 0.01159519 -0.01207073 -0.01170531 0.01142013 -0.01154268 -0.01110875 0.01121052 -0.01114537 -0.01044373 0.01097684 -0.01089873 -0.00974362 0.01073084 -0.01081511 -0.01288992 0.01183638 -0.01415 -0.01281104 0.01180866 -0.01489208 -0.01257834 0.0117269 -0.01559695 -0.0122035 0.01159519 -0.01622927 -0.01170531 0.01142013 -0.01675732 -0.01137839 0.01130526 -0.01699939 -0.00810884 0.01015641 -0.01699939 -0.00837848 0.01025116 -0.01715463 -0.0090435 0.01048483 -0.01740127 -0.00974362 0.01073084 -0.01748489 -0.01044373 0.01097684 -0.01740127 -0.01110875 0.01121052 -0.01715463 -0.01283901 -0.00077895 -0.01022772 -0.01008529 0.00674649 -0.00977534 -0.0095298 0.00863887 -0.01022772 -0.01037441 0.00893565 -0.01012685 -0.00695465 0.00773402 -0.01240442 -0.01202128 0.00951432 -0.01777473 -0.01334196 0.00997838 -0.01164161 -0.01274095 0.0097672 -0.01100458 -0.01202128 0.00951432 -0.01052527 -0.01121902 0.00923242 -0.01022772 -0.00872754 0.00835697 -0.01052527 -0.0091905 0.00643209 -0.01010721 -0.0097612 0.00450223 -0.00989677 -0.00800786 0.00810409 -0.01100458 -0.00838782 0.00615004 -0.0106418 -0.00891673 0.00420551 -0.01045918 -0.00958752 0.00229649 -0.01045918 -0.00740685 0.00789291 -0.01164161 -0.0077175 0.0059145 -0.0113523 -0.00821151 0.00395771 -0.01120667 -0.0088823 0.00204869 -0.01120667 -0.00972089 0.00021297 -0.0113523 -0.00721314 0.00573728 -0.01220309 -0.0076809 0.00377126 -0.01210175 -0.00835169 0.00186224 -0.01210175 -0.00921653 3.575E-05 -0.01220309 -0.01026387 -0.00168381 -0.01240442 -0.01486753 0.00202138 -0.01010721 -0.01533049 9.65E-05 -0.01052527 -0.01452824 -0.0001854 -0.01022772 -0.01605017 0.00034938 -0.01100458 -0.01567021 0.00230343 -0.0106418 -0.0151413 0.00424796 -0.01045918 -0.01665118 0.00056056 -0.01164161 -0.01634054 0.00253897 -0.0113523 -0.01584652 0.00449576 -0.01120667 -0.01517573 0.00640478 -0.01120667 -0.01710338 0.00071945 -0.01240442 -0.01684489 0.00271619 -0.01220309 -0.01637713 0.00468221 -0.01210175 -0.01570634 0.00659123 -0.01210175 -0.0148415 0.00841772 -0.01220309 -0.01417005 0.01026935 -0.01415 -0.01407489 0.01023591 -0.01504523 -0.01526074 0.00856503 -0.01415 -0.0151546 0.00852774 -0.01514849 -0.0161474 0.00674621 -0.01415 -0.01603574 0.00670697 -0.01520046 -0.01681819 0.00483719 -0.01415 -0.01670653 0.00479795 -0.01520046 -0.01726414 0.0028635 -0.01415 -0.01715799 0.00282621 -0.01514849 -0.01747927 0.00085153 -0.01415 -0.01738411 0.00081809 -0.01504523 -0.01379417 0.01013728 -0.01589558 -0.0148415 0.00841772 -0.01609691 -0.01570634 0.00659123 -0.01619825 -0.01637713 0.00468221 -0.01619825 -0.01684489 0.00271619 -0.01609691 -0.01710338 0.00071945 -0.01589558 -0.01334196 0.00997838 -0.01665839 -0.01433714 0.0082405 -0.0169477 -0.01517573 0.00640478 -0.01709333 -0.01584652 0.00449576 -0.01709333 -0.01634054 0.00253897 -0.0169477 -0.01665118 0.00056056 -0.01665839 -0.01121902 0.00923242 -0.01807228 -0.01286413 0.00772292 -0.01819279 -0.01196934 0.00740851 -0.01852466 -0.01362605 0.00586026 -0.01840323 -0.01268468 0.00552948 -0.01875237 -0.01429683 0.00395124 -0.01840323 -0.01335547 0.00362046 -0.01875237 -0.01486753 0.00202138 -0.01819279 -0.01397274 0.00170698 -0.01852466 -0.01533049 9.65E-05 -0.01777473 -0.01452824 -0.0001854 -0.01807228 -0.01037441 0.00893565 -0.01817315 -0.01102732 0.0070775 -0.01863716 -0.01169362 0.00518124 -0.01887073 -0.01236441 0.00327223 -0.01887073 -0.01303071 0.00137597 -0.01863716 -0.01368362 -0.00048218 -0.01817315 -0.0095298 0.00863887 -0.01807228 -0.01008529 0.00674649 -0.01852466 -0.01070256 0.00483301 -0.01875237 -0.01137335 0.00292399 -0.01875237 -0.01208869 0.00104496 -0.01852466 -0.01283901 -0.00077895 -0.01807228 -0.00872754 0.00835697 -0.01777473 -0.0091905 0.00643209 -0.01819279 -0.0097612 0.00450223 -0.01840323 -0.01043199 0.00259321 -0.01840323 -0.0111939 0.00073055 -0.01819279 -0.01203676 -0.00106085 -0.01777473 -0.00740685 0.00789291 -0.01665839 -0.00695465 0.00773402 -0.01589558 -0.0077175 0.0059145 -0.0169477 -0.00721314 0.00573728 -0.01609691 -0.00821151 0.00395771 -0.01709333 -0.0076809 0.00377126 -0.01619825 -0.0088823 0.00204869 -0.01709333 -0.00835169 0.00186224 -0.01619825 -0.00972089 0.00021297 -0.0169477 -0.00921653 3.575E-05 -0.01609691 -0.01071607 -0.00152491 -0.01665839 -0.01026387 -0.00168381 -0.01589558 -0.00667393 0.00763538 -0.01504523 -0.00690004 0.00562726 -0.01514849 -0.0073515 0.00365552 -0.01520046 -0.00802229 0.0017465 -0.01520046 -0.00890343 -7.427E-05 -0.01514849 -0.00998314 -0.00178245 -0.01504523 -0.00657876 0.00760194 -0.01415 -0.0067939 0.00558997 -0.01415 -0.00723984 0.00361628 -0.01415 -0.00791063 0.00170726 -0.01415 -0.00879729 -0.00011156 -0.01415 -0.00988798 -0.00181588 -0.01415 -0.01379417 0.01013728 -0.01240442 -0.01433714 0.0082405 -0.0113523 -0.01447051 0.00615698 -0.01045918 -0.01429683 0.00395124 -0.00989677 -0.01397274 0.00170698 -0.00977534 -0.01368362 -0.00048218 -0.01012685 -0.01738411 0.00081809 -0.01325477 -0.01715799 0.00282621 -0.01315151 -0.01670653 0.00479795 -0.01309954 -0.01603574 0.00670697 -0.01309954 -0.0151546 0.00852774 -0.01315151 -0.01407489 0.01023591 -0.01325477 -0.01605017 0.00034938 -0.01729542 -0.01567021 0.00230343 -0.0176582 -0.0151413 0.00424796 -0.01784082 -0.01447051 0.00615698 -0.01784082 -0.01366681 0.00800496 -0.0176582 -0.01274095 0.0097672 -0.01729542 -0.01131708 -0.00131373 -0.01729542 -0.01039122 0.00044851 -0.0176582 -0.00958752 0.00229649 -0.01784082 -0.00891673 0.00420551 -0.01784082 -0.00838782 0.00615004 -0.0176582 -0.00800786 0.00810409 -0.01729542 -0.00998314 -0.00178245 -0.01325477 -0.00890343 -7.427E-05 -0.01315151 -0.00802229 0.0017465 -0.01309954 -0.0073515 0.00365552 -0.01309954 -0.00690004 0.00562726 -0.01315151 -0.00667393 0.00763538 -0.01325477 -0.01071607 -0.00152491 -0.01164161 -0.01102732 0.0070775 -0.00966284 -0.01070256 0.00483301 -0.00954763 -0.01043199 0.00259321 -0.00989677 -0.01039122 0.00044851 -0.0106418 -0.01196934 0.00740851 -0.00977534 -0.01169362 0.00518124 -0.00942927 -0.01137335 0.00292399 -0.00954763 -0.0111939 0.00073055 -0.01010721 -0.01131708 -0.00131373 -0.01100458 -0.01286413 0.00772292 -0.01010721 -0.01268468 0.00552948 -0.00954763 -0.01236441 0.00327223 -0.00942927 -0.01208869 0.00104496 -0.00977534 -0.01203676 -0.00106085 -0.01052527 -0.01366681 0.00800496 -0.0106418 -0.01362605 0.00586026 -0.00989677 -0.01335547 0.00362046 -0.00954763 -0.01303071 0.00137597 -0.00966284 0.00284916 -0.01451533 -0.01315 0.0026834 -0.01498706 -0.01328397 0.00256206 -0.01533238 -0.01365 0.00251765 -0.01545878 -0.01415 0.00256206 -0.01533238 -0.01465 0.00301491 -0.0140436 -0.01328397 0.00313625 -0.01369828 -0.01365 0.00318066 -0.01357188 -0.01415 0.00313625 -0.01369828 -0.01465 0.00301491 -0.0140436 -0.01501602 0.00284916 -0.01451533 -0.01515 0.0026834 -0.01498706 -0.01501602 0.00257564 -0.01346555 -0.01736122 0.00275704 -0.01294928 -0.01715463 0.00311514 -0.01289214 -0.01681329 0.00285179 -0.01267965 -0.01699939 0.00296666 -0.01235273 -0.01675732 0.00333344 -0.01227088 -0.01627757 0.00308534 -0.01201498 -0.01642624 0.00314172 -0.01185453 -0.01622927 0.00349572 -0.01180903 -0.01558406 0.00325896 -0.01152086 -0.01568427 0.00335979 -0.01123392 -0.0148285 0.00358996 -0.01154083 -0.01478419 0.00338291 -0.01116811 -0.01415 0.00360916 -0.01148618 -0.01393728 0.00338033 -0.01117544 -0.01392242 0.00355191 -0.01164912 -0.01310616 0.00335519 -0.01124699 -0.01340792 0.00331908 -0.01134977 -0.01303321 0.00327343 -0.01147969 -0.01270305 0.00342244 -0.01201758 -0.01235244 0.00318056 -0.01174398 -0.01222684 0.00314172 -0.01185453 -0.01207073 0.00323036 -0.01256422 -0.01173205 0.00297506 -0.01232882 -0.01156309 0.00271782 -0.01306092 -0.0110912 0.00298992 -0.01324851 -0.01129098 0.00271894 -0.01401969 -0.01106196 0.00252337 -0.0136143 -0.01089873 0.00242791 -0.01388599 -0.01084617 0.00243753 -0.01482057 -0.01106196 0.00227737 -0.01431442 -0.01081511 0.00212683 -0.01474284 -0.01084617 0.00203136 -0.01501453 -0.01089873 0.00216655 -0.01559176 -0.01129098 0.00183692 -0.01556791 -0.0110912 0.00157967 -0.01630001 -0.01156309 0.00192611 -0.01627605 -0.01173205 0.00141302 -0.0167743 -0.01207073 0.00173403 -0.01682269 -0.01235244 0.00137417 -0.01688485 -0.01222684 0.00160456 -0.01719115 -0.01310616 0.00128131 -0.01714914 -0.01270305 0.0011744 -0.01745339 -0.01392242 0.00154731 -0.01735409 -0.01393728 0.00119954 -0.01738184 -0.01340792 0.00123566 -0.01727906 -0.01303321 0.00117182 -0.01746072 -0.01415 0.00119495 -0.01739491 -0.0148285 0.00156651 -0.01729944 -0.01478419 0.00129577 -0.01710797 -0.01568427 0.00166075 -0.01703124 -0.01558406 0.00141302 -0.0167743 -0.01622927 0.00182304 -0.01656939 -0.01627757 0.0014694 -0.01661385 -0.01642624 0.00204133 -0.01594813 -0.01681329 0.00158807 -0.01627611 -0.01675732 0.00170294 -0.01594919 -0.01699939 0.00179769 -0.01567955 -0.01715463 0.00229944 -0.01521356 -0.01715149 0.00285703 -0.01362671 -0.01715149 0.00257824 -0.01442013 -0.01726708 0.00227737 -0.01431442 -0.01748489 0.00197909 -0.01516328 -0.01736122 0.00185451 -0.0171211 -0.01395928 0.00190584 -0.01697501 -0.01321412 0.00202192 -0.01664466 -0.01253837 0.00219413 -0.01615456 -0.01198214 0.0024097 -0.01554105 -0.0115867 0.00265265 -0.01484963 -0.01138136 0.00290496 -0.01413159 -0.01138136 0.0031479 -0.01344017 -0.0115867 0.00336348 -0.01282666 -0.01198214 0.00353569 -0.01233656 -0.01253837 0.00365177 -0.01200621 -0.01321412 0.0037031 -0.01186012 -0.01395928 0.00368588 -0.01190912 -0.01471859 0.00360139 -0.01214958 -0.01543573 0.00345589 -0.01256366 -0.01605751 0.00326017 -0.01312065 -0.01653782 0.00302876 -0.01377925 -0.01684104 0.0027788 -0.01449061 -0.01694467 0.00252885 -0.01520197 -0.01684104 0.00229743 -0.01586056 -0.01653782 0.00210171 -0.01641756 -0.01605751 0.00195622 -0.01683164 -0.01543573 0.00187172 -0.0170721 -0.01471859 0.00206506 -0.0167468 -0.0146415 0.00204831 -0.01679447 -0.01415 0.00205018 -0.01678916 -0.01398514 0.00209455 -0.01666288 -0.01334101 0.00219489 -0.01637732 -0.01275688 0.00234375 -0.01595367 -0.01227607 0.0025301 -0.01542334 -0.01193425 0.00274011 -0.01482567 -0.01175675 0.0029582 -0.01420499 -0.01175675 0.00316821 -0.01360732 -0.01193425 0.00335456 -0.01307699 -0.01227607 0.00350342 -0.01265334 -0.01275688 0.00360376 -0.01236778 -0.01334101 0.00364813 -0.0122415 -0.01398514 0.00363325 -0.01228386 -0.0146415 0.00356021 -0.01249171 -0.0152614 0.00343444 -0.01284965 -0.01579888 0.00326526 -0.01333112 -0.01621407 0.00306522 -0.01390042 -0.01647617 0.00284916 -0.01451533 -0.01656575 0.00263309 -0.01513024 -0.01647617 0.00243305 -0.01569954 -0.01621407 0.00226387 -0.01618101 -0.01579888 0.0021381 -0.01653895 -0.0152614 -0.01210347 -0.01182185 -0.01415 -0.01208672 -0.01177418 -0.0146415 -0.01213935 -0.01214891 -0.01471859 -0.01201368 -0.01156632 -0.0152614 -0.01205486 -0.01190845 -0.01543573 -0.01188791 -0.01120838 -0.01579888 -0.01190936 -0.01149437 -0.01605751 -0.01171873 -0.01072691 -0.01621407 -0.01171365 -0.01093738 -0.01653782 -0.01151869 -0.01015761 -0.01647617 -0.01148223 -0.01027878 -0.01684104 -0.01130263 -0.0095427 -0.01656575 -0.01123227 -0.00956742 -0.01694467 -0.01108656 -0.00892779 -0.01647617 -0.01098232 -0.00885607 -0.01684104 -0.01088652 -0.00835849 -0.01621407 -0.0107509 -0.00819747 -0.01653782 -0.01071734 -0.00787702 -0.01579888 -0.01055519 -0.00764047 -0.01605751 -0.01059157 -0.00751908 -0.0152614 -0.01040968 -0.00722639 -0.01543573 -0.01051853 -0.00731123 -0.0146415 -0.01032519 -0.00698593 -0.01471859 -0.01050365 -0.00726887 -0.01398514 -0.01030798 -0.00693693 -0.01395928 -0.01054802 -0.00739515 -0.01334101 -0.01035931 -0.00708302 -0.01321412 -0.01064836 -0.00768071 -0.01275688 -0.01047539 -0.00741337 -0.01253837 -0.01079722 -0.00810436 -0.01227607 -0.0106476 -0.00790347 -0.01198214 -0.01098357 -0.00863469 -0.01193425 -0.01086317 -0.00851698 -0.0115867 -0.01119358 -0.00923236 -0.01175675 -0.01110612 -0.0092084 -0.01138136 -0.01141167 -0.00985304 -0.01175675 -0.01135843 -0.00992644 -0.01138136 -0.01162168 -0.01045071 -0.01193425 -0.01160137 -0.01061786 -0.0115867 -0.01180803 -0.01098104 -0.01227607 -0.01181695 -0.01123137 -0.01198214 -0.01195689 -0.01140469 -0.01275688 -0.01198916 -0.01172148 -0.01253837 -0.01205723 -0.01169025 -0.01334101 -0.01210524 -0.01205182 -0.01321412 -0.0121016 -0.01181653 -0.01398514 -0.01215657 -0.01219791 -0.01395928 -0.0113105 -0.01043132 -0.01715149 -0.01156861 -0.0111659 -0.01681329 -0.01178691 -0.01178715 -0.01627757 -0.01194919 -0.012249 -0.01558406 -0.01204343 -0.0125172 -0.01478419 -0.01206263 -0.01257185 -0.01393728 -0.01200538 -0.01240891 -0.01310616 -0.01187591 -0.01204045 -0.01235244 -0.01168383 -0.01149381 -0.01173205 -0.01144339 -0.01080952 -0.01129098 -0.01117241 -0.01003834 -0.01106196 -0.010891 -0.00923746 -0.01106196 -0.01062002 -0.00846627 -0.01129098 -0.01037958 -0.00778199 -0.01173205 -0.0101875 -0.00723534 -0.01235244 -0.01005803 -0.00686688 -0.01310616 -0.01000078 -0.00670394 -0.01393728 -0.01001998 -0.00675859 -0.01478419 -0.01011422 -0.00702679 -0.01558406 -0.01027651 -0.00748865 -0.01627757 -0.0104948 -0.0081099 -0.01681329 -0.01075291 -0.00884447 -0.01715149 -0.01103171 -0.0096379 -0.01726708 -0.01004154 -0.00778192 -0.01675732 -0.00986649 -0.00728373 -0.01622927 -0.00973478 -0.00690889 -0.01559695 -0.00965301 -0.00667619 -0.01489208 -0.00962529 -0.00659731 -0.01415 -0.00965301 -0.00667619 -0.01340792 -0.00968913 -0.00677897 -0.01303321 -0.00973478 -0.00690889 -0.01270305 -0.00986649 -0.00728373 -0.01207073 -0.01004154 -0.00778192 -0.01154268 -0.01025116 -0.00837848 -0.01114537 -0.01048483 -0.0090435 -0.01089873 -0.0105803 -0.00931519 -0.01084617 -0.01180866 -0.01281104 -0.01340792 -0.01177255 -0.01270826 -0.01303321 -0.0117269 -0.01257834 -0.01270305 -0.01159519 -0.0122035 -0.01207073 -0.01142013 -0.01170531 -0.01154268 -0.01121052 -0.01110875 -0.01114537 -0.01097684 -0.01044373 -0.01089873 -0.01073084 -0.00974362 -0.01081511 -0.01183638 -0.01288992 -0.01415 -0.01180866 -0.01281104 -0.01489208 -0.0117269 -0.01257834 -0.01559695 -0.01159519 -0.0122035 -0.01622927 -0.01142013 -0.01170531 -0.01675732 -0.01130526 -0.01137839 -0.01699939 -0.01015641 -0.00810884 -0.01699939 -0.01025116 -0.00837848 -0.01715463 -0.01048483 -0.0090435 -0.01740127 -0.01073084 -0.00974362 -0.01748489 -0.01097684 -0.01044373 -0.01740127 -0.01121052 -0.01110875 -0.01715463 0.00077895 -0.01283901 -0.01022772 -0.00674649 -0.01008529 -0.00977534 -0.00863887 -0.0095298 -0.01022772 -0.00893565 -0.01037441 -0.01012685 -0.00773402 -0.00695465 -0.01240442 -0.00951432 -0.01202128 -0.01777473 -0.00997838 -0.01334196 -0.01164161 -0.0097672 -0.01274095 -0.01100458 -0.00951432 -0.01202128 -0.01052527 -0.00923242 -0.01121902 -0.01022772 -0.00835697 -0.00872754 -0.01052527 -0.00643209 -0.0091905 -0.01010721 -0.00450223 -0.0097612 -0.00989677 -0.00810409 -0.00800786 -0.01100458 -0.00615004 -0.00838782 -0.0106418 -0.00420551 -0.00891673 -0.01045918 -0.00229649 -0.00958752 -0.01045918 -0.00789291 -0.00740685 -0.01164161 -0.0059145 -0.0077175 -0.0113523 -0.00395771 -0.00821151 -0.01120667 -0.00204869 -0.0088823 -0.01120667 -0.00021297 -0.00972089 -0.0113523 -0.00573728 -0.00721314 -0.01220309 -0.00377126 -0.0076809 -0.01210175 -0.00186224 -0.00835169 -0.01210175 -3.575E-05 -0.00921653 -0.01220309 0.00168381 -0.01026387 -0.01240442 -0.00202138 -0.01486753 -0.01010721 -9.65E-05 -0.01533049 -0.01052527 0.0001854 -0.01452824 -0.01022772 -0.00034938 -0.01605017 -0.01100458 -0.00230343 -0.01567021 -0.0106418 -0.00424796 -0.0151413 -0.01045918 -0.00056056 -0.01665118 -0.01164161 -0.00253897 -0.01634054 -0.0113523 -0.00449576 -0.01584652 -0.01120667 -0.00640478 -0.01517573 -0.01120667 -0.00071945 -0.01710338 -0.01240442 -0.00271619 -0.01684489 -0.01220309 -0.00468221 -0.01637713 -0.01210175 -0.00659123 -0.01570634 -0.01210175 -0.00841772 -0.0148415 -0.01220309 -0.01026935 -0.01417005 -0.01415 -0.01023591 -0.01407489 -0.01504523 -0.00856503 -0.01526074 -0.01415 -0.00852774 -0.0151546 -0.01514849 -0.00674621 -0.0161474 -0.01415 -0.00670697 -0.01603574 -0.01520046 -0.00483719 -0.01681819 -0.01415 -0.00479795 -0.01670653 -0.01520046 -0.0028635 -0.01726414 -0.01415 -0.00282621 -0.01715799 -0.01514849 -0.00085153 -0.01747927 -0.01415 -0.00081809 -0.01738411 -0.01504523 -0.01013728 -0.01379417 -0.01589558 -0.00841772 -0.0148415 -0.01609691 -0.00659123 -0.01570634 -0.01619825 -0.00468221 -0.01637713 -0.01619825 -0.00271619 -0.01684489 -0.01609691 -0.00071945 -0.01710338 -0.01589558 -0.00997838 -0.01334196 -0.01665839 -0.0082405 -0.01433714 -0.0169477 -0.00640478 -0.01517573 -0.01709333 -0.00449576 -0.01584652 -0.01709333 -0.00253897 -0.01634054 -0.0169477 -0.00056056 -0.01665118 -0.01665839 -0.00923242 -0.01121902 -0.01807228 -0.00772292 -0.01286413 -0.01819279 -0.00740851 -0.01196934 -0.01852466 -0.00586026 -0.01362605 -0.01840323 -0.00552948 -0.01268468 -0.01875237 -0.00395124 -0.01429683 -0.01840323 -0.00362046 -0.01335547 -0.01875237 -0.00202138 -0.01486753 -0.01819279 -0.00170698 -0.01397274 -0.01852466 -9.65E-05 -0.01533049 -0.01777473 0.0001854 -0.01452824 -0.01807228 -0.00893565 -0.01037441 -0.01817315 -0.0070775 -0.01102732 -0.01863716 -0.00518124 -0.01169362 -0.01887073 -0.00327223 -0.01236441 -0.01887073 -0.00137597 -0.01303071 -0.01863716 0.00048218 -0.01368362 -0.01817315 -0.00863887 -0.0095298 -0.01807228 -0.00674649 -0.01008529 -0.01852466 -0.00483301 -0.01070256 -0.01875237 -0.00292399 -0.01137335 -0.01875237 -0.00104496 -0.01208869 -0.01852466 0.00077895 -0.01283901 -0.01807228 -0.00835697 -0.00872754 -0.01777473 -0.00643209 -0.0091905 -0.01819279 -0.00450223 -0.0097612 -0.01840323 -0.00259321 -0.01043199 -0.01840323 -0.00073055 -0.0111939 -0.01819279 0.00106085 -0.01203676 -0.01777473 -0.00789291 -0.00740685 -0.01665839 -0.00773402 -0.00695465 -0.01589558 -0.0059145 -0.0077175 -0.0169477 -0.00573728 -0.00721314 -0.01609691 -0.00395771 -0.00821151 -0.01709333 -0.00377126 -0.0076809 -0.01619825 -0.00204869 -0.0088823 -0.01709333 -0.00186224 -0.00835169 -0.01619825 -0.00021297 -0.00972089 -0.0169477 -3.575E-05 -0.00921653 -0.01609691 0.00152491 -0.01071607 -0.01665839 0.00168381 -0.01026387 -0.01589558 -0.00763538 -0.00667393 -0.01504523 -0.00562726 -0.00690004 -0.01514849 -0.00365552 -0.0073515 -0.01520046 -0.0017465 -0.00802229 -0.01520046 7.427E-05 -0.00890343 -0.01514849 0.00178245 -0.00998314 -0.01504523 -0.00760194 -0.00657876 -0.01415 -0.00558997 -0.0067939 -0.01415 -0.00361628 -0.00723984 -0.01415 -0.00170726 -0.00791063 -0.01415 0.00011156 -0.00879729 -0.01415 0.00181588 -0.00988798 -0.01415 -0.01013728 -0.01379417 -0.01240442 -0.0082405 -0.01433714 -0.0113523 -0.00615698 -0.01447051 -0.01045918 -0.00395124 -0.01429683 -0.00989677 -0.00170698 -0.01397274 -0.00977534 0.00048218 -0.01368362 -0.01012685 -0.00081809 -0.01738411 -0.01325477 -0.00282621 -0.01715799 -0.01315151 -0.00479795 -0.01670653 -0.01309954 -0.00670697 -0.01603574 -0.01309954 -0.00852774 -0.0151546 -0.01315151 -0.01023591 -0.01407489 -0.01325477 -0.00034938 -0.01605017 -0.01729542 -0.00230343 -0.01567021 -0.0176582 -0.00424796 -0.0151413 -0.01784082 -0.00615698 -0.01447051 -0.01784082 -0.00800496 -0.01366681 -0.0176582 -0.0097672 -0.01274095 -0.01729542 0.00131373 -0.01131708 -0.01729542 -0.00044851 -0.01039122 -0.0176582 -0.00229649 -0.00958752 -0.01784082 -0.00420551 -0.00891673 -0.01784082 -0.00615004 -0.00838782 -0.0176582 -0.00810409 -0.00800786 -0.01729542 0.00178245 -0.00998314 -0.01325477 7.427E-05 -0.00890343 -0.01315151 -0.0017465 -0.00802229 -0.01309954 -0.00365552 -0.0073515 -0.01309954 -0.00562726 -0.00690004 -0.01315151 -0.00763538 -0.00667393 -0.01325477 0.00152491 -0.01071607 -0.01164161 -0.0070775 -0.01102732 -0.00966284 -0.00483301 -0.01070256 -0.00954763 -0.00259321 -0.01043199 -0.00989677 -0.00044851 -0.01039122 -0.0106418 -0.00740851 -0.01196934 -0.00977534 -0.00518124 -0.01169362 -0.00942927 -0.00292399 -0.01137335 -0.00954763 -0.00073055 -0.0111939 -0.01010721 0.00131373 -0.01131708 -0.01100458 -0.00772292 -0.01286413 -0.01010721 -0.00552948 -0.01268468 -0.00954763 -0.00327223 -0.01236441 -0.00942927 -0.00104496 -0.01208869 -0.00977534 0.00106085 -0.01203676 -0.01052527 -0.00800496 -0.01366681 -0.0106418 -0.00586026 -0.01362605 -0.00989677 -0.00362046 -0.01335547 -0.00954763 -0.00137597 -0.01303071 -0.00966284 0.00046191 -0.00842102 -0.00955 0.00079677 -0.00818379 -0.00955 0.00324532 -0.0067615 -0.00955 0.00588663 -0.00574081 -0.00955 0.00818379 0.00079677 -0.00955 0.0067615 0.00324532 -0.00955 0.00574081 0.00588663 -0.00955 -0.00079677 0.00818379 -0.00955 -0.00324532 0.0067615 -0.00955 -0.00588663 0.00574081 -0.00955 -0.00628118 0.00562794 -0.00955 -0.00842102 -0.00046191 -0.00955 -0.00818379 -0.00079677 -0.00955 -0.0067615 -0.00324532 -0.00955 -0.00574081 -0.00588663 -0.00955 -0.00562794 -0.00628118 -0.00955 -0.00628118 0.00562794 -0.00995 -0.00707589 0.00248631 -0.00995 -0.00842102 -0.00046191 -0.00995 -0.00822184 -0.00010311 -0.00995 -0.00635022 0.00522341 -0.00995 -0.00562794 -0.00628118 -0.00995 -0.00248631 -0.00707589 -0.00995 0.00046191 -0.00842102 -0.00995 0.00010311 -0.00822184 -0.00995 -0.00522341 -0.00635022 -0.00995 -0.00274569 -0.01140819 -0.0092491 -0.00232413 -0.00923919 -0.00995 -0.00182557 -0.01039429 -0.0096238 -0.00086969 -0.00948725 -0.00995 -0.00283929 -0.01153984 -0.00920161 -0.00296159 -0.01185983 -0.00909341 -0.00366124 -0.01455464 -0.00820926 -0.00297122 -0.01218494 -0.00899285 -0.00288168 -0.01248428 -0.00890655 -0.00232578 -0.01364249 -0.00858045 -0.00253637 -0.0147922 -0.00820926 -0.00171767 -0.01490946 -0.00820926 -0.00545922 -0.01148653 -0.00893669 -0.00521806 -0.01127257 -0.00903046 -0.00624778 -0.01364579 -0.00820926 -0.00556093 -0.01154285 -0.00890655 -0.00671914 -0.01209876 -0.00858045 -0.00727281 -0.01312816 -0.00820926 -0.00798611 -0.01270687 -0.00820926 -0.00504677 -0.01096294 -0.00914279 -0.00499391 -0.01061821 -0.0092491 -0.00396605 -0.00866226 -0.00995 -0.00506837 -0.00934665 -0.00959871 -0.00525598 -0.007946 -0.00995 -0.00575958 -0.01385892 -0.00820926 -0.00417414 -0.01441593 -0.00820926 0.01599941 -0.00140572 -0.0030798 0.01568568 -0.00139873 -0.00284372 0.01540409 -0.00264273 -0.00276897 0.01538784 -0.00148806 -0.00267579 0.01490946 -0.00171767 -0.00249074 0.01479197 -0.00253772 -0.00249074 0.0131275 -0.00727401 -0.00249074 0.01270687 -0.00798611 -0.00249074 0.01367074 -0.00757502 -0.00276897 0.01293648 -0.00846449 -0.00267579 0.01369927 -0.00612963 -0.00249074 0.01443189 -0.00599924 -0.00276897 0.0138584 -0.00576084 -0.00249074 0.01501209 -0.00434824 -0.00276897 0.01441555 -0.00417545 -0.00249074 0.01452246 -0.00378688 -0.00249074 0.01629473 -0.00150917 -0.00338324 0.0162041 -0.00146607 -0.00327935 0.01604406 -0.00275253 -0.0032874 0.01651932 -0.00283406 -0.00396405 0.01675521 -0.00287453 -0.00458189 0.01680933 -0.00253894 -0.00458189 0.0168169 -0.00247492 -0.00457431 0.01681417 -0.0022768 -0.00446862 0.01679479 -0.00216409 -0.00436487 0.01673869 -0.00199333 -0.00416799 0.01656139 -0.00171791 -0.00377079 0.01636013 -0.0046202 -0.00458189 0.01609894 -0.00466305 -0.00396405 0.01632883 -0.00472963 -0.00458189 0.01547673 -0.00643357 -0.00396405 0.01569773 -0.00652544 -0.00458189 0.01466048 -0.00812344 -0.00396405 0.01486982 -0.00823944 -0.00458189 0.01420498 -0.00896202 -0.00403393 0.01446826 -0.00880818 -0.00437914 0.01470288 -0.00853377 -0.00458189 0.01462616 -0.00864727 -0.00454928 0.01355839 -0.00899189 -0.00327763 0.01361321 -0.00900619 -0.00333523 0.0142387 -0.00788972 -0.0032874 0.01389998 -0.00902986 -0.00365588 0.01403165 -0.00901285 -0.00381466 0.01309087 -0.00869645 -0.00282322 0.01314735 -0.00875496 -0.0028759 0.0133351 -0.00889612 -0.00305368 0.01563577 -0.00452889 -0.0032874 0.01503146 -0.00624848 -0.0032874 0.00588694 -0.00574072 -0.00053268 0.00646307 -0.00557917 -0.0005678 0.00556215 -0.00503115 -0.0005 0.00746404 -0.00534669 -0.00067876 0.00846609 -0.00517323 -0.00087529 0.00731573 -0.00475495 -0.00059438 0.0067615 0.00324532 -0.0005 0.00697209 0.00276405 -0.0005 0.00737311 0.00208196 -0.00050165 0.00732172 0.00162555 -0.0005 0.00807618 0.00095418 -0.00052506 0.00748672 0.00044606 -0.0005 0.00818396 0.00079653 -0.00053271 0.00797618 -0.00353695 -0.00059438 0.00628843 -0.00408725 -0.0005 0.00538269 -0.00589929 -0.00051494 0.00469561 -0.00584818 -0.0005 0.00423766 -0.00632151 -0.00050087 0.00371067 -0.00651774 -0.0005 0.00324532 -0.0067615 -0.0005 0.0090698 -0.0040219 -0.00087529 0.0095921 -0.00253548 -0.00087529 0.0084355 -0.00222976 -0.00059438 0.00984126 -0.00125958 -0.00087529 0.00868211 -0.00086634 -0.00059438 0.00939981 -0.00076977 -0.00073673 0.00875291 1.906E-05 -0.00059887 0.00746294 -0.00074469 -0.0005 0.00725096 -0.00191665 -0.0005 0.00685614 -0.00304028 -0.0005 -0.00074469 -0.00746294 -0.0005 4.577E-05 -0.00409974 -0.0005 -0.00135919 -0.00386815 -0.0005 0.00276405 -0.00697209 -0.0005 0.0014452 -0.00383685 -0.0005 0.00162555 -0.00732172 -0.0005 0.00044606 -0.00748672 -0.0005 -0.00746294 0.00074469 -0.0005 -0.00748672 -0.00044606 -0.0005 -0.00404541 0.00066684 -0.0005 -0.00402951 -0.00075699 -0.0005 0.00195421 0.00724093 -0.0005 0.00079039 0.00745824 -0.0005 0.00135919 0.00386815 -0.0005 -4.577E-05 0.00409974 -0.0005 0.0035276 0.00208951 -0.0005 0.00651949 0.00370759 -0.0005 0.00585481 0.00468734 -0.0005 0.00357337 -0.00201023 -0.0005 0.00404541 -0.00066684 -0.0005 0.00267033 -0.00311117 -0.0005 -0.00503115 -0.00556215 -0.0005 -0.00408725 -0.00628843 -0.0005 -0.0026002 -0.00317001 -0.0005 -0.00304028 -0.00685614 -0.0005 -0.00191665 -0.00725096 -0.0005 -0.00584818 -0.00469561 -0.0005 -0.0035276 -0.00208951 -0.0005 -0.00651774 -0.00371067 -0.0005 -0.00732172 -0.00162555 -0.0005 -0.00697209 -0.00276405 -0.0005 -0.0067615 -0.00324532 -0.0005 -0.00270152 0.00699656 -0.0005 -0.0014452 0.00383685 -0.0005 -0.00156684 0.00733451 -0.0005 -0.00039312 0.00748969 -0.0005 0.0026002 0.00317001 -0.0005 0.00402951 0.00075699 -0.0005 -0.00725096 0.00191665 -0.0005 -0.00357337 0.00201023 -0.0005 -0.00685614 0.00304028 -0.0005 -0.00267033 0.00311117 -0.0005 -0.00556215 0.00503115 -0.0005 -0.00628843 0.00408725 -0.0005 0.00504424 0.00555028 -0.0005 0.00410797 0.00627492 -0.0005 0.00306933 0.00684319 -0.0005 -0.00324532 0.0067615 -0.0005 -0.00371067 0.00651774 -0.0005 -0.00469561 0.00584818 -0.0005 0.01148653 -0.00545922 -0.00893669 0.01127257 -0.00521806 -0.00903046 0.01364579 -0.00624778 -0.00820926 0.01154285 -0.00556093 -0.00890655 0.01209876 -0.00671914 -0.00858045 0.01312816 -0.00727281 -0.00820926 0.01270687 -0.00798611 -0.00820926 0.01096294 -0.00504677 -0.00914279 0.01061821 -0.00499391 -0.0092491 0.00866226 -0.00396605 -0.00995 0.00934665 -0.00506837 -0.00959871 0.007946 -0.00525598 -0.00995 0.01140819 -0.00274569 -0.0092491 0.00923919 -0.00232413 -0.00995 0.01039429 -0.00182557 -0.0096238 0.00948725 -0.00086969 -0.00995 0.01151463 -0.00282376 -0.00921053 0.01183191 -0.00295572 -0.00910243 0.01455464 -0.00366124 -0.00820926 0.01215038 -0.00297526 -0.00900317 0.01248428 -0.00288168 -0.00890655 0.01364249 -0.00232578 -0.00858045 0.0147922 -0.00253637 -0.00820926 0.01490946 -0.00171767 -0.00820926 0.01385892 -0.00575958 -0.00820926 0.01441593 -0.00417414 -0.00820926 -0.01148653 0.00545922 -0.00893669 -0.01127257 0.00521806 -0.00903046 -0.01364579 0.00624778 -0.00820926 -0.01154285 0.00556093 -0.00890655 -0.01209876 0.00671914 -0.00858045 -0.01312816 0.00727281 -0.00820926 -0.01270687 0.00798611 -0.00820926 -0.01096294 0.00504677 -0.00914279 -0.01061821 0.00499391 -0.0092491 -0.00866226 0.00396605 -0.00995 -0.00934665 0.00506837 -0.00959871 -0.007946 0.00525598 -0.00995 -0.01140819 0.00274569 -0.0092491 -0.00923919 0.00232413 -0.00995 -0.01039429 0.00182557 -0.0096238 -0.00948725 0.00086969 -0.00995 -0.01153984 0.00283929 -0.00920161 -0.01185983 0.00296159 -0.00909341 -0.01455464 0.00366124 -0.00820926 -0.01218494 0.00297122 -0.00899285 -0.01248428 0.00288168 -0.00890655 -0.01364249 0.00232578 -0.00858045 -0.0147922 0.00253637 -0.00820926 -0.01490946 0.00171767 -0.00820926 -0.01385892 0.00575958 -0.00820926 -0.01441593 0.00417414 -0.00820926 0.00545922 0.01148653 -0.00893669 0.00521806 0.01127257 -0.00903046 0.00624778 0.01364579 -0.00820926 0.00556093 0.01154285 -0.00890655 0.00671914 0.01209876 -0.00858045 0.00727281 0.01312816 -0.00820926 0.00798611 0.01270687 -0.00820926 0.00504677 0.01096294 -0.00914279 0.00499391 0.01061821 -0.0092491 0.00396605 0.00866226 -0.00995 0.00506837 0.00934665 -0.00959871 0.00525598 0.007946 -0.00995 0.00274569 0.01140819 -0.0092491 0.00232413 0.00923919 -0.00995 0.00182557 0.01039429 -0.0096238 0.00086969 0.00948725 -0.00995 0.00283929 0.01153984 -0.00920161 0.00296159 0.01185983 -0.00909341 0.00366124 0.01455464 -0.00820926 0.00297122 0.01218494 -0.00899285 0.00288168 0.01248428 -0.00890655 0.00232578 0.01364249 -0.00858045 0.00253637 0.0147922 -0.00820926 0.00171767 0.01490946 -0.00820926 0.00575958 0.01385892 -0.00820926 0.00417414 0.01441593 -0.00820926 -0.00148806 -0.01538784 -0.00267579 -0.00171767 -0.01490946 -0.00249074 -0.00253772 -0.01479197 -0.00249074 -0.00140572 -0.01599941 -0.0030798 -0.00139873 -0.01568568 -0.00284372 -0.00264273 -0.01540409 -0.00276897 -0.00150917 -0.01629473 -0.00338324 -0.00146607 -0.0162041 -0.00327935 -0.00275253 -0.01604406 -0.0032874 -0.00283406 -0.01651932 -0.00396405 -0.00287453 -0.01675521 -0.00458189 -0.00253894 -0.01680933 -0.00458189 -0.00246652 -0.01681759 -0.00457191 -0.00224956 -0.0168107 -0.00444594 -0.00216589 -0.01679521 -0.00436705 -0.00199886 -0.01674105 -0.00417519 -0.00171791 -0.01656139 -0.00377079 -0.0046202 -0.01636013 -0.00458189 -0.00466305 -0.01609894 -0.00396405 -0.00472963 -0.01632883 -0.00458189 -0.00643357 -0.01547673 -0.00396405 -0.00652544 -0.01569773 -0.00458189 -0.00812344 -0.01466048 -0.00396405 -0.00823944 -0.01486982 -0.00458189 -0.0089548 -0.01422276 -0.00405696 -0.00880825 -0.01446817 -0.00437903 -0.00853377 -0.01470288 -0.00458189 -0.00864727 -0.01462616 -0.00454928 -0.00899189 -0.01355839 -0.00327763 -0.00900619 -0.01361321 -0.00333523 -0.00788972 -0.0142387 -0.0032874 -0.00902999 -0.01389786 -0.00365337 -0.00901285 -0.01403165 -0.00381466 -0.00846449 -0.01293648 -0.00267579 -0.00869645 -0.01309087 -0.00282322 -0.00757502 -0.01367074 -0.00276897 -0.00875496 -0.01314735 -0.0028759 -0.00889612 -0.0133351 -0.00305368 -0.00417545 -0.01441555 -0.00249074 -0.00434824 -0.01501209 -0.00276897 -0.00576084 -0.0138584 -0.00249074 -0.00599924 -0.01443189 -0.00276897 -0.00727401 -0.0131275 -0.00249074 -0.00798611 -0.01270687 -0.00249074 -0.00452889 -0.01563577 -0.0032874 -0.00624848 -0.01503146 -0.0032874 -0.01538784 0.00148806 -0.00267579 -0.01490946 0.00171767 -0.00249074 -0.01479197 0.00253772 -0.00249074 -0.01599942 0.00140572 -0.0030798 -0.01568568 0.00139873 -0.00284372 -0.01540409 0.00264273 -0.00276897 -0.01629473 0.00150917 -0.00338324 -0.01621127 0.00146908 -0.00328719 -0.01604406 0.00275253 -0.0032874 -0.01651932 0.00283406 -0.00396405 -0.01675521 0.00287453 -0.00458189 -0.01680933 0.00253894 -0.00458189 -0.0168169 0.00247492 -0.00457431 -0.01681417 0.00227681 -0.00446862 -0.0167953 0.00216627 -0.00436711 -0.01673869 0.00199333 -0.00416799 -0.01656139 0.00171791 -0.00377079 -0.01636013 0.0046202 -0.00458189 -0.01609894 0.00466305 -0.00396405 -0.01632883 0.00472963 -0.00458189 -0.01547673 0.00643357 -0.00396405 -0.01569773 0.00652544 -0.00458189 -0.01466048 0.00812344 -0.00396405 -0.01486982 0.00823944 -0.00458189 -0.01422276 0.0089548 -0.00405696 -0.01446817 0.00880825 -0.00437903 -0.01470288 0.00853377 -0.00458189 -0.01462616 0.00864727 -0.00454928 -0.01355839 0.00899189 -0.00327763 -0.01361321 0.00900619 -0.00333523 -0.0142387 0.00788972 -0.0032874 -0.01389786 0.00902999 -0.00365337 -0.01403165 0.00901285 -0.00381466 -0.01293648 0.00846449 -0.00267579 -0.01309087 0.00869645 -0.00282322 -0.01367074 0.00757502 -0.00276897 -0.01314735 0.00875496 -0.0028759 -0.0133351 0.00889612 -0.00305368 -0.01441555 0.00417545 -0.00249074 -0.01501209 0.00434824 -0.00276897 -0.0138584 0.00576084 -0.00249074 -0.01443189 0.00599924 -0.00276897 -0.0131275 0.00727401 -0.00249074 -0.01270687 0.00798611 -0.00249074 -0.01563577 0.00452889 -0.0032874 -0.01503146 0.00624848 -0.0032874 0.00140572 0.01599941 -0.0030798 0.00139873 0.01568568 -0.00284372 0.00264273 0.01540409 -0.00276897 0.00148806 0.01538784 -0.00267579 0.00171767 0.01490946 -0.00249074 0.00253772 0.01479197 -0.00249074 0.00846449 0.01293648 -0.00267579 0.00869645 0.01309087 -0.00282322 0.00757502 0.01367074 -0.00276897 0.00798611 0.01270687 -0.00249074 0.00727401 0.0131275 -0.00249074 0.00599924 0.01443189 -0.00276897 0.00576084 0.0138584 -0.00249074 0.00434824 0.01501209 -0.00276897 0.00417545 0.01441555 -0.00249074 0.00378688 0.01452246 -0.00249074 0.00150917 0.01629473 -0.00338324 0.00146607 0.0162041 -0.00327935 0.00275253 0.01604406 -0.0032874 0.00283406 0.01651932 -0.00396405 0.00287453 0.01675521 -0.00458189 0.00253894 0.01680933 -0.00458189 0.00247492 0.0168169 -0.00457431 0.0022768 0.01681417 -0.00446862 0.00216409 0.01679479 -0.00436487 0.00199333 0.01673869 -0.00416799 0.00171791 0.01656139 -0.00377079 0.0046202 0.01636013 -0.00458189 0.00466305 0.01609894 -0.00396405 0.00472963 0.01632883 -0.00458189 0.00643357 0.01547673 -0.00396405 0.00652544 0.01569773 -0.00458189 0.00812344 0.01466048 -0.00396405 0.00823944 0.01486982 -0.00458189 0.0089548 0.01422276 -0.00405696 0.00880825 0.01446817 -0.00437903 0.00853377 0.01470288 -0.00458189 0.00864727 0.01462616 -0.00454928 0.00901186 0.01403661 -0.00382079 0.00788972 0.0142387 -0.0032874 0.00902999 0.01389786 -0.00365337 0.00900619 0.01361321 -0.00333523 0.00876255 0.01315539 -0.00288341 0.00889612 0.0133351 -0.00305368 0.00899401 0.01356578 -0.00328534 0.00452889 0.01563577 -0.0032874 0.00624848 0.01503146 -0.0032874 -0.00846449 -0.01293648 -0.00802421 -0.00264133 -0.01540434 -0.00793103 -0.00148806 -0.01538784 -0.00802421 -0.00434688 -0.01501249 -0.00793103 -0.00599793 -0.01443243 -0.00793103 -0.00872049 -0.01311297 -0.00785628 -0.00757378 -0.01367143 -0.00793103 -0.00788843 -0.01423941 -0.0074126 -0.00899224 -0.01355957 -0.00742065 -0.00891129 -0.01336212 -0.0076202 -0.00874131 -0.01454268 -0.00623138 -0.00881713 -0.01445706 -0.00633513 -0.0081221 -0.01466122 -0.00673595 -0.00858845 -0.01466874 -0.00612569 -0.00891527 -0.01430647 -0.00653201 -0.00901925 -0.01399586 -0.00692921 -0.00901531 -0.01365724 -0.00731676 -0.00253894 -0.01680933 -0.00611811 -0.00287301 -0.01675547 -0.00611811 -0.00283256 -0.01651958 -0.00673595 -0.00472815 -0.01632926 -0.00611811 -0.00466158 -0.01609936 -0.00673595 -0.00652401 -0.01569832 -0.00611811 -0.00643216 -0.01547731 -0.00673595 -0.00823808 -0.01487057 -0.00611811 -0.00853377 -0.01470288 -0.00611811 -0.0024024 -0.01682047 -0.00615072 -0.00217808 -0.01679793 -0.00632086 -0.00189337 -0.01668875 -0.00666607 -0.00174528 -0.01658532 -0.00688534 -0.00164965 -0.01649323 -0.00704412 -0.00275107 -0.01604431 -0.0074126 -0.00140065 -0.01596885 -0.00764632 -0.0014656 -0.01620296 -0.00742237 -0.00148874 -0.01625467 -0.00736476 -0.00140366 -0.01565339 -0.00787678 -0.00139334 -0.01573406 -0.0078241 -0.00452747 -0.01563618 -0.0074126 -0.00624711 -0.01503203 -0.0074126 0.01293648 -0.00846449 -0.00802421 0.01423941 -0.00788843 -0.0074126 0.01355957 -0.00899224 -0.00742065 0.01336212 -0.00891129 -0.0076202 0.01452293 -0.0087604 -0.00625406 0.01445851 -0.00881599 -0.00633295 0.01466122 -0.0081221 -0.00673595 0.01466402 -0.00859543 -0.00612809 0.01431177 -0.00891243 -0.00652481 0.01399586 -0.00901925 -0.00692921 0.01365724 -0.00901531 -0.00731676 0.01680933 -0.00253894 -0.00611811 0.01675547 -0.00287301 -0.00611811 0.01651958 -0.00283256 -0.00673595 0.01632926 -0.00472815 -0.00611811 0.01609936 -0.00466158 -0.00673595 0.01569832 -0.00652401 -0.00611811 0.01547731 -0.00643216 -0.00673595 0.01487057 -0.00823808 -0.00611811 0.01470288 -0.00853377 -0.00611811 0.01682047 -0.0024024 -0.00615072 0.0167979 -0.00217797 -0.00632097 0.01669811 -0.00191012 -0.00664304 0.01658532 -0.00174528 -0.00688534 0.01649165 -0.00164823 -0.00704663 0.01604431 -0.00275107 -0.0074126 0.01596885 -0.00140065 -0.00764632 0.01620296 -0.0014656 -0.00742237 0.01625467 -0.00148874 -0.00736476 0.01565339 -0.00140366 -0.00787678 0.01573406 -0.00139334 -0.0078241 0.01540434 -0.00264133 -0.00793103 0.01538784 -0.00148806 -0.00802421 0.01501249 -0.00434688 -0.00793103 0.01443243 -0.00599793 -0.00793103 0.01311297 -0.00872049 -0.00785628 0.01367143 -0.00757378 -0.00793103 0.01563618 -0.00452747 -0.0074126 0.01503203 -0.00624711 -0.0074126 0.00846449 0.01293648 -0.00802421 0.00788843 0.01423941 -0.0074126 0.00899437 0.01356705 -0.00741281 0.00891129 0.01336212 -0.0076202 0.00874131 0.01454268 -0.00623138 0.00881575 0.01445882 -0.00633289 0.0081221 0.01466122 -0.00673595 0.00858845 0.01466874 -0.00612569 0.00891526 0.01430647 -0.00653201 0.00901924 0.01399586 -0.00692921 0.00901531 0.01365724 -0.00731676 0.00253894 0.01680933 -0.00611811 0.00287301 0.01675547 -0.00611811 0.00283256 0.01651958 -0.00673595 0.00472815 0.01632926 -0.00611811 0.00466158 0.01609936 -0.00673595 0.00652401 0.01569832 -0.00611811 0.00643216 0.01547731 -0.00673595 0.00823808 0.01487057 -0.00611811 0.00853377 0.01470288 -0.00611811 0.0024024 0.01682047 -0.00615072 0.00217797 0.0167979 -0.00632097 0.00191012 0.01669811 -0.00664304 0.00174528 0.01658532 -0.00688534 0.00164823 0.01649165 -0.00704663 0.00275107 0.01604431 -0.0074126 0.00140065 0.01596885 -0.00764632 0.0014656 0.01620296 -0.00742237 0.00148874 0.01625467 -0.00736476 0.00140366 0.01565339 -0.00787678 0.00139334 0.01573406 -0.0078241 0.00264133 0.01540434 -0.00793103 0.00148806 0.01538784 -0.00802421 0.00434688 0.01501249 -0.00793103 0.00599793 0.01443243 -0.00793103 0.00872049 0.01311297 -0.00785628 0.00757378 0.01367143 -0.00793103 0.00452747 0.01563618 -0.0074126 0.00624711 0.01503203 -0.0074126 -0.01293648 0.00846449 -0.00802421 -0.01540434 0.00264133 -0.00793103 -0.01538784 0.00148806 -0.00802421 -0.01565339 0.00140366 -0.00787678 -0.01501249 0.00434688 -0.00793103 -0.01443243 0.00599793 -0.00793103 -0.01311297 0.00872049 -0.00785628 -0.01367143 0.00757378 -0.00793103 -0.01423941 0.00788843 -0.0074126 -0.01355957 0.00899224 -0.00742065 -0.01336212 0.00891129 -0.0076202 -0.01454268 0.00874131 -0.00623138 -0.01445706 0.00881713 -0.00633513 -0.01466122 0.0081221 -0.00673595 -0.01466874 0.00858845 -0.00612569 -0.01430647 0.00891527 -0.00653201 -0.01399586 0.00901925 -0.00692921 -0.01365724 0.00901531 -0.00731676 -0.01680933 0.00253894 -0.00611811 -0.01675547 0.00287301 -0.00611811 -0.01651958 0.00283256 -0.00673595 -0.01632926 0.00472815 -0.00611811 -0.01609936 0.00466158 -0.00673595 -0.01569832 0.00652401 -0.00611811 -0.01547731 0.00643216 -0.00673595 -0.01487057 0.00823808 -0.00611811 -0.01470288 0.00853377 -0.00611811 -0.01682047 0.0024024 -0.00615072 -0.0167979 0.00217797 -0.00632097 -0.01669811 0.00191012 -0.00664304 -0.01658857 0.00174916 -0.00687921 -0.01604431 0.00275107 -0.0074126 -0.01649165 0.00164823 -0.00704663 -0.01625467 0.00148874 -0.00736476 -0.01574508 0.00139244 -0.00781659 -0.01596884 0.00140065 -0.00764632 -0.01621006 0.00146857 -0.00741466 -0.01563618 0.00452747 -0.0074126 -0.01503203 0.00624711 -0.0074126 -0.00574072 -0.00588694 -0.00053268 -0.00557917 -0.00646307 -0.0005678 -0.00534669 -0.00746404 -0.00067876 -0.00517323 -0.00846609 -0.00087529 -0.00475495 -0.00731573 -0.00059438 -0.00353695 -0.00797618 -0.00059438 -0.00589929 -0.00538269 -0.00051494 -0.00632151 -0.00423766 -0.00050087 0.00208196 -0.00737311 -0.00050165 0.00095418 -0.00807618 -0.00052506 0.00079653 -0.00818396 -0.00053271 -0.0040219 -0.0090698 -0.00087529 -0.00253548 -0.0095921 -0.00087529 -0.00222976 -0.0084355 -0.00059438 -0.00125958 -0.00984126 -0.00087529 -0.00086634 -0.00868211 -0.00059438 -0.00076977 -0.00939981 -0.00073673 1.906E-05 -0.00875291 -0.00059887 0.00574072 0.00588694 -0.00053268 0.00557917 0.00646307 -0.0005678 0.00534669 0.00746404 -0.00067876 0.00517323 0.00846609 -0.00087529 0.00477906 0.00730001 -0.00059438 -0.00208196 0.00737311 -0.00050165 -0.00095418 0.00807618 -0.00052506 -0.00079653 0.00818396 -0.00053271 0.00357075 0.00796111 -0.00059438 0.00589929 0.00538269 -0.00051494 0.00632151 0.00423766 -0.00050087 0.00406033 0.00905266 -0.00087529 0.00258517 0.00957882 -0.00087529 0.00227346 0.00842383 -0.00059438 0.00125958 0.00984126 -0.00087529 0.00091951 0.00867664 -0.00059438 0.00076977 0.00939981 -0.00073673 -1.906E-05 0.00875291 -0.00059887 -0.00588694 0.00574072 -0.00053268 -0.00646307 0.00557917 -0.0005678 -0.00746404 0.00534669 -0.00067876 -0.00846609 0.00517323 -0.00087529 -0.00731573 0.00475495 -0.00059438 -0.00797618 0.00353695 -0.00059438 -0.00538269 0.00589929 -0.00051494 -0.00423766 0.00632151 -0.00050087 -0.00737311 -0.00208196 -0.00050165 -0.00807618 -0.00095418 -0.00052506 -0.00818396 -0.00079653 -0.00053271 -0.0090698 0.0040219 -0.00087529 -0.0095921 0.00253548 -0.00087529 -0.0084355 0.00222976 -0.00059438 -0.00984126 0.00125958 -0.00087529 -0.00868211 0.00086634 -0.00059438 -0.00939981 0.00076977 -0.00073673 -0.00875291 -1.906E-05 -0.00059887 0.01237672 -0.00292581 -0.00176331 0.01205893 -0.00298012 -0.00166954 0.01248428 -0.00288168 -0.00179345 0.01364353 -0.00232528 -0.00211985 0.01171022 -0.00292008 -0.00155721 0.01140819 -0.00274569 -0.0014509 0.01085779 -0.0022637 -0.00124686 0.01061821 -0.00499391 -0.0014509 0.00925448 -0.00507729 -0.0010768 0.01077948 -0.00500323 -0.00149839 0.01110564 -0.00510797 -0.00160659 0.01136531 -0.00530383 -0.00170715 0.01154285 -0.00556093 -0.00179345 0.01209926 -0.00672018 -0.00211985 -0.00292581 -0.01237672 -0.00176331 -0.00298012 -0.01205893 -0.00166954 -0.00288168 -0.01248428 -0.00179345 -0.00232528 -0.01364353 -0.00211985 -0.00292008 -0.01171022 -0.00155721 -0.00274569 -0.01140819 -0.0014509 -0.0022637 -0.01085779 -0.00124686 -0.00509509 -0.01108018 -0.00159757 -0.00527906 -0.01134087 -0.00169683 -0.00507729 -0.00925448 -0.0010768 -0.00499391 -0.01061821 -0.0014509 -0.00499957 -0.01075009 -0.00148947 -0.00556093 -0.01154285 -0.00179345 -0.00672018 -0.01209926 -0.00211985 0.00292581 0.01237672 -0.00176331 0.00298012 0.01205893 -0.00166954 0.00288168 0.01248428 -0.00179345 0.00232528 0.01364353 -0.00211985 0.00292008 0.01171022 -0.00155721 0.00274569 0.01140819 -0.0014509 0.0022637 0.01085779 -0.00124686 0.00507729 0.00925448 -0.0010768 0.00499391 0.01061821 -0.0014509 0.00500323 0.01077948 -0.00149839 0.00510797 0.01110564 -0.00160659 0.00530383 0.01136531 -0.00170715 0.00556093 0.01154285 -0.00179345 0.00672018 0.01209926 -0.00211985 -0.01237672 0.00292581 -0.00176331 -0.01205893 0.00298012 -0.00166954 -0.01248428 0.00288168 -0.00179345 -0.01364353 0.00232528 -0.00211985 -0.01171022 0.00292008 -0.00155721 -0.01140819 0.00274569 -0.0014509 -0.01085779 0.0022637 -0.00124686 -0.00925448 0.00507729 -0.0010768 -0.01061821 0.00499391 -0.0014509 -0.01077948 0.00500323 -0.00149839 -0.01110564 0.00510797 -0.00160659 -0.01136531 0.00530383 -0.00170715 -0.01154285 0.00556093 -0.00179345 -0.01209926 0.00672018 -0.00211985 0.00148806 0.01538784 -0.00447205 0.00169522 0.01495623 -0.00435 0.00191158 0.01450546 -0.00448398 0.00148806 0.01538784 -0.00622795 0.00169522 0.01495623 -0.00635 0.00191158 0.01450546 -0.00621603 0.00206996 0.01417548 -0.00585 0.00212793 0.01405469 -0.00535 0.00206996 0.01417548 -0.00485 0.01293648 -0.00846449 -0.00447205 0.01306943 -0.00867154 -0.00465906 0.01317442 -0.00877988 -0.00485004 0.01321152 -0.00881121 -0.00493603 0.01293648 -0.00846449 -0.00622795 0.01302169 -0.00860938 -0.00611314 0.01317076 -0.00877661 -0.00585772 0.01327395 -0.00885752 -0.00555343 0.01329418 -0.00887098 -0.00535019 0.01328837 -0.00886718 -0.00524117 0.01538784 -0.00148806 -0.00622795 0.01495623 -0.00169522 -0.00635 0.01450546 -0.00191158 -0.00621603 0.01417548 -0.00206996 -0.00585 0.01405469 -0.00212793 -0.00535 0.01538784 -0.00148806 -0.00447205 0.01495623 -0.00169522 -0.00435 0.01450546 -0.00191158 -0.00448398 0.01417548 -0.00206996 -0.00485 0.00846449 0.01293648 -0.00447205 0.00867154 0.01306943 -0.00465906 0.00877988 0.01317442 -0.00485004 0.00881121 0.01321152 -0.00493603 0.00846449 0.01293648 -0.00622795 0.00860938 0.01302169 -0.00611314 0.00877661 0.01317076 -0.00585772 0.00885752 0.01327395 -0.00555343 0.00887098 0.01329418 -0.00535019 0.00886718 0.01328837 -0.00524117 -0.01293648 0.00846449 -0.00447205 -0.01306943 0.00867154 -0.00465906 -0.01317442 0.00877988 -0.00485004 -0.01321152 0.00881121 -0.00493603 -0.01293648 0.00846449 -0.00622795 -0.01302169 0.00860938 -0.00611314 -0.01317076 0.00877661 -0.00585772 -0.01327395 0.00885752 -0.00555343 -0.01329418 0.00887098 -0.00535019 -0.01328837 0.00886718 -0.00524117 -0.01538784 0.00148806 -0.00447205 -0.01495623 0.00169522 -0.00435 -0.01450546 0.00191158 -0.00448398 -0.01538784 0.00148806 -0.00622795 -0.01495623 0.00169522 -0.00635 -0.01450546 0.00191158 -0.00621603 -0.01417548 0.00206996 -0.00585 -0.01405469 0.00212793 -0.00535 -0.01417548 0.00206996 -0.00485 -0.00846449 -0.01293648 -0.00447205 -0.00867154 -0.01306943 -0.00465906 -0.00877988 -0.01317442 -0.00485004 -0.00881121 -0.01321152 -0.00493603 -0.00846449 -0.01293648 -0.00622795 -0.00860938 -0.01302169 -0.00611314 -0.00877661 -0.01317076 -0.00585772 -0.00885752 -0.01327395 -0.00555343 -0.00887098 -0.01329418 -0.00535019 -0.00886718 -0.01328837 -0.00524117 -0.00148806 -0.01538784 -0.00622795 -0.00169522 -0.01495623 -0.00635 -0.00191158 -0.01450546 -0.00621603 -0.00206996 -0.01417548 -0.00585 -0.00212793 -0.01405469 -0.00535 -0.00148806 -0.01538784 -0.00447205 -0.00169522 -0.01495623 -0.00435 -0.00191158 -0.01450546 -0.00448398 -0.00206996 -0.01417548 -0.00485 0.01577078 -0.00139083 -0.00584996 0.01581931 -0.00138959 -0.00576398 0.01562109 -0.00140969 -0.00604094 0.01554496 -0.00142832 -0.00458686 0.01576587 -0.00139109 -0.00484228 0.01589699 -0.00139252 -0.00514657 0.01592119 -0.00139467 -0.00534981 0.01591428 -0.001394 -0.00545883 0.00803288 0.01272931 -0.00635 0.00758211 0.01251296 -0.00621603 0.00803288 0.01272931 -0.00435 0.00758211 0.01251296 -0.00448398 0.00725213 0.01235458 -0.00485 0.00713134 0.0122966 -0.00535 0.00725213 0.01235458 -0.00585 0.0087 0.0124949 -0.00448398 0.00824923 0.01227855 -0.00435 0.00779846 0.01206219 -0.00448398 0.00746848 0.01190381 -0.00485 0.0073477 0.01184584 -0.00535 0.00746848 0.01190381 -0.00585 0.00779846 0.01206219 -0.00621603 0.00824923 0.01227855 -0.00635 0.0087 0.0124949 -0.00621603 0.00902998 0.01265328 -0.00485 0.00915076 0.01271125 -0.00535 0.00902998 0.01265328 -0.00585 0.01272931 -0.00803288 -0.00635 0.01251296 -0.00758211 -0.00621603 0.01272931 -0.00803288 -0.00435 0.01251296 -0.00758211 -0.00448398 0.01235458 -0.00725213 -0.00485 0.0122966 -0.00713134 -0.00535 0.01235458 -0.00725213 -0.00585 -0.00139083 -0.01577078 -0.00584996 -0.00138959 -0.01581931 -0.00576398 -0.00140969 -0.01562109 -0.00604094 -0.00142832 -0.01554496 -0.00458686 -0.00139109 -0.01576587 -0.00484228 -0.00139252 -0.01589699 -0.00514657 -0.00139467 -0.01592119 -0.00534981 -0.001394 -0.01591428 -0.00545883 0.0124949 -0.0087 -0.00448398 0.01227855 -0.00824923 -0.00435 0.01206219 -0.00779846 -0.00448398 0.01190381 -0.00746848 -0.00485 0.01184584 -0.0073477 -0.00535 0.01190381 -0.00746848 -0.00585 0.01206219 -0.00779846 -0.00621603 0.01227855 -0.00824923 -0.00635 0.0124949 -0.0087 -0.00621603 0.01265328 -0.00902998 -0.00485 0.01271125 -0.00915076 -0.00535 0.01265328 -0.00902998 -0.00585 -0.01577078 0.00139083 -0.00584996 -0.01581931 0.00138959 -0.00576397 -0.01562109 0.00140969 -0.00604094 -0.01554496 0.00142832 -0.00458686 -0.01576587 0.00139109 -0.00484228 -0.01589699 0.00139252 -0.00514657 -0.01592119 0.00139467 -0.00534981 -0.01591428 0.001394 -0.00545883 -0.00803288 -0.01272931 -0.00435 -0.00758211 -0.01251296 -0.00448398 -0.00725213 -0.01235458 -0.00485 -0.00713134 -0.0122966 -0.00535 -0.00803288 -0.01272931 -0.00635 -0.00758211 -0.01251296 -0.00621603 -0.00725213 -0.01235458 -0.00585 -0.0087 -0.0124949 -0.00448398 -0.00824923 -0.01227855 -0.00435 -0.00779846 -0.01206219 -0.00448398 -0.00746848 -0.01190381 -0.00485 -0.0073477 -0.01184584 -0.00535 -0.00746848 -0.01190381 -0.00585 -0.00779846 -0.01206219 -0.00621603 -0.00824923 -0.01227855 -0.00635 -0.0087 -0.0124949 -0.00621603 -0.00902998 -0.01265328 -0.00485 -0.00915076 -0.01271125 -0.00535 -0.00902998 -0.01265328 -0.00585 0.00139083 0.01577078 -0.00584996 0.00138959 0.01581931 -0.00576398 0.00140969 0.01562109 -0.00604094 0.00142832 0.01554496 -0.00458686 0.00139109 0.01576587 -0.00484228 0.00139252 0.01589699 -0.00514657 0.00139467 0.01592119 -0.00534981 0.001394 0.01591428 -0.00545883 -0.01272931 0.00803288 -0.00435 -0.01251296 0.00758211 -0.00448398 -0.01235458 0.00725213 -0.00485 -0.0122966 0.00713134 -0.00535 -0.01272931 0.00803288 -0.00635 -0.01251296 0.00758211 -0.00621603 -0.01235458 0.00725213 -0.00585 -0.0124949 0.0087 -0.00448398 -0.01227855 0.00824923 -0.00435 -0.01206219 0.00779846 -0.00448398 -0.01190381 0.00746848 -0.00485 -0.01184584 0.0073477 -0.00535 -0.01190381 0.00746848 -0.00585 -0.01206219 0.00779846 -0.00621603 -0.01227855 0.00824923 -0.00635 -0.0124949 0.0087 -0.00621603 -0.01265328 0.00902998 -0.00485 -0.01271125 0.00915076 -0.00535 -0.01265328 0.00902998 -0.00585 0.01473987 -0.00124446 -0.00635 0.01519064 -0.0010281 -0.00621603 0.01552062 -0.00086972 -0.00585 0.01564141 -0.00081175 -0.00535 0.01552062 -0.00086972 -0.00485 0.01428911 -0.00146081 -0.00621603 0.01395912 -0.00161919 -0.00585 0.01383834 -0.00167717 -0.00535 0.01395912 -0.00161919 -0.00485 0.01428911 -0.00146081 -0.00448398 0.01473987 -0.00124446 -0.00435 0.01519064 -0.0010281 -0.00448398 0.01366648 -0.0010874 -0.00213878 0.01317315 -0.00132418 -0.00234537 0.01315551 -0.00168638 -0.00268671 0.01291549 -0.00144785 -0.00250061 0.01260309 -0.00159779 -0.00274268 0.01256186 -0.00197132 -0.00322243 0.01228036 -0.0017527 -0.00307376 0.01212704 -0.00182628 -0.00327073 0.01212053 -0.00218314 -0.00391594 0.01180819 -0.00197932 -0.00381573 0.011534 -0.00211093 -0.0046715 0.01186424 -0.00230615 -0.00471581 0.01147111 -0.00214111 -0.00535 0.01181202 -0.00233122 -0.00556272 0.01147812 -0.00213774 -0.00557758 0.01196772 -0.00225648 -0.00639385 0.01154649 -0.00210493 -0.00609208 0.01164471 -0.00205779 -0.00646679 0.01176885 -0.0019982 -0.00679695 0.01231981 -0.00208749 -0.00714756 0.01202139 -0.00187699 -0.00727316 0.01212704 -0.00182628 -0.00742927 0.01284216 -0.00183678 -0.00776795 0.01258025 -0.00160875 -0.00793691 0.01327983 -0.00127298 -0.0084088 0.01349605 -0.00152293 -0.00820902 0.01423297 -0.00116923 -0.00843804 0.01380861 -0.00101918 -0.00860127 0.01406824 -0.00089457 -0.00865383 0.01499826 -0.00080191 -0.00843804 0.01447762 -0.00069807 -0.00868489 0.01488701 -0.00050158 -0.00865383 0.01514664 -0.00037697 -0.00860127 0.01573518 -0.00044821 -0.00820902 0.01567542 -0.00012316 -0.0084088 0.016375 0.00021261 -0.00793691 0.01638907 -0.00013437 -0.00776795 0.01682821 0.00043014 -0.00742927 0.01691142 0.00011635 -0.00714756 0.01693385 0.00048085 -0.00727316 0.01726351 0.00028534 -0.00639385 0.0171864 0.00060206 -0.00679695 0.01747713 0.0007416 -0.00557758 0.01741921 0.00036007 -0.00556272 0.01740876 0.00070879 -0.00609208 0.01731054 0.00066165 -0.00646679 0.01748414 0.00074497 -0.00535 0.01742125 0.00071478 -0.0046715 0.01736699 0.000335 -0.00471581 0.01714706 0.00058318 -0.00381573 0.0171107 0.000212 -0.00391594 0.01682821 0.00043014 -0.00327073 0.01666937 1.7E-07 -0.00322243 0.01667489 0.00035655 -0.00307376 0.01607572 -0.00028476 -0.00268671 0.01635215 0.00020165 -0.00274268 0.01603976 5.171E-05 -0.00250061 0.0157821 -7.196E-05 -0.00234537 0.01537379 -0.00062167 -0.00234851 0.01385745 -0.00134947 -0.00234851 0.01461562 -0.00098557 -0.00223292 0.01447762 -0.00069807 -0.00201511 0.01528877 -0.00030874 -0.00213878 0.01722122 2.923E-05 -0.00554072 0.01708162 -3.777E-05 -0.00628588 0.01676595 -0.00018928 -0.00696163 0.01629762 -0.00041407 -0.00751786 0.01571137 -0.00069545 -0.0079133 0.01505067 -0.00101256 -0.00811864 0.01436453 -0.00134189 -0.00811864 0.01370384 -0.00165901 -0.0079133 0.01311759 -0.00194039 -0.00751786 0.01264926 -0.00216517 -0.00696163 0.01233359 -0.00231669 -0.00628588 0.01219399 -0.00238369 -0.00554072 0.01224081 -0.00236121 -0.00478141 0.01247059 -0.00225093 -0.00406427 0.01286627 -0.00206101 -0.00344249 0.01339852 -0.00180555 -0.00296218 0.01402786 -0.00150349 -0.00265896 0.01470761 -0.00117723 -0.00255533 0.01538735 -0.00085097 -0.00265896 0.01601669 -0.00054891 -0.00296218 0.01654894 -0.00029344 -0.00344249 0.01694462 -0.00010353 -0.00406427 0.01717439 6.76E-06 -0.00478141 0.0168722 -0.000221 -0.0048585 0.01691775 -0.00019914 -0.00535 0.01691267 -0.00020157 -0.00551486 0.016792 -0.00025949 -0.00615899 0.01651913 -0.00039046 -0.00674312 0.01611431 -0.00058477 -0.00722393 0.01560754 -0.000828 -0.00756575 0.01503643 -0.00110212 -0.00774325 0.01444332 -0.00138679 -0.00774325 0.0138722 -0.00166091 -0.00756575 0.01336544 -0.00190414 -0.00722393 0.01296061 -0.00209845 -0.00674312 0.01268774 -0.00222942 -0.00615899 0.01256707 -0.00228734 -0.00551486 0.01260754 -0.00226791 -0.0048585 0.01280616 -0.00217258 -0.0042386 0.0131482 -0.00200841 -0.00370112 0.01360828 -0.00178759 -0.00328594 0.01415229 -0.00152648 -0.00302383 0.01473987 -0.00124446 -0.00293425 0.01532746 -0.00096243 -0.00302383 0.01587146 -0.00070132 -0.00328594 0.01633155 -0.0004805 -0.00370112 0.01667358 -0.00031633 -0.0042386 0.01042711 0.01332386 -0.00535 0.01038156 0.013302 -0.0048585 0.01074829 0.0133953 -0.00478141 0.01018294 0.01320667 -0.0042386 0.01051851 0.01328502 -0.00406427 0.0098409 0.0130425 -0.00370112 0.01012283 0.0130951 -0.00344249 0.00938082 0.01282168 -0.00328594 0.00959058 0.01283964 -0.00296218 0.00883682 0.01256057 -0.00302383 0.00896125 0.01253758 -0.00265896 0.00824923 0.01227855 -0.00293425 0.0082815 0.01221132 -0.00255533 0.00766165 0.01199652 -0.00302383 0.00760175 0.01188506 -0.00265896 0.00711764 0.01173542 -0.00328594 0.00697241 0.011583 -0.00296218 0.00665756 0.01151459 -0.00370112 0.00644016 0.01132753 -0.00344249 0.00631552 0.01135042 -0.0042386 0.00604448 0.01113762 -0.00406427 0.0061169 0.01125509 -0.0048585 0.00581471 0.01102733 -0.00478141 0.00607643 0.01123566 -0.00551486 0.00576788 0.01100486 -0.00554072 0.0061971 0.01129358 -0.00615899 0.00590748 0.01107186 -0.00628588 0.00646997 0.01142455 -0.00674312 0.00622315 0.01122337 -0.00696163 0.0068748 0.01161886 -0.00722393 0.00669148 0.01144816 -0.00751786 0.00738156 0.01186209 -0.00756575 0.00727773 0.01172954 -0.0079133 0.00795268 0.01213621 -0.00774325 0.00793843 0.01204665 -0.00811864 0.00854579 0.01242088 -0.00774325 0.00862457 0.01237598 -0.00811864 0.0091169 0.012695 -0.00756575 0.00928526 0.0126931 -0.0079133 0.00962366 0.01293823 -0.00722393 0.00987152 0.01297448 -0.00751786 0.01002849 0.01313254 -0.00674312 0.01033984 0.01319926 -0.00696163 0.01030136 0.01326351 -0.00615899 0.01065551 0.01335078 -0.00628588 0.01042203 0.01332143 -0.00551486 0.01079511 0.01341778 -0.00554072 0.00913166 0.01238356 -0.00234851 0.00983359 0.01272047 -0.00268671 0.01042724 0.01300541 -0.00322243 0.01086858 0.01321723 -0.00391594 0.01112486 0.01334024 -0.00471581 0.01117708 0.01336531 -0.00556272 0.01102138 0.01329057 -0.00639385 0.01066929 0.01312158 -0.00714756 0.01014694 0.01287087 -0.00776795 0.00949305 0.01255702 -0.00820902 0.00875614 0.01220332 -0.00843804 0.00799084 0.011836 -0.00843804 0.00725392 0.0114823 -0.00820902 0.00660004 0.01116846 -0.00776795 0.00607768 0.01091774 -0.00714756 0.00572559 0.01074875 -0.00639385 0.00556989 0.01067402 -0.00556272 0.00562212 0.01069909 -0.00471581 0.0058784 0.01082209 -0.00391594 0.00631973 0.01103392 -0.00322243 0.00691338 0.01131885 -0.00268671 0.00761532 0.01165576 -0.00234851 0.00837349 0.01201966 -0.00223292 0.00663695 0.01083244 -0.00274268 0.00616089 0.01060395 -0.00327073 0.0058027 0.01043203 -0.00390305 0.00558035 0.01032531 -0.00460792 0.00550497 0.01028913 -0.00535 0.00558035 0.01032531 -0.00609208 0.00567856 0.01037244 -0.00646679 0.0058027 0.01043203 -0.00679695 0.00616089 0.01060395 -0.00742927 0.00663695 0.01083244 -0.00795732 0.007207 0.01110605 -0.00835463 0.00784247 0.01141106 -0.00860127 0.00810209 0.01153567 -0.00865383 0.01144261 0.01313902 -0.00609208 0.0113444 0.01309188 -0.00646679 0.01122025 0.01303229 -0.00679695 0.01086206 0.01286037 -0.00742927 0.01038601 0.01263188 -0.00795732 0.00981596 0.01235827 -0.00835463 0.00918049 0.01205327 -0.00860127 0.00851148 0.01173216 -0.00868489 0.01151799 0.0131752 -0.00535 0.01144261 0.01313902 -0.00460792 0.01122025 0.01303229 -0.00390305 0.01086206 0.01286037 -0.00327073 0.01038601 0.01263188 -0.00274268 0.01007361 0.01248194 -0.00250061 0.00694934 0.01098238 -0.00250061 0.007207 0.01110605 -0.00234537 0.00784247 0.01141106 -0.00209873 0.00851148 0.01173216 -0.00201511 0.00918049 0.01205327 -0.00209873 0.00981596 0.01235827 -0.00234537 0.01284719 0.00062998 -0.00927228 0.00928689 0.00780909 -0.00972466 0.00852775 0.00962936 -0.00927228 0.00933483 0.01001673 -0.00937315 0.00606702 0.00844828 -0.00709558 0.01090853 0.01077206 -0.00172527 0.01217054 0.01137779 -0.00785839 0.01159623 0.01110214 -0.00849542 0.01090853 0.01077206 -0.00897473 0.01014192 0.01040411 -0.00927228 0.00776114 0.00926141 -0.00897473 0.00843186 0.0073987 -0.00939279 0.00921021 0.00554285 -0.00960323 0.00707344 0.00893133 -0.00849542 0.00766484 0.00703056 -0.0088582 0.00840326 0.00515554 -0.00904082 0.00927882 0.00333134 -0.00904082 0.00649913 0.00865568 -0.00785839 0.0070243 0.00672312 -0.0081477 0.00772938 0.00483209 -0.00829333 0.00860494 0.0030079 -0.00829333 0.00963928 0.00127491 -0.0081477 0.00654235 0.00649179 -0.00729691 0.00722234 0.00458873 -0.00739825 0.0080979 0.00276453 -0.00739825 0.00915733 0.00104359 -0.00729691 0.01038645 -0.0005511 -0.00709558 0.01455724 0.00363539 -0.00939279 0.01522797 0.00177268 -0.00897473 0.01446135 0.00140473 -0.00927228 0.01591567 0.00210276 -0.00849542 0.01532426 0.00400353 -0.0088582 0.01458584 0.00587855 -0.00904082 0.01648997 0.00237841 -0.00785839 0.0159648 0.00431097 -0.0081477 0.01525973 0.006202 -0.00829333 0.01438416 0.0080262 -0.00829333 0.01692208 0.00258581 -0.00709558 0.01644675 0.0045423 -0.00729691 0.01576676 0.00644536 -0.00739825 0.0148912 0.00826956 -0.00739825 0.01383178 0.0099905 -0.00729691 0.01296183 0.01175759 -0.00535 0.0128709 0.01171394 -0.00445477 0.01423239 0.01018278 -0.00535 0.01413096 0.0101341 -0.00435151 0.01531267 0.00847185 -0.00535 0.01520596 0.00842063 -0.00429954 0.01618823 0.00664765 -0.00535 0.01608153 0.00659644 -0.00429954 0.01684737 0.00473458 -0.00535 0.01674594 0.0046859 -0.00435151 0.01728127 0.00275821 -0.00535 0.01719033 0.00271456 -0.00445477 0.01260265 0.01158519 -0.00360442 0.01383178 0.0099905 -0.00340309 0.0148912 0.00826956 -0.00330175 0.01576676 0.00644536 -0.00330175 0.01644675 0.0045423 -0.00340309 0.01692208 0.00258581 -0.00360442 0.01217054 0.01137779 -0.00284161 0.01334983 0.00975918 -0.0025523 0.01438416 0.0080262 -0.00240667 0.01525973 0.006202 -0.00240667 0.0159648 0.00431097 -0.0025523 0.01648997 0.00237841 -0.00284161 0.01014192 0.01040411 -0.00142772 0.01194226 0.00908359 -0.00130721 0.01108723 0.0086732 -0.00097534 0.01290333 0.00731544 -0.00109677 0.0120038 0.00688369 -0.00074763 0.0137789 0.00549124 -0.00109677 0.01287936 0.00505949 -0.00074763 0.01455724 0.00363539 -0.00130721 0.01370221 0.003225 -0.00097534 0.01522797 0.00177268 -0.00172527 0.01446135 0.00140473 -0.00142772 0.00933483 0.01001673 -0.00132685 0.01018706 0.00824115 -0.00086284 0.01105677 0.00642914 -0.00062927 0.01193233 0.00460495 -0.00062927 0.01280204 0.00279294 -0.00086284 0.01365427 0.00101736 -0.00132685 0.00852775 0.00962936 -0.00142772 0.00928689 0.00780909 -0.00097534 0.01010974 0.0059746 -0.00074763 0.01098531 0.0041504 -0.00074763 0.01190187 0.00236089 -0.00097534 0.01284719 0.00062998 -0.00142772 0.00776114 0.00926141 -0.00172527 0.00843186 0.0073987 -0.00130721 0.00921021 0.00554285 -0.00109677 0.01008577 0.00371865 -0.00109677 0.01104684 0.0019505 -0.00130721 0.01208057 0.00026203 -0.00172527 0.00649913 0.00865568 -0.00284161 0.00606702 0.00844828 -0.00360442 0.0070243 0.00672312 -0.0025523 0.00654235 0.00649179 -0.00340309 0.00772938 0.00483209 -0.00240667 0.00722234 0.00458873 -0.00330175 0.00860494 0.0030079 -0.00240667 0.0080979 0.00276453 -0.00330175 0.00963928 0.00127491 -0.0025523 0.00915733 0.00104359 -0.00340309 0.01081857 -0.0003437 -0.00284161 0.01038645 -0.0005511 -0.00360442 0.00579877 0.00831953 -0.00445477 0.00624316 0.00634819 -0.00435151 0.00690758 0.00443765 -0.00429954 0.00778314 0.00261346 -0.00429954 0.00885814 0.00089999 -0.00435151 0.01011821 -0.00067985 -0.00445477 0.00570783 0.00827588 -0.00535 0.00614174 0.00629951 -0.00535 0.00680087 0.00438644 -0.00535 0.00767644 0.00256224 -0.00535 0.00875671 0.0008513 -0.00535 0.01002727 -0.0007235 -0.00535 0.01260265 0.01158519 -0.00709558 0.01334983 0.00975918 -0.0081477 0.01371028 0.00770275 -0.00904082 0.0137789 0.00549124 -0.00960323 0.01370221 0.003225 -0.00972466 0.01365427 0.00101736 -0.00937315 0.01719033 0.00271456 -0.00624523 0.01674594 0.0046859 -0.00634849 0.01608153 0.00659644 -0.00640046 0.01520596 0.00842063 -0.00640046 0.01413096 0.0101341 -0.00634849 0.0128709 0.01171394 -0.00624523 0.01591567 0.00210276 -0.00220458 0.01532426 0.00400353 -0.0018418 0.01458584 0.00587855 -0.00165918 0.01371028 0.00770275 -0.00165918 0.01270928 0.00945174 -0.0018418 0.01159623 0.01110214 -0.00220458 0.01139287 -6.805E-05 -0.00220458 0.01027982 0.00158235 -0.0018418 0.00927882 0.00333134 -0.00165918 0.00840326 0.00515554 -0.00165918 0.00766484 0.00703056 -0.0018418 0.00707344 0.00893133 -0.00220458 0.01011821 -0.00067985 -0.00624523 0.00885814 0.00089999 -0.00634849 0.00778314 0.00261346 -0.00640046 0.00690758 0.00443765 -0.00640046 0.00624316 0.00634819 -0.00634849 0.00579877 0.00831953 -0.00624523 0.01081857 -0.0003437 -0.00785839 0.01018706 0.00824115 -0.00983716 0.01010974 0.0059746 -0.00995237 0.01008577 0.00371865 -0.00960323 0.01027982 0.00158235 -0.0088582 0.01108723 0.0086732 -0.00972466 0.01105677 0.00642914 -0.01007073 0.01098531 0.0041504 -0.00995237 0.01104684 0.0019505 -0.00939279 0.01139287 -6.805E-05 -0.00849542 0.01194226 0.00908359 -0.00939279 0.0120038 0.00688369 -0.00995237 0.01193233 0.00460495 -0.01007073 0.01190187 0.00236089 -0.00972466 0.01208057 0.00026203 -0.00897473 0.01270928 0.00945174 -0.0088582 0.01290333 0.00731544 -0.00960323 0.01287936 0.00505949 -0.00995237 0.01280204 0.00279294 -0.00983716 -0.00124446 -0.01473987 -0.00635 -0.0010281 -0.01519064 -0.00621603 -0.00086972 -0.01552062 -0.00585 -0.00081175 -0.01564141 -0.00535 -0.00086972 -0.01552062 -0.00485 -0.00146081 -0.01428911 -0.00621603 -0.00161919 -0.01395912 -0.00585 -0.00167717 -0.01383834 -0.00535 -0.00161919 -0.01395912 -0.00485 -0.00146081 -0.01428911 -0.00448398 -0.00124446 -0.01473987 -0.00435 -0.0010281 -0.01519064 -0.00448398 -0.0010874 -0.01366648 -0.00213878 -0.00132418 -0.01317315 -0.00234537 -0.00168638 -0.01315551 -0.00268671 -0.00144785 -0.01291549 -0.00250061 -0.00159779 -0.01260309 -0.00274268 -0.00197132 -0.01256186 -0.00322243 -0.0017527 -0.01228036 -0.00307376 -0.00182628 -0.01212704 -0.00327073 -0.00218314 -0.01212053 -0.00391594 -0.00197932 -0.01180819 -0.00381573 -0.00211093 -0.011534 -0.0046715 -0.00230615 -0.01186424 -0.00471581 -0.00214111 -0.01147111 -0.00535 -0.00233122 -0.01181202 -0.00556272 -0.00213774 -0.01147812 -0.00557758 -0.00225648 -0.01196772 -0.00639385 -0.00210493 -0.01154649 -0.00609208 -0.00205779 -0.01164471 -0.00646679 -0.0019982 -0.01176885 -0.00679695 -0.00208749 -0.01231981 -0.00714756 -0.00187699 -0.01202139 -0.00727316 -0.00182628 -0.01212704 -0.00742927 -0.00183678 -0.01284216 -0.00776795 -0.00160875 -0.01258025 -0.00793691 -0.00127298 -0.01327983 -0.0084088 -0.00152293 -0.01349605 -0.00820902 -0.00116923 -0.01423297 -0.00843804 -0.00101918 -0.01380861 -0.00860127 -0.00089457 -0.01406824 -0.00865383 -0.00080191 -0.01499826 -0.00843804 -0.00069807 -0.01447762 -0.00868489 -0.00050158 -0.01488701 -0.00865383 -0.00037697 -0.01514664 -0.00860127 -0.00044821 -0.01573518 -0.00820902 -0.00012316 -0.01567542 -0.0084088 0.00021261 -0.016375 -0.00793691 -0.00013437 -0.01638907 -0.00776795 0.00043014 -0.01682821 -0.00742927 0.00011635 -0.01691142 -0.00714756 0.00048085 -0.01693385 -0.00727316 0.00028534 -0.01726351 -0.00639385 0.00060206 -0.0171864 -0.00679695 0.0007416 -0.01747713 -0.00557758 0.00036007 -0.01741921 -0.00556272 0.00070879 -0.01740876 -0.00609208 0.00066165 -0.01731054 -0.00646679 0.00074497 -0.01748414 -0.00535 0.00071478 -0.01742125 -0.0046715 0.000335 -0.01736699 -0.00471581 0.00058318 -0.01714706 -0.00381573 0.000212 -0.0171107 -0.00391594 0.00043014 -0.01682821 -0.00327073 1.7E-07 -0.01666937 -0.00322243 0.00035655 -0.01667489 -0.00307376 -0.00028476 -0.01607572 -0.00268671 0.00020165 -0.01635215 -0.00274268 5.171E-05 -0.01603976 -0.00250061 -7.196E-05 -0.0157821 -0.00234537 -0.00062167 -0.01537379 -0.00234851 -0.00134947 -0.01385745 -0.00234851 -0.00098557 -0.01461562 -0.00223292 -0.00069807 -0.01447762 -0.00201511 -0.00030874 -0.01528877 -0.00213878 2.923E-05 -0.01722122 -0.00554072 -3.777E-05 -0.01708162 -0.00628588 -0.00018928 -0.01676595 -0.00696163 -0.00041407 -0.01629762 -0.00751786 -0.00069545 -0.01571137 -0.0079133 -0.00101256 -0.01505067 -0.00811864 -0.00134189 -0.01436453 -0.00811864 -0.00165901 -0.01370384 -0.0079133 -0.00194039 -0.01311759 -0.00751786 -0.00216517 -0.01264926 -0.00696163 -0.00231669 -0.01233359 -0.00628588 -0.00238369 -0.01219399 -0.00554072 -0.00236121 -0.01224081 -0.00478141 -0.00225093 -0.01247059 -0.00406427 -0.00206101 -0.01286627 -0.00344249 -0.00180555 -0.01339852 -0.00296218 -0.00150349 -0.01402786 -0.00265896 -0.00117723 -0.01470761 -0.00255533 -0.00085097 -0.01538735 -0.00265896 -0.00054891 -0.01601669 -0.00296218 -0.00029344 -0.01654894 -0.00344249 -0.00010353 -0.01694462 -0.00406427 6.76E-06 -0.01717439 -0.00478141 -0.000221 -0.0168722 -0.0048585 -0.00019914 -0.01691775 -0.00535 -0.00020157 -0.01691267 -0.00551486 -0.00025949 -0.016792 -0.00615899 -0.00039046 -0.01651913 -0.00674312 -0.00058477 -0.01611431 -0.00722393 -0.000828 -0.01560754 -0.00756575 -0.00110212 -0.01503643 -0.00774325 -0.00138679 -0.01444332 -0.00774325 -0.00166091 -0.0138722 -0.00756575 -0.00190414 -0.01336544 -0.00722393 -0.00209845 -0.01296061 -0.00674312 -0.00222942 -0.01268774 -0.00615899 -0.00228734 -0.01256707 -0.00551486 -0.00226791 -0.01260754 -0.0048585 -0.00217258 -0.01280616 -0.0042386 -0.00200841 -0.0131482 -0.00370112 -0.00178759 -0.01360828 -0.00328594 -0.00152648 -0.01415229 -0.00302383 -0.00124446 -0.01473987 -0.00293425 -0.00096243 -0.01532746 -0.00302383 -0.00070132 -0.01587146 -0.00328594 -0.0004805 -0.01633155 -0.00370112 -0.00031633 -0.01667358 -0.0042386 0.01332386 -0.01042711 -0.00535 0.013302 -0.01038156 -0.0048585 0.0133953 -0.01074829 -0.00478141 0.01320667 -0.01018294 -0.0042386 0.01328502 -0.01051851 -0.00406427 0.0130425 -0.0098409 -0.00370112 0.0130951 -0.01012283 -0.00344249 0.01282168 -0.00938082 -0.00328594 0.01283964 -0.00959058 -0.00296218 0.01256057 -0.00883682 -0.00302383 0.01253758 -0.00896125 -0.00265896 0.01227855 -0.00824923 -0.00293425 0.01221132 -0.0082815 -0.00255533 0.01199652 -0.00766165 -0.00302383 0.01188506 -0.00760175 -0.00265896 0.01173542 -0.00711764 -0.00328594 0.011583 -0.00697241 -0.00296218 0.01151459 -0.00665756 -0.00370112 0.01132753 -0.00644016 -0.00344249 0.01135042 -0.00631552 -0.0042386 0.01113762 -0.00604448 -0.00406427 0.01125509 -0.0061169 -0.0048585 0.01102733 -0.00581471 -0.00478141 0.01123566 -0.00607643 -0.00551486 0.01100486 -0.00576788 -0.00554072 0.01129358 -0.0061971 -0.00615899 0.01107186 -0.00590748 -0.00628588 0.01142455 -0.00646997 -0.00674312 0.01122337 -0.00622315 -0.00696163 0.01161886 -0.0068748 -0.00722393 0.01144816 -0.00669148 -0.00751786 0.01186209 -0.00738156 -0.00756575 0.01172954 -0.00727773 -0.0079133 0.01213621 -0.00795268 -0.00774325 0.01204665 -0.00793843 -0.00811864 0.01242088 -0.00854579 -0.00774325 0.01237598 -0.00862457 -0.00811864 0.012695 -0.0091169 -0.00756575 0.0126931 -0.00928526 -0.0079133 0.01293823 -0.00962366 -0.00722393 0.01297448 -0.00987152 -0.00751786 0.01313254 -0.01002849 -0.00674312 0.01319926 -0.01033984 -0.00696163 0.01326351 -0.01030136 -0.00615899 0.01335078 -0.01065551 -0.00628588 0.01332143 -0.01042203 -0.00551486 0.01341778 -0.01079511 -0.00554072 0.01238356 -0.00913166 -0.00234851 0.01272047 -0.00983359 -0.00268671 0.01300541 -0.01042724 -0.00322243 0.01321723 -0.01086858 -0.00391594 0.01334024 -0.01112486 -0.00471581 0.01336531 -0.01117708 -0.00556272 0.01329057 -0.01102138 -0.00639385 0.01312158 -0.01066929 -0.00714756 0.01287087 -0.01014694 -0.00776795 0.01255702 -0.00949305 -0.00820902 0.01220332 -0.00875614 -0.00843804 0.011836 -0.00799084 -0.00843804 0.0114823 -0.00725392 -0.00820902 0.01116846 -0.00660004 -0.00776795 0.01091774 -0.00607768 -0.00714756 0.01074875 -0.00572559 -0.00639385 0.01067402 -0.00556989 -0.00556272 0.01069909 -0.00562212 -0.00471581 0.01082209 -0.0058784 -0.00391594 0.01103392 -0.00631973 -0.00322243 0.01131885 -0.00691338 -0.00268671 0.01165576 -0.00761532 -0.00234851 0.01201966 -0.00837349 -0.00223292 0.01083244 -0.00663695 -0.00274268 0.01060395 -0.00616089 -0.00327073 0.01043203 -0.0058027 -0.00390305 0.01032531 -0.00558035 -0.00460792 0.01028913 -0.00550497 -0.00535 0.01032531 -0.00558035 -0.00609208 0.01037244 -0.00567856 -0.00646679 0.01043203 -0.0058027 -0.00679695 0.01060395 -0.00616089 -0.00742927 0.01083244 -0.00663695 -0.00795732 0.01110605 -0.007207 -0.00835463 0.01141106 -0.00784247 -0.00860127 0.01153567 -0.00810209 -0.00865383 0.01313902 -0.01144261 -0.00609208 0.01309188 -0.0113444 -0.00646679 0.01303229 -0.01122025 -0.00679695 0.01286037 -0.01086206 -0.00742927 0.01263188 -0.01038601 -0.00795732 0.01235827 -0.00981596 -0.00835463 0.01205327 -0.00918049 -0.00860127 0.01173216 -0.00851148 -0.00868489 0.0131752 -0.01151799 -0.00535 0.01313902 -0.01144261 -0.00460792 0.01303229 -0.01122025 -0.00390305 0.01286037 -0.01086206 -0.00327073 0.01263188 -0.01038601 -0.00274268 0.01248194 -0.01007361 -0.00250061 0.01098238 -0.00694934 -0.00250061 0.01110605 -0.007207 -0.00234537 0.01141106 -0.00784247 -0.00209873 0.01173216 -0.00851148 -0.00201511 0.01205327 -0.00918049 -0.00209873 0.01235827 -0.00981596 -0.00234537 0.00062998 -0.01284719 -0.00927228 0.00780909 -0.00928689 -0.00972466 0.00962936 -0.00852775 -0.00927228 0.01001673 -0.00933483 -0.00937315 0.00844828 -0.00606702 -0.00709558 0.01077206 -0.01090853 -0.00172527 0.01137779 -0.01217054 -0.00785839 0.01110214 -0.01159623 -0.00849542 0.01077206 -0.01090853 -0.00897473 0.01040411 -0.01014192 -0.00927228 0.00926141 -0.00776114 -0.00897473 0.0073987 -0.00843186 -0.00939279 0.00554285 -0.00921021 -0.00960323 0.00893133 -0.00707344 -0.00849542 0.00703056 -0.00766484 -0.0088582 0.00515554 -0.00840326 -0.00904082 0.00333134 -0.00927882 -0.00904082 0.00865568 -0.00649913 -0.00785839 0.00672312 -0.0070243 -0.0081477 0.00483209 -0.00772938 -0.00829333 0.0030079 -0.00860494 -0.00829333 0.00127491 -0.00963928 -0.0081477 0.00649179 -0.00654235 -0.00729691 0.00458873 -0.00722234 -0.00739825 0.00276453 -0.0080979 -0.00739825 0.00104359 -0.00915733 -0.00729691 -0.0005511 -0.01038645 -0.00709558 0.00363539 -0.01455724 -0.00939279 0.00177268 -0.01522797 -0.00897473 0.00140473 -0.01446135 -0.00927228 0.00210276 -0.01591567 -0.00849542 0.00400353 -0.01532426 -0.0088582 0.00587855 -0.01458584 -0.00904082 0.00237841 -0.01648997 -0.00785839 0.00431097 -0.0159648 -0.0081477 0.006202 -0.01525973 -0.00829333 0.0080262 -0.01438416 -0.00829333 0.00258581 -0.01692208 -0.00709558 0.0045423 -0.01644675 -0.00729691 0.00644536 -0.01576676 -0.00739825 0.00826956 -0.0148912 -0.00739825 0.0099905 -0.01383178 -0.00729691 0.01175759 -0.01296183 -0.00535 0.01171394 -0.0128709 -0.00445477 0.01018278 -0.01423239 -0.00535 0.0101341 -0.01413096 -0.00435151 0.00847185 -0.01531267 -0.00535 0.00842063 -0.01520596 -0.00429954 0.00664765 -0.01618823 -0.00535 0.00659644 -0.01608153 -0.00429954 0.00473458 -0.01684737 -0.00535 0.0046859 -0.01674594 -0.00435151 0.00275821 -0.01728127 -0.00535 0.00271456 -0.01719033 -0.00445477 0.01158519 -0.01260265 -0.00360442 0.0099905 -0.01383178 -0.00340309 0.00826956 -0.0148912 -0.00330175 0.00644536 -0.01576676 -0.00330175 0.0045423 -0.01644675 -0.00340309 0.00258581 -0.01692208 -0.00360442 0.01137779 -0.01217054 -0.00284161 0.00975918 -0.01334983 -0.0025523 0.0080262 -0.01438416 -0.00240667 0.006202 -0.01525973 -0.00240667 0.00431097 -0.0159648 -0.0025523 0.00237841 -0.01648997 -0.00284161 0.01040411 -0.01014192 -0.00142772 0.00908359 -0.01194226 -0.00130721 0.0086732 -0.01108723 -0.00097534 0.00731544 -0.01290333 -0.00109677 0.00688369 -0.0120038 -0.00074763 0.00549124 -0.0137789 -0.00109677 0.00505949 -0.01287936 -0.00074763 0.00363539 -0.01455724 -0.00130721 0.003225 -0.01370221 -0.00097534 0.00177268 -0.01522797 -0.00172527 0.00140473 -0.01446135 -0.00142772 0.01001673 -0.00933483 -0.00132685 0.00824115 -0.01018706 -0.00086284 0.00642914 -0.01105677 -0.00062927 0.00460495 -0.01193233 -0.00062927 0.00279294 -0.01280204 -0.00086284 0.00101736 -0.01365427 -0.00132685 0.00962936 -0.00852775 -0.00142772 0.00780909 -0.00928689 -0.00097534 0.0059746 -0.01010974 -0.00074763 0.0041504 -0.01098531 -0.00074763 0.00236089 -0.01190187 -0.00097534 0.00062998 -0.01284719 -0.00142772 0.00926141 -0.00776114 -0.00172527 0.0073987 -0.00843186 -0.00130721 0.00554285 -0.00921021 -0.00109677 0.00371865 -0.01008577 -0.00109677 0.0019505 -0.01104684 -0.00130721 0.00026203 -0.01208057 -0.00172527 0.00865568 -0.00649913 -0.00284161 0.00844828 -0.00606702 -0.00360442 0.00672312 -0.0070243 -0.0025523 0.00649179 -0.00654235 -0.00340309 0.00483209 -0.00772938 -0.00240667 0.00458873 -0.00722234 -0.00330175 0.0030079 -0.00860494 -0.00240667 0.00276453 -0.0080979 -0.00330175 0.00127491 -0.00963928 -0.0025523 0.00104359 -0.00915733 -0.00340309 -0.0003437 -0.01081857 -0.00284161 -0.0005511 -0.01038645 -0.00360442 0.00831953 -0.00579877 -0.00445477 0.00634819 -0.00624316 -0.00435151 0.00443765 -0.00690758 -0.00429954 0.00261346 -0.00778314 -0.00429954 0.00089999 -0.00885814 -0.00435151 -0.00067985 -0.01011821 -0.00445477 0.00827588 -0.00570783 -0.00535 0.00629951 -0.00614174 -0.00535 0.00438644 -0.00680087 -0.00535 0.00256224 -0.00767644 -0.00535 0.0008513 -0.00875671 -0.00535 -0.0007235 -0.01002727 -0.00535 0.01158519 -0.01260265 -0.00709558 0.00975918 -0.01334983 -0.0081477 0.00770275 -0.01371028 -0.00904082 0.00549124 -0.0137789 -0.00960323 0.003225 -0.01370221 -0.00972466 0.00101736 -0.01365427 -0.00937315 0.00271456 -0.01719033 -0.00624523 0.0046859 -0.01674594 -0.00634849 0.00659644 -0.01608153 -0.00640046 0.00842063 -0.01520596 -0.00640046 0.0101341 -0.01413096 -0.00634849 0.01171394 -0.0128709 -0.00624523 0.00210276 -0.01591567 -0.00220458 0.00400353 -0.01532426 -0.0018418 0.00587855 -0.01458584 -0.00165918 0.00770275 -0.01371028 -0.00165918 0.00945174 -0.01270928 -0.0018418 0.01110214 -0.01159623 -0.00220458 -6.805E-05 -0.01139287 -0.00220458 0.00158235 -0.01027982 -0.0018418 0.00333134 -0.00927882 -0.00165918 0.00515554 -0.00840326 -0.00165918 0.00703056 -0.00766484 -0.0018418 0.00893133 -0.00707344 -0.00220458 -0.00067985 -0.01011821 -0.00624523 0.00089999 -0.00885814 -0.00634849 0.00261346 -0.00778314 -0.00640046 0.00443765 -0.00690758 -0.00640046 0.00634819 -0.00624316 -0.00634849 0.00831953 -0.00579877 -0.00624523 -0.0003437 -0.01081857 -0.00785839 0.00824115 -0.01018706 -0.00983716 0.0059746 -0.01010974 -0.00995237 0.00371865 -0.01008577 -0.00960323 0.00158235 -0.01027982 -0.0088582 0.0086732 -0.01108723 -0.00972466 0.00642914 -0.01105677 -0.01007073 0.0041504 -0.01098531 -0.00995237 0.0019505 -0.01104684 -0.00939279 -6.805E-05 -0.01139287 -0.00849542 0.00908359 -0.01194226 -0.00939279 0.00688369 -0.0120038 -0.00995237 0.00460495 -0.01193233 -0.01007073 0.00236089 -0.01190187 -0.00972466 0.00026203 -0.01208057 -0.00897473 0.00945174 -0.01270928 -0.0088582 0.00731544 -0.01290333 -0.00960323 0.00505949 -0.01287936 -0.00995237 0.00279294 -0.01280204 -0.00983716 -0.01473987 0.00124446 -0.00635 -0.01519064 0.0010281 -0.00621603 -0.01552062 0.00086972 -0.00585 -0.01564141 0.00081175 -0.00535 -0.01552062 0.00086972 -0.00485 -0.01428911 0.00146081 -0.00621603 -0.01395912 0.00161919 -0.00585 -0.01383834 0.00167717 -0.00535 -0.01395912 0.00161919 -0.00485 -0.01428911 0.00146081 -0.00448398 -0.01473987 0.00124446 -0.00435 -0.01519064 0.0010281 -0.00448398 -0.01366648 0.0010874 -0.00213878 -0.01317315 0.00132418 -0.00234537 -0.01315551 0.00168638 -0.00268671 -0.01291549 0.00144785 -0.00250061 -0.01260309 0.00159779 -0.00274268 -0.01256186 0.00197132 -0.00322243 -0.01228036 0.0017527 -0.00307376 -0.01212704 0.00182628 -0.00327073 -0.01212053 0.00218314 -0.00391594 -0.01180819 0.00197932 -0.00381573 -0.011534 0.00211093 -0.0046715 -0.01186424 0.00230615 -0.00471581 -0.01147111 0.00214111 -0.00535 -0.01181202 0.00233122 -0.00556272 -0.01147812 0.00213774 -0.00557758 -0.01196772 0.00225648 -0.00639385 -0.01154649 0.00210493 -0.00609208 -0.01164471 0.00205779 -0.00646679 -0.01176885 0.0019982 -0.00679695 -0.01231981 0.00208749 -0.00714756 -0.01202139 0.00187699 -0.00727316 -0.01212704 0.00182628 -0.00742927 -0.01284216 0.00183678 -0.00776795 -0.01258025 0.00160875 -0.00793691 -0.01327983 0.00127298 -0.0084088 -0.01349605 0.00152293 -0.00820902 -0.01423297 0.00116923 -0.00843804 -0.01380861 0.00101918 -0.00860127 -0.01406824 0.00089457 -0.00865383 -0.01499826 0.00080191 -0.00843804 -0.01447762 0.00069807 -0.00868489 -0.01488701 0.00050158 -0.00865383 -0.01514664 0.00037697 -0.00860127 -0.01573518 0.00044821 -0.00820902 -0.01567542 0.00012316 -0.0084088 -0.016375 -0.00021261 -0.00793691 -0.01638907 0.00013437 -0.00776795 -0.01682821 -0.00043014 -0.00742927 -0.01691142 -0.00011635 -0.00714756 -0.01693385 -0.00048085 -0.00727316 -0.01726351 -0.00028534 -0.00639385 -0.0171864 -0.00060206 -0.00679695 -0.01747713 -0.0007416 -0.00557758 -0.01741921 -0.00036007 -0.00556272 -0.01740876 -0.00070879 -0.00609208 -0.01731054 -0.00066165 -0.00646679 -0.01748414 -0.00074497 -0.00535 -0.01742125 -0.00071478 -0.0046715 -0.01736699 -0.000335 -0.00471581 -0.01714706 -0.00058318 -0.00381573 -0.0171107 -0.000212 -0.00391594 -0.01682821 -0.00043014 -0.00327073 -0.01666937 -1.7E-07 -0.00322243 -0.01667489 -0.00035655 -0.00307376 -0.01607572 0.00028476 -0.00268671 -0.01635215 -0.00020165 -0.00274268 -0.01603976 -5.171E-05 -0.00250061 -0.0157821 7.196E-05 -0.00234537 -0.01537379 0.00062167 -0.00234851 -0.01385745 0.00134947 -0.00234851 -0.01461562 0.00098557 -0.00223292 -0.01447762 0.00069807 -0.00201511 -0.01528877 0.00030874 -0.00213878 -0.01722122 -2.923E-05 -0.00554072 -0.01708162 3.777E-05 -0.00628588 -0.01676595 0.00018928 -0.00696163 -0.01629762 0.00041407 -0.00751786 -0.01571137 0.00069545 -0.0079133 -0.01505067 0.00101256 -0.00811864 -0.01436453 0.00134189 -0.00811864 -0.01370384 0.00165901 -0.0079133 -0.01311759 0.00194039 -0.00751786 -0.01264926 0.00216517 -0.00696163 -0.01233359 0.00231669 -0.00628588 -0.01219399 0.00238369 -0.00554072 -0.01224081 0.00236121 -0.00478141 -0.01247059 0.00225093 -0.00406427 -0.01286627 0.00206101 -0.00344249 -0.01339852 0.00180555 -0.00296218 -0.01402786 0.00150349 -0.00265896 -0.01470761 0.00117723 -0.00255533 -0.01538735 0.00085097 -0.00265896 -0.01601669 0.00054891 -0.00296218 -0.01654894 0.00029344 -0.00344249 -0.01694462 0.00010353 -0.00406427 -0.01717439 -6.76E-06 -0.00478141 -0.0168722 0.000221 -0.0048585 -0.01691775 0.00019914 -0.00535 -0.01691267 0.00020157 -0.00551486 -0.016792 0.00025949 -0.00615899 -0.01651913 0.00039046 -0.00674312 -0.01611431 0.00058477 -0.00722393 -0.01560754 0.000828 -0.00756575 -0.01503643 0.00110212 -0.00774325 -0.01444332 0.00138679 -0.00774325 -0.0138722 0.00166091 -0.00756575 -0.01336544 0.00190414 -0.00722393 -0.01296061 0.00209845 -0.00674312 -0.01268774 0.00222942 -0.00615899 -0.01256707 0.00228734 -0.00551486 -0.01260754 0.00226791 -0.0048585 -0.01280616 0.00217258 -0.0042386 -0.0131482 0.00200841 -0.00370112 -0.01360828 0.00178759 -0.00328594 -0.01415229 0.00152648 -0.00302383 -0.01473987 0.00124446 -0.00293425 -0.01532746 0.00096243 -0.00302383 -0.01587146 0.00070132 -0.00328594 -0.01633155 0.0004805 -0.00370112 -0.01667358 0.00031633 -0.0042386 -0.01042711 -0.01332386 -0.00535 -0.01038156 -0.013302 -0.0048585 -0.01074829 -0.0133953 -0.00478141 -0.01018294 -0.01320667 -0.0042386 -0.01051851 -0.01328502 -0.00406427 -0.0098409 -0.0130425 -0.00370112 -0.01012283 -0.0130951 -0.00344249 -0.00938082 -0.01282168 -0.00328594 -0.00959058 -0.01283964 -0.00296218 -0.00883682 -0.01256057 -0.00302383 -0.00896125 -0.01253758 -0.00265896 -0.00824923 -0.01227855 -0.00293425 -0.0082815 -0.01221132 -0.00255533 -0.00766165 -0.01199652 -0.00302383 -0.00760175 -0.01188506 -0.00265896 -0.00711764 -0.01173542 -0.00328594 -0.00697241 -0.011583 -0.00296218 -0.00665756 -0.01151459 -0.00370112 -0.00644016 -0.01132753 -0.00344249 -0.00631552 -0.01135042 -0.0042386 -0.00604448 -0.01113762 -0.00406427 -0.0061169 -0.01125509 -0.0048585 -0.00581471 -0.01102733 -0.00478141 -0.00607643 -0.01123566 -0.00551486 -0.00576788 -0.01100486 -0.00554072 -0.0061971 -0.01129358 -0.00615899 -0.00590748 -0.01107186 -0.00628588 -0.00646997 -0.01142455 -0.00674312 -0.00622315 -0.01122337 -0.00696163 -0.0068748 -0.01161886 -0.00722393 -0.00669148 -0.01144816 -0.00751786 -0.00738156 -0.01186209 -0.00756575 -0.00727773 -0.01172954 -0.0079133 -0.00795268 -0.01213621 -0.00774325 -0.00793843 -0.01204665 -0.00811864 -0.00854579 -0.01242088 -0.00774325 -0.00862457 -0.01237598 -0.00811864 -0.0091169 -0.012695 -0.00756575 -0.00928526 -0.0126931 -0.0079133 -0.00962366 -0.01293823 -0.00722393 -0.00987152 -0.01297448 -0.00751786 -0.01002849 -0.01313254 -0.00674312 -0.01033984 -0.01319926 -0.00696163 -0.01030136 -0.01326351 -0.00615899 -0.01065551 -0.01335078 -0.00628588 -0.01042203 -0.01332143 -0.00551486 -0.01079511 -0.01341778 -0.00554072 -0.00913166 -0.01238356 -0.00234851 -0.00983359 -0.01272047 -0.00268671 -0.01042724 -0.01300541 -0.00322243 -0.01086858 -0.01321723 -0.00391594 -0.01112486 -0.01334024 -0.00471581 -0.01117708 -0.01336531 -0.00556272 -0.01102138 -0.01329057 -0.00639385 -0.01066929 -0.01312158 -0.00714756 -0.01014694 -0.01287087 -0.00776795 -0.00949305 -0.01255702 -0.00820902 -0.00875614 -0.01220332 -0.00843804 -0.00799084 -0.011836 -0.00843804 -0.00725392 -0.0114823 -0.00820902 -0.00660004 -0.01116846 -0.00776795 -0.00607768 -0.01091774 -0.00714756 -0.00572559 -0.01074875 -0.00639385 -0.00556989 -0.01067402 -0.00556272 -0.00562212 -0.01069909 -0.00471581 -0.0058784 -0.01082209 -0.00391594 -0.00631973 -0.01103392 -0.00322243 -0.00691338 -0.01131885 -0.00268671 -0.00761532 -0.01165576 -0.00234851 -0.00837349 -0.01201966 -0.00223292 -0.00663695 -0.01083244 -0.00274268 -0.00616089 -0.01060395 -0.00327073 -0.0058027 -0.01043203 -0.00390305 -0.00558035 -0.01032531 -0.00460792 -0.00550497 -0.01028913 -0.00535 -0.00558035 -0.01032531 -0.00609208 -0.00567856 -0.01037244 -0.00646679 -0.0058027 -0.01043203 -0.00679695 -0.00616089 -0.01060395 -0.00742927 -0.00663695 -0.01083244 -0.00795732 -0.007207 -0.01110605 -0.00835463 -0.00784247 -0.01141106 -0.00860127 -0.00810209 -0.01153567 -0.00865383 -0.01144261 -0.01313902 -0.00609208 -0.0113444 -0.01309188 -0.00646679 -0.01122025 -0.01303229 -0.00679695 -0.01086206 -0.01286037 -0.00742927 -0.01038601 -0.01263188 -0.00795732 -0.00981596 -0.01235827 -0.00835463 -0.00918049 -0.01205327 -0.00860127 -0.00851148 -0.01173216 -0.00868489 -0.01151799 -0.0131752 -0.00535 -0.01144261 -0.01313902 -0.00460792 -0.01122025 -0.01303229 -0.00390305 -0.01086206 -0.01286037 -0.00327073 -0.01038601 -0.01263188 -0.00274268 -0.01007361 -0.01248194 -0.00250061 -0.00694934 -0.01098238 -0.00250061 -0.007207 -0.01110605 -0.00234537 -0.00784247 -0.01141106 -0.00209873 -0.00851148 -0.01173216 -0.00201511 -0.00918049 -0.01205327 -0.00209873 -0.00981596 -0.01235827 -0.00234537 -0.01284719 -0.00062998 -0.00927228 -0.00928689 -0.00780909 -0.00972466 -0.00852775 -0.00962936 -0.00927228 -0.00933483 -0.01001673 -0.00937315 -0.00606702 -0.00844828 -0.00709558 -0.01090853 -0.01077206 -0.00172527 -0.01217054 -0.01137779 -0.00785839 -0.01159623 -0.01110214 -0.00849542 -0.01090853 -0.01077206 -0.00897473 -0.01014192 -0.01040411 -0.00927228 -0.00776114 -0.00926141 -0.00897473 -0.00843186 -0.0073987 -0.00939279 -0.00921021 -0.00554285 -0.00960323 -0.00707344 -0.00893133 -0.00849542 -0.00766484 -0.00703056 -0.0088582 -0.00840326 -0.00515554 -0.00904082 -0.00927882 -0.00333134 -0.00904082 -0.00649913 -0.00865568 -0.00785839 -0.0070243 -0.00672312 -0.0081477 -0.00772938 -0.00483209 -0.00829333 -0.00860494 -0.0030079 -0.00829333 -0.00963928 -0.00127491 -0.0081477 -0.00654235 -0.00649179 -0.00729691 -0.00722234 -0.00458873 -0.00739825 -0.0080979 -0.00276453 -0.00739825 -0.00915733 -0.00104359 -0.00729691 -0.01038645 0.0005511 -0.00709558 -0.01455724 -0.00363539 -0.00939279 -0.01522797 -0.00177268 -0.00897473 -0.01446135 -0.00140473 -0.00927228 -0.01591567 -0.00210276 -0.00849542 -0.01532426 -0.00400353 -0.0088582 -0.01458584 -0.00587855 -0.00904082 -0.01648997 -0.00237841 -0.00785839 -0.0159648 -0.00431097 -0.0081477 -0.01525973 -0.006202 -0.00829333 -0.01438416 -0.0080262 -0.00829333 -0.01692208 -0.00258581 -0.00709558 -0.01644675 -0.0045423 -0.00729691 -0.01576676 -0.00644536 -0.00739825 -0.0148912 -0.00826956 -0.00739825 -0.01383178 -0.0099905 -0.00729691 -0.01296183 -0.01175759 -0.00535 -0.0128709 -0.01171394 -0.00445477 -0.01423239 -0.01018278 -0.00535 -0.01413096 -0.0101341 -0.00435151 -0.01531267 -0.00847185 -0.00535 -0.01520596 -0.00842063 -0.00429954 -0.01618823 -0.00664765 -0.00535 -0.01608153 -0.00659644 -0.00429954 -0.01684737 -0.00473458 -0.00535 -0.01674594 -0.0046859 -0.00435151 -0.01728127 -0.00275821 -0.00535 -0.01719033 -0.00271456 -0.00445477 -0.01260265 -0.01158519 -0.00360442 -0.01383178 -0.0099905 -0.00340309 -0.0148912 -0.00826956 -0.00330175 -0.01576676 -0.00644536 -0.00330175 -0.01644675 -0.0045423 -0.00340309 -0.01692208 -0.00258581 -0.00360442 -0.01217054 -0.01137779 -0.00284161 -0.01334983 -0.00975918 -0.0025523 -0.01438416 -0.0080262 -0.00240667 -0.01525973 -0.006202 -0.00240667 -0.0159648 -0.00431097 -0.0025523 -0.01648997 -0.00237841 -0.00284161 -0.01014192 -0.01040411 -0.00142772 -0.01194226 -0.00908359 -0.00130721 -0.01108723 -0.0086732 -0.00097534 -0.01290333 -0.00731544 -0.00109677 -0.0120038 -0.00688369 -0.00074763 -0.0137789 -0.00549124 -0.00109677 -0.01287936 -0.00505949 -0.00074763 -0.01455724 -0.00363539 -0.00130721 -0.01370221 -0.003225 -0.00097534 -0.01522797 -0.00177268 -0.00172527 -0.01446135 -0.00140473 -0.00142772 -0.00933483 -0.01001673 -0.00132685 -0.01018706 -0.00824115 -0.00086284 -0.01105677 -0.00642914 -0.00062927 -0.01193233 -0.00460495 -0.00062927 -0.01280204 -0.00279294 -0.00086284 -0.01365427 -0.00101736 -0.00132685 -0.00852775 -0.00962936 -0.00142772 -0.00928689 -0.00780909 -0.00097534 -0.01010974 -0.0059746 -0.00074763 -0.01098531 -0.0041504 -0.00074763 -0.01190187 -0.00236089 -0.00097534 -0.01284719 -0.00062998 -0.00142772 -0.00776114 -0.00926141 -0.00172527 -0.00843186 -0.0073987 -0.00130721 -0.00921021 -0.00554285 -0.00109677 -0.01008577 -0.00371865 -0.00109677 -0.01104684 -0.0019505 -0.00130721 -0.01208057 -0.00026203 -0.00172527 -0.00649913 -0.00865568 -0.00284161 -0.00606702 -0.00844828 -0.00360442 -0.0070243 -0.00672312 -0.0025523 -0.00654235 -0.00649179 -0.00340309 -0.00772938 -0.00483209 -0.00240667 -0.00722234 -0.00458873 -0.00330175 -0.00860494 -0.0030079 -0.00240667 -0.0080979 -0.00276453 -0.00330175 -0.00963928 -0.00127491 -0.0025523 -0.00915733 -0.00104359 -0.00340309 -0.01081857 0.0003437 -0.00284161 -0.01038645 0.0005511 -0.00360442 -0.00579877 -0.00831953 -0.00445477 -0.00624316 -0.00634819 -0.00435151 -0.00690758 -0.00443765 -0.00429954 -0.00778314 -0.00261346 -0.00429954 -0.00885814 -0.00089999 -0.00435151 -0.01011821 0.00067985 -0.00445477 -0.00570783 -0.00827588 -0.00535 -0.00614174 -0.00629951 -0.00535 -0.00680087 -0.00438644 -0.00535 -0.00767644 -0.00256224 -0.00535 -0.00875671 -0.0008513 -0.00535 -0.01002727 0.0007235 -0.00535 -0.01260265 -0.01158519 -0.00709558 -0.01334983 -0.00975918 -0.0081477 -0.01371028 -0.00770275 -0.00904082 -0.0137789 -0.00549124 -0.00960323 -0.01370221 -0.003225 -0.00972466 -0.01365427 -0.00101736 -0.00937315 -0.01719033 -0.00271456 -0.00624523 -0.01674594 -0.0046859 -0.00634849 -0.01608153 -0.00659644 -0.00640046 -0.01520596 -0.00842063 -0.00640046 -0.01413096 -0.0101341 -0.00634849 -0.0128709 -0.01171394 -0.00624523 -0.01591567 -0.00210276 -0.00220458 -0.01532426 -0.00400353 -0.0018418 -0.01458584 -0.00587855 -0.00165918 -0.01371028 -0.00770275 -0.00165918 -0.01270928 -0.00945174 -0.0018418 -0.01159623 -0.01110214 -0.00220458 -0.01139287 6.805E-05 -0.00220458 -0.01027982 -0.00158235 -0.0018418 -0.00927882 -0.00333134 -0.00165918 -0.00840326 -0.00515554 -0.00165918 -0.00766484 -0.00703056 -0.0018418 -0.00707344 -0.00893133 -0.00220458 -0.01011821 0.00067985 -0.00624523 -0.00885814 -0.00089999 -0.00634849 -0.00778314 -0.00261346 -0.00640046 -0.00690758 -0.00443765 -0.00640046 -0.00624316 -0.00634819 -0.00634849 -0.00579877 -0.00831953 -0.00624523 -0.01081857 0.0003437 -0.00785839 -0.01018706 -0.00824115 -0.00983716 -0.01010974 -0.0059746 -0.00995237 -0.01008577 -0.00371865 -0.00960323 -0.01027982 -0.00158235 -0.0088582 -0.01108723 -0.0086732 -0.00972466 -0.01105677 -0.00642914 -0.01007073 -0.01098531 -0.0041504 -0.00995237 -0.01104684 -0.0019505 -0.00939279 -0.01139287 6.805E-05 -0.00849542 -0.01194226 -0.00908359 -0.00939279 -0.0120038 -0.00688369 -0.00995237 -0.01193233 -0.00460495 -0.01007073 -0.01190187 -0.00236089 -0.00972466 -0.01208057 -0.00026203 -0.00897473 -0.01270928 -0.00945174 -0.0088582 -0.01290333 -0.00731544 -0.00960323 -0.01287936 -0.00505949 -0.00995237 -0.01280204 -0.00279294 -0.00983716 0.00124446 0.01473987 -0.00635 0.0010281 0.01519064 -0.00621603 0.00086972 0.01552062 -0.00585 0.00081175 0.01564141 -0.00535 0.00086972 0.01552062 -0.00485 0.00146081 0.01428911 -0.00621603 0.00161919 0.01395912 -0.00585 0.00167717 0.01383834 -0.00535 0.00161919 0.01395912 -0.00485 0.00146081 0.01428911 -0.00448398 0.00124446 0.01473987 -0.00435 0.0010281 0.01519064 -0.00448398 0.0010874 0.01366648 -0.00213878 0.00132418 0.01317315 -0.00234537 0.00168638 0.01315551 -0.00268671 0.00144785 0.01291549 -0.00250061 0.00159779 0.01260309 -0.00274268 0.00197132 0.01256186 -0.00322243 0.0017527 0.01228036 -0.00307376 0.00182628 0.01212704 -0.00327073 0.00218314 0.01212053 -0.00391594 0.00197932 0.01180819 -0.00381573 0.00211093 0.011534 -0.0046715 0.00230615 0.01186424 -0.00471581 0.00214111 0.01147111 -0.00535 0.00233122 0.01181202 -0.00556272 0.00213774 0.01147812 -0.00557758 0.00225648 0.01196772 -0.00639385 0.00210493 0.01154649 -0.00609208 0.00205779 0.01164471 -0.00646679 0.0019982 0.01176885 -0.00679695 0.00208749 0.01231981 -0.00714756 0.00187699 0.01202139 -0.00727316 0.00182628 0.01212704 -0.00742927 0.00183678 0.01284216 -0.00776795 0.00160875 0.01258025 -0.00793691 0.00127298 0.01327983 -0.0084088 0.00152293 0.01349605 -0.00820902 0.00116923 0.01423297 -0.00843804 0.00101918 0.01380861 -0.00860127 0.00089457 0.01406824 -0.00865383 0.00080191 0.01499826 -0.00843804 0.00069807 0.01447762 -0.00868489 0.00050158 0.01488701 -0.00865383 0.00037697 0.01514664 -0.00860127 0.00044821 0.01573518 -0.00820902 0.00012316 0.01567542 -0.0084088 -0.00021261 0.016375 -0.00793691 0.00013437 0.01638907 -0.00776795 -0.00043014 0.01682821 -0.00742927 -0.00011635 0.01691142 -0.00714756 -0.00048085 0.01693385 -0.00727316 -0.00028534 0.01726351 -0.00639385 -0.00060206 0.0171864 -0.00679695 -0.0007416 0.01747713 -0.00557758 -0.00036007 0.01741921 -0.00556272 -0.00070879 0.01740876 -0.00609208 -0.00066165 0.01731054 -0.00646679 -0.00074497 0.01748414 -0.00535 -0.00071478 0.01742125 -0.0046715 -0.000335 0.01736699 -0.00471581 -0.00058318 0.01714706 -0.00381573 -0.000212 0.0171107 -0.00391594 -0.00043014 0.01682821 -0.00327073 -1.7E-07 0.01666937 -0.00322243 -0.00035655 0.01667489 -0.00307376 0.00028476 0.01607572 -0.00268671 -0.00020165 0.01635215 -0.00274268 -5.171E-05 0.01603976 -0.00250061 7.196E-05 0.0157821 -0.00234537 0.00062167 0.01537379 -0.00234851 0.00134947 0.01385745 -0.00234851 0.00098557 0.01461562 -0.00223292 0.00069807 0.01447762 -0.00201511 0.00030874 0.01528877 -0.00213878 -2.923E-05 0.01722122 -0.00554072 3.777E-05 0.01708162 -0.00628588 0.00018928 0.01676595 -0.00696163 0.00041407 0.01629762 -0.00751786 0.00069545 0.01571137 -0.0079133 0.00101256 0.01505067 -0.00811864 0.00134189 0.01436453 -0.00811864 0.00165901 0.01370384 -0.0079133 0.00194039 0.01311759 -0.00751786 0.00216517 0.01264926 -0.00696163 0.00231669 0.01233359 -0.00628588 0.00238369 0.01219399 -0.00554072 0.00236121 0.01224081 -0.00478141 0.00225093 0.01247059 -0.00406427 0.00206101 0.01286627 -0.00344249 0.00180555 0.01339852 -0.00296218 0.00150349 0.01402786 -0.00265896 0.00117723 0.01470761 -0.00255533 0.00085097 0.01538735 -0.00265896 0.00054891 0.01601669 -0.00296218 0.00029344 0.01654894 -0.00344249 0.00010353 0.01694462 -0.00406427 -6.76E-06 0.01717439 -0.00478141 0.000221 0.0168722 -0.0048585 0.00019914 0.01691775 -0.00535 0.00020157 0.01691267 -0.00551486 0.00025949 0.016792 -0.00615899 0.00039046 0.01651913 -0.00674312 0.00058477 0.01611431 -0.00722393 0.000828 0.01560754 -0.00756575 0.00110212 0.01503643 -0.00774325 0.00138679 0.01444332 -0.00774325 0.00166091 0.0138722 -0.00756575 0.00190414 0.01336544 -0.00722393 0.00209845 0.01296061 -0.00674312 0.00222942 0.01268774 -0.00615899 0.00228734 0.01256707 -0.00551486 0.00226791 0.01260754 -0.0048585 0.00217258 0.01280616 -0.0042386 0.00200841 0.0131482 -0.00370112 0.00178759 0.01360828 -0.00328594 0.00152648 0.01415229 -0.00302383 0.00124446 0.01473987 -0.00293425 0.00096243 0.01532746 -0.00302383 0.00070132 0.01587146 -0.00328594 0.0004805 0.01633155 -0.00370112 0.00031633 0.01667358 -0.0042386 -0.01332386 0.01042711 -0.00535 -0.013302 0.01038156 -0.0048585 -0.0133953 0.01074829 -0.00478141 -0.01320667 0.01018294 -0.0042386 -0.01328502 0.01051851 -0.00406427 -0.0130425 0.0098409 -0.00370112 -0.0130951 0.01012283 -0.00344249 -0.01282168 0.00938082 -0.00328594 -0.01283964 0.00959058 -0.00296218 -0.01256057 0.00883682 -0.00302383 -0.01253758 0.00896125 -0.00265896 -0.01227855 0.00824923 -0.00293425 -0.01221132 0.0082815 -0.00255533 -0.01199652 0.00766165 -0.00302383 -0.01188506 0.00760175 -0.00265896 -0.01173542 0.00711764 -0.00328594 -0.011583 0.00697241 -0.00296218 -0.01151459 0.00665756 -0.00370112 -0.01132753 0.00644016 -0.00344249 -0.01135042 0.00631552 -0.0042386 -0.01113762 0.00604448 -0.00406427 -0.01125509 0.0061169 -0.0048585 -0.01102733 0.00581471 -0.00478141 -0.01123566 0.00607643 -0.00551486 -0.01100486 0.00576788 -0.00554072 -0.01129358 0.0061971 -0.00615899 -0.01107186 0.00590748 -0.00628588 -0.01142455 0.00646997 -0.00674312 -0.01122337 0.00622315 -0.00696163 -0.01161886 0.0068748 -0.00722393 -0.01144816 0.00669148 -0.00751786 -0.01186209 0.00738156 -0.00756575 -0.01172954 0.00727773 -0.0079133 -0.01213621 0.00795268 -0.00774325 -0.01204665 0.00793843 -0.00811864 -0.01242088 0.00854579 -0.00774325 -0.01237598 0.00862457 -0.00811864 -0.012695 0.0091169 -0.00756575 -0.0126931 0.00928526 -0.0079133 -0.01293823 0.00962366 -0.00722393 -0.01297448 0.00987152 -0.00751786 -0.01313254 0.01002849 -0.00674312 -0.01319926 0.01033984 -0.00696163 -0.01326351 0.01030136 -0.00615899 -0.01335078 0.01065551 -0.00628588 -0.01332143 0.01042203 -0.00551486 -0.01341778 0.01079511 -0.00554072 -0.01238356 0.00913166 -0.00234851 -0.01272047 0.00983359 -0.00268671 -0.01300541 0.01042724 -0.00322243 -0.01321723 0.01086858 -0.00391594 -0.01334024 0.01112486 -0.00471581 -0.01336531 0.01117708 -0.00556272 -0.01329057 0.01102138 -0.00639385 -0.01312158 0.01066929 -0.00714756 -0.01287087 0.01014694 -0.00776795 -0.01255702 0.00949305 -0.00820902 -0.01220332 0.00875614 -0.00843804 -0.011836 0.00799084 -0.00843804 -0.0114823 0.00725392 -0.00820902 -0.01116846 0.00660004 -0.00776795 -0.01091774 0.00607768 -0.00714756 -0.01074875 0.00572559 -0.00639385 -0.01067402 0.00556989 -0.00556272 -0.01069909 0.00562212 -0.00471581 -0.01082209 0.0058784 -0.00391594 -0.01103392 0.00631973 -0.00322243 -0.01131885 0.00691338 -0.00268671 -0.01165576 0.00761532 -0.00234851 -0.01201966 0.00837349 -0.00223292 -0.01083244 0.00663695 -0.00274268 -0.01060395 0.00616089 -0.00327073 -0.01043203 0.0058027 -0.00390305 -0.01032531 0.00558035 -0.00460792 -0.01028913 0.00550497 -0.00535 -0.01032531 0.00558035 -0.00609208 -0.01037244 0.00567856 -0.00646679 -0.01043203 0.0058027 -0.00679695 -0.01060395 0.00616089 -0.00742927 -0.01083244 0.00663695 -0.00795732 -0.01110605 0.007207 -0.00835463 -0.01141106 0.00784247 -0.00860127 -0.01153567 0.00810209 -0.00865383 -0.01313902 0.01144261 -0.00609208 -0.01309188 0.0113444 -0.00646679 -0.01303229 0.01122025 -0.00679695 -0.01286037 0.01086206 -0.00742927 -0.01263188 0.01038601 -0.00795732 -0.01235827 0.00981596 -0.00835463 -0.01205327 0.00918049 -0.00860127 -0.01173216 0.00851148 -0.00868489 -0.0131752 0.01151799 -0.00535 -0.01313902 0.01144261 -0.00460792 -0.01303229 0.01122025 -0.00390305 -0.01286037 0.01086206 -0.00327073 -0.01263188 0.01038601 -0.00274268 -0.01248194 0.01007361 -0.00250061 -0.01098238 0.00694934 -0.00250061 -0.01110605 0.007207 -0.00234537 -0.01141106 0.00784247 -0.00209873 -0.01173216 0.00851148 -0.00201511 -0.01205327 0.00918049 -0.00209873 -0.01235827 0.00981596 -0.00234537 -0.00062998 0.01284719 -0.00927228 -0.00780909 0.00928689 -0.00972466 -0.00962936 0.00852775 -0.00927228 -0.01001673 0.00933483 -0.00937315 -0.00844828 0.00606702 -0.00709558 -0.01077206 0.01090853 -0.00172527 -0.01137779 0.01217054 -0.00785839 -0.01110214 0.01159623 -0.00849542 -0.01077206 0.01090853 -0.00897473 -0.01040411 0.01014192 -0.00927228 -0.00926141 0.00776114 -0.00897473 -0.0073987 0.00843186 -0.00939279 -0.00554285 0.00921021 -0.00960323 -0.00893133 0.00707344 -0.00849542 -0.00703056 0.00766484 -0.0088582 -0.00515554 0.00840326 -0.00904082 -0.00333134 0.00927882 -0.00904082 -0.00865568 0.00649913 -0.00785839 -0.00672312 0.0070243 -0.0081477 -0.00483209 0.00772938 -0.00829333 -0.0030079 0.00860494 -0.00829333 -0.00127491 0.00963928 -0.0081477 -0.00649179 0.00654235 -0.00729691 -0.00458873 0.00722234 -0.00739825 -0.00276453 0.0080979 -0.00739825 -0.00104359 0.00915733 -0.00729691 0.0005511 0.01038645 -0.00709558 -0.00363539 0.01455724 -0.00939279 -0.00177268 0.01522797 -0.00897473 -0.00140473 0.01446135 -0.00927228 -0.00210276 0.01591567 -0.00849542 -0.00400353 0.01532426 -0.0088582 -0.00587855 0.01458584 -0.00904082 -0.00237841 0.01648997 -0.00785839 -0.00431097 0.0159648 -0.0081477 -0.006202 0.01525973 -0.00829333 -0.0080262 0.01438416 -0.00829333 -0.00258581 0.01692208 -0.00709558 -0.0045423 0.01644675 -0.00729691 -0.00644536 0.01576676 -0.00739825 -0.00826956 0.0148912 -0.00739825 -0.0099905 0.01383178 -0.00729691 -0.01175759 0.01296183 -0.00535 -0.01171394 0.0128709 -0.00445477 -0.01018278 0.01423239 -0.00535 -0.0101341 0.01413096 -0.00435151 -0.00847185 0.01531267 -0.00535 -0.00842063 0.01520596 -0.00429954 -0.00664765 0.01618823 -0.00535 -0.00659644 0.01608153 -0.00429954 -0.00473458 0.01684737 -0.00535 -0.0046859 0.01674594 -0.00435151 -0.00275821 0.01728127 -0.00535 -0.00271456 0.01719033 -0.00445477 -0.01158519 0.01260265 -0.00360442 -0.0099905 0.01383178 -0.00340309 -0.00826956 0.0148912 -0.00330175 -0.00644536 0.01576676 -0.00330175 -0.0045423 0.01644675 -0.00340309 -0.00258581 0.01692208 -0.00360442 -0.01137779 0.01217054 -0.00284161 -0.00975918 0.01334983 -0.0025523 -0.0080262 0.01438416 -0.00240667 -0.006202 0.01525973 -0.00240667 -0.00431097 0.0159648 -0.0025523 -0.00237841 0.01648997 -0.00284161 -0.01040411 0.01014192 -0.00142772 -0.00908359 0.01194226 -0.00130721 -0.0086732 0.01108723 -0.00097534 -0.00731544 0.01290333 -0.00109677 -0.00688369 0.0120038 -0.00074763 -0.00549124 0.0137789 -0.00109677 -0.00505949 0.01287936 -0.00074763 -0.00363539 0.01455724 -0.00130721 -0.003225 0.01370221 -0.00097534 -0.00177268 0.01522797 -0.00172527 -0.00140473 0.01446135 -0.00142772 -0.01001673 0.00933483 -0.00132685 -0.00824115 0.01018706 -0.00086284 -0.00642914 0.01105677 -0.00062927 -0.00460495 0.01193233 -0.00062927 -0.00279294 0.01280204 -0.00086284 -0.00101736 0.01365427 -0.00132685 -0.00962936 0.00852775 -0.00142772 -0.00780909 0.00928689 -0.00097534 -0.0059746 0.01010974 -0.00074763 -0.0041504 0.01098531 -0.00074763 -0.00236089 0.01190187 -0.00097534 -0.00062998 0.01284719 -0.00142772 -0.00926141 0.00776114 -0.00172527 -0.0073987 0.00843186 -0.00130721 -0.00554285 0.00921021 -0.00109677 -0.00371865 0.01008577 -0.00109677 -0.0019505 0.01104684 -0.00130721 -0.00026203 0.01208057 -0.00172527 -0.00865568 0.00649913 -0.00284161 -0.00844828 0.00606702 -0.00360442 -0.00672312 0.0070243 -0.0025523 -0.00649179 0.00654235 -0.00340309 -0.00483209 0.00772938 -0.00240667 -0.00458873 0.00722234 -0.00330175 -0.0030079 0.00860494 -0.00240667 -0.00276453 0.0080979 -0.00330175 -0.00127491 0.00963928 -0.0025523 -0.00104359 0.00915733 -0.00340309 0.0003437 0.01081857 -0.00284161 0.0005511 0.01038645 -0.00360442 -0.00831953 0.00579877 -0.00445477 -0.00634819 0.00624316 -0.00435151 -0.00443765 0.00690758 -0.00429954 -0.00261346 0.00778314 -0.00429954 -0.00089999 0.00885814 -0.00435151 0.00067985 0.01011821 -0.00445477 -0.00827588 0.00570783 -0.00535 -0.00629951 0.00614174 -0.00535 -0.00438644 0.00680087 -0.00535 -0.00256224 0.00767644 -0.00535 -0.0008513 0.00875671 -0.00535 0.0007235 0.01002727 -0.00535 -0.01158519 0.01260265 -0.00709558 -0.00975918 0.01334983 -0.0081477 -0.00770275 0.01371028 -0.00904082 -0.00549124 0.0137789 -0.00960323 -0.003225 0.01370221 -0.00972466 -0.00101736 0.01365427 -0.00937315 -0.00271456 0.01719033 -0.00624523 -0.0046859 0.01674594 -0.00634849 -0.00659644 0.01608153 -0.00640046 -0.00842063 0.01520596 -0.00640046 -0.0101341 0.01413096 -0.00634849 -0.01171394 0.0128709 -0.00624523 -0.00210276 0.01591567 -0.00220458 -0.00400353 0.01532426 -0.0018418 -0.00587855 0.01458584 -0.00165918 -0.00770275 0.01371028 -0.00165918 -0.00945174 0.01270928 -0.0018418 -0.01110214 0.01159623 -0.00220458 6.805E-05 0.01139287 -0.00220458 -0.00158235 0.01027982 -0.0018418 -0.00333134 0.00927882 -0.00165918 -0.00515554 0.00840326 -0.00165918 -0.00703056 0.00766484 -0.0018418 -0.00893133 0.00707344 -0.00220458 0.00067985 0.01011821 -0.00624523 -0.00089999 0.00885814 -0.00634849 -0.00261346 0.00778314 -0.00640046 -0.00443765 0.00690758 -0.00640046 -0.00634819 0.00624316 -0.00634849 -0.00831953 0.00579877 -0.00624523 0.0003437 0.01081857 -0.00785839 -0.00824115 0.01018706 -0.00983716 -0.0059746 0.01010974 -0.00995237 -0.00371865 0.01008577 -0.00960323 -0.00158235 0.01027982 -0.0088582 -0.0086732 0.01108723 -0.00972466 -0.00642914 0.01105677 -0.01007073 -0.0041504 0.01098531 -0.00995237 -0.0019505 0.01104684 -0.00939279 6.805E-05 0.01139287 -0.00849542 -0.00908359 0.01194226 -0.00939279 -0.00688369 0.0120038 -0.00995237 -0.00460495 0.01193233 -0.01007073 -0.00236089 0.01190187 -0.00972466 -0.00026203 0.01208057 -0.00897473 -0.00945174 0.01270928 -0.0088582 -0.00731544 0.01290333 -0.00960323 -0.00505949 0.01287936 -0.00995237 -0.00279294 0.01280204 -0.00983716 0.00053041 0.00150952 -0.019 -1.786E-05 0.0015999 -0.019 0.0004587 0.00402394 -0.019 -0.00104208 0.00121411 -0.019 -0.00215026 0.00343204 -0.019 -0.00056398 0.00149731 -0.019 -0.00133265 0.00382447 -0.019 -0.00044821 0.00402512 -0.019 -0.00053041 -0.00150952 -0.019 -0.0021592 -0.00342642 -0.019 -0.00101471 -0.00123708 -0.019 -0.00286751 -0.00286005 -0.019 -0.00137662 -0.00081542 -0.019 -0.0015787 0.00026023 -0.019 -0.00382098 0.00134261 -0.019 -0.00139449 0.00078448 -0.019 -0.00342642 0.0021592 -0.019 -0.00286005 0.00286751 -0.019 -0.00343204 -0.00215026 -0.019 -0.00382447 -0.00133265 -0.019 -0.00157249 -0.00029541 -0.019 -0.00402512 -0.00044821 -0.019 -0.00402394 0.0004587 -0.019 1.786E-05 -0.0015999 -0.019 -0.0004587 -0.00402394 -0.019 -0.00134261 -0.00382098 -0.019 0.00104208 -0.00121411 -0.019 0.00215026 -0.00343204 -0.019 0.00056398 -0.00149731 -0.019 0.00133265 -0.00382447 -0.019 0.00044821 -0.00402512 -0.019 0.0015787 -0.00026023 -0.019 0.00382098 -0.00134261 -0.019 0.00139449 -0.00078448 -0.019 0.00342642 -0.0021592 -0.019 0.00286005 -0.00286751 -0.019 0.00137662 0.00081542 -0.019 0.00382447 0.00133265 -0.019 0.00157249 0.00029541 -0.019 0.00402512 0.00044821 -0.019 0.00402394 -0.0004587 -0.019 0.00134261 0.00382098 -0.019 0.0021592 0.00342642 -0.019 0.00101471 0.00123708 -0.019 0.00286751 0.00286005 -0.019 0.00343204 0.00215026 -0.019 -0.00053041 -0.00150952 0 -0.00101471 -0.00123708 -0 -0.0021592 -0.00342642 0 -0.00056398 0.00149731 0 -0.00215026 0.00343204 0 -0.00104208 0.00121411 -0 -0.00286005 0.00286751 0 -0.00139449 0.00078448 0 -0.00157249 -0.00029541 0 -0.00382447 -0.00133265 0 -0.00137662 -0.00081542 0 -0.00343204 -0.00215026 0 -0.00286751 -0.00286005 0 -0.00342642 0.0021592 0 -0.00382098 0.00134261 0 -0.0015787 0.00026023 0 -0.00402394 0.0004587 0 -0.00402512 -0.00044821 -0 0.00053041 0.00150952 -0 0.0004587 0.00402394 -0 -1.786E-05 0.0015999 0 -0.00044821 0.00402512 -0 -0.00133265 0.00382447 0 0.00101471 0.00123708 0 0.0021592 0.00342642 0 0.00134261 0.00382098 0 0.00157249 0.00029541 0 0.00382447 0.00133265 -0 0.00137662 0.00081542 -0 0.00343204 0.00215026 0 0.00286751 0.00286005 0 0.00139449 -0.00078448 0 0.00382098 -0.00134261 -0 0.0015787 -0.00026023 0 0.00402394 -0.0004587 -0 0.00402512 0.00044821 0 0.00056398 -0.00149731 -0 0.00215026 -0.00343204 -0 0.00104208 -0.00121411 0 0.00286005 -0.00286751 -0 0.00342642 -0.0021592 0 -0.00134261 -0.00382098 -0 -0.0004587 -0.00402394 0 1.786E-05 -0.0015999 0 0.00044821 -0.00402512 0 0.00133265 -0.00382447 0</float_array>
          <technique_common>
            <accessor source="#pos_0-array" count="14754" stride="3">
              <param name="X" type="float"/>
              <param name="Y" type="float"/>
              <param name="Z" type="float"/>
            </accessor>
          </technique_common>
        </source>
        <source id="norm_0">
          <float_array id="norm_0-array" count="24546">-0.09404 0.2874 0.95318 -0.08123 0.28405 0.95536 -0.10115 0.28517 0.95313 -0.10875 0.28255 0.95307 -0.1034 0.28449 0.95309 -0.10933 0.28224 0.95309 -0.10025 0.28597 0.95298 -0.09364 0.28921 0.95267 -0.09459 0.28762 0.95306 -0.07548 0.29333 0.95303 -0.15606 0.25928 0.95311 -0.1603 0.25714 0.95299 -0.16707 0.25397 0.95267 -0.16522 0.25371 0.95307 -0.18164 0.24239 0.95303 -0.15719 0.25865 0.9531 -0.16482 0.25353 0.95318 -0.17116 0.24154 0.95518 -0.16301 0.25528 0.95303 -0.15431 0.26041 0.95309 -0.15074 0.26254 0.95307 -0.13062 0.27215 0.95335 -0.13061 0.27216 0.95335 -0.11053 0.28184 0.95307 0.58459 0.15227 -0.79691 0.37473 0.09644 -0.9221 0.32727 0.24526 -0.91255 0.32324 0.22609 -0.91891 0.34381 0.22181 -0.91247 0.35508 0.2224 -0.90799 0.35545 0.20207 -0.91259 0.36906 0.17716 -0.91237 0.36906 0.17716 -0.91237 0.49447 0.11719 -0.86126 0.3933 0.11166 -0.9126 0.38655 0.13479 -0.91237 0.4007 0.13372 -0.9064 0.37999 0.15094 -0.91259 0.77218 0.19823 -0.60369 0.7155 0.17439 -0.6765 0.66777 0.16336 -0.72622 0.89883 0.24828 -0.3612 0.89857 0.25119 -0.35983 0.89712 0.27253 -0.3477 0.89665 0.26671 -0.35339 0.89026 0.24327 -0.38503 0.85748 0.20941 -0.46998 0.88167 0.30413 -0.36078 0.87777 0.30608 -0.36856 0.86311 0.35294 -0.36122 0.84082 0.40361 -0.36073 0.84082 0.40361 -0.36073 0.79042 0.49508 -0.36073 0.79042 0.49508 -0.36073 0.73658 0.54718 -0.39755 0.75592 0.546 -0.36121 0.77026 0.53194 -0.35176 0.7683 0.55047 -0.32663 0.57701 0.44367 -0.68573 0.62002 0.47169 -0.62696 0.67916 0.47417 -0.56028 0.39759 0.30896 -0.86398 0.44307 0.33749 -0.83053 0.48765 0.36006 -0.79534 0.78468 0.21791 -0.58034 0.76937 0.26828 -0.57975 0.76936 0.26828 -0.57975 0.73455 0.3526 -0.57975 0.73455 0.3526 -0.57975 0.69053 0.43251 -0.57975 0.69053 0.43251 -0.57975 0.65942 0.4779 -0.58032 0.69565 0.52684 -0.48837 0.60125 0.1668 -0.78146 0.58972 0.20563 -0.78099 0.58972 0.20563 -0.78099 0.56303 0.27027 -0.78099 0.56303 0.27027 -0.78099 0.52929 0.33152 -0.78099 0.52929 0.33152 -0.78099 0.50671 0.3641 -0.78146 0.54054 0.41476 -0.73197 0.06317 0.0231 -0.99774 0.19547 0.10932 -0.9746 0.01677 -0.00524 -0.99985 0.00886 -0.00169 -0.99996 0.03289 0.00373 -0.99945 0.03826 -0.00113 -0.99927 0.05134 0.01795 -0.99852 0.18573 0.12883 -0.97412 0.04654 0.04472 -0.99791 0.04024 0.03074 -0.99872 0.01769 0.02344 -0.99957 0.01769 0.02342 -0.99957 0.00305 0.00576 -0.99998 0.0045 0.0115 -0.99992 0.19002 0.12793 -0.97341 0.20671 0.09921 -0.97336 0.21867 0.06823 -0.97341 0.21669 0.06432 -0.97412 0.19432 0.11244 -0.97447 0.19358 0.03206 -0.98056 0.06094 0.04393 -0.99717 0.07669 0.00999 -0.997 0.07649 0.00953 -0.99702 0.07386 0.02192 -0.99703 0.07386 0.02192 -0.99703 0.06946 0.03334 -0.99703 0.06331 0.04391 -0.99703 0.06331 0.04391 -0.99703 0.06277 0.04457 -0.99703 0.12155 0.12091 -0.98519 0 -0 -1 0 -0 -1 0.25928 0.15606 0.95311 0.25714 0.1603 0.95299 0.25397 0.16707 0.95267 0.25371 0.16522 0.95307 0.24239 0.18164 0.95303 0.25865 0.15719 0.9531 0.25353 0.16482 0.95318 0.24154 0.17116 0.95518 0.2874 0.09404 0.95318 0.28405 0.08123 0.95536 0.28518 0.1011 0.95313 0.28284 0.10798 0.95307 0.2852 0.10149 0.95308 0.28183 0.11038 0.95309 0.28577 0.10065 0.953 0.28921 0.09364 0.95267 0.28762 0.09459 0.95306 0.29333 0.07548 0.95303 0.25528 0.16301 0.95303 0.26041 0.15431 0.95309 0.26254 0.15074 0.95307 0.27215 0.13062 0.95335 0.27216 0.13061 0.95335 0.28184 0.11053 0.95307 -0.25928 -0.15606 0.95311 -0.25714 -0.1603 0.95299 -0.25397 -0.16707 0.95267 -0.25371 -0.16522 0.95307 -0.24239 -0.18164 0.95303 -0.25865 -0.15719 0.9531 -0.25353 -0.16482 0.95318 -0.24154 -0.17116 0.95518 -0.2874 -0.09404 0.95318 -0.28405 -0.08123 0.95536 -0.28517 -0.10115 0.95313 -0.28255 -0.10875 0.95307 -0.28449 -0.1034 0.95309 -0.28224 -0.10933 0.95309 -0.28597 -0.10025 0.95298 -0.28921 -0.09364 0.95267 -0.28762 -0.09459 0.95306 -0.29333 -0.07548 0.95303 -0.25528 -0.16301 0.95303 -0.26041 -0.15431 0.95309 -0.26254 -0.15074 0.95307 -0.27215 -0.13062 0.95335 -0.27216 -0.13061 0.95335 -0.28184 -0.11053 0.95307 0.15606 -0.25928 0.95311 0.1603 -0.25714 0.95299 0.16707 -0.25397 0.95267 0.16522 -0.25371 0.95307 0.18164 -0.24239 0.95303 0.15719 -0.25865 0.9531 0.16482 -0.25353 0.95318 0.17116 -0.24154 0.95518 0.09404 -0.2874 0.95318 0.08123 -0.28405 0.95536 0.10115 -0.28517 0.95313 0.10875 -0.28255 0.95307 0.1034 -0.28449 0.95309 0.10933 -0.28224 0.95309 0.10025 -0.28597 0.95298 0.09364 -0.28921 0.95267 0.09459 -0.28762 0.95306 0.07548 -0.29333 0.95303 0.16301 -0.25528 0.95303 0.15431 -0.26041 0.95309 0.15074 -0.26254 0.95307 0.13062 -0.27215 0.95335 0.13061 -0.27216 0.95335 0.11053 -0.28184 0.95307 -0.09644 0.37473 -0.9221 -0.15227 0.58459 -0.79691 -0.11719 0.49447 -0.86126 -0.17439 0.7155 -0.6765 -0.16336 0.66777 -0.72622 -0.24828 0.89883 -0.3612 -0.25407 0.8983 -0.35848 -0.27242 0.89713 -0.34778 -0.26481 0.89625 -0.35581 -0.24398 0.89063 -0.38374 -0.20927 0.85832 -0.4685 -0.21964 0.76136 -0.60999 -0.30413 0.88167 -0.36078 -0.30608 0.87777 -0.36856 -0.35294 0.86311 -0.36122 -0.40361 0.84082 -0.36073 -0.40361 0.84082 -0.36073 -0.49508 0.79042 -0.36073 -0.49508 0.79042 -0.36073 -0.54628 0.73875 -0.39474 -0.546 0.75592 -0.36121 -0.53195 0.77026 -0.35176 -0.55046 0.7683 -0.32666 -0.44367 0.57701 -0.68573 -0.47152 0.61976 -0.62734 -0.47422 0.67886 -0.56058 -0.30896 0.39759 -0.86398 -0.33749 0.44307 -0.83053 -0.36006 0.48765 -0.79534 -0.11166 0.3933 -0.9126 -0.13479 0.38655 -0.91237 -0.13479 0.38655 -0.91237 -0.17716 0.36906 -0.91237 -0.17716 0.36906 -0.91237 -0.21731 0.34694 -0.91237 -0.21731 0.34694 -0.91237 -0.24526 0.32727 -0.91255 -0.22609 0.32324 -0.91891 -0.20519 0.78818 -0.58023 -0.26828 0.76937 -0.57975 -0.26828 0.76936 -0.57975 -0.3526 0.73455 -0.57975 -0.3526 0.73455 -0.57975 -0.43251 0.69053 -0.57975 -0.43251 0.69053 -0.57975 -0.4779 0.65942 -0.58032 -0.52876 0.69698 -0.48439 -0.1668 0.60125 -0.78146 -0.20563 0.58972 -0.78099 -0.20563 0.58972 -0.78099 -0.27027 0.56303 -0.78099 -0.27027 0.56303 -0.78099 -0.33152 0.52929 -0.78099 -0.33152 0.52929 -0.78099 -0.3641 0.50671 -0.78146 -0.41476 0.54054 -0.73197 -0.37473 -0.09644 -0.9221 -0.58459 -0.15227 -0.79691 -0.49447 -0.11719 -0.86126 -0.71653 -0.17481 -0.67529 -0.66916 -0.16327 -0.72496 -0.89883 -0.24828 -0.3612 -0.89857 -0.25119 -0.35984 -0.89712 -0.27254 -0.3477 -0.89667 -0.26688 -0.35322 -0.89037 -0.24339 -0.38472 -0.85748 -0.20941 -0.46998 -0.76136 -0.21964 -0.60999 -0.88167 -0.30413 -0.36078 -0.87777 -0.30608 -0.36856 -0.86311 -0.35294 -0.36122 -0.84082 -0.40361 -0.36073 -0.84082 -0.40361 -0.36073 -0.79042 -0.49508 -0.36073 -0.79042 -0.49508 -0.36073 -0.73875 -0.54628 -0.39474 -0.75592 -0.546 -0.36121 -0.77026 -0.53195 -0.35176 -0.7683 -0.55046 -0.32666 -0.57701 -0.44367 -0.68573 -0.61976 -0.47152 -0.62734 -0.67886 -0.47422 -0.56058 -0.39759 -0.30896 -0.86398 -0.44307 -0.33749 -0.83053 -0.48765 -0.36006 -0.79534 -0.3933 -0.11166 -0.9126 -0.38655 -0.13479 -0.91237 -0.38655 -0.13479 -0.91237 -0.36906 -0.17716 -0.91237 -0.36906 -0.17716 -0.91237 -0.34694 -0.21731 -0.91237 -0.34694 -0.21731 -0.91237 -0.32727 -0.24526 -0.91255 -0.32324 -0.22609 -0.91891 -0.78818 -0.20519 -0.58023 -0.76937 -0.26828 -0.57975 -0.76936 -0.26828 -0.57975 -0.73455 -0.3526 -0.57975 -0.73455 -0.3526 -0.57975 -0.69053 -0.43251 -0.57975 -0.69053 -0.43251 -0.57975 -0.65942 -0.4779 -0.58032 -0.69698 -0.52876 -0.48439 -0.60125 -0.1668 -0.78146 -0.58972 -0.20563 -0.78099 -0.58972 -0.20563 -0.78099 -0.56303 -0.27027 -0.78099 -0.56303 -0.27027 -0.78099 -0.52929 -0.33152 -0.78099 -0.52929 -0.33152 -0.78099 -0.50671 -0.3641 -0.78146 -0.54054 -0.41476 -0.73197 0.15227 -0.58459 -0.79691 0.09644 -0.37473 -0.9221 0.30896 -0.39758 -0.86399 0.22609 -0.32324 -0.91891 0.24526 -0.32727 -0.91255 0.21731 -0.34694 -0.91237 0.21731 -0.34694 -0.91237 0.17716 -0.36906 -0.91237 0.17716 -0.36906 -0.91237 0.11719 -0.49447 -0.86126 0.11166 -0.3933 -0.9126 0.13479 -0.38655 -0.91237 0.13372 -0.4007 -0.9064 0.15094 -0.37999 -0.91259 0.17439 -0.7155 -0.6765 0.16336 -0.66777 -0.72622 0.24828 -0.89883 -0.3612 0.25119 -0.89857 -0.35983 0.27253 -0.89712 -0.3477 0.26671 -0.89665 -0.35339 0.24327 -0.89026 -0.38503 0.20941 -0.85748 -0.46998 0.21964 -0.76136 -0.60999 0.30413 -0.88167 -0.36078 0.30608 -0.87777 -0.36856 0.35294 -0.86311 -0.36122 0.40361 -0.84082 -0.36073 0.40361 -0.84082 -0.36073 0.49508 -0.79042 -0.36073 0.49508 -0.79042 -0.36073 0.54628 -0.73875 -0.39474 0.546 -0.75592 -0.36121 0.53195 -0.77026 -0.35176 0.55046 -0.7683 -0.32666 0.47423 -0.67951 -0.55979 0.47152 -0.61976 -0.62734 0.3508 -0.49757 -0.79333 0.41592 -0.54129 -0.73077 0.4443 -0.57797 -0.68451 0.20519 -0.78818 -0.58023 0.26828 -0.76937 -0.57975 0.26828 -0.76936 -0.57975 0.3526 -0.73455 -0.57975 0.3526 -0.73455 -0.57975 0.43251 -0.69053 -0.57975 0.43251 -0.69053 -0.57975 0.47823 -0.65918 -0.58032 0.52898 -0.69748 -0.48344 0.1668 -0.60125 -0.78146 0.20563 -0.58972 -0.78099 0.20563 -0.58972 -0.78099 0.27027 -0.56303 -0.78099 0.27027 -0.56303 -0.78099 0.33152 -0.52929 -0.78099 0.33152 -0.52929 -0.78099 0.37301 -0.50032 -0.78137 0.30593 -0.47904 -0.82276 -0.23204 0.30965 0.9221 -0.10191 0.39607 0.91255 -0.11077 0.37859 0.91891 -0.1278 0.38862 0.91249 -0.13853 0.39739 0.90713 -0.14929 0.38067 0.91258 -0.17712 0.36908 0.91237 -0.17712 0.36907 0.91237 -0.31248 0.40074 0.86126 -0.23701 0.33314 0.9126 -0.21727 0.34696 0.91237 -0.2329 0.35765 0.90435 -0.2036 0.3546 0.91258 -0.44915 0.58362 0.6765 -0.41881 0.54516 0.72622 -0.52946 0.77381 0.3477 -0.53274 0.76896 0.35339 -0.54241 0.74669 0.38503 -0.53802 0.69975 0.46998 -0.24823 0.89884 0.36121 -0.30701 0.88069 0.36073 -0.30701 0.88069 0.36073 -0.40354 0.84085 0.36073 -0.40354 0.84085 0.36073 -0.49501 0.79047 0.36073 -0.49501 0.79047 0.36073 -0.54597 0.75594 0.3612 -0.54394 0.75806 0.35983 -0.2551 0.91008 0.32663 -0.26822 0.89684 0.35176 -0.23241 0.88766 0.39755 -0.21319 0.84619 0.48838 -0.23328 0.79478 0.56028 -0.16228 0.66172 0.73198 -0.17266 0.70709 0.68572 -0.18869 0.75586 0.62696 -0.11693 0.48976 0.86398 -0.13458 0.54046 0.83053 -0.15524 0.58595 0.79534 -0.16758 0.60103 0.78146 -0.20558 0.58974 0.78099 -0.20558 0.58974 0.78099 -0.27022 0.56306 0.78099 -0.33147 0.52932 0.78099 -0.33147 0.52932 0.78099 -0.36476 0.50624 0.78146 -0.36085 0.48448 0.79691 -0.21555 0.78534 0.58032 -0.26821 0.76939 0.57975 -0.26821 0.76939 0.57975 -0.35254 0.73458 0.57975 -0.35254 0.73458 0.57975 -0.43245 0.69057 0.57975 -0.43245 0.69057 0.57975 -0.4759 0.66085 0.58034 -0.47846 0.63768 0.60368 0.66172 0.16228 0.73198 0.30965 0.23204 0.9221 0.58362 0.44915 0.6765 0.54516 0.41881 0.72622 0.77372 0.52954 0.34778 0.76724 0.53361 0.35581 0.74746 0.54226 0.38374 0.70018 0.53876 0.4685 0.89884 0.24823 0.36121 0.88069 0.30701 0.36073 0.88069 0.30701 0.36073 0.84085 0.40354 0.36073 0.84085 0.40354 0.36073 0.79047 0.49501 0.36073 0.79047 0.49501 0.36073 0.75594 0.54597 0.3612 0.76013 0.54193 0.35848 0.91006 0.2551 0.32666 0.89684 0.26821 0.35176 0.88832 0.23467 0.39474 0.84852 0.21304 0.48439 0.70709 0.17266 0.68572 0.75556 0.18859 0.62734 0.79464 0.23301 0.56058 0.54046 0.13458 0.83053 0.58595 0.15524 0.79534 0.39607 0.10191 0.91255 0.37859 0.11077 0.91891 0.48976 0.11693 0.86398 0.38862 0.1278 0.91249 0.39739 0.13853 0.90713 0.38067 0.14929 0.91258 0.36908 0.17712 0.91237 0.36907 0.17712 0.91237 0.40074 0.31248 0.86126 0.33314 0.23701 0.9126 0.34696 0.21727 0.91237 0.35765 0.2329 0.90435 0.3546 0.2036 0.91258 0.60103 0.16758 0.78146 0.58974 0.20558 0.78099 0.58974 0.20558 0.78099 0.56306 0.27022 0.78099 0.52932 0.33147 0.78099 0.52932 0.33147 0.78099 0.50624 0.36476 0.78146 0.48448 0.36085 0.79691 0.78534 0.21555 0.58032 0.76939 0.26821 0.57975 0.76939 0.26821 0.57975 0.73458 0.35254 0.57975 0.73458 0.35254 0.57975 0.69057 0.43245 0.57975 0.69057 0.43245 0.57975 0.66085 0.4759 0.58034 0.63768 0.47846 0.60368 0.23204 -0.30965 0.9221 0.44969 -0.5846 0.67529 0.41995 -0.54596 0.72496 0.52946 -0.77381 0.3477 0.53264 -0.76911 0.35322 0.54242 -0.74684 0.38471 0.53802 -0.69975 0.46998 0.24823 -0.89884 0.36121 0.30701 -0.88069 0.36073 0.30701 -0.88069 0.36073 0.40354 -0.84085 0.36073 0.40354 -0.84085 0.36073 0.49501 -0.79047 0.36073 0.49501 -0.79047 0.36073 0.54597 -0.75594 0.3612 0.54394 -0.75806 0.35983 0.2551 -0.91006 0.32666 0.26821 -0.89684 0.35176 0.23467 -0.88832 0.39474 0.21304 -0.84852 0.48439 0.23301 -0.79464 0.56058 0.16228 -0.66172 0.73198 0.17266 -0.70709 0.68572 0.18859 -0.75556 0.62734 0.13458 -0.54046 0.83053 0.15524 -0.58595 0.79534 0.10191 -0.39607 0.91255 0.11077 -0.37859 0.91891 0.11693 -0.48976 0.86398 0.1278 -0.38862 0.91249 0.13853 -0.39739 0.90713 0.14929 -0.38067 0.91258 0.17712 -0.36908 0.91237 0.17712 -0.36907 0.91237 0.31248 -0.40074 0.86126 0.23701 -0.33314 0.9126 0.21727 -0.34696 0.91237 0.2329 -0.35765 0.90435 0.2036 -0.3546 0.91258 0.16758 -0.60103 0.78146 0.20558 -0.58974 0.78099 0.20558 -0.58974 0.78099 0.27022 -0.56306 0.78099 0.33147 -0.52932 0.78099 0.33147 -0.52932 0.78099 0.36476 -0.50624 0.78146 0.36085 -0.48448 0.79691 0.21555 -0.78534 0.58032 0.26821 -0.76939 0.57975 0.26821 -0.76939 0.57975 0.35254 -0.73458 0.57975 0.35254 -0.73458 0.57975 0.43245 -0.69057 0.57975 0.43245 -0.69057 0.57975 0.4759 -0.66085 0.58034 0.47846 -0.63768 0.60368 -0.30965 -0.23204 0.9221 -0.39607 -0.10191 0.91255 -0.37859 -0.11077 0.91891 -0.48975 -0.11693 0.86399 -0.38862 -0.1278 0.91249 -0.39739 -0.13853 0.90713 -0.38067 -0.14929 0.91258 -0.36908 -0.17712 0.91237 -0.36907 -0.17712 0.91237 -0.40074 -0.31248 0.86126 -0.33314 -0.23701 0.9126 -0.34696 -0.21727 0.91237 -0.35765 -0.2329 0.90435 -0.3546 -0.2036 0.91258 -0.58362 -0.44915 0.6765 -0.54516 -0.41881 0.72622 -0.77381 -0.52946 0.3477 -0.76896 -0.53274 0.35339 -0.74669 -0.54241 0.38503 -0.69975 -0.53802 0.46998 -0.89884 -0.24823 0.36121 -0.88069 -0.30701 0.36073 -0.88069 -0.30701 0.36073 -0.84085 -0.40354 0.36073 -0.84085 -0.40354 0.36073 -0.79047 -0.49501 0.36073 -0.79047 -0.49501 0.36073 -0.75594 -0.54597 0.3612 -0.75806 -0.54394 0.35983 -0.91006 -0.2551 0.32666 -0.89684 -0.26821 0.35176 -0.88832 -0.23467 0.39474 -0.849 -0.21329 0.48344 -0.79505 -0.23351 0.55979 -0.75556 -0.18859 0.62734 -0.53834 -0.18238 0.82276 -0.58493 -0.16877 0.79333 -0.66309 -0.16215 0.73077 -0.70818 -0.17302 0.68451 -0.60399 -0.15702 0.78137 -0.58974 -0.20558 0.78099 -0.58974 -0.20558 0.78099 -0.56306 -0.27022 0.78099 -0.52932 -0.33147 0.78099 -0.52932 -0.33147 0.78099 -0.50624 -0.36476 0.78146 -0.48448 -0.36085 0.79691 -0.78545 -0.21515 0.58032 -0.76939 -0.26821 0.57975 -0.76939 -0.26821 0.57975 -0.73458 -0.35254 0.57975 -0.73458 -0.35254 0.57975 -0.69057 -0.43245 0.57975 -0.69057 -0.43245 0.57975 -0.66085 -0.4759 0.58034 -0.63768 -0.47846 0.60368 -0.0231 0.06317 -0.99774 -0.10932 0.19547 -0.9746 -0.12883 0.18573 -0.97412 -0.04472 0.04654 -0.99791 -0.03074 0.04024 -0.99872 -0.02344 0.01769 -0.99957 -0.02342 0.01769 -0.99957 -0.00576 0.00305 -0.99998 -0.0115 0.0045 -0.99992 0.00524 0.01677 -0.99985 0.00169 0.00886 -0.99996 -0.00373 0.03289 -0.99945 0.00113 0.03826 -0.99927 -0.01795 0.05134 -0.99852 -0.12793 0.19002 -0.97341 -0.09921 0.20671 -0.97336 -0.06823 0.21867 -0.97341 -0.06432 0.21669 -0.97412 -0.11244 0.19432 -0.97447 -0.03206 0.19358 -0.98056 -0.04393 0.06094 -0.99717 -0.00999 0.07669 -0.997 -0.00953 0.07649 -0.99702 -0.02192 0.07386 -0.99703 -0.02192 0.07386 -0.99703 -0.03334 0.06946 -0.99703 -0.04391 0.06331 -0.99703 -0.04391 0.06331 -0.99703 -0.04457 0.06277 -0.99703 -0.12091 0.12155 -0.98519 0.02237 -0.06305 -0.99776 0.10741 -0.1954 -0.97482 -0.00486 -0.01581 -0.99986 -0.00161 -0.00883 -0.99996 0.00312 -0.03416 -0.99941 -0.00084 -0.03822 -0.99927 0.01748 -0.05222 -0.99848 0.12937 -0.18502 -0.97418 0.04481 -0.04637 -0.99792 0.03052 -0.0402 -0.99873 0.02348 -0.01765 -0.99957 0.02333 -0.01767 -0.99957 0.00577 -0.00305 -0.99998 0.01155 -0.00451 -0.99992 0.12831 -0.18972 -0.97342 0.10018 -0.20623 -0.97336 0.10018 -0.20623 -0.97336 0.06881 -0.21853 -0.9734 0.06572 -0.2169 -0.97398 0.109 -0.19891 -0.97394 0.03249 -0.19295 -0.98067 0.04258 -0.06327 -0.99709 0.01051 -0.07673 -0.997 0.00992 -0.07645 -0.99702 0.02234 -0.07373 -0.99703 0.02234 -0.07373 -0.99703 0.03366 -0.0693 -0.99703 0.03366 -0.0693 -0.99703 0.04415 -0.06314 -0.99703 0.04415 -0.06314 -0.99703 0.04447 -0.06287 -0.99703 0.12169 -0.12163 -0.98509 -0.06317 -0.0231 -0.99774 -0.19547 -0.10932 -0.9746 -0.18573 -0.12883 -0.97412 -0.04654 -0.04472 -0.99791 -0.04024 -0.03074 -0.99872 -0.01769 -0.02344 -0.99957 -0.01769 -0.02342 -0.99957 -0.00305 -0.00576 -0.99998 -0.0045 -0.0115 -0.99992 -0.01677 0.00524 -0.99985 -0.00886 0.00169 -0.99996 -0.03289 -0.00373 -0.99945 -0.03826 0.00113 -0.99927 -0.05134 -0.01795 -0.99852 -0.19002 -0.12793 -0.97341 -0.20671 -0.09921 -0.97336 -0.21867 -0.06823 -0.97341 -0.21669 -0.06432 -0.97412 -0.19432 -0.11244 -0.97447 -0.19358 -0.03206 -0.98056 -0.06094 -0.04393 -0.99717 -0.07669 -0.00999 -0.997 -0.07649 -0.00953 -0.99702 -0.07386 -0.02192 -0.99703 -0.07386 -0.02192 -0.99703 -0.06946 -0.03334 -0.99703 -0.06331 -0.04391 -0.99703 -0.06331 -0.04391 -0.99703 -0.06277 -0.04457 -0.99703 -0.12155 -0.12091 -0.98519 0.28395 0.1049 -0.95308 0.28604 0.10087 -0.95289 0.28952 0.09465 -0.95248 0.28722 0.09585 -0.95306 0.29334 0.07549 -0.95302 0.28405 0.10402 -0.95315 0.2852 0.09923 -0.95332 0.28449 0.08877 -0.95456 0.25342 0.16353 -0.95343 0.24437 0.16452 -0.95562 0.25749 0.1583 -0.95323 0.26137 0.15289 -0.95305 0.2603 0.15448 -0.95309 0.26153 0.15217 -0.95313 0.25762 0.16009 -0.95289 0.25495 0.16668 -0.95248 0.25445 0.16415 -0.95305 0.24237 0.18164 -0.95303 0.28588 0.10057 -0.95297 0.28317 0.10693 -0.95309 0.28136 0.11176 -0.95307 0.27251 0.1308 -0.95322 0.2725 0.13081 -0.95322 0.26318 0.14962 -0.95307 -0.10675 0.284 -0.95286 -0.10321 0.2866 -0.95248 -0.09817 0.29057 -0.9518 -0.09974 0.28603 -0.95302 -0.07549 0.29334 -0.95302 -0.10402 0.28405 -0.95315 -0.09923 0.2852 -0.95332 -0.08877 0.28449 -0.95456 -0.15079 0.26245 -0.95309 -0.16452 0.24437 -0.95562 -0.16353 0.25342 -0.95343 -0.15835 0.25744 -0.95323 -0.15835 0.25995 -0.95255 -0.1653 0.25834 -0.95181 -0.16081 0.25674 -0.95301 -0.18164 0.24237 -0.95303 -0.10656 0.28412 -0.95285 -0.10957 0.28236 -0.95303 -0.13081 0.2725 -0.95322 -0.1308 0.27251 -0.95322 -0.15197 0.26201 -0.95303 -0.15336 0.26107 -0.95306 0.1049 -0.28395 -0.95308 0.10087 -0.28604 -0.95289 0.09465 -0.28952 -0.95248 0.09585 -0.28722 -0.95306 0.07549 -0.29334 -0.95302 0.10434 -0.28383 -0.95318 0.09958 -0.28485 -0.95339 0.08937 -0.28382 -0.95471 0.16526 -0.24435 -0.9555 0.16406 -0.25337 -0.95335 0.15862 -0.25742 -0.95319 0.15289 -0.26137 -0.95305 0.15877 -0.25985 -0.95251 0.1653 -0.25834 -0.95181 0.16081 -0.25674 -0.95301 0.18164 -0.24237 -0.95303 0.10057 -0.28588 -0.95297 0.10738 -0.28298 -0.9531 0.11177 -0.28137 -0.95307 0.13218 -0.27211 -0.95315 0.13073 -0.27234 -0.95328 0.15178 -0.26209 -0.95303 0.15138 -0.26224 -0.95306 -0.284 -0.10675 -0.95286 -0.2866 -0.10321 -0.95248 -0.29057 -0.09817 -0.9518 -0.28603 -0.09974 -0.95302 -0.29334 -0.07549 -0.95302 -0.28405 -0.10402 -0.95315 -0.2852 -0.09923 -0.95332 -0.28449 -0.08877 -0.95456 -0.24437 -0.16452 -0.95562 -0.25342 -0.16353 -0.95343 -0.25749 -0.1583 -0.95323 -0.26224 -0.15138 -0.95306 -0.25985 -0.15877 -0.95251 -0.25834 -0.1653 -0.95181 -0.25674 -0.16081 -0.95301 -0.24237 -0.18164 -0.95303 -0.28412 -0.10656 -0.95285 -0.28236 -0.10957 -0.95303 -0.2725 -0.13081 -0.95322 -0.27251 -0.1308 -0.95322 -0.26206 -0.15186 -0.95303 -0.26137 -0.15289 -0.95305 0.58553 -0.81065 0 0.58549 -0.81068 1E-05 0.53082 -0.84748 -6E-05 0.53074 -0.84753 6E-05 0.43275 -0.90151 -6E-05 0.43267 -0.90155 6E-05 0.26621 -0.96392 0 0.26625 -0.9639 -1E-05 0.32917 -0.94427 6E-05 0.32609 -0.94533 0.00409 0.3785 -0.9256 -0 -0.94345 0.33151 -0 -0.96113 0.2761 -0 -0.98358 0.18048 -0.0016 -0.99819 0.06013 0.00171 -0.9904 -0.13821 -0.00172 -0.96121 -0.27581 0.00207 -0.88972 -0.45649 -0.00193 -0.80648 -0.59126 0.00198 -0.74674 -0.66511 0 -0.16657 0.98603 -0 -0.25937 0.96578 -0.00198 -0.40862 0.9127 0.00193 -0.57741 0.81645 -0.00207 -0.68626 0.72735 0.00172 -0.8164 0.57748 -0.00171 -0.88029 0.47444 0.0016 -0.92258 0.3858 -0 0.63241 0.77463 0.00076 -0.6782 0.73397 -0.03664 -0.88807 0.45972 -0 -0.89466 0.44674 -0.00246 -0.79154 0.61112 0.00101 -0.79078 0.6121 0.00109 -0.68372 0.72974 -0.00187 -0.50978 0.86002 0.02201 -0.35663 0.93424 -1E-05 -0.33465 0.94234 0.00031 -0.18926 0.98193 -0.00139 0.00505 0.99992 0.01153 -0.12344 0.99235 -0.00221 0.21684 0.97621 0.00176 0.45396 0.89102 -0.00061 0.41189 0.91122 -0.00469 0.16589 0.98612 0.00746 0.78262 0.6225 0 0.76246 0.64703 -0.0015 0.68559 0.72798 0.00304 0.5576 0.83003 -0.01165 -0.91225 0.40963 -0 -0.87872 0.4773 0.00664 -0.81678 0.57694 -0.00304 -0.68853 0.7252 0.00486 -0.6906 0.72322 0.00524 -0.48442 0.8748 -0.00754 -0.57361 0.81907 0.01024 -0.51283 0.85849 4E-05 -0.55249 0.8335 -0.00653 -0.62461 0.78068 -0.02001 0.81065 0.58553 -0 0.81068 0.58549 1E-05 0.84748 0.53082 -6E-05 0.84753 0.53074 6E-05 0.90151 0.43275 -6E-05 0.90155 0.43267 6E-05 0.96392 0.26621 -0 0.9639 0.26625 -1E-05 0.94427 0.32917 6E-05 0.94533 0.32609 0.00409 0.9256 0.3785 -0 -0.33151 -0.94345 0 -0.33151 -0.94345 0 -0.2761 -0.96113 0 -0.16342 -0.98655 -0.00188 -0.06006 -0.99819 0.00145 0.16958 -0.98552 -0.00142 0.27586 -0.9612 0.00193 0.4822 -0.87606 -0.00182 0.59129 -0.80646 0.00186 0.6761 -0.73681 0 0.95302 -0.30291 0 0.99393 -0.11 0 0.97041 -0.24135 -0.00767 0.9666 -0.25627 -0.00374 0.98103 -0.19386 0 0.88229 -0.47071 0 0.91445 -0.40469 -0.00155 0.90141 -0.43285 -0.01063 0.93072 -0.36573 0 0.84428 -0.53591 0 0.86674 -0.49875 -0 0.83837 -0.54506 -0.00585 0.87427 -0.48534 0.00983 0.81285 -0.58237 -0.01067 0.84383 -0.53661 0.00355 0.77685 -0.62967 -0.0031 0.79695 -0.60403 0.00421 0.73767 -0.67515 -0.00284 0.749 -0.66257 0 0.99869 0.05108 0 0.99882 0.04861 0.00039 0.99972 -0.02345 -0.0004 0.99993 -0.01203 -0.0021 0.99402 -0.10917 0.00355 0.99796 -0.06337 -0.00828 0.98573 -0.16822 0.00619 0.99293 -0.11866 -0.00299 0.98662 -0.16305 -0 0.98603 0.16657 -0 0.96578 0.25937 -0.00198 0.9127 0.40862 0.00193 0.81645 0.57741 -0.00207 0.72735 0.68626 0.00172 0.57748 0.8164 -0.00171 0.47444 0.88029 0.0016 0.3858 0.92258 -0 0.77465 -0.63239 0.00073 0.73545 0.67652 -0.0379 0.45972 0.88807 -0 0.44673 0.89466 -0.00246 0.61543 0.78819 0.00111 0.61236 0.79058 0.00083 0.73322 0.67999 -0.00131 0.86177 0.50681 0.02239 0.93561 0.35304 -1E-05 0.94362 0.33103 0.00027 0.98172 0.19032 -0.00138 0.99991 -0.00645 0.01159 0.9923 0.12384 -0.00257 0.97681 -0.21412 0.00194 0.89228 -0.45147 -0.0006 0.9077 -0.41961 -0.00379 0.98364 -0.18004 0.00561 0.6192 -0.78523 0 0.64703 -0.76246 -0.0015 0.71574 -0.69836 0.00283 0.82095 -0.57092 -0.00952 0.40963 0.91225 -0 0.4773 0.87871 0.00664 0.57694 0.81678 -0.00304 0.7252 0.68853 0.00486 0.72322 0.6906 0.00524 0.87658 0.48119 -0.00772 0.82096 0.57088 0.01064 0.86046 0.50951 5E-05 0.83549 0.54947 -0.00675 0.78226 0.62261 -0.0208 0.16657 -0.98603 0 0.25937 -0.96578 -0.00198 0.40862 -0.9127 0.00193 0.57741 -0.81645 -0.00207 0.68626 -0.72735 0.00172 0.8164 -0.57748 -0.00171 0.88029 -0.47444 0.0016 0.92258 -0.3858 0 -0.63231 -0.77472 0.00087 0.6782 -0.73397 -0.03664 0.88807 -0.45972 0 0.89466 -0.44674 -0.00246 0.79154 -0.61112 0.00101 0.79078 -0.6121 0.00109 0.68372 -0.72974 -0.00187 0.50978 -0.86002 0.02201 0.35663 -0.93424 -1E-05 0.33465 -0.94234 0.00031 0.19032 -0.98172 -0.00138 -0.00411 -0.99993 0.01143 0.12344 -0.99235 -0.00221 -0.21386 -0.97686 0.00173 -0.45036 -0.89285 -0.00071 -0.41961 -0.9077 -0.00379 -0.17744 -0.98412 0.00571 -0.78523 -0.6192 0 -0.76246 -0.64703 -0.0015 -0.69836 -0.71574 0.00283 -0.56992 -0.82165 -0.00961 0.91225 -0.40963 0 0.87872 -0.4773 0.00664 0.81678 -0.57694 -0.00304 0.68853 -0.7252 0.00486 0.6906 -0.72322 0.00524 0.48442 -0.8748 -0.00754 0.57361 -0.81907 0.01024 0.51283 -0.85849 4E-05 0.55249 -0.8335 -0.00653 0.62461 -0.78068 -0.02001 -0.81065 -0.58553 0 -0.81068 -0.58549 1E-05 -0.84748 -0.53082 -6E-05 -0.84753 -0.53074 6E-05 -0.90151 -0.43275 -6E-05 -0.90155 -0.43267 6E-05 -0.96392 -0.26621 0 -0.9639 -0.26625 -1E-05 -0.94427 -0.32917 6E-05 -0.94533 -0.32609 0.00409 -0.9256 -0.3785 -0 0.33151 0.94345 -0 0.33151 0.94345 -0 0.2761 0.96113 -0 0.18048 0.98358 -0.0016 0.06013 0.99819 0.00171 -0.13821 0.9904 -0.00172 -0.27581 0.96121 0.00207 -0.45649 0.88972 -0.00193 -0.59126 0.80648 0.00198 -0.66511 0.74674 -0 -0.98839 -0.15195 0 -0.96579 -0.25933 -0.00186 -0.92421 -0.38188 0.00182 -0.81648 -0.57737 -0.00193 -0.74877 -0.66283 0.00142 -0.57754 -0.81636 -0.00145 -0.48961 -0.87194 0.00188 -0.3858 -0.92258 0 0.30291 0.95302 -0 0.11 0.99393 -0 0.24135 0.97041 -0.00767 0.25627 0.9666 -0.00374 0.19386 0.98103 0 0.47071 0.88229 0 0.40469 0.91445 -0.00155 0.43285 0.90141 -0.01063 0.36573 0.93072 -0 0.53591 0.84428 -0 0.49875 0.86674 -0 0.54506 0.83837 -0.00585 0.48534 0.87427 0.00983 0.58237 0.81285 -0.01067 0.53661 0.84383 0.00355 0.62967 0.77685 -0.0031 0.60403 0.79695 0.00421 0.67515 0.73767 -0.00284 0.66257 0.749 -0 -0.05108 0.99869 -0 -0.04861 0.99882 0.00039 0.02345 0.99972 -0.0004 0.01203 0.99993 -0.0021 0.10917 0.99402 0.00355 0.06337 0.99796 -0.00828 0.16822 0.98573 0.00619 0.11866 0.99293 -0.00299 0.16305 0.98662 -0 -0.77472 0.63231 0.00087 -0.73397 -0.6782 -0.03664 -0.45972 -0.88807 0 -0.44674 -0.89466 -0.00246 -0.61112 -0.79154 0.00101 -0.6121 -0.79078 0.00109 -0.72974 -0.68372 -0.00187 -0.86002 -0.50978 0.02201 -0.93424 -0.35663 -1E-05 -0.94234 -0.33465 0.00031 -0.98172 -0.19032 -0.00138 -0.99993 0.00411 0.01143 -0.99235 -0.12344 -0.00221 -0.97686 0.21386 0.00173 -0.89285 0.45036 -0.00071 -0.9077 0.41961 -0.00379 -0.98412 0.17744 0.00571 -0.6192 0.78523 -0 -0.64703 0.76246 -0.0015 -0.71574 0.69836 0.00283 -0.82165 0.56992 -0.00961 -0.40963 -0.91225 0 -0.4773 -0.87872 0.00664 -0.57694 -0.81678 -0.00304 -0.7252 -0.68853 0.00486 -0.72322 -0.6906 0.00524 -0.8748 -0.48442 -0.00754 -0.81907 -0.57361 0.01024 -0.85849 -0.51283 4E-05 -0.8335 -0.55249 -0.00653 -0.78068 -0.62461 -0.02001 0.96113 -0.2761 0 0.98358 -0.18048 -0.0016 0.99819 -0.06013 0.00171 0.9904 0.13821 -0.00172 0.96121 0.27581 0.00207 0.88972 0.45649 -0.00193 0.80648 0.59126 0.00198 0.74674 0.66511 0 -0.58553 0.81065 -0 -0.58549 0.81068 1E-05 -0.53082 0.84748 -6E-05 -0.53074 0.84753 6E-05 -0.43275 0.90151 -6E-05 -0.43267 0.90155 6E-05 -0.26621 0.96392 -0 -0.26625 0.9639 -1E-05 -0.32917 0.94427 6E-05 -0.32609 0.94533 0.00409 -0.3785 0.9256 -0 0.94345 -0.33151 0 0.99996 0.00872 -0.00087 0.14841 -0.98825 0.03664 -0.19683 -0.98044 0 -0.21109 -0.97746 0.00246 -0.01833 -0.99983 -0.00101 -0.01709 -0.99985 -0.00109 0.14166 -0.98991 0.00187 0.35211 -0.9357 -0.02201 0.50582 -0.86264 1E-05 0.52588 -0.85056 -0.00031 0.6469 -0.76258 0.00138 0.78272 -0.62227 -0.01143 0.69702 -0.71705 0.00221 0.89593 -0.44419 -0.00173 0.97831 -0.20712 0.00071 0.97067 -0.24041 0.00379 0.8788 -0.47715 -0.00571 0.97429 0.22532 0 0.98176 0.19014 0.0015 0.99527 0.09715 -0.00283 0.99755 -0.06931 0.00961 -0.25104 -0.96798 0 -0.17727 -0.98414 -0.00664 -0.06079 -0.99815 0.00304 0.13511 -0.99082 -0.00486 0.13227 -0.9912 -0.00524 0.37951 -0.92516 0.00754 0.28023 -0.95988 -0.01024 0.34901 -0.93712 -4E-05 0.3047 -0.95242 0.00653 0.21838 -0.97566 0.02001 0.24418 -0.0858 -0.96593 -0.24418 0.0858 -0.96593 -0.66712 0.23441 -0.70711 -0.9113 0.32021 -0.25882 -0.9113 0.32021 0.25882 -0.66712 0.23441 0.70711 -0.24418 0.0858 0.96593 0.23307 -0.08189 0.96901 0.24816 -0.07444 0.96586 0.83872 -0.29469 -0.45793 0.75501 -0.26529 -0.59965 0.68688 -0.17384 -0.70567 0.57083 -0.20786 -0.79432 0.23723 -0.06999 -0.96893 0.92183 -0.28769 -0.25972 0.92231 -0.28712 -0.25866 0.94205 -0.33103 -0.05437 0.93852 -0.32974 0.10224 0.92707 -0.27155 0.25848 0.87906 -0.31149 0.36086 0.66269 -0.24683 0.70705 0.59123 -0.0273 0.80604 0.72258 -0.25109 0.64407 -0.00886 0.99996 -0.00076 0.98044 -0.19683 0 0.97746 -0.21109 0.00246 0.99983 -0.01833 -0.00101 0.99985 -0.01709 -0.00109 0.99634 0.08544 0.00082 0.98977 0.14266 0.00321 0.93337 0.35861 -0.01453 0.86264 0.50582 1E-05 0.85056 0.52588 -0.00031 0.76188 0.64772 0.00139 0.62153 0.7833 -0.01153 0.71705 0.69702 0.00221 0.44146 0.89728 -0.00176 0.20317 0.97914 0.00061 0.24864 0.96859 0.00469 0.48741 0.87314 -0.00746 -0.22121 0.97523 -0 -0.19014 0.98176 0.0015 -0.07953 0.99683 -0.00304 0.08416 0.99638 0.01165 0.96798 -0.25104 0 0.98414 -0.17727 -0.00664 0.99815 -0.06079 0.00304 0.99082 0.13511 -0.00486 0.9912 0.13227 -0.00524 0.92516 0.37951 0.00754 0.95988 0.28023 -0.01024 0.93712 0.34901 -4E-05 0.95242 0.3047 0.00653 0.97566 0.21838 0.02001 0.0858 0.24418 -0.96593 -0.0858 -0.24418 -0.96593 -0.23441 -0.66712 -0.70711 -0.32021 -0.9113 -0.25882 -0.32021 -0.9113 0.25882 -0.23441 -0.66712 0.70711 -0.0858 -0.24418 0.96593 0.08189 0.23307 0.96901 0.07444 0.24816 0.96586 0.29469 0.83872 -0.45793 0.26529 0.755 -0.59966 0.17385 0.68688 -0.70567 0.20786 0.57083 -0.79432 0.06999 0.23723 -0.96893 0.28769 0.92183 -0.25972 0.28712 0.92231 -0.25866 0.33103 0.94205 -0.05437 0.32974 0.93852 0.10225 0.27155 0.92707 0.25848 0.31149 0.87906 0.36087 0.24683 0.66269 0.70705 0.0273 0.59123 0.80604 0.25109 0.72258 0.64407 -0.99996 -0.00883 -0.00073 0.19683 0.98044 -0 0.21109 0.97746 0.00246 0.01287 0.99992 -0.00111 0.01676 0.99986 -0.00083 -0.08485 0.99639 0.0005 -0.14782 0.98901 0.00279 -0.36193 0.93209 -0.01481 -0.50913 0.86069 1E-05 -0.52915 0.84853 -0.00027 -0.6469 0.76258 0.00138 -0.78417 0.62043 -0.01159 -0.69673 0.71733 0.00257 -0.89605 0.44396 -0.00194 -0.97857 0.20591 0.0006 -0.97067 0.24041 0.00379 -0.88006 0.47483 -0.00561 -0.97429 -0.22531 0 -0.98176 -0.19014 0.0015 -0.99527 -0.09715 -0.00283 -0.99763 0.0681 0.00952 0.25104 0.96798 -0 0.17726 0.98414 -0.00664 0.06079 0.99815 0.00304 -0.13511 0.99082 -0.00486 -0.13227 0.9912 -0.00524 -0.38292 0.92375 0.00772 -0.28342 0.95894 -0.01064 -0.35263 0.93576 -5E-05 -0.30815 0.95131 0.00675 -0.22086 0.97508 0.0208 0.66712 -0.23441 -0.70711 0.9113 -0.32021 -0.25882 0.9113 -0.32021 0.25882 0.66712 -0.23441 0.70711 0.24418 -0.0858 0.96593 -0.23307 0.08189 0.96901 -0.24816 0.07444 0.96586 -0.83872 0.29469 -0.45793 -0.755 0.26529 -0.59966 -0.68688 0.17385 -0.70567 -0.57083 0.20786 -0.79432 -0.23723 0.06999 -0.96893 -0.92183 0.28769 -0.25972 -0.92231 0.28712 -0.25866 -0.94205 0.33103 -0.05437 -0.93852 0.32974 0.10225 -0.92707 0.27155 0.25848 -0.87906 0.31149 0.36087 -0.66269 0.24683 0.70705 -0.59123 0.0273 0.80604 -0.72258 0.25109 0.64407 0.00872 -0.99996 -0.00087 -0.98044 0.19683 -0 -0.97746 0.21109 0.00246 -0.99983 0.01833 -0.00101 -0.99985 0.01709 -0.00109 -0.99634 -0.08544 0.00082 -0.98977 -0.14266 0.00321 -0.93337 -0.35861 -0.01453 -0.86264 -0.50582 1E-05 -0.85056 -0.52588 -0.00031 -0.76258 -0.6469 0.00138 -0.62227 -0.78272 -0.01143 -0.71705 -0.69702 0.00221 -0.44419 -0.89593 -0.00173 -0.20712 -0.97831 0.00071 -0.24041 -0.97067 0.00379 -0.47715 -0.8788 -0.00571 0.22532 -0.97429 0 0.19014 -0.98176 0.0015 0.09715 -0.99527 -0.00283 -0.06931 -0.99755 0.00961 -0.96798 0.25104 -0 -0.98414 0.17727 -0.00664 -0.99815 0.06079 0.00304 -0.99082 -0.13511 -0.00486 -0.9912 -0.13227 -0.00524 -0.92516 -0.37951 0.00754 -0.95988 -0.28023 -0.01024 -0.93712 -0.34901 -4E-05 -0.95242 -0.3047 0.00653 -0.97566 -0.21838 0.02001 0.23441 0.66712 -0.70711 0.32021 0.9113 -0.25882 0.32021 0.9113 0.25882 0.23441 0.66712 0.70711 0.0858 0.24418 0.96593 -0.08189 -0.23307 0.96901 -0.07444 -0.24816 0.96586 -0.29469 -0.83872 -0.45793 -0.26529 -0.755 -0.59966 -0.17385 -0.68688 -0.70567 -0.20786 -0.57083 -0.79432 -0.06999 -0.23723 -0.96893 -0.28769 -0.92183 -0.25972 -0.28712 -0.92231 -0.25866 -0.33103 -0.94205 -0.05437 -0.32974 -0.93852 0.10225 -0.27155 -0.92707 0.25848 -0.31149 -0.87906 0.36087 -0.24683 -0.66269 0.70705 -0.0273 -0.59123 0.80604 -0.25109 -0.72258 0.64407 0.24018 -0.09715 0.96586 0.57539 -0.1949 0.79432 0.64465 -0.29403 0.70567 0.75501 -0.26529 0.59966 0.89919 -0.35291 0.25866 0.89918 -0.35217 0.25972 0.83871 -0.29472 0.45793 0.89316 -0.36804 -0.25848 0.9385 -0.3298 -0.10225 0.94206 -0.331 0.05437 0.47835 -0.34853 -0.80604 0.72083 -0.25609 -0.64407 0.88069 -0.30685 -0.36087 0.23307 -0.08189 -0.96901 0.24018 -0.09715 -0.96586 0.67143 -0.22196 -0.70705 -0.05023 0.68488 -0.72692 -0.18517 0.66239 -0.72591 -0.25974 0.68825 -0.67738 -0.26811 0.74273 -0.61357 -0.3428 0.71717 -0.60676 -0.40296 0.73909 -0.53979 -0.41486 0.78505 -0.45999 -0.46815 0.76036 -0.4502 -0.55049 0.78742 -0.27735 -0.55049 0.78742 -0.27735 -0.58998 0.80297 -0.08459 -0.55427 0.83054 -0.0546 -0.59187 0.80554 0.0282 -0.57926 0.79754 0.16851 -0.50314 0.85694 0.11184 -0.56175 0.7945 0.23066 -0.53258 0.78436 0.31801 -0.46168 0.80865 0.3646 -0.48571 0.76707 0.41914 -0.43623 0.75092 0.49581 -0.3561 0.75683 0.54809 -0.36835 0.72489 0.58212 -0.22022 0.67137 0.70765 -0.02345 0.66881 0.74306 -0.02504 0.60279 0.7975 -0.22021 0.67137 0.70765 0.04695 0.58092 0.81261 0.13347 0.54996 0.82446 0.20292 0.57749 0.79078 0.23988 0.51257 0.82446 0.32675 0.4826 0.81261 0.40336 0.50048 0.76605 0.42967 0.44508 0.78568 0.59177 0.38606 0.70765 0.59177 0.38606 0.70765 0.74082 0.33515 0.58212 0.75125 0.36774 0.54809 0.81006 0.313 0.49581 0.87956 0.28494 0.38103 0.83849 0.37913 0.39141 0.95808 0.25992 0.12053 0.93375 0.31964 0.16104 0.93526 0.26848 0.23066 0.90616 0.27882 0.31802 0.96259 0.25743 -0.08459 0.92205 0.27001 -0.27735 0.92205 0.27001 -0.27735 0.84088 0.3004 -0.4502 0.81474 0.35299 -0.45999 0.77671 0.32458 -0.53979 0.6789 0.35545 -0.64246 0.7028 0.43946 -0.55942 0.63317 0.37451 -0.67738 0.55882 0.40097 -0.72591 0.49998 0.4689 -0.72811 -0.12552 0.6381 -0.75965 0.07938 0.5661 -0.8205 0.07938 0.5661 -0.8205 0.29218 0.49133 -0.8205 0.29218 0.49133 -0.8205 0.46199 0.4339 -0.7735 0.78778 0.60556 0.11273 0.78778 0.60556 0.11273 0.74011 0.62231 0.25491 0.7401 0.62231 0.25491 0.65801 0.65115 0.37818 0.65801 0.65115 0.37818 0.54758 0.68996 0.47341 0.54758 0.68996 0.47341 0.417 0.73584 0.53353 0.27597 0.78539 0.55407 0.13494 0.83495 0.53353 0.13494 0.83495 0.53353 0.00436 0.88083 0.47341 0.00436 0.88083 0.47341 -0.10607 0.91963 0.37818 -0.10607 0.91963 0.37818 -0.18816 0.94848 0.25491 -0.18816 0.94848 0.25491 -0.23584 0.96523 0.11273 -0.23584 0.96523 0.11273 -0.24555 0.96865 -0.03781 -0.24555 0.96865 -0.03781 -0.21659 0.95847 -0.18555 -0.21659 0.95847 -0.18555 -0.15109 0.93545 -0.31952 -0.15109 0.93545 -0.31952 -0.05393 0.90131 -0.4298 -0.05393 0.90131 -0.4298 0.06771 0.85857 -0.5082 0.06771 0.85857 -0.5082 0.20479 0.81041 -0.54891 0.20479 0.8104 -0.54891 0.34715 0.76038 -0.54891 0.34715 0.76038 -0.54891 0.48423 0.71222 -0.5082 0.48423 0.71222 -0.5082 0.60587 0.66948 -0.4298 0.60587 0.66948 -0.4298 0.70303 0.63533 -0.31952 0.70303 0.63533 -0.31952 0.76853 0.61232 -0.18555 0.76853 0.61232 -0.18555 0.51933 0.85431 -0.02125 0.50743 0.86167 0.0066 0.50513 0.86213 0.03964 0.50513 0.86213 0.03964 0.48837 0.86802 0.08964 0.48837 0.86802 0.08964 0.4595 0.87817 0.13299 0.4595 0.87817 0.13299 0.42067 0.89181 0.16648 0.42067 0.89181 0.16648 0.37475 0.90794 0.18761 0.37475 0.90794 0.18761 0.32516 0.92537 0.19484 0.27556 0.9428 0.18761 0.27556 0.9428 0.18761 0.22964 0.95893 0.16648 0.22964 0.95893 0.16648 0.19081 0.97258 0.13299 0.19081 0.97258 0.13299 0.16194 0.98272 0.08964 0.16194 0.98272 0.08964 0.14518 0.98861 0.03964 0.14518 0.98861 0.03964 0.14176 0.98981 -0.0133 0.14176 0.98981 -0.0133 0.15195 0.98623 -0.06525 0.15195 0.98623 -0.06525 0.17498 0.97814 -0.11236 0.17498 0.97814 -0.11236 0.20915 0.96613 -0.15114 0.20915 0.96613 -0.15114 0.25192 0.9511 -0.17871 0.25192 0.9511 -0.17871 0.30012 0.93417 -0.19303 0.30012 0.93417 -0.19303 0.35019 0.91658 -0.19303 0.35019 0.91658 -0.19303 0.39839 0.89964 -0.17871 0.39839 0.89964 -0.17871 0.44116 0.88461 -0.15114 0.44116 0.88461 -0.15114 0.47533 0.8726 -0.11236 0.47533 0.8726 -0.11236 0.49836 0.86451 -0.06525 0.49836 0.86451 -0.06525 0.50855 0.86093 -0.0133 0.79749 0.60214 -0.03781 0.79749 0.60214 -0.03781 0.95197 0.30128 -0.0546 0.96566 0.25826 0.0282 -0.14307 -0.98951 -0.01985 -0.15195 -0.98623 -0.06525 -0.15195 -0.98623 -0.06525 -0.17498 -0.97814 -0.11236 -0.17498 -0.97814 -0.11236 -0.20915 -0.96613 -0.15114 -0.20915 -0.96613 -0.15114 -0.25192 -0.9511 -0.17871 -0.25192 -0.9511 -0.17871 -0.30012 -0.93417 -0.19303 -0.30012 -0.93417 -0.19303 -0.35019 -0.91658 -0.19303 -0.35019 -0.91658 -0.19303 -0.39839 -0.89964 -0.17871 -0.39839 -0.89964 -0.17871 -0.44116 -0.88461 -0.15114 -0.44116 -0.88461 -0.15114 -0.47533 -0.8726 -0.11236 -0.47533 -0.8726 -0.11236 -0.49836 -0.86451 -0.06525 -0.49836 -0.86451 -0.06525 -0.50855 -0.86093 -0.0133 -0.50855 -0.86093 -0.0133 -0.50513 -0.86213 0.03964 -0.50513 -0.86213 0.03964 -0.48837 -0.86802 0.08964 -0.48837 -0.86802 0.08964 -0.4595 -0.87817 0.13299 -0.4595 -0.87817 0.13299 -0.42067 -0.89181 0.16648 -0.42067 -0.89181 0.16648 -0.37475 -0.90794 0.18761 -0.37475 -0.90794 0.18761 -0.32516 -0.92537 0.19484 -0.27556 -0.9428 0.18761 -0.27556 -0.9428 0.18761 -0.22964 -0.95893 0.16648 -0.22964 -0.95893 0.16648 -0.19081 -0.97258 0.13299 -0.19081 -0.97258 0.13299 -0.16194 -0.98272 0.08964 -0.16194 -0.98272 0.08964 -0.14518 -0.98861 0.03964 -0.14518 -0.98861 0.03964 -0.14309 -0.98969 0.0066 -0.13289 -0.99103 -0.0139 -0.20479 -0.81041 -0.54891 -0.06771 -0.85857 -0.5082 -0.06771 -0.85857 -0.5082 0.05393 -0.90131 -0.4298 0.05393 -0.90131 -0.4298 0.15109 -0.93545 -0.31952 0.15109 -0.93546 -0.31952 0.21659 -0.95847 -0.18555 0.21659 -0.95847 -0.18555 0.24555 -0.96865 -0.03781 0.24555 -0.96865 -0.03781 0.23584 -0.96523 0.11273 0.23584 -0.96523 0.11273 0.18816 -0.94848 0.25491 0.18816 -0.94848 0.25491 0.10607 -0.91963 0.37818 0.10607 -0.91963 0.37818 -0.00436 -0.88083 0.47341 -0.00436 -0.88083 0.47341 -0.13494 -0.83495 0.53353 -0.27597 -0.78539 0.55407 -0.417 -0.73584 0.53353 -0.417 -0.73584 0.53353 -0.54758 -0.68996 0.47341 -0.54758 -0.68996 0.47341 -0.65801 -0.65115 0.37818 -0.65801 -0.65115 0.37818 -0.7401 -0.62231 0.25491 -0.7401 -0.62231 0.25491 -0.78778 -0.60556 0.11273 -0.78778 -0.60556 0.11273 -0.79749 -0.60214 -0.03781 -0.79749 -0.60214 -0.03781 -0.76853 -0.61232 -0.18555 -0.76853 -0.61232 -0.18555 -0.70303 -0.63533 -0.31952 -0.70303 -0.63533 -0.31952 -0.60587 -0.66948 -0.4298 -0.60587 -0.66948 -0.4298 -0.48423 -0.71222 -0.5082 -0.48423 -0.71222 -0.5082 -0.34715 -0.76038 -0.54891 -0.34715 -0.76038 -0.54891 -0.20479 -0.8104 -0.54891 -0.71817 -0.4546 -0.52685 -0.68137 -0.25991 -0.68424 -0.83182 -0.36662 -0.41674 -0.8288 -0.2741 -0.48781 -0.91722 -0.29413 -0.26868 -0.91799 -0.2867 -0.27403 -0.9652 -0.24421 -0.09348 -0.95197 -0.30128 -0.0546 -0.97045 -0.22185 0.09488 -0.93375 -0.31964 0.16104 -0.93526 -0.26848 0.23066 -0.90616 -0.27882 0.31801 -0.82309 -0.3981 0.40501 -0.89138 -0.21554 0.39873 -0.73178 -0.38388 0.56314 -0.75792 -0.31893 0.56907 -0.60142 -0.39055 0.69697 -0.59147 -0.41393 0.69197 -0.44142 -0.41841 0.79378 -0.40336 -0.50047 0.76605 -0.32675 -0.4826 0.81261 0.56175 -0.7945 0.23066 0.53258 -0.78436 0.31802 0.46168 -0.80865 0.3646 0.49852 -0.741 0.44988 0.3561 -0.75683 0.54809 0.37037 -0.7192 0.58785 0.21519 -0.6776 0.70324 0.21039 -0.69821 0.68428 0.0437 -0.56943 0.82088 0.0329 -0.67975 0.7327 -0.15105 -0.42987 0.89017 -0.1464 -0.66543 0.73196 -0.23988 -0.51257 0.82446 0.48822 -0.86864 0.08434 0.64661 -0.74179 0.17787 0.53742 -0.83867 -0.08845 0.61025 -0.79013 -0.0573 0.53842 -0.79814 -0.27033 0.53092 -0.80239 -0.27256 0.4887 -0.74989 -0.44591 0.41486 -0.78505 -0.45999 0.39096 -0.69781 -0.60018 0.26811 -0.74273 -0.61357 0.25974 -0.68826 -0.67738 -0.63317 -0.37451 -0.67738 -0.55882 -0.40097 -0.72591 -0.49998 -0.4689 -0.72811 -0.44091 -0.41447 -0.79613 -0.29969 -0.52174 -0.79873 -0.27357 -0.49911 -0.82222 -0.07938 -0.5661 -0.8205 -0.11305 -0.59276 -0.7974 0.15355 -0.59585 -0.78828 0.02764 -0.68739 -0.72576 0.18517 -0.66239 -0.72591 -0.04662 0.3766 0.9252 -0.17842 -0.17892 0.96755 -0.93159 -0.03273 0.36204 0.31088 -0.46939 -0.82646 0.63963 -0.58327 0.50067 0.51567 -0.53972 0.66543 0.36023 -0.4851 0.79682 0.1811 -0.42216 0.88825 -0.01273 -0.35405 0.93514 0.40575 -0.48187 -0.77664 -0.96434 0.00153 0.26466 -0.17309 -0.29897 0.93843 -0.20895 -0.27578 0.93823 -0.27195 -0.26467 0.9252 -0.40537 -0.21609 0.88825 -0.40537 -0.21609 0.88825 -0.37897 -0.10846 0.91903 -0.37897 -0.10846 0.91903 -0.34757 0.00054 0.93765 -0.58449 -0.15315 0.79682 -0.5643 -0.04333 0.82443 -0.5643 -0.04333 0.82443 -0.53666 0.06698 0.84113 -0.53666 0.06698 0.84113 -0.50195 0.17637 0.84672 -0.73993 -0.09853 0.66543 -0.73993 -0.09853 0.66543 -0.72513 0.01318 0.68849 -0.72513 0.01318 0.68849 -0.70075 0.12464 0.70244 -0.70075 0.12464 0.70244 -0.66712 0.23441 0.70711 -0.62469 0.34109 0.70244 -0.86389 -0.05497 0.50067 -0.86389 -0.05497 0.50067 -0.85338 0.05824 0.51802 -0.85338 0.05824 0.51802 -0.8316 0.17061 0.52852 -0.8316 0.17061 0.52852 -0.79884 0.2807 0.53203 -0.75554 0.38707 0.52852 -0.75554 0.38707 0.52852 -0.70224 0.48837 0.51802 0.37897 0.10846 0.91903 0.5643 0.04333 0.82443 0.5643 0.04333 0.82443 0.53666 -0.06698 0.84113 0.72513 -0.01318 0.68849 0.72513 -0.01318 0.68849 0.70075 -0.12464 0.70244 0.70075 -0.12464 0.70244 0.66712 -0.23441 0.70711 0.85338 -0.05824 0.51802 0.85338 -0.05824 0.51802 0.8316 -0.17061 0.52852 0.8316 -0.17061 0.52852 0.79884 -0.2807 0.53203 0.75554 -0.38707 0.52852 0.83727 -0.53581 -0.10902 0.83727 -0.53581 -0.10902 0.8933 -0.43548 -0.11123 0.8933 -0.43548 -0.11122 0.93752 -0.32942 -0.11196 0.96936 -0.21902 -0.11122 0.96936 -0.21902 -0.11123 0.98841 -0.10569 -0.10902 0.98841 -0.10569 -0.10902 0.7915 -0.51973 -0.32158 0.7915 -0.51973 -0.32158 0.8466 -0.41907 -0.3281 0.8466 -0.41907 -0.3281 0.89051 -0.31291 -0.33028 0.92266 -0.20261 -0.3281 0.92266 -0.20261 -0.3281 0.94263 -0.0896 -0.32158 0.94263 -0.0896 -0.32158 0.70224 -0.48837 -0.51802 0.70224 -0.48837 -0.51802 0.75554 -0.38707 -0.52852 0.75554 -0.38707 -0.52852 0.79884 -0.2807 -0.53203 0.8316 -0.17062 -0.52852 0.8316 -0.17061 -0.52852 0.85338 -0.05824 -0.51802 0.85338 -0.05824 -0.51802 0.1811 -0.42216 -0.88825 0.1811 -0.42216 -0.88825 0.22783 -0.32167 -0.91903 0.22783 -0.32167 -0.91903 0.27152 -0.217 -0.93765 0.27152 -0.217 -0.93765 0.3116 -0.10949 -0.94388 0.34757 -0.00054 -0.93765 0.34757 -0.00054 -0.93765 0.37897 0.10846 -0.91903 0.37897 0.10846 -0.91903 -0.01273 -0.35405 -0.93514 -0.01273 -0.35405 -0.93514 0.02728 -0.2512 -0.96755 0.02728 -0.2512 -0.96755 0.06691 -0.1451 -0.98715 0.06691 -0.1451 -0.98715 0.10563 -0.03712 -0.99371 0.14297 0.07136 -0.98715 0.14297 0.07136 -0.98715 0.17842 0.17892 -0.96755 0.17842 0.17892 -0.96755 -0.21154 -0.28419 -0.93514 -0.21154 -0.28419 -0.93514 -0.17842 -0.17892 -0.96755 -0.17842 -0.17892 -0.96755 -0.14297 -0.07136 -0.98715 -0.14297 -0.07136 -0.98715 -0.10563 0.03712 -0.99371 -0.06691 0.1451 -0.98715 -0.06691 0.1451 -0.98715 -0.02728 0.2512 -0.96755 -0.02728 0.2512 -0.96755 -0.40537 -0.21609 -0.88825 -0.40537 -0.21609 -0.88825 -0.37897 -0.10846 -0.91903 -0.37897 -0.10846 -0.91903 -0.34757 0.00054 -0.93765 -0.34757 0.00054 -0.93765 -0.3116 0.10949 -0.94388 -0.27152 0.217 -0.93765 -0.27152 0.217 -0.93765 -0.22783 0.32167 -0.91903 -0.22783 0.32167 -0.91903 -0.85338 0.05824 -0.51802 -0.85338 0.05824 -0.51802 -0.8316 0.17061 -0.52852 -0.8316 0.17061 -0.52852 -0.79884 0.2807 -0.53203 -0.75554 0.38707 -0.52852 -0.75554 0.38707 -0.52852 -0.70224 0.48837 -0.51802 -0.70224 0.48837 -0.51802 -0.94263 0.0896 -0.32158 -0.94263 0.0896 -0.32158 -0.92266 0.20261 -0.3281 -0.92266 0.20261 -0.3281 -0.89051 0.31291 -0.33028 -0.8466 0.41907 -0.3281 -0.8466 0.41907 -0.3281 -0.79149 0.51973 -0.32158 -0.79149 0.51973 -0.32158 -0.98841 0.10569 -0.10902 -0.98841 0.10569 -0.10902 -0.96936 0.21902 -0.11123 -0.96936 0.21902 -0.11122 -0.93752 0.32942 -0.11196 -0.8933 0.43548 -0.11122 -0.8933 0.43548 -0.11123 -0.83727 0.53581 -0.10902 -0.83727 0.53581 -0.10902 0.70224 -0.48837 0.51802 0.75554 -0.38707 0.52852 0.62469 -0.34109 0.70244 0.50195 -0.17637 0.84672 0.53666 -0.06698 0.84113 0.34757 -0.00054 0.93765 0.37897 0.10846 0.91903 0.17842 0.17892 0.96755 0.20895 0.27578 0.93823 0.17309 0.29897 0.93843 0.73993 0.09853 0.66543 0.74283 0.09564 0.66262 0.58474 0.15482 0.79631 0.57453 0.16416 0.80185 0.4042 0.21089 0.89003 0.3891 0.22244 0.89394 0.27195 0.26467 0.9252 0.99048 0.01153 0.13718 0.95015 0.02466 0.31081 0.94263 -0.0896 0.32158 0.94263 -0.0896 0.32158 0.92266 -0.20261 0.3281 0.92266 -0.20261 0.3281 0.89051 -0.31291 0.33028 0.8466 -0.41907 0.3281 0.8466 -0.41907 0.3281 0.7915 -0.51973 0.32158 0.79149 -0.51973 0.32158 0.73185 -0.60591 0.31189 0.70635 -0.60827 0.36205 0.96434 -0.00153 0.26466 0.93159 0.03273 0.36205 0.86389 0.05497 0.50067 0.87691 0.039 0.47906 0.82228 0.07146 0.56457 0.83727 -0.53581 0.10902 0.83727 -0.53581 0.10902 0.8933 -0.43548 0.11123 0.8933 -0.43548 0.11122 0.93752 -0.32942 0.11196 0.96936 -0.21902 0.11122 0.96936 -0.21902 0.11123 0.98841 -0.10569 0.10902 0.98841 -0.10569 0.10902 0.9944 0.00083 0.10567 0.62077 0.14177 -0.77107 0.73993 0.09853 -0.66543 0.72513 -0.01318 -0.68849 0.72513 -0.01318 -0.68849 0.70075 -0.12464 -0.70244 0.70075 -0.12464 -0.70244 0.66712 -0.23441 -0.70711 0.62469 -0.34109 -0.70244 0.62469 -0.34109 -0.70244 0.57399 -0.4433 -0.68849 0.57399 -0.4433 -0.68849 0.71342 0.09256 -0.6946 0.78427 0.08471 -0.61461 0.86389 0.05497 -0.50067 0.85663 0.05187 -0.51331 0.9502 0.03036 -0.31017 0.94875 0.02879 -0.31473 0.9944 0.00602 -0.10548 0.99532 0.00912 -0.09622 0.99944 0.00916 0.03211 0.7395 -0.61983 0.26258 0.77013 -0.62913 0.10536 0.77013 -0.62913 0.10536 0.77013 -0.62913 -0.10536 0.77013 -0.62913 -0.10536 0.72589 -0.61358 -0.31081 0.72589 -0.61358 -0.31081 0.63962 -0.58327 -0.50067 0.63962 -0.58327 -0.50067 0.51567 -0.53972 -0.66543 0.36023 -0.4851 -0.79682 0.41316 -0.38679 -0.82443 0.41316 -0.38679 -0.82443 0.4606 -0.28344 -0.84113 0.4606 -0.28344 -0.84113 0.50195 -0.17637 -0.84672 0.53666 -0.06698 -0.84113 0.53666 -0.06698 -0.84113 0.5643 0.04333 -0.82443 0.5643 0.04333 -0.82443 0.5831 0.14402 -0.79954 -0.49008 0.53188 -0.6906 -0.36023 0.4851 -0.79682 -0.41316 0.38679 -0.82443 -0.41316 0.38679 -0.82443 -0.4606 0.28344 -0.84113 -0.4606 0.28344 -0.84113 -0.50195 0.17637 -0.84672 -0.53666 0.06698 -0.84113 -0.53666 0.06698 -0.84113 -0.5643 -0.04333 -0.82443 -0.5643 -0.04333 -0.82443 -0.5831 -0.14402 -0.79954 -0.53616 -0.17176 -0.82646 -0.40575 0.48187 -0.77664 -0.31088 0.46939 -0.82646 -0.1811 0.42216 -0.88825 -0.20547 0.42125 -0.88336 0.0163 0.36302 -0.93164 -0.00911 0.36076 -0.93262 0.21154 0.28419 -0.93514 0.23549 0.28496 -0.92916 0.40398 0.20993 -0.89035 0.42587 0.20966 -0.88016 0.53616 0.17176 -0.82646 -0.72513 0.01318 -0.68849 -0.70075 0.12464 -0.70244 -0.70075 0.12464 -0.70244 -0.66712 0.23441 -0.70711 -0.62469 0.34109 -0.70244 -0.62469 0.34109 -0.70244 -0.57399 0.4433 -0.68849 -0.52042 0.53251 -0.66753 -0.7395 0.61983 0.26258 -0.77013 0.62913 0.10536 -0.83727 0.53581 0.10902 -0.83727 0.53581 0.10902 -0.8933 0.43548 0.11123 -0.8933 0.43548 0.11122 -0.93752 0.32942 0.11196 -0.96936 0.21902 0.11122 -0.96936 0.21902 0.11123 -0.98841 0.10569 0.10902 -0.98841 0.10569 0.10902 -0.77452 0.61734 0.13788 -0.77404 0.63232 0.03211 -0.77013 0.62913 -0.10536 -0.77342 0.62653 -0.09637 -0.72363 0.61646 -0.3104 -0.72095 0.61752 -0.31449 -0.6422 0.57975 -0.50146 -0.63235 0.58121 -0.51219 -0.5589 0.55667 -0.61461 -0.70635 0.60827 0.36204 -0.73185 0.60591 0.31189 -0.79149 0.51973 0.32158 -0.79149 0.51973 0.32158 -0.8466 0.41907 0.3281 -0.8466 0.41907 0.3281 -0.89051 0.31291 0.33028 -0.92266 0.20261 0.3281 -0.92266 0.20261 0.3281 -0.94263 0.0896 0.32158 -0.94263 0.0896 0.32158 -0.95015 -0.02466 0.31081 -0.99439 -0.00912 0.10536 -0.99439 -0.00912 0.10537 -0.99439 -0.00912 -0.10536 -0.99439 -0.00912 -0.10537 -0.95015 -0.02466 -0.31081 -0.95015 -0.02466 -0.31081 -0.86389 -0.05497 -0.50067 -0.86389 -0.05497 -0.50067 -0.73993 -0.09853 -0.66543 -0.62077 -0.14177 -0.77107 -0.59685 0.57011 0.56457 -0.01273 -0.35405 0.93514 0.02728 -0.2512 0.96755 -0.17842 -0.17892 0.96755 -0.14297 -0.07136 0.98715 -0.34757 0.00054 0.93765 -0.3116 0.10949 0.94388 -0.4606 0.28344 0.84113 -0.62469 0.34109 0.70244 -0.57399 0.4433 0.68849 -0.70224 0.48837 0.51802 -0.644 0.57727 0.50202 -0.65259 0.58874 0.47698 0.1811 -0.42216 0.88825 0.22783 -0.32167 0.91903 0.02728 -0.2512 0.96755 0.06691 -0.1451 0.98715 -0.14296 -0.07136 0.98715 -0.10563 0.03712 0.99371 -0.27152 0.217 0.93765 -0.4606 0.28344 0.84113 -0.41316 0.38679 0.82443 -0.57399 0.4433 0.68849 -0.51654 0.5384 0.66581 -0.51863 0.54093 0.66213 0.41316 -0.38679 0.82443 0.22783 -0.32167 0.91903 0.27152 -0.217 0.93765 0.06691 -0.1451 0.98715 0.10563 -0.03712 0.99371 -0.06691 0.1451 0.98715 -0.27152 0.217 0.93765 -0.22783 0.32167 0.91903 -0.41316 0.38679 0.82443 -0.3564 0.49165 0.79452 -0.34849 0.4824 0.80364 0.51567 -0.53972 0.66543 0.57399 -0.4433 0.68849 0.41316 -0.38679 0.82443 0.4606 -0.28344 0.84113 0.27152 -0.217 0.93765 0.3116 -0.10949 0.94388 0.14296 0.07136 0.98715 -0.06691 0.1451 0.98715 -0.02728 0.2512 0.96755 -0.22783 0.32167 0.91903 -0.1811 0.42216 0.88825 -0.1678 0.40993 0.89655 0.63962 -0.58327 0.50067 0.70224 -0.48837 0.51802 0.62469 -0.34109 0.70244 0.4606 -0.28344 0.84113 0.34757 -0.00054 0.93765 0.14296 0.07136 0.98715 0.17842 0.17892 0.96755 -0.02728 0.2512 0.96755 0.01273 0.35405 0.93514 0.04578 0.32519 0.94454 0.09715 0.24018 0.96586 0.1949 0.57539 0.79432 0.29403 0.64465 0.70567 0.26529 0.75501 0.59966 0.35291 0.89919 0.25866 0.35217 0.89918 0.25972 0.29472 0.83871 0.45793 0.36804 0.89316 -0.25848 0.3298 0.9385 -0.10225 0.331 0.94206 0.05437 0.34853 0.47835 -0.80604 0.25609 0.72083 -0.64407 0.30685 0.88069 -0.36087 0.08189 0.23307 -0.96901 0.09715 0.24018 -0.96586 0.22196 0.67143 -0.70705 -0.68488 -0.05023 -0.72692 -0.66239 -0.18517 -0.72591 -0.68825 -0.25974 -0.67738 -0.74273 -0.26811 -0.61357 -0.71717 -0.3428 -0.60676 -0.73909 -0.40296 -0.53979 -0.78505 -0.41486 -0.45999 -0.76036 -0.46815 -0.4502 -0.78742 -0.55049 -0.27735 -0.78742 -0.55049 -0.27735 -0.80297 -0.58998 -0.08459 -0.83054 -0.55427 -0.0546 -0.80554 -0.59187 0.0282 -0.79754 -0.57926 0.16851 -0.85694 -0.50314 0.11184 -0.7945 -0.56175 0.23066 -0.78436 -0.53258 0.31801 -0.80865 -0.46168 0.3646 -0.76707 -0.48571 0.41914 -0.75092 -0.43623 0.49581 -0.75683 -0.3561 0.54809 -0.72489 -0.36835 0.58212 -0.67137 -0.22022 0.70765 -0.66881 -0.02345 0.74306 -0.60279 -0.02504 0.7975 -0.67137 -0.22021 0.70765 -0.58092 0.04695 0.81261 -0.54996 0.13347 0.82446 -0.57749 0.20292 0.79078 -0.51257 0.23988 0.82446 -0.4826 0.32675 0.81261 -0.50048 0.40336 0.76605 -0.44508 0.42967 0.78568 -0.38606 0.59177 0.70765 -0.38606 0.59177 0.70765 -0.33515 0.74082 0.58212 -0.36774 0.75125 0.54809 -0.313 0.81006 0.49581 -0.28494 0.87956 0.38103 -0.37913 0.83849 0.39141 -0.25992 0.95808 0.12053 -0.31964 0.93375 0.16104 -0.26848 0.93526 0.23066 -0.27882 0.90616 0.31802 -0.25743 0.96259 -0.08459 -0.27001 0.92205 -0.27735 -0.27001 0.92205 -0.27735 -0.3004 0.84088 -0.4502 -0.35299 0.81474 -0.45999 -0.32458 0.77671 -0.53979 -0.35545 0.6789 -0.64246 -0.43946 0.7028 -0.55942 -0.37451 0.63317 -0.67738 -0.40097 0.55882 -0.72591 -0.4689 0.49998 -0.72811 -0.6381 -0.12552 -0.75965 -0.5661 0.07938 -0.8205 -0.5661 0.07938 -0.8205 -0.49133 0.29218 -0.8205 -0.49133 0.29218 -0.8205 -0.4339 0.46199 -0.7735 -0.60556 0.78778 0.11273 -0.60556 0.78778 0.11273 -0.62231 0.74011 0.25491 -0.62231 0.7401 0.25491 -0.65115 0.65801 0.37818 -0.65115 0.65801 0.37818 -0.68996 0.54758 0.47341 -0.68996 0.54758 0.47341 -0.73584 0.417 0.53353 -0.78539 0.27597 0.55407 -0.83495 0.13494 0.53353 -0.83495 0.13494 0.53353 -0.88083 0.00436 0.47341 -0.88083 0.00436 0.47341 -0.91963 -0.10607 0.37818 -0.91963 -0.10607 0.37818 -0.94848 -0.18816 0.25491 -0.94848 -0.18816 0.25491 -0.96523 -0.23584 0.11273 -0.96523 -0.23584 0.11273 -0.96865 -0.24555 -0.03781 -0.96865 -0.24555 -0.03781 -0.95847 -0.21659 -0.18555 -0.95847 -0.21659 -0.18555 -0.93545 -0.15109 -0.31952 -0.93545 -0.15109 -0.31952 -0.90131 -0.05393 -0.4298 -0.90131 -0.05393 -0.4298 -0.85857 0.06771 -0.5082 -0.85857 0.06771 -0.5082 -0.81041 0.20479 -0.54891 -0.8104 0.20479 -0.54891 -0.76038 0.34715 -0.54891 -0.76038 0.34715 -0.54891 -0.71222 0.48423 -0.5082 -0.71222 0.48423 -0.5082 -0.66948 0.60587 -0.4298 -0.66948 0.60587 -0.4298 -0.63533 0.70303 -0.31952 -0.63533 0.70303 -0.31952 -0.61232 0.76853 -0.18555 -0.61232 0.76853 -0.18555 -0.85431 0.51933 -0.02125 -0.86167 0.50743 0.0066 -0.86213 0.50513 0.03964 -0.86213 0.50513 0.03964 -0.86802 0.48837 0.08964 -0.86802 0.48837 0.08964 -0.87817 0.4595 0.13299 -0.87817 0.4595 0.13299 -0.89181 0.42067 0.16648 -0.89181 0.42067 0.16648 -0.90794 0.37475 0.18761 -0.90794 0.37475 0.18761 -0.92537 0.32516 0.19484 -0.9428 0.27556 0.18761 -0.9428 0.27556 0.18761 -0.95893 0.22964 0.16648 -0.95893 0.22964 0.16648 -0.97258 0.19081 0.13299 -0.97258 0.19081 0.13299 -0.98272 0.16194 0.08964 -0.98272 0.16194 0.08964 -0.98861 0.14518 0.03964 -0.98861 0.14518 0.03964 -0.98981 0.14176 -0.0133 -0.98981 0.14176 -0.0133 -0.98623 0.15195 -0.06525 -0.98623 0.15195 -0.06525 -0.97814 0.17498 -0.11236 -0.97814 0.17498 -0.11236 -0.96613 0.20915 -0.15114 -0.96613 0.20915 -0.15114 -0.9511 0.25192 -0.17871 -0.9511 0.25192 -0.17871 -0.93417 0.30012 -0.19303 -0.93417 0.30012 -0.19303 -0.91658 0.35019 -0.19303 -0.91658 0.35019 -0.19303 -0.89964 0.39839 -0.17871 -0.89964 0.39839 -0.17871 -0.88461 0.44116 -0.15114 -0.88461 0.44116 -0.15114 -0.8726 0.47533 -0.11236 -0.8726 0.47533 -0.11236 -0.86451 0.49836 -0.06525 -0.86451 0.49836 -0.06525 -0.86093 0.50855 -0.0133 -0.60214 0.79749 -0.03781 -0.60214 0.79749 -0.03781 -0.30128 0.95197 -0.0546 -0.25826 0.96566 0.0282 0.98951 -0.14307 -0.01985 0.98623 -0.15195 -0.06525 0.98623 -0.15195 -0.06525 0.97814 -0.17498 -0.11236 0.97814 -0.17498 -0.11236 0.96613 -0.20915 -0.15114 0.96613 -0.20915 -0.15114 0.9511 -0.25192 -0.17871 0.9511 -0.25192 -0.17871 0.93417 -0.30012 -0.19303 0.93417 -0.30012 -0.19303 0.91658 -0.35019 -0.19303 0.91658 -0.35019 -0.19303 0.89964 -0.39839 -0.17871 0.89964 -0.39839 -0.17871 0.88461 -0.44116 -0.15114 0.88461 -0.44116 -0.15114 0.8726 -0.47533 -0.11236 0.8726 -0.47533 -0.11236 0.86451 -0.49836 -0.06525 0.86451 -0.49836 -0.06525 0.86093 -0.50855 -0.0133 0.86093 -0.50855 -0.0133 0.86213 -0.50513 0.03964 0.86213 -0.50513 0.03964 0.86802 -0.48837 0.08964 0.86802 -0.48837 0.08964 0.87817 -0.4595 0.13299 0.87817 -0.4595 0.13299 0.89181 -0.42067 0.16648 0.89181 -0.42067 0.16648 0.90794 -0.37475 0.18761 0.90794 -0.37475 0.18761 0.92537 -0.32516 0.19484 0.9428 -0.27556 0.18761 0.9428 -0.27556 0.18761 0.95893 -0.22964 0.16648 0.95893 -0.22964 0.16648 0.97258 -0.19081 0.13299 0.97258 -0.19081 0.13299 0.98272 -0.16194 0.08964 0.98272 -0.16194 0.08964 0.98861 -0.14518 0.03964 0.98861 -0.14518 0.03964 0.98969 -0.14309 0.0066 0.99103 -0.13289 -0.0139 0.81041 -0.20479 -0.54891 0.85857 -0.06771 -0.5082 0.85857 -0.06771 -0.5082 0.90131 0.05393 -0.4298 0.90131 0.05393 -0.4298 0.93545 0.15109 -0.31952 0.93546 0.15109 -0.31952 0.95847 0.21659 -0.18555 0.95847 0.21659 -0.18555 0.96865 0.24555 -0.03781 0.96865 0.24555 -0.03781 0.96523 0.23584 0.11273 0.96523 0.23584 0.11273 0.94848 0.18816 0.25491 0.94848 0.18816 0.25491 0.91963 0.10607 0.37818 0.91963 0.10607 0.37818 0.88083 -0.00436 0.47341 0.88083 -0.00436 0.47341 0.83495 -0.13494 0.53353 0.78539 -0.27597 0.55407 0.73584 -0.417 0.53353 0.73584 -0.417 0.53353 0.68996 -0.54758 0.47341 0.68996 -0.54758 0.47341 0.65115 -0.65801 0.37818 0.65115 -0.65801 0.37818 0.62231 -0.7401 0.25491 0.62231 -0.7401 0.25491 0.60556 -0.78778 0.11273 0.60556 -0.78778 0.11273 0.60214 -0.79749 -0.03781 0.60214 -0.79749 -0.03781 0.61232 -0.76853 -0.18555 0.61232 -0.76853 -0.18555 0.63533 -0.70303 -0.31952 0.63533 -0.70303 -0.31952 0.66948 -0.60587 -0.4298 0.66948 -0.60587 -0.4298 0.71222 -0.48423 -0.5082 0.71222 -0.48423 -0.5082 0.76038 -0.34715 -0.54891 0.76038 -0.34715 -0.54891 0.8104 -0.20479 -0.54891 0.4546 -0.71817 -0.52685 0.25991 -0.68137 -0.68424 0.36662 -0.83182 -0.41674 0.2741 -0.8288 -0.48781 0.29413 -0.91722 -0.26868 0.2867 -0.91799 -0.27403 0.24421 -0.9652 -0.09348 0.30128 -0.95197 -0.0546 0.22185 -0.97045 0.09488 0.31964 -0.93375 0.16104 0.26848 -0.93526 0.23066 0.27882 -0.90616 0.31801 0.3981 -0.82309 0.40501 0.21554 -0.89138 0.39873 0.38388 -0.73178 0.56314 0.31893 -0.75792 0.56907 0.39055 -0.60142 0.69697 0.41393 -0.59147 0.69197 0.41841 -0.44142 0.79378 0.50047 -0.40336 0.76605 0.4826 -0.32675 0.81261 0.7945 0.56175 0.23066 0.78436 0.53258 0.31802 0.80865 0.46168 0.3646 0.741 0.49852 0.44988 0.75683 0.3561 0.54809 0.7192 0.37037 0.58785 0.6776 0.21519 0.70324 0.69821 0.21039 0.68428 0.56943 0.0437 0.82088 0.67975 0.0329 0.7327 0.42987 -0.15105 0.89017 0.66543 -0.1464 0.73196 0.51257 -0.23988 0.82446 0.86864 0.48822 0.08434 0.74179 0.64661 0.17787 0.83867 0.53742 -0.08845 0.79013 0.61025 -0.0573 0.79814 0.53842 -0.27033 0.80239 0.53092 -0.27256 0.74989 0.4887 -0.44591 0.78505 0.41486 -0.45999 0.69781 0.39096 -0.60018 0.74273 0.26811 -0.61357 0.68826 0.25974 -0.67738 0.37451 -0.63317 -0.67738 0.40097 -0.55882 -0.72591 0.4689 -0.49998 -0.72811 0.41447 -0.44091 -0.79613 0.52174 -0.29969 -0.79873 0.49911 -0.27357 -0.82222 0.5661 -0.07938 -0.8205 0.59276 -0.11305 -0.7974 0.59585 0.15355 -0.78828 0.68739 0.02764 -0.72576 0.66239 0.18517 -0.72591 -0.3766 -0.04662 0.9252 0.17892 -0.17842 0.96755 0.03273 -0.93159 0.36204 0.46939 0.31088 -0.82646 0.58327 0.63963 0.50067 0.53972 0.51567 0.66543 0.4851 0.36023 0.79682 0.42216 0.1811 0.88825 0.35405 -0.01273 0.93514 0.48187 0.40575 -0.77664 -0.00153 -0.96434 0.26466 0.29897 -0.17309 0.93843 0.27578 -0.20895 0.93823 0.26467 -0.27195 0.9252 0.21609 -0.40537 0.88825 0.21609 -0.40537 0.88825 0.10846 -0.37897 0.91903 0.10846 -0.37897 0.91903 -0.00054 -0.34757 0.93765 0.15315 -0.58449 0.79682 0.04333 -0.5643 0.82443 0.04333 -0.5643 0.82443 -0.06698 -0.53666 0.84113 -0.06698 -0.53666 0.84113 -0.17637 -0.50195 0.84672 0.09853 -0.73993 0.66543 0.09853 -0.73993 0.66543 -0.01318 -0.72513 0.68849 -0.01318 -0.72513 0.68849 -0.12464 -0.70075 0.70244 -0.12464 -0.70075 0.70244 -0.23441 -0.66712 0.70711 -0.34109 -0.62469 0.70244 0.05497 -0.86389 0.50067 0.05497 -0.86389 0.50067 -0.05824 -0.85338 0.51802 -0.05824 -0.85338 0.51802 -0.17061 -0.8316 0.52852 -0.17061 -0.8316 0.52852 -0.2807 -0.79884 0.53203 -0.38707 -0.75554 0.52852 -0.38707 -0.75554 0.52852 -0.48837 -0.70224 0.51802 -0.10846 0.37897 0.91903 -0.04333 0.5643 0.82443 -0.04333 0.5643 0.82443 0.06698 0.53666 0.84113 0.01318 0.72513 0.68849 0.01318 0.72513 0.68849 0.12464 0.70075 0.70244 0.12464 0.70075 0.70244 0.23441 0.66712 0.70711 0.05824 0.85338 0.51802 0.05824 0.85338 0.51802 0.17061 0.8316 0.52852 0.17061 0.8316 0.52852 0.2807 0.79884 0.53203 0.38707 0.75554 0.52852 0.53581 0.83727 -0.10902 0.53581 0.83727 -0.10902 0.43548 0.8933 -0.11123 0.43548 0.8933 -0.11122 0.32942 0.93752 -0.11196 0.21902 0.96936 -0.11122 0.21902 0.96936 -0.11123 0.10569 0.98841 -0.10902 0.10569 0.98841 -0.10902 0.51973 0.7915 -0.32158 0.51973 0.7915 -0.32158 0.41907 0.8466 -0.3281 0.41907 0.8466 -0.3281 0.31291 0.89051 -0.33028 0.20261 0.92266 -0.3281 0.20261 0.92266 -0.3281 0.0896 0.94263 -0.32158 0.0896 0.94263 -0.32158 0.48837 0.70224 -0.51802 0.48837 0.70224 -0.51802 0.38707 0.75554 -0.52852 0.38707 0.75554 -0.52852 0.2807 0.79884 -0.53203 0.17062 0.8316 -0.52852 0.17061 0.8316 -0.52852 0.05824 0.85338 -0.51802 0.05824 0.85338 -0.51802 0.42216 0.1811 -0.88825 0.42216 0.1811 -0.88825 0.32167 0.22783 -0.91903 0.32167 0.22783 -0.91903 0.217 0.27152 -0.93765 0.217 0.27152 -0.93765 0.10949 0.3116 -0.94388 0.00054 0.34757 -0.93765 0.00054 0.34757 -0.93765 -0.10846 0.37897 -0.91903 -0.10846 0.37897 -0.91903 0.35405 -0.01273 -0.93514 0.35405 -0.01273 -0.93514 0.2512 0.02728 -0.96755 0.2512 0.02728 -0.96755 0.1451 0.06691 -0.98715 0.1451 0.06691 -0.98715 0.03712 0.10563 -0.99371 -0.07136 0.14297 -0.98715 -0.07136 0.14297 -0.98715 -0.17892 0.17842 -0.96755 -0.17892 0.17842 -0.96755 0.28419 -0.21154 -0.93514 0.28419 -0.21154 -0.93514 0.17892 -0.17842 -0.96755 0.17892 -0.17842 -0.96755 0.07136 -0.14297 -0.98715 0.07136 -0.14297 -0.98715 -0.03712 -0.10563 -0.99371 -0.1451 -0.06691 -0.98715 -0.1451 -0.06691 -0.98715 -0.2512 -0.02728 -0.96755 -0.2512 -0.02728 -0.96755 0.21609 -0.40537 -0.88825 0.21609 -0.40537 -0.88825 0.10846 -0.37897 -0.91903 0.10846 -0.37897 -0.91903 -0.00054 -0.34757 -0.93765 -0.00054 -0.34757 -0.93765 -0.10949 -0.3116 -0.94388 -0.217 -0.27152 -0.93765 -0.217 -0.27152 -0.93765 -0.32167 -0.22783 -0.91903 -0.32167 -0.22783 -0.91903 -0.05824 -0.85338 -0.51802 -0.05824 -0.85338 -0.51802 -0.17061 -0.8316 -0.52852 -0.17061 -0.8316 -0.52852 -0.2807 -0.79884 -0.53203 -0.38707 -0.75554 -0.52852 -0.38707 -0.75554 -0.52852 -0.48837 -0.70224 -0.51802 -0.48837 -0.70224 -0.51802 -0.0896 -0.94263 -0.32158 -0.0896 -0.94263 -0.32158 -0.20261 -0.92266 -0.3281 -0.20261 -0.92266 -0.3281 -0.31291 -0.89051 -0.33028 -0.41907 -0.8466 -0.3281 -0.41907 -0.8466 -0.3281 -0.51973 -0.79149 -0.32158 -0.51973 -0.79149 -0.32158 -0.10569 -0.98841 -0.10902 -0.10569 -0.98841 -0.10902 -0.21902 -0.96936 -0.11123 -0.21902 -0.96936 -0.11122 -0.32942 -0.93752 -0.11196 -0.43548 -0.8933 -0.11122 -0.43548 -0.8933 -0.11123 -0.53581 -0.83727 -0.10902 -0.53581 -0.83727 -0.10902 0.48837 0.70224 0.51802 0.38707 0.75554 0.52852 0.34109 0.62469 0.70244 0.17637 0.50195 0.84672 0.06698 0.53666 0.84113 0.00054 0.34757 0.93765 -0.10846 0.37897 0.91903 -0.17892 0.17842 0.96755 -0.27578 0.20895 0.93823 -0.29897 0.17309 0.93843 -0.09853 0.73993 0.66543 -0.09564 0.74283 0.66262 -0.15482 0.58474 0.79631 -0.16416 0.57453 0.80185 -0.21089 0.4042 0.89003 -0.22244 0.3891 0.89394 -0.26467 0.27195 0.9252 -0.01153 0.99048 0.13718 -0.02466 0.95015 0.31081 0.0896 0.94263 0.32158 0.0896 0.94263 0.32158 0.20261 0.92266 0.3281 0.20261 0.92266 0.3281 0.31291 0.89051 0.33028 0.41907 0.8466 0.3281 0.41907 0.8466 0.3281 0.51973 0.7915 0.32158 0.51973 0.79149 0.32158 0.60591 0.73185 0.31189 0.60827 0.70635 0.36205 0.00153 0.96434 0.26466 -0.03273 0.93159 0.36205 -0.05497 0.86389 0.50067 -0.039 0.87691 0.47906 -0.07146 0.82228 0.56457 0.53581 0.83727 0.10902 0.53581 0.83727 0.10902 0.43548 0.8933 0.11123 0.43548 0.8933 0.11122 0.32942 0.93752 0.11196 0.21902 0.96936 0.11122 0.21902 0.96936 0.11123 0.10569 0.98841 0.10902 0.10569 0.98841 0.10902 -0.00083 0.9944 0.10567 -0.14177 0.62077 -0.77107 -0.09853 0.73993 -0.66543 0.01318 0.72513 -0.68849 0.01318 0.72513 -0.68849 0.12464 0.70075 -0.70244 0.12464 0.70075 -0.70244 0.23441 0.66712 -0.70711 0.34109 0.62469 -0.70244 0.34109 0.62469 -0.70244 0.4433 0.57399 -0.68849 0.4433 0.57399 -0.68849 -0.09256 0.71342 -0.6946 -0.08471 0.78427 -0.61461 -0.05497 0.86389 -0.50067 -0.05187 0.85663 -0.51331 -0.03036 0.9502 -0.31017 -0.02879 0.94875 -0.31473 -0.00602 0.9944 -0.10548 -0.00912 0.99532 -0.09622 -0.00916 0.99944 0.03211 0.61983 0.7395 0.26258 0.62913 0.77013 0.10536 0.62913 0.77013 0.10536 0.62913 0.77013 -0.10536 0.62913 0.77013 -0.10536 0.61358 0.72589 -0.31081 0.61358 0.72589 -0.31081 0.58327 0.63962 -0.50067 0.58327 0.63962 -0.50067 0.53972 0.51567 -0.66543 0.4851 0.36023 -0.79682 0.38679 0.41316 -0.82443 0.38679 0.41316 -0.82443 0.28344 0.4606 -0.84113 0.28344 0.4606 -0.84113 0.17637 0.50195 -0.84672 0.06698 0.53666 -0.84113 0.06698 0.53666 -0.84113 -0.04333 0.5643 -0.82443 -0.04333 0.5643 -0.82443 -0.14402 0.5831 -0.79954 -0.53188 -0.49008 -0.6906 -0.4851 -0.36023 -0.79682 -0.38679 -0.41316 -0.82443 -0.38679 -0.41316 -0.82443 -0.28344 -0.4606 -0.84113 -0.28344 -0.4606 -0.84113 -0.17637 -0.50195 -0.84672 -0.06698 -0.53666 -0.84113 -0.06698 -0.53666 -0.84113 0.04333 -0.5643 -0.82443 0.04333 -0.5643 -0.82443 0.14402 -0.5831 -0.79954 0.17176 -0.53616 -0.82646 -0.48187 -0.40575 -0.77664 -0.46939 -0.31088 -0.82646 -0.42216 -0.1811 -0.88825 -0.42125 -0.20547 -0.88336 -0.36302 0.0163 -0.93164 -0.36076 -0.00911 -0.93262 -0.28419 0.21154 -0.93514 -0.28496 0.23549 -0.92916 -0.20993 0.40398 -0.89035 -0.20966 0.42587 -0.88016 -0.17176 0.53616 -0.82646 -0.01318 -0.72513 -0.68849 -0.12464 -0.70075 -0.70244 -0.12464 -0.70075 -0.70244 -0.23441 -0.66712 -0.70711 -0.34109 -0.62469 -0.70244 -0.34109 -0.62469 -0.70244 -0.4433 -0.57399 -0.68849 -0.53251 -0.52042 -0.66753 -0.61983 -0.7395 0.26258 -0.62913 -0.77013 0.10536 -0.53581 -0.83727 0.10902 -0.53581 -0.83727 0.10902 -0.43548 -0.8933 0.11123 -0.43548 -0.8933 0.11122 -0.32942 -0.93752 0.11196 -0.21902 -0.96936 0.11122 -0.21902 -0.96936 0.11123 -0.10569 -0.98841 0.10902 -0.10569 -0.98841 0.10902 -0.61734 -0.77452 0.13788 -0.63232 -0.77404 0.03211 -0.62913 -0.77013 -0.10536 -0.62653 -0.77342 -0.09637 -0.61646 -0.72363 -0.3104 -0.61752 -0.72095 -0.31449 -0.57975 -0.6422 -0.50146 -0.58121 -0.63235 -0.51219 -0.55667 -0.5589 -0.61461 -0.60827 -0.70635 0.36204 -0.60591 -0.73185 0.31189 -0.51973 -0.79149 0.32158 -0.51973 -0.79149 0.32158 -0.41907 -0.8466 0.3281 -0.41907 -0.8466 0.3281 -0.31291 -0.89051 0.33028 -0.20261 -0.92266 0.3281 -0.20261 -0.92266 0.3281 -0.0896 -0.94263 0.32158 -0.0896 -0.94263 0.32158 0.02466 -0.95015 0.31081 0.00912 -0.99439 0.10536 0.00912 -0.99439 0.10537 0.00912 -0.99439 -0.10536 0.00912 -0.99439 -0.10537 0.02466 -0.95015 -0.31081 0.02466 -0.95015 -0.31081 0.05497 -0.86389 -0.50067 0.05497 -0.86389 -0.50067 0.09853 -0.73993 -0.66543 0.14177 -0.62077 -0.77107 -0.57011 -0.59685 0.56457 0.35405 -0.01273 0.93514 0.2512 0.02728 0.96755 0.17892 -0.17842 0.96755 0.07136 -0.14297 0.98715 -0.00054 -0.34757 0.93765 -0.10949 -0.3116 0.94388 -0.28344 -0.4606 0.84113 -0.34109 -0.62469 0.70244 -0.4433 -0.57399 0.68849 -0.48837 -0.70224 0.51802 -0.57727 -0.644 0.50202 -0.58874 -0.65259 0.47698 0.42216 0.1811 0.88825 0.32167 0.22783 0.91903 0.2512 0.02728 0.96755 0.1451 0.06691 0.98715 0.07136 -0.14296 0.98715 -0.03712 -0.10563 0.99371 -0.217 -0.27152 0.93765 -0.28344 -0.4606 0.84113 -0.38679 -0.41316 0.82443 -0.4433 -0.57399 0.68849 -0.5384 -0.51654 0.66581 -0.54093 -0.51863 0.66213 0.38679 0.41316 0.82443 0.32167 0.22783 0.91903 0.217 0.27152 0.93765 0.1451 0.06691 0.98715 0.03712 0.10563 0.99371 -0.1451 -0.06691 0.98715 -0.217 -0.27152 0.93765 -0.32167 -0.22783 0.91903 -0.38679 -0.41316 0.82443 -0.49165 -0.3564 0.79452 -0.4824 -0.34849 0.80364 0.53972 0.51567 0.66543 0.4433 0.57399 0.68849 0.38679 0.41316 0.82443 0.28344 0.4606 0.84113 0.217 0.27152 0.93765 0.10949 0.3116 0.94388 -0.07136 0.14296 0.98715 -0.1451 -0.06691 0.98715 -0.2512 -0.02728 0.96755 -0.32167 -0.22783 0.91903 -0.42216 -0.1811 0.88825 -0.40993 -0.1678 0.89655 0.58327 0.63962 0.50067 0.48837 0.70224 0.51802 0.34109 0.62469 0.70244 0.28344 0.4606 0.84113 0.00054 0.34757 0.93765 -0.07136 0.14296 0.98715 -0.17892 0.17842 0.96755 -0.2512 -0.02728 0.96755 -0.35405 0.01273 0.93514 -0.32519 0.04578 0.94454 -0.24018 0.09715 0.96586 -0.57539 0.1949 0.79432 -0.64465 0.29403 0.70567 -0.75501 0.26529 0.59966 -0.89919 0.35291 0.25866 -0.89918 0.35217 0.25972 -0.83871 0.29472 0.45793 -0.89316 0.36804 -0.25848 -0.9385 0.3298 -0.10224 -0.94206 0.331 0.05437 -0.47836 0.34853 -0.80604 -0.72083 0.25609 -0.64407 -0.88069 0.30686 -0.36086 -0.23307 0.08189 -0.96901 -0.24018 0.09715 -0.96586 -0.67143 0.22196 -0.70705 0.05023 -0.68488 -0.72692 0.18517 -0.66239 -0.72591 0.25974 -0.68825 -0.67738 0.26811 -0.74273 -0.61357 0.3428 -0.71717 -0.60676 0.40296 -0.73909 -0.53979 0.46815 -0.76036 -0.4502 0.55049 -0.78742 -0.27735 0.55049 -0.78742 -0.27735 0.58998 -0.80297 -0.08459 0.55427 -0.83054 -0.0546 0.59187 -0.80554 0.0282 0.57926 -0.79754 0.16851 0.50314 -0.85694 0.11184 0.56175 -0.7945 0.23066 0.53258 -0.78436 0.31801 0.46168 -0.80865 0.3646 0.48571 -0.76707 0.41914 0.43623 -0.75092 0.49581 0.36835 -0.72489 0.58212 0.22022 -0.67137 0.70765 0.02345 -0.66881 0.74306 0.02504 -0.60279 0.7975 0.22021 -0.67137 0.70765 -0.04695 -0.58092 0.81261 -0.13347 -0.54996 0.82446 -0.20292 -0.57749 0.79078 -0.23988 -0.51257 0.82446 -0.32675 -0.4826 0.81261 -0.40336 -0.50048 0.76605 -0.42967 -0.44508 0.78568 -0.59177 -0.38606 0.70765 -0.59177 -0.38606 0.70765 -0.74082 -0.33515 0.58212 -0.75125 -0.36774 0.54809 -0.81006 -0.313 0.49581 -0.87956 -0.28494 0.38103 -0.83849 -0.37913 0.39141 -0.95808 -0.25992 0.12053 -0.93375 -0.31964 0.16104 -0.93526 -0.26848 0.23066 -0.90616 -0.27882 0.31802 -0.96259 -0.25743 -0.08459 -0.92205 -0.27001 -0.27735 -0.92205 -0.27001 -0.27735 -0.84088 -0.3004 -0.4502 -0.81474 -0.35299 -0.45999 -0.77671 -0.32458 -0.53979 -0.6789 -0.35545 -0.64246 -0.7028 -0.43946 -0.55942 -0.63317 -0.37451 -0.67738 -0.55882 -0.40097 -0.72591 -0.49998 -0.4689 -0.72811 0.12552 -0.6381 -0.75965 -0.07938 -0.5661 -0.8205 -0.07938 -0.5661 -0.8205 -0.29218 -0.49133 -0.8205 -0.29218 -0.49133 -0.8205 -0.46199 -0.4339 -0.7735 -0.74011 -0.62231 0.25491 -0.7401 -0.62231 0.25491 -0.13494 -0.83495 0.53353 -0.13494 -0.83495 0.53353 0.18816 -0.94848 0.25491 0.18816 -0.94848 0.25491 0.24555 -0.96865 -0.03781 0.21659 -0.95847 -0.18555 0.21659 -0.95847 -0.18555 0.15109 -0.93545 -0.31952 0.05393 -0.90131 -0.4298 -0.06771 -0.85857 -0.5082 -0.06771 -0.85857 -0.5082 -0.20479 -0.81041 -0.54891 -0.20479 -0.8104 -0.54891 -0.34715 -0.76038 -0.54891 -0.34715 -0.76038 -0.54891 -0.48423 -0.71222 -0.5082 -0.60587 -0.66948 -0.4298 -0.60587 -0.66948 -0.4298 -0.70303 -0.63533 -0.31952 -0.70303 -0.63533 -0.31952 -0.76853 -0.61232 -0.18555 -0.76853 -0.61232 -0.18555 -0.51933 -0.85431 -0.02125 -0.50743 -0.86167 0.0066 -0.48837 -0.86802 0.08964 -0.48837 -0.86802 0.08964 -0.16194 -0.98272 0.08964 -0.16194 -0.98272 0.08964 -0.14176 -0.98981 -0.0133 -0.14176 -0.98981 -0.0133 -0.17498 -0.97814 -0.11236 -0.20915 -0.96613 -0.15114 -0.20915 -0.96613 -0.15114 -0.25192 -0.9511 -0.17871 -0.25192 -0.9511 -0.17871 -0.30012 -0.93417 -0.19303 -0.30012 -0.93417 -0.19303 -0.35019 -0.91658 -0.19303 -0.39839 -0.89964 -0.17871 -0.39839 -0.89964 -0.17871 -0.44116 -0.88461 -0.15114 -0.44116 -0.88461 -0.15114 -0.47533 -0.8726 -0.11236 -0.47533 -0.8726 -0.11236 -0.50855 -0.86093 -0.0133 -0.79749 -0.60214 -0.03781 -0.79749 -0.60214 -0.03781 -0.95197 -0.30128 -0.0546 -0.96566 -0.25826 0.0282 0.14307 0.98951 -0.01985 0.17498 0.97814 -0.11236 0.20915 0.96613 -0.15114 0.20915 0.96613 -0.15114 0.25192 0.9511 -0.17871 0.25192 0.9511 -0.17871 0.30012 0.93417 -0.19303 0.30012 0.93417 -0.19303 0.35019 0.91658 -0.19303 0.39839 0.89964 -0.17871 0.39839 0.89964 -0.17871 0.44116 0.88461 -0.15114 0.44116 0.88461 -0.15114 0.47533 0.8726 -0.11236 0.47533 0.8726 -0.11236 0.50855 0.86093 -0.0133 0.50855 0.86093 -0.0133 0.48837 0.86802 0.08964 0.48837 0.86802 0.08964 0.16194 0.98272 0.08964 0.16194 0.98272 0.08964 0.14309 0.98969 0.0066 0.13289 0.99103 -0.0139 0.20479 0.81041 -0.54891 0.06771 0.85857 -0.5082 0.06771 0.85857 -0.5082 -0.05393 0.90131 -0.4298 -0.15109 0.93546 -0.31952 -0.21659 0.95847 -0.18555 -0.21659 0.95847 -0.18555 -0.24555 0.96865 -0.03781 -0.18816 0.94848 0.25491 -0.18816 0.94848 0.25491 0.13494 0.83495 0.53353 0.417 0.73584 0.53353 0.7401 0.62231 0.25491 0.7401 0.62231 0.25491 0.79749 0.60214 -0.03781 0.79749 0.60214 -0.03781 0.76853 0.61232 -0.18555 0.76853 0.61232 -0.18555 0.70303 0.63533 -0.31952 0.70303 0.63533 -0.31952 0.60587 0.66948 -0.4298 0.60587 0.66948 -0.4298 0.48423 0.71222 -0.5082 0.34715 0.76038 -0.54891 0.34715 0.76038 -0.54891 0.20479 0.8104 -0.54891 0.71817 0.4546 -0.52685 0.68137 0.25991 -0.68424 0.83182 0.36662 -0.41674 0.8288 0.2741 -0.48781 0.91722 0.29413 -0.26868 0.91799 0.2867 -0.27403 0.9652 0.24421 -0.09348 0.95197 0.30128 -0.0546 0.97045 0.22185 0.09488 0.93375 0.31964 0.16104 0.93526 0.26848 0.23066 0.90616 0.27882 0.31801 0.82309 0.3981 0.40501 0.89138 0.21554 0.39873 0.73178 0.38388 0.56314 0.75792 0.31893 0.56907 0.60142 0.39055 0.69697 0.59147 0.41393 0.69197 0.44142 0.41841 0.79378 0.40336 0.50047 0.76605 0.32675 0.4826 0.81261 -0.56175 0.7945 0.23066 -0.53258 0.78436 0.31802 -0.46168 0.80865 0.3646 -0.49852 0.741 0.44988 -0.37037 0.7192 0.58785 -0.21519 0.6776 0.70324 -0.21039 0.69821 0.68428 -0.0437 0.56943 0.82088 -0.0329 0.67975 0.7327 0.15105 0.42987 0.89017 0.1464 0.66543 0.73196 0.23988 0.51257 0.82446 -0.48822 0.86864 0.08434 -0.64661 0.74179 0.17787 -0.53742 0.83867 -0.08845 -0.61025 0.79013 -0.0573 -0.53842 0.79814 -0.27033 -0.53092 0.80239 -0.27256 -0.4887 0.74989 -0.44591 -0.39096 0.69781 -0.60018 -0.26811 0.74273 -0.61357 -0.25974 0.68826 -0.67738 0.63317 0.37451 -0.67738 0.55882 0.40097 -0.72591 0.49998 0.4689 -0.72811 0.44091 0.41447 -0.79613 0.29969 0.52174 -0.79873 0.27357 0.49911 -0.82222 0.07938 0.5661 -0.8205 0.11305 0.59276 -0.7974 -0.15355 0.59585 -0.78828 -0.02764 0.68739 -0.72576 -0.18517 0.66239 -0.72591 0.04662 -0.3766 0.9252 0.17842 0.17892 0.96755 0.93159 0.03273 0.36204 -0.63963 0.58327 0.50067 -0.51567 0.53972 0.66543 -0.36023 0.4851 0.79682 -0.1811 0.42216 0.88825 0.01273 0.35405 0.93514 0.17309 0.29897 0.93843 0.20895 0.27578 0.93823 0.40537 0.21609 0.88825 0.40537 0.21609 0.88825 0.37897 0.10846 0.91903 0.37897 0.10846 0.91903 0.34757 -0.00054 0.93765 0.58449 0.15315 0.79682 0.5643 0.04333 0.82443 0.5643 0.04333 0.82443 0.53666 -0.06698 0.84113 0.53666 -0.06698 0.84113 0.73993 0.09853 0.66543 0.73993 0.09853 0.66543 0.72513 -0.01318 0.68849 0.70075 -0.12464 0.70244 0.70075 -0.12464 0.70244 0.86389 0.05497 0.50067 0.86389 0.05497 0.50067 0.8316 -0.17061 0.52852 0.8316 -0.17061 0.52852 0.79884 -0.2807 0.53203 0.75554 -0.38707 0.52852 -0.37897 -0.10846 0.91903 -0.5643 -0.04333 0.82443 -0.5643 -0.04333 0.82443 -0.53666 0.06698 0.84113 -0.72513 0.01318 0.68849 -0.70075 0.12464 0.70244 -0.70075 0.12464 0.70244 -0.8316 0.17061 0.52852 -0.8316 0.17061 0.52852 -0.79884 0.2807 0.53203 -0.75554 0.38707 0.52852 -0.83727 0.53581 -0.10902 -0.83727 0.53581 -0.10902 -0.8933 0.43548 -0.11123 -0.8933 0.43548 -0.11122 -0.96936 0.21902 -0.11123 -0.98841 0.10569 -0.10902 -0.98841 0.10569 -0.10902 -0.7915 0.51973 -0.32158 -0.7915 0.51973 -0.32158 -0.8466 0.41907 -0.3281 -0.8466 0.41907 -0.3281 -0.89051 0.31291 -0.33028 -0.92266 0.20261 -0.3281 -0.92266 0.20261 -0.3281 -0.94263 0.0896 -0.32158 -0.75554 0.38707 -0.52852 -0.75554 0.38707 -0.52852 -0.79884 0.2807 -0.53203 -0.8316 0.17062 -0.52852 -0.1811 0.42216 -0.88825 -0.1811 0.42216 -0.88825 -0.22783 0.32167 -0.91903 -0.22783 0.32167 -0.91903 -0.27152 0.217 -0.93765 -0.34757 0.00054 -0.93765 -0.34757 0.00054 -0.93765 -0.37897 -0.10846 -0.91903 0.01273 0.35405 -0.93514 0.01273 0.35405 -0.93514 -0.02728 0.2512 -0.96755 -0.02728 0.2512 -0.96755 -0.06691 0.1451 -0.98715 -0.06691 0.1451 -0.98715 -0.10563 0.03712 -0.99371 -0.14297 -0.07136 -0.98715 -0.14297 -0.07136 -0.98715 -0.17842 -0.17892 -0.96755 -0.17842 -0.17892 -0.96755 0.21154 0.28419 -0.93514 0.21154 0.28419 -0.93514 0.17842 0.17892 -0.96755 0.17842 0.17892 -0.96755 0.14297 0.07136 -0.98715 0.14297 0.07136 -0.98715 0.10563 -0.03712 -0.99371 0.06691 -0.1451 -0.98715 0.06691 -0.1451 -0.98715 0.02728 -0.2512 -0.96755 0.02728 -0.2512 -0.96755 0.40537 0.21609 -0.88825 0.40537 0.21609 -0.88825 0.37897 0.10846 -0.91903 0.34757 -0.00054 -0.93765 0.34757 -0.00054 -0.93765 0.27152 -0.217 -0.93765 0.22783 -0.32167 -0.91903 0.22783 -0.32167 -0.91903 0.8316 -0.17061 -0.52852 0.79884 -0.2807 -0.53203 0.75554 -0.38707 -0.52852 0.75554 -0.38707 -0.52852 0.94263 -0.0896 -0.32158 0.92266 -0.20261 -0.3281 0.92266 -0.20261 -0.3281 0.89051 -0.31291 -0.33028 0.8466 -0.41907 -0.3281 0.8466 -0.41907 -0.3281 0.79149 -0.51973 -0.32158 0.79149 -0.51973 -0.32158 0.98841 -0.10569 -0.10902 0.98841 -0.10569 -0.10902 0.96936 -0.21902 -0.11123 0.8933 -0.43548 -0.11122 0.8933 -0.43548 -0.11123 0.83727 -0.53581 -0.10902 0.83727 -0.53581 -0.10902 -0.53666 0.06698 0.84113 -0.34757 0.00054 0.93765 -0.37897 -0.10846 0.91903 -0.17842 -0.17892 0.96755 -0.20895 -0.27578 0.93823 -0.17309 -0.29897 0.93843 -0.73993 -0.09853 0.66543 -0.74283 -0.09564 0.66262 -0.58474 -0.15482 0.79631 -0.57453 -0.16416 0.80185 -0.4042 -0.21089 0.89003 -0.3891 -0.22244 0.89394 -0.99048 -0.01153 0.13718 -0.94263 0.0896 0.32158 -0.94263 0.0896 0.32158 -0.92266 0.20261 0.3281 -0.92266 0.20261 0.3281 -0.89051 0.31291 0.33028 -0.8466 0.41907 0.3281 -0.8466 0.41907 0.3281 -0.7915 0.51973 0.32158 -0.70635 0.60827 0.36205 -0.93159 -0.03273 0.36205 -0.86389 -0.05497 0.50067 -0.87691 -0.039 0.47906 -0.82228 -0.07146 0.56457 -0.83727 0.53581 0.10902 -0.83727 0.53581 0.10902 -0.8933 0.43548 0.11123 -0.96936 0.21902 0.11122 -0.96936 0.21902 0.11123 -0.98841 0.10569 0.10902 -0.98841 0.10569 0.10902 -0.9944 -0.00083 0.10567 -0.72513 0.01318 -0.68849 -0.72513 0.01318 -0.68849 -0.70075 0.12464 -0.70244 -0.62469 0.34109 -0.70244 -0.62469 0.34109 -0.70244 -0.57399 0.4433 -0.68849 -0.71342 -0.09256 -0.6946 -0.78427 -0.08471 -0.61461 -0.86389 -0.05497 -0.50067 -0.85663 -0.05187 -0.51331 -0.9502 -0.03036 -0.31017 -0.94875 -0.02879 -0.31473 -0.9944 -0.00602 -0.10548 -0.99532 -0.00912 -0.09622 -0.99944 -0.00916 0.03211 -0.77013 0.62913 0.10536 -0.77013 0.62913 0.10536 -0.77013 0.62913 -0.10536 -0.77013 0.62913 -0.10536 -0.72589 0.61358 -0.31081 -0.72589 0.61358 -0.31081 -0.63962 0.58327 -0.50067 -0.63962 0.58327 -0.50067 -0.51567 0.53972 -0.66543 -0.41316 0.38679 -0.82443 -0.41316 0.38679 -0.82443 -0.4606 0.28344 -0.84113 -0.4606 0.28344 -0.84113 -0.53666 0.06698 -0.84113 -0.53666 0.06698 -0.84113 -0.5643 -0.04333 -0.82443 -0.5643 -0.04333 -0.82443 0.49008 -0.53188 -0.6906 0.41316 -0.38679 -0.82443 0.41316 -0.38679 -0.82443 0.4606 -0.28344 -0.84113 0.4606 -0.28344 -0.84113 0.53666 -0.06698 -0.84113 0.53666 -0.06698 -0.84113 0.5643 0.04333 -0.82443 0.5643 0.04333 -0.82443 0.1811 -0.42216 -0.88825 0.20547 -0.42125 -0.88336 -0.0163 -0.36302 -0.93164 0.00911 -0.36076 -0.93262 -0.21154 -0.28419 -0.93514 -0.23549 -0.28496 -0.92916 -0.40398 -0.20993 -0.89035 -0.42587 -0.20966 -0.88016 0.72513 -0.01318 -0.68849 0.70075 -0.12464 -0.70244 0.62469 -0.34109 -0.70244 0.62469 -0.34109 -0.70244 0.52042 -0.53251 -0.66753 0.77013 -0.62913 0.10536 0.83727 -0.53581 0.10902 0.83727 -0.53581 0.10902 0.8933 -0.43548 0.11123 0.96936 -0.21902 0.11122 0.96936 -0.21902 0.11123 0.98841 -0.10569 0.10902 0.98841 -0.10569 0.10902 0.77452 -0.61734 0.13788 0.77404 -0.63232 0.03211 0.77013 -0.62913 -0.10536 0.77342 -0.62653 -0.09637 0.72363 -0.61646 -0.3104 0.72095 -0.61752 -0.31449 0.6422 -0.57975 -0.50146 0.63235 -0.58121 -0.51219 0.5589 -0.55667 -0.61461 0.70635 -0.60827 0.36204 0.79149 -0.51973 0.32158 0.8466 -0.41907 0.3281 0.8466 -0.41907 0.3281 0.89051 -0.31291 0.33028 0.92266 -0.20261 0.3281 0.92266 -0.20261 0.3281 0.94263 -0.0896 0.32158 0.94263 -0.0896 0.32158 0.99439 0.00912 0.10536 0.99439 0.00912 0.10537 0.99439 0.00912 -0.10536 0.99439 0.00912 -0.10537 0.95015 0.02466 -0.31081 0.95015 0.02466 -0.31081 0.86389 0.05497 -0.50067 0.86389 0.05497 -0.50067 0.59685 -0.57011 0.56457 0.01273 0.35405 0.93514 -0.02728 0.2512 0.96755 0.17842 0.17892 0.96755 0.14297 0.07136 0.98715 0.4606 -0.28344 0.84113 0.62469 -0.34109 0.70244 0.57399 -0.4433 0.68849 0.644 -0.57727 0.50202 0.65259 -0.58874 0.47698 -0.1811 0.42216 0.88825 -0.02728 0.2512 0.96755 -0.06691 0.1451 0.98715 0.14296 0.07136 0.98715 0.10563 -0.03712 0.99371 0.27152 -0.217 0.93765 0.4606 -0.28344 0.84113 0.41316 -0.38679 0.82443 0.57399 -0.4433 0.68849 0.51654 -0.5384 0.66581 0.51863 -0.54093 0.66213 -0.41316 0.38679 0.82443 -0.22783 0.32167 0.91903 -0.27152 0.217 0.93765 -0.06691 0.1451 0.98715 -0.10563 0.03712 0.99371 0.06691 -0.1451 0.98715 0.27152 -0.217 0.93765 0.22783 -0.32167 0.91903 0.41316 -0.38679 0.82443 0.3564 -0.49165 0.79452 0.34849 -0.4824 0.80364 -0.51567 0.53972 0.66543 -0.57399 0.4433 0.68849 -0.41316 0.38679 0.82443 -0.4606 0.28344 0.84113 -0.27152 0.217 0.93765 -0.14296 -0.07136 0.98715 0.06691 -0.1451 0.98715 0.02728 -0.2512 0.96755 0.1811 -0.42216 0.88825 0.1678 -0.40993 0.89655 -0.63962 0.58327 0.50067 -0.62469 0.34109 0.70244 -0.4606 0.28344 0.84113 -0.14296 -0.07136 0.98715 -0.17842 -0.17892 0.96755 0.02728 -0.2512 0.96755 -0.01273 -0.35405 0.93514 -0.04578 -0.32519 0.94454 -0.09715 -0.24018 0.96586 -0.1949 -0.57539 0.79432 -0.29403 -0.64465 0.70567 -0.26529 -0.75501 0.59966 -0.35291 -0.89919 0.25866 -0.35217 -0.89918 0.25972 -0.29472 -0.83871 0.45793 -0.36804 -0.89316 -0.25848 -0.3298 -0.9385 -0.10225 -0.331 -0.94206 0.05437 -0.34853 -0.47835 -0.80604 -0.25609 -0.72083 -0.64407 -0.30685 -0.88069 -0.36087 -0.08189 -0.23307 -0.96901 -0.09715 -0.24018 -0.96586 -0.22196 -0.67143 -0.70705 0.68488 0.05023 -0.72692 0.66239 0.18517 -0.72591 0.68825 0.25974 -0.67738 0.74273 0.26811 -0.61357 0.71717 0.3428 -0.60676 0.73909 0.40296 -0.53979 0.76036 0.46815 -0.4502 0.78742 0.55049 -0.27735 0.78742 0.55049 -0.27735 0.80297 0.58998 -0.08459 0.83054 0.55427 -0.0546 0.80554 0.59187 0.0282 0.79754 0.57926 0.16851 0.85694 0.50314 0.11184 0.7945 0.56175 0.23066 0.78436 0.53258 0.31801 0.80865 0.46168 0.3646 0.76707 0.48571 0.41914 0.75092 0.43623 0.49581 0.72489 0.36835 0.58212 0.67137 0.22022 0.70765 0.67137 0.22021 0.70765 0.60279 0.02504 0.7975 0.66881 0.02345 0.74306 0.58092 -0.04695 0.81261 0.52872 -0.18578 0.82822 0.63355 -0.16786 0.75527 0.51257 -0.23988 0.82446 0.4826 -0.32675 0.81261 0.50048 -0.40336 0.76605 0.44508 -0.42967 0.78568 0.38606 -0.59177 0.70765 0.38606 -0.59177 0.70765 0.33515 -0.74082 0.58212 0.36774 -0.75125 0.54809 0.313 -0.81006 0.49581 0.28494 -0.87956 0.38103 0.37913 -0.83849 0.39141 0.25992 -0.95808 0.12053 0.31964 -0.93375 0.16104 0.26848 -0.93526 0.23066 0.27882 -0.90616 0.31802 0.25743 -0.96259 -0.08459 0.27001 -0.92205 -0.27735 0.27001 -0.92205 -0.27735 0.3004 -0.84088 -0.4502 0.35299 -0.81474 -0.45999 0.32458 -0.77671 -0.53979 0.35545 -0.6789 -0.64246 0.43946 -0.7028 -0.55942 0.37451 -0.63317 -0.67738 0.40097 -0.55882 -0.72591 0.4689 -0.49998 -0.72811 0.6381 0.12552 -0.75965 0.5661 -0.07938 -0.8205 0.5661 -0.07938 -0.8205 0.49133 -0.29218 -0.8205 0.49133 -0.29218 -0.8205 0.4339 -0.46199 -0.7735 0.62231 -0.74011 0.25491 0.62231 -0.7401 0.25491 0.83495 -0.13494 0.53353 0.83495 -0.13494 0.53353 0.94848 0.18816 0.25491 0.94848 0.18816 0.25491 0.96865 0.24555 -0.03781 0.95847 0.21659 -0.18555 0.95847 0.21659 -0.18555 0.93545 0.15109 -0.31952 0.90131 0.05393 -0.4298 0.85857 -0.06771 -0.5082 0.85857 -0.06771 -0.5082 0.81041 -0.20479 -0.54891 0.8104 -0.20479 -0.54891 0.76038 -0.34715 -0.54891 0.76038 -0.34715 -0.54891 0.71222 -0.48423 -0.5082 0.66948 -0.60587 -0.4298 0.66948 -0.60587 -0.4298 0.63533 -0.70303 -0.31952 0.63533 -0.70303 -0.31952 0.61232 -0.76853 -0.18555 0.61232 -0.76853 -0.18555 0.85431 -0.51933 -0.02125 0.86167 -0.50743 0.0066 0.86802 -0.48837 0.08964 0.86802 -0.48837 0.08964 0.98272 -0.16194 0.08964 0.98272 -0.16194 0.08964 0.98981 -0.14176 -0.0133 0.98981 -0.14176 -0.0133 0.97814 -0.17498 -0.11236 0.96613 -0.20915 -0.15114 0.96613 -0.20915 -0.15114 0.9511 -0.25192 -0.17871 0.9511 -0.25192 -0.17871 0.93417 -0.30012 -0.19303 0.93417 -0.30012 -0.19303 0.91658 -0.35019 -0.19303 0.89964 -0.39839 -0.17871 0.89964 -0.39839 -0.17871 0.88461 -0.44116 -0.15114 0.88461 -0.44116 -0.15114 0.8726 -0.47533 -0.11236 0.8726 -0.47533 -0.11236 0.86093 -0.50855 -0.0133 0.60214 -0.79749 -0.03781 0.60214 -0.79749 -0.03781 0.30128 -0.95197 -0.0546 0.25826 -0.96566 0.0282 -0.98951 0.14307 -0.01985 -0.97814 0.17498 -0.11236 -0.96613 0.20915 -0.15114 -0.96613 0.20915 -0.15114 -0.9511 0.25192 -0.17871 -0.9511 0.25192 -0.17871 -0.93417 0.30012 -0.19303 -0.93417 0.30012 -0.19303 -0.91658 0.35019 -0.19303 -0.89964 0.39839 -0.17871 -0.89964 0.39839 -0.17871 -0.88461 0.44116 -0.15114 -0.88461 0.44116 -0.15114 -0.8726 0.47533 -0.11236 -0.8726 0.47533 -0.11236 -0.86093 0.50855 -0.0133 -0.86093 0.50855 -0.0133 -0.86802 0.48837 0.08964 -0.86802 0.48837 0.08964 -0.98272 0.16194 0.08964 -0.98272 0.16194 0.08964 -0.98969 0.14309 0.0066 -0.99103 0.13289 -0.0139 -0.81041 0.20479 -0.54891 -0.85857 0.06771 -0.5082 -0.85857 0.06771 -0.5082 -0.90131 -0.05393 -0.4298 -0.93546 -0.15109 -0.31952 -0.95847 -0.21659 -0.18555 -0.95847 -0.21659 -0.18555 -0.96865 -0.24555 -0.03781 -0.94848 -0.18816 0.25491 -0.94848 -0.18816 0.25491 -0.83495 0.13494 0.53353 -0.73584 0.417 0.53353 -0.62231 0.7401 0.25491 -0.62231 0.7401 0.25491 -0.60214 0.79749 -0.03781 -0.60214 0.79749 -0.03781 -0.61232 0.76853 -0.18555 -0.61232 0.76853 -0.18555 -0.63533 0.70303 -0.31952 -0.63533 0.70303 -0.31952 -0.66948 0.60587 -0.4298 -0.66948 0.60587 -0.4298 -0.71222 0.48423 -0.5082 -0.76038 0.34715 -0.54891 -0.76038 0.34715 -0.54891 -0.8104 0.20479 -0.54891 -0.4546 0.71817 -0.52685 -0.25991 0.68137 -0.68424 -0.36662 0.83182 -0.41674 -0.2741 0.8288 -0.48781 -0.29413 0.91722 -0.26868 -0.2867 0.91799 -0.27403 -0.24421 0.9652 -0.09348 -0.30128 0.95197 -0.0546 -0.22185 0.97045 0.09488 -0.31964 0.93375 0.16104 -0.26848 0.93526 0.23066 -0.27882 0.90616 0.31801 -0.3981 0.82309 0.40501 -0.21554 0.89138 0.39873 -0.38388 0.73178 0.56314 -0.31893 0.75792 0.56907 -0.39055 0.60142 0.69697 -0.41393 0.59147 0.69197 -0.41841 0.44142 0.79378 -0.50047 0.40336 0.76605 -0.4826 0.32675 0.81261 -0.7945 -0.56175 0.23066 -0.78436 -0.53258 0.31802 -0.80865 -0.46168 0.3646 -0.741 -0.49852 0.44988 -0.7192 -0.37037 0.58785 -0.6776 -0.21519 0.70324 -0.69821 -0.21039 0.68428 -0.56943 -0.0437 0.82088 -0.67975 -0.0329 0.7327 -0.42987 0.15105 0.89017 -0.66543 0.1464 0.73196 -0.51257 0.23988 0.82446 -0.86864 -0.48822 0.08434 -0.74179 -0.64661 0.17787 -0.83867 -0.53742 -0.08845 -0.79013 -0.61025 -0.0573 -0.79814 -0.53842 -0.27033 -0.80239 -0.53092 -0.27256 -0.74989 -0.4887 -0.44591 -0.69781 -0.39096 -0.60018 -0.74273 -0.26811 -0.61357 -0.68826 -0.25974 -0.67738 -0.37451 0.63317 -0.67738 -0.40097 0.55882 -0.72591 -0.4689 0.49998 -0.72811 -0.41447 0.44091 -0.79613 -0.52174 0.29969 -0.79873 -0.49911 0.27357 -0.82222 -0.5661 0.07938 -0.8205 -0.59276 0.11305 -0.7974 -0.59585 -0.15355 -0.78828 -0.68739 -0.02764 -0.72576 -0.66239 -0.18517 -0.72591 0.3766 0.04662 0.9252 -0.17892 0.17842 0.96755 -0.03273 0.93159 0.36204 -0.58327 -0.63963 0.50067 -0.53972 -0.51567 0.66543 -0.4851 -0.36023 0.79682 -0.42216 -0.1811 0.88825 -0.35405 0.01273 0.93514 -0.29897 0.17309 0.93843 -0.27578 0.20895 0.93823 -0.21609 0.40537 0.88825 -0.21609 0.40537 0.88825 -0.10846 0.37897 0.91903 -0.10846 0.37897 0.91903 0.00054 0.34757 0.93765 -0.15315 0.58449 0.79682 -0.04333 0.5643 0.82443 -0.04333 0.5643 0.82443 0.06698 0.53666 0.84113 0.06698 0.53666 0.84113 -0.09853 0.73993 0.66543 -0.09853 0.73993 0.66543 0.01318 0.72513 0.68849 0.12464 0.70075 0.70244 0.12464 0.70075 0.70244 -0.05497 0.86389 0.50067 -0.05497 0.86389 0.50067 0.17061 0.8316 0.52852 0.17061 0.8316 0.52852 0.2807 0.79884 0.53203 0.38707 0.75554 0.52852 0.10846 -0.37897 0.91903 0.04333 -0.5643 0.82443 0.04333 -0.5643 0.82443 -0.06698 -0.53666 0.84113 -0.01318 -0.72513 0.68849 -0.12464 -0.70075 0.70244 -0.12464 -0.70075 0.70244 -0.17061 -0.8316 0.52852 -0.17061 -0.8316 0.52852 -0.2807 -0.79884 0.53203 -0.38707 -0.75554 0.52852 -0.53581 -0.83727 -0.10902 -0.53581 -0.83727 -0.10902 -0.43548 -0.8933 -0.11123 -0.43548 -0.8933 -0.11122 -0.21902 -0.96936 -0.11123 -0.10569 -0.98841 -0.10902 -0.10569 -0.98841 -0.10902 -0.51973 -0.7915 -0.32158 -0.51973 -0.7915 -0.32158 -0.41907 -0.8466 -0.3281 -0.41907 -0.8466 -0.3281 -0.31291 -0.89051 -0.33028 -0.20261 -0.92266 -0.3281 -0.20261 -0.92266 -0.3281 -0.0896 -0.94263 -0.32158 -0.38707 -0.75554 -0.52852 -0.38707 -0.75554 -0.52852 -0.2807 -0.79884 -0.53203 -0.17062 -0.8316 -0.52852 -0.42216 -0.1811 -0.88825 -0.42216 -0.1811 -0.88825 -0.32167 -0.22783 -0.91903 -0.32167 -0.22783 -0.91903 -0.217 -0.27152 -0.93765 -0.00054 -0.34757 -0.93765 -0.00054 -0.34757 -0.93765 0.10846 -0.37897 -0.91903 -0.35405 0.01273 -0.93514 -0.35405 0.01273 -0.93514 -0.2512 -0.02728 -0.96755 -0.2512 -0.02728 -0.96755 -0.1451 -0.06691 -0.98715 -0.1451 -0.06691 -0.98715 -0.03712 -0.10563 -0.99371 0.07136 -0.14297 -0.98715 0.07136 -0.14297 -0.98715 0.17892 -0.17842 -0.96755 0.17892 -0.17842 -0.96755 -0.28419 0.21154 -0.93514 -0.28419 0.21154 -0.93514 -0.17892 0.17842 -0.96755 -0.17892 0.17842 -0.96755 -0.07136 0.14297 -0.98715 -0.07136 0.14297 -0.98715 0.03712 0.10563 -0.99371 0.1451 0.06691 -0.98715 0.1451 0.06691 -0.98715 0.2512 0.02728 -0.96755 0.2512 0.02728 -0.96755 -0.21609 0.40537 -0.88825 -0.21609 0.40537 -0.88825 -0.10846 0.37897 -0.91903 0.00054 0.34757 -0.93765 0.00054 0.34757 -0.93765 0.217 0.27152 -0.93765 0.32167 0.22783 -0.91903 0.32167 0.22783 -0.91903 0.17061 0.8316 -0.52852 0.2807 0.79884 -0.53203 0.38707 0.75554 -0.52852 0.38707 0.75554 -0.52852 0.0896 0.94263 -0.32158 0.20261 0.92266 -0.3281 0.20261 0.92266 -0.3281 0.31291 0.89051 -0.33028 0.41907 0.8466 -0.3281 0.41907 0.8466 -0.3281 0.51973 0.79149 -0.32158 0.51973 0.79149 -0.32158 0.10569 0.98841 -0.10902 0.10569 0.98841 -0.10902 0.21902 0.96936 -0.11123 0.43548 0.8933 -0.11122 0.43548 0.8933 -0.11123 0.53581 0.83727 -0.10902 0.53581 0.83727 -0.10902 -0.06698 -0.53666 0.84113 -0.00054 -0.34757 0.93765 0.10846 -0.37897 0.91903 0.17892 -0.17842 0.96755 0.27578 -0.20895 0.93823 0.29897 -0.17309 0.93843 0.09853 -0.73993 0.66543 0.09564 -0.74283 0.66262 0.15482 -0.58474 0.79631 0.16416 -0.57453 0.80185 0.21089 -0.4042 0.89003 0.22244 -0.3891 0.89394 0.01153 -0.99048 0.13718 -0.0896 -0.94263 0.32158 -0.0896 -0.94263 0.32158 -0.20261 -0.92266 0.3281 -0.20261 -0.92266 0.3281 -0.31291 -0.89051 0.33028 -0.41907 -0.8466 0.3281 -0.41907 -0.8466 0.3281 -0.51973 -0.7915 0.32158 -0.60827 -0.70635 0.36205 0.03273 -0.93159 0.36205 0.05497 -0.86389 0.50067 0.039 -0.87691 0.47906 0.07146 -0.82228 0.56457 -0.53581 -0.83727 0.10902 -0.53581 -0.83727 0.10902 -0.43548 -0.8933 0.11123 -0.21902 -0.96936 0.11122 -0.21902 -0.96936 0.11123 -0.10569 -0.98841 0.10902 -0.10569 -0.98841 0.10902 0.00083 -0.9944 0.10567 -0.01318 -0.72513 -0.68849 -0.01318 -0.72513 -0.68849 -0.12464 -0.70075 -0.70244 -0.34109 -0.62469 -0.70244 -0.34109 -0.62469 -0.70244 -0.4433 -0.57399 -0.68849 0.09256 -0.71342 -0.6946 0.08471 -0.78427 -0.61461 0.05497 -0.86389 -0.50067 0.05187 -0.85663 -0.51331 0.03036 -0.9502 -0.31017 0.02879 -0.94875 -0.31473 0.00602 -0.9944 -0.10548 0.00912 -0.99532 -0.09622 0.00916 -0.99944 0.03211 -0.62913 -0.77013 0.10536 -0.62913 -0.77013 0.10536 -0.62913 -0.77013 -0.10536 -0.62913 -0.77013 -0.10536 -0.61358 -0.72589 -0.31081 -0.61358 -0.72589 -0.31081 -0.58327 -0.63962 -0.50067 -0.58327 -0.63962 -0.50067 -0.53972 -0.51567 -0.66543 -0.38679 -0.41316 -0.82443 -0.38679 -0.41316 -0.82443 -0.28344 -0.4606 -0.84113 -0.28344 -0.4606 -0.84113 -0.06698 -0.53666 -0.84113 -0.06698 -0.53666 -0.84113 0.04333 -0.5643 -0.82443 0.04333 -0.5643 -0.82443 0.53188 0.49008 -0.6906 0.38679 0.41316 -0.82443 0.38679 0.41316 -0.82443 0.28344 0.4606 -0.84113 0.28344 0.4606 -0.84113 0.06698 0.53666 -0.84113 0.06698 0.53666 -0.84113 -0.04333 0.5643 -0.82443 -0.04333 0.5643 -0.82443 0.42216 0.1811 -0.88825 0.42125 0.20547 -0.88336 0.36302 -0.0163 -0.93164 0.36076 0.00911 -0.93262 0.28419 -0.21154 -0.93514 0.28496 -0.23549 -0.92916 0.20993 -0.40398 -0.89035 0.20966 -0.42587 -0.88016 0.01318 0.72513 -0.68849 0.12464 0.70075 -0.70244 0.34109 0.62469 -0.70244 0.34109 0.62469 -0.70244 0.53251 0.52042 -0.66753 0.62913 0.77013 0.10536 0.53581 0.83727 0.10902 0.53581 0.83727 0.10902 0.43548 0.8933 0.11123 0.21902 0.96936 0.11122 0.21902 0.96936 0.11123 0.10569 0.98841 0.10902 0.10569 0.98841 0.10902 0.61734 0.77452 0.13788 0.63232 0.77404 0.03211 0.62913 0.77013 -0.10536 0.62653 0.77342 -0.09637 0.61646 0.72363 -0.3104 0.61752 0.72095 -0.31449 0.57975 0.6422 -0.50146 0.58121 0.63235 -0.51219 0.55667 0.5589 -0.61461 0.60827 0.70635 0.36204 0.51973 0.79149 0.32158 0.41907 0.8466 0.3281 0.41907 0.8466 0.3281 0.31291 0.89051 0.33028 0.20261 0.92266 0.3281 0.20261 0.92266 0.3281 0.0896 0.94263 0.32158 0.0896 0.94263 0.32158 -0.00912 0.99439 0.10536 -0.00912 0.99439 0.10537 -0.00912 0.99439 -0.10536 -0.00912 0.99439 -0.10537 -0.02466 0.95015 -0.31081 -0.02466 0.95015 -0.31081 -0.05497 0.86389 -0.50067 -0.05497 0.86389 -0.50067 0.57011 0.59685 0.56457 -0.35405 0.01273 0.93514 -0.2512 -0.02728 0.96755 -0.17892 0.17842 0.96755 -0.07136 0.14297 0.98715 0.28344 0.4606 0.84113 0.34109 0.62469 0.70244 0.4433 0.57399 0.68849 0.57727 0.644 0.50202 0.58874 0.65259 0.47698 -0.42216 -0.1811 0.88825 -0.2512 -0.02728 0.96755 -0.1451 -0.06691 0.98715 -0.07136 0.14296 0.98715 0.03712 0.10563 0.99371 0.217 0.27152 0.93765 0.28344 0.4606 0.84113 0.38679 0.41316 0.82443 0.4433 0.57399 0.68849 0.5384 0.51654 0.66581 0.54093 0.51863 0.66213 -0.38679 -0.41316 0.82443 -0.32167 -0.22783 0.91903 -0.217 -0.27152 0.93765 -0.1451 -0.06691 0.98715 -0.03712 -0.10563 0.99371 0.1451 0.06691 0.98715 0.217 0.27152 0.93765 0.32167 0.22783 0.91903 0.38679 0.41316 0.82443 0.49165 0.3564 0.79452 0.4824 0.34849 0.80364 -0.53972 -0.51567 0.66543 -0.4433 -0.57399 0.68849 -0.38679 -0.41316 0.82443 -0.28344 -0.4606 0.84113 -0.217 -0.27152 0.93765 0.07136 -0.14296 0.98715 0.1451 0.06691 0.98715 0.2512 0.02728 0.96755 0.42216 0.1811 0.88825 0.40993 0.1678 0.89655 -0.58327 -0.63962 0.50067 -0.34109 -0.62469 0.70244 -0.28344 -0.4606 0.84113 0.07136 -0.14296 0.98715 0.17892 -0.17842 0.96755 0.2512 0.02728 0.96755 0.35405 -0.01273 0.93514 0.32519 -0.04578 0.94454 -0 0 1 -0 0 1 -0.99393 0.11 -0 -0.95302 0.30291 -0 -0.84428 0.53591 -0 -0.83837 0.54506 -0.00585 -0.87427 0.48534 0.00983 -0.81285 0.58237 -0.01067 -0.84383 0.53661 0.00355 -0.77685 0.62967 -0.0031 -0.79695 0.60403 0.00421 -0.73767 0.67515 -0.00284 -0.749 0.66257 -0 -0.93072 0.36573 -0 -0.90141 0.43285 -0.01063 -0.91445 0.40469 -0.00155 -0.88229 0.47071 0 -0.86674 0.49875 -0 -0.97041 0.24135 -0.00767 -0.9666 0.25627 -0.00374 -0.98103 0.19386 0 -0.99869 -0.05108 -0 -0.99882 -0.04861 0.00039 -0.99972 0.02345 -0.0004 -0.99993 0.01203 -0.0021 -0.99402 0.10917 0.00355 -0.99796 0.06337 -0.00828 -0.98573 0.16822 0.00619 -0.99293 0.11866 -0.00299 -0.98662 0.16305 -0 -0.11 -0.99393 0 -0.30291 -0.95302 0 -0.53591 -0.84428 0 -0.54506 -0.83837 -0.00585 -0.48534 -0.87427 0.00983 -0.58237 -0.81285 -0.01067 -0.53661 -0.84383 0.00355 -0.62967 -0.77685 -0.0031 -0.60403 -0.79695 0.00421 -0.67515 -0.73767 -0.00284 -0.66257 -0.749 0 -0.36573 -0.93072 0 -0.43285 -0.90141 -0.01063 -0.40469 -0.91445 -0.00155 -0.47071 -0.88229 0 -0.49875 -0.86674 -0 -0.24135 -0.97041 -0.00767 -0.25627 -0.9666 -0.00374 -0.19386 -0.98103 0 0.05108 -0.99869 0 0.04861 -0.99882 0.00039 -0.02345 -0.99972 -0.0004 -0.01203 -0.99993 -0.0021 -0.10917 -0.99402 0.00355 -0.06337 -0.99796 -0.00828 -0.16822 -0.98573 0.00619 -0.11866 -0.99293 -0.00299 -0.16305 -0.98662 -0 -0.06205 -0.29596 -0.95318 -0.04967 -0.29123 -0.95536 -0.06935 -0.29452 -0.95313 -0.07719 -0.29274 -0.95307 -0.07167 -0.29409 -0.95309 -0.0778 -0.2925 -0.95309 -0.06837 -0.29521 -0.95298 -0.06144 -0.29772 -0.95267 -0.06256 -0.29624 -0.95306 -0.04294 -0.29982 -0.95303 -0.12676 -0.2748 -0.95311 -0.13122 -0.27313 -0.95299 -0.13829 -0.27072 -0.95267 -0.13648 -0.27026 -0.95307 -0.15404 -0.2608 -0.95303 -0.12796 -0.27429 -0.9531 -0.13611 -0.27004 -0.95318 -0.14371 -0.25881 -0.95518 -0.13411 -0.27158 -0.95303 -0.1249 -0.27572 -0.95309 -0.12112 -0.27745 -0.95307 -0.10007 -0.28481 -0.95335 -0.10006 -0.28481 -0.95335 -0.07904 -0.29224 -0.95307 0.59774 -0.08742 0.79691 0.38303 -0.05488 0.9221 0.35213 -0.208 0.91255 0.34602 -0.18938 0.91891 0.36601 -0.18287 0.91247 0.37728 -0.18223 0.90799 0.37542 -0.16198 0.91259 0.38622 -0.13573 0.91237 0.38622 -0.13573 0.91237 0.50432 -0.06241 0.86126 0.40315 -0.06797 0.9126 0.39897 -0.0917 0.91237 0.41293 -0.08909 0.9064 0.39422 -0.10847 0.91259 0.73027 -0.09508 0.6765 0.68163 -0.08934 0.72622 0.92059 -0.14848 0.3612 0.92065 -0.15142 0.35983 0.92155 -0.17277 0.3477 0.92044 -0.16704 0.35339 0.91153 -0.14444 0.38503 0.87524 -0.11437 0.46998 0.78081 -0.13505 0.60999 0.90964 -0.20587 0.36078 0.90598 -0.20823 0.36856 0.89653 -0.25642 0.36122 0.87992 -0.30923 0.36073 0.87992 -0.30923 0.36073 0.83983 -0.40566 0.36073 0.83983 -0.40566 0.36073 0.79201 -0.46333 0.39755 0.8111 -0.46005 0.3612 0.82382 -0.4445 0.35176 0.8239 -0.46314 0.32662 0.62207 -0.37789 0.68573 0.6679 -0.40105 0.62696 0.72695 -0.39704 0.56028 0.42899 -0.26363 0.86398 0.47733 -0.287 0.83053 0.5241 -0.30456 0.79534 0.80589 -0.11775 0.58023 0.79409 -0.18252 0.57975 0.79409 -0.18252 0.57975 0.76871 -0.27015 0.57975 0.76871 -0.27015 0.57975 0.73369 -0.35439 0.57975 0.73369 -0.35439 0.57975 0.70773 -0.40291 0.58032 0.7491 -0.44759 0.48838 0.61589 -0.10004 0.78146 0.60867 -0.1399 0.78099 0.60867 -0.1399 0.78099 0.58922 -0.20707 0.78099 0.58922 -0.20707 0.78099 0.56237 -0.27164 0.78099 0.56238 -0.27164 0.78099 0.54349 -0.30649 0.78146 0.58266 -0.35316 0.73197 0.06531 -0.01606 0.99774 0.20626 -0.08729 0.9746 0.0161 0.00704 0.99985 0.00862 0.00265 0.99996 0.0331 -0.00011 0.99945 0.03791 0.0053 0.99927 0.05299 -0.01223 0.99852 0.1987 -0.10774 0.97412 0.05115 -0.03936 0.99791 0.04336 -0.02615 0.99872 0.02015 -0.02137 0.99957 0.02015 -0.02134 0.99957 0.00367 -0.00539 0.99998 0.00573 -0.01094 0.99992 0.20287 -0.10638 0.97341 0.21632 -0.07601 0.97336 0.22482 -0.0439 0.97341 0.22242 -0.04023 0.97412 0.20545 -0.09051 0.97447 0.19592 -0.0107 0.98056 0.06538 -0.037 0.99717 0.07733 -0.00154 0.997 0.07707 -0.00111 0.99702 0.07582 -0.01371 0.99703 0.07582 -0.01371 0.99703 0.07269 -0.02554 0.99703 0.06773 -0.03673 0.99703 0.06773 -0.03673 0.99703 0.06727 -0.03743 0.99703 0.13405 -0.1069 0.98519 0.2748 -0.12676 -0.95311 0.27313 -0.13122 -0.95299 0.27072 -0.13829 -0.95267 0.27026 -0.13648 -0.95307 0.2608 -0.15404 -0.95303 0.27429 -0.12796 -0.9531 0.27004 -0.13611 -0.95318 0.25881 -0.14371 -0.95518 0.29596 -0.06205 -0.95318 0.29123 -0.04967 -0.95536 0.29453 -0.06931 -0.95313 0.29295 -0.0764 -0.95307 0.29459 -0.06969 -0.95308 0.29221 -0.0789 -0.95309 0.29506 -0.06879 -0.953 0.29772 -0.06144 -0.95267 0.29624 -0.06256 -0.95306 0.29982 -0.04294 -0.95303 0.27158 -0.13411 -0.95303 0.27572 -0.1249 -0.95309 0.27745 -0.12112 -0.95307 0.28481 -0.10007 -0.95335 0.28481 -0.10006 -0.95335 0.29224 -0.07904 -0.95307 -0.2748 0.12676 -0.95311 -0.27313 0.13122 -0.95299 -0.27072 0.13829 -0.95267 -0.27026 0.13648 -0.95307 -0.2608 0.15404 -0.95303 -0.27429 0.12796 -0.9531 -0.27004 0.13611 -0.95318 -0.25881 0.14371 -0.95518 -0.29596 0.06205 -0.95318 -0.29123 0.04967 -0.95536 -0.29452 0.06935 -0.95313 -0.29274 0.07719 -0.95307 -0.29409 0.07167 -0.95309 -0.2925 0.0778 -0.95309 -0.29521 0.06837 -0.95298 -0.29772 0.06144 -0.95267 -0.29624 0.06256 -0.95306 -0.29982 0.04294 -0.95303 -0.27158 0.13411 -0.95303 -0.27572 0.1249 -0.95309 -0.27745 0.12112 -0.95307 -0.28481 0.10007 -0.95335 -0.28481 0.10006 -0.95335 -0.29224 0.07904 -0.95307 0.12676 0.2748 -0.95311 0.13122 0.27313 -0.95299 0.13829 0.27072 -0.95267 0.13648 0.27026 -0.95307 0.15404 0.2608 -0.95303 0.12796 0.27429 -0.9531 0.13611 0.27004 -0.95318 0.14371 0.25881 -0.95518 0.06205 0.29596 -0.95318 0.04967 0.29123 -0.95536 0.06935 0.29452 -0.95313 0.07719 0.29274 -0.95307 0.07167 0.29409 -0.95309 0.0778 0.2925 -0.95309 0.06837 0.29521 -0.95298 0.06144 0.29772 -0.95267 0.06256 0.29624 -0.95306 0.04294 0.29982 -0.95303 0.13411 0.27158 -0.95303 0.1249 0.27572 -0.95309 0.12112 0.27745 -0.95307 0.10007 0.28481 -0.95335 0.10006 0.28481 -0.95335 0.07904 0.29224 -0.95307 -0.05488 -0.38303 0.9221 -0.08742 -0.59774 0.79691 -0.06241 -0.50432 0.86126 -0.09508 -0.73027 0.6765 -0.08934 -0.68163 0.72622 -0.14848 -0.92059 0.3612 -0.1543 -0.9207 0.35847 -0.17266 -0.92154 0.34778 -0.1652 -0.91984 0.35581 -0.1451 -0.91197 0.38374 -0.11414 -0.87606 0.4685 -0.13505 -0.78081 0.60999 -0.20587 -0.90964 0.36078 -0.20823 -0.90598 0.36856 -0.25642 -0.89653 0.36122 -0.30923 -0.87992 0.36073 -0.30923 -0.87992 0.36073 -0.40566 -0.83983 0.36073 -0.40566 -0.83983 0.36073 -0.4622 -0.79407 0.39474 -0.46005 -0.8111 0.3612 -0.44451 -0.82382 0.35176 -0.46313 -0.8239 0.32665 -0.37789 -0.62207 0.68573 -0.40091 -0.66762 0.62734 -0.39713 -0.72666 0.56058 -0.26363 -0.42899 0.86398 -0.287 -0.47733 0.83053 -0.30456 -0.5241 0.79534 -0.06797 -0.40315 0.9126 -0.0917 -0.39897 0.91237 -0.0917 -0.39897 0.91237 -0.13573 -0.38622 0.91237 -0.13573 -0.38622 0.91237 -0.17806 -0.36863 0.91237 -0.17806 -0.36863 0.91237 -0.208 -0.35213 0.91255 -0.18938 -0.34602 0.91891 -0.11775 -0.80589 0.58023 -0.18252 -0.79409 0.57975 -0.18252 -0.79409 0.57975 -0.27015 -0.76871 0.57975 -0.27015 -0.76871 0.57975 -0.35439 -0.73369 0.57975 -0.35439 -0.73369 0.57975 -0.40291 -0.70774 0.58032 -0.44935 -0.75063 0.48439 -0.10004 -0.61589 0.78146 -0.1399 -0.60867 0.78099 -0.1399 -0.60867 0.78099 -0.20707 -0.58922 0.78099 -0.20707 -0.58922 0.78099 -0.27164 -0.56237 0.78099 -0.27164 -0.56238 0.78099 -0.30649 -0.54349 0.78146 -0.35316 -0.58266 0.73197 -0.38303 0.05488 0.9221 -0.59774 0.08742 0.79691 -0.50432 0.06241 0.86126 -0.73136 0.0954 0.67529 -0.683 0.0891 0.72496 -0.92059 0.14848 0.3612 -0.92065 0.1514 0.35984 -0.92155 0.17278 0.34769 -0.92048 0.16721 0.35322 -0.91165 0.14455 0.38472 -0.87524 0.11437 0.46998 -0.78081 0.13505 0.60999 -0.90964 0.20587 0.36078 -0.90598 0.20823 0.36856 -0.89653 0.25642 0.36122 -0.87992 0.30923 0.36073 -0.87992 0.30923 0.36073 -0.83983 0.40566 0.36073 -0.83983 0.40566 0.36073 -0.79407 0.4622 0.39474 -0.8111 0.46005 0.3612 -0.82382 0.44451 0.35176 -0.8239 0.46313 0.32665 -0.62207 0.37789 0.68573 -0.66762 0.40091 0.62734 -0.72666 0.39713 0.56058 -0.42899 0.26363 0.86398 -0.47733 0.287 0.83053 -0.5241 0.30456 0.79534 -0.40315 0.06797 0.9126 -0.39897 0.0917 0.91237 -0.39897 0.0917 0.91237 -0.38622 0.13573 0.91237 -0.38622 0.13573 0.91237 -0.36863 0.17806 0.91237 -0.36863 0.17806 0.91237 -0.35213 0.208 0.91255 -0.34602 0.18938 0.91891 -0.80589 0.11775 0.58023 -0.79409 0.18252 0.57975 -0.79409 0.18252 0.57975 -0.76871 0.27015 0.57975 -0.76871 0.27015 0.57975 -0.73369 0.35439 0.57975 -0.73369 0.35439 0.57975 -0.70774 0.40291 0.58032 -0.75063 0.44935 0.48439 -0.61589 0.10004 0.78146 -0.60867 0.1399 0.78099 -0.60867 0.1399 0.78099 -0.58922 0.20707 0.78099 -0.58922 0.20707 0.78099 -0.56237 0.27164 0.78099 -0.56238 0.27164 0.78099 -0.54349 0.30649 0.78146 -0.58266 0.35316 0.73197 0.08742 0.59774 0.79691 0.05488 0.38303 0.9221 0.26362 0.42899 0.86399 0.18938 0.34602 0.91891 0.208 0.35213 0.91255 0.17806 0.36863 0.91237 0.17806 0.36863 0.91237 0.13573 0.38622 0.91237 0.13573 0.38622 0.91237 0.06241 0.50432 0.86126 0.06797 0.40315 0.9126 0.0917 0.39897 0.91237 0.08909 0.41293 0.9064 0.10847 0.39422 0.91259 0.09508 0.73027 0.6765 0.08934 0.68163 0.72622 0.14848 0.92059 0.3612 0.15142 0.92065 0.35983 0.17277 0.92155 0.3477 0.16704 0.92044 0.35339 0.14444 0.91153 0.38503 0.11437 0.87524 0.46998 0.13505 0.78081 0.60999 0.20587 0.90964 0.36078 0.20823 0.90598 0.36856 0.25642 0.89653 0.36122 0.30923 0.87992 0.36073 0.30923 0.87992 0.36073 0.40566 0.83983 0.36073 0.40566 0.83983 0.36073 0.4622 0.79407 0.39474 0.46005 0.8111 0.3612 0.44451 0.82382 0.35176 0.46313 0.8239 0.32665 0.39707 0.7273 0.55979 0.40091 0.66762 0.62734 0.29427 0.53295 0.79333 0.35422 0.58353 0.73077 0.37841 0.62309 0.68451 0.11775 0.80589 0.58023 0.18252 0.79409 0.57975 0.18252 0.79409 0.57975 0.27015 0.76871 0.57975 0.27015 0.76871 0.57975 0.35439 0.73369 0.57975 0.35439 0.73369 0.57975 0.40326 0.70753 0.58032 0.44952 0.75115 0.48343 0.10004 0.61589 0.78146 0.1399 0.60867 0.78099 0.1399 0.60867 0.78099 0.20707 0.58922 0.78099 0.20707 0.58922 0.78099 0.27164 0.56237 0.78099 0.27164 0.56238 0.78099 0.31605 0.53812 0.78137 0.2517 0.50962 0.82276 -0.19678 -0.33317 -0.9221 -0.05798 -0.40484 -0.91255 -0.06869 -0.38843 -0.91891 -0.08453 -0.40026 -0.91249 -0.09423 -0.41016 -0.90713 -0.10675 -0.39471 -0.91258 -0.13569 -0.38623 -0.91237 -0.13569 -0.38623 -0.91237 -0.26677 -0.43251 -0.86126 -0.19915 -0.35706 -0.9126 -0.17802 -0.36864 -0.91237 -0.19239 -0.38098 -0.90435 -0.1636 -0.37474 -0.91258 -0.35667 -0.5877 -0.72622 -0.44544 -0.82262 -0.35339 -0.44166 -0.82707 -0.3477 -0.45749 -0.80153 -0.38503 -0.45825 -0.7544 -0.46998 -0.38305 -0.69367 -0.60999 -0.14844 -0.9206 -0.3612 -0.20884 -0.90899 -0.36073 -0.20884 -0.90899 -0.36073 -0.30915 -0.87995 -0.36073 -0.30915 -0.87994 -0.36073 -0.40558 -0.83987 -0.36073 -0.40558 -0.83987 -0.36073 -0.46001 -0.81112 -0.3612 -0.45775 -0.81301 -0.35983 -0.15403 -0.93252 -0.32662 -0.16852 -0.9208 -0.35176 -0.13392 -0.90775 -0.39755 -0.11936 -0.86443 -0.48838 -0.14495 -0.81552 -0.56027 -0.08894 -0.6755 -0.73197 -0.09429 -0.72172 -0.68573 -0.10489 -0.77196 -0.62696 -0.06266 -0.49961 -0.86398 -0.07466 -0.55194 -0.83053 -0.09022 -0.59942 -0.79534 -0.10084 -0.61575 -0.78146 -0.13984 -0.60869 -0.78099 -0.13984 -0.60869 -0.78099 -0.20701 -0.58924 -0.78099 -0.20701 -0.58924 -0.78099 -0.27159 -0.5624 -0.78099 -0.27159 -0.5624 -0.78099 -0.3072 -0.54309 -0.78146 -0.3057 -0.52104 -0.79691 -0.12836 -0.80421 -0.58032 -0.18244 -0.79411 -0.57975 -0.18244 -0.79411 -0.57975 -0.27008 -0.76873 -0.57975 -0.27008 -0.76873 -0.57975 -0.35432 -0.73372 -0.57975 -0.35432 -0.73372 -0.57975 -0.41224 -0.70242 -0.58023 -0.38262 -0.62924 -0.6765 0.33317 -0.19678 -0.9221 0.5877 -0.35667 -0.72622 0.821 -0.44649 -0.35581 0.82699 -0.44173 -0.34778 0.80228 -0.45725 -0.38374 0.7549 -0.45894 -0.4685 0.69367 -0.38305 -0.60999 0.9206 -0.14844 -0.3612 0.90899 -0.20884 -0.36073 0.90899 -0.20884 -0.36073 0.87995 -0.30915 -0.36073 0.87994 -0.30915 -0.36073 0.83987 -0.40558 -0.36073 0.83987 -0.40558 -0.36073 0.81112 -0.46001 -0.3612 0.81485 -0.45553 -0.35847 0.93251 -0.15404 -0.32665 0.9208 -0.16851 -0.35176 0.90866 -0.1361 -0.39474 0.86673 -0.11896 -0.48439 0.81536 -0.1447 -0.56058 0.6755 -0.08894 -0.73197 0.72172 -0.09429 -0.68573 0.77166 -0.10482 -0.62734 0.55194 -0.07466 -0.83053 0.59942 -0.09022 -0.79534 0.40484 -0.05798 -0.91255 0.38843 -0.06869 -0.91891 0.49961 -0.06266 -0.86398 0.40026 -0.08453 -0.91249 0.41016 -0.09423 -0.90713 0.39471 -0.10675 -0.91258 0.38623 -0.13569 -0.91237 0.38623 -0.13569 -0.91237 0.43251 -0.26677 -0.86126 0.35706 -0.19915 -0.9126 0.36864 -0.17802 -0.91237 0.38098 -0.19239 -0.90435 0.37474 -0.1636 -0.91258 0.61575 -0.10084 -0.78146 0.60869 -0.13984 -0.78099 0.60869 -0.13984 -0.78099 0.58924 -0.20701 -0.78099 0.58924 -0.20701 -0.78099 0.5624 -0.27159 -0.78099 0.5624 -0.27159 -0.78099 0.54309 -0.3072 -0.78146 0.52104 -0.3057 -0.79691 0.80421 -0.12836 -0.58032 0.79411 -0.18244 -0.57975 0.79411 -0.18244 -0.57975 0.76873 -0.27008 -0.57975 0.76873 -0.27008 -0.57975 0.73372 -0.35432 -0.57975 0.73372 -0.35432 -0.57975 0.70242 -0.41224 -0.58023 0.62924 -0.38262 -0.6765 0.19678 0.33317 -0.9221 0.35772 0.58862 -0.72496 0.44532 0.82275 -0.35322 0.44165 0.82708 -0.34769 0.45748 0.80169 -0.38472 0.45825 0.7544 -0.46998 0.38305 0.69367 -0.60999 0.14844 0.9206 -0.3612 0.20884 0.90899 -0.36073 0.20884 0.90899 -0.36073 0.30915 0.87995 -0.36073 0.30915 0.87994 -0.36073 0.40558 0.83987 -0.36073 0.40558 0.83987 -0.36073 0.46001 0.81112 -0.3612 0.45777 0.813 -0.35984 0.15404 0.93251 -0.32665 0.16851 0.9208 -0.35176 0.1361 0.90866 -0.39474 0.11896 0.86673 -0.48439 0.1447 0.81536 -0.56058 0.08894 0.6755 -0.73197 0.09429 0.72172 -0.68573 0.10482 0.77166 -0.62734 0.07466 0.55194 -0.83053 0.09022 0.59942 -0.79534 0.05798 0.40484 -0.91255 0.06869 0.38843 -0.91891 0.06266 0.49961 -0.86398 0.08453 0.40026 -0.91249 0.09423 0.41016 -0.90713 0.10675 0.39471 -0.91258 0.13569 0.38623 -0.91237 0.13569 0.38623 -0.91237 0.26677 0.43251 -0.86126 0.19915 0.35706 -0.9126 0.17802 0.36864 -0.91237 0.19239 0.38098 -0.90435 0.1636 0.37474 -0.91258 0.10084 0.61575 -0.78146 0.13984 0.60869 -0.78099 0.13984 0.60869 -0.78099 0.20701 0.58924 -0.78099 0.20701 0.58924 -0.78099 0.27159 0.5624 -0.78099 0.27159 0.5624 -0.78099 0.3072 0.54309 -0.78146 0.3057 0.52104 -0.79691 0.12836 0.80421 -0.58032 0.18244 0.79411 -0.57975 0.18244 0.79411 -0.57975 0.27008 0.76873 -0.57975 0.27008 0.76873 -0.57975 0.35432 0.73372 -0.57975 0.35432 0.73372 -0.57975 0.41224 0.70242 -0.58023 0.38305 0.63028 -0.67529 -0.33317 0.19678 -0.9221 -0.40484 0.05798 -0.91255 -0.38843 0.06869 -0.91891 -0.4996 0.06266 -0.86399 -0.40026 0.08453 -0.91249 -0.41016 0.09423 -0.90713 -0.39471 0.10675 -0.91258 -0.38623 0.13569 -0.91237 -0.38623 0.13569 -0.91237 -0.43251 0.26677 -0.86126 -0.35706 0.19915 -0.9126 -0.36864 0.17802 -0.91237 -0.38098 0.19239 -0.90435 -0.37474 0.1636 -0.91258 -0.5877 0.35667 -0.72622 -0.82262 0.44544 -0.35339 -0.82707 0.44166 -0.3477 -0.80153 0.45749 -0.38503 -0.7544 0.45825 -0.46998 -0.69367 0.38305 -0.60999 -0.9206 0.14844 -0.3612 -0.90899 0.20884 -0.36073 -0.90899 0.20884 -0.36073 -0.87995 0.30915 -0.36073 -0.87994 0.30915 -0.36073 -0.83987 0.40558 -0.36073 -0.83987 0.40558 -0.36073 -0.81112 0.46001 -0.3612 -0.81301 0.45775 -0.35983 -0.93251 0.15404 -0.32665 -0.9208 0.16851 -0.35176 -0.90866 0.1361 -0.39474 -0.86723 0.11915 -0.48343 -0.81582 0.14515 -0.55979 -0.77166 0.10482 -0.62734 -0.55505 0.1224 -0.82276 -0.59988 0.10378 -0.79333 -0.67685 0.08865 -0.73077 -0.72285 0.09452 -0.68451 -0.61754 0.09002 -0.78137 -0.60869 0.13984 -0.78099 -0.60869 0.13984 -0.78099 -0.58924 0.20701 -0.78099 -0.58924 0.20701 -0.78099 -0.5624 0.27159 -0.78099 -0.5624 0.27159 -0.78099 -0.54309 0.3072 -0.78146 -0.52104 0.3057 -0.79691 -0.80427 0.12795 -0.58032 -0.79411 0.18244 -0.57975 -0.79411 0.18244 -0.57975 -0.76873 0.27008 -0.57975 -0.76873 0.27008 -0.57975 -0.73372 0.35432 -0.57975 -0.73372 0.35432 -0.57975 -0.70242 0.41224 -0.58023 -0.62924 0.38262 -0.6765 -0.01606 -0.06531 0.99774 -0.08729 -0.20626 0.9746 -0.10774 -0.1987 0.97412 -0.03936 -0.05115 0.99791 -0.02615 -0.04336 0.99872 -0.02137 -0.02015 0.99957 -0.02134 -0.02015 0.99957 -0.00539 -0.00367 0.99998 -0.01094 -0.00573 0.99992 0.00704 -0.0161 0.99985 0.00265 -0.00862 0.99996 -0.00011 -0.0331 0.99945 0.0053 -0.03791 0.99927 -0.01223 -0.05299 0.99852 -0.10638 -0.20287 0.97341 -0.07601 -0.21632 0.97336 -0.0439 -0.22482 0.97341 -0.04023 -0.22242 0.97412 -0.09051 -0.20545 0.97447 -0.0107 -0.19592 0.98056 -0.037 -0.06538 0.99717 -0.00154 -0.07733 0.997 -0.00111 -0.07707 0.99702 -0.01371 -0.07582 0.99703 -0.01371 -0.07582 0.99703 -0.02554 -0.07269 0.99703 -0.03673 -0.06773 0.99703 -0.03673 -0.06773 0.99703 -0.03743 -0.06727 0.99703 -0.1069 -0.13405 0.98519 0.01534 0.06512 0.99776 0.08539 0.20597 0.97482 -0.00656 0.01518 0.99986 -0.00256 0.0086 0.99996 -0.00063 0.03429 0.99941 -0.00501 0.0379 0.99927 0.01166 0.05382 0.99848 0.10836 0.19806 0.97418 0.03946 0.05099 0.99792 0.02594 0.04329 0.99873 0.02141 0.02011 0.99957 0.02126 0.02012 0.99957 0.0054 0.00367 0.99998 0.01098 0.00575 0.99992 0.10679 0.20261 0.97342 0.07703 0.21595 0.97336 0.07703 0.21595 0.97336 0.04449 0.22474 0.9734 0.0416 0.22278 0.97398 0.08659 0.20964 0.97394 0.01119 0.19535 0.98067 0.03541 0.06755 0.99709 0.00206 0.07742 0.997 0.0015 0.07707 0.99702 0.01414 0.07573 0.99703 0.01414 0.07573 0.99703 0.02588 0.07256 0.99703 0.02588 0.07256 0.99703 0.03698 0.06759 0.99703 0.03698 0.06759 0.99703 0.03733 0.06736 0.99703 0.10766 0.13421 0.98509 -0.06531 0.01606 0.99774 -0.20626 0.08729 0.9746 -0.1987 0.10774 0.97412 -0.05115 0.03936 0.99791 -0.04336 0.02615 0.99872 -0.02015 0.02137 0.99957 -0.02015 0.02134 0.99957 -0.00367 0.00539 0.99998 -0.00573 0.01094 0.99992 -0.0161 -0.00704 0.99985 -0.00862 -0.00265 0.99996 -0.0331 0.00011 0.99945 -0.03791 -0.0053 0.99927 -0.05299 0.01223 0.99852 -0.20287 0.10638 0.97341 -0.21632 0.07601 0.97336 -0.22482 0.0439 0.97341 -0.22242 0.04023 0.97412 -0.20545 0.09051 0.97447 -0.19592 0.0107 0.98056 -0.06538 0.037 0.99717 -0.07733 0.00154 0.997 -0.07707 0.00111 0.99702 -0.07582 0.01371 0.99703 -0.07582 0.01371 0.99703 -0.07269 0.02554 0.99703 -0.06773 0.03673 0.99703 -0.06773 0.03673 0.99703 -0.06727 0.03743 0.99703 -0.13405 0.1069 0.98519 0.29372 -0.07322 0.95308 0.29536 -0.06898 0.95289 0.29813 -0.06241 0.95248 0.29598 -0.06386 0.95306 0.29983 -0.04296 0.95302 0.29373 -0.07233 0.95315 0.29434 -0.06744 0.95332 0.29249 -0.05712 0.95456 0.26979 -0.13483 0.95343 0.2609 -0.13681 0.95562 0.27325 -0.12919 0.95323 0.27652 -0.12338 0.95305 0.27563 -0.12508 0.95309 0.2766 -0.12265 0.95313 0.27358 -0.13095 0.95289 0.27165 -0.13779 0.95248 0.27087 -0.13534 0.95305 0.26079 -0.15404 0.95303 0.29517 -0.06869 0.95297 0.29316 -0.07532 0.95309 0.29189 -0.08031 0.95307 0.28518 -0.10021 0.95322 0.28518 -0.10022 0.95322 0.27797 -0.11994 0.95307 -0.07505 -0.29397 0.95286 -0.07124 -0.29617 0.95248 -0.0658 -0.29957 0.9518 -0.06786 -0.29522 0.95302 -0.04296 -0.29983 0.95302 -0.07233 -0.29373 0.95315 -0.06744 -0.29434 0.95332 -0.05712 -0.29249 0.95456 -0.12118 -0.27737 0.95309 -0.13681 -0.2609 0.95562 -0.13483 -0.26979 0.95343 -0.12925 -0.27322 0.95323 -0.12897 -0.27571 0.95255 -0.13606 -0.27487 0.95181 -0.13176 -0.27278 0.95301 -0.15404 -0.26079 0.95303 -0.07485 -0.29407 0.95285 -0.07803 -0.29265 0.95303 -0.10022 -0.28517 0.95322 -0.10021 -0.28518 0.95322 -0.1224 -0.27706 0.95303 -0.12389 -0.27628 0.95306 0.07322 0.29372 0.95308 0.06898 0.29536 0.95289 0.06241 0.29813 0.95248 0.06386 0.29598 0.95306 0.04296 0.29983 0.95302 0.07267 0.29354 0.95318 0.06783 0.29403 0.95339 0.05779 0.29189 0.95471 0.13754 0.26096 0.9555 0.13536 0.2698 0.95335 0.12952 0.27323 0.95319 0.12339 0.27652 0.95305 0.12939 0.27566 0.95251 0.13606 0.27487 0.95181 0.13176 0.27278 0.95301 0.15404 0.26079 0.95303 0.06869 0.29517 0.95297 0.07578 0.29302 0.9531 0.08032 0.29191 0.95307 0.10163 0.28493 0.95315 0.10016 0.285 0.95328 0.1222 0.27712 0.95303 0.12179 0.27723 0.95306 -0.29397 0.07505 0.95286 -0.29617 0.07124 0.95248 -0.29957 0.0658 0.9518 -0.29522 0.06786 0.95302 -0.29983 0.04296 0.95302 -0.29373 0.07233 0.95315 -0.29434 0.06744 0.95332 -0.29249 0.05712 0.95456 -0.2609 0.13681 0.95562 -0.26979 0.13483 0.95343 -0.27325 0.12919 0.95323 -0.27723 0.12179 0.95306 -0.27566 0.12939 0.95251 -0.27487 0.13606 0.95181 -0.27278 0.13176 0.95301 -0.26079 0.15404 0.95303 -0.29407 0.07485 0.95285 -0.29265 0.07803 0.95303 -0.28517 0.10022 0.95322 -0.28518 0.10021 0.95322 -0.2771 0.12229 0.95303 -0.27652 0.12338 0.95305 0.49335 0.86983 -0 0.49331 0.86985 -1E-05 0.43494 0.90046 6E-05 0.43486 0.9005 -6E-05 0.33155 0.94344 6E-05 0.33147 0.94347 -6E-05 0.15918 0.98725 -0 0.15923 0.98724 1E-05 0.22391 0.97461 -6E-05 0.22074 0.97532 -0.00409 0.27499 0.96145 0 -0.90153 -0.43271 0 -0.90153 -0.43271 0 -0.90153 -0.43271 -0 -0.90153 -0.43271 -0 -0.90153 -0.43271 0 -0.90153 -0.43271 -0 -0.90153 -0.43271 0 -0.90153 -0.43271 0 -0.90153 -0.43271 0 -0.90153 -0.43271 -0 -0.90153 -0.43271 0 -0.92516 -0.37957 0 -0.95794 -0.28698 0.0016 -0.98562 -0.16895 -0.00171 -0.99958 0.02905 0.00172 -0.98561 0.16903 -0.00207 -0.93432 0.35644 0.00193 -0.86631 0.49951 -0.00198 -0.81501 0.57945 -0 -0.05772 -0.99833 0 -0.15218 -0.98835 0.00198 -0.30634 -0.95192 -0.00193 -0.48465 -0.87471 0.00207 -0.60259 -0.79805 -0.00172 -0.74834 -0.66331 0.00171 -0.82312 -0.56787 -0.0016 -0.87485 -0.48439 0 0.71335 -0.70081 -0.00076 -0.83246 -0.55409 0 -0.84043 -0.54191 0.00246 -0.71995 -0.69403 -0.00101 -0.71908 -0.69492 -0.00109 -0.64412 -0.76493 0.00082 -0.599 -0.80074 0.00321 -0.40641 -0.91357 -0.01453 -0.2523 -0.96765 1E-05 -0.22958 -0.97329 -0.00031 -0.08073 -0.99674 0.00139 0.11439 -0.99337 -0.01153 -0.01417 -0.9999 0.00221 0.32231 -0.94663 -0.00176 0.5487 -0.83602 0.00061 0.50908 -0.86071 0.00469 0.27275 -0.96206 -0.00746 0.84601 -0.53316 0 0.82866 -0.55975 0.0015 0.7611 -0.64863 -0.00304 0.64504 -0.76406 0.01165 -0.86198 -0.50695 0 -0.82124 -0.57055 -0.00664 -0.74878 -0.66281 0.00304 -0.60508 -0.79615 -0.00486 -0.60736 -0.79441 -0.00524 -0.38583 -0.92254 0.00754 -0.48059 -0.87689 -0.01025 -0.41586 -0.90943 -4E-05 -0.45803 -0.88891 0.00653 -0.53548 -0.84431 0.02001 0.86983 -0.49335 0 0.86985 -0.49331 -1E-05 0.90046 -0.43494 6E-05 0.9005 -0.43486 -6E-05 0.94344 -0.33155 6E-05 0.94347 -0.33147 -6E-05 0.98725 -0.15918 0 0.98724 -0.15923 1E-05 0.97461 -0.22391 -6E-05 0.97532 -0.22074 -0.00409 0.96145 -0.27499 0 -0.43271 0.90153 -0 -0.43271 0.90153 -0 -0.43271 0.90153 0 -0.43271 0.90153 -0 -0.43271 0.90153 0 -0.43271 0.90153 0 -0.43271 0.90153 -0 -0.43271 0.90153 0 -0.43271 0.90153 -0 -0.43271 0.90153 -0 -0.43271 0.90153 0 -0.43271 0.90153 -0 -0.37957 0.92516 -0 -0.27035 0.96276 0.00188 -0.16887 0.98564 -0.00145 0.06077 0.99815 0.00142 0.16907 0.9856 -0.00193 0.38349 0.92355 0.00182 0.49954 0.86629 -0.00186 0.59146 0.80634 -0 0.99833 -0.05772 0 0.98835 -0.15218 0.00198 0.95192 -0.30634 -0.00193 0.87471 -0.48465 0.00207 0.79805 -0.60259 -0.00172 0.66331 -0.74834 0.00171 0.56787 -0.82312 -0.0016 0.48439 -0.87485 0 0.70083 0.71332 -0.00073 0.55409 -0.83246 0 0.54191 -0.84043 0.00246 0.69795 -0.71615 -0.00111 0.69516 -0.71886 -0.00083 0.76455 -0.64456 0.0005 0.80386 -0.59481 0.00279 0.91501 -0.40317 -0.01481 0.96861 -0.24859 1E-05 0.97417 -0.22583 -0.00027 0.99665 -0.0818 0.00138 0.99321 0.11578 -0.01159 0.99989 -0.01456 0.00257 0.94753 0.31967 -0.00194 0.83755 0.54636 0.0006 0.85636 0.51637 0.00379 0.95805 0.28655 -0.00561 0.52961 0.84824 -0 0.55975 0.82866 0.0015 0.63506 0.77246 -0.00283 0.75358 0.65729 0.00952 0.50695 -0.86198 0 0.57055 -0.82124 -0.00664 0.66281 -0.74878 0.00304 0.79615 -0.60508 -0.00486 0.79441 -0.60735 -0.00524 0.92396 -0.38242 0.00772 0.87847 -0.47768 -0.01064 0.91103 -0.41234 -5E-05 0.89057 -0.4548 0.00676 0.84566 -0.53331 0.02081 0.05772 0.99833 -0 0.15218 0.98835 0.00198 0.30634 0.95192 -0.00193 0.48465 0.87471 0.00207 0.60259 0.79805 -0.00172 0.74834 0.66331 0.00171 0.82312 0.56787 -0.0016 0.87485 0.48439 -0 -0.71325 0.70091 -0.00087 0.83246 0.55409 0 0.84043 0.54191 0.00246 0.71995 0.69403 -0.00101 0.71908 0.69492 -0.00109 0.64412 0.76493 0.00082 0.599 0.80074 0.00321 0.40641 0.91357 -0.01453 0.2523 0.96765 1E-05 0.22958 0.97329 -0.00031 0.0818 0.99665 0.00138 -0.11345 0.99348 -0.01143 0.01416 0.9999 0.00221 -0.31943 0.94761 -0.00173 -0.54532 0.83823 0.00071 -0.51637 0.85636 0.00379 -0.28401 0.95881 -0.00571 -0.84825 0.52959 -0 -0.82866 0.55975 0.0015 -0.77245 0.63507 -0.00283 -0.65637 0.75438 0.0096 0.86198 0.50695 -0 0.82124 0.57055 -0.00664 0.74878 0.66281 0.00304 0.60508 0.79615 -0.00486 0.60736 0.79441 -0.00524 0.38583 0.92254 0.00754 0.48059 0.87689 -0.01025 0.41586 0.90943 -4E-05 0.45803 0.88891 0.00653 0.53548 0.84431 0.02001 -0.86983 0.49335 -0 -0.86985 0.49331 -1E-05 -0.90046 0.43494 6E-05 -0.9005 0.43486 -6E-05 -0.94344 0.33155 6E-05 -0.94347 0.33147 -6E-05 -0.98725 0.15918 -0 -0.98724 0.15923 1E-05 -0.97461 0.22391 -6E-05 -0.97532 0.22074 -0.00409 -0.96145 0.27499 0 0.43271 -0.90153 0 0.43271 -0.90153 0 0.43271 -0.90153 -0 0.43271 -0.90153 -0 0.43271 -0.90153 0 0.43271 -0.90153 0 0.43271 -0.90153 -0 0.43271 -0.90153 0 0.43271 -0.90153 0 0.43271 -0.90153 0 0.43271 -0.90153 -0 0.43271 -0.90153 0 0.37957 -0.92516 0 0.28698 -0.95794 0.0016 0.16895 -0.98562 -0.00171 -0.02905 -0.99958 0.00172 -0.16903 -0.98561 -0.00207 -0.35644 -0.93432 0.00193 -0.49951 -0.86631 -0.00198 -0.57945 -0.81501 0 -0.91417 -0.40533 0 -0.97594 -0.21805 0 -0.93819 -0.34604 0.00767 -0.93277 -0.36045 0.00374 -0.95394 -0.29999 -0 -0.82551 -0.56438 -0 -0.8647 -0.50228 0.00155 -0.84866 -0.52884 0.01063 -0.88513 -0.46534 0 -0.7806 -0.62503 0 -0.80699 -0.59056 0 -0.77373 -0.63349 0.00585 -0.81594 -0.57805 -0.00983 -0.74428 -0.66778 0.01067 -0.78007 -0.62568 -0.00355 -0.70332 -0.71086 0.0031 -0.7261 -0.68757 -0.00421 -0.6594 -0.75179 0.00284 -0.67203 -0.74052 0 -0.99829 -0.05846 -0 -0.99814 -0.06092 -0.00039 -0.99116 -0.13266 0.0004 -0.99261 -0.12132 0.0021 -0.97611 -0.21724 -0.00355 -0.98504 -0.17214 0.00828 -0.96142 -0.27502 -0.00619 -0.974 -0.22655 0.00299 -0.96286 -0.26999 0 -0.99908 0.04293 -0 -0.98836 0.15214 0.00186 -0.96043 0.2785 -0.00182 -0.87473 0.48461 0.00193 -0.81678 0.57695 -0.00142 -0.66336 0.7483 0.00145 -0.58204 0.81316 -0.00188 -0.48439 0.87485 -0 0.40533 -0.91417 0 0.21805 -0.97594 0 0.34604 -0.93819 0.00767 0.36045 -0.93277 0.00374 0.29999 -0.95394 -0 0.56438 -0.82551 -0 0.50228 -0.8647 0.00155 0.52884 -0.84866 0.01063 0.46534 -0.88513 0 0.62503 -0.7806 0 0.59056 -0.80699 0 0.63349 -0.77373 0.00585 0.57805 -0.81594 -0.00983 0.66778 -0.74428 0.01067 0.62568 -0.78007 -0.00355 0.71086 -0.70332 0.0031 0.68757 -0.7261 -0.00421 0.75179 -0.6594 0.00284 0.74052 -0.67203 0 0.05846 -0.99829 0 0.06092 -0.99814 -0.00039 0.13266 -0.99116 0.0004 0.12132 -0.99261 0.0021 0.21724 -0.97611 -0.00355 0.17214 -0.98504 0.00828 0.27502 -0.96142 -0.00619 0.22655 -0.974 0.00299 0.26999 -0.96286 0 -0.70091 -0.71325 -0.00087 -0.55409 0.83246 -0 -0.54191 0.84043 0.00246 -0.69403 0.71995 -0.00101 -0.69492 0.71908 -0.00109 -0.76493 0.64412 0.00082 -0.80074 0.599 0.00321 -0.91357 0.40641 -0.01453 -0.96765 0.2523 1E-05 -0.97329 0.22958 -0.00031 -0.99665 0.0818 0.00138 -0.99348 -0.11345 -0.01143 -0.9999 0.01416 0.00221 -0.94761 -0.31943 -0.00173 -0.83823 -0.54532 0.00071 -0.85636 -0.51637 0.00379 -0.95881 -0.28401 -0.00571 -0.52959 -0.84825 0 -0.55975 -0.82866 0.0015 -0.63507 -0.77245 -0.00283 -0.75438 -0.65637 0.0096 -0.50695 0.86198 -0 -0.57055 0.82124 -0.00664 -0.66281 0.74878 0.00304 -0.79615 0.60508 -0.00486 -0.79441 0.60736 -0.00524 -0.92254 0.38583 0.00754 -0.87689 0.48059 -0.01025 -0.90943 0.41586 -4E-05 -0.88891 0.45803 0.00653 -0.84431 0.53548 0.02001 0.92516 0.37957 -0 0.95794 0.28698 0.0016 0.98562 0.16895 -0.00171 0.99958 -0.02905 0.00172 0.98561 -0.16903 -0.00207 0.93432 -0.35644 0.00193 0.86631 -0.49951 -0.00198 0.81501 -0.57945 0 -0.49335 -0.86983 0 -0.49331 -0.86985 -1E-05 -0.43494 -0.90046 6E-05 -0.43486 -0.9005 -6E-05 -0.33155 -0.94344 6E-05 -0.33147 -0.94347 -6E-05 -0.15918 -0.98725 0 -0.15923 -0.98724 1E-05 -0.22391 -0.97461 -6E-05 -0.22074 -0.97532 -0.00409 -0.27499 -0.96145 0 0.90153 0.43271 -0 0.90153 0.43271 0 0.90153 0.43271 -0 0.90153 0.43271 0 0.90153 0.43271 0 0.90153 0.43271 -0 0.90153 0.43271 0 0.90153 0.43271 -0 0.90153 0.43271 -0 0.90153 0.43271 0 0.90153 0.43271 -0 0.99492 0.1007 0.00087 0.03943 0.99855 -0.03664 -0.30289 0.95303 -0 -0.31673 0.94851 -0.00246 -0.12758 0.99183 0.00101 -0.12634 0.99199 0.00109 0.03253 0.99947 -0.00187 0.24766 0.9686 0.02201 0.40844 0.91279 -1E-05 0.4297 0.90297 0.00031 0.55961 0.82876 -0.00138 0.70996 0.70415 0.01143 0.61441 0.78898 -0.00221 0.84197 0.53952 0.00173 0.94979 0.31288 -0.00071 0.93855 0.34513 -0.00379 0.82134 0.57041 0.00571 0.99308 -0.11741 0 0.99666 -0.08162 -0.0015 0.99992 0.01229 0.00283 0.98398 0.178 -0.0096 -0.35541 0.93471 -0 -0.28384 0.95885 0.00664 -0.16959 0.98551 -0.00304 0.02593 0.99965 0.00486 0.02306 0.99972 0.00524 0.27604 0.96112 -0.00754 0.17356 0.98477 0.01025 0.24442 0.96967 4E-05 0.19868 0.98004 -0.00653 0.11036 0.99369 -0.02001 0.43271 -0.90153 0 0.43271 -0.90153 -0 0.43271 -0.90153 0 0.43271 -0.90153 0 0.43271 -0.90153 -0 0.43271 -0.90153 0 0.43271 -0.90153 -0 0.43271 -0.90153 -0 0.43271 -0.90153 0 0.43271 -0.90153 0 0.43271 -0.90153 -0 0.23333 0.11199 0.96593 -0.23333 -0.11199 0.96593 -0.23333 -0.11199 0.96593 -0.63748 -0.30597 0.70711 -0.87081 -0.41797 0.25882 -0.87081 -0.41797 -0.25882 -0.63748 -0.30597 -0.70711 -0.23333 -0.11199 -0.96593 -0.23333 -0.11199 -0.96593 0.22271 0.10689 -0.96901 0.23852 0.10114 -0.96586 0.80146 0.38466 0.45793 0.72146 0.34628 0.59966 0.66375 0.24793 0.70567 0.54467 0.26905 0.79432 0.22815 0.09552 0.96893 0.88484 0.38679 0.25972 0.88537 0.38628 0.25866 0.90019 0.43208 0.05437 0.89682 0.43041 -0.10224 0.8918 0.37132 -0.25848 0.83972 0.40576 -0.36086 0.63172 0.31783 -0.70705 0.5847 0.0918 -0.80604 0.69079 0.32862 -0.64407 -0.90153 -0.43271 0 -0.90153 -0.43271 -0 -0.90153 -0.43271 0 -0.90153 -0.43271 0 -0.90153 -0.43271 -0 -0.90153 -0.43271 0 -0.90153 -0.43271 -0 -0.90153 -0.43271 -0 -0.90153 -0.43271 0 -0.90153 -0.43271 0 -0.90153 -0.43271 -0 0.10056 -0.99493 0.00076 0.99855 -0.03943 -0.03664 0.95303 0.30289 -0 0.94851 0.31673 -0.00246 0.99183 0.12758 0.00101 0.99199 0.12634 0.00109 0.99947 -0.03253 -0.00187 0.9686 -0.24766 0.02201 0.91279 -0.40844 -1E-05 0.90297 -0.4297 0.00031 0.82815 -0.5605 -0.00139 0.70348 -0.71062 0.01153 0.78898 -0.61441 -0.00221 0.53695 -0.84361 0.00176 0.30904 -0.95105 -0.00061 0.35308 -0.93558 -0.00469 0.57999 -0.81459 0.00746 -0.11323 -0.99357 0 -0.08162 -0.99666 -0.0015 0.02998 -0.99955 0.00304 0.19263 -0.9812 -0.01165 0.93471 0.35541 -0 0.95885 0.28384 0.00664 0.98551 0.16959 -0.00304 0.99965 -0.02593 0.00486 0.99972 -0.02306 0.00524 0.96112 -0.27604 -0.00754 0.98477 -0.17356 0.01025 0.96967 -0.24442 4E-05 0.98004 -0.19868 -0.00653 0.99369 -0.11036 -0.02001 0.11199 -0.23333 0.96593 -0.11199 0.23333 0.96593 -0.11199 0.23333 0.96593 -0.30597 0.63748 0.70711 -0.41797 0.87081 0.25882 -0.41797 0.87081 -0.25882 -0.30597 0.63748 -0.70711 -0.11199 0.23333 -0.96593 -0.11199 0.23333 -0.96593 0.10689 -0.22271 -0.96901 0.10114 -0.23852 -0.96586 0.38466 -0.80146 0.45793 0.34628 -0.72146 0.59966 0.24793 -0.66375 0.70567 0.26905 -0.54467 0.79432 0.09552 -0.22815 0.96893 0.38679 -0.88484 0.25972 0.38628 -0.88537 0.25866 0.43208 -0.90019 0.05437 0.43041 -0.89682 -0.10225 0.37132 -0.8918 -0.25848 0.40576 -0.83972 -0.36087 0.31783 -0.63172 -0.70705 0.09181 -0.5847 -0.80604 0.32862 -0.69079 -0.64407 -0.99493 -0.10059 0.00073 -0.04166 -0.99841 -0.03791 0.30289 -0.95303 0 0.31673 -0.94851 -0.00246 0.12216 -0.99251 0.00111 0.12602 -0.99203 0.00083 -0.03764 -0.99929 -0.00131 -0.25099 -0.96773 0.02239 -0.41194 -0.91121 -1E-05 -0.43317 -0.90131 0.00027 -0.55961 -0.82876 -0.00138 -0.71161 -0.70248 0.01159 -0.61409 -0.78923 -0.00257 -0.84211 -0.5393 0.00194 -0.95018 -0.3117 -0.0006 -0.93855 -0.34513 -0.00379 -0.82285 -0.56823 0.00561 -0.99309 0.11739 -0 -0.99666 0.08162 -0.0015 -0.99992 -0.01228 0.00283 -0.9842 -0.1768 -0.00952 0.35541 -0.93471 0 0.28384 -0.95885 0.00664 0.1696 -0.98551 -0.00304 -0.02593 -0.99965 0.00486 -0.02307 -0.99972 0.00524 -0.27959 -0.96009 -0.00772 -0.17681 -0.98419 0.01064 -0.24816 -0.96872 5E-05 -0.20223 -0.97931 -0.00676 -0.11289 -0.99339 -0.02081 -0.43271 0.90153 -0 -0.43271 0.90153 0 -0.43271 0.90153 -0 -0.43271 0.90153 -0 -0.43271 0.90153 -0 -0.43271 0.90153 -0 -0.43271 0.90153 -0 -0.43271 0.90153 0 -0.43271 0.90153 0 -0.43271 0.90153 -0 -0.43271 0.90153 0 -0.23333 -0.11199 0.96593 0.23333 0.11199 0.96593 0.23333 0.11199 0.96593 0.63748 0.30597 0.70711 0.87081 0.41797 0.25882 0.87081 0.41797 -0.25882 0.63748 0.30597 -0.70711 0.23333 0.11199 -0.96593 0.23333 0.11199 -0.96593 -0.22271 -0.10689 -0.96901 -0.23852 -0.10114 -0.96586 -0.80146 -0.38466 0.45793 -0.72146 -0.34628 0.59966 -0.66375 -0.24793 0.70567 -0.54467 -0.26905 0.79432 -0.22815 -0.09552 0.96893 -0.88484 -0.38679 0.25972 -0.88537 -0.38628 0.25866 -0.90019 -0.43208 0.05437 -0.89682 -0.43041 -0.10225 -0.8918 -0.37132 -0.25848 -0.83972 -0.40576 -0.36087 -0.63172 -0.31783 -0.70705 -0.5847 -0.09181 -0.80604 -0.69079 -0.32862 -0.64407 -0.1007 0.99492 0.00087 -0.99855 0.03943 -0.03664 -0.95303 -0.30289 0 -0.94851 -0.31673 -0.00246 -0.99183 -0.12758 0.00101 -0.99199 -0.12634 0.00109 -0.99947 0.03253 -0.00187 -0.9686 0.24766 0.02201 -0.91279 0.40844 -1E-05 -0.90297 0.4297 0.00031 -0.82876 0.55961 -0.00138 -0.70415 0.70996 0.01143 -0.78898 0.61441 -0.00221 -0.53952 0.84197 0.00173 -0.31288 0.94979 -0.00071 -0.34513 0.93855 -0.00379 -0.57041 0.82134 0.00571 0.11741 0.99308 -0 0.08162 0.99666 -0.0015 -0.01229 0.99992 0.00283 -0.178 0.98398 -0.0096 -0.93471 -0.35541 0 -0.95885 -0.28384 0.00664 -0.98551 -0.16959 -0.00304 -0.99965 0.02593 0.00486 -0.99972 0.02306 0.00524 -0.96112 0.27604 -0.00754 -0.98477 0.17356 0.01025 -0.96967 0.24442 4E-05 -0.98004 0.19868 -0.00653 -0.99369 0.11036 -0.02001 0.90153 0.43271 -0 0.90153 0.43271 0 0.90153 0.43271 -0 0.90153 0.43271 -0 0.90153 0.43271 -0 0.90153 0.43271 -0 0.90153 0.43271 -0 0.90153 0.43271 0 0.90153 0.43271 0 0.90153 0.43271 -0 0.90153 0.43271 0 -0.11199 0.23333 0.96593 0.11199 -0.23333 0.96593 0.11199 -0.23333 0.96593 0.30597 -0.63748 0.70711 0.41797 -0.87081 0.25882 0.41797 -0.87081 -0.25882 0.30597 -0.63748 -0.70711 0.11199 -0.23333 -0.96593 0.11199 -0.23333 -0.96593 -0.10689 0.22271 -0.96901 -0.10114 0.23852 -0.96586 -0.38466 0.80146 0.45793 -0.34628 0.72146 0.59966 -0.24793 0.66375 0.70567 -0.26905 0.54467 0.79432 -0.09552 0.22815 0.96893 -0.38679 0.88484 0.25972 -0.38628 0.88537 0.25866 -0.43208 0.90019 0.05437 -0.43041 0.89682 -0.10225 -0.37132 0.8918 -0.25848 -0.40576 0.83972 -0.36087 -0.31783 0.63172 -0.70705 -0.09181 0.5847 -0.80604 -0.32862 0.69079 -0.64407 0.22811 0.12284 -0.96586 0.55062 0.25666 -0.79432 0.60863 0.36277 -0.70567 0.72146 0.34628 -0.59966 0.8552 0.44915 -0.25866 0.85526 0.4484 -0.25972 0.80145 0.38468 -0.45793 0.84755 0.46352 0.25848 0.8968 0.43047 0.10225 0.90021 0.43205 -0.05437 0.43737 0.39876 0.80604 0.68849 0.3334 0.64407 0.84185 0.40134 0.36087 0.22271 0.10689 -0.96901 -0.23333 -0.11199 -0.96593 -0.23333 -0.11199 -0.96593 -0.23333 -0.11199 0.96593 -0.23333 -0.11199 0.96593 0.22271 0.10689 0.96901 0.22811 0.12284 0.96586 0.64313 0.29406 0.70705 0.02498 -0.68627 0.72692 -0.11161 -0.67867 0.72591 -0.1829 -0.71253 0.67738 -0.18527 -0.7676 0.61357 -0.2623 -0.75036 0.60676 -0.3197 -0.77873 0.53979 -0.32651 -0.82571 0.45999 -0.38218 -0.80701 0.4502 -0.46106 -0.84291 0.27735 -0.46106 -0.84291 0.27735 -0.49862 -0.86269 0.08459 -0.46011 -0.88618 0.0546 -0.50021 -0.86544 -0.0282 -0.48856 -0.85611 -0.16851 -0.40639 -0.90683 -0.11184 -0.47149 -0.85117 -0.23066 -0.4436 -0.83791 -0.31801 -0.37046 -0.8543 -0.3646 -0.3989 -0.8156 -0.41914 -0.35148 -0.79412 -0.49581 -0.27118 -0.79124 -0.54809 -0.28685 -0.76083 -0.58212 -0.14546 -0.69143 -0.70765 -0.14546 -0.69143 -0.70765 0.04105 -0.60191 -0.79751 0.04984 -0.66736 -0.74306 0.11021 -0.5723 -0.81261 0.24249 -0.50523 -0.82822 0.23615 -0.61139 -0.75527 0.2945 -0.48326 -0.82446 0.37757 -0.44397 -0.81261 0.45568 -0.45336 -0.76605 0.47577 -0.39541 -0.78568 0.63045 -0.31902 -0.70765 0.63045 -0.31902 -0.70764 0.77303 -0.25211 -0.58212 0.78696 -0.28336 -0.54809 0.83944 -0.22252 -0.49581 0.90545 -0.18703 -0.38103 0.87492 -0.28515 -0.39141 0.98076 -0.15357 -0.12054 0.96311 -0.21559 -0.16105 0.95901 -0.16458 -0.23067 0.93122 -0.17803 -0.31801 0.98497 -0.15061 0.08459 0.94605 -0.16754 0.27735 0.94605 -0.16754 0.27735 0.86869 -0.20663 0.4502 0.84847 -0.26176 0.45999 0.80755 -0.23768 0.53979 0.7137 -0.27906 0.64246 0.74665 -0.35995 0.55942 0.67033 -0.30301 0.67738 0.59932 -0.33744 0.72591 0.54827 -0.41141 0.72811 -0.05498 -0.648 0.75965 0.14082 -0.55402 0.8205 0.14082 -0.55402 0.8205 0.34416 -0.45643 0.8205 0.34416 -0.45643 0.8205 0.50667 -0.38077 0.7735 0.84928 -0.51576 -0.11273 0.84929 -0.51576 -0.11273 0.80373 -0.53762 -0.25491 0.80373 -0.53762 -0.25491 0.72528 -0.57528 -0.37818 0.72528 -0.57528 -0.37819 0.61976 -0.62593 -0.47341 0.61976 -0.62593 -0.47341 0.49498 -0.68581 -0.53353 0.49498 -0.68581 -0.53353 0.36022 -0.7505 -0.55407 0.36022 -0.7505 -0.55407 0.22545 -0.81518 -0.53353 0.22545 -0.81518 -0.53353 0.10068 -0.87507 -0.47341 0.10068 -0.87507 -0.47341 -0.00485 -0.92572 -0.37819 -0.00485 -0.92572 -0.37818 -0.0833 -0.96337 -0.25491 -0.0833 -0.96337 -0.25491 -0.12885 -0.98524 -0.11273 -0.12885 -0.98524 -0.11273 -0.13814 -0.98969 0.03781 -0.13813 -0.98969 0.03781 -0.11046 -0.97641 0.18555 -0.11046 -0.97641 0.18555 -0.04787 -0.94637 0.31952 -0.04787 -0.94637 0.31952 0.04498 -0.9018 0.4298 0.04498 -0.9018 0.4298 0.16121 -0.84602 0.5082 0.16121 -0.84602 0.5082 0.2922 -0.78314 0.54891 0.2922 -0.78314 0.54891 0.42823 -0.71785 0.54891 0.42823 -0.71785 0.54891 0.55922 -0.65498 0.5082 0.55922 -0.65498 0.5082 0.67546 -0.59919 0.4298 0.67545 -0.59919 0.4298 0.76831 -0.55463 0.31952 0.76831 -0.55462 0.31952 0.83089 -0.52459 0.18555 0.83089 -0.52459 0.18555 0.60965 -0.79238 0.02125 0.59863 -0.801 -0.0066 0.5964 -0.80171 -0.03964 0.5964 -0.80171 -0.03964 0.58038 -0.8094 -0.08964 0.58038 -0.8094 -0.08964 0.55279 -0.82264 -0.13299 0.55279 -0.82264 -0.13299 0.51568 -0.84045 -0.16648 0.51568 -0.84045 -0.16648 0.47181 -0.86151 -0.18762 0.47181 -0.86151 -0.18761 0.42442 -0.88426 -0.19484 0.42442 -0.88426 -0.19484 0.37702 -0.907 -0.18762 0.37703 -0.907 -0.18761 0.33315 -0.92806 -0.16647 0.33315 -0.92806 -0.16647 0.29604 -0.94587 -0.13299 0.29604 -0.94587 -0.13299 0.26846 -0.95911 -0.08964 0.26845 -0.95911 -0.08964 0.25243 -0.9668 -0.03964 0.25244 -0.9668 -0.03964 0.24917 -0.96837 0.0133 0.24917 -0.96837 0.0133 0.2589 -0.9637 0.06525 0.2589 -0.9637 0.06525 0.28091 -0.95313 0.11236 0.28091 -0.95313 0.11236 0.31356 -0.93746 0.15114 0.31356 -0.93746 0.15114 0.35444 -0.91784 0.17871 0.35444 -0.91784 0.17871 0.4005 -0.89574 0.19302 0.4005 -0.89574 0.19302 0.44834 -0.87278 0.19302 0.44833 -0.87278 0.19302 0.4944 -0.85067 0.17871 0.4944 -0.85067 0.17871 0.53527 -0.83105 0.15114 0.53527 -0.83105 0.15114 0.56792 -0.81538 0.11236 0.56792 -0.81538 0.11236 0.58993 -0.80481 0.06525 0.58993 -0.80481 0.06525 0.59966 -0.80014 0.0133 0.85857 -0.5113 0.03781 0.85857 -0.51131 0.03781 0.97921 -0.19535 0.0546 0.98812 -0.15109 -0.0282 -0.25043 0.96793 0.01984 -0.2589 0.9637 0.06525 -0.2589 0.9637 0.06525 -0.28091 0.95313 0.11236 -0.28091 0.95313 0.11236 -0.31356 0.93746 0.15114 -0.31356 0.93746 0.15114 -0.35444 0.91784 0.17871 -0.35444 0.91784 0.17871 -0.4005 0.89574 0.19302 -0.4005 0.89574 0.19302 -0.44833 0.87278 0.19302 -0.44833 0.87278 0.19302 -0.4944 0.85067 0.17871 -0.4944 0.85067 0.17871 -0.53527 0.83105 0.15114 -0.53527 0.83105 0.15114 -0.56792 0.81538 0.11236 -0.56792 0.81538 0.11236 -0.58993 0.80481 0.06525 -0.58993 0.80481 0.06525 -0.59966 0.80014 0.0133 -0.59966 0.80014 0.0133 -0.5964 0.80171 -0.03964 -0.5964 0.80171 -0.03964 -0.58038 0.8094 -0.08964 -0.58038 0.8094 -0.08964 -0.55279 0.82264 -0.13299 -0.55279 0.82264 -0.13299 -0.51568 0.84045 -0.16647 -0.51568 0.84045 -0.16648 -0.47181 0.86151 -0.18761 -0.47181 0.86151 -0.18762 -0.42442 0.88426 -0.19484 -0.42442 0.88426 -0.19484 -0.37703 0.907 -0.18761 -0.37703 0.907 -0.18762 -0.33315 0.92806 -0.16648 -0.33315 0.92806 -0.16648 -0.29604 0.94587 -0.13299 -0.29604 0.94587 -0.13299 -0.26846 0.95911 -0.08964 -0.26846 0.95911 -0.08964 -0.25244 0.9668 -0.03964 -0.25244 0.9668 -0.03964 -0.25048 0.9681 -0.0066 -0.24049 0.97055 0.0139 -0.2922 0.78314 0.54891 -0.16121 0.84602 0.5082 -0.16121 0.84601 0.5082 -0.04498 0.9018 0.4298 -0.04498 0.9018 0.4298 0.04787 0.94637 0.31952 0.04787 0.94637 0.31952 0.11046 0.97641 0.18555 0.11046 0.97641 0.18555 0.13813 0.98969 0.03781 0.13813 0.98969 0.03781 0.12885 0.98524 -0.11273 0.12886 0.98524 -0.11273 0.0833 0.96337 -0.25491 0.0833 0.96337 -0.25491 0.00485 0.92572 -0.37818 0.00485 0.92572 -0.37819 -0.10068 0.87507 -0.47341 -0.10068 0.87507 -0.47341 -0.22545 0.81518 -0.53353 -0.22545 0.81518 -0.53353 -0.36022 0.7505 -0.55407 -0.36022 0.7505 -0.55407 -0.49498 0.68581 -0.53353 -0.49498 0.68581 -0.53353 -0.61976 0.62593 -0.47341 -0.61976 0.62593 -0.47341 -0.72528 0.57528 -0.37819 -0.72528 0.57528 -0.37818 -0.80373 0.53762 -0.25491 -0.80373 0.53762 -0.25491 -0.84928 0.51576 -0.11273 -0.84928 0.51576 -0.11273 -0.85857 0.5113 0.03781 -0.85857 0.5113 0.03781 -0.83089 0.52459 0.18555 -0.83089 0.52459 0.18555 -0.76831 0.55463 0.31952 -0.76831 0.55463 0.31952 -0.67546 0.59919 0.4298 -0.67546 0.59919 0.4298 -0.55922 0.65498 0.5082 -0.55922 0.65498 0.5082 -0.42823 0.71785 0.54891 -0.42823 0.71785 0.54891 -0.2922 0.78314 0.54891 -0.76358 0.37332 0.52685 -0.70571 0.18383 0.68424 -0.86692 0.27344 0.41674 -0.85381 0.18181 0.48781 -0.94389 0.19205 0.26868 -0.94384 0.18457 0.27403 -0.98612 0.13718 0.09348 -0.97921 0.19535 0.0546 -0.9889 0.11437 -0.09487 -0.96311 0.21559 -0.16104 -0.95901 0.16458 -0.23066 -0.93122 0.17803 -0.31801 -0.8617 0.30569 -0.40501 -0.9096 0.11676 -0.39873 -0.76938 0.30154 -0.56314 -0.78825 0.23412 -0.56907 -0.64052 0.32243 -0.69697 -0.63319 0.34676 -0.69197 -0.48454 0.36762 -0.79378 -0.45568 0.45336 -0.76605 -0.37757 0.44397 -0.81261 0.47149 0.85117 -0.23067 0.4436 0.83791 -0.31801 0.37046 0.8543 -0.3646 0.41449 0.79108 -0.44988 0.27118 0.79124 -0.54809 0.28949 0.7554 -0.58785 0.13979 0.69707 -0.70324 0.13277 0.71703 -0.68428 -0.01884 0.57079 -0.82088 -0.04164 0.67927 -0.7327 -0.19716 0.41077 -0.89017 -0.21831 0.64543 -0.73196 -0.2945 0.48326 -0.82446 0.39028 0.91682 -0.08435 0.5616 0.80806 -0.17787 0.44246 0.89241 0.08846 0.52017 0.85214 0.0573 0.4479 0.85224 0.27033 0.43997 0.85565 0.27256 0.40374 0.79885 0.44591 0.32651 0.82571 0.45999 0.31229 0.73638 0.60018 0.18527 0.7676 0.61357 0.1829 0.71253 0.67738 -0.67033 0.30301 0.67738 -0.59932 0.33744 0.72591 -0.54827 0.41141 0.72811 -0.4836 0.36376 0.79613 -0.35496 0.48583 0.79873 -0.32652 0.4662 0.82222 -0.14082 0.55402 0.8205 -0.17721 0.57684 0.7974 0.08746 0.60907 0.78828 -0.04771 0.68629 0.72576 0.11161 0.67867 0.72591 -0.00515 -0.37944 -0.9252 -0.19692 0.15834 -0.96755 -0.92958 -0.06936 -0.36204 0.25767 0.50057 0.82646 0.57199 0.64973 -0.50067 0.45354 0.59288 -0.66543 0.30501 0.52159 -0.79682 0.13384 0.43943 -0.88825 -0.05137 0.35054 -0.93514 0.35061 0.52336 0.77664 -0.95839 -0.107 -0.26466 -0.20475 0.27824 -0.93843 -0.23786 0.25127 -0.93823 -0.29927 0.23333 -0.9252 -0.42657 0.17045 -0.88825 -0.42657 0.17045 -0.88825 -0.38856 0.06636 -0.91903 -0.38856 0.06636 -0.91903 -0.34543 -0.03855 -0.93765 -0.59774 0.0883 -0.79682 -0.59774 0.0883 -0.79682 -0.56565 -0.01865 -0.82443 -0.56565 -0.01865 -0.82443 -0.52612 -0.12528 -0.84113 -0.52612 -0.12528 -0.84113 -0.47964 -0.23022 -0.84672 -0.74627 0.01701 -0.66543 -0.74627 0.01701 -0.66543 -0.71933 -0.09241 -0.68849 -0.71933 -0.09241 -0.68849 -0.68291 -0.20053 -0.70244 -0.68291 -0.20053 -0.70244 -0.63748 -0.30597 -0.70711 -0.58363 -0.40737 -0.70244 -0.86472 -0.03985 -0.50067 -0.86472 -0.03985 -0.50067 -0.84189 -0.15123 -0.51802 -0.84189 -0.15123 -0.51802 -0.80795 -0.26055 -0.52852 -0.80795 -0.26055 -0.52852 -0.76335 -0.36639 -0.53203 -0.70867 -0.46739 -0.52852 -0.70867 -0.46739 -0.52852 -0.64462 -0.56225 -0.51802 0.38856 -0.06636 -0.91903 0.56565 0.01865 -0.82443 0.56565 0.01865 -0.82443 0.52612 0.12528 -0.84113 0.71933 0.09241 -0.68849 0.71933 0.09241 -0.68849 0.68291 0.20053 -0.70244 0.68291 0.20053 -0.70244 0.63748 0.30597 -0.70711 0.84189 0.15123 -0.51802 0.84189 0.15123 -0.51802 0.80795 0.26055 -0.52852 0.80795 0.26055 -0.52852 0.76335 0.36639 -0.53203 0.70867 0.46739 -0.52852 0.77364 0.62418 0.10902 0.77364 0.62418 0.10902 0.84031 0.53057 0.11123 0.84031 0.53057 0.11123 0.89586 0.42999 0.11196 0.93959 0.32373 0.11123 0.93959 0.32373 0.11123 0.97092 0.21316 0.10902 0.97092 0.21316 0.10902 0.7299 0.60318 0.32158 0.7299 0.60318 0.32158 0.79569 0.50915 0.3281 0.79569 0.50915 0.3281 0.85094 0.40843 0.33028 0.89496 0.30231 0.3281 0.89496 0.30231 0.3281 0.92718 0.19217 0.32158 0.92718 0.19217 0.32158 0.64462 0.56225 0.51802 0.64462 0.56225 0.51802 0.70867 0.46739 0.52852 0.70867 0.46739 0.52852 0.76335 0.36639 0.53203 0.80795 0.26055 0.52852 0.80795 0.26055 0.52852 0.84189 0.15123 0.51802 0.84189 0.15123 0.51802 0.13384 0.43943 0.88825 0.13384 0.43943 0.88825 0.19128 0.34466 0.91903 0.19128 0.34466 0.91903 0.24615 0.24539 0.93765 0.24615 0.24539 0.93765 0.29776 0.14291 0.94388 0.34543 0.03855 0.93765 0.34543 0.03855 0.93765 0.38856 -0.06636 0.91903 0.38856 -0.06636 0.91903 -0.05137 0.35054 0.93514 -0.05137 0.35054 0.93514 -0.00036 0.25268 0.96755 -0.00036 0.25268 0.96755 0.05064 0.15155 0.98715 0.05064 0.15155 0.98715 0.10094 0.04845 0.99371 0.14991 -0.05529 0.98715 0.14991 -0.05529 0.98715 0.19692 -0.15833 0.96755 0.19692 -0.15834 0.96755 -0.24135 0.25935 0.93514 -0.24135 0.25935 0.93514 -0.19692 0.15834 0.96755 -0.19692 0.15833 0.96755 -0.14991 0.05529 0.98715 -0.14991 0.05529 0.98715 -0.10094 -0.04845 0.99371 -0.05064 -0.15155 0.98715 -0.05064 -0.15155 0.98715 0.00036 -0.25268 0.96755 0.00036 -0.25268 0.96755 -0.42657 0.17045 0.88825 -0.42657 0.17045 0.88825 -0.38856 0.06636 0.91903 -0.38856 0.06636 0.91903 -0.34543 -0.03855 0.93765 -0.34543 -0.03855 0.93765 -0.29776 -0.14291 0.94388 -0.24615 -0.24539 0.93765 -0.24615 -0.24539 0.93765 -0.19128 -0.34466 0.91903 -0.19128 -0.34466 0.91903 -0.84189 -0.15123 0.51802 -0.84189 -0.15123 0.51802 -0.80795 -0.26055 0.52852 -0.80795 -0.26055 0.52852 -0.76335 -0.36639 0.53203 -0.70867 -0.46739 0.52852 -0.70867 -0.46739 0.52852 -0.64462 -0.56225 0.51802 -0.64462 -0.56225 0.51802 -0.92718 -0.19217 0.32158 -0.92718 -0.19217 0.32158 -0.89496 -0.30231 0.3281 -0.89496 -0.30231 0.3281 -0.85094 -0.40843 0.33028 -0.79569 -0.50915 0.3281 -0.79569 -0.50915 0.3281 -0.7299 -0.60318 0.32158 -0.7299 -0.60318 0.32158 -0.97092 -0.21316 0.10902 -0.97092 -0.21316 0.10902 -0.93959 -0.32373 0.11123 -0.93959 -0.32373 0.11123 -0.89586 -0.42999 0.11196 -0.84031 -0.53057 0.11123 -0.84031 -0.53057 0.11123 -0.77364 -0.62418 0.10902 -0.77364 -0.62418 0.10902 0.64462 0.56225 -0.51802 0.70867 0.46739 -0.52852 0.58363 0.40737 -0.70244 0.47964 0.23022 -0.84672 0.52612 0.12528 -0.84113 0.34543 0.03855 -0.93765 0.38856 -0.06636 -0.91903 0.19692 -0.15834 -0.96755 0.23786 -0.25127 -0.93823 0.20475 -0.27824 -0.93843 0.74627 -0.01701 -0.66543 0.74883 -0.01382 -0.66262 0.59817 -0.08993 -0.79631 0.58904 -0.10034 -0.80185 0.42484 -0.16541 -0.89003 0.41109 -0.17855 -0.89394 0.29927 -0.23333 -0.9252 0.9858 0.09688 -0.13718 0.94715 0.07941 -0.31081 0.92718 0.19217 -0.32158 0.92718 0.19217 -0.32158 0.89496 0.30231 -0.3281 0.89496 0.30231 -0.3281 0.85094 0.40843 -0.33028 0.79569 0.50915 -0.3281 0.79569 0.50915 -0.3281 0.7299 0.60318 -0.32158 0.7299 0.60318 -0.32158 0.66118 0.68232 -0.31189 0.63559 0.68188 -0.36204 0.95839 0.10699 -0.26467 0.92958 0.06936 -0.36204 0.86472 0.03985 -0.50067 0.87592 0.05715 -0.47906 0.82517 0.01891 -0.56457 0.77364 0.62418 -0.10902 0.77364 0.62418 -0.10902 0.84031 0.53057 -0.11123 0.84031 0.53057 -0.11123 0.89586 0.42999 -0.11196 0.93959 0.32373 -0.11123 0.93959 0.32373 -0.11123 0.97092 0.21316 -0.10902 0.97092 0.21316 -0.10902 0.98853 0.10793 -0.10567 0.63255 -0.07302 0.77107 0.74627 -0.01701 0.66543 0.71933 0.09241 0.68849 0.71933 0.09241 0.68849 0.68291 0.20053 0.70244 0.68291 0.20053 0.70244 0.63748 0.30597 0.70711 0.58363 0.40737 0.70244 0.58363 0.40737 0.70244 0.52206 0.50342 0.68849 0.52206 0.50342 0.68849 0.71926 -0.01397 0.6946 0.78883 0.00158 0.61461 0.86472 0.03985 0.50067 0.85717 0.04213 0.51331 0.94782 0.07375 0.31017 0.9462 0.07515 0.31473 0.9891 0.10278 0.10548 0.99034 0.09979 0.09623 0.99445 0.10021 -0.03211 0.66727 0.69699 -0.26259 0.6967 0.70959 -0.10537 0.6967 0.70959 -0.10536 0.6967 0.70959 0.10537 0.6967 0.70959 0.10536 0.65442 0.6893 0.31081 0.65442 0.6893 0.31081 0.57199 0.64973 0.50067 0.57199 0.64973 0.50067 0.45354 0.59288 0.66543 0.45354 0.59288 0.66543 0.30501 0.52159 0.79682 0.36838 0.42966 0.82443 0.36838 0.42966 0.82443 0.42684 0.33212 0.84113 0.42684 0.33212 0.84113 0.47964 0.23022 0.84672 0.52612 0.12528 0.84113 0.52612 0.12528 0.84113 0.56565 0.01865 0.82443 0.56565 0.01865 0.82443 0.59535 -0.07938 0.79954 -0.42897 -0.58229 0.6906 -0.30501 -0.52159 0.79682 -0.36838 -0.42966 0.82443 -0.36838 -0.42966 0.82443 -0.42684 -0.33212 0.84113 -0.42684 -0.33212 0.84113 -0.47964 -0.23022 0.84672 -0.52612 -0.12528 0.84113 -0.52612 -0.12528 0.84113 -0.56565 -0.01865 0.82443 -0.56565 -0.01865 0.82443 -0.59535 0.07938 0.79954 -0.55173 0.11208 0.82646 -0.35061 -0.52336 0.77664 -0.25767 -0.50057 0.82646 -0.13384 -0.43943 0.88825 -0.15816 -0.4412 0.88336 0.0559 -0.35906 0.93164 0.03041 -0.35959 0.93262 0.24135 -0.25935 0.93514 0.26525 -0.2575 0.92916 0.42452 -0.16448 0.89035 0.44625 -0.16182 0.88016 0.55173 -0.11208 0.82646 -0.71933 -0.09241 0.68849 -0.71933 -0.09241 0.68849 -0.68291 -0.20053 0.70244 -0.68291 -0.20053 0.70244 -0.63748 -0.30597 0.70711 -0.58363 -0.40737 0.70244 -0.58363 -0.40737 0.70244 -0.52206 -0.50342 0.68849 -0.52206 -0.50342 0.68849 -0.45906 -0.58624 0.66753 -0.66727 -0.69699 -0.26258 -0.6967 -0.70959 -0.10537 -0.77364 -0.62418 -0.10902 -0.77364 -0.62418 -0.10902 -0.84031 -0.53057 -0.11123 -0.84031 -0.53057 -0.11123 -0.89586 -0.42999 -0.11196 -0.93959 -0.32373 -0.11123 -0.93959 -0.32373 -0.11123 -0.97092 -0.21316 -0.10902 -0.97092 -0.21316 -0.10902 -0.70235 -0.69835 -0.13788 -0.70023 -0.71319 -0.03211 -0.6967 -0.70959 0.10537 -0.70025 -0.70736 0.09637 -0.65186 -0.69191 0.3104 -0.64908 -0.69266 0.31449 -0.57494 -0.64652 0.50146 -0.56498 -0.64688 0.51219 -0.49466 -0.61446 0.61461 -0.63559 -0.68188 -0.36204 -0.66118 -0.68232 -0.31189 -0.7299 -0.60318 -0.32158 -0.7299 -0.60318 -0.32158 -0.79569 -0.50915 -0.3281 -0.79569 -0.50915 -0.3281 -0.85094 -0.40843 -0.33028 -0.89496 -0.30231 -0.3281 -0.89496 -0.30231 -0.3281 -0.92718 -0.19217 -0.32158 -0.92718 -0.19217 -0.32158 -0.94715 -0.07941 -0.31081 -0.98942 -0.0997 -0.10537 -0.98942 -0.0997 -0.10536 -0.98942 -0.0997 0.10537 -0.98942 -0.0997 0.10536 -0.94715 -0.07941 0.31081 -0.94715 -0.07941 0.31081 -0.86472 -0.03985 0.50067 -0.86472 -0.03985 0.50067 -0.74627 0.01701 0.66543 -0.74627 0.01701 0.66543 -0.63255 0.07302 0.77107 -0.53091 -0.63197 -0.56457 -0.05137 0.35054 -0.93514 -0.00036 0.25268 -0.96755 -0.19692 0.15834 -0.96755 -0.14991 0.05529 -0.98715 -0.34543 -0.03855 -0.93765 -0.29776 -0.14291 -0.94388 -0.42684 -0.33212 -0.84113 -0.58363 -0.40737 -0.70244 -0.52206 -0.50342 -0.68849 -0.64462 -0.56225 -0.51802 -0.577 -0.64425 -0.50202 -0.58428 -0.65658 -0.47698 0.13384 0.43943 -0.88825 0.19128 0.34466 -0.91903 -0.00036 0.25268 -0.96755 0.05063 0.15155 -0.98715 -0.14991 0.05529 -0.98715 -0.10094 -0.04845 -0.99371 -0.24615 -0.24539 -0.93765 -0.42684 -0.33212 -0.84113 -0.36838 -0.42966 -0.82443 -0.52206 -0.50342 -0.68849 -0.45455 -0.59167 -0.66581 -0.45635 -0.59441 -0.66213 0.30501 0.52159 -0.79682 0.36838 0.42966 -0.82443 0.19128 0.34466 -0.91903 0.24615 0.24539 -0.93765 0.05063 0.15155 -0.98715 0.10094 0.04845 -0.99371 -0.05063 -0.15155 -0.98715 -0.24615 -0.24539 -0.93765 -0.19128 -0.34466 -0.91903 -0.36838 -0.42966 -0.82443 -0.30048 -0.52768 -0.79452 -0.29364 -0.51762 -0.80364 0.45354 0.59288 -0.66543 0.52206 0.50342 -0.68849 0.36838 0.42966 -0.82443 0.42684 0.33212 -0.84113 0.29776 0.14291 -0.94388 0.14991 -0.05529 -0.98715 -0.05063 -0.15155 -0.98715 0.00036 -0.25268 -0.96755 -0.19128 -0.34466 -0.91903 -0.13384 -0.43943 -0.88825 -0.12196 -0.42583 -0.89655 0.57199 0.64973 -0.50067 0.64462 0.56225 -0.51802 0.52206 0.50342 -0.68849 0.58363 0.40737 -0.70244 0.42684 0.33212 -0.84113 0.14991 -0.05529 -0.98715 0.19692 -0.15834 -0.96755 0.00036 -0.25268 -0.96755 0.05137 -0.35054 -0.93514 0.08108 -0.31823 -0.94454 0.43271 -0.90153 -0 0.43271 -0.90153 0 0.43271 -0.90153 -0 0.43271 -0.90153 -0 0.43271 -0.90153 0 0.43271 -0.90153 0 0.43271 -0.90153 -0 0.43271 -0.90153 0 0.43271 -0.90153 -0 0.43271 -0.90153 0 0.43271 -0.90153 0 0.43271 -0.90153 -0 0.43271 -0.90153 0 0.43271 -0.90153 -0 0.43271 -0.90153 0 0.43271 -0.90153 0 0.43271 -0.90153 0 0.43271 -0.90153 -0 0.43271 -0.90153 -0 0.43271 -0.90153 -0 0.43271 -0.90153 0 0.43271 -0.90153 0 0.43271 -0.90153 0 0.43271 -0.90153 -0 0.43271 -0.90153 -0 0.43271 -0.90153 0 0.43271 -0.90153 0 0.43271 -0.90153 0 0.43271 -0.90153 0 0.43271 -0.90153 -0 0.43271 -0.90153 -0 -0.43271 0.90153 0 -0.43271 0.90153 -0 -0.43271 0.90153 0 -0.43271 0.90153 -0 -0.43271 0.90153 0 -0.43271 0.90153 0 -0.43271 0.90153 -0 -0.43271 0.90153 -0 -0.43271 0.90153 0 -0.43271 0.90153 0 -0.43271 0.90153 -0 -0.43271 0.90153 -0 -0.43271 0.90153 -0 -0.43271 0.90153 -0 -0.43271 0.90153 0 -0.43271 0.90153 -0 -0.43271 0.90153 0 -0.43271 0.90153 0 -0.43271 0.90153 0 -0.43271 0.90153 -0 -0.43271 0.90153 0 -0.43271 0.90153 0 -0.43271 0.90153 -0 -0.43271 0.90153 0 -0.43271 0.90153 -0 -0.43271 0.90153 0 -0.43271 0.90153 -0 -0.43271 0.90153 -0 -0.43271 0.90153 0 -0.43271 0.90153 0 -0.43271 0.90153 -0 0.12284 -0.22811 -0.96586 0.25666 -0.55062 -0.79432 0.36277 -0.60863 -0.70567 0.34628 -0.72146 -0.59966 0.44915 -0.8552 -0.25866 0.4484 -0.85526 -0.25972 0.38468 -0.80145 -0.45793 0.46352 -0.84755 0.25848 0.43047 -0.8968 0.10225 0.43205 -0.90021 -0.05437 0.39876 -0.43737 0.80604 0.3334 -0.68849 0.64407 0.40134 -0.84185 0.36087 0.10689 -0.22271 -0.96901 -0.11199 0.23333 -0.96593 -0.11199 0.23333 -0.96593 -0.11199 0.23333 0.96593 -0.11199 0.23333 0.96593 0.10689 -0.22271 0.96901 0.12284 -0.22811 0.96586 0.29406 -0.64313 0.70705 -0.68627 -0.02498 0.72692 -0.67867 0.11161 0.72591 -0.71253 0.1829 0.67738 -0.7676 0.18527 0.61357 -0.75036 0.2623 0.60676 -0.77873 0.3197 0.53979 -0.82571 0.32651 0.45999 -0.80701 0.38218 0.4502 -0.84291 0.46106 0.27735 -0.84291 0.46106 0.27735 -0.86269 0.49862 0.08459 -0.88618 0.46011 0.0546 -0.86544 0.50021 -0.0282 -0.85611 0.48856 -0.16851 -0.90683 0.40639 -0.11184 -0.85117 0.47149 -0.23066 -0.83791 0.4436 -0.31801 -0.8543 0.37046 -0.3646 -0.8156 0.3989 -0.41914 -0.79412 0.35148 -0.49581 -0.79124 0.27118 -0.54809 -0.76083 0.28685 -0.58212 -0.69143 0.14546 -0.70765 -0.69143 0.14546 -0.70765 -0.60191 -0.04105 -0.79751 -0.66736 -0.04984 -0.74306 -0.5723 -0.11021 -0.81261 -0.50523 -0.24249 -0.82822 -0.61139 -0.23615 -0.75527 -0.48326 -0.2945 -0.82446 -0.44397 -0.37757 -0.81261 -0.45336 -0.45568 -0.76605 -0.39541 -0.47577 -0.78568 -0.31902 -0.63045 -0.70765 -0.31902 -0.63045 -0.70764 -0.25211 -0.77303 -0.58212 -0.28336 -0.78696 -0.54809 -0.22252 -0.83944 -0.49581 -0.18703 -0.90545 -0.38103 -0.28515 -0.87492 -0.39141 -0.15357 -0.98076 -0.12054 -0.21559 -0.96311 -0.16105 -0.16458 -0.95901 -0.23067 -0.17803 -0.93122 -0.31801 -0.15061 -0.98497 0.08459 -0.16754 -0.94605 0.27735 -0.16754 -0.94605 0.27735 -0.20663 -0.86869 0.4502 -0.26176 -0.84847 0.45999 -0.23768 -0.80755 0.53979 -0.27906 -0.7137 0.64246 -0.35995 -0.74665 0.55942 -0.30301 -0.67033 0.67738 -0.33744 -0.59932 0.72591 -0.41141 -0.54827 0.72811 -0.648 0.05498 0.75965 -0.55402 -0.14082 0.8205 -0.55402 -0.14082 0.8205 -0.45643 -0.34416 0.8205 -0.45643 -0.34416 0.8205 -0.38077 -0.50667 0.7735 -0.51576 -0.84928 -0.11273 -0.51576 -0.84929 -0.11273 -0.53762 -0.80373 -0.25491 -0.53762 -0.80373 -0.25491 -0.57528 -0.72528 -0.37818 -0.57528 -0.72528 -0.37819 -0.62593 -0.61976 -0.47341 -0.62593 -0.61976 -0.47341 -0.68581 -0.49498 -0.53353 -0.68581 -0.49498 -0.53353 -0.7505 -0.36022 -0.55407 -0.7505 -0.36022 -0.55407 -0.81518 -0.22545 -0.53353 -0.81518 -0.22545 -0.53353 -0.87507 -0.10068 -0.47341 -0.87507 -0.10068 -0.47341 -0.92572 0.00485 -0.37819 -0.92572 0.00485 -0.37818 -0.96337 0.0833 -0.25491 -0.96337 0.0833 -0.25491 -0.98524 0.12885 -0.11273 -0.98524 0.12885 -0.11273 -0.98969 0.13814 0.03781 -0.98969 0.13813 0.03781 -0.97641 0.11046 0.18555 -0.97641 0.11046 0.18555 -0.94637 0.04787 0.31952 -0.94637 0.04787 0.31952 -0.9018 -0.04498 0.4298 -0.9018 -0.04498 0.4298 -0.84602 -0.16121 0.5082 -0.84602 -0.16121 0.5082 -0.78314 -0.2922 0.54891 -0.78314 -0.2922 0.54891 -0.71785 -0.42823 0.54891 -0.71785 -0.42823 0.54891 -0.65498 -0.55922 0.5082 -0.65498 -0.55922 0.5082 -0.59919 -0.67546 0.4298 -0.59919 -0.67545 0.4298 -0.55463 -0.76831 0.31952 -0.55462 -0.76831 0.31952 -0.52459 -0.83089 0.18555 -0.52459 -0.83089 0.18555 -0.79238 -0.60965 0.02125 -0.801 -0.59863 -0.0066 -0.80171 -0.5964 -0.03964 -0.80171 -0.5964 -0.03964 -0.8094 -0.58038 -0.08964 -0.8094 -0.58038 -0.08964 -0.82264 -0.55279 -0.13299 -0.82264 -0.55279 -0.13299 -0.84045 -0.51568 -0.16648 -0.84045 -0.51568 -0.16648 -0.86151 -0.47181 -0.18762 -0.86151 -0.47181 -0.18761 -0.88426 -0.42442 -0.19484 -0.88426 -0.42442 -0.19484 -0.907 -0.37702 -0.18762 -0.907 -0.37703 -0.18761 -0.92806 -0.33315 -0.16647 -0.92806 -0.33315 -0.16647 -0.94587 -0.29604 -0.13299 -0.94587 -0.29604 -0.13299 -0.95911 -0.26846 -0.08964 -0.95911 -0.26845 -0.08964 -0.9668 -0.25243 -0.03964 -0.9668 -0.25244 -0.03964 -0.96837 -0.24917 0.0133 -0.96837 -0.24917 0.0133 -0.9637 -0.2589 0.06525 -0.9637 -0.2589 0.06525 -0.95313 -0.28091 0.11236 -0.95313 -0.28091 0.11236 -0.93746 -0.31356 0.15114 -0.93746 -0.31356 0.15114 -0.91784 -0.35444 0.17871 -0.91784 -0.35444 0.17871 -0.89574 -0.4005 0.19302 -0.89574 -0.4005 0.19302 -0.87278 -0.44834 0.19302 -0.87278 -0.44833 0.19302 -0.85067 -0.4944 0.17871 -0.85067 -0.4944 0.17871 -0.83105 -0.53527 0.15114 -0.83105 -0.53527 0.15114 -0.81538 -0.56792 0.11236 -0.81538 -0.56792 0.11236 -0.80481 -0.58993 0.06525 -0.80481 -0.58993 0.06525 -0.80014 -0.59966 0.0133 -0.5113 -0.85857 0.03781 -0.51131 -0.85857 0.03781 -0.19535 -0.97921 0.0546 -0.15109 -0.98812 -0.0282 0.96793 0.25043 0.01984 0.9637 0.2589 0.06525 0.9637 0.2589 0.06525 0.95313 0.28091 0.11236 0.95313 0.28091 0.11236 0.93746 0.31356 0.15114 0.93746 0.31356 0.15114 0.91784 0.35444 0.17871 0.91784 0.35444 0.17871 0.89574 0.4005 0.19302 0.89574 0.4005 0.19302 0.87278 0.44833 0.19302 0.87278 0.44833 0.19302 0.85067 0.4944 0.17871 0.85067 0.4944 0.17871 0.83105 0.53527 0.15114 0.83105 0.53527 0.15114 0.81538 0.56792 0.11236 0.81538 0.56792 0.11236 0.80481 0.58993 0.06525 0.80481 0.58993 0.06525 0.80014 0.59966 0.0133 0.80014 0.59966 0.0133 0.80171 0.5964 -0.03964 0.80171 0.5964 -0.03964 0.8094 0.58038 -0.08964 0.8094 0.58038 -0.08964 0.82264 0.55279 -0.13299 0.82264 0.55279 -0.13299 0.84045 0.51568 -0.16647 0.84045 0.51568 -0.16648 0.86151 0.47181 -0.18761 0.86151 0.47181 -0.18762 0.88426 0.42442 -0.19484 0.88426 0.42442 -0.19484 0.907 0.37703 -0.18761 0.907 0.37703 -0.18762 0.92806 0.33315 -0.16648 0.92806 0.33315 -0.16648 0.94587 0.29604 -0.13299 0.94587 0.29604 -0.13299 0.95911 0.26846 -0.08964 0.95911 0.26846 -0.08964 0.9668 0.25244 -0.03964 0.9668 0.25244 -0.03964 0.9681 0.25048 -0.0066 0.97055 0.24049 0.0139 0.78314 0.2922 0.54891 0.84602 0.16121 0.5082 0.84601 0.16121 0.5082 0.9018 0.04498 0.4298 0.9018 0.04498 0.4298 0.94637 -0.04787 0.31952 0.94637 -0.04787 0.31952 0.97641 -0.11046 0.18555 0.97641 -0.11046 0.18555 0.98969 -0.13813 0.03781 0.98969 -0.13813 0.03781 0.98524 -0.12885 -0.11273 0.98524 -0.12886 -0.11273 0.96337 -0.0833 -0.25491 0.96337 -0.0833 -0.25491 0.92572 -0.00485 -0.37818 0.92572 -0.00485 -0.37819 0.87507 0.10068 -0.47341 0.87507 0.10068 -0.47341 0.81518 0.22545 -0.53353 0.81518 0.22545 -0.53353 0.7505 0.36022 -0.55407 0.7505 0.36022 -0.55407 0.68581 0.49498 -0.53353 0.68581 0.49498 -0.53353 0.62593 0.61976 -0.47341 0.62593 0.61976 -0.47341 0.57528 0.72528 -0.37819 0.57528 0.72528 -0.37818 0.53762 0.80373 -0.25491 0.53762 0.80373 -0.25491 0.51576 0.84928 -0.11273 0.51576 0.84928 -0.11273 0.5113 0.85857 0.03781 0.5113 0.85857 0.03781 0.52459 0.83089 0.18555 0.52459 0.83089 0.18555 0.55463 0.76831 0.31952 0.55463 0.76831 0.31952 0.59919 0.67546 0.4298 0.59919 0.67546 0.4298 0.65498 0.55922 0.5082 0.65498 0.55922 0.5082 0.71785 0.42823 0.54891 0.71785 0.42823 0.54891 0.78314 0.2922 0.54891 0.37332 0.76358 0.52685 0.18383 0.70571 0.68424 0.27344 0.86692 0.41674 0.18181 0.85381 0.48781 0.19205 0.94389 0.26868 0.18457 0.94384 0.27403 0.13718 0.98612 0.09348 0.19535 0.97921 0.0546 0.11437 0.9889 -0.09487 0.21559 0.96311 -0.16104 0.16458 0.95901 -0.23066 0.17803 0.93122 -0.31801 0.30569 0.8617 -0.40501 0.11676 0.9096 -0.39873 0.30154 0.76938 -0.56314 0.23412 0.78825 -0.56907 0.32243 0.64052 -0.69697 0.34676 0.63319 -0.69197 0.36762 0.48454 -0.79378 0.45336 0.45568 -0.76605 0.44397 0.37757 -0.81261 0.85117 -0.47149 -0.23067 0.83791 -0.4436 -0.31801 0.8543 -0.37046 -0.3646 0.79108 -0.41449 -0.44988 0.79124 -0.27118 -0.54809 0.7554 -0.28949 -0.58785 0.69707 -0.13979 -0.70324 0.71703 -0.13277 -0.68428 0.57079 0.01884 -0.82088 0.67927 0.04164 -0.7327 0.41077 0.19716 -0.89017 0.64543 0.21831 -0.73196 0.48326 0.2945 -0.82446 0.91682 -0.39028 -0.08435 0.80806 -0.5616 -0.17787 0.89241 -0.44246 0.08846 0.85214 -0.52017 0.0573 0.85224 -0.4479 0.27033 0.85565 -0.43997 0.27256 0.79885 -0.40374 0.44591 0.82571 -0.32651 0.45999 0.73638 -0.31229 0.60018 0.7676 -0.18527 0.61357 0.71253 -0.1829 0.67738 0.30301 0.67033 0.67738 0.33744 0.59932 0.72591 0.41141 0.54827 0.72811 0.36376 0.4836 0.79613 0.48583 0.35496 0.79873 0.4662 0.32652 0.82222 0.55402 0.14082 0.8205 0.57684 0.17721 0.7974 0.60907 -0.08746 0.78828 0.68629 0.04771 0.72576 0.67867 -0.11161 0.72591 -0.37944 0.00515 -0.9252 0.15834 0.19692 -0.96755 -0.06936 0.92958 -0.36204 0.50057 -0.25767 0.82646 0.64973 -0.57199 -0.50067 0.59288 -0.45354 -0.66543 0.52159 -0.30501 -0.79682 0.43943 -0.13384 -0.88825 0.35054 0.05137 -0.93514 0.52336 -0.35061 0.77664 -0.107 0.95839 -0.26466 0.27824 0.20475 -0.93843 0.25127 0.23786 -0.93823 0.23333 0.29927 -0.9252 0.17045 0.42657 -0.88825 0.17045 0.42657 -0.88825 0.06636 0.38856 -0.91903 0.06636 0.38856 -0.91903 -0.03855 0.34543 -0.93765 0.0883 0.59774 -0.79682 0.0883 0.59774 -0.79682 -0.01865 0.56565 -0.82443 -0.01865 0.56565 -0.82443 -0.12528 0.52612 -0.84113 -0.12528 0.52612 -0.84113 -0.23022 0.47964 -0.84672 0.01701 0.74627 -0.66543 0.01701 0.74627 -0.66543 -0.09241 0.71933 -0.68849 -0.09241 0.71933 -0.68849 -0.20053 0.68291 -0.70244 -0.20053 0.68291 -0.70244 -0.30597 0.63748 -0.70711 -0.40737 0.58363 -0.70244 -0.03985 0.86472 -0.50067 -0.03985 0.86472 -0.50067 -0.15123 0.84189 -0.51802 -0.15123 0.84189 -0.51802 -0.26055 0.80795 -0.52852 -0.26055 0.80795 -0.52852 -0.36639 0.76335 -0.53203 -0.46739 0.70867 -0.52852 -0.46739 0.70867 -0.52852 -0.56225 0.64462 -0.51802 -0.06636 -0.38856 -0.91903 0.01865 -0.56565 -0.82443 0.01865 -0.56565 -0.82443 0.12528 -0.52612 -0.84113 0.09241 -0.71933 -0.68849 0.09241 -0.71933 -0.68849 0.20053 -0.68291 -0.70244 0.20053 -0.68291 -0.70244 0.30597 -0.63748 -0.70711 0.15123 -0.84189 -0.51802 0.15123 -0.84189 -0.51802 0.26055 -0.80795 -0.52852 0.26055 -0.80795 -0.52852 0.36639 -0.76335 -0.53203 0.46739 -0.70867 -0.52852 0.62418 -0.77364 0.10902 0.62418 -0.77364 0.10902 0.53057 -0.84031 0.11123 0.53057 -0.84031 0.11123 0.42999 -0.89586 0.11196 0.32373 -0.93959 0.11123 0.32373 -0.93959 0.11123 0.21316 -0.97092 0.10902 0.21316 -0.97092 0.10902 0.60318 -0.7299 0.32158 0.60318 -0.7299 0.32158 0.50915 -0.79569 0.3281 0.50915 -0.79569 0.3281 0.40843 -0.85094 0.33028 0.30231 -0.89496 0.3281 0.30231 -0.89496 0.3281 0.19217 -0.92718 0.32158 0.19217 -0.92718 0.32158 0.56225 -0.64462 0.51802 0.56225 -0.64462 0.51802 0.46739 -0.70867 0.52852 0.46739 -0.70867 0.52852 0.36639 -0.76335 0.53203 0.26055 -0.80795 0.52852 0.26055 -0.80795 0.52852 0.15123 -0.84189 0.51802 0.15123 -0.84189 0.51802 0.43943 -0.13384 0.88825 0.43943 -0.13384 0.88825 0.34466 -0.19128 0.91903 0.34466 -0.19128 0.91903 0.24539 -0.24615 0.93765 0.24539 -0.24615 0.93765 0.14291 -0.29776 0.94388 0.03855 -0.34543 0.93765 0.03855 -0.34543 0.93765 -0.06636 -0.38856 0.91903 -0.06636 -0.38856 0.91903 0.35054 0.05137 0.93514 0.35054 0.05137 0.93514 0.25268 0.00036 0.96755 0.25268 0.00036 0.96755 0.15155 -0.05064 0.98715 0.15155 -0.05064 0.98715 0.04845 -0.10094 0.99371 -0.05529 -0.14991 0.98715 -0.05529 -0.14991 0.98715 -0.15833 -0.19692 0.96755 -0.15834 -0.19692 0.96755 0.25935 0.24135 0.93514 0.25935 0.24135 0.93514 0.15834 0.19692 0.96755 0.15833 0.19692 0.96755 0.05529 0.14991 0.98715 0.05529 0.14991 0.98715 -0.04845 0.10094 0.99371 -0.15155 0.05064 0.98715 -0.15155 0.05064 0.98715 -0.25268 -0.00036 0.96755 -0.25268 -0.00036 0.96755 0.17045 0.42657 0.88825 0.17045 0.42657 0.88825 0.06636 0.38856 0.91903 0.06636 0.38856 0.91903 -0.03855 0.34543 0.93765 -0.03855 0.34543 0.93765 -0.14291 0.29776 0.94388 -0.24539 0.24615 0.93765 -0.24539 0.24615 0.93765 -0.34466 0.19128 0.91903 -0.34466 0.19128 0.91903 -0.15123 0.84189 0.51802 -0.15123 0.84189 0.51802 -0.26055 0.80795 0.52852 -0.26055 0.80795 0.52852 -0.36639 0.76335 0.53203 -0.46739 0.70867 0.52852 -0.46739 0.70867 0.52852 -0.56225 0.64462 0.51802 -0.56225 0.64462 0.51802 -0.19217 0.92718 0.32158 -0.19217 0.92718 0.32158 -0.30231 0.89496 0.3281 -0.30231 0.89496 0.3281 -0.40843 0.85094 0.33028 -0.50915 0.79569 0.3281 -0.50915 0.79569 0.3281 -0.60318 0.7299 0.32158 -0.60318 0.7299 0.32158 -0.21316 0.97092 0.10902 -0.21316 0.97092 0.10902 -0.32373 0.93959 0.11123 -0.32373 0.93959 0.11123 -0.42999 0.89586 0.11196 -0.53057 0.84031 0.11123 -0.53057 0.84031 0.11123 -0.62418 0.77364 0.10902 -0.62418 0.77364 0.10902 0.56225 -0.64462 -0.51802 0.46739 -0.70867 -0.52852 0.40737 -0.58363 -0.70244 0.23022 -0.47964 -0.84672 0.12528 -0.52612 -0.84113 0.03855 -0.34543 -0.93765 -0.06636 -0.38856 -0.91903 -0.15834 -0.19692 -0.96755 -0.25127 -0.23786 -0.93823 -0.27824 -0.20475 -0.93843 -0.01701 -0.74627 -0.66543 -0.01382 -0.74883 -0.66262 -0.08993 -0.59817 -0.79631 -0.10034 -0.58904 -0.80185 -0.16541 -0.42484 -0.89003 -0.17855 -0.41109 -0.89394 -0.23333 -0.29927 -0.9252 0.09688 -0.9858 -0.13718 0.07941 -0.94715 -0.31081 0.19217 -0.92718 -0.32158 0.19217 -0.92718 -0.32158 0.30231 -0.89496 -0.3281 0.30231 -0.89496 -0.3281 0.40843 -0.85094 -0.33028 0.50915 -0.79569 -0.3281 0.50915 -0.79569 -0.3281 0.60318 -0.7299 -0.32158 0.60318 -0.7299 -0.32158 0.68232 -0.66118 -0.31189 0.68188 -0.63559 -0.36204 0.10699 -0.95839 -0.26467 0.06936 -0.92958 -0.36204 0.03985 -0.86472 -0.50067 0.05715 -0.87592 -0.47906 0.01891 -0.82517 -0.56457 0.62418 -0.77364 -0.10902 0.62418 -0.77364 -0.10902 0.53057 -0.84031 -0.11123 0.53057 -0.84031 -0.11123 0.42999 -0.89586 -0.11196 0.32373 -0.93959 -0.11123 0.32373 -0.93959 -0.11123 0.21316 -0.97092 -0.10902 0.21316 -0.97092 -0.10902 0.10793 -0.98853 -0.10567 -0.07302 -0.63255 0.77107 -0.01701 -0.74627 0.66543 0.09241 -0.71933 0.68849 0.09241 -0.71933 0.68849 0.20053 -0.68291 0.70244 0.20053 -0.68291 0.70244 0.30597 -0.63748 0.70711 0.40737 -0.58363 0.70244 0.40737 -0.58363 0.70244 0.50342 -0.52206 0.68849 0.50342 -0.52206 0.68849 -0.01397 -0.71926 0.6946 0.00158 -0.78883 0.61461 0.03985 -0.86472 0.50067 0.04213 -0.85717 0.51331 0.07375 -0.94782 0.31017 0.07515 -0.9462 0.31473 0.10278 -0.9891 0.10548 0.09979 -0.99034 0.09623 0.10021 -0.99445 -0.03211 0.69699 -0.66727 -0.26259 0.70959 -0.6967 -0.10537 0.70959 -0.6967 -0.10536 0.70959 -0.6967 0.10537 0.70959 -0.6967 0.10536 0.6893 -0.65442 0.31081 0.6893 -0.65442 0.31081 0.64973 -0.57199 0.50067 0.64973 -0.57199 0.50067 0.59288 -0.45354 0.66543 0.59288 -0.45354 0.66543 0.52159 -0.30501 0.79682 0.42966 -0.36838 0.82443 0.42966 -0.36838 0.82443 0.33212 -0.42684 0.84113 0.33212 -0.42684 0.84113 0.23022 -0.47964 0.84672 0.12528 -0.52612 0.84113 0.12528 -0.52612 0.84113 0.01865 -0.56565 0.82443 0.01865 -0.56565 0.82443 -0.07938 -0.59535 0.79954 -0.58229 0.42897 0.6906 -0.52159 0.30501 0.79682 -0.42966 0.36838 0.82443 -0.42966 0.36838 0.82443 -0.33212 0.42684 0.84113 -0.33212 0.42684 0.84113 -0.23022 0.47964 0.84672 -0.12528 0.52612 0.84113 -0.12528 0.52612 0.84113 -0.01865 0.56565 0.82443 -0.01865 0.56565 0.82443 0.07938 0.59535 0.79954 0.11208 0.55173 0.82646 -0.52336 0.35061 0.77664 -0.50057 0.25767 0.82646 -0.43943 0.13384 0.88825 -0.4412 0.15816 0.88336 -0.35906 -0.0559 0.93164 -0.35959 -0.03041 0.93262 -0.25935 -0.24135 0.93514 -0.2575 -0.26525 0.92916 -0.16448 -0.42452 0.89035 -0.16182 -0.44625 0.88016 -0.11208 -0.55173 0.82646 -0.09241 0.71933 0.68849 -0.09241 0.71933 0.68849 -0.20053 0.68291 0.70244 -0.20053 0.68291 0.70244 -0.30597 0.63748 0.70711 -0.40737 0.58363 0.70244 -0.40737 0.58363 0.70244 -0.50342 0.52206 0.68849 -0.50342 0.52206 0.68849 -0.58624 0.45906 0.66753 -0.69699 0.66727 -0.26258 -0.70959 0.6967 -0.10537 -0.62418 0.77364 -0.10902 -0.62418 0.77364 -0.10902 -0.53057 0.84031 -0.11123 -0.53057 0.84031 -0.11123 -0.42999 0.89586 -0.11196 -0.32373 0.93959 -0.11123 -0.32373 0.93959 -0.11123 -0.21316 0.97092 -0.10902 -0.21316 0.97092 -0.10902 -0.69835 0.70235 -0.13788 -0.71319 0.70023 -0.03211 -0.70959 0.6967 0.10537 -0.70736 0.70025 0.09637 -0.69191 0.65186 0.3104 -0.69266 0.64908 0.31449 -0.64652 0.57494 0.50146 -0.64688 0.56498 0.51219 -0.61446 0.49466 0.61461 -0.68188 0.63559 -0.36204 -0.68232 0.66118 -0.31189 -0.60318 0.7299 -0.32158 -0.60318 0.7299 -0.32158 -0.50915 0.79569 -0.3281 -0.50915 0.79569 -0.3281 -0.40843 0.85094 -0.33028 -0.30231 0.89496 -0.3281 -0.30231 0.89496 -0.3281 -0.19217 0.92718 -0.32158 -0.19217 0.92718 -0.32158 -0.07941 0.94715 -0.31081 -0.0997 0.98942 -0.10537 -0.0997 0.98942 -0.10536 -0.0997 0.98942 0.10537 -0.0997 0.98942 0.10536 -0.07941 0.94715 0.31081 -0.07941 0.94715 0.31081 -0.03985 0.86472 0.50067 -0.03985 0.86472 0.50067 0.01701 0.74627 0.66543 0.01701 0.74627 0.66543 0.07302 0.63255 0.77107 -0.63197 0.53091 -0.56457 0.35054 0.05137 -0.93514 0.25268 0.00036 -0.96755 0.15834 0.19692 -0.96755 0.05529 0.14991 -0.98715 -0.03855 0.34543 -0.93765 -0.14291 0.29776 -0.94388 -0.33212 0.42684 -0.84113 -0.40737 0.58363 -0.70244 -0.50342 0.52206 -0.68849 -0.56225 0.64462 -0.51802 -0.64425 0.577 -0.50202 -0.65658 0.58428 -0.47698 0.43943 -0.13384 -0.88825 0.34466 -0.19128 -0.91903 0.25268 0.00036 -0.96755 0.15155 -0.05063 -0.98715 0.05529 0.14991 -0.98715 -0.04845 0.10094 -0.99371 -0.24539 0.24615 -0.93765 -0.33212 0.42684 -0.84113 -0.42966 0.36838 -0.82443 -0.50342 0.52206 -0.68849 -0.59167 0.45455 -0.66581 -0.59441 0.45635 -0.66213 0.52159 -0.30501 -0.79682 0.42966 -0.36838 -0.82443 0.34466 -0.19128 -0.91903 0.24539 -0.24615 -0.93765 0.15155 -0.05063 -0.98715 0.04845 -0.10094 -0.99371 -0.15155 0.05063 -0.98715 -0.24539 0.24615 -0.93765 -0.34466 0.19128 -0.91903 -0.42966 0.36838 -0.82443 -0.52768 0.30048 -0.79452 -0.51762 0.29364 -0.80364 0.59288 -0.45354 -0.66543 0.50342 -0.52206 -0.68849 0.42966 -0.36838 -0.82443 0.33212 -0.42684 -0.84113 0.14291 -0.29776 -0.94388 -0.05529 -0.14991 -0.98715 -0.15155 0.05063 -0.98715 -0.25268 -0.00036 -0.96755 -0.34466 0.19128 -0.91903 -0.43943 0.13384 -0.88825 -0.42583 0.12196 -0.89655 0.64973 -0.57199 -0.50067 0.56225 -0.64462 -0.51802 0.50342 -0.52206 -0.68849 0.40737 -0.58363 -0.70244 0.33212 -0.42684 -0.84113 -0.05529 -0.14991 -0.98715 -0.15834 -0.19692 -0.96755 -0.25268 -0.00036 -0.96755 -0.35054 -0.05137 -0.93514 -0.31823 -0.08108 -0.94454 -0.90153 -0.43271 -0 -0.90153 -0.43271 0 -0.90153 -0.43271 -0 -0.90153 -0.43271 -0 -0.90153 -0.43271 0 -0.90153 -0.43271 0 -0.90153 -0.43271 -0 -0.90153 -0.43271 0 -0.90153 -0.43271 -0 -0.90153 -0.43271 0 -0.90153 -0.43271 0 -0.90153 -0.43271 -0 -0.90153 -0.43271 0 -0.90153 -0.43271 -0 -0.90153 -0.43271 0 -0.90153 -0.43271 0 -0.90153 -0.43271 0 -0.90153 -0.43271 -0 -0.90153 -0.43271 -0 -0.90153 -0.43271 -0 -0.90153 -0.43271 0 -0.90153 -0.43271 0 -0.90153 -0.43271 0 -0.90153 -0.43271 -0 -0.90153 -0.43271 -0 -0.90153 -0.43271 0 -0.90153 -0.43271 0 -0.90153 -0.43271 -0 -0.90153 -0.43271 -0 -0.90153 -0.43271 0 -0.90153 -0.43271 0 0.90153 0.43271 -0 0.90153 0.43271 0 0.90153 0.43271 0 0.90153 0.43271 -0 0.90153 0.43271 -0 0.90153 0.43271 -0 0.90153 0.43271 -0 0.90153 0.43271 -0 0.90153 0.43271 0 0.90153 0.43271 0 0.90153 0.43271 0 0.90153 0.43271 0 0.90153 0.43271 0 0.90153 0.43271 -0 0.90153 0.43271 0 0.90153 0.43271 -0 0.90153 0.43271 -0 0.90153 0.43271 0 0.90153 0.43271 0 0.90153 0.43271 0 0.90153 0.43271 -0 0.90153 0.43271 -0 0.90153 0.43271 -0 0.90153 0.43271 0 0.90153 0.43271 0 0.90153 0.43271 0 0.90153 0.43271 -0 0.90153 0.43271 -0 0.90153 0.43271 0 0.90153 0.43271 0 0.90153 0.43271 -0 -0.22811 -0.12284 -0.96586 -0.55062 -0.25666 -0.79432 -0.60863 -0.36277 -0.70567 -0.72146 -0.34628 -0.59966 -0.8552 -0.44915 -0.25866 -0.85526 -0.4484 -0.25972 -0.80145 -0.38468 -0.45793 -0.84755 -0.46352 0.25848 -0.8968 -0.43047 0.10224 -0.90021 -0.43205 -0.05437 -0.43737 -0.39876 0.80604 -0.68849 -0.3334 0.64407 -0.84185 -0.40134 0.36086 -0.22271 -0.10689 -0.96901 0.23333 0.11199 -0.96593 0.23333 0.11199 -0.96593 0.23333 0.11199 0.96593 0.23333 0.11199 0.96593 -0.22271 -0.10689 0.96901 -0.22811 -0.12284 0.96586 -0.64313 -0.29406 0.70705 -0.02498 0.68627 0.72692 0.11161 0.67867 0.72591 0.1829 0.71253 0.67738 0.18527 0.7676 0.61357 0.2623 0.75036 0.60676 0.3197 0.77873 0.53979 0.32651 0.82571 0.45999 0.38218 0.80701 0.4502 0.46106 0.84291 0.27735 0.46106 0.84291 0.27735 0.49862 0.86269 0.08459 0.46011 0.88618 0.0546 0.50021 0.86544 -0.0282 0.48856 0.85611 -0.16851 0.40639 0.90683 -0.11184 0.47149 0.85117 -0.23066 0.4436 0.83791 -0.31801 0.37046 0.8543 -0.3646 0.3989 0.8156 -0.41914 0.35148 0.79412 -0.49581 0.27118 0.79124 -0.54809 0.28685 0.76083 -0.58212 0.14546 0.69143 -0.70765 0.14546 0.69143 -0.70765 -0.04105 0.60191 -0.79751 -0.04984 0.66736 -0.74306 -0.11021 0.5723 -0.81261 -0.24249 0.50523 -0.82822 -0.23615 0.61139 -0.75527 -0.2945 0.48326 -0.82446 -0.37757 0.44397 -0.81261 -0.45568 0.45336 -0.76605 -0.47577 0.39541 -0.78568 -0.63045 0.31902 -0.70765 -0.63045 0.31902 -0.70764 -0.77303 0.25211 -0.58212 -0.78696 0.28336 -0.54809 -0.83944 0.22252 -0.49581 -0.90545 0.18703 -0.38103 -0.87492 0.28515 -0.39141 -0.98076 0.15357 -0.12054 -0.96311 0.21559 -0.16105 -0.95901 0.16458 -0.23067 -0.93122 0.17803 -0.31801 -0.98497 0.15061 0.08459 -0.94605 0.16754 0.27735 -0.94605 0.16754 0.27735 -0.86869 0.20663 0.4502 -0.84847 0.26176 0.45999 -0.80755 0.23768 0.53979 -0.7137 0.27906 0.64246 -0.74665 0.35995 0.55942 -0.67033 0.30301 0.67738 -0.59932 0.33744 0.72591 -0.54827 0.41141 0.72811 0.05498 0.648 0.75965 -0.14082 0.55402 0.8205 -0.14082 0.55402 0.8205 -0.34416 0.45643 0.8205 -0.34416 0.45643 0.8205 -0.50667 0.38077 0.7735 -0.84928 0.51576 -0.11273 -0.84929 0.51576 -0.11273 -0.80373 0.53762 -0.25491 -0.80373 0.53762 -0.25491 -0.72528 0.57528 -0.37818 -0.72528 0.57528 -0.37819 -0.61976 0.62593 -0.47341 -0.61976 0.62593 -0.47341 -0.49498 0.68581 -0.53353 -0.49498 0.68581 -0.53353 -0.36022 0.7505 -0.55407 -0.36022 0.7505 -0.55407 -0.22545 0.81518 -0.53353 -0.22545 0.81518 -0.53353 -0.10068 0.87507 -0.47341 -0.10068 0.87507 -0.47341 0.00485 0.92572 -0.37819 0.00485 0.92572 -0.37818 0.0833 0.96337 -0.25491 0.0833 0.96337 -0.25491 0.12885 0.98524 -0.11273 0.12885 0.98524 -0.11273 0.13814 0.98969 0.03781 0.13813 0.98969 0.03781 0.11046 0.97641 0.18555 0.11046 0.97641 0.18555 0.04787 0.94637 0.31952 0.04787 0.94637 0.31952 -0.04498 0.9018 0.4298 -0.04498 0.9018 0.4298 -0.16121 0.84602 0.5082 -0.16121 0.84602 0.5082 -0.2922 0.78314 0.54891 -0.42823 0.71785 0.54891 -0.42823 0.71785 0.54891 -0.55922 0.65498 0.5082 -0.55922 0.65498 0.5082 -0.67546 0.59919 0.4298 -0.67545 0.59919 0.4298 -0.76831 0.55463 0.31952 -0.76831 0.55462 0.31952 -0.83089 0.52459 0.18555 -0.83089 0.52459 0.18555 -0.60965 0.79238 0.02125 -0.59863 0.801 -0.0066 -0.5964 0.80171 -0.03964 -0.5964 0.80171 -0.03964 -0.58038 0.8094 -0.08964 -0.58038 0.8094 -0.08964 -0.55279 0.82264 -0.13299 -0.55279 0.82264 -0.13299 -0.51568 0.84045 -0.16648 -0.51568 0.84045 -0.16648 -0.47181 0.86151 -0.18762 -0.47181 0.86151 -0.18761 -0.42442 0.88426 -0.19484 -0.42442 0.88426 -0.19484 -0.37702 0.907 -0.18762 -0.37703 0.907 -0.18761 -0.33315 0.92806 -0.16647 -0.33315 0.92806 -0.16647 -0.29604 0.94587 -0.13299 -0.29604 0.94587 -0.13299 -0.26846 0.95911 -0.08964 -0.26845 0.95911 -0.08964 -0.25243 0.9668 -0.03964 -0.25244 0.9668 -0.03964 -0.24917 0.96837 0.0133 -0.24917 0.96837 0.0133 -0.2589 0.9637 0.06525 -0.2589 0.9637 0.06525 -0.28091 0.95313 0.11236 -0.28091 0.95313 0.11236 -0.31356 0.93746 0.15114 -0.31356 0.93746 0.15114 -0.35444 0.91784 0.17871 -0.35444 0.91784 0.17871 -0.4005 0.89574 0.19302 -0.4005 0.89574 0.19302 -0.44834 0.87278 0.19302 -0.44833 0.87278 0.19302 -0.4944 0.85067 0.17871 -0.4944 0.85067 0.17871 -0.53527 0.83105 0.15114 -0.53527 0.83105 0.15114 -0.56792 0.81538 0.11236 -0.56792 0.81538 0.11236 -0.58993 0.80481 0.06525 -0.58993 0.80481 0.06525 -0.59966 0.80014 0.0133 -0.85857 0.5113 0.03781 -0.85857 0.51131 0.03781 -0.97921 0.19535 0.0546 -0.98812 0.15109 -0.0282 0.25043 -0.96793 0.01984 0.2589 -0.9637 0.06525 0.2589 -0.9637 0.06525 0.28091 -0.95313 0.11236 0.28091 -0.95313 0.11236 0.31356 -0.93746 0.15114 0.31356 -0.93746 0.15114 0.35444 -0.91784 0.17871 0.35444 -0.91784 0.17871 0.4005 -0.89574 0.19302 0.4005 -0.89574 0.19302 0.44833 -0.87278 0.19302 0.44833 -0.87278 0.19302 0.4944 -0.85067 0.17871 0.4944 -0.85067 0.17871 0.53527 -0.83105 0.15114 0.53527 -0.83105 0.15114 0.56792 -0.81538 0.11236 0.56792 -0.81538 0.11236 0.58993 -0.80481 0.06525 0.58993 -0.80481 0.06525 0.59966 -0.80014 0.0133 0.59966 -0.80014 0.0133 0.5964 -0.80171 -0.03964 0.5964 -0.80171 -0.03964 0.58038 -0.8094 -0.08964 0.58038 -0.8094 -0.08964 0.55279 -0.82264 -0.13299 0.55279 -0.82264 -0.13299 0.51568 -0.84045 -0.16647 0.51568 -0.84045 -0.16648 0.47181 -0.86151 -0.18761 0.47181 -0.86151 -0.18762 0.42442 -0.88426 -0.19484 0.42442 -0.88426 -0.19484 0.37703 -0.907 -0.18761 0.37703 -0.907 -0.18762 0.33315 -0.92806 -0.16648 0.33315 -0.92806 -0.16648 0.29604 -0.94587 -0.13299 0.29604 -0.94587 -0.13299 0.26846 -0.95911 -0.08964 0.26846 -0.95911 -0.08964 0.25244 -0.9668 -0.03964 0.25244 -0.9668 -0.03964 0.25048 -0.9681 -0.0066 0.24049 -0.97055 0.0139 0.2922 -0.78314 0.54891 0.16121 -0.84602 0.5082 0.16121 -0.84601 0.5082 0.04498 -0.9018 0.4298 0.04498 -0.9018 0.4298 -0.04787 -0.94637 0.31952 -0.04787 -0.94637 0.31952 -0.11046 -0.97641 0.18555 -0.11046 -0.97641 0.18555 -0.13813 -0.98969 0.03781 -0.13813 -0.98969 0.03781 -0.12885 -0.98524 -0.11273 -0.12886 -0.98524 -0.11273 -0.0833 -0.96337 -0.25491 -0.0833 -0.96337 -0.25491 -0.00485 -0.92572 -0.37818 -0.00485 -0.92572 -0.37819 0.10068 -0.87507 -0.47341 0.10068 -0.87507 -0.47341 0.22545 -0.81518 -0.53353 0.22545 -0.81518 -0.53353 0.36022 -0.7505 -0.55407 0.36022 -0.7505 -0.55407 0.49498 -0.68581 -0.53353 0.49498 -0.68581 -0.53353 0.61976 -0.62593 -0.47341 0.61976 -0.62593 -0.47341 0.72528 -0.57528 -0.37819 0.72528 -0.57528 -0.37818 0.80373 -0.53762 -0.25491 0.80373 -0.53762 -0.25491 0.84928 -0.51576 -0.11273 0.84928 -0.51576 -0.11273 0.85857 -0.5113 0.03781 0.85857 -0.5113 0.03781 0.83089 -0.52459 0.18555 0.83089 -0.52459 0.18555 0.76831 -0.55463 0.31952 0.76831 -0.55463 0.31952 0.67546 -0.59919 0.4298 0.67546 -0.59919 0.4298 0.55922 -0.65498 0.5082 0.55922 -0.65498 0.5082 0.42823 -0.71785 0.54891 0.42823 -0.71785 0.54891 0.76358 -0.37332 0.52685 0.70571 -0.18383 0.68424 0.86692 -0.27344 0.41674 0.85381 -0.18181 0.48781 0.94389 -0.19205 0.26868 0.94384 -0.18457 0.27403 0.98612 -0.13718 0.09348 0.97921 -0.19535 0.0546 0.9889 -0.11437 -0.09487 0.96311 -0.21559 -0.16104 0.95901 -0.16458 -0.23066 0.93122 -0.17803 -0.31801 0.8617 -0.30569 -0.40501 0.9096 -0.11676 -0.39873 0.76938 -0.30154 -0.56314 0.78825 -0.23412 -0.56907 0.64052 -0.32243 -0.69697 0.63319 -0.34676 -0.69197 0.48454 -0.36762 -0.79378 0.45568 -0.45336 -0.76605 0.37757 -0.44397 -0.81261 -0.47149 -0.85117 -0.23067 -0.4436 -0.83791 -0.31801 -0.37046 -0.8543 -0.3646 -0.41449 -0.79108 -0.44988 -0.27118 -0.79124 -0.54809 -0.28949 -0.7554 -0.58785 -0.13979 -0.69707 -0.70324 -0.13277 -0.71703 -0.68428 0.01884 -0.57079 -0.82088 0.04164 -0.67927 -0.7327 0.19716 -0.41077 -0.89017 0.21831 -0.64543 -0.73196 0.2945 -0.48326 -0.82446 -0.39028 -0.91682 -0.08435 -0.5616 -0.80806 -0.17787 -0.44246 -0.89241 0.08846 -0.52017 -0.85214 0.0573 -0.4479 -0.85224 0.27033 -0.43997 -0.85565 0.27256 -0.40374 -0.79885 0.44591 -0.32651 -0.82571 0.45999 -0.31229 -0.73638 0.60018 -0.18527 -0.7676 0.61357 -0.1829 -0.71253 0.67738 0.67033 -0.30301 0.67738 0.59932 -0.33744 0.72591 0.54827 -0.41141 0.72811 0.4836 -0.36376 0.79613 0.35496 -0.48583 0.79873 0.32652 -0.4662 0.82222 0.14082 -0.55402 0.8205 0.17721 -0.57684 0.7974 -0.08746 -0.60907 0.78828 0.04771 -0.68629 0.72576 -0.11161 -0.67867 0.72591 0.00515 0.37944 -0.9252 0.19692 -0.15834 -0.96755 0.92958 0.06936 -0.36204 -0.25767 -0.50057 0.82646 -0.57199 -0.64973 -0.50067 -0.45354 -0.59288 -0.66543 -0.30501 -0.52159 -0.79682 -0.13384 -0.43943 -0.88825 0.05137 -0.35054 -0.93514 -0.35061 -0.52336 0.77664 0.95839 0.107 -0.26466 0.20475 -0.27824 -0.93843 0.23786 -0.25127 -0.93823 0.29927 -0.23333 -0.9252 0.42657 -0.17045 -0.88825 0.42657 -0.17045 -0.88825 0.38856 -0.06636 -0.91903 0.38856 -0.06636 -0.91903 0.34543 0.03855 -0.93765 0.59774 -0.0883 -0.79682 0.59774 -0.0883 -0.79682 0.56565 0.01865 -0.82443 0.56565 0.01865 -0.82443 0.52612 0.12528 -0.84113 0.52612 0.12528 -0.84113 0.74627 -0.01701 -0.66543 0.74627 -0.01701 -0.66543 0.71933 0.09241 -0.68849 0.71933 0.09241 -0.68849 0.68291 0.20053 -0.70244 0.68291 0.20053 -0.70244 0.63748 0.30597 -0.70711 0.58363 0.40737 -0.70244 0.86472 0.03985 -0.50067 0.86472 0.03985 -0.50067 0.84189 0.15123 -0.51802 0.84189 0.15123 -0.51802 0.80795 0.26055 -0.52852 0.70867 0.46739 -0.52852 0.70867 0.46739 -0.52852 0.64462 0.56225 -0.51802 -0.38856 0.06636 -0.91903 -0.56565 -0.01865 -0.82443 -0.56565 -0.01865 -0.82443 -0.52612 -0.12528 -0.84113 -0.71933 -0.09241 -0.68849 -0.71933 -0.09241 -0.68849 -0.68291 -0.20053 -0.70244 -0.68291 -0.20053 -0.70244 -0.63748 -0.30597 -0.70711 -0.84189 -0.15123 -0.51802 -0.84189 -0.15123 -0.51802 -0.80795 -0.26055 -0.52852 -0.70867 -0.46739 -0.52852 -0.77364 -0.62418 0.10902 -0.77364 -0.62418 0.10902 -0.84031 -0.53057 0.11123 -0.93959 -0.32373 0.11123 -0.93959 -0.32373 0.11123 -0.97092 -0.21316 0.10902 -0.97092 -0.21316 0.10902 -0.7299 -0.60318 0.32158 -0.7299 -0.60318 0.32158 -0.79569 -0.50915 0.3281 -0.79569 -0.50915 0.3281 -0.89496 -0.30231 0.3281 -0.92718 -0.19217 0.32158 -0.92718 -0.19217 0.32158 -0.64462 -0.56225 0.51802 -0.64462 -0.56225 0.51802 -0.70867 -0.46739 0.52852 -0.80795 -0.26055 0.52852 -0.80795 -0.26055 0.52852 -0.84189 -0.15123 0.51802 -0.84189 -0.15123 0.51802 -0.13384 -0.43943 0.88825 -0.13384 -0.43943 0.88825 -0.19128 -0.34466 0.91903 -0.19128 -0.34466 0.91903 -0.24615 -0.24539 0.93765 -0.24615 -0.24539 0.93765 -0.34543 -0.03855 0.93765 -0.34543 -0.03855 0.93765 -0.38856 0.06636 0.91903 -0.38856 0.06636 0.91903 0.05137 -0.35054 0.93514 0.05137 -0.35054 0.93514 0.00036 -0.25268 0.96755 0.00036 -0.25268 0.96755 -0.05064 -0.15155 0.98715 -0.05064 -0.15155 0.98715 -0.14991 0.05529 0.98715 -0.19692 0.15833 0.96755 -0.19692 0.15834 0.96755 0.24135 -0.25935 0.93514 0.24135 -0.25935 0.93514 0.19692 -0.15834 0.96755 0.19692 -0.15833 0.96755 0.14991 -0.05529 0.98715 0.05064 0.15155 0.98715 0.05064 0.15155 0.98715 -0.00036 0.25268 0.96755 -0.00036 0.25268 0.96755 0.42657 -0.17045 0.88825 0.42657 -0.17045 0.88825 0.38856 -0.06636 0.91903 0.38856 -0.06636 0.91903 0.34543 0.03855 0.93765 0.34543 0.03855 0.93765 0.24615 0.24539 0.93765 0.24615 0.24539 0.93765 0.19128 0.34466 0.91903 0.19128 0.34466 0.91903 0.84189 0.15123 0.51802 0.84189 0.15123 0.51802 0.80795 0.26055 0.52852 0.80795 0.26055 0.52852 0.70867 0.46739 0.52852 0.64462 0.56225 0.51802 0.64462 0.56225 0.51802 0.92718 0.19217 0.32158 0.92718 0.19217 0.32158 0.89496 0.30231 0.3281 0.79569 0.50915 0.3281 0.79569 0.50915 0.3281 0.7299 0.60318 0.32158 0.7299 0.60318 0.32158 0.97092 0.21316 0.10902 0.97092 0.21316 0.10902 0.93959 0.32373 0.11123 0.93959 0.32373 0.11123 0.84031 0.53057 0.11123 0.77364 0.62418 0.10902 0.77364 0.62418 0.10902 -0.64462 -0.56225 -0.51802 -0.70867 -0.46739 -0.52852 -0.58363 -0.40737 -0.70244 -0.52612 -0.12528 -0.84113 -0.34543 -0.03855 -0.93765 -0.38856 0.06636 -0.91903 -0.19692 0.15834 -0.96755 -0.23786 0.25127 -0.93823 -0.20475 0.27824 -0.93843 -0.74627 0.01701 -0.66543 -0.74883 0.01382 -0.66262 -0.59817 0.08993 -0.79631 -0.58904 0.10034 -0.80185 -0.42484 0.16541 -0.89003 -0.41109 0.17855 -0.89394 -0.29927 0.23333 -0.9252 -0.9858 -0.09688 -0.13718 -0.94715 -0.07941 -0.31081 -0.92718 -0.19217 -0.32158 -0.92718 -0.19217 -0.32158 -0.89496 -0.30231 -0.3281 -0.89496 -0.30231 -0.3281 -0.79569 -0.50915 -0.3281 -0.7299 -0.60318 -0.32158 -0.7299 -0.60318 -0.32158 -0.66118 -0.68232 -0.31189 -0.63559 -0.68188 -0.36204 -0.95839 -0.10699 -0.26467 -0.92958 -0.06936 -0.36204 -0.86472 -0.03985 -0.50067 -0.87592 -0.05715 -0.47906 -0.82517 -0.01891 -0.56457 -0.77364 -0.62418 -0.10902 -0.77364 -0.62418 -0.10902 -0.84031 -0.53057 -0.11123 -0.93959 -0.32373 -0.11123 -0.97092 -0.21316 -0.10902 -0.97092 -0.21316 -0.10902 -0.98853 -0.10793 -0.10567 -0.74627 0.01701 0.66543 -0.71933 -0.09241 0.68849 -0.71933 -0.09241 0.68849 -0.68291 -0.20053 0.70244 -0.68291 -0.20053 0.70244 -0.63748 -0.30597 0.70711 -0.58363 -0.40737 0.70244 -0.58363 -0.40737 0.70244 -0.52206 -0.50342 0.68849 -0.52206 -0.50342 0.68849 -0.71926 0.01397 0.6946 -0.78883 -0.00158 0.61461 -0.86472 -0.03985 0.50067 -0.85717 -0.04213 0.51331 -0.94782 -0.07375 0.31017 -0.9462 -0.07515 0.31473 -0.9891 -0.10278 0.10548 -0.99034 -0.09979 0.09623 -0.99445 -0.10021 -0.03211 -0.66727 -0.69699 -0.26259 -0.6967 -0.70959 -0.10537 -0.6967 -0.70959 -0.10536 -0.6967 -0.70959 0.10537 -0.6967 -0.70959 0.10536 -0.65442 -0.6893 0.31081 -0.65442 -0.6893 0.31081 -0.57199 -0.64973 0.50067 -0.57199 -0.64973 0.50067 -0.45354 -0.59288 0.66543 -0.45354 -0.59288 0.66543 -0.30501 -0.52159 0.79682 -0.36838 -0.42966 0.82443 -0.36838 -0.42966 0.82443 -0.42684 -0.33212 0.84113 -0.42684 -0.33212 0.84113 -0.52612 -0.12528 0.84113 -0.56565 -0.01865 0.82443 -0.56565 -0.01865 0.82443 -0.59535 0.07938 0.79954 0.42897 0.58229 0.6906 0.30501 0.52159 0.79682 0.36838 0.42966 0.82443 0.36838 0.42966 0.82443 0.42684 0.33212 0.84113 0.42684 0.33212 0.84113 0.52612 0.12528 0.84113 0.56565 0.01865 0.82443 0.56565 0.01865 0.82443 0.59535 -0.07938 0.79954 0.55173 -0.11208 0.82646 0.35061 0.52336 0.77664 0.25767 0.50057 0.82646 0.13384 0.43943 0.88825 0.15816 0.4412 0.88336 -0.0559 0.35906 0.93164 -0.03041 0.35959 0.93262 -0.24135 0.25935 0.93514 -0.26525 0.2575 0.92916 -0.42452 0.16448 0.89035 -0.44625 0.16182 0.88016 -0.55173 0.11208 0.82646 0.71933 0.09241 0.68849 0.71933 0.09241 0.68849 0.68291 0.20053 0.70244 0.68291 0.20053 0.70244 0.63748 0.30597 0.70711 0.58363 0.40737 0.70244 0.58363 0.40737 0.70244 0.52206 0.50342 0.68849 0.52206 0.50342 0.68849 0.45906 0.58624 0.66753 0.66727 0.69699 -0.26258 0.6967 0.70959 -0.10537 0.77364 0.62418 -0.10902 0.77364 0.62418 -0.10902 0.84031 0.53057 -0.11123 0.93959 0.32373 -0.11123 0.97092 0.21316 -0.10902 0.97092 0.21316 -0.10902 0.70235 0.69835 -0.13788 0.70023 0.71319 -0.03211 0.6967 0.70959 0.10537 0.70025 0.70736 0.09637 0.65186 0.69191 0.3104 0.64908 0.69266 0.31449 0.57494 0.64652 0.50146 0.56498 0.64688 0.51219 0.49466 0.61446 0.61461 0.63559 0.68188 -0.36204 0.66118 0.68232 -0.31189 0.7299 0.60318 -0.32158 0.7299 0.60318 -0.32158 0.79569 0.50915 -0.3281 0.89496 0.30231 -0.3281 0.89496 0.30231 -0.3281 0.92718 0.19217 -0.32158 0.92718 0.19217 -0.32158 0.94715 0.07941 -0.31081 0.98942 0.0997 -0.10537 0.98942 0.0997 -0.10536 0.98942 0.0997 0.10537 0.98942 0.0997 0.10536 0.94715 0.07941 0.31081 0.94715 0.07941 0.31081 0.86472 0.03985 0.50067 0.86472 0.03985 0.50067 0.74627 -0.01701 0.66543 0.74627 -0.01701 0.66543 0.53091 0.63197 -0.56457 0.05137 -0.35054 -0.93514 0.00036 -0.25268 -0.96755 0.19692 -0.15834 -0.96755 0.14991 -0.05529 -0.98715 0.34543 0.03855 -0.93765 0.58363 0.40737 -0.70244 0.52206 0.50342 -0.68849 0.64462 0.56225 -0.51802 0.577 0.64425 -0.50202 0.58428 0.65658 -0.47698 -0.13384 -0.43943 -0.88825 0.00036 -0.25268 -0.96755 -0.05063 -0.15155 -0.98715 0.14991 -0.05529 -0.98715 0.24615 0.24539 -0.93765 0.42684 0.33212 -0.84113 0.36838 0.42966 -0.82443 0.52206 0.50342 -0.68849 0.45455 0.59167 -0.66581 0.45635 0.59441 -0.66213 -0.30501 -0.52159 -0.79682 -0.36838 -0.42966 -0.82443 -0.19128 -0.34466 -0.91903 -0.24615 -0.24539 -0.93765 0.24615 0.24539 -0.93765 0.36838 0.42966 -0.82443 0.30048 0.52768 -0.79452 0.29364 0.51762 -0.80364 -0.45354 -0.59288 -0.66543 -0.52206 -0.50342 -0.68849 -0.36838 -0.42966 -0.82443 -0.42684 -0.33212 -0.84113 -0.14991 0.05529 -0.98715 0.05063 0.15155 -0.98715 -0.00036 0.25268 -0.96755 0.19128 0.34466 -0.91903 0.13384 0.43943 -0.88825 0.12196 0.42583 -0.89655 -0.57199 -0.64973 -0.50067 -0.64462 -0.56225 -0.51802 -0.52206 -0.50342 -0.68849 -0.58363 -0.40737 -0.70244 -0.14991 0.05529 -0.98715 -0.19692 0.15834 -0.96755 -0.00036 0.25268 -0.96755 -0.05137 0.35054 -0.93514 -0.08108 0.31823 -0.94454 -0.43271 0.90153 -0 -0.43271 0.90153 0 -0.43271 0.90153 0 -0.43271 0.90153 -0 -0.43271 0.90153 -0 -0.43271 0.90153 0 -0.43271 0.90153 0 -0.43271 0.90153 -0 -0.43271 0.90153 -0 -0.43271 0.90153 0 -0.43271 0.90153 0 -0.43271 0.90153 -0 -0.43271 0.90153 0 -0.43271 0.90153 0 -0.43271 0.90153 0 -0.43271 0.90153 -0 -0.43271 0.90153 0 -0.43271 0.90153 -0 -0.43271 0.90153 -0 -0.43271 0.90153 -0 -0.43271 0.90153 -0 -0.43271 0.90153 0 -0.43271 0.90153 0 -0.43271 0.90153 0 -0.43271 0.90153 0 -0.43271 0.90153 -0 -0.43271 0.90153 0 -0.43271 0.90153 -0 -0.43271 0.90153 -0 -0.43271 0.90153 0 0.43271 -0.90153 -0 0.43271 -0.90153 0 0.43271 -0.90153 0 0.43271 -0.90153 -0 0.43271 -0.90153 0 0.43271 -0.90153 0 0.43271 -0.90153 -0 0.43271 -0.90153 -0 0.43271 -0.90153 0 0.43271 -0.90153 0 0.43271 -0.90153 0 0.43271 -0.90153 -0 0.43271 -0.90153 0 0.43271 -0.90153 -0 0.43271 -0.90153 -0 0.43271 -0.90153 -0 0.43271 -0.90153 -0 0.43271 -0.90153 0 0.43271 -0.90153 0 0.43271 -0.90153 -0 0.43271 -0.90153 -0 0.43271 -0.90153 -0 0.43271 -0.90153 0 0.43271 -0.90153 0 0.43271 -0.90153 0 0.43271 -0.90153 0 0.43271 -0.90153 0 0.43271 -0.90153 -0 0.43271 -0.90153 0 0.43271 -0.90153 0 -0.12284 0.22811 -0.96586 -0.25666 0.55062 -0.79432 -0.36277 0.60863 -0.70567 -0.34628 0.72146 -0.59966 -0.44915 0.8552 -0.25866 -0.4484 0.85526 -0.25972 -0.38468 0.80145 -0.45793 -0.46352 0.84755 0.25848 -0.43047 0.8968 0.10225 -0.43205 0.90021 -0.05437 -0.39876 0.43737 0.80604 -0.3334 0.68849 0.64407 -0.40134 0.84185 0.36087 -0.10689 0.22271 -0.96901 0.11199 -0.23333 -0.96593 0.11199 -0.23333 -0.96593 0.11199 -0.23333 0.96593 0.11199 -0.23333 0.96593 -0.10689 0.22271 0.96901 -0.12284 0.22811 0.96586 -0.29406 0.64313 0.70705 0.68627 0.02498 0.72692 0.67867 -0.11161 0.72591 0.71253 -0.1829 0.67738 0.7676 -0.18527 0.61357 0.75036 -0.2623 0.60676 0.77873 -0.3197 0.53979 0.82571 -0.32651 0.45999 0.80701 -0.38218 0.4502 0.84291 -0.46106 0.27735 0.84291 -0.46106 0.27735 0.86269 -0.49862 0.08459 0.88618 -0.46011 0.0546 0.86544 -0.50021 -0.0282 0.85611 -0.48856 -0.16851 0.90683 -0.40639 -0.11184 0.85117 -0.47149 -0.23066 0.83791 -0.4436 -0.31801 0.8543 -0.37046 -0.3646 0.8156 -0.3989 -0.41914 0.79412 -0.35148 -0.49581 0.79124 -0.27118 -0.54809 0.76083 -0.28685 -0.58212 0.69143 -0.14546 -0.70765 0.69143 -0.14546 -0.70765 0.60191 0.04105 -0.79751 0.66736 0.04984 -0.74306 0.5723 0.11021 -0.81261 0.50523 0.24249 -0.82822 0.61139 0.23615 -0.75527 0.48326 0.2945 -0.82446 0.44397 0.37757 -0.81261 0.45336 0.45568 -0.76605 0.39541 0.47577 -0.78568 0.31902 0.63045 -0.70765 0.31902 0.63045 -0.70764 0.25211 0.77303 -0.58212 0.28336 0.78696 -0.54809 0.22252 0.83944 -0.49581 0.18703 0.90545 -0.38103 0.28515 0.87492 -0.39141 0.15357 0.98076 -0.12054 0.21559 0.96311 -0.16105 0.16458 0.95901 -0.23067 0.17803 0.93122 -0.31801 0.15061 0.98497 0.08459 0.16754 0.94605 0.27735 0.16754 0.94605 0.27735 0.20663 0.86869 0.4502 0.26176 0.84847 0.45999 0.23768 0.80755 0.53979 0.27906 0.7137 0.64246 0.35995 0.74665 0.55942 0.30301 0.67033 0.67738 0.33744 0.59932 0.72591 0.41141 0.54827 0.72811 0.648 -0.05498 0.75965 0.55402 0.14082 0.8205 0.55402 0.14082 0.8205 0.45643 0.34416 0.8205 0.45643 0.34416 0.8205 0.38077 0.50667 0.7735 0.51576 0.84928 -0.11273 0.51576 0.84929 -0.11273 0.53762 0.80373 -0.25491 0.53762 0.80373 -0.25491 0.57528 0.72528 -0.37818 0.57528 0.72528 -0.37819 0.62593 0.61976 -0.47341 0.62593 0.61976 -0.47341 0.68581 0.49498 -0.53353 0.68581 0.49498 -0.53353 0.7505 0.36022 -0.55407 0.7505 0.36022 -0.55407 0.81518 0.22545 -0.53353 0.81518 0.22545 -0.53353 0.87507 0.10068 -0.47341 0.87507 0.10068 -0.47341 0.92572 -0.00485 -0.37819 0.92572 -0.00485 -0.37818 0.96337 -0.0833 -0.25491 0.96337 -0.0833 -0.25491 0.98524 -0.12885 -0.11273 0.98524 -0.12885 -0.11273 0.98969 -0.13814 0.03781 0.98969 -0.13813 0.03781 0.97641 -0.11046 0.18555 0.97641 -0.11046 0.18555 0.94637 -0.04787 0.31952 0.94637 -0.04787 0.31952 0.9018 0.04498 0.4298 0.9018 0.04498 0.4298 0.84602 0.16121 0.5082 0.84602 0.16121 0.5082 0.78314 0.2922 0.54891 0.71785 0.42823 0.54891 0.71785 0.42823 0.54891 0.65498 0.55922 0.5082 0.65498 0.55922 0.5082 0.59919 0.67546 0.4298 0.59919 0.67545 0.4298 0.55463 0.76831 0.31952 0.55462 0.76831 0.31952 0.52459 0.83089 0.18555 0.52459 0.83089 0.18555 0.79238 0.60965 0.02125 0.801 0.59863 -0.0066 0.80171 0.5964 -0.03964 0.80171 0.5964 -0.03964 0.8094 0.58038 -0.08964 0.8094 0.58038 -0.08964 0.82264 0.55279 -0.13299 0.82264 0.55279 -0.13299 0.84045 0.51568 -0.16648 0.84045 0.51568 -0.16648 0.86151 0.47181 -0.18762 0.86151 0.47181 -0.18761 0.88426 0.42442 -0.19484 0.88426 0.42442 -0.19484 0.907 0.37702 -0.18762 0.907 0.37703 -0.18761 0.92806 0.33315 -0.16647 0.92806 0.33315 -0.16647 0.94587 0.29604 -0.13299 0.94587 0.29604 -0.13299 0.95911 0.26846 -0.08964 0.95911 0.26845 -0.08964 0.9668 0.25243 -0.03964 0.9668 0.25244 -0.03964 0.96837 0.24917 0.0133 0.96837 0.24917 0.0133 0.9637 0.2589 0.06525 0.9637 0.2589 0.06525 0.95313 0.28091 0.11236 0.95313 0.28091 0.11236 0.93746 0.31356 0.15114 0.93746 0.31356 0.15114 0.91784 0.35444 0.17871 0.91784 0.35444 0.17871 0.89574 0.4005 0.19302 0.89574 0.4005 0.19302 0.87278 0.44834 0.19302 0.87278 0.44833 0.19302 0.85067 0.4944 0.17871 0.85067 0.4944 0.17871 0.83105 0.53527 0.15114 0.83105 0.53527 0.15114 0.81538 0.56792 0.11236 0.81538 0.56792 0.11236 0.80481 0.58993 0.06525 0.80481 0.58993 0.06525 0.80014 0.59966 0.0133 0.5113 0.85857 0.03781 0.51131 0.85857 0.03781 0.19535 0.97921 0.0546 0.15109 0.98812 -0.0282 -0.96793 -0.25043 0.01984 -0.9637 -0.2589 0.06525 -0.9637 -0.2589 0.06525 -0.95313 -0.28091 0.11236 -0.95313 -0.28091 0.11236 -0.93746 -0.31356 0.15114 -0.93746 -0.31356 0.15114 -0.91784 -0.35444 0.17871 -0.91784 -0.35444 0.17871 -0.89574 -0.4005 0.19302 -0.89574 -0.4005 0.19302 -0.87278 -0.44833 0.19302 -0.87278 -0.44833 0.19302 -0.85067 -0.4944 0.17871 -0.85067 -0.4944 0.17871 -0.83105 -0.53527 0.15114 -0.83105 -0.53527 0.15114 -0.81538 -0.56792 0.11236 -0.81538 -0.56792 0.11236 -0.80481 -0.58993 0.06525 -0.80481 -0.58993 0.06525 -0.80014 -0.59966 0.0133 -0.80014 -0.59966 0.0133 -0.80171 -0.5964 -0.03964 -0.80171 -0.5964 -0.03964 -0.8094 -0.58038 -0.08964 -0.8094 -0.58038 -0.08964 -0.82264 -0.55279 -0.13299 -0.82264 -0.55279 -0.13299 -0.84045 -0.51568 -0.16647 -0.84045 -0.51568 -0.16648 -0.86151 -0.47181 -0.18761 -0.86151 -0.47181 -0.18762 -0.88426 -0.42442 -0.19484 -0.88426 -0.42442 -0.19484 -0.907 -0.37703 -0.18761 -0.907 -0.37703 -0.18762 -0.92806 -0.33315 -0.16648 -0.92806 -0.33315 -0.16648 -0.94587 -0.29604 -0.13299 -0.94587 -0.29604 -0.13299 -0.95911 -0.26846 -0.08964 -0.95911 -0.26846 -0.08964 -0.9668 -0.25244 -0.03964 -0.9668 -0.25244 -0.03964 -0.9681 -0.25048 -0.0066 -0.97055 -0.24049 0.0139 -0.78314 -0.2922 0.54891 -0.84602 -0.16121 0.5082 -0.84601 -0.16121 0.5082 -0.9018 -0.04498 0.4298 -0.9018 -0.04498 0.4298 -0.94637 0.04787 0.31952 -0.94637 0.04787 0.31952 -0.97641 0.11046 0.18555 -0.97641 0.11046 0.18555 -0.98969 0.13813 0.03781 -0.98969 0.13813 0.03781 -0.98524 0.12885 -0.11273 -0.98524 0.12886 -0.11273 -0.96337 0.0833 -0.25491 -0.96337 0.0833 -0.25491 -0.92572 0.00485 -0.37818 -0.92572 0.00485 -0.37819 -0.87507 -0.10068 -0.47341 -0.87507 -0.10068 -0.47341 -0.81518 -0.22545 -0.53353 -0.81518 -0.22545 -0.53353 -0.7505 -0.36022 -0.55407 -0.7505 -0.36022 -0.55407 -0.68581 -0.49498 -0.53353 -0.68581 -0.49498 -0.53353 -0.62593 -0.61976 -0.47341 -0.62593 -0.61976 -0.47341 -0.57528 -0.72528 -0.37819 -0.57528 -0.72528 -0.37818 -0.53762 -0.80373 -0.25491 -0.53762 -0.80373 -0.25491 -0.51576 -0.84928 -0.11273 -0.51576 -0.84928 -0.11273 -0.5113 -0.85857 0.03781 -0.5113 -0.85857 0.03781 -0.52459 -0.83089 0.18555 -0.52459 -0.83089 0.18555 -0.55463 -0.76831 0.31952 -0.55463 -0.76831 0.31952 -0.59919 -0.67546 0.4298 -0.59919 -0.67546 0.4298 -0.65498 -0.55922 0.5082 -0.65498 -0.55922 0.5082 -0.71785 -0.42823 0.54891 -0.71785 -0.42823 0.54891 -0.37332 -0.76358 0.52685 -0.18383 -0.70571 0.68424 -0.27344 -0.86692 0.41674 -0.18181 -0.85381 0.48781 -0.19205 -0.94389 0.26868 -0.18457 -0.94384 0.27403 -0.13718 -0.98612 0.09348 -0.19535 -0.97921 0.0546 -0.11437 -0.9889 -0.09487 -0.21559 -0.96311 -0.16104 -0.16458 -0.95901 -0.23066 -0.17803 -0.93122 -0.31801 -0.30569 -0.8617 -0.40501 -0.11676 -0.9096 -0.39873 -0.30154 -0.76938 -0.56314 -0.23412 -0.78825 -0.56907 -0.32243 -0.64052 -0.69697 -0.34676 -0.63319 -0.69197 -0.36762 -0.48454 -0.79378 -0.45336 -0.45568 -0.76605 -0.44397 -0.37757 -0.81261 -0.85117 0.47149 -0.23067 -0.83791 0.4436 -0.31801 -0.8543 0.37046 -0.3646 -0.79108 0.41449 -0.44988 -0.79124 0.27118 -0.54809 -0.7554 0.28949 -0.58785 -0.69707 0.13979 -0.70324 -0.71703 0.13277 -0.68428 -0.57079 -0.01884 -0.82088 -0.67927 -0.04164 -0.7327 -0.41077 -0.19716 -0.89017 -0.64543 -0.21831 -0.73196 -0.48326 -0.2945 -0.82446 -0.91682 0.39028 -0.08435 -0.80806 0.5616 -0.17787 -0.89241 0.44246 0.08846 -0.85214 0.52017 0.0573 -0.85224 0.4479 0.27033 -0.85565 0.43997 0.27256 -0.79885 0.40374 0.44591 -0.82571 0.32651 0.45999 -0.73638 0.31229 0.60018 -0.7676 0.18527 0.61357 -0.71253 0.1829 0.67738 -0.30301 -0.67033 0.67738 -0.33744 -0.59932 0.72591 -0.41141 -0.54827 0.72811 -0.36376 -0.4836 0.79613 -0.48583 -0.35496 0.79873 -0.4662 -0.32652 0.82222 -0.55402 -0.14082 0.8205 -0.57684 -0.17721 0.7974 -0.60907 0.08746 0.78828 -0.68629 -0.04771 0.72576 -0.67867 0.11161 0.72591 0.37944 -0.00515 -0.9252 -0.15834 -0.19692 -0.96755 0.06936 -0.92958 -0.36204 -0.50057 0.25767 0.82646 -0.64973 0.57199 -0.50067 -0.59288 0.45354 -0.66543 -0.52159 0.30501 -0.79682 -0.43943 0.13384 -0.88825 -0.35054 -0.05137 -0.93514 -0.52336 0.35061 0.77664 0.107 -0.95839 -0.26466 -0.27824 -0.20475 -0.93843 -0.25127 -0.23786 -0.93823 -0.23333 -0.29927 -0.9252 -0.17045 -0.42657 -0.88825 -0.17045 -0.42657 -0.88825 -0.06636 -0.38856 -0.91903 -0.06636 -0.38856 -0.91903 0.03855 -0.34543 -0.93765 -0.0883 -0.59774 -0.79682 -0.0883 -0.59774 -0.79682 0.01865 -0.56565 -0.82443 0.01865 -0.56565 -0.82443 0.12528 -0.52612 -0.84113 0.12528 -0.52612 -0.84113 -0.01701 -0.74627 -0.66543 -0.01701 -0.74627 -0.66543 0.09241 -0.71933 -0.68849 0.09241 -0.71933 -0.68849 0.20053 -0.68291 -0.70244 0.20053 -0.68291 -0.70244 0.30597 -0.63748 -0.70711 0.40737 -0.58363 -0.70244 0.03985 -0.86472 -0.50067 0.03985 -0.86472 -0.50067 0.15123 -0.84189 -0.51802 0.15123 -0.84189 -0.51802 0.26055 -0.80795 -0.52852 0.46739 -0.70867 -0.52852 0.46739 -0.70867 -0.52852 0.56225 -0.64462 -0.51802 0.06636 0.38856 -0.91903 -0.01865 0.56565 -0.82443 -0.01865 0.56565 -0.82443 -0.12528 0.52612 -0.84113 -0.09241 0.71933 -0.68849 -0.09241 0.71933 -0.68849 -0.20053 0.68291 -0.70244 -0.20053 0.68291 -0.70244 -0.30597 0.63748 -0.70711 -0.15123 0.84189 -0.51802 -0.15123 0.84189 -0.51802 -0.26055 0.80795 -0.52852 -0.46739 0.70867 -0.52852 -0.62418 0.77364 0.10902 -0.62418 0.77364 0.10902 -0.53057 0.84031 0.11123 -0.32373 0.93959 0.11123 -0.32373 0.93959 0.11123 -0.21316 0.97092 0.10902 -0.21316 0.97092 0.10902 -0.60318 0.7299 0.32158 -0.60318 0.7299 0.32158 -0.50915 0.79569 0.3281 -0.50915 0.79569 0.3281 -0.30231 0.89496 0.3281 -0.19217 0.92718 0.32158 -0.19217 0.92718 0.32158 -0.56225 0.64462 0.51802 -0.56225 0.64462 0.51802 -0.46739 0.70867 0.52852 -0.26055 0.80795 0.52852 -0.26055 0.80795 0.52852 -0.15123 0.84189 0.51802 -0.15123 0.84189 0.51802 -0.43943 0.13384 0.88825 -0.43943 0.13384 0.88825 -0.34466 0.19128 0.91903 -0.34466 0.19128 0.91903 -0.24539 0.24615 0.93765 -0.24539 0.24615 0.93765 -0.03855 0.34543 0.93765 -0.03855 0.34543 0.93765 0.06636 0.38856 0.91903 0.06636 0.38856 0.91903 -0.35054 -0.05137 0.93514 -0.35054 -0.05137 0.93514 -0.25268 -0.00036 0.96755 -0.25268 -0.00036 0.96755 -0.15155 0.05064 0.98715 -0.15155 0.05064 0.98715 0.05529 0.14991 0.98715 0.15833 0.19692 0.96755 0.15834 0.19692 0.96755 -0.25935 -0.24135 0.93514 -0.25935 -0.24135 0.93514 -0.15834 -0.19692 0.96755 -0.15833 -0.19692 0.96755 -0.05529 -0.14991 0.98715 0.15155 -0.05064 0.98715 0.15155 -0.05064 0.98715 0.25268 0.00036 0.96755 0.25268 0.00036 0.96755 -0.17045 -0.42657 0.88825 -0.17045 -0.42657 0.88825 -0.06636 -0.38856 0.91903 -0.06636 -0.38856 0.91903 0.03855 -0.34543 0.93765 0.03855 -0.34543 0.93765 0.24539 -0.24615 0.93765 0.24539 -0.24615 0.93765 0.34466 -0.19128 0.91903 0.34466 -0.19128 0.91903 0.15123 -0.84189 0.51802 0.15123 -0.84189 0.51802 0.26055 -0.80795 0.52852 0.26055 -0.80795 0.52852 0.46739 -0.70867 0.52852 0.56225 -0.64462 0.51802 0.56225 -0.64462 0.51802 0.19217 -0.92718 0.32158 0.19217 -0.92718 0.32158 0.30231 -0.89496 0.3281 0.50915 -0.79569 0.3281 0.50915 -0.79569 0.3281 0.60318 -0.7299 0.32158 0.60318 -0.7299 0.32158 0.21316 -0.97092 0.10902 0.21316 -0.97092 0.10902 0.32373 -0.93959 0.11123 0.32373 -0.93959 0.11123 0.53057 -0.84031 0.11123 0.62418 -0.77364 0.10902 0.62418 -0.77364 0.10902 -0.56225 0.64462 -0.51802 -0.46739 0.70867 -0.52852 -0.40737 0.58363 -0.70244 -0.12528 0.52612 -0.84113 -0.03855 0.34543 -0.93765 0.06636 0.38856 -0.91903 0.15834 0.19692 -0.96755 0.25127 0.23786 -0.93823 0.27824 0.20475 -0.93843 0.01701 0.74627 -0.66543 0.01382 0.74883 -0.66262 0.08993 0.59817 -0.79631 0.10034 0.58904 -0.80185 0.16541 0.42484 -0.89003 0.17855 0.41109 -0.89394 0.23333 0.29927 -0.9252 -0.09688 0.9858 -0.13718 -0.07941 0.94715 -0.31081 -0.19217 0.92718 -0.32158 -0.19217 0.92718 -0.32158 -0.30231 0.89496 -0.3281 -0.30231 0.89496 -0.3281 -0.50915 0.79569 -0.3281 -0.60318 0.7299 -0.32158 -0.60318 0.7299 -0.32158 -0.68232 0.66118 -0.31189 -0.68188 0.63559 -0.36204 -0.10699 0.95839 -0.26467 -0.06936 0.92958 -0.36204 -0.03985 0.86472 -0.50067 -0.05715 0.87592 -0.47906 -0.01891 0.82517 -0.56457 -0.62418 0.77364 -0.10902 -0.62418 0.77364 -0.10902 -0.53057 0.84031 -0.11123 -0.32373 0.93959 -0.11123 -0.21316 0.97092 -0.10902 -0.21316 0.97092 -0.10902 -0.10793 0.98853 -0.10567 0.01701 0.74627 0.66543 -0.09241 0.71933 0.68849 -0.09241 0.71933 0.68849 -0.20053 0.68291 0.70244 -0.20053 0.68291 0.70244 -0.30597 0.63748 0.70711 -0.40737 0.58363 0.70244 -0.40737 0.58363 0.70244 -0.50342 0.52206 0.68849 -0.50342 0.52206 0.68849 0.01397 0.71926 0.6946 -0.00158 0.78883 0.61461 -0.03985 0.86472 0.50067 -0.04213 0.85717 0.51331 -0.07375 0.94782 0.31017 -0.07515 0.9462 0.31473 -0.10278 0.9891 0.10548 -0.09979 0.99034 0.09623 -0.10021 0.99445 -0.03211 -0.69699 0.66727 -0.26259 -0.70959 0.6967 -0.10537 -0.70959 0.6967 -0.10536 -0.70959 0.6967 0.10537 -0.70959 0.6967 0.10536 -0.6893 0.65442 0.31081 -0.6893 0.65442 0.31081 -0.64973 0.57199 0.50067 -0.64973 0.57199 0.50067 -0.59288 0.45354 0.66543 -0.59288 0.45354 0.66543 -0.52159 0.30501 0.79682 -0.42966 0.36838 0.82443 -0.42966 0.36838 0.82443 -0.33212 0.42684 0.84113 -0.33212 0.42684 0.84113 -0.12528 0.52612 0.84113 -0.01865 0.56565 0.82443 -0.01865 0.56565 0.82443 0.07938 0.59535 0.79954 0.58229 -0.42897 0.6906 0.52159 -0.30501 0.79682 0.42966 -0.36838 0.82443 0.42966 -0.36838 0.82443 0.33212 -0.42684 0.84113 0.33212 -0.42684 0.84113 0.12528 -0.52612 0.84113 0.01865 -0.56565 0.82443 0.01865 -0.56565 0.82443 -0.07938 -0.59535 0.79954 -0.11208 -0.55173 0.82646 0.52336 -0.35061 0.77664 0.50057 -0.25767 0.82646 0.43943 -0.13384 0.88825 0.4412 -0.15816 0.88336 0.35906 0.0559 0.93164 0.35959 0.03041 0.93262 0.25935 0.24135 0.93514 0.2575 0.26525 0.92916 0.16448 0.42452 0.89035 0.16182 0.44625 0.88016 0.11208 0.55173 0.82646 0.09241 -0.71933 0.68849 0.09241 -0.71933 0.68849 0.20053 -0.68291 0.70244 0.20053 -0.68291 0.70244 0.30597 -0.63748 0.70711 0.40737 -0.58363 0.70244 0.40737 -0.58363 0.70244 0.50342 -0.52206 0.68849 0.50342 -0.52206 0.68849 0.58624 -0.45906 0.66753 0.69699 -0.66727 -0.26258 0.70959 -0.6967 -0.10537 0.62418 -0.77364 -0.10902 0.62418 -0.77364 -0.10902 0.53057 -0.84031 -0.11123 0.32373 -0.93959 -0.11123 0.21316 -0.97092 -0.10902 0.21316 -0.97092 -0.10902 0.69835 -0.70235 -0.13788 0.71319 -0.70023 -0.03211 0.70959 -0.6967 0.10537 0.70736 -0.70025 0.09637 0.69191 -0.65186 0.3104 0.69266 -0.64908 0.31449 0.64652 -0.57494 0.50146 0.64688 -0.56498 0.51219 0.61446 -0.49466 0.61461 0.68188 -0.63559 -0.36204 0.68232 -0.66118 -0.31189 0.60318 -0.7299 -0.32158 0.60318 -0.7299 -0.32158 0.50915 -0.79569 -0.3281 0.30231 -0.89496 -0.3281 0.30231 -0.89496 -0.3281 0.19217 -0.92718 -0.32158 0.19217 -0.92718 -0.32158 0.07941 -0.94715 -0.31081 0.0997 -0.98942 -0.10537 0.0997 -0.98942 -0.10536 0.0997 -0.98942 0.10537 0.0997 -0.98942 0.10536 0.07941 -0.94715 0.31081 0.07941 -0.94715 0.31081 0.03985 -0.86472 0.50067 0.03985 -0.86472 0.50067 -0.01701 -0.74627 0.66543 -0.01701 -0.74627 0.66543 0.63197 -0.53091 -0.56457 -0.35054 -0.05137 -0.93514 -0.25268 -0.00036 -0.96755 -0.15834 -0.19692 -0.96755 -0.05529 -0.14991 -0.98715 0.03855 -0.34543 -0.93765 0.40737 -0.58363 -0.70244 0.50342 -0.52206 -0.68849 0.56225 -0.64462 -0.51802 0.64425 -0.577 -0.50202 0.65658 -0.58428 -0.47698 -0.43943 0.13384 -0.88825 -0.25268 -0.00036 -0.96755 -0.15155 0.05063 -0.98715 -0.05529 -0.14991 -0.98715 0.24539 -0.24615 -0.93765 0.33212 -0.42684 -0.84113 0.42966 -0.36838 -0.82443 0.50342 -0.52206 -0.68849 0.59167 -0.45455 -0.66581 0.59441 -0.45635 -0.66213 -0.52159 0.30501 -0.79682 -0.42966 0.36838 -0.82443 -0.34466 0.19128 -0.91903 -0.24539 0.24615 -0.93765 0.24539 -0.24615 -0.93765 0.42966 -0.36838 -0.82443 0.52768 -0.30048 -0.79452 0.51762 -0.29364 -0.80364 -0.59288 0.45354 -0.66543 -0.50342 0.52206 -0.68849 -0.42966 0.36838 -0.82443 -0.33212 0.42684 -0.84113 0.05529 0.14991 -0.98715 0.15155 -0.05063 -0.98715 0.25268 0.00036 -0.96755 0.34466 -0.19128 -0.91903 0.43943 -0.13384 -0.88825 0.42583 -0.12196 -0.89655 -0.64973 0.57199 -0.50067 -0.56225 0.64462 -0.51802 -0.50342 0.52206 -0.68849 -0.40737 0.58363 -0.70244 0.05529 0.14991 -0.98715 0.15834 0.19692 -0.96755 0.25268 0.00036 -0.96755 0.35054 0.05137 -0.93514 0.31823 0.08108 -0.94454 0.90153 0.43271 -0 0.90153 0.43271 -0 0.90153 0.43271 0 0.90153 0.43271 0 0.90153 0.43271 -0 0.90153 0.43271 0 0.90153 0.43271 -0 0.90153 0.43271 0 0.90153 0.43271 0 0.90153 0.43271 -0 0.90153 0.43271 -0 0.90153 0.43271 0 0.90153 0.43271 -0 0.90153 0.43271 0 0.90153 0.43271 0 0.90153 0.43271 0 0.90153 0.43271 0 0.90153 0.43271 -0 0.90153 0.43271 -0 0.90153 0.43271 -0 0.90153 0.43271 -0 0.90153 0.43271 -0 0.90153 0.43271 -0 0.90153 0.43271 0 0.90153 0.43271 0 0.90153 0.43271 0 0.90153 0.43271 0 0.90153 0.43271 -0 0.90153 0.43271 0 0.90153 0.43271 0 -0.90153 -0.43271 -0 -0.90153 -0.43271 0 -0.90153 -0.43271 0 -0.90153 -0.43271 -0 -0.90153 -0.43271 0 -0.90153 -0.43271 0 -0.90153 -0.43271 -0 -0.90153 -0.43271 0 -0.90153 -0.43271 -0 -0.90153 -0.43271 0 -0.90153 -0.43271 -0 -0.90153 -0.43271 0 -0.90153 -0.43271 0 -0.90153 -0.43271 -0 -0.90153 -0.43271 -0 -0.90153 -0.43271 -0 -0.90153 -0.43271 -0 -0.90153 -0.43271 0 -0.90153 -0.43271 0 -0.90153 -0.43271 0 -0.90153 -0.43271 0 -0.90153 -0.43271 0 -0.90153 -0.43271 -0 -0.90153 -0.43271 0 -0.90153 -0.43271 0 -0.90153 -0.43271 0 -0.90153 -0.43271 -0 -0.90153 -0.43271 0 -0.90153 -0.43271 -0 -0.90153 -0.43271 -0 -0.21805 0.97594 -0 -0.40533 0.91417 -0 -0.62503 0.7806 -0 -0.63349 0.77373 0.00585 -0.57805 0.81594 -0.00983 -0.66778 0.74428 0.01067 -0.62568 0.78007 -0.00355 -0.71086 0.70332 0.0031 -0.68757 0.7261 -0.00421 -0.75179 0.6594 0.00284 -0.74052 0.67203 -0 -0.46534 0.88513 -0 -0.52884 0.84866 0.01063 -0.50228 0.8647 0.00155 -0.56438 0.82551 -0 -0.59056 0.80699 0 -0.34604 0.93819 0.00767 -0.36045 0.93277 0.00374 -0.29999 0.95394 -0 -0.05846 0.99829 -0 -0.06092 0.99814 -0.00039 -0.13266 0.99116 0.0004 -0.12132 0.99261 0.0021 -0.21724 0.97611 -0.00355 -0.17214 0.98504 0.00828 -0.27502 0.96142 -0.00619 -0.22655 0.974 0.00299 -0.26999 0.96286 0 0.97594 0.21805 -0 0.91417 0.40533 -0 0.7806 0.62503 -0 0.77373 0.63349 0.00585 0.81594 0.57805 -0.00983 0.74428 0.66778 0.01067 0.78007 0.62568 -0.00355 0.70332 0.71086 0.0031 0.7261 0.68757 -0.00421 0.6594 0.75179 0.00284 0.67203 0.74052 -0 0.88513 0.46534 0 0.84866 0.52884 0.01063 0.8647 0.50228 0.00155 0.82551 0.56438 -0 0.80699 0.59056 0 0.93819 0.34604 0.00767 0.93277 0.36045 0.00374 0.95394 0.29999 -0 0.99829 0.05846 0 0.99814 0.06092 -0.00039 0.99116 0.13266 0.0004 0.99261 0.12132 0.0021 0.97611 0.21724 -0.00355 0.98504 0.17214 0.00828 0.96142 0.27502 -0.00619 0.974 0.22655 0.00299 0.96286 0.26999 0 0.4903 0.87155 -0 0.75882 0.6513 -0 0.93582 0.35249 -0 0.99994 0.01116 0 0.77317 -0.6342 0 0.50964 -0.86039 0 0.18463 -0.98281 0 -0.16264 -0.98668 0 -0.16264 -0.98668 0 -0.4903 -0.87155 0 -0.4903 -0.87155 0 -0.75882 -0.6513 0 -0.93582 -0.35249 0 -0.99994 -0.01116 -0 -0.77317 0.6342 -0 -0.50964 0.86039 -0 -0.18463 0.98281 -0 0.16264 0.98668 -0 -0.22379 -0.97464 0 -0.0013 -1 0 0.22125 -0.97522 0 0.62247 -0.78264 0 0.78102 -0.62451 0 0.9004 -0.43506 0 0.97464 -0.22379 0 1 -0.0013 0 0.97522 0.22125 -0 0.78264 0.62247 -0 0.62451 0.78102 -0 0.43506 0.9004 -0 0.22379 0.97464 -0 0.0013 1 -0 -0.22125 0.97522 -0 -0.62247 0.78264 -0 -0.78102 0.62451 -0 -0.9004 0.43506 -0 -0.97464 0.22379 -0 -1 0.0013 -0 -0.97522 -0.22125 0 -0.78264 -0.62247 0 -0.62451 -0.78102 0 -0.43506 -0.9004 0 0.16264 0.98668 -0 -0.18463 0.98281 -0 -0.50964 0.86039 -0 -0.77317 0.6342 -0 -0.99994 -0.01116 -0 -0.93582 -0.35249 0 -0.75882 -0.6513 0 -0.4903 -0.87155 0 -0.16264 -0.98668 0 0.18463 -0.98281 0 0.50964 -0.86039 0 0.77317 -0.6342 0 0.99994 0.01116 0 0.93582 0.35249 -0 0.75882 0.6513 -0 0.4903 0.87155 -0</float_array>
          <technique_common>
            <accessor source="#norm_0-array" count="24546" stride="3">
              <param name="X" type="float"/>
              <param name="Y" type="float"/>
              <param name="Z" type="float"/>
            </accessor>
          </technique_common>
        </source>
        <source id="uvs_0">
          <float_array id="uvs_0-array" count="0"></float_array>
          <technique_common>
            <accessor source="#uvs_0-array" count="0" stride="2">
              <param name="S" type="float"/>
              <param name="T" type="float"/>
            </accessor>
          </technique_common>
        </source>
        <vertices id="vert_0">
          <input semantic="POSITION" source="#pos_0"/>
        </vertices>
        <triangles count="9868" material="mat_0">
          <input semantic="VERTEX" source="#vert_0" offset="0"/>
          <input semantic="NORMAL" source="#norm_0" offset="1"/>
          <p>0 0 1 0 2 0 2 1 1 1 3 1 0 2 4 2 1 2 1 3 4 3 5 3 1 4 5 4 6 4 6 5 5 5 7 5 7 6 8 6 6 6 6 7 8 7 9 7 6 8 9 8 10 8 10 9 9 9 11 9 12 10 13 10 14 10 12 11 14 11 15 11 15 12 14 12 16 12 16 13 14 13 17 13 16 14 17 14 18 14 19 15 20 15 21 15 21 16 20 16 22 16 21 17 22 17 23 17 13 18 19 18 14 18 14 19 19 19 21 19 14 20 21 20 24 20 24 21 21 21 1 21 24 22 1 22 25 22 25 23 1 23 6 23 26 24 27 24 28 24 29 25 30 25 31 25 32 26 33 26 34 26 34 27 33 27 35 27 32 28 34 28 36 28 36 29 34 29 37 29 36 30 37 30 38 30 38 31 37 31 39 31 38 32 39 32 40 32 27 33 29 33 28 33 28 34 29 34 31 34 28 35 31 35 39 35 39 36 31 36 41 36 39 37 41 37 40 37 42 38 43 38 44 38 44 39 43 39 45 39 44 40 45 40 26 40 46 41 47 41 48 41 48 42 47 42 49 42 48 43 49 43 50 43 50 44 51 44 48 44 48 45 51 45 52 45 48 46 52 46 42 46 46 47 48 47 53 47 53 48 48 48 54 48 53 49 54 49 55 49 55 50 54 50 56 50 55 51 56 51 57 51 57 52 56 52 58 52 57 53 58 53 59 53 58 54 60 54 61 54 59 55 58 55 62 55 62 56 58 56 61 56 62 57 61 57 63 57 64 58 65 58 66 58 66 59 65 59 67 59 66 60 67 60 68 60 35 61 69 61 34 61 34 62 69 62 70 62 34 63 70 63 71 63 42 64 44 64 48 64 48 65 44 65 72 65 48 66 72 66 54 66 54 67 72 67 73 67 54 68 73 68 56 68 56 69 73 69 66 69 56 70 66 70 58 70 58 71 66 71 68 71 58 72 68 72 60 72 26 73 28 73 44 73 44 74 28 74 39 74 44 75 39 75 72 75 72 76 39 76 37 76 72 77 37 77 73 77 73 78 37 78 34 78 73 79 34 79 66 79 66 80 34 80 71 80 66 81 71 81 64 81 74 82 75 82 76 82 77 83 78 83 79 83 80 84 81 84 82 84 82 85 81 85 83 85 82 86 83 86 84 86 84 87 83 87 85 87 84 88 85 88 86 88 79 89 78 89 87 89 76 90 75 90 88 90 74 91 76 91 89 91 89 92 76 92 90 92 89 93 90 93 91 93 91 94 90 94 92 94 91 95 92 95 93 95 78 96 94 96 87 96 87 97 94 97 95 97 87 97 95 97 96 97 96 98 95 98 97 98 96 99 97 99 98 99 98 100 97 100 99 100 98 101 99 101 100 101 86 102 85 102 100 102 100 103 85 103 101 103 100 104 101 104 98 104 98 105 101 105 102 105 98 106 102 106 96 106 96 107 102 107 103 107 96 107 103 107 87 107 87 108 103 108 88 108 87 109 88 109 79 109 79 110 88 110 75 110 79 111 75 111 77 111 104 112 105 112 106 112 107 112 108 112 105 112 105 112 108 112 109 112 105 112 109 112 106 112 110 113 111 113 112 113 112 112 111 112 113 112 112 113 113 113 107 113 107 112 113 112 114 112 107 112 114 112 108 112 115 112 116 112 112 112 112 112 116 112 117 112 112 113 117 113 110 113 118 113 119 113 115 113 115 112 119 112 120 112 115 113 120 113 116 113 121 112 122 112 123 112 123 112 122 112 124 112 123 112 124 112 125 112 126 112 127 112 128 112 129 112 130 112 131 112 125 112 132 112 123 112 123 112 132 112 133 112 123 112 133 112 131 112 131 112 133 112 134 112 131 112 134 112 129 112 126 112 135 112 127 112 127 112 135 112 136 112 127 112 136 112 121 112 121 112 136 112 137 112 121 112 137 112 122 112 138 112 139 112 140 112 140 112 139 112 141 112 140 112 141 112 128 112 128 112 141 112 142 112 128 112 142 112 126 112 129 112 143 112 130 112 130 112 143 112 144 112 130 112 144 112 118 112 118 112 144 112 145 112 118 112 145 112 119 112 88 112 146 112 147 112 148 112 81 112 140 112 140 112 81 112 80 112 140 113 80 113 138 113 149 113 85 113 148 113 148 112 85 112 83 112 148 113 83 113 81 113 88 112 103 112 146 112 146 112 103 112 102 112 146 112 102 112 149 112 149 112 102 112 101 112 149 112 101 112 85 112 93 112 92 112 150 112 150 112 92 112 90 112 150 112 90 112 147 112 147 112 90 112 76 112 147 112 76 112 88 112 106 112 151 112 104 112 104 112 151 112 152 112 104 112 152 112 150 112 150 112 152 112 153 112 150 112 153 112 93 112 154 114 155 114 156 114 154 115 156 115 157 115 157 116 156 116 158 116 158 117 156 117 159 117 158 118 159 118 160 118 161 119 162 119 163 119 163 120 162 120 164 120 163 121 164 121 165 121 166 122 167 122 168 122 168 123 167 123 169 123 166 124 170 124 167 124 167 125 170 125 171 125 167 126 171 126 172 126 172 127 171 127 173 127 173 128 174 128 172 128 172 129 174 129 175 129 172 130 175 130 176 130 176 131 175 131 177 131 155 132 161 132 156 132 156 133 161 133 163 133 156 134 163 134 178 134 178 135 163 135 167 135 178 136 167 136 179 136 179 137 167 137 172 137 180 138 181 138 182 138 180 139 182 139 183 139 183 140 182 140 184 140 184 141 182 141 185 141 184 142 185 142 186 142 187 143 188 143 189 143 189 144 188 144 190 144 189 145 190 145 191 145 192 146 193 146 194 146 194 147 193 147 195 147 192 148 196 148 193 148 193 149 196 149 197 149 193 150 197 150 198 150 198 151 197 151 199 151 199 152 200 152 198 152 198 153 200 153 201 153 198 154 201 154 202 154 202 155 201 155 203 155 181 156 187 156 182 156 182 157 187 157 189 157 182 158 189 158 204 158 204 159 189 159 193 159 204 160 193 160 205 160 205 161 193 161 198 161 206 162 207 162 208 162 206 163 208 163 209 163 209 164 208 164 210 164 210 165 208 165 211 165 210 166 211 166 212 166 213 167 214 167 215 167 215 168 214 168 216 168 215 169 216 169 217 169 218 170 219 170 220 170 220 171 219 171 221 171 218 172 222 172 219 172 219 173 222 173 223 173 219 174 223 174 224 174 224 175 223 175 225 175 225 176 226 176 224 176 224 177 226 177 227 177 224 178 227 178 228 178 228 179 227 179 229 179 207 180 213 180 208 180 208 181 213 181 215 181 208 182 215 182 230 182 230 183 215 183 219 183 230 184 219 184 231 184 231 185 219 185 224 185 232 186 233 186 234 186 235 187 236 187 237 187 237 188 236 188 232 188 238 189 239 189 240 189 240 190 239 190 235 190 241 191 242 191 243 191 243 192 244 192 241 192 241 193 244 193 245 193 241 194 245 194 246 194 246 195 247 195 241 195 241 196 247 196 248 196 241 197 248 197 238 197 242 198 241 198 249 198 249 199 241 199 250 199 249 200 250 200 251 200 251 201 250 201 252 201 251 202 252 202 253 202 253 203 252 203 254 203 253 204 254 204 255 204 254 205 256 205 257 205 255 206 254 206 258 206 258 207 254 207 257 207 258 208 257 208 259 208 260 209 261 209 262 209 262 210 261 210 263 210 262 211 263 211 264 211 265 212 266 212 267 212 267 213 266 213 268 213 267 214 268 214 269 214 232 215 234 215 237 215 237 216 234 216 270 216 237 217 270 217 271 217 271 218 270 218 272 218 271 219 272 219 273 219 273 220 272 220 274 220 273 221 274 221 267 221 267 222 274 222 275 222 267 223 275 223 265 223 238 224 240 224 241 224 241 225 240 225 276 225 241 226 276 226 250 226 250 227 276 227 277 227 250 228 277 228 252 228 252 229 277 229 262 229 252 230 262 230 254 230 254 231 262 231 264 231 254 232 264 232 256 232 235 233 237 233 240 233 240 234 237 234 271 234 240 235 271 235 276 235 276 236 271 236 273 236 276 237 273 237 277 237 277 238 273 238 267 238 277 239 267 239 262 239 262 240 267 240 269 240 262 241 269 241 260 241 278 242 279 242 280 242 281 243 282 243 283 243 283 244 282 244 278 244 284 245 285 245 286 245 286 246 285 246 281 246 287 247 288 247 289 247 289 248 290 248 287 248 287 249 290 249 291 249 287 250 291 250 292 250 292 251 293 251 287 251 287 252 293 252 294 252 287 253 294 253 284 253 288 254 287 254 295 254 295 255 287 255 296 255 295 256 296 256 297 256 297 257 296 257 298 257 297 258 298 258 299 258 299 259 298 259 300 259 299 260 300 260 301 260 300 261 302 261 303 261 301 262 300 262 304 262 304 263 300 263 303 263 304 264 303 264 305 264 306 265 307 265 308 265 308 266 307 266 309 266 308 267 309 267 310 267 311 268 312 268 313 268 313 269 312 269 314 269 313 270 314 270 315 270 278 271 280 271 283 271 283 272 280 272 316 272 283 273 316 273 317 273 317 274 316 274 318 274 317 275 318 275 319 275 319 276 318 276 320 276 319 277 320 277 313 277 313 278 320 278 321 278 313 279 321 279 311 279 284 280 286 280 287 280 287 281 286 281 322 281 287 282 322 282 296 282 296 283 322 283 323 283 296 284 323 284 298 284 298 285 323 285 308 285 298 286 308 286 300 286 300 287 308 287 310 287 300 288 310 288 302 288 281 289 283 289 286 289 286 290 283 290 317 290 286 291 317 291 322 291 322 292 317 292 319 292 322 293 319 293 323 293 323 294 319 294 313 294 323 295 313 295 308 295 308 296 313 296 315 296 308 297 315 297 306 297 324 298 325 298 326 298 327 299 328 299 329 299 330 300 331 300 332 300 330 301 332 301 333 301 333 302 332 302 334 302 334 303 332 303 335 303 334 304 335 304 336 304 336 305 335 305 337 305 336 306 337 306 338 306 325 307 327 307 326 307 326 308 327 308 329 308 326 309 329 309 337 309 337 310 329 310 339 310 337 311 339 311 338 311 340 312 341 312 342 312 342 313 341 313 324 313 343 314 344 314 345 314 345 315 346 315 343 315 343 316 346 316 347 316 343 317 347 317 348 317 348 318 349 318 343 318 343 319 349 319 350 319 343 320 350 320 340 320 344 321 343 321 351 321 351 322 343 322 352 322 351 323 352 323 353 323 353 324 352 324 354 324 353 325 354 325 355 325 355 326 354 326 356 326 355 327 356 327 357 327 356 328 358 328 359 328 357 329 356 329 360 329 360 330 356 330 359 330 360 331 359 331 361 331 362 332 363 332 364 332 364 333 363 333 365 333 366 334 367 334 363 334 363 335 367 335 368 335 363 336 368 336 365 336 340 337 342 337 343 337 343 338 342 338 369 338 343 339 369 339 352 339 352 340 369 340 370 340 352 341 370 341 354 341 354 342 370 342 363 342 354 343 363 343 356 343 356 344 363 344 362 344 356 345 362 345 358 345 324 346 326 346 342 346 342 347 326 347 337 347 342 348 337 348 369 348 369 349 337 349 335 349 369 350 335 350 370 350 370 351 335 351 332 351 370 352 332 352 363 352 363 353 332 353 331 353 363 354 331 354 366 354 371 355 18 355 17 355 10 356 11 356 372 356 372 357 11 357 373 357 10 358 372 358 6 358 6 359 372 359 374 359 6 360 374 360 25 360 25 361 374 361 375 361 25 362 375 362 24 362 376 363 371 363 377 363 377 364 371 364 17 364 377 365 17 365 375 365 375 366 17 366 14 366 375 367 14 367 24 367 378 368 379 368 380 368 380 369 379 369 381 369 382 370 383 370 384 370 383 371 385 371 384 371 384 372 385 372 386 372 384 373 386 373 387 373 388 374 389 374 390 374 390 375 389 375 391 375 390 376 391 376 392 376 392 377 391 377 393 377 392 378 393 378 394 378 394 379 393 379 395 379 394 380 395 380 384 380 384 381 395 381 396 381 384 382 396 382 382 382 397 383 388 383 398 383 398 384 388 384 390 384 398 385 390 385 399 385 399 386 390 386 400 386 401 387 400 387 402 387 403 388 404 388 402 388 402 389 404 389 405 389 402 390 405 390 401 390 373 391 406 391 372 391 372 392 406 392 407 392 372 393 407 393 403 393 403 394 402 394 372 394 372 395 402 395 408 395 372 396 408 396 374 396 374 397 408 397 409 397 374 397 409 397 375 397 375 398 409 398 380 398 375 399 380 399 377 399 377 400 380 400 381 400 377 401 381 401 376 401 400 402 390 402 402 402 402 403 390 403 392 403 402 404 392 404 408 404 408 405 392 405 394 405 408 406 394 406 409 406 409 407 394 407 384 407 409 408 384 408 380 408 380 409 384 409 387 409 380 410 387 410 378 410 410 411 411 411 412 411 413 412 160 412 159 412 414 413 415 413 416 413 416 414 415 414 417 414 418 415 419 415 420 415 419 416 421 416 420 416 420 417 421 417 422 417 420 418 422 418 423 418 424 419 425 419 426 419 426 420 425 420 427 420 426 421 427 421 428 421 428 422 427 422 429 422 428 423 429 423 430 423 430 424 429 424 431 424 430 425 431 425 420 425 420 426 431 426 432 426 420 427 432 427 418 427 433 428 424 428 434 428 434 429 424 429 426 429 434 430 426 430 435 430 435 431 426 431 436 431 411 432 437 432 412 432 412 433 437 433 438 433 412 434 438 434 436 434 439 435 440 435 441 435 441 436 440 436 410 436 176 437 177 437 441 437 441 438 177 438 442 438 441 439 442 439 439 439 176 440 441 440 172 440 172 441 441 441 443 441 172 442 443 442 179 442 179 443 443 443 444 443 179 444 444 444 178 444 445 445 413 445 446 445 446 446 413 446 159 446 446 447 159 447 444 447 444 448 159 448 156 448 444 449 156 449 178 449 410 450 412 450 441 450 441 451 412 451 447 451 441 452 447 452 443 452 443 453 447 453 448 453 443 453 448 453 444 453 444 454 448 454 416 454 444 455 416 455 446 455 446 456 416 456 417 456 446 457 417 457 445 457 436 458 426 458 412 458 412 459 426 459 428 459 412 460 428 460 447 460 447 461 428 461 430 461 447 462 430 462 448 462 448 463 430 463 420 463 448 464 420 464 416 464 416 465 420 465 423 465 416 466 423 466 414 466 449 467 212 467 211 467 450 468 451 468 452 468 452 469 451 469 453 469 454 470 455 470 456 470 455 471 457 471 456 471 456 472 457 472 458 472 456 473 458 473 459 473 460 474 461 474 462 474 462 475 461 475 463 475 462 476 463 476 464 476 464 477 463 477 465 477 464 478 465 478 466 478 466 479 465 479 467 479 466 480 467 480 456 480 456 481 467 481 468 481 456 482 468 482 454 482 469 483 460 483 470 483 470 484 460 484 462 484 470 485 462 485 471 485 471 486 462 486 472 486 473 487 472 487 474 487 475 488 476 488 474 488 474 489 476 489 477 489 474 490 477 490 473 490 478 491 479 491 480 491 480 492 479 492 475 492 228 493 229 493 480 493 480 494 229 494 481 494 480 495 481 495 478 495 228 496 480 496 224 496 224 497 480 497 482 497 224 498 482 498 231 498 231 499 482 499 483 499 231 500 483 500 230 500 484 501 449 501 485 501 485 502 449 502 211 502 485 503 211 503 483 503 483 504 211 504 208 504 483 505 208 505 230 505 475 506 474 506 480 506 480 507 474 507 486 507 480 508 486 508 482 508 482 509 486 509 487 509 482 509 487 509 483 509 483 510 487 510 452 510 483 511 452 511 485 511 485 512 452 512 453 512 485 513 453 513 484 513 472 514 462 514 474 514 474 515 462 515 464 515 474 516 464 516 486 516 486 517 464 517 466 517 486 518 466 518 487 518 487 519 466 519 456 519 487 520 456 520 452 520 452 521 456 521 459 521 452 522 459 522 450 522 488 523 186 523 185 523 202 524 203 524 489 524 489 525 203 525 490 525 489 526 490 526 491 526 202 527 489 527 198 527 198 528 489 528 492 528 198 529 492 529 205 529 205 530 492 530 493 530 205 531 493 531 204 531 494 532 488 532 495 532 495 533 488 533 185 533 495 534 185 534 493 534 493 535 185 535 182 535 493 536 182 536 204 536 496 537 497 537 498 537 498 538 497 538 499 538 500 539 501 539 502 539 501 540 503 540 502 540 502 541 503 541 504 541 502 542 504 542 505 542 506 543 507 543 508 543 508 544 507 544 509 544 508 545 509 545 510 545 510 546 509 546 511 546 510 547 511 547 512 547 512 548 511 548 513 548 512 549 513 549 502 549 502 550 513 550 514 550 502 551 514 551 500 551 515 552 506 552 516 552 516 553 506 553 508 553 516 554 508 554 517 554 517 555 508 555 518 555 518 556 519 556 520 556 520 557 519 557 521 557 491 558 522 558 519 558 522 559 523 559 519 559 519 560 523 560 524 560 519 561 524 561 521 561 491 562 519 562 489 562 489 563 519 563 525 563 489 564 525 564 492 564 492 565 525 565 526 565 492 565 526 565 493 565 493 566 526 566 498 566 493 567 498 567 495 567 495 568 498 568 499 568 495 569 499 569 494 569 518 570 508 570 519 570 519 571 508 571 510 571 519 572 510 572 525 572 525 573 510 573 512 573 525 574 512 574 526 574 526 575 512 575 502 575 526 576 502 576 498 576 498 577 502 577 505 577 498 578 505 578 496 578 527 579 528 579 113 579 529 580 530 580 531 580 531 581 530 581 532 581 113 582 528 582 114 582 527 583 113 583 533 583 533 584 113 584 111 584 533 585 111 585 534 585 534 586 111 586 110 586 534 587 110 587 117 587 93 588 153 588 535 588 535 589 153 589 152 589 535 590 152 590 536 590 536 591 152 591 151 591 536 592 151 592 537 592 530 593 538 593 532 593 532 594 538 594 539 594 532 594 539 594 540 594 540 595 539 595 541 595 540 596 541 596 542 596 542 597 541 597 543 597 542 598 543 598 544 598 537 599 151 599 544 599 544 600 151 600 106 600 544 601 106 601 542 601 542 602 106 602 109 602 542 603 109 603 540 603 540 604 109 604 108 604 540 604 108 604 532 604 532 605 108 605 114 605 532 606 114 606 531 606 531 607 114 607 528 607 531 608 528 608 529 608 545 609 546 609 141 609 547 610 548 610 549 610 125 611 124 611 550 611 550 612 124 612 122 612 550 613 122 613 551 613 551 614 122 614 137 614 551 615 137 615 552 615 549 616 548 616 553 616 141 617 546 617 142 617 545 618 141 618 554 618 554 619 141 619 139 619 554 620 139 620 555 620 555 621 139 621 138 621 555 622 138 622 80 622 548 623 556 623 553 623 553 624 556 624 557 624 553 625 557 625 558 625 558 626 557 626 559 626 558 627 559 627 560 627 560 628 559 628 561 628 560 629 561 629 562 629 552 630 137 630 562 630 562 631 137 631 136 631 562 632 136 632 560 632 560 633 136 633 135 633 560 634 135 634 558 634 558 635 135 635 126 635 558 636 126 636 553 636 553 637 126 637 142 637 553 638 142 638 549 638 549 639 142 639 546 639 549 640 546 640 547 640 563 641 564 641 134 641 565 642 566 642 567 642 567 643 566 643 568 643 134 644 564 644 129 644 563 645 134 645 569 645 569 646 134 646 133 646 569 647 133 647 570 647 570 648 133 648 132 648 570 649 132 649 125 649 117 650 116 650 571 650 571 651 116 651 120 651 571 652 120 652 572 652 572 653 120 653 119 653 572 654 119 654 573 654 566 655 574 655 568 655 568 656 574 656 575 656 568 656 575 656 576 656 576 657 575 657 577 657 576 658 577 658 578 658 578 659 577 659 579 659 578 660 579 660 580 660 573 661 119 661 580 661 580 662 119 662 145 662 580 663 145 663 578 663 578 664 145 664 144 664 578 665 144 665 576 665 576 666 144 666 143 666 576 666 143 666 568 666 568 667 143 667 129 667 568 668 129 668 567 668 567 669 129 669 564 669 567 670 564 670 565 670 581 671 582 671 41 671 581 672 41 672 583 672 583 673 41 673 584 673 584 674 41 674 31 674 584 675 31 675 30 675 585 676 586 676 95 676 95 677 586 677 587 677 95 678 587 678 97 678 588 679 94 679 589 679 589 680 94 680 78 680 588 681 590 681 94 681 94 682 590 682 591 682 94 683 591 683 36 683 36 684 591 684 592 684 592 685 593 685 36 685 36 686 593 686 594 686 36 687 594 687 32 687 32 688 594 688 33 688 582 689 585 689 41 689 41 690 585 690 95 690 41 691 95 691 40 691 40 692 95 692 94 692 40 693 94 693 38 693 38 694 94 694 36 694 595 695 596 695 270 695 595 696 270 696 597 696 597 697 270 697 598 697 598 698 270 698 234 698 598 699 234 699 233 699 599 700 600 700 539 700 539 701 600 701 601 701 539 702 601 702 541 702 602 703 603 703 272 703 530 704 604 704 538 704 538 705 604 705 605 705 538 706 605 706 606 706 603 707 607 707 272 707 272 708 607 708 608 708 272 709 608 709 274 709 274 710 608 710 275 710 596 711 599 711 270 711 270 712 599 712 539 712 270 713 539 713 272 713 272 714 539 714 538 714 272 715 538 715 602 715 602 716 538 716 606 716 609 717 610 717 339 717 609 718 339 718 611 718 611 719 339 719 612 719 612 720 339 720 329 720 612 721 329 721 328 721 613 722 614 722 557 722 557 723 614 723 615 723 557 724 615 724 559 724 556 725 548 725 616 725 616 726 617 726 556 726 556 727 617 727 618 727 556 728 618 728 619 728 620 729 621 729 336 729 336 730 621 730 622 730 336 731 622 731 334 731 334 732 622 732 333 732 610 733 613 733 339 733 339 734 613 734 557 734 339 735 557 735 338 735 338 736 557 736 556 736 338 737 556 737 336 737 336 738 556 738 619 738 336 739 619 739 620 739 623 740 624 740 316 740 623 741 316 741 625 741 625 742 316 742 626 742 626 743 316 743 280 743 626 744 280 744 279 744 627 745 628 745 575 745 575 746 628 746 629 746 575 747 629 747 577 747 566 748 630 748 574 748 574 749 630 749 631 749 574 750 631 750 632 750 318 751 633 751 634 751 634 752 635 752 318 752 318 753 635 753 636 753 318 754 636 754 320 754 320 755 636 755 321 755 624 756 627 756 316 756 316 757 627 757 575 757 316 758 575 758 318 758 318 759 575 759 574 759 318 760 574 760 633 760 633 761 574 761 632 761 360 762 468 762 357 762 357 763 468 763 467 763 357 764 467 764 355 764 355 765 467 765 465 765 355 766 465 766 353 766 353 767 465 767 463 767 460 768 345 768 461 768 461 769 345 769 344 769 461 770 344 770 463 770 463 771 344 771 351 771 463 772 351 772 353 772 327 773 637 773 328 773 328 773 637 773 638 773 328 773 638 773 612 773 612 773 638 773 639 773 612 773 639 773 611 773 640 773 481 773 641 773 641 773 481 773 229 773 641 773 229 773 642 773 642 773 229 773 227 773 642 773 227 773 643 773 643 773 227 773 226 773 643 773 226 773 644 773 644 773 226 773 611 773 644 773 611 773 645 773 645 773 611 773 639 773 611 774 226 774 609 774 609 775 226 775 225 775 609 776 225 776 610 776 610 777 225 777 223 777 610 778 223 778 613 778 613 779 223 779 222 779 613 780 222 780 614 780 614 781 222 781 218 781 588 782 162 782 590 782 590 783 162 783 161 783 590 784 161 784 591 784 591 785 161 785 155 785 591 786 155 786 592 786 592 787 155 787 154 787 592 788 154 788 593 788 593 789 154 789 157 789 63 790 61 790 421 790 646 791 647 791 64 791 35 792 648 792 69 792 69 793 648 793 649 793 69 794 649 794 70 794 70 795 649 795 646 795 70 796 646 796 71 796 71 797 646 797 64 797 64 798 415 798 65 798 65 799 415 799 414 799 65 800 414 800 67 800 67 801 414 801 68 801 68 802 414 802 423 802 68 803 423 803 422 803 421 804 61 804 422 804 422 805 61 805 60 805 422 806 60 806 68 806 432 807 62 807 418 807 418 808 62 808 63 808 418 809 63 809 419 809 419 810 63 810 421 810 650 811 413 811 651 811 651 812 413 812 445 812 651 813 445 813 652 813 652 814 445 814 417 814 652 815 417 815 653 815 653 816 417 816 415 816 653 817 415 817 654 817 654 818 415 818 64 818 654 819 64 819 655 819 655 820 64 820 647 820 62 821 432 821 59 821 59 822 432 822 431 822 59 823 431 823 57 823 57 824 431 824 429 824 57 825 429 825 55 825 55 826 429 826 427 826 424 827 47 827 425 827 425 828 47 828 46 828 425 829 46 829 427 829 427 830 46 830 53 830 427 831 53 831 55 831 29 832 656 832 30 832 30 833 656 833 657 833 30 832 657 832 584 832 584 833 657 833 658 833 584 833 658 833 583 833 659 833 442 833 660 833 660 833 442 833 177 833 660 833 177 833 661 833 661 833 177 833 175 833 661 833 175 833 662 833 662 833 175 833 174 833 662 833 174 833 663 833 663 832 174 832 583 832 663 832 583 832 664 832 664 833 583 833 658 833 583 834 174 834 581 834 581 835 174 835 173 835 581 836 173 836 582 836 582 837 173 837 171 837 582 838 171 838 585 838 585 839 171 839 170 839 585 840 170 840 586 840 586 841 170 841 166 841 555 842 80 842 665 842 666 843 667 843 217 843 555 844 665 844 554 844 554 845 665 845 668 845 554 846 668 846 545 846 86 847 669 847 84 847 84 848 669 848 665 848 84 849 665 849 82 849 82 850 665 850 80 850 169 851 670 851 671 851 86 852 100 852 669 852 669 853 100 853 99 853 669 854 99 854 671 854 671 855 99 855 97 855 671 856 97 856 169 856 169 857 97 857 587 857 169 858 587 858 168 858 168 859 587 859 586 859 168 860 586 860 166 860 214 861 617 861 216 861 216 862 617 862 616 862 216 863 616 863 217 863 217 864 616 864 548 864 217 865 548 865 666 865 666 866 548 866 547 866 666 867 547 867 668 867 668 868 547 868 546 868 668 869 546 869 545 869 617 870 214 870 618 870 618 871 214 871 213 871 618 872 213 872 619 872 619 873 213 873 207 873 619 874 207 874 620 874 620 875 207 875 206 875 620 876 206 876 621 876 621 877 206 877 209 877 361 878 359 878 457 878 672 879 673 879 368 879 330 880 674 880 331 880 331 881 674 881 675 881 331 882 675 882 366 882 366 883 675 883 672 883 366 884 672 884 367 884 367 885 672 885 368 885 368 886 451 886 365 886 365 887 451 887 450 887 365 888 450 888 364 888 364 889 450 889 362 889 362 890 450 890 459 890 362 891 459 891 458 891 457 892 359 892 458 892 458 893 359 893 358 893 458 894 358 894 362 894 468 895 360 895 454 895 454 896 360 896 361 896 454 897 361 897 455 897 455 898 361 898 457 898 676 899 449 899 677 899 677 900 449 900 484 900 677 901 484 901 678 901 678 902 484 902 453 902 678 903 453 903 679 903 679 904 453 904 451 904 679 905 451 905 680 905 680 906 451 906 368 906 680 907 368 907 681 907 681 908 368 908 673 908 631 909 188 909 632 909 632 910 188 910 187 910 632 911 187 911 633 911 633 912 187 912 181 912 633 913 181 913 634 913 634 914 181 914 180 914 634 915 180 915 635 915 635 916 180 916 183 916 305 917 303 917 503 917 682 918 683 918 306 918 311 919 684 919 312 919 312 920 684 920 685 920 312 921 685 921 314 921 314 922 685 922 682 922 314 923 682 923 315 923 315 924 682 924 306 924 306 925 497 925 307 925 307 926 497 926 496 926 307 927 496 927 309 927 309 928 496 928 310 928 310 929 496 929 505 929 310 930 505 930 504 930 503 931 303 931 504 931 504 932 303 932 302 932 504 933 302 933 310 933 514 934 304 934 500 934 500 935 304 935 305 935 500 936 305 936 501 936 501 937 305 937 503 937 686 938 488 938 687 938 687 939 488 939 494 939 687 940 494 940 688 940 688 941 494 941 499 941 688 942 499 942 689 942 689 943 499 943 497 943 689 944 497 944 690 944 690 945 497 945 306 945 690 946 306 946 691 946 691 947 306 947 683 947 304 948 514 948 301 948 301 949 514 949 513 949 301 950 513 950 299 950 299 951 513 951 511 951 299 952 511 952 297 952 297 953 511 953 509 953 506 954 289 954 507 954 507 955 289 955 288 955 507 956 288 956 509 956 509 957 288 957 295 957 509 958 295 958 297 958 278 959 692 959 279 959 279 960 692 960 693 960 279 959 693 959 626 959 626 960 693 960 694 960 626 960 694 960 625 960 695 960 490 960 696 960 696 960 490 960 203 960 696 960 203 960 697 960 697 960 203 960 201 960 697 960 201 960 698 960 698 960 201 960 200 960 698 960 200 960 699 960 699 959 200 959 625 959 699 959 625 959 700 959 700 960 625 960 694 960 625 961 200 961 623 961 623 962 200 962 199 962 623 963 199 963 624 963 624 964 199 964 197 964 624 965 197 965 627 965 627 966 197 966 196 966 627 967 196 967 628 967 628 968 196 968 192 968 605 969 20 969 606 969 606 970 20 970 19 970 606 971 19 971 602 971 602 972 19 972 13 972 602 973 13 973 603 973 603 974 13 974 12 974 603 975 12 975 607 975 607 976 12 976 15 976 91 977 93 977 701 977 702 978 703 978 165 978 91 979 701 979 89 979 89 980 701 980 704 980 89 981 704 981 74 981 537 982 705 982 536 982 536 983 705 983 701 983 536 984 701 984 535 984 535 985 701 985 93 985 3 986 706 986 707 986 537 987 544 987 705 987 705 988 544 988 543 988 705 989 543 989 707 989 707 990 543 990 541 990 707 991 541 991 3 991 3 992 541 992 601 992 3 993 601 993 2 993 2 994 601 994 600 994 2 995 600 995 0 995 162 996 588 996 164 996 164 997 588 997 589 997 164 998 589 998 165 998 165 999 589 999 78 999 165 1000 78 1000 702 1000 702 1001 78 1001 77 1001 702 1002 77 1002 704 1002 704 1003 77 1003 75 1003 704 1004 75 1004 74 1004 259 1005 257 1005 385 1005 708 1006 709 1006 260 1006 265 1007 710 1007 266 1007 266 1008 710 1008 711 1008 266 1009 711 1009 268 1009 268 1010 711 1010 708 1010 268 1011 708 1011 269 1011 269 1012 708 1012 260 1012 260 1013 379 1013 261 1013 261 1014 379 1014 378 1014 261 1015 378 1015 263 1015 263 1016 378 1016 264 1016 264 1017 378 1017 387 1017 264 1018 387 1018 386 1018 385 1019 257 1019 386 1019 386 1020 257 1020 256 1020 386 1021 256 1021 264 1021 396 1022 258 1022 382 1022 382 1023 258 1023 259 1023 382 1024 259 1024 383 1024 383 1025 259 1025 385 1025 712 1026 371 1026 713 1026 713 1027 371 1027 376 1027 713 1028 376 1028 714 1028 714 1029 376 1029 381 1029 714 1030 381 1030 715 1030 715 1031 381 1031 379 1031 715 1032 379 1032 716 1032 716 1033 379 1033 260 1033 716 1034 260 1034 717 1034 717 1035 260 1035 709 1035 597 1036 8 1036 595 1036 595 1037 8 1037 7 1037 595 1038 7 1038 596 1038 596 1039 7 1039 5 1039 596 1040 5 1040 599 1040 599 1041 5 1041 4 1041 599 1042 4 1042 600 1042 600 1043 4 1043 0 1043 258 1044 396 1044 255 1044 255 1045 396 1045 395 1045 255 1046 395 1046 253 1046 253 1047 395 1047 393 1047 253 1048 393 1048 251 1048 251 1049 393 1049 391 1049 388 1050 243 1050 389 1050 389 1051 243 1051 242 1051 389 1052 242 1052 391 1052 391 1053 242 1053 249 1053 391 1054 249 1054 251 1054 718 1055 373 1055 719 1055 719 1055 373 1055 11 1055 719 1055 11 1055 720 1055 720 1055 11 1055 9 1055 720 1055 9 1055 721 1055 721 1055 9 1055 8 1055 721 1055 8 1055 722 1055 722 1055 8 1055 597 1055 232 1055 723 1055 233 1055 233 1055 723 1055 724 1055 233 1055 724 1055 598 1055 598 1055 724 1055 725 1055 598 1055 725 1055 597 1055 597 1055 725 1055 726 1055 597 1055 726 1055 722 1055 433 1056 434 1056 51 1056 727 1057 728 1057 411 1057 442 1058 659 1058 439 1058 439 1059 659 1059 729 1059 439 1060 729 1060 440 1060 440 1061 729 1061 727 1061 440 1062 727 1062 410 1062 410 1063 727 1063 411 1063 411 1064 45 1064 437 1064 437 1065 45 1065 43 1065 437 1066 43 1066 438 1066 438 1067 43 1067 436 1067 436 1068 43 1068 42 1068 436 1069 42 1069 52 1069 51 1070 434 1070 52 1070 52 1071 434 1071 435 1071 52 1072 435 1072 436 1072 47 1073 424 1073 49 1073 49 1074 424 1074 433 1074 49 1075 433 1075 50 1075 50 1076 433 1076 51 1076 656 1077 29 1077 730 1077 730 1078 29 1078 27 1078 730 1079 27 1079 731 1079 731 1080 27 1080 26 1080 731 1081 26 1081 732 1081 732 1082 26 1082 45 1082 732 1083 45 1083 733 1083 733 1084 45 1084 411 1084 733 1085 411 1085 734 1085 734 1086 411 1086 728 1086 449 960 676 960 212 960 212 960 676 960 735 960 212 960 735 960 210 960 210 960 735 960 736 960 210 960 736 960 209 960 674 960 330 960 737 960 737 960 330 960 333 960 737 960 333 960 738 960 738 959 333 959 622 959 738 960 622 960 739 960 739 960 622 960 621 960 739 959 621 959 740 959 740 959 621 959 209 959 740 960 209 960 741 960 741 960 209 960 736 960 742 1087 737 1087 743 1087 743 1088 737 1088 738 1088 743 1088 738 1088 744 1088 744 1089 738 1089 739 1089 744 1089 739 1089 745 1089 745 1090 739 1090 740 1090 745 1090 740 1090 746 1090 746 1091 740 1091 741 1091 746 1091 741 1091 747 1091 747 1092 741 1092 736 1092 747 1092 736 1092 748 1092 748 1093 736 1093 735 1093 748 1093 735 1093 749 1093 749 1094 735 1094 676 1094 749 1095 676 1095 750 1095 673 1096 672 1096 751 1096 751 1097 672 1097 675 1097 751 1098 675 1098 742 1098 742 1099 675 1099 674 1099 742 1100 674 1100 737 1100 673 1101 751 1101 681 1101 681 1102 751 1102 752 1102 681 1103 752 1103 680 1103 680 1104 752 1104 679 1104 679 1105 752 1105 753 1105 679 1106 753 1106 678 1106 750 1107 676 1107 753 1107 753 1108 676 1108 677 1108 753 1109 677 1109 678 1109 413 773 650 773 160 773 160 773 650 773 754 773 160 773 754 773 158 773 158 773 754 773 755 773 158 773 755 773 157 773 648 773 35 773 756 773 756 773 35 773 33 773 756 773 33 773 757 773 757 773 33 773 594 773 757 773 594 773 758 773 758 773 594 773 593 773 758 773 593 773 759 773 759 773 593 773 157 773 759 773 157 773 760 773 760 773 157 773 755 773 397 1110 398 1110 246 1110 373 1111 718 1111 406 1111 406 1112 718 1112 761 1112 406 1113 761 1113 407 1113 761 1114 762 1114 407 1114 407 1115 762 1115 763 1115 407 1116 763 1116 403 1116 403 1117 763 1117 404 1117 404 1118 239 1118 405 1118 405 1119 239 1119 238 1119 405 1120 238 1120 401 1120 401 1121 238 1121 400 1121 400 1122 238 1122 248 1122 400 1123 248 1123 247 1123 246 1124 398 1124 247 1124 247 1125 398 1125 399 1125 247 1126 399 1126 400 1126 243 1127 388 1127 244 1127 244 1128 388 1128 397 1128 244 1129 397 1129 245 1129 245 1130 397 1130 246 1130 723 1131 232 1131 764 1131 764 1132 232 1132 236 1132 764 1133 236 1133 765 1133 765 1134 236 1134 235 1134 765 1135 235 1135 766 1135 766 1136 235 1136 239 1136 766 1137 239 1137 767 1137 767 1138 239 1138 404 1138 767 1139 404 1139 768 1139 768 1140 404 1140 763 1140 769 1141 756 1141 770 1141 770 1142 756 1142 757 1142 770 1142 757 1142 771 1142 771 1143 757 1143 758 1143 771 1143 758 1143 772 1143 772 1144 758 1144 759 1144 772 1144 759 1144 773 1144 773 1145 759 1145 760 1145 773 1145 760 1145 774 1145 774 1146 760 1146 755 1146 774 1146 755 1146 775 1146 775 1147 755 1147 754 1147 775 1147 754 1147 776 1147 776 1148 754 1148 650 1148 776 1149 650 1149 777 1149 647 1150 646 1150 778 1150 778 1151 646 1151 649 1151 778 1152 649 1152 769 1152 769 1153 649 1153 648 1153 769 1154 648 1154 756 1154 647 1155 778 1155 655 1155 655 1156 778 1156 779 1156 655 1157 779 1157 654 1157 654 1158 779 1158 653 1158 653 1159 779 1159 780 1159 653 1160 780 1160 652 1160 777 1161 650 1161 780 1161 780 1162 650 1162 651 1162 780 1163 651 1163 652 1163 515 1164 516 1164 292 1164 490 1165 695 1165 491 1165 491 1166 695 1166 781 1166 491 1167 781 1167 522 1167 781 1168 782 1168 522 1168 522 1169 782 1169 783 1169 522 1170 783 1170 523 1170 523 1171 783 1171 524 1171 524 1172 285 1172 521 1172 521 1173 285 1173 284 1173 521 1174 284 1174 520 1174 520 1175 284 1175 518 1175 518 1176 284 1176 294 1176 518 1177 294 1177 293 1177 292 1178 516 1178 293 1178 293 1179 516 1179 517 1179 293 1180 517 1180 518 1180 289 1181 506 1181 290 1181 290 1182 506 1182 515 1182 290 1183 515 1183 291 1183 291 1184 515 1184 292 1184 692 1185 278 1185 784 1185 784 1186 278 1186 282 1186 784 1187 282 1187 785 1187 785 1188 282 1188 281 1188 785 1189 281 1189 786 1189 786 1190 281 1190 285 1190 786 1191 285 1191 787 1191 787 1192 285 1192 524 1192 787 1193 524 1193 788 1193 788 1194 524 1194 783 1194 371 833 712 833 18 833 18 833 712 833 789 833 18 833 789 833 16 833 16 833 789 833 790 833 16 833 790 833 15 833 710 833 265 833 791 833 791 833 265 833 275 833 791 833 275 833 792 833 792 832 275 832 608 832 792 833 608 833 793 833 793 833 608 833 607 833 793 832 607 832 794 832 794 832 607 832 15 832 794 833 15 833 795 833 795 833 15 833 790 833 796 1088 791 1088 797 1088 797 1087 791 1087 792 1087 797 1087 792 1087 798 1087 798 1195 792 1195 793 1195 798 1195 793 1195 799 1195 799 1196 793 1196 794 1196 799 1196 794 1196 800 1196 800 1197 794 1197 795 1197 800 1197 795 1197 801 1197 801 1198 795 1198 790 1198 801 1198 790 1198 802 1198 802 1199 790 1199 789 1199 802 1199 789 1199 803 1199 803 1200 789 1200 712 1200 803 1201 712 1201 804 1201 709 1202 708 1202 805 1202 805 1203 708 1203 711 1203 805 1204 711 1204 796 1204 796 1205 711 1205 710 1205 796 1206 710 1206 791 1206 709 1207 805 1207 717 1207 717 1208 805 1208 806 1208 717 1209 806 1209 716 1209 716 1210 806 1210 715 1210 715 1211 806 1211 807 1211 715 1212 807 1212 714 1212 804 1213 712 1213 807 1213 807 1214 712 1214 713 1214 807 1215 713 1215 714 1215 469 1216 470 1216 348 1216 481 1217 640 1217 478 1217 478 1218 640 1218 808 1218 478 1219 808 1219 479 1219 808 1220 809 1220 479 1220 479 1221 809 1221 810 1221 479 1222 810 1222 475 1222 475 1223 810 1223 476 1223 476 1224 341 1224 477 1224 477 1225 341 1225 340 1225 477 1226 340 1226 473 1226 473 1227 340 1227 472 1227 472 1228 340 1228 350 1228 472 1229 350 1229 349 1229 348 1230 470 1230 349 1230 349 1231 470 1231 471 1231 349 1232 471 1232 472 1232 345 1233 460 1233 346 1233 346 1234 460 1234 469 1234 346 1235 469 1235 347 1235 347 1236 469 1236 348 1236 637 1237 327 1237 811 1237 811 1238 327 1238 325 1238 811 1239 325 1239 812 1239 812 1240 325 1240 324 1240 812 1241 324 1241 813 1241 813 1242 324 1242 341 1242 813 1243 341 1243 814 1243 814 1244 341 1244 476 1244 814 1245 476 1245 815 1245 815 1246 476 1246 810 1246 488 1055 686 1055 186 1055 186 1055 686 1055 816 1055 186 1055 816 1055 184 1055 184 1055 816 1055 817 1055 184 1055 817 1055 183 1055 684 1055 311 1055 818 1055 818 1055 311 1055 321 1055 818 1055 321 1055 819 1055 819 1055 321 1055 636 1055 819 1055 636 1055 820 1055 820 1055 636 1055 635 1055 820 1055 635 1055 821 1055 821 1055 635 1055 183 1055 821 1055 183 1055 822 1055 822 1055 183 1055 817 1055 823 1142 818 1142 824 1142 824 1141 818 1141 819 1141 824 1141 819 1141 825 1141 825 1247 819 1247 820 1247 825 1247 820 1247 826 1247 826 1248 820 1248 821 1248 826 1248 821 1248 827 1248 827 1249 821 1249 822 1249 827 1249 822 1249 828 1249 828 1250 822 1250 817 1250 828 1250 817 1250 829 1250 829 1251 817 1251 816 1251 829 1251 816 1251 830 1251 830 1252 816 1252 686 1252 830 1253 686 1253 831 1253 683 1254 682 1254 832 1254 832 1255 682 1255 685 1255 832 1256 685 1256 823 1256 823 1257 685 1257 684 1257 823 1258 684 1258 818 1258 683 1259 832 1259 691 1259 691 1260 832 1260 833 1260 691 1261 833 1261 690 1261 690 1262 833 1262 689 1262 689 1263 833 1263 834 1263 689 1264 834 1264 688 1264 831 1265 686 1265 834 1265 834 1266 686 1266 687 1266 834 1267 687 1267 688 1267 835 1268 836 1268 659 1268 659 1269 836 1269 729 1269 729 1270 836 1270 837 1270 729 1271 837 1271 727 1271 838 1272 734 1272 837 1272 837 1273 734 1273 728 1273 837 1274 728 1274 727 1274 839 1275 732 1275 838 1275 838 1276 732 1276 733 1276 838 1277 733 1277 734 1277 656 1278 730 1278 839 1278 839 1279 730 1279 731 1279 839 1280 731 1280 732 1280 659 1094 660 1094 835 1094 835 1093 660 1093 661 1093 835 1093 661 1093 840 1093 840 1092 661 1092 662 1092 840 1092 662 1092 841 1092 841 1091 662 1091 663 1091 841 1091 663 1091 842 1091 842 1090 663 1090 664 1090 842 1090 664 1090 843 1090 843 1089 664 1089 658 1089 843 1089 658 1089 844 1089 844 1088 658 1088 657 1088 844 1088 657 1088 845 1088 845 1281 657 1281 656 1281 845 1282 656 1282 846 1282 846 1283 656 1283 839 1283 847 1284 848 1284 849 1284 848 1285 850 1285 849 1285 849 1286 850 1286 851 1286 849 1287 851 1287 852 1287 851 1288 853 1288 852 1288 852 1289 853 1289 854 1289 852 1290 854 1290 855 1290 854 1291 856 1291 855 1291 855 1292 856 1292 857 1292 855 1293 857 1293 858 1293 858 1294 857 1294 859 1294 858 1295 859 1295 860 1295 860 1296 859 1296 861 1296 860 1297 861 1297 862 1297 862 1298 861 1298 863 1298 863 1299 864 1299 862 1299 862 1300 864 1300 865 1300 862 1301 865 1301 866 1301 865 1302 867 1302 866 1302 866 1303 867 1303 868 1303 866 1304 868 1304 869 1304 869 1305 868 1305 870 1305 869 1306 870 1306 871 1306 872 1307 873 1307 871 1307 871 1308 873 1308 874 1308 871 1309 874 1309 869 1309 872 1310 875 1310 873 1310 873 1311 875 1311 876 1311 873 1312 876 1312 877 1312 876 1313 878 1313 877 1313 877 1314 878 1314 879 1314 877 1315 879 1315 880 1315 879 1316 881 1316 880 1316 880 1317 881 1317 882 1317 880 1318 882 1318 883 1318 883 1319 882 1319 884 1319 883 1320 884 1320 885 1320 885 1321 884 1321 886 1321 885 1322 886 1322 887 1322 887 1323 886 1323 888 1323 889 1324 890 1324 891 1324 891 1325 890 1325 887 1325 891 1326 887 1326 892 1326 892 1327 887 1327 888 1327 893 1328 894 1328 895 1328 895 1329 894 1329 896 1329 895 1330 896 1330 897 1330 897 1331 896 1331 898 1331 897 1332 898 1332 899 1332 899 1333 898 1333 900 1333 899 1334 900 1334 901 1334 901 1335 900 1335 902 1335 902 1336 903 1336 901 1336 901 1337 903 1337 904 1337 901 1338 904 1338 905 1338 849 1339 906 1339 847 1339 847 1340 906 1340 907 1340 847 1341 907 1341 908 1341 908 1342 907 1342 905 1342 908 1343 905 1343 909 1343 909 1344 905 1344 904 1344 890 1345 910 1345 911 1345 890 1346 911 1346 887 1346 887 1347 911 1347 912 1347 887 1348 912 1348 885 1348 885 1349 912 1349 913 1349 885 1350 913 1350 883 1350 883 1351 913 1351 914 1351 883 1352 914 1352 880 1352 880 1353 914 1353 915 1353 880 1353 915 1353 877 1353 877 1354 915 1354 916 1354 877 1354 916 1354 873 1354 873 1355 916 1355 917 1355 873 1356 917 1356 874 1356 874 1357 917 1357 918 1357 874 1358 918 1358 869 1358 869 1359 918 1359 919 1359 869 1360 919 1360 866 1360 866 1361 919 1361 920 1361 866 1362 920 1362 862 1362 862 1363 920 1363 921 1363 862 1364 921 1364 860 1364 860 1365 921 1365 922 1365 860 1366 922 1366 858 1366 858 1367 922 1367 923 1367 858 1368 923 1368 855 1368 855 1369 923 1369 924 1369 855 1370 924 1370 852 1370 852 1371 924 1371 925 1371 852 1372 925 1372 849 1372 849 1373 925 1373 926 1373 849 1374 926 1374 906 1374 906 1375 926 1375 927 1375 906 1376 927 1376 907 1376 907 1377 927 1377 928 1377 907 1378 928 1378 905 1378 905 1379 928 1379 929 1379 905 1380 929 1380 901 1380 901 1381 929 1381 930 1381 901 1382 930 1382 899 1382 899 1383 930 1383 931 1383 899 1384 931 1384 897 1384 897 1385 931 1385 932 1385 897 1386 932 1386 895 1386 933 1387 934 1387 910 1387 934 1388 935 1388 910 1388 910 1389 935 1389 936 1389 910 1390 936 1390 911 1390 911 1391 936 1391 937 1391 911 1392 937 1392 912 1392 912 1393 937 1393 938 1393 912 1394 938 1394 913 1394 913 1395 938 1395 939 1395 913 1396 939 1396 914 1396 914 1397 939 1397 940 1397 914 1398 940 1398 915 1398 915 1399 940 1399 941 1399 915 1399 941 1399 916 1399 916 1400 941 1400 942 1400 916 1401 942 1401 917 1401 917 1402 942 1402 943 1402 917 1403 943 1403 918 1403 918 1404 943 1404 944 1404 918 1405 944 1405 919 1405 919 1406 944 1406 945 1406 919 1407 945 1407 920 1407 920 1408 945 1408 946 1408 920 1409 946 1409 921 1409 921 1410 946 1410 947 1410 921 1411 947 1411 922 1411 922 1412 947 1412 948 1412 922 1413 948 1413 923 1413 923 1414 948 1414 949 1414 923 1415 949 1415 924 1415 924 1416 949 1416 950 1416 924 1417 950 1417 925 1417 925 1418 950 1418 951 1418 925 1419 951 1419 926 1419 926 1420 951 1420 952 1420 926 1421 952 1421 927 1421 927 1422 952 1422 953 1422 927 1423 953 1423 928 1423 928 1424 953 1424 954 1424 928 1425 954 1425 929 1425 929 1426 954 1426 955 1426 929 1427 955 1427 930 1427 930 1428 955 1428 956 1428 930 1429 956 1429 931 1429 931 1430 956 1430 933 1430 931 1431 933 1431 932 1431 932 1432 933 1432 910 1432 932 1433 910 1433 895 1433 895 1434 910 1434 890 1434 895 1435 890 1435 893 1435 893 1436 890 1436 889 1436 957 1437 958 1437 959 1437 959 1438 958 1438 960 1438 959 1439 960 1439 961 1439 961 1440 960 1440 962 1440 961 1441 962 1441 963 1441 963 1442 962 1442 964 1442 963 1443 964 1443 965 1443 965 1444 964 1444 966 1444 965 1445 966 1445 967 1445 967 1446 966 1446 968 1446 967 1447 968 1447 969 1447 969 1448 968 1448 970 1448 969 1449 970 1449 971 1449 971 1450 970 1450 972 1450 971 1451 972 1451 973 1451 973 1452 972 1452 974 1452 973 1453 974 1453 975 1453 975 1454 974 1454 976 1454 975 1455 976 1455 977 1455 977 1456 976 1456 978 1456 977 1457 978 1457 979 1457 979 1458 978 1458 980 1458 979 1459 980 1459 981 1459 981 1460 980 1460 982 1460 981 1461 982 1461 983 1461 983 1462 982 1462 984 1462 983 1463 984 1463 985 1463 985 1464 984 1464 986 1464 985 1465 986 1465 987 1465 987 1466 986 1466 988 1466 987 1467 988 1467 989 1467 989 1468 988 1468 990 1468 989 1469 990 1469 991 1469 991 1470 990 1470 992 1470 991 1470 992 1470 993 1470 993 1471 992 1471 994 1471 993 1472 994 1472 995 1472 995 1473 994 1473 996 1473 995 1474 996 1474 997 1474 997 1475 996 1475 998 1475 997 1476 998 1476 999 1476 999 1477 998 1477 1000 1477 999 1478 1000 1478 1001 1478 1001 1479 1000 1479 1002 1479 1001 1480 1002 1480 1003 1480 1003 1481 1002 1481 957 1481 1003 1482 957 1482 959 1482 969 1483 1004 1483 967 1483 967 1484 1004 1484 1005 1484 967 1485 1005 1485 965 1485 965 1486 1005 1486 1006 1486 965 1487 1006 1487 963 1487 963 1488 1006 1488 1007 1488 963 1489 1007 1489 961 1489 961 1490 1007 1490 1008 1490 961 1491 1008 1491 959 1491 959 1492 1008 1492 1009 1492 959 1493 1009 1493 1003 1493 1003 1494 1009 1494 1010 1494 1003 1495 1010 1495 1001 1495 1001 1496 1010 1496 1011 1496 1001 1497 1011 1497 999 1497 999 1498 1011 1498 1012 1498 999 1499 1012 1499 997 1499 997 1500 1012 1500 1013 1500 997 1501 1013 1501 995 1501 995 1502 1013 1502 1014 1502 995 1502 1014 1502 993 1502 993 1503 1014 1503 1015 1503 993 1503 1015 1503 991 1503 991 1504 1015 1504 1016 1504 991 1505 1016 1505 989 1505 989 1506 1016 1506 1017 1506 989 1507 1017 1507 987 1507 987 1508 1017 1508 1018 1508 987 1509 1018 1509 985 1509 985 1510 1018 1510 1019 1510 985 1511 1019 1511 983 1511 983 1512 1019 1512 1020 1512 983 1513 1020 1513 981 1513 981 1514 1020 1514 1021 1514 981 1515 1021 1515 979 1515 979 1516 1021 1516 1022 1516 979 1517 1022 1517 977 1517 977 1518 1022 1518 1023 1518 977 1519 1023 1519 975 1519 975 1520 1023 1520 1024 1520 975 1521 1024 1521 973 1521 973 1522 1024 1522 1025 1522 973 1523 1025 1523 971 1523 971 1524 1025 1524 1026 1524 971 1525 1026 1525 969 1525 969 1526 1026 1526 1004 1526 1027 1527 1024 1527 1028 1527 1028 1528 1024 1528 1023 1528 1028 1529 1023 1529 1029 1529 1029 1530 1023 1530 1022 1530 1029 1531 1022 1531 1030 1531 1030 1532 1022 1532 1021 1532 1030 1533 1021 1533 1031 1533 1031 1534 1021 1534 1020 1534 1031 1535 1020 1535 1032 1535 1032 1536 1020 1536 1019 1536 1032 1537 1019 1537 1033 1537 1033 1538 1019 1538 1034 1538 1034 1539 1019 1539 1035 1539 1035 1540 1019 1540 1018 1540 1035 1541 1018 1541 1036 1541 1036 1542 1018 1542 1017 1542 1036 1543 1017 1543 1037 1543 1037 1544 1017 1544 1016 1544 1037 1545 1016 1545 1038 1545 1038 1546 1016 1546 1015 1546 1038 1547 1015 1547 1039 1547 1040 1548 1041 1548 1010 1548 1010 1549 1041 1549 1042 1549 1010 1550 1042 1550 1011 1550 1011 1551 1042 1551 1043 1551 1011 1552 1043 1552 1012 1552 1012 1553 1043 1553 1044 1553 1012 1554 1044 1554 1013 1554 1013 1555 1044 1555 1045 1555 1013 1556 1045 1556 1014 1556 1014 1557 1045 1557 1046 1557 1014 1558 1046 1558 1015 1558 1015 1559 1046 1559 1047 1559 1015 1560 1047 1560 1039 1560 1040 1561 1010 1561 1048 1561 1048 1562 1010 1562 1009 1562 1048 1563 1009 1563 1049 1563 1049 1564 1009 1564 1008 1564 1049 1565 1008 1565 1050 1565 1050 1566 1008 1566 1007 1566 1050 1567 1007 1567 1051 1567 1051 1568 1007 1568 1006 1568 1051 1569 1006 1569 1052 1569 1052 1570 1006 1570 1005 1570 1052 1571 1005 1571 1053 1571 1027 1572 1054 1572 1024 1572 1024 1573 1054 1573 1055 1573 1024 1574 1055 1574 1025 1574 1025 1575 1055 1575 1056 1575 1025 1576 1056 1576 1026 1576 1026 1577 1056 1577 1057 1577 1026 1578 1057 1578 1004 1578 1004 1579 1057 1579 1058 1579 1004 1580 1058 1580 1005 1580 1005 1581 1058 1581 1059 1581 1005 1582 1059 1582 1053 1582 875 1583 872 1583 1060 1583 1061 1584 1062 1584 1063 1584 1033 1585 1034 1585 1064 1585 1053 1586 1059 1586 1065 1586 1066 1587 1043 1587 1042 1587 1067 1588 1044 1588 1043 1588 1068 1589 1045 1589 1044 1589 1069 1590 1046 1590 1045 1590 1063 1591 1047 1591 1046 1591 1053 1592 1065 1592 1052 1592 1033 1593 1064 1593 1032 1593 1047 1594 1063 1594 1039 1594 1039 1595 1063 1595 1062 1595 1039 1596 1062 1596 1038 1596 1037 1597 1038 1597 1070 1597 1070 1598 1038 1598 1062 1598 1070 1599 1062 1599 1071 1599 1071 1600 1062 1600 1061 1600 1071 1601 1061 1601 1072 1601 1036 1602 1037 1602 1073 1602 1073 1602 1037 1602 1070 1602 1073 1603 1070 1603 1074 1603 1074 1604 1070 1604 1071 1604 1074 1605 1071 1605 1075 1605 1075 1606 1071 1606 1072 1606 1075 1607 1072 1607 1076 1607 1035 1608 1036 1608 1077 1608 1077 1609 1036 1609 1073 1609 1077 1610 1073 1610 1078 1610 1078 1611 1073 1611 1074 1611 1078 1612 1074 1612 1079 1612 1079 1613 1074 1613 1075 1613 1079 1614 1075 1614 1080 1614 1080 1614 1075 1614 1076 1614 1080 1615 1076 1615 1081 1615 1034 1616 1035 1616 1064 1616 1064 1617 1035 1617 1077 1617 1064 1618 1077 1618 1082 1618 1082 1619 1077 1619 1078 1619 1082 1620 1078 1620 1083 1620 1083 1621 1078 1621 1079 1621 1083 1622 1079 1622 1084 1622 1084 1622 1079 1622 1080 1622 1084 1623 1080 1623 1085 1623 1085 1624 1080 1624 1081 1624 1085 1625 1081 1625 1086 1625 1087 1626 1088 1626 1089 1626 1090 1627 1088 1627 1091 1627 1091 1628 1088 1628 1087 1628 1091 1629 1087 1629 1092 1629 1093 1630 1090 1630 1094 1630 1094 1631 1090 1631 1091 1631 1094 1632 1091 1632 1095 1632 1095 1633 1091 1633 1092 1633 1095 1634 1092 1634 1096 1634 1097 1635 1093 1635 1098 1635 1098 1636 1093 1636 1094 1636 1098 1637 1094 1637 1099 1637 1099 1638 1094 1638 1095 1638 1099 1639 1095 1639 1100 1639 1100 1639 1095 1639 1096 1639 1100 1640 1096 1640 1101 1640 1102 1641 1103 1641 1104 1641 1104 1642 1103 1642 1105 1642 1104 1643 1105 1643 1106 1643 1106 1644 1105 1644 1107 1644 1106 1645 1107 1645 1108 1645 1108 1645 1107 1645 1109 1645 1108 1646 1109 1646 1110 1646 1110 1647 1109 1647 1111 1647 1110 1648 1111 1648 1112 1648 1112 1649 1111 1649 1113 1649 1103 1650 1114 1650 1105 1650 1105 1651 1114 1651 1115 1651 1105 1652 1115 1652 1107 1652 1107 1653 1115 1653 1116 1653 1107 1654 1116 1654 1109 1654 1109 1654 1116 1654 1117 1654 1109 1655 1117 1655 1111 1655 1111 1656 1117 1656 1118 1656 1111 1657 1118 1657 1113 1657 1113 1658 1118 1658 1119 1658 1114 1659 1120 1659 1115 1659 1115 1660 1120 1660 1121 1660 1115 1661 1121 1661 1116 1661 1116 1662 1121 1662 1122 1662 1116 1663 1122 1663 1117 1663 1117 1663 1122 1663 1123 1663 1117 1664 1123 1664 1118 1664 1118 1665 1123 1665 1124 1665 1118 1666 1124 1666 1119 1666 1119 1667 1124 1667 1125 1667 1059 1668 1058 1668 1065 1668 1065 1669 1058 1669 1126 1669 1065 1670 1126 1670 1127 1670 1127 1671 1126 1671 1128 1671 1127 1672 1128 1672 1129 1672 1129 1673 1128 1673 1130 1673 1129 1674 1130 1674 1131 1674 1131 1674 1130 1674 1132 1674 1131 1675 1132 1675 1133 1675 1133 1676 1132 1676 1134 1676 1133 1677 1134 1677 1135 1677 1135 1678 1134 1678 1136 1678 1058 1679 1057 1679 1126 1679 1126 1680 1057 1680 1137 1680 1126 1681 1137 1681 1128 1681 1128 1682 1137 1682 1138 1682 1128 1683 1138 1683 1130 1683 1130 1684 1138 1684 1139 1684 1130 1685 1139 1685 1132 1685 1132 1685 1139 1685 1140 1685 1132 1686 1140 1686 1134 1686 1134 1687 1140 1687 1141 1687 1134 1688 1141 1688 1136 1688 1136 1689 1141 1689 1142 1689 1057 1690 1056 1690 1137 1690 1137 1691 1056 1691 1143 1691 1137 1692 1143 1692 1138 1692 1138 1693 1143 1693 1144 1693 1138 1694 1144 1694 1139 1694 1139 1695 1144 1695 1145 1695 1139 1696 1145 1696 1140 1696 1140 1696 1145 1696 1146 1696 1140 1697 1146 1697 1141 1697 1141 1698 1146 1698 1147 1698 1141 1699 1147 1699 1142 1699 1142 1700 1147 1700 1148 1700 1056 1701 1055 1701 1143 1701 1143 1702 1055 1702 1149 1702 1143 1703 1149 1703 1144 1703 1144 1704 1149 1704 1150 1704 1144 1705 1150 1705 1145 1705 1145 1706 1150 1706 1151 1706 1145 1707 1151 1707 1146 1707 1146 1707 1151 1707 1152 1707 1146 1708 1152 1708 1147 1708 1147 1709 1152 1709 1153 1709 1147 1710 1153 1710 1148 1710 1148 1711 1153 1711 1154 1711 1155 1712 1156 1712 1157 1712 1157 1713 1156 1713 1158 1713 1157 1714 1158 1714 1159 1714 1159 1715 1158 1715 1160 1715 1159 1716 1160 1716 1161 1716 1161 1716 1160 1716 1162 1716 1161 1717 1162 1717 1163 1717 1163 1718 1162 1718 1164 1718 1163 1719 1164 1719 1165 1719 1165 1720 1164 1720 1166 1720 1156 1721 1167 1721 1158 1721 1158 1722 1167 1722 1168 1722 1158 1723 1168 1723 1160 1723 1160 1724 1168 1724 1169 1724 1160 1725 1169 1725 1162 1725 1162 1725 1169 1725 1170 1725 1162 1726 1170 1726 1164 1726 1164 1727 1170 1727 1171 1727 1164 1728 1171 1728 1166 1728 1166 1729 1171 1729 1172 1729 1167 1730 1173 1730 1168 1730 1168 1731 1173 1731 1174 1731 1168 1732 1174 1732 1169 1732 1169 1733 1174 1733 1175 1733 1169 1734 1175 1734 1170 1734 1170 1734 1175 1734 1176 1734 1170 1735 1176 1735 1171 1735 1171 1736 1176 1736 1177 1736 1171 1737 1177 1737 1172 1737 1172 1738 1177 1738 1178 1738 1179 1739 1101 1739 1180 1739 1180 1740 1101 1740 1096 1740 1180 1741 1096 1741 1181 1741 1181 1634 1096 1634 1092 1634 1181 1742 1092 1742 1182 1742 1182 1743 1092 1743 1087 1743 1182 1744 1087 1744 1183 1744 1183 1745 1087 1745 1089 1745 1183 1746 1089 1746 1184 1746 1184 1747 1089 1747 878 1747 1184 1748 878 1748 876 1748 1093 1749 884 1749 1090 1749 1090 1750 884 1750 882 1750 1090 1751 882 1751 1088 1751 1088 1752 882 1752 881 1752 1088 1753 881 1753 1089 1753 1089 1754 881 1754 879 1754 1089 1755 879 1755 878 1755 889 1756 891 1756 1185 1756 1185 1757 891 1757 1097 1757 1185 1758 1097 1758 1186 1758 1186 1759 1097 1759 1098 1759 1186 1760 1098 1760 1187 1760 1187 1761 1098 1761 1099 1761 1187 1762 1099 1762 1188 1762 1188 1762 1099 1762 1100 1762 1188 1763 1100 1763 1189 1763 1189 1764 1100 1764 1101 1764 1189 1765 1101 1765 1190 1765 1190 1766 1101 1766 1179 1766 1190 1767 1179 1767 1041 1767 1041 1768 1179 1768 1042 1768 891 1769 892 1769 1097 1769 1097 1770 892 1770 888 1770 1097 1771 888 1771 1093 1771 1093 1772 888 1772 886 1772 1093 1773 886 1773 884 1773 1190 1774 1102 1774 1189 1774 1189 1775 1102 1775 1104 1775 1189 1776 1104 1776 1188 1776 1188 1777 1104 1777 1106 1777 1188 1778 1106 1778 1187 1778 1187 1778 1106 1778 1108 1778 1187 1779 1108 1779 1186 1779 1186 1780 1108 1780 1110 1780 1186 1781 1110 1781 1185 1781 1185 1782 1110 1782 1112 1782 1185 1783 1112 1783 889 1783 903 1784 902 1784 1191 1784 1191 1785 902 1785 1125 1785 1191 1786 1125 1786 1192 1786 1192 1787 1125 1787 1124 1787 1192 1788 1124 1788 1193 1788 1193 1789 1124 1789 1123 1789 1193 1790 1123 1790 1194 1790 1194 1790 1123 1790 1122 1790 1194 1791 1122 1791 1195 1791 1195 1792 1122 1792 1121 1792 1195 1793 1121 1793 1196 1793 1196 1794 1121 1794 1120 1794 902 1795 900 1795 1125 1795 1125 1796 900 1796 898 1796 1125 1797 898 1797 1119 1797 1119 1798 898 1798 896 1798 1119 1799 896 1799 1113 1799 1113 1800 896 1800 894 1800 1113 1801 894 1801 1112 1801 1112 1802 894 1802 893 1802 1112 1803 893 1803 889 1803 1041 1804 1040 1804 1190 1804 1190 1805 1040 1805 1048 1805 1190 1806 1048 1806 1102 1806 1102 1807 1048 1807 1049 1807 1102 1808 1049 1808 1103 1808 1103 1809 1049 1809 1050 1809 1103 1810 1050 1810 1114 1810 1114 1811 1050 1811 1051 1811 1114 1812 1051 1812 1120 1812 1120 1813 1051 1813 1052 1813 1120 1813 1052 1813 1196 1813 1196 1814 1052 1814 1065 1814 1196 1815 1065 1815 1195 1815 1195 1816 1065 1816 1127 1816 1195 1817 1127 1817 1194 1817 1194 1818 1127 1818 1129 1818 1194 1819 1129 1819 1193 1819 1193 1819 1129 1819 1131 1819 1193 1820 1131 1820 1192 1820 1192 1821 1131 1821 1133 1821 1192 1822 1133 1822 1191 1822 1191 1823 1133 1823 1135 1823 1191 1824 1135 1824 903 1824 853 1825 851 1825 1197 1825 1197 1826 851 1826 1154 1826 1197 1827 1154 1827 1198 1827 1198 1828 1154 1828 1153 1828 1198 1829 1153 1829 1199 1829 1199 1830 1153 1830 1152 1830 1199 1831 1152 1831 1200 1831 1200 1831 1152 1831 1151 1831 1200 1832 1151 1832 1201 1832 1201 1833 1151 1833 1150 1833 1201 1834 1150 1834 1202 1834 1202 1835 1150 1835 1149 1835 1202 1836 1149 1836 1054 1836 1054 1837 1149 1837 1055 1837 851 1838 850 1838 1154 1838 1154 1839 850 1839 848 1839 1154 1840 848 1840 1148 1840 1148 1841 848 1841 847 1841 1148 1842 847 1842 1142 1842 1142 1843 847 1843 908 1843 1142 1844 908 1844 1136 1844 1136 1845 908 1845 909 1845 1136 1846 909 1846 1135 1846 1135 1847 909 1847 904 1847 1135 1848 904 1848 903 1848 1202 1849 1155 1849 1201 1849 1201 1849 1155 1849 1157 1849 1201 1850 1157 1850 1200 1850 1200 1851 1157 1851 1159 1851 1200 1852 1159 1852 1199 1852 1199 1852 1159 1852 1161 1852 1199 1853 1161 1853 1198 1853 1198 1854 1161 1854 1163 1854 1198 1855 1163 1855 1197 1855 1197 1855 1163 1855 1165 1855 1197 1856 1165 1856 853 1856 864 1857 863 1857 1203 1857 1203 1858 863 1858 1178 1858 1203 1859 1178 1859 1204 1859 1204 1860 1178 1860 1177 1860 1204 1861 1177 1861 1205 1861 1205 1862 1177 1862 1176 1862 1205 1863 1176 1863 1206 1863 1206 1863 1176 1863 1175 1863 1206 1864 1175 1864 1207 1864 1207 1865 1175 1865 1174 1865 1207 1866 1174 1866 1208 1866 1208 1867 1174 1867 1173 1867 863 1868 861 1868 1178 1868 1178 1869 861 1869 859 1869 1178 1870 859 1870 1172 1870 1172 1871 859 1871 857 1871 1172 1872 857 1872 1166 1872 1166 1873 857 1873 856 1873 1166 1874 856 1874 1165 1874 1165 1875 856 1875 854 1875 1165 1876 854 1876 853 1876 865 1877 864 1877 1086 1877 1086 1878 864 1878 1203 1878 1086 1879 1203 1879 1085 1879 1085 1880 1203 1880 1204 1880 1085 1881 1204 1881 1084 1881 1084 1882 1204 1882 1205 1882 1084 1883 1205 1883 1083 1883 1083 1883 1205 1883 1206 1883 1083 1884 1206 1884 1082 1884 1082 1885 1206 1885 1207 1885 1082 1886 1207 1886 1064 1886 1064 1887 1207 1887 1208 1887 1064 1888 1208 1888 1032 1888 1032 1889 1208 1889 1173 1889 1032 1890 1173 1890 1031 1890 1031 1891 1173 1891 1167 1891 1031 1892 1167 1892 1030 1892 1030 1893 1167 1893 1156 1893 1030 1894 1156 1894 1029 1894 1029 1895 1156 1895 1155 1895 1029 1896 1155 1896 1028 1896 1028 1897 1155 1897 1202 1897 1028 1897 1202 1897 1027 1897 1027 1898 1202 1898 1054 1898 1209 1899 868 1899 867 1899 1046 1900 1069 1900 1063 1900 1063 1901 1069 1901 1210 1901 1063 1902 1210 1902 1061 1902 1061 1903 1210 1903 1211 1903 1061 1904 1211 1904 1072 1904 1072 1905 1211 1905 1212 1905 1072 1607 1212 1607 1076 1607 1076 1906 1212 1906 1213 1906 1076 1907 1213 1907 1081 1907 1081 1908 1213 1908 1209 1908 1081 1909 1209 1909 1086 1909 1086 1910 1209 1910 867 1910 1086 1911 867 1911 865 1911 1045 1912 1068 1912 1069 1912 1069 1913 1068 1913 1214 1913 1069 1914 1214 1914 1210 1914 1210 1915 1214 1915 1215 1915 1210 1916 1215 1916 1211 1916 1211 1917 1215 1917 1216 1917 1211 1905 1216 1905 1212 1905 1212 1918 1216 1918 1217 1918 1212 1919 1217 1919 1213 1919 1213 1920 1217 1920 1218 1920 1213 1921 1218 1921 1209 1921 1209 1922 1218 1922 870 1922 1209 1923 870 1923 868 1923 1044 1589 1067 1589 1068 1589 1068 1924 1067 1924 1219 1924 1068 1925 1219 1925 1214 1925 1214 1926 1219 1926 1220 1926 1214 1927 1220 1927 1215 1927 1215 1928 1220 1928 1221 1928 1215 1917 1221 1917 1216 1917 1216 1929 1221 1929 1222 1929 1216 1930 1222 1930 1217 1930 1217 1931 1222 1931 1223 1931 1217 1932 1223 1932 1218 1932 1218 1933 1223 1933 871 1933 1218 1934 871 1934 870 1934 1043 1935 1066 1935 1067 1935 1067 1936 1066 1936 1224 1936 1067 1937 1224 1937 1219 1937 1219 1938 1224 1938 1225 1938 1219 1939 1225 1939 1220 1939 1220 1940 1225 1940 1226 1940 1220 1928 1226 1928 1221 1928 1221 1941 1226 1941 1227 1941 1221 1942 1227 1942 1222 1942 1222 1943 1227 1943 1060 1943 1222 1944 1060 1944 1223 1944 1223 1945 1060 1945 872 1945 1223 1946 872 1946 871 1946 1042 1947 1179 1947 1066 1947 1066 1948 1179 1948 1180 1948 1066 1936 1180 1936 1224 1936 1224 1949 1180 1949 1181 1949 1224 1950 1181 1950 1225 1950 1225 1742 1181 1742 1182 1742 1225 1940 1182 1940 1226 1940 1226 1951 1182 1951 1183 1951 1226 1952 1183 1952 1227 1952 1227 1953 1183 1953 1184 1953 1227 1954 1184 1954 1060 1954 1060 1955 1184 1955 876 1955 1060 1956 876 1956 875 1956 947 960 842 960 843 960 947 960 946 960 842 960 842 960 946 960 945 960 842 960 945 960 841 960 844 959 949 959 843 959 843 960 949 960 948 960 843 960 948 960 947 960 838 960 934 960 933 960 945 960 944 960 841 960 841 960 944 960 943 960 841 960 943 960 840 960 840 959 943 959 942 959 840 960 942 960 835 960 845 960 951 960 844 960 844 960 951 960 950 960 844 960 950 960 949 960 838 960 933 960 839 960 837 959 836 959 938 959 942 960 941 960 835 960 835 960 941 960 940 960 835 960 940 960 836 960 836 959 940 959 939 959 836 959 939 959 938 959 938 960 937 960 837 960 837 960 937 960 936 960 837 960 936 960 838 960 838 960 936 960 935 960 838 960 935 960 934 960 846 960 953 960 845 960 845 960 953 960 952 960 845 960 952 960 951 960 933 960 956 960 839 960 839 959 956 959 955 959 839 960 955 960 846 960 846 960 955 960 954 960 846 960 954 960 953 960 957 833 752 833 958 833 958 833 752 833 751 833 957 833 1002 833 752 833 752 833 1002 833 1000 833 752 833 1000 833 753 833 745 833 746 833 978 833 747 833 982 833 746 833 746 833 982 833 980 833 746 833 980 833 978 833 750 833 992 833 749 833 749 833 992 833 990 833 749 833 990 833 748 833 1000 833 998 833 753 833 753 833 998 833 996 833 753 832 996 832 750 832 750 832 996 832 994 832 750 832 994 832 992 832 742 833 962 833 751 833 751 832 962 832 960 832 751 833 960 833 958 833 978 833 976 833 745 833 745 833 976 833 974 833 745 832 974 832 744 832 990 833 988 833 748 833 748 832 988 832 986 832 748 833 986 833 747 833 747 833 986 833 984 833 747 833 984 833 982 833 743 833 966 833 742 833 742 833 966 833 964 833 742 833 964 833 962 833 974 833 972 833 744 833 744 833 972 833 970 833 744 833 970 833 743 833 743 833 970 833 968 833 743 833 968 833 966 833 1228 1957 1229 1957 718 1957 718 1958 1229 1958 761 1958 761 1959 1229 1959 1230 1959 761 1960 1230 1960 762 1960 1231 1961 768 1961 1230 1961 1230 1962 768 1962 763 1962 1230 1963 763 1963 762 1963 1232 1964 766 1964 1231 1964 1231 1965 766 1965 767 1965 1231 1966 767 1966 768 1966 723 1967 764 1967 1232 1967 1232 1968 764 1968 765 1968 1232 1969 765 1969 766 1969 718 1148 719 1148 1228 1148 1228 1147 719 1147 720 1147 1228 1147 720 1147 1233 1147 1233 1146 720 1146 721 1146 1233 1146 721 1146 1234 1146 1234 1145 721 1145 722 1145 1234 1145 722 1145 1235 1145 1235 1144 722 1144 726 1144 1235 1144 726 1144 1236 1144 1236 1143 726 1143 725 1143 1236 1143 725 1143 1237 1143 1237 1142 725 1142 724 1142 1237 1142 724 1142 1238 1142 1238 1970 724 1970 723 1970 1238 1971 723 1971 1239 1971 1239 1972 723 1972 1232 1972 1240 1973 1241 1973 1242 1973 1241 1974 1243 1974 1242 1974 1242 1975 1243 1975 1244 1975 1242 1976 1244 1976 1245 1976 1244 1977 1246 1977 1245 1977 1245 1978 1246 1978 1247 1978 1245 1979 1247 1979 1248 1979 1247 1980 1249 1980 1248 1980 1248 1981 1249 1981 1250 1981 1248 1982 1250 1982 1251 1982 1251 1983 1250 1983 1252 1983 1251 1984 1252 1984 1253 1984 1253 1985 1252 1985 1254 1985 1253 1986 1254 1986 1255 1986 1255 1987 1254 1987 1256 1987 1256 1988 1257 1988 1255 1988 1255 1989 1257 1989 1258 1989 1255 1990 1258 1990 1259 1990 1258 1991 1260 1991 1259 1991 1259 1992 1260 1992 1261 1992 1259 1993 1261 1993 1262 1993 1262 1994 1261 1994 1263 1994 1262 1995 1263 1995 1264 1995 1265 1996 1266 1996 1264 1996 1264 1997 1266 1997 1267 1997 1264 1998 1267 1998 1262 1998 1265 1999 1268 1999 1266 1999 1266 2000 1268 2000 1269 2000 1266 2001 1269 2001 1270 2001 1269 2002 1271 2002 1270 2002 1270 2003 1271 2003 1272 2003 1270 2004 1272 2004 1273 2004 1272 2005 1274 2005 1273 2005 1273 2006 1274 2006 1275 2006 1273 2007 1275 2007 1276 2007 1276 2008 1275 2008 1277 2008 1276 2009 1277 2009 1278 2009 1278 2010 1277 2010 1279 2010 1278 2011 1279 2011 1280 2011 1280 2012 1279 2012 1281 2012 1282 2013 1283 2013 1284 2013 1284 2014 1283 2014 1280 2014 1284 2015 1280 2015 1285 2015 1285 2016 1280 2016 1281 2016 1286 2017 1287 2017 1288 2017 1288 2018 1287 2018 1289 2018 1288 2019 1289 2019 1290 2019 1290 2020 1289 2020 1291 2020 1290 2021 1291 2021 1292 2021 1292 2022 1291 2022 1293 2022 1292 2023 1293 2023 1294 2023 1294 2024 1293 2024 1295 2024 1295 2025 1296 2025 1294 2025 1294 2026 1296 2026 1297 2026 1294 2027 1297 2027 1298 2027 1242 2028 1299 2028 1240 2028 1240 2029 1299 2029 1300 2029 1240 2030 1300 2030 1301 2030 1301 2031 1300 2031 1298 2031 1301 2032 1298 2032 1302 2032 1302 2033 1298 2033 1297 2033 1283 2034 1303 2034 1304 2034 1283 2035 1304 2035 1280 2035 1280 2036 1304 2036 1305 2036 1280 2037 1305 2037 1278 2037 1278 2038 1305 2038 1306 2038 1278 2039 1306 2039 1276 2039 1276 2040 1306 2040 1307 2040 1276 2041 1307 2041 1273 2041 1273 2042 1307 2042 1308 2042 1273 2042 1308 2042 1270 2042 1270 2043 1308 2043 1309 2043 1270 2043 1309 2043 1266 2043 1266 2044 1309 2044 1310 2044 1266 2045 1310 2045 1267 2045 1267 2046 1310 2046 1311 2046 1267 2047 1311 2047 1262 2047 1262 2048 1311 2048 1312 2048 1262 2049 1312 2049 1259 2049 1259 2050 1312 2050 1313 2050 1259 2051 1313 2051 1255 2051 1255 2052 1313 2052 1314 2052 1255 2053 1314 2053 1253 2053 1253 2054 1314 2054 1315 2054 1253 2055 1315 2055 1251 2055 1251 2056 1315 2056 1316 2056 1251 2057 1316 2057 1248 2057 1248 2058 1316 2058 1317 2058 1248 2059 1317 2059 1245 2059 1245 2060 1317 2060 1318 2060 1245 2061 1318 2061 1242 2061 1242 2062 1318 2062 1319 2062 1242 2063 1319 2063 1299 2063 1299 2064 1319 2064 1320 2064 1299 2065 1320 2065 1300 2065 1300 2066 1320 2066 1321 2066 1300 2067 1321 2067 1298 2067 1298 2068 1321 2068 1322 2068 1298 2069 1322 2069 1294 2069 1294 2070 1322 2070 1323 2070 1294 2071 1323 2071 1292 2071 1292 2072 1323 2072 1324 2072 1292 2073 1324 2073 1290 2073 1290 2074 1324 2074 1325 2074 1290 2075 1325 2075 1288 2075 1326 2076 1327 2076 1303 2076 1327 2077 1328 2077 1303 2077 1303 2078 1328 2078 1329 2078 1303 2079 1329 2079 1304 2079 1304 2080 1329 2080 1330 2080 1304 2081 1330 2081 1305 2081 1305 2082 1330 2082 1331 2082 1305 2083 1331 2083 1306 2083 1306 2084 1331 2084 1332 2084 1306 2085 1332 2085 1307 2085 1307 2086 1332 2086 1333 2086 1307 2087 1333 2087 1308 2087 1308 2088 1333 2088 1334 2088 1308 2088 1334 2088 1309 2088 1309 2089 1334 2089 1335 2089 1309 2090 1335 2090 1310 2090 1310 2091 1335 2091 1336 2091 1310 2092 1336 2092 1311 2092 1311 2093 1336 2093 1337 2093 1311 2094 1337 2094 1312 2094 1312 2095 1337 2095 1338 2095 1312 2096 1338 2096 1313 2096 1313 2097 1338 2097 1339 2097 1313 2098 1339 2098 1314 2098 1314 2099 1339 2099 1340 2099 1314 2100 1340 2100 1315 2100 1315 2101 1340 2101 1341 2101 1315 2102 1341 2102 1316 2102 1316 2103 1341 2103 1342 2103 1316 2104 1342 2104 1317 2104 1317 2105 1342 2105 1343 2105 1317 2106 1343 2106 1318 2106 1318 2107 1343 2107 1344 2107 1318 2108 1344 2108 1319 2108 1319 2109 1344 2109 1345 2109 1319 2110 1345 2110 1320 2110 1320 2111 1345 2111 1346 2111 1320 2112 1346 2112 1321 2112 1321 2113 1346 2113 1347 2113 1321 2114 1347 2114 1322 2114 1322 2115 1347 2115 1348 2115 1322 2116 1348 2116 1323 2116 1323 2117 1348 2117 1349 2117 1323 2118 1349 2118 1324 2118 1324 2119 1349 2119 1326 2119 1324 2120 1326 2120 1325 2120 1325 2121 1326 2121 1303 2121 1325 2122 1303 2122 1288 2122 1288 2123 1303 2123 1283 2123 1288 2124 1283 2124 1286 2124 1286 2125 1283 2125 1282 2125 1350 2126 1351 2126 1352 2126 1352 2127 1351 2127 1353 2127 1352 2128 1353 2128 1354 2128 1354 2129 1353 2129 1355 2129 1354 2130 1355 2130 1356 2130 1356 2131 1355 2131 1357 2131 1356 2132 1357 2132 1358 2132 1358 2133 1357 2133 1359 2133 1358 2134 1359 2134 1360 2134 1360 2135 1359 2135 1361 2135 1360 2136 1361 2136 1362 2136 1362 2137 1361 2137 1363 2137 1362 2138 1363 2138 1364 2138 1364 2139 1363 2139 1365 2139 1364 2140 1365 2140 1366 2140 1366 2141 1365 2141 1367 2141 1366 2142 1367 2142 1368 2142 1368 2143 1367 2143 1369 2143 1368 2144 1369 2144 1370 2144 1370 2145 1369 2145 1371 2145 1370 2146 1371 2146 1372 2146 1372 2147 1371 2147 1373 2147 1372 2148 1373 2148 1374 2148 1374 2149 1373 2149 1375 2149 1374 2150 1375 2150 1376 2150 1376 2151 1375 2151 1377 2151 1376 2152 1377 2152 1378 2152 1378 2153 1377 2153 1379 2153 1378 2154 1379 2154 1380 2154 1380 2155 1379 2155 1381 2155 1380 2156 1381 2156 1382 2156 1382 2157 1381 2157 1383 2157 1382 2158 1383 2158 1384 2158 1384 2159 1383 2159 1385 2159 1384 2159 1385 2159 1386 2159 1386 2160 1385 2160 1387 2160 1386 2161 1387 2161 1388 2161 1388 2162 1387 2162 1389 2162 1388 2163 1389 2163 1390 2163 1390 2164 1389 2164 1391 2164 1390 2165 1391 2165 1392 2165 1392 2166 1391 2166 1393 2166 1392 2167 1393 2167 1394 2167 1394 2168 1393 2168 1395 2168 1394 2169 1395 2169 1396 2169 1396 2170 1395 2170 1350 2170 1396 2171 1350 2171 1352 2171 1362 2172 1397 2172 1360 2172 1360 2173 1397 2173 1398 2173 1360 2174 1398 2174 1358 2174 1358 2175 1398 2175 1399 2175 1358 2176 1399 2176 1356 2176 1356 2177 1399 2177 1400 2177 1356 2178 1400 2178 1354 2178 1354 2179 1400 2179 1401 2179 1354 2180 1401 2180 1352 2180 1352 2181 1401 2181 1402 2181 1352 2182 1402 2182 1396 2182 1396 2183 1402 2183 1403 2183 1396 2184 1403 2184 1394 2184 1394 2185 1403 2185 1404 2185 1394 2186 1404 2186 1392 2186 1392 2187 1404 2187 1405 2187 1392 2188 1405 2188 1390 2188 1390 2189 1405 2189 1406 2189 1390 2190 1406 2190 1388 2190 1388 2191 1406 2191 1407 2191 1388 2191 1407 2191 1386 2191 1386 2192 1407 2192 1408 2192 1386 2192 1408 2192 1384 2192 1384 2193 1408 2193 1409 2193 1384 2194 1409 2194 1382 2194 1382 2195 1409 2195 1410 2195 1382 2196 1410 2196 1380 2196 1380 2197 1410 2197 1411 2197 1380 2198 1411 2198 1378 2198 1378 2199 1411 2199 1412 2199 1378 2200 1412 2200 1376 2200 1376 2201 1412 2201 1413 2201 1376 2202 1413 2202 1374 2202 1374 2203 1413 2203 1414 2203 1374 2204 1414 2204 1372 2204 1372 2205 1414 2205 1415 2205 1372 2206 1415 2206 1370 2206 1370 2207 1415 2207 1416 2207 1370 2208 1416 2208 1368 2208 1368 2209 1416 2209 1417 2209 1368 2210 1417 2210 1366 2210 1366 2211 1417 2211 1418 2211 1366 2212 1418 2212 1364 2212 1364 2213 1418 2213 1419 2213 1364 2214 1419 2214 1362 2214 1362 2215 1419 2215 1397 2215 1420 2216 1417 2216 1421 2216 1421 2217 1417 2217 1416 2217 1421 2218 1416 2218 1422 2218 1422 2219 1416 2219 1415 2219 1422 2220 1415 2220 1423 2220 1423 2221 1415 2221 1414 2221 1423 2222 1414 2222 1424 2222 1424 2223 1414 2223 1413 2223 1424 2224 1413 2224 1425 2224 1425 2225 1413 2225 1412 2225 1425 2226 1412 2226 1426 2226 1426 2227 1412 2227 1427 2227 1427 2228 1412 2228 1428 2228 1428 2229 1412 2229 1411 2229 1428 2230 1411 2230 1429 2230 1429 2231 1411 2231 1410 2231 1429 2232 1410 2232 1430 2232 1430 2233 1410 2233 1409 2233 1430 2234 1409 2234 1431 2234 1431 2235 1409 2235 1408 2235 1431 2236 1408 2236 1432 2236 1433 2237 1434 2237 1403 2237 1403 2238 1434 2238 1435 2238 1403 2239 1435 2239 1404 2239 1404 2240 1435 2240 1436 2240 1404 2241 1436 2241 1405 2241 1405 2242 1436 2242 1437 2242 1405 2243 1437 2243 1406 2243 1406 2244 1437 2244 1438 2244 1406 2245 1438 2245 1407 2245 1407 2246 1438 2246 1439 2246 1407 2247 1439 2247 1408 2247 1408 2248 1439 2248 1440 2248 1408 2249 1440 2249 1432 2249 1433 2250 1403 2250 1441 2250 1441 2251 1403 2251 1402 2251 1441 2252 1402 2252 1442 2252 1442 2253 1402 2253 1401 2253 1442 2254 1401 2254 1443 2254 1443 2255 1401 2255 1400 2255 1443 2256 1400 2256 1444 2256 1444 2257 1400 2257 1399 2257 1444 2258 1399 2258 1445 2258 1445 2259 1399 2259 1398 2259 1445 2260 1398 2260 1446 2260 1420 2261 1447 2261 1417 2261 1417 2262 1447 2262 1448 2262 1417 2263 1448 2263 1418 2263 1418 2264 1448 2264 1449 2264 1418 2265 1449 2265 1419 2265 1419 2266 1449 2266 1450 2266 1419 2267 1450 2267 1397 2267 1397 2268 1450 2268 1451 2268 1397 2269 1451 2269 1398 2269 1398 2270 1451 2270 1452 2270 1398 2271 1452 2271 1446 2271 1268 2272 1265 2272 1453 2272 1454 2273 1455 2273 1456 2273 1426 2274 1427 2274 1457 2274 1446 2275 1452 2275 1458 2275 1459 2276 1436 2276 1435 2276 1460 2277 1437 2277 1436 2277 1461 2278 1438 2278 1437 2278 1462 2279 1439 2279 1438 2279 1456 2280 1440 2280 1439 2280 1446 2281 1458 2281 1445 2281 1426 2282 1457 2282 1425 2282 1440 2283 1456 2283 1432 2283 1432 2284 1456 2284 1455 2284 1432 2285 1455 2285 1431 2285 1430 2286 1431 2286 1463 2286 1463 2287 1431 2287 1455 2287 1463 2288 1455 2288 1464 2288 1464 2289 1455 2289 1454 2289 1464 2290 1454 2290 1465 2290 1429 2291 1430 2291 1466 2291 1466 2291 1430 2291 1463 2291 1466 2292 1463 2292 1467 2292 1467 2293 1463 2293 1464 2293 1467 2294 1464 2294 1468 2294 1468 2295 1464 2295 1465 2295 1468 2296 1465 2296 1469 2296 1428 2297 1429 2297 1470 2297 1470 2298 1429 2298 1466 2298 1470 2299 1466 2299 1471 2299 1471 2300 1466 2300 1467 2300 1471 2301 1467 2301 1472 2301 1472 2302 1467 2302 1468 2302 1472 2303 1468 2303 1473 2303 1473 2303 1468 2303 1469 2303 1473 2304 1469 2304 1474 2304 1427 2305 1428 2305 1457 2305 1457 2306 1428 2306 1470 2306 1457 2307 1470 2307 1475 2307 1475 2308 1470 2308 1471 2308 1475 2309 1471 2309 1476 2309 1476 2310 1471 2310 1472 2310 1476 2311 1472 2311 1477 2311 1477 2311 1472 2311 1473 2311 1477 2312 1473 2312 1478 2312 1478 2313 1473 2313 1474 2313 1478 2314 1474 2314 1479 2314 1480 2315 1481 2315 1482 2315 1483 2316 1481 2316 1484 2316 1484 2317 1481 2317 1480 2317 1484 2318 1480 2318 1485 2318 1486 2319 1483 2319 1487 2319 1487 2320 1483 2320 1484 2320 1487 2321 1484 2321 1488 2321 1488 2322 1484 2322 1485 2322 1488 2323 1485 2323 1489 2323 1490 2324 1486 2324 1491 2324 1491 2325 1486 2325 1487 2325 1491 2326 1487 2326 1492 2326 1492 2327 1487 2327 1488 2327 1492 2328 1488 2328 1493 2328 1493 2328 1488 2328 1489 2328 1493 2329 1489 2329 1494 2329 1495 2330 1496 2330 1497 2330 1497 2331 1496 2331 1498 2331 1497 2332 1498 2332 1499 2332 1499 2333 1498 2333 1500 2333 1499 2334 1500 2334 1501 2334 1501 2334 1500 2334 1502 2334 1501 2335 1502 2335 1503 2335 1503 2336 1502 2336 1504 2336 1503 2337 1504 2337 1505 2337 1505 2338 1504 2338 1506 2338 1496 2339 1507 2339 1498 2339 1498 2340 1507 2340 1508 2340 1498 2341 1508 2341 1500 2341 1500 2342 1508 2342 1509 2342 1500 2343 1509 2343 1502 2343 1502 2343 1509 2343 1510 2343 1502 2344 1510 2344 1504 2344 1504 2345 1510 2345 1511 2345 1504 2346 1511 2346 1506 2346 1506 2347 1511 2347 1512 2347 1507 2348 1513 2348 1508 2348 1508 2349 1513 2349 1514 2349 1508 2350 1514 2350 1509 2350 1509 2351 1514 2351 1515 2351 1509 2352 1515 2352 1510 2352 1510 2352 1515 2352 1516 2352 1510 2353 1516 2353 1511 2353 1511 2354 1516 2354 1517 2354 1511 2355 1517 2355 1512 2355 1512 2356 1517 2356 1518 2356 1452 2357 1451 2357 1458 2357 1458 2358 1451 2358 1519 2358 1458 2359 1519 2359 1520 2359 1520 2360 1519 2360 1521 2360 1520 2361 1521 2361 1522 2361 1522 2362 1521 2362 1523 2362 1522 2363 1523 2363 1524 2363 1524 2363 1523 2363 1525 2363 1524 2364 1525 2364 1526 2364 1526 2365 1525 2365 1527 2365 1526 2366 1527 2366 1528 2366 1528 2367 1527 2367 1529 2367 1451 2368 1450 2368 1519 2368 1519 2369 1450 2369 1530 2369 1519 2370 1530 2370 1521 2370 1521 2371 1530 2371 1531 2371 1521 2372 1531 2372 1523 2372 1523 2373 1531 2373 1532 2373 1523 2374 1532 2374 1525 2374 1525 2374 1532 2374 1533 2374 1525 2375 1533 2375 1527 2375 1527 2376 1533 2376 1534 2376 1527 2377 1534 2377 1529 2377 1529 2378 1534 2378 1535 2378 1450 2379 1449 2379 1530 2379 1530 2380 1449 2380 1536 2380 1530 2381 1536 2381 1531 2381 1531 2382 1536 2382 1537 2382 1531 2383 1537 2383 1532 2383 1532 2384 1537 2384 1538 2384 1532 2385 1538 2385 1533 2385 1533 2385 1538 2385 1539 2385 1533 2386 1539 2386 1534 2386 1534 2387 1539 2387 1540 2387 1534 2388 1540 2388 1535 2388 1535 2389 1540 2389 1541 2389 1449 2390 1448 2390 1536 2390 1536 2391 1448 2391 1542 2391 1536 2392 1542 2392 1537 2392 1537 2393 1542 2393 1543 2393 1537 2394 1543 2394 1538 2394 1538 2395 1543 2395 1544 2395 1538 2396 1544 2396 1539 2396 1539 2396 1544 2396 1545 2396 1539 2397 1545 2397 1540 2397 1540 2398 1545 2398 1546 2398 1540 2399 1546 2399 1541 2399 1541 2400 1546 2400 1547 2400 1548 2401 1549 2401 1550 2401 1550 2402 1549 2402 1551 2402 1550 2403 1551 2403 1552 2403 1552 2404 1551 2404 1553 2404 1552 2405 1553 2405 1554 2405 1554 2405 1553 2405 1555 2405 1554 2406 1555 2406 1556 2406 1556 2407 1555 2407 1557 2407 1556 2408 1557 2408 1558 2408 1558 2409 1557 2409 1559 2409 1549 2410 1560 2410 1551 2410 1551 2411 1560 2411 1561 2411 1551 2412 1561 2412 1553 2412 1553 2413 1561 2413 1562 2413 1553 2414 1562 2414 1555 2414 1555 2414 1562 2414 1563 2414 1555 2415 1563 2415 1557 2415 1557 2416 1563 2416 1564 2416 1557 2417 1564 2417 1559 2417 1559 2418 1564 2418 1565 2418 1560 2419 1566 2419 1561 2419 1561 2420 1566 2420 1567 2420 1561 2421 1567 2421 1562 2421 1562 2422 1567 2422 1568 2422 1562 2423 1568 2423 1563 2423 1563 2423 1568 2423 1569 2423 1563 2424 1569 2424 1564 2424 1564 2425 1569 2425 1570 2425 1564 2426 1570 2426 1565 2426 1565 2427 1570 2427 1571 2427 1572 2428 1494 2428 1573 2428 1573 2429 1494 2429 1489 2429 1573 2430 1489 2430 1574 2430 1574 2323 1489 2323 1485 2323 1574 2431 1485 2431 1575 2431 1575 2432 1485 2432 1480 2432 1575 2433 1480 2433 1576 2433 1576 2434 1480 2434 1482 2434 1576 2435 1482 2435 1577 2435 1577 2436 1482 2436 1271 2436 1577 2437 1271 2437 1269 2437 1486 2438 1277 2438 1483 2438 1483 2439 1277 2439 1275 2439 1483 2440 1275 2440 1481 2440 1481 2441 1275 2441 1274 2441 1481 2442 1274 2442 1482 2442 1482 2443 1274 2443 1272 2443 1482 2444 1272 2444 1271 2444 1282 2445 1284 2445 1578 2445 1578 2446 1284 2446 1490 2446 1578 2447 1490 2447 1579 2447 1579 2448 1490 2448 1491 2448 1579 2449 1491 2449 1580 2449 1580 2450 1491 2450 1492 2450 1580 2451 1492 2451 1581 2451 1581 2451 1492 2451 1493 2451 1581 2452 1493 2452 1582 2452 1582 2453 1493 2453 1494 2453 1582 2454 1494 2454 1583 2454 1583 2455 1494 2455 1572 2455 1583 2456 1572 2456 1434 2456 1434 2457 1572 2457 1435 2457 1284 2458 1285 2458 1490 2458 1490 2459 1285 2459 1281 2459 1490 2460 1281 2460 1486 2460 1486 2461 1281 2461 1279 2461 1486 2462 1279 2462 1277 2462 1583 2463 1495 2463 1582 2463 1582 2464 1495 2464 1497 2464 1582 2465 1497 2465 1581 2465 1581 2466 1497 2466 1499 2466 1581 2467 1499 2467 1580 2467 1580 2467 1499 2467 1501 2467 1580 2468 1501 2468 1579 2468 1579 2469 1501 2469 1503 2469 1579 2470 1503 2470 1578 2470 1578 2471 1503 2471 1505 2471 1578 2472 1505 2472 1282 2472 1296 2473 1295 2473 1584 2473 1584 2474 1295 2474 1518 2474 1584 2475 1518 2475 1585 2475 1585 2476 1518 2476 1517 2476 1585 2477 1517 2477 1586 2477 1586 2478 1517 2478 1516 2478 1586 2479 1516 2479 1587 2479 1587 2479 1516 2479 1515 2479 1587 2480 1515 2480 1588 2480 1588 2481 1515 2481 1514 2481 1588 2482 1514 2482 1589 2482 1589 2483 1514 2483 1513 2483 1295 2484 1293 2484 1518 2484 1518 2485 1293 2485 1291 2485 1518 2486 1291 2486 1512 2486 1512 2487 1291 2487 1289 2487 1512 2488 1289 2488 1506 2488 1506 2489 1289 2489 1287 2489 1506 2490 1287 2490 1505 2490 1505 2491 1287 2491 1286 2491 1505 2492 1286 2492 1282 2492 1434 2493 1433 2493 1583 2493 1583 2494 1433 2494 1441 2494 1583 2495 1441 2495 1495 2495 1495 2496 1441 2496 1442 2496 1495 2497 1442 2497 1496 2497 1496 2498 1442 2498 1443 2498 1496 2499 1443 2499 1507 2499 1507 2500 1443 2500 1444 2500 1507 2501 1444 2501 1513 2501 1513 2502 1444 2502 1445 2502 1513 2502 1445 2502 1589 2502 1589 2503 1445 2503 1458 2503 1589 2504 1458 2504 1588 2504 1588 2505 1458 2505 1520 2505 1588 2506 1520 2506 1587 2506 1587 2507 1520 2507 1522 2507 1587 2508 1522 2508 1586 2508 1586 2508 1522 2508 1524 2508 1586 2509 1524 2509 1585 2509 1585 2510 1524 2510 1526 2510 1585 2511 1526 2511 1584 2511 1584 2512 1526 2512 1528 2512 1584 2513 1528 2513 1296 2513 1246 2514 1244 2514 1590 2514 1590 2515 1244 2515 1547 2515 1590 2516 1547 2516 1591 2516 1591 2517 1547 2517 1546 2517 1591 2518 1546 2518 1592 2518 1592 2519 1546 2519 1545 2519 1592 2520 1545 2520 1593 2520 1593 2520 1545 2520 1544 2520 1593 2521 1544 2521 1594 2521 1594 2522 1544 2522 1543 2522 1594 2523 1543 2523 1595 2523 1595 2524 1543 2524 1542 2524 1595 2525 1542 2525 1447 2525 1447 2526 1542 2526 1448 2526 1244 2527 1243 2527 1547 2527 1547 2528 1243 2528 1241 2528 1547 2529 1241 2529 1541 2529 1541 2530 1241 2530 1240 2530 1541 2531 1240 2531 1535 2531 1535 2532 1240 2532 1301 2532 1535 2533 1301 2533 1529 2533 1529 2534 1301 2534 1302 2534 1529 2535 1302 2535 1528 2535 1528 2536 1302 2536 1297 2536 1528 2537 1297 2537 1296 2537 1595 2538 1548 2538 1594 2538 1594 2538 1548 2538 1550 2538 1594 2539 1550 2539 1593 2539 1593 2540 1550 2540 1552 2540 1593 2541 1552 2541 1592 2541 1592 2541 1552 2541 1554 2541 1592 2542 1554 2542 1591 2542 1591 2543 1554 2543 1556 2543 1591 2544 1556 2544 1590 2544 1590 2544 1556 2544 1558 2544 1590 2545 1558 2545 1246 2545 1257 2546 1256 2546 1596 2546 1596 2547 1256 2547 1571 2547 1596 2548 1571 2548 1597 2548 1597 2549 1571 2549 1570 2549 1597 2550 1570 2550 1598 2550 1598 2551 1570 2551 1569 2551 1598 2552 1569 2552 1599 2552 1599 2552 1569 2552 1568 2552 1599 2553 1568 2553 1600 2553 1600 2554 1568 2554 1567 2554 1600 2555 1567 2555 1601 2555 1601 2556 1567 2556 1566 2556 1256 2557 1254 2557 1571 2557 1571 2558 1254 2558 1252 2558 1571 2559 1252 2559 1565 2559 1565 2560 1252 2560 1250 2560 1565 2561 1250 2561 1559 2561 1559 2562 1250 2562 1249 2562 1559 2563 1249 2563 1558 2563 1558 2564 1249 2564 1247 2564 1558 2565 1247 2565 1246 2565 1258 2566 1257 2566 1479 2566 1479 2567 1257 2567 1596 2567 1479 2568 1596 2568 1478 2568 1478 2569 1596 2569 1597 2569 1478 2570 1597 2570 1477 2570 1477 2571 1597 2571 1598 2571 1477 2572 1598 2572 1476 2572 1476 2572 1598 2572 1599 2572 1476 2573 1599 2573 1475 2573 1475 2574 1599 2574 1600 2574 1475 2575 1600 2575 1457 2575 1457 2576 1600 2576 1601 2576 1457 2577 1601 2577 1425 2577 1425 2578 1601 2578 1566 2578 1425 2579 1566 2579 1424 2579 1424 2580 1566 2580 1560 2580 1424 2581 1560 2581 1423 2581 1423 2582 1560 2582 1549 2582 1423 2583 1549 2583 1422 2583 1422 2584 1549 2584 1548 2584 1422 2585 1548 2585 1421 2585 1421 2586 1548 2586 1595 2586 1421 2586 1595 2586 1420 2586 1420 2587 1595 2587 1447 2587 1602 2588 1261 2588 1260 2588 1439 2589 1462 2589 1456 2589 1456 2590 1462 2590 1603 2590 1456 2591 1603 2591 1454 2591 1454 2592 1603 2592 1604 2592 1454 2593 1604 2593 1465 2593 1465 2594 1604 2594 1605 2594 1465 2296 1605 2296 1469 2296 1469 2595 1605 2595 1606 2595 1469 2596 1606 2596 1474 2596 1474 2597 1606 2597 1602 2597 1474 2598 1602 2598 1479 2598 1479 2599 1602 2599 1260 2599 1479 2600 1260 2600 1258 2600 1438 2601 1461 2601 1462 2601 1462 2602 1461 2602 1607 2602 1462 2603 1607 2603 1603 2603 1603 2604 1607 2604 1608 2604 1603 2605 1608 2605 1604 2605 1604 2606 1608 2606 1609 2606 1604 2594 1609 2594 1605 2594 1605 2607 1609 2607 1610 2607 1605 2608 1610 2608 1606 2608 1606 2609 1610 2609 1611 2609 1606 2610 1611 2610 1602 2610 1602 2611 1611 2611 1263 2611 1602 2612 1263 2612 1261 2612 1437 2278 1460 2278 1461 2278 1461 2613 1460 2613 1612 2613 1461 2614 1612 2614 1607 2614 1607 2615 1612 2615 1613 2615 1607 2616 1613 2616 1608 2616 1608 2617 1613 2617 1614 2617 1608 2606 1614 2606 1609 2606 1609 2618 1614 2618 1615 2618 1609 2619 1615 2619 1610 2619 1610 2620 1615 2620 1616 2620 1610 2621 1616 2621 1611 2621 1611 2622 1616 2622 1264 2622 1611 2623 1264 2623 1263 2623 1436 2624 1459 2624 1460 2624 1460 2625 1459 2625 1617 2625 1460 2626 1617 2626 1612 2626 1612 2627 1617 2627 1618 2627 1612 2628 1618 2628 1613 2628 1613 2629 1618 2629 1619 2629 1613 2617 1619 2617 1614 2617 1614 2630 1619 2630 1620 2630 1614 2631 1620 2631 1615 2631 1615 2632 1620 2632 1453 2632 1615 2633 1453 2633 1616 2633 1616 2634 1453 2634 1265 2634 1616 2635 1265 2635 1264 2635 1435 2636 1572 2636 1459 2636 1459 2637 1572 2637 1573 2637 1459 2625 1573 2625 1617 2625 1617 2638 1573 2638 1574 2638 1617 2639 1574 2639 1618 2639 1618 2431 1574 2431 1575 2431 1618 2629 1575 2629 1619 2629 1619 2640 1575 2640 1576 2640 1619 2641 1576 2641 1620 2641 1620 2642 1576 2642 1577 2642 1620 2643 1577 2643 1453 2643 1453 2644 1577 2644 1269 2644 1453 2645 1269 2645 1268 2645 1340 773 1235 773 1236 773 1340 773 1339 773 1235 773 1235 773 1339 773 1338 773 1235 773 1338 773 1234 773 1237 773 1342 773 1236 773 1236 773 1342 773 1341 773 1236 773 1341 773 1340 773 1338 773 1337 773 1234 773 1234 773 1337 773 1336 773 1234 773 1336 773 1233 773 1233 773 1336 773 1335 773 1233 773 1335 773 1228 773 1238 773 1344 773 1237 773 1237 773 1344 773 1343 773 1237 773 1343 773 1342 773 1231 773 1327 773 1326 773 1230 773 1229 773 1331 773 1335 773 1334 773 1228 773 1228 773 1334 773 1333 773 1228 773 1333 773 1229 773 1229 773 1333 773 1332 773 1229 773 1332 773 1331 773 1231 773 1326 773 1232 773 1239 773 1346 773 1238 773 1238 773 1346 773 1345 773 1238 773 1345 773 1344 773 1326 773 1349 773 1232 773 1232 773 1349 773 1348 773 1232 773 1348 773 1239 773 1239 773 1348 773 1347 773 1239 773 1347 773 1346 773 1331 773 1330 773 1230 773 1230 773 1330 773 1329 773 1230 773 1329 773 1231 773 1231 773 1329 773 1328 773 1231 773 1328 773 1327 773 1350 1055 779 1055 1351 1055 1351 1055 779 1055 778 1055 1350 1055 1395 1055 779 1055 779 1055 1395 1055 1393 1055 779 1055 1393 1055 780 1055 769 1055 1355 1055 778 1055 778 1055 1355 1055 1353 1055 778 1055 1353 1055 1351 1055 771 1055 772 1055 1367 1055 770 1055 1359 1055 769 1055 769 1055 1359 1055 1357 1055 769 1055 1357 1055 1355 1055 774 1055 775 1055 1379 1055 777 1055 1385 1055 776 1055 776 1055 1385 1055 1383 1055 776 1055 1383 1055 775 1055 775 1055 1383 1055 1381 1055 775 1055 1381 1055 1379 1055 1393 1055 1391 1055 780 1055 780 1055 1391 1055 1389 1055 780 1055 1389 1055 777 1055 777 1055 1389 1055 1387 1055 777 1055 1387 1055 1385 1055 1367 1055 1365 1055 771 1055 771 1055 1365 1055 1363 1055 771 1055 1363 1055 770 1055 770 1055 1363 1055 1361 1055 770 1055 1361 1055 1359 1055 773 1055 1371 1055 772 1055 772 1055 1371 1055 1369 1055 772 1055 1369 1055 1367 1055 1379 1055 1377 1055 774 1055 774 1055 1377 1055 1375 1055 774 1055 1375 1055 773 1055 773 1055 1375 1055 1373 1055 773 1055 1373 1055 1371 1055 1621 2646 1622 2646 695 2646 695 2647 1622 2647 781 2647 781 2648 1622 2648 1623 2648 781 2649 1623 2649 782 2649 1624 2650 788 2650 1623 2650 1623 2651 788 2651 783 2651 1623 2652 783 2652 782 2652 1625 2653 786 2653 1624 2653 1624 2654 786 2654 787 2654 1624 2655 787 2655 788 2655 692 2656 784 2656 1625 2656 1625 2657 784 2657 785 2657 1625 2658 785 2658 786 2658 695 1200 696 1200 1621 1200 1621 1199 696 1199 697 1199 1621 1199 697 1199 1626 1199 1626 1198 697 1198 698 1198 1626 1198 698 1198 1627 1198 1627 1197 698 1197 699 1197 1627 1197 699 1197 1628 1197 1628 1196 699 1196 700 1196 1628 1196 700 1196 1629 1196 1629 1195 700 1195 694 1195 1629 1195 694 1195 1630 1195 1630 1087 694 1087 693 1087 1630 1087 693 1087 1631 1087 1631 2659 693 2659 692 2659 1631 2660 692 2660 1632 2660 1632 2661 692 2661 1625 2661 1633 2662 1634 2662 1635 2662 1634 2663 1636 2663 1635 2663 1635 2664 1636 2664 1637 2664 1635 2665 1637 2665 1638 2665 1637 2666 1639 2666 1638 2666 1638 2667 1639 2667 1640 2667 1638 1568 1640 1568 1641 1568 1640 2668 1642 2668 1641 2668 1641 2669 1642 2669 1643 2669 1641 2670 1643 2670 1644 2670 1644 2671 1643 2671 1645 2671 1644 2672 1645 2672 1646 2672 1646 2673 1645 2673 1647 2673 1646 2674 1647 2674 1648 2674 1648 2675 1647 2675 1649 2675 1649 2676 1650 2676 1648 2676 1648 2677 1650 2677 1651 2677 1648 2678 1651 2678 1652 2678 1651 2679 1653 2679 1652 2679 1652 2680 1653 2680 1654 2680 1652 1552 1654 1552 1655 1552 1655 2681 1654 2681 1656 2681 1655 2682 1656 2682 1657 2682 1658 2683 1659 2683 1657 2683 1657 2684 1659 2684 1660 2684 1657 2685 1660 2685 1655 2685 1658 2686 1661 2686 1659 2686 1659 2687 1661 2687 1662 2687 1659 2688 1662 2688 1663 2688 1662 2689 1664 2689 1663 2689 1663 2690 1664 2690 1665 2690 1663 2691 1665 2691 1666 2691 1665 2692 1667 2692 1666 2692 1666 2693 1667 2693 1668 2693 1666 2694 1668 2694 1669 2694 1669 2695 1668 2695 1670 2695 1669 2696 1670 2696 1671 2696 1671 2697 1670 2697 1672 2697 1671 2698 1672 2698 1673 2698 1673 2699 1672 2699 1674 2699 1675 2700 1676 2700 1677 2700 1677 2701 1676 2701 1673 2701 1677 2702 1673 2702 1678 2702 1678 2703 1673 2703 1674 2703 1679 2704 1680 2704 1681 2704 1681 2705 1680 2705 1682 2705 1681 2706 1682 2706 1683 2706 1683 2707 1682 2707 1684 2707 1683 2708 1684 2708 1685 2708 1685 2709 1684 2709 1686 2709 1685 2710 1686 2710 1687 2710 1687 2711 1686 2711 1688 2711 1688 2712 1689 2712 1687 2712 1687 2713 1689 2713 1690 2713 1687 2714 1690 2714 1691 2714 1635 2715 1692 2715 1633 2715 1633 2716 1692 2716 1693 2716 1633 2717 1693 2717 1694 2717 1694 2718 1693 2718 1691 2718 1694 2719 1691 2719 1695 2719 1695 2720 1691 2720 1690 2720 1676 1513 1696 1513 1697 1513 1676 1512 1697 1512 1673 1512 1673 2721 1697 2721 1698 2721 1673 2722 1698 2722 1671 2722 1671 1509 1698 1509 1699 1509 1671 1508 1699 1508 1669 1508 1669 1507 1699 1507 1700 1507 1669 1506 1700 1506 1666 1506 1666 1505 1700 1505 1701 1505 1666 1505 1701 1505 1663 1505 1663 1503 1701 1503 1702 1503 1663 1503 1702 1503 1659 1503 1659 2723 1702 2723 1703 2723 1659 2724 1703 2724 1660 2724 1660 1501 1703 1501 1704 1501 1660 1500 1704 1500 1655 1500 1655 1499 1704 1499 1705 1499 1655 1498 1705 1498 1652 1498 1652 2725 1705 2725 1706 2725 1652 2726 1706 2726 1648 2726 1648 1495 1706 1495 1707 1495 1648 1494 1707 1494 1646 1494 1646 1493 1707 1493 1708 1493 1646 2727 1708 2727 1644 2727 1644 2728 1708 2728 1709 2728 1644 2729 1709 2729 1641 2729 1641 2730 1709 2730 1710 2730 1641 1488 1710 1488 1638 1488 1638 1487 1710 1487 1711 1487 1638 2731 1711 2731 1635 2731 1635 2732 1711 2732 1712 2732 1635 2733 1712 2733 1692 2733 1692 2734 1712 2734 1713 2734 1692 2735 1713 2735 1693 2735 1693 2736 1713 2736 1714 2736 1693 2737 1714 2737 1691 2737 1691 1523 1714 1523 1715 1523 1691 2738 1715 2738 1687 2738 1687 2739 1715 2739 1716 2739 1687 2740 1716 2740 1685 2740 1685 2741 1716 2741 1717 2741 1685 2742 1717 2742 1683 2742 1683 2743 1717 2743 1718 2743 1683 2744 1718 2744 1681 2744 1719 2745 1720 2745 1696 2745 1720 2746 1721 2746 1696 2746 1696 1460 1721 1460 1722 1460 1696 1461 1722 1461 1697 1461 1697 2747 1722 2747 1723 2747 1697 2748 1723 2748 1698 2748 1698 1464 1723 1464 1724 1464 1698 1465 1724 1465 1699 1465 1699 1466 1724 1466 1725 1466 1699 1467 1725 1467 1700 1467 1700 1468 1725 1468 1726 1468 1700 1469 1726 1469 1701 1469 1701 1470 1726 1470 1727 1470 1701 1470 1727 1470 1702 1470 1702 1471 1727 1471 1728 1471 1702 1472 1728 1472 1703 1472 1703 1473 1728 1473 1729 1473 1703 1474 1729 1474 1704 1474 1704 1475 1729 1475 1730 1475 1704 1476 1730 1476 1705 1476 1705 2749 1730 2749 1731 2749 1705 2750 1731 2750 1706 2750 1706 1479 1731 1479 1732 1479 1706 1480 1732 1480 1707 1480 1707 2751 1732 2751 1733 2751 1707 2752 1733 2752 1708 2752 1708 1438 1733 1438 1734 1438 1708 1439 1734 1439 1709 1439 1709 1440 1734 1440 1735 1440 1709 2753 1735 2753 1710 2753 1710 2754 1735 2754 1736 2754 1710 2755 1736 2755 1711 2755 1711 2756 1736 2756 1737 2756 1711 2757 1737 2757 1712 2757 1712 2758 1737 2758 1738 2758 1712 2759 1738 2759 1713 2759 1713 1448 1738 1448 1739 1448 1713 2760 1739 2760 1714 2760 1714 2761 1739 2761 1740 2761 1714 2762 1740 2762 1715 2762 1715 2763 1740 2763 1741 2763 1715 2764 1741 2764 1716 2764 1716 2765 1741 2765 1742 2765 1716 2766 1742 2766 1717 2766 1717 1456 1742 1456 1719 1456 1717 1457 1719 1457 1718 1457 1718 2767 1719 2767 1696 2767 1718 2768 1696 2768 1681 2768 1681 2769 1696 2769 1676 2769 1681 2770 1676 2770 1679 2770 1679 2771 1676 2771 1675 2771 1743 2772 1744 2772 1745 2772 1745 1412 1744 1412 1746 1412 1745 1413 1746 1413 1747 1413 1747 1414 1746 1414 1748 1414 1747 2773 1748 2773 1749 2773 1749 2774 1748 2774 1750 2774 1749 2775 1750 2775 1751 2775 1751 2776 1750 2776 1752 2776 1751 2777 1752 2777 1753 2777 1753 2778 1752 2778 1754 2778 1753 2779 1754 2779 1755 2779 1755 1422 1754 1422 1756 1422 1755 2780 1756 2780 1757 2780 1757 2781 1756 2781 1758 2781 1757 2782 1758 2782 1759 2782 1759 2783 1758 2783 1760 2783 1759 2784 1760 2784 1761 2784 1761 2785 1760 2785 1762 2785 1761 2786 1762 2786 1763 2786 1763 1430 1762 1430 1764 1430 1763 1431 1764 1431 1765 1431 1765 2787 1764 2787 1766 2787 1765 2788 1766 2788 1767 2788 1767 1389 1766 1389 1768 1389 1767 1390 1768 1390 1769 1390 1769 2789 1768 2789 1770 2789 1769 2790 1770 2790 1771 2790 1771 1393 1770 1393 1772 1393 1771 1394 1772 1394 1773 1394 1773 1395 1772 1395 1774 1395 1773 1396 1774 1396 1775 1396 1775 1397 1774 1397 1776 1397 1775 1398 1776 1398 1777 1398 1777 1399 1776 1399 1778 1399 1777 1399 1778 1399 1779 1399 1779 1400 1778 1400 1780 1400 1779 1401 1780 1401 1781 1401 1781 1402 1780 1402 1782 1402 1781 1403 1782 1403 1783 1403 1783 1404 1782 1404 1784 1404 1783 1405 1784 1405 1785 1405 1785 2791 1784 2791 1786 2791 1785 2792 1786 2792 1787 2792 1787 1408 1786 1408 1788 1408 1787 1409 1788 1409 1789 1409 1789 2793 1788 2793 1743 2793 1789 2794 1743 2794 1745 2794 1755 2795 1790 2795 1753 2795 1753 2796 1790 2796 1791 2796 1753 2797 1791 2797 1751 2797 1751 2798 1791 2798 1792 2798 1751 1371 1792 1371 1749 1371 1749 1370 1792 1370 1793 1370 1749 2799 1793 2799 1747 2799 1747 2800 1793 2800 1794 2800 1747 2801 1794 2801 1745 2801 1745 2802 1794 2802 1795 2802 1745 1365 1795 1365 1789 1365 1789 1364 1795 1364 1796 1364 1789 1363 1796 1363 1787 1363 1787 2803 1796 2803 1797 2803 1787 2804 1797 2804 1785 2804 1785 1360 1797 1360 1798 1360 1785 1359 1798 1359 1783 1359 1783 1358 1798 1358 1799 1358 1783 1357 1799 1357 1781 1357 1781 2805 1799 2805 1800 2805 1781 2805 1800 2805 1779 2805 1779 1354 1800 1354 1801 1354 1779 1354 1801 1354 1777 1354 1777 2806 1801 2806 1802 2806 1777 1353 1802 1353 1775 1353 1775 1352 1802 1352 1803 1352 1775 1351 1803 1351 1773 1351 1773 1350 1803 1350 1804 1350 1773 1349 1804 1349 1771 1349 1771 2807 1804 2807 1805 2807 1771 2808 1805 2808 1769 2808 1769 1346 1805 1346 1806 1346 1769 1345 1806 1345 1767 1345 1767 2809 1806 2809 1807 2809 1767 2810 1807 2810 1765 2810 1765 2811 1807 2811 1808 2811 1765 2812 1808 2812 1763 2812 1763 2813 1808 2813 1809 2813 1763 2814 1809 2814 1761 2814 1761 2815 1809 2815 1810 2815 1761 2816 1810 2816 1759 2816 1759 2817 1810 2817 1811 2817 1759 1379 1811 1379 1757 1379 1757 2818 1811 2818 1812 2818 1757 2819 1812 2819 1755 2819 1755 2820 1812 2820 1790 2820 1813 2821 1810 2821 1814 2821 1814 2822 1810 2822 1809 2822 1814 2823 1809 2823 1815 2823 1815 2824 1809 2824 1808 2824 1815 2825 1808 2825 1816 2825 1816 2826 1808 2826 1807 2826 1816 2827 1807 2827 1817 2827 1817 2828 1807 2828 1806 2828 1817 2829 1806 2829 1818 2829 1818 2830 1806 2830 1805 2830 1818 2831 1805 2831 1819 2831 1819 2832 1805 2832 1820 2832 1820 2833 1805 2833 1821 2833 1821 2834 1805 2834 1804 2834 1821 2835 1804 2835 1822 2835 1822 2836 1804 2836 1803 2836 1822 2837 1803 2837 1823 2837 1823 2838 1803 2838 1802 2838 1823 2839 1802 2839 1824 2839 1824 2840 1802 2840 1801 2840 1824 2841 1801 2841 1825 2841 1826 2842 1827 2842 1796 2842 1796 2843 1827 2843 1828 2843 1796 2844 1828 2844 1797 2844 1797 2845 1828 2845 1829 2845 1797 1304 1829 1304 1798 1304 1798 2846 1829 2846 1830 2846 1798 2847 1830 2847 1799 2847 1799 2848 1830 2848 1831 2848 1799 2849 1831 2849 1800 2849 1800 2850 1831 2850 1832 2850 1800 2851 1832 2851 1801 2851 1801 2852 1832 2852 1833 2852 1801 2853 1833 2853 1825 2853 1826 2854 1796 2854 1834 2854 1834 2855 1796 2855 1795 2855 1834 2856 1795 2856 1835 2856 1835 2857 1795 2857 1794 2857 1835 2858 1794 2858 1836 2858 1836 2859 1794 2859 1793 2859 1836 2860 1793 2860 1837 2860 1837 1290 1793 1290 1792 1290 1837 2861 1792 2861 1838 2861 1838 2862 1792 2862 1791 2862 1838 2863 1791 2863 1839 2863 1813 2864 1840 2864 1810 2864 1810 2865 1840 2865 1841 2865 1810 2866 1841 2866 1811 2866 1811 2867 1841 2867 1842 2867 1811 2868 1842 2868 1812 2868 1812 2869 1842 2869 1843 2869 1812 2870 1843 2870 1790 2870 1790 2871 1843 2871 1844 2871 1790 2872 1844 2872 1791 2872 1791 2873 1844 2873 1845 2873 1791 2874 1845 2874 1839 2874 1661 2875 1658 2875 1846 2875 1847 2876 1848 2876 1849 2876 1819 2877 1820 2877 1850 2877 1839 1839 1845 1839 1851 1839 1852 2878 1829 2878 1828 2878 1853 2879 1830 2879 1829 2879 1854 2880 1831 2880 1830 2880 1855 2881 1832 2881 1831 2881 1849 2882 1833 2882 1832 2882 1839 1838 1851 1838 1838 1838 1819 1769 1850 1769 1818 1769 1833 2883 1849 2883 1825 2883 1825 2884 1849 2884 1848 2884 1825 1755 1848 1755 1824 1755 1823 2885 1824 2885 1856 2885 1856 2886 1824 2886 1848 2886 1856 2887 1848 2887 1857 2887 1857 2888 1848 2888 1847 2888 1857 2889 1847 2889 1858 2889 1822 2890 1823 2890 1859 2890 1859 2890 1823 2890 1856 2890 1859 2891 1856 2891 1860 2891 1860 2892 1856 2892 1857 2892 1860 2893 1857 2893 1861 2893 1861 2894 1857 2894 1858 2894 1861 1742 1858 1742 1862 1742 1821 2895 1822 2895 1863 2895 1863 2896 1822 2896 1859 2896 1863 1630 1859 1630 1864 1630 1864 2897 1859 2897 1860 2897 1864 2898 1860 2898 1865 2898 1865 2899 1860 2899 1861 2899 1865 1634 1861 1634 1866 1634 1866 1634 1861 1634 1862 1634 1866 1741 1862 1741 1867 1741 1820 2900 1821 2900 1850 2900 1850 2901 1821 2901 1863 2901 1850 1635 1863 1635 1868 1635 1868 1636 1863 1636 1864 1636 1868 2902 1864 2902 1869 2902 1869 2903 1864 2903 1865 2903 1869 2904 1865 2904 1870 2904 1870 2904 1865 2904 1866 2904 1870 2905 1866 2905 1871 2905 1871 1740 1866 1740 1867 1740 1871 1739 1867 1739 1872 1739 1873 2906 1874 2906 1875 2906 1876 2907 1874 2907 1877 2907 1877 2908 1874 2908 1873 2908 1877 2909 1873 2909 1878 2909 1879 1610 1876 1610 1880 1610 1880 2910 1876 2910 1877 2910 1880 2911 1877 2911 1881 2911 1881 2912 1877 2912 1878 2912 1881 1614 1878 1614 1882 1614 1883 1618 1879 1618 1884 1618 1884 1619 1879 1619 1880 1619 1884 2913 1880 2913 1885 2913 1885 2914 1880 2914 1881 2914 1885 2915 1881 2915 1886 2915 1886 2915 1881 2915 1882 2915 1886 2916 1882 2916 1887 2916 1888 2917 1889 2917 1890 2917 1890 2918 1889 2918 1891 2918 1890 2919 1891 2919 1892 2919 1892 2920 1891 2920 1893 2920 1892 1734 1893 1734 1894 1734 1894 1734 1893 1734 1895 1734 1894 1733 1895 1733 1896 1733 1896 2921 1895 2921 1897 2921 1896 2922 1897 2922 1898 2922 1898 2923 1897 2923 1899 2923 1889 2924 1900 2924 1891 2924 1891 2925 1900 2925 1901 2925 1891 2926 1901 2926 1893 2926 1893 2927 1901 2927 1902 2927 1893 2928 1902 2928 1895 2928 1895 2928 1902 2928 1903 2928 1895 2929 1903 2929 1897 2929 1897 2930 1903 2930 1904 2930 1897 2931 1904 2931 1899 2931 1899 1721 1904 1721 1905 1721 1900 1720 1906 1720 1901 1720 1901 1719 1906 1719 1907 1719 1901 2932 1907 2932 1902 2932 1902 2933 1907 2933 1908 2933 1902 2934 1908 2934 1903 2934 1903 2934 1908 2934 1909 2934 1903 2935 1909 2935 1904 2935 1904 1714 1909 1714 1910 1714 1904 1713 1910 1713 1905 1713 1905 1712 1910 1712 1911 1712 1845 2936 1844 2936 1851 2936 1851 2937 1844 2937 1912 2937 1851 2938 1912 2938 1913 2938 1913 2939 1912 2939 1914 2939 1913 2940 1914 2940 1915 2940 1915 1708 1914 1708 1916 1708 1915 1707 1916 1707 1917 1707 1917 1707 1916 1707 1918 1707 1917 2941 1918 2941 1919 2941 1919 2942 1918 2942 1920 2942 1919 2943 1920 2943 1921 2943 1921 1703 1920 1703 1922 1703 1844 2944 1843 2944 1912 2944 1912 2945 1843 2945 1923 2945 1912 2946 1923 2946 1914 2946 1914 2947 1923 2947 1924 2947 1914 2948 1924 2948 1916 2948 1916 2949 1924 2949 1925 2949 1916 2950 1925 2950 1918 2950 1918 2950 1925 2950 1926 2950 1918 2951 1926 2951 1920 2951 1920 2952 1926 2952 1927 2952 1920 2953 1927 2953 1922 2953 1922 2954 1927 2954 1928 2954 1843 2955 1842 2955 1923 2955 1923 2956 1842 2956 1929 2956 1923 2957 1929 2957 1924 2957 1924 2958 1929 2958 1930 2958 1924 2959 1930 2959 1925 2959 1925 2960 1930 2960 1931 2960 1925 2961 1931 2961 1926 2961 1926 2961 1931 2961 1932 2961 1926 2962 1932 2962 1927 2962 1927 2963 1932 2963 1933 2963 1927 2964 1933 2964 1928 2964 1928 2965 1933 2965 1934 2965 1842 2966 1841 2966 1929 2966 1929 2967 1841 2967 1935 2967 1929 1678 1935 1678 1930 1678 1930 2968 1935 2968 1936 2968 1930 2969 1936 2969 1931 2969 1931 2970 1936 2970 1937 2970 1931 1674 1937 1674 1932 1674 1932 1674 1937 1674 1938 1674 1932 1673 1938 1673 1933 1673 1933 2971 1938 2971 1939 2971 1933 2972 1939 2972 1934 2972 1934 2973 1939 2973 1940 2973 1941 1667 1942 1667 1943 1667 1943 1666 1942 1666 1944 1666 1943 1665 1944 1665 1945 1665 1945 2974 1944 2974 1946 2974 1945 2975 1946 2975 1947 2975 1947 2975 1946 2975 1948 2975 1947 2976 1948 2976 1949 2976 1949 2977 1948 2977 1950 2977 1949 1660 1950 1660 1951 1660 1951 1659 1950 1659 1952 1659 1942 1658 1953 1658 1944 1658 1944 2978 1953 2978 1954 2978 1944 2979 1954 2979 1946 2979 1946 2980 1954 2980 1955 2980 1946 2981 1955 2981 1948 2981 1948 2981 1955 2981 1956 2981 1948 2982 1956 2982 1950 2982 1950 2983 1956 2983 1957 2983 1950 2984 1957 2984 1952 2984 1952 2985 1957 2985 1958 2985 1953 2986 1959 2986 1954 2986 1954 2987 1959 2987 1960 2987 1954 2988 1960 2988 1955 2988 1955 1646 1960 1646 1961 1646 1955 1645 1961 1645 1956 1645 1956 1645 1961 1645 1962 1645 1956 2989 1962 2989 1957 2989 1957 2990 1962 2990 1963 2990 1957 2991 1963 2991 1958 2991 1958 2992 1963 2992 1964 2992 1965 1625 1887 1625 1966 1625 1966 1624 1887 1624 1882 1624 1966 1615 1882 1615 1967 1615 1967 1614 1882 1614 1878 1614 1967 1607 1878 1607 1968 1607 1968 2993 1878 2993 1873 2993 1968 2994 1873 2994 1969 2994 1969 2995 1873 2995 1875 2995 1969 2996 1875 2996 1970 2996 1970 2997 1875 2997 1664 2997 1970 2998 1664 2998 1662 2998 1879 2999 1670 2999 1876 2999 1876 3000 1670 3000 1668 3000 1876 3001 1668 3001 1874 3001 1874 3002 1668 3002 1667 3002 1874 3003 1667 3003 1875 3003 1875 3004 1667 3004 1665 3004 1875 1596 1665 1596 1664 1596 1675 3005 1677 3005 1971 3005 1971 1888 1677 1888 1883 1888 1971 3006 1883 3006 1972 3006 1972 3007 1883 3007 1884 3007 1972 3008 1884 3008 1973 3008 1973 3009 1884 3009 1885 3009 1973 3010 1885 3010 1974 3010 1974 3010 1885 3010 1886 3010 1974 3011 1886 3011 1975 3011 1975 3012 1886 3012 1887 3012 1975 3013 1887 3013 1976 3013 1976 1879 1887 1879 1965 1879 1976 1878 1965 1878 1827 1878 1827 3014 1965 3014 1828 3014 1677 1593 1678 1593 1883 1593 1883 3015 1678 3015 1674 3015 1883 3016 1674 3016 1879 3016 1879 3017 1674 3017 1672 3017 1879 3018 1672 3018 1670 3018 1976 3019 1888 3019 1975 3019 1975 3020 1888 3020 1890 3020 1975 3021 1890 3021 1974 3021 1974 1862 1890 1862 1892 1862 1974 1863 1892 1863 1973 1863 1973 1863 1892 1863 1894 1863 1973 3022 1894 3022 1972 3022 1972 3023 1894 3023 1896 3023 1972 3024 1896 3024 1971 3024 1971 3025 1896 3025 1898 3025 1971 3026 1898 3026 1675 3026 1689 1898 1688 1898 1977 1898 1977 1897 1688 1897 1911 1897 1977 3027 1911 3027 1978 3027 1978 3028 1911 3028 1910 3028 1978 3029 1910 3029 1979 3029 1979 1851 1910 1851 1909 1851 1979 1852 1909 1852 1980 1852 1980 1852 1909 1852 1908 1852 1980 3030 1908 3030 1981 3030 1981 3031 1908 3031 1907 3031 1981 3032 1907 3032 1982 3032 1982 1855 1907 1855 1906 1855 1688 3033 1686 3033 1911 3033 1911 3034 1686 3034 1684 3034 1911 3035 1684 3035 1905 3035 1905 3036 1684 3036 1682 3036 1905 3037 1682 3037 1899 3037 1899 3038 1682 3038 1680 3038 1899 3039 1680 3039 1898 3039 1898 3040 1680 3040 1679 3040 1898 3041 1679 3041 1675 3041 1827 1857 1826 1857 1976 1857 1976 3042 1826 3042 1834 3042 1976 3043 1834 3043 1888 3043 1888 3044 1834 3044 1835 3044 1888 3045 1835 3045 1889 3045 1889 3046 1835 3046 1836 3046 1889 3047 1836 3047 1900 3047 1900 3048 1836 3048 1837 3048 1900 3049 1837 3049 1906 3049 1906 3050 1837 3050 1838 3050 1906 3050 1838 3050 1982 3050 1982 1826 1838 1826 1851 1826 1982 3051 1851 3051 1981 3051 1981 3052 1851 3052 1913 3052 1981 3053 1913 3053 1980 3053 1980 3054 1913 3054 1915 3054 1980 1831 1915 1831 1979 1831 1979 1831 1915 1831 1917 1831 1979 3055 1917 3055 1978 3055 1978 3056 1917 3056 1919 3056 1978 3057 1919 3057 1977 3057 1977 3058 1919 3058 1921 3058 1977 1836 1921 1836 1689 1836 1639 3059 1637 3059 1983 3059 1983 1814 1637 1814 1940 1814 1983 3060 1940 3060 1984 3060 1984 3061 1940 3061 1939 3061 1984 3062 1939 3062 1985 3062 1985 3063 1939 3063 1938 3063 1985 1819 1938 1819 1986 1819 1986 1819 1938 1819 1937 1819 1986 3064 1937 3064 1987 3064 1987 3065 1937 3065 1936 3065 1987 3066 1936 3066 1988 3066 1988 3067 1936 3067 1935 3067 1988 1824 1935 1824 1840 1824 1840 1848 1935 1848 1841 1848 1637 1592 1636 1592 1940 1592 1940 1586 1636 1586 1634 1586 1940 3068 1634 3068 1934 3068 1934 3069 1634 3069 1633 3069 1934 3070 1633 3070 1928 3070 1928 3071 1633 3071 1694 3071 1928 3072 1694 3072 1922 3072 1922 3073 1694 3073 1695 3073 1922 3074 1695 3074 1921 3074 1921 3075 1695 3075 1690 3075 1921 1837 1690 1837 1689 1837 1988 3076 1941 3076 1987 3076 1987 3076 1941 3076 1943 3076 1987 3077 1943 3077 1986 3077 1986 1789 1943 1789 1945 1789 1986 1790 1945 1790 1985 1790 1985 1790 1945 1790 1947 1790 1985 3078 1947 3078 1984 3078 1984 3079 1947 3079 1949 3079 1984 1794 1949 1794 1983 1794 1983 1794 1949 1794 1951 1794 1983 3080 1951 3080 1639 3080 1650 1804 1649 1804 1989 1804 1989 3081 1649 3081 1964 3081 1989 3082 1964 3082 1990 3082 1990 3083 1964 3083 1963 3083 1990 3084 1963 3084 1991 3084 1991 1777 1963 1777 1962 1777 1991 1778 1962 1778 1992 1778 1992 1778 1962 1778 1961 1778 1992 3085 1961 3085 1993 3085 1993 3086 1961 3086 1960 3086 1993 3087 1960 3087 1994 3087 1994 3088 1960 3088 1959 3088 1649 3089 1647 3089 1964 3089 1964 3090 1647 3090 1645 3090 1964 3091 1645 3091 1958 3091 1958 3092 1645 3092 1643 3092 1958 3093 1643 3093 1952 3093 1952 3094 1643 3094 1642 3094 1952 3095 1642 3095 1951 3095 1951 3096 1642 3096 1640 3096 1951 3097 1640 3097 1639 3097 1651 3098 1650 3098 1872 3098 1872 1767 1650 1767 1989 1767 1872 1766 1989 1766 1871 1766 1871 3099 1989 3099 1990 3099 1871 3100 1990 3100 1870 3100 1870 3101 1990 3101 1991 3101 1870 3102 1991 3102 1869 3102 1869 3102 1991 3102 1992 3102 1869 3103 1992 3103 1868 3103 1868 3104 1992 3104 1993 3104 1868 3105 1993 3105 1850 3105 1850 3106 1993 3106 1994 3106 1850 1757 1994 1757 1818 1757 1818 3107 1994 3107 1959 3107 1818 3108 1959 3108 1817 3108 1817 3109 1959 3109 1953 3109 1817 3110 1953 3110 1816 3110 1816 3111 1953 3111 1942 3111 1816 3112 1942 3112 1815 3112 1815 3113 1942 3113 1941 3113 1815 3114 1941 3114 1814 3114 1814 1785 1941 1785 1988 1785 1814 1785 1988 1785 1813 1785 1813 1784 1988 1784 1840 1784 1995 3115 1654 3115 1653 3115 1832 3116 1855 3116 1849 3116 1849 3117 1855 3117 1996 3117 1849 3118 1996 3118 1847 3118 1847 3119 1996 3119 1997 3119 1847 1951 1997 1951 1858 1951 1858 1940 1997 1940 1998 1940 1858 1742 1998 1742 1862 1742 1862 3120 1998 3120 1999 3120 1862 3121 1999 3121 1867 3121 1867 3122 1999 3122 1995 3122 1867 1948 1995 1948 1872 1948 1872 3123 1995 3123 1653 3123 1872 3124 1653 3124 1651 3124 1831 3125 1854 3125 1855 3125 1855 1944 1854 1944 2000 1944 1855 3126 2000 3126 1996 3126 1996 3127 2000 3127 2001 3127 1996 3128 2001 3128 1997 3128 1997 3129 2001 3129 2002 3129 1997 1940 2002 1940 1998 1940 1998 3130 2002 3130 2003 3130 1998 3131 2003 3131 1999 3131 1999 3132 2003 3132 2004 3132 1999 3133 2004 3133 1995 3133 1995 3134 2004 3134 1656 3134 1995 3135 1656 3135 1654 3135 1830 2880 1853 2880 1854 2880 1854 3136 1853 3136 2005 3136 1854 3137 2005 3137 2000 3137 2000 3138 2005 3138 2006 3138 2000 3139 2006 3139 2001 3139 2001 3140 2006 3140 2007 3140 2001 3129 2007 3129 2002 3129 2002 3141 2007 3141 2008 3141 2002 3142 2008 3142 2003 3142 2003 3143 2008 3143 2009 3143 2003 3144 2009 3144 2004 3144 2004 3145 2009 3145 1657 3145 2004 3146 1657 3146 1656 3146 1829 3147 1852 3147 1853 3147 1853 3148 1852 3148 2010 3148 1853 3149 2010 3149 2005 3149 2005 3150 2010 3150 2011 3150 2005 3151 2011 3151 2006 3151 2006 1905 2011 1905 2012 1905 2006 3140 2012 3140 2007 3140 2007 3152 2012 3152 2013 3152 2007 3153 2013 3153 2008 3153 2008 3154 2013 3154 1846 3154 2008 1913 1846 1913 2009 1913 2009 3155 1846 3155 1658 3155 2009 3156 1658 3156 1657 3156 1828 3157 1965 3157 1852 3157 1852 1909 1965 1909 1966 1909 1852 3148 1966 3148 2010 3148 2010 3158 1966 3158 1967 3158 2010 3159 1967 3159 2011 3159 2011 1607 1967 1607 1968 1607 2011 1905 1968 1905 2012 1905 2012 1904 1968 1904 1969 1904 2012 3160 1969 3160 2013 3160 2013 3161 1969 3161 1970 3161 2013 3162 1970 3162 1846 3162 1846 3163 1970 3163 1662 3163 1846 3164 1662 3164 1661 3164 1733 833 1628 833 1629 833 1625 832 1742 832 1741 832 1733 833 1732 833 1628 833 1628 833 1732 833 1731 833 1628 833 1731 833 1627 833 1625 833 1741 833 1632 833 1742 833 1625 833 1719 833 1719 833 1625 833 1624 833 1719 833 1624 833 1720 833 1622 833 1621 833 1726 833 1731 833 1730 833 1627 833 1627 833 1730 833 1729 833 1627 833 1729 833 1626 833 1626 832 1729 832 1728 832 1626 833 1728 833 1621 833 1621 833 1728 833 1727 833 1621 833 1727 833 1726 833 1630 832 1735 832 1629 832 1629 833 1735 833 1734 833 1629 833 1734 833 1733 833 1631 833 1737 833 1630 833 1630 833 1737 833 1736 833 1630 833 1736 833 1735 833 1741 833 1740 833 1632 833 1632 833 1740 833 1739 833 1632 833 1739 833 1631 833 1631 833 1739 833 1738 833 1631 833 1738 833 1737 833 1726 832 1725 832 1622 832 1622 832 1725 832 1724 832 1622 832 1724 832 1623 832 1724 833 1723 833 1623 833 1623 833 1723 833 1722 833 1623 833 1722 833 1624 833 1624 833 1722 833 1721 833 1624 833 1721 833 1720 833 1752 960 796 960 797 960 798 960 1756 960 797 960 797 960 1756 960 1754 960 797 960 1754 960 1752 960 1743 960 806 960 1744 960 1744 960 806 960 805 960 1752 960 1750 960 796 960 796 960 1750 960 1748 960 796 960 1748 960 805 960 805 959 1748 959 1746 959 805 960 1746 960 1744 960 799 959 1760 959 798 959 798 960 1760 960 1758 960 798 960 1758 960 1756 960 800 960 1764 960 799 960 799 960 1764 960 1762 960 799 960 1762 960 1760 960 804 960 1778 960 803 960 803 960 1778 960 1776 960 803 960 1776 960 802 960 801 960 1768 960 800 960 800 960 1768 960 1766 960 800 960 1766 960 1764 960 807 959 1782 959 804 959 804 959 1782 959 1780 959 804 959 1780 959 1778 959 1776 960 1774 960 802 960 802 959 1774 959 1772 959 802 960 1772 960 801 960 801 960 1772 960 1770 960 801 960 1770 960 1768 960 1743 960 1788 960 806 960 806 960 1788 960 1786 960 806 960 1786 960 807 960 807 960 1786 960 1784 960 807 960 1784 960 1782 960 2014 3165 2015 3165 640 3165 640 3166 2015 3166 808 3166 808 3167 2015 3167 2016 3167 808 3168 2016 3168 809 3168 2017 3169 815 3169 2016 3169 2016 3170 815 3170 810 3170 2016 3171 810 3171 809 3171 2018 3172 813 3172 2017 3172 2017 3173 813 3173 814 3173 2017 3174 814 3174 815 3174 637 3175 811 3175 2018 3175 2018 3176 811 3176 812 3176 2018 3177 812 3177 813 3177 640 1252 641 1252 2014 1252 2014 1251 641 1251 642 1251 2014 1251 642 1251 2019 1251 2019 1250 642 1250 643 1250 2019 1250 643 1250 2020 1250 2020 1249 643 1249 644 1249 2020 1249 644 1249 2021 1249 2021 1248 644 1248 645 1248 2021 1248 645 1248 2022 1248 2022 1247 645 1247 639 1247 2022 1247 639 1247 2023 1247 2023 1141 639 1141 638 1141 2023 1141 638 1141 2024 1141 2024 3178 638 3178 637 3178 2024 3179 637 3179 2025 3179 2025 3180 637 3180 2018 3180 2026 3181 2027 3181 2028 3181 2027 3182 2029 3182 2028 3182 2028 3183 2029 3183 2030 3183 2028 3184 2030 3184 2031 3184 2030 3185 2032 3185 2031 3185 2031 3186 2032 3186 2033 3186 2031 2257 2033 2257 2034 2257 2033 3187 2035 3187 2034 3187 2034 3188 2035 3188 2036 3188 2034 3189 2036 3189 2037 3189 2037 3190 2036 3190 2038 3190 2037 3191 2038 3191 2039 3191 2039 3192 2038 3192 2040 3192 2039 3193 2040 3193 2041 3193 2041 3194 2040 3194 2042 3194 2042 3195 2043 3195 2041 3195 2041 3196 2043 3196 2044 3196 2041 3197 2044 3197 2045 3197 2044 3198 2046 3198 2045 3198 2045 3199 2046 3199 2047 3199 2045 2241 2047 2241 2048 2241 2047 3200 2049 3200 2048 3200 2048 3201 2049 3201 2050 3201 2048 3202 2050 3202 2051 3202 2051 3203 2050 3203 2052 3203 2050 3204 2053 3204 2052 3204 2052 3205 2053 3205 2054 3205 2052 3206 2054 3206 2055 3206 2055 3207 2054 3207 2056 3207 2056 3208 2057 3208 2055 3208 2055 3209 2057 3209 2058 3209 2055 3210 2058 3210 2059 3210 2058 3211 2060 3211 2059 3211 2059 3212 2060 3212 2061 3212 2059 3213 2061 3213 2062 3213 2062 3214 2061 3214 2063 3214 2062 3215 2063 3215 2064 3215 2064 3216 2063 3216 2065 3216 2064 3217 2065 3217 2066 3217 2066 3218 2065 3218 2067 3218 2068 3219 2069 3219 2070 3219 2070 3220 2069 3220 2066 3220 2070 3221 2066 3221 2071 3221 2071 3222 2066 3222 2067 3222 2072 3223 2073 3223 2074 3223 2074 3224 2073 3224 2075 3224 2074 3225 2075 3225 2076 3225 2076 3226 2075 3226 2077 3226 2076 3227 2077 3227 2078 3227 2078 3228 2077 3228 2079 3228 2078 3229 2079 3229 2080 3229 2080 3230 2079 3230 2081 3230 2081 3231 2082 3231 2080 3231 2080 3232 2082 3232 2083 3232 2080 3233 2083 3233 2084 3233 2028 3234 2085 3234 2026 3234 2026 3235 2085 3235 2086 3235 2026 3236 2086 3236 2087 3236 2087 3237 2086 3237 2084 3237 2087 3238 2084 3238 2088 3238 2088 3239 2084 3239 2083 3239 2069 2202 2089 2202 2090 2202 2069 2201 2090 2201 2066 2201 2066 3240 2090 3240 2091 3240 2066 3241 2091 3241 2064 3241 2064 2198 2091 2198 2092 2198 2064 2197 2092 2197 2062 2197 2062 2196 2092 2196 2093 2196 2062 2195 2093 2195 2059 2195 2059 2194 2093 2194 2094 2194 2059 2194 2094 2194 2055 2194 2055 2192 2094 2192 2095 2192 2055 2192 2095 2192 2052 2192 2052 3242 2095 3242 2096 3242 2052 3243 2096 3243 2051 3243 2051 2190 2096 2190 2097 2190 2051 2189 2097 2189 2048 2189 2048 2188 2097 2188 2098 2188 2048 2187 2098 2187 2045 2187 2045 3244 2098 3244 2099 3244 2045 3245 2099 3245 2041 3245 2041 2184 2099 2184 2100 2184 2041 2183 2100 2183 2039 2183 2039 2182 2100 2182 2101 2182 2039 3246 2101 3246 2037 3246 2037 3247 2101 3247 2102 3247 2037 3248 2102 3248 2034 3248 2034 3249 2102 3249 2103 3249 2034 2177 2103 2177 2031 2177 2031 2176 2103 2176 2104 2176 2031 3250 2104 3250 2028 3250 2028 3251 2104 3251 2105 3251 2028 3252 2105 3252 2085 3252 2085 3253 2105 3253 2106 3253 2085 3254 2106 3254 2086 3254 2086 3255 2106 3255 2107 3255 2086 3256 2107 3256 2084 3256 2084 2212 2107 2212 2108 2212 2084 3257 2108 3257 2080 3257 2080 3258 2108 3258 2109 3258 2080 3259 2109 3259 2078 3259 2078 3260 2109 3260 2110 3260 2078 3261 2110 3261 2076 3261 2076 3262 2110 3262 2111 3262 2076 3263 2111 3263 2074 3263 2112 3264 2113 3264 2089 3264 2113 3265 2114 3265 2089 3265 2089 2149 2114 2149 2115 2149 2089 2150 2115 2150 2090 2150 2090 3266 2115 3266 2116 3266 2090 3267 2116 3267 2091 3267 2091 2153 2116 2153 2117 2153 2091 2154 2117 2154 2092 2154 2092 2155 2117 2155 2118 2155 2092 2156 2118 2156 2093 2156 2093 2157 2118 2157 2119 2157 2093 2158 2119 2158 2094 2158 2094 2159 2119 2159 2120 2159 2094 2159 2120 2159 2095 2159 2095 2160 2120 2160 2121 2160 2095 2161 2121 2161 2096 2161 2096 2162 2121 2162 2122 2162 2096 2163 2122 2163 2097 2163 2097 2164 2122 2164 2123 2164 2097 2165 2123 2165 2098 2165 2098 3268 2123 3268 2124 3268 2098 3269 2124 3269 2099 3269 2099 2168 2124 2168 2125 2168 2099 2169 2125 2169 2100 2169 2100 3270 2125 3270 2126 3270 2100 3271 2126 3271 2101 3271 2101 2127 2126 2127 2127 2127 2101 2128 2127 2128 2102 2128 2102 2129 2127 2129 2128 2129 2102 3272 2128 3272 2103 3272 2103 3273 2128 3273 2129 3273 2103 3274 2129 3274 2104 3274 2104 3275 2129 3275 2130 3275 2104 3276 2130 3276 2105 3276 2105 3277 2130 3277 2131 3277 2105 3278 2131 3278 2106 3278 2106 2137 2131 2137 2132 2137 2106 3279 2132 3279 2107 3279 2107 3280 2132 3280 2133 3280 2107 3281 2133 3281 2108 3281 2108 3282 2133 3282 2134 3282 2108 3283 2134 3283 2109 3283 2109 3284 2134 3284 2135 3284 2109 3285 2135 3285 2110 3285 2110 2145 2135 2145 2112 2145 2110 2146 2112 2146 2111 2146 2111 3286 2112 3286 2089 3286 2111 3287 2089 3287 2074 3287 2074 3288 2089 3288 2069 3288 2074 3289 2069 3289 2072 3289 2072 3290 2069 3290 2068 3290 2136 3291 2137 3291 2138 3291 2138 2101 2137 2101 2139 2101 2138 2102 2139 2102 2140 2102 2140 2103 2139 2103 2141 2103 2140 3292 2141 3292 2142 3292 2142 3293 2141 3293 2143 3293 2142 3294 2143 3294 2144 3294 2144 3295 2143 3295 2145 3295 2144 3296 2145 3296 2146 3296 2146 3297 2145 3297 2147 3297 2146 3298 2147 3298 2148 3298 2148 2111 2147 2111 2149 2111 2148 3299 2149 3299 2150 3299 2150 3300 2149 3300 2151 3300 2150 3301 2151 3301 2152 3301 2152 3302 2151 3302 2153 3302 2152 3303 2153 3303 2154 3303 2154 3304 2153 3304 2155 3304 2154 3305 2155 3305 2156 3305 2156 2119 2155 2119 2157 2119 2156 2120 2157 2120 2158 2120 2158 3306 2157 3306 2159 3306 2158 3307 2159 3307 2160 3307 2160 2078 2159 2078 2161 2078 2160 2079 2161 2079 2162 2079 2162 3308 2161 3308 2163 3308 2162 3309 2163 3309 2164 3309 2164 2082 2163 2082 2165 2082 2164 2083 2165 2083 2166 2083 2166 2084 2165 2084 2167 2084 2166 2085 2167 2085 2168 2085 2168 2086 2167 2086 2169 2086 2168 2087 2169 2087 2170 2087 2170 2088 2169 2088 2171 2088 2170 2088 2171 2088 2172 2088 2172 2089 2171 2089 2173 2089 2172 2090 2173 2090 2174 2090 2174 2091 2173 2091 2175 2091 2174 2092 2175 2092 2176 2092 2176 2093 2175 2093 2177 2093 2176 2094 2177 2094 2178 2094 2178 3310 2177 3310 2179 3310 2178 3311 2179 3311 2180 3311 2180 2097 2179 2097 2181 2097 2180 2098 2181 2098 2182 2098 2182 3312 2181 3312 2136 3312 2182 3313 2136 3313 2138 3313 2148 3314 2183 3314 2146 3314 2146 3315 2183 3315 2184 3315 2146 3316 2184 3316 2144 3316 2144 3317 2184 3317 2185 3317 2144 2060 2185 2060 2142 2060 2142 2059 2185 2059 2186 2059 2142 3318 2186 3318 2140 3318 2140 3319 2186 3319 2187 3319 2140 3320 2187 3320 2138 3320 2138 3321 2187 3321 2188 3321 2138 2054 2188 2054 2182 2054 2182 2053 2188 2053 2189 2053 2182 2052 2189 2052 2180 2052 2180 3322 2189 3322 2190 3322 2180 3323 2190 3323 2178 3323 2178 2049 2190 2049 2191 2049 2178 2048 2191 2048 2176 2048 2176 2047 2191 2047 2192 2047 2176 2046 2192 2046 2174 2046 2174 3324 2192 3324 2193 3324 2174 3324 2193 3324 2172 3324 2172 2043 2193 2043 2194 2043 2172 2043 2194 2043 2170 2043 2170 3325 2194 3325 2195 3325 2170 2042 2195 2042 2168 2042 2168 2041 2195 2041 2196 2041 2168 2040 2196 2040 2166 2040 2166 2039 2196 2039 2197 2039 2166 2038 2197 2038 2164 2038 2164 3326 2197 3326 2198 3326 2164 3327 2198 3327 2162 3327 2162 2035 2198 2035 2199 2035 2162 2034 2199 2034 2160 2034 2160 3328 2199 3328 2200 3328 2160 3329 2200 3329 2158 3329 2158 3330 2200 3330 2201 3330 2158 3331 2201 3331 2156 3331 2156 3332 2201 3332 2202 3332 2156 3333 2202 3333 2154 3333 2154 3334 2202 3334 2203 3334 2154 3335 2203 3335 2152 3335 2152 3336 2203 3336 2204 3336 2152 2068 2204 2068 2150 2068 2150 3337 2204 3337 2205 3337 2150 3338 2205 3338 2148 3338 2148 3339 2205 3339 2183 3339 2206 3340 2203 3340 2207 3340 2207 3341 2203 3341 2202 3341 2207 3342 2202 3342 2208 3342 2208 3343 2202 3343 2201 3343 2208 3344 2201 3344 2209 3344 2209 3345 2201 3345 2200 3345 2209 3346 2200 3346 2210 3346 2210 3347 2200 3347 2199 3347 2210 3348 2199 3348 2211 3348 2211 3349 2199 3349 2198 3349 2211 3350 2198 3350 2212 3350 2212 3351 2198 3351 2213 3351 2213 3352 2198 3352 2214 3352 2214 3353 2198 3353 2197 3353 2214 3354 2197 3354 2215 3354 2215 3355 2197 3355 2196 3355 2215 3356 2196 3356 2216 3356 2216 3357 2196 3357 2195 3357 2216 3358 2195 3358 2217 3358 2217 3359 2195 3359 2194 3359 2217 3360 2194 3360 2218 3360 2219 3361 2220 3361 2189 3361 2189 3362 2220 3362 2221 3362 2189 3363 2221 3363 2190 3363 2190 3364 2221 3364 2222 3364 2190 1993 2222 1993 2191 1993 2191 3365 2222 3365 2223 3365 2191 3366 2223 3366 2192 3366 2192 3367 2223 3367 2224 3367 2192 3368 2224 3368 2193 3368 2193 3369 2224 3369 2225 3369 2193 3370 2225 3370 2194 3370 2194 3371 2225 3371 2226 3371 2194 3372 2226 3372 2218 3372 2219 3373 2189 3373 2227 3373 2227 3374 2189 3374 2188 3374 2227 3375 2188 3375 2228 3375 2228 3376 2188 3376 2187 3376 2228 3377 2187 3377 2229 3377 2229 3378 2187 3378 2186 3378 2229 3379 2186 3379 2230 3379 2230 1979 2186 1979 2185 1979 2230 3380 2185 3380 2231 3380 2231 3381 2185 3381 2184 3381 2231 3382 2184 3382 2232 3382 2206 3383 2233 3383 2203 3383 2203 3384 2233 3384 2234 3384 2203 3385 2234 3385 2204 3385 2204 3386 2234 3386 2235 3386 2204 3387 2235 3387 2205 3387 2205 3388 2235 3388 2236 3388 2205 3389 2236 3389 2183 3389 2183 3390 2236 3390 2237 3390 2183 3391 2237 3391 2184 3391 2184 3392 2237 3392 2238 3392 2184 3393 2238 3393 2232 3393 2054 3394 2053 3394 2239 3394 2240 3395 2241 3395 2242 3395 2212 3396 2213 3396 2243 3396 2232 2528 2238 2528 2244 2528 2245 3397 2222 3397 2221 3397 2246 3398 2223 3398 2222 3398 2247 3399 2224 3399 2223 3399 2248 3400 2225 3400 2224 3400 2242 3401 2226 3401 2225 3401 2232 2527 2244 2527 2231 2527 2212 2458 2243 2458 2211 2458 2226 3402 2242 3402 2218 3402 2218 3403 2242 3403 2241 3403 2218 2444 2241 2444 2217 2444 2216 3404 2217 3404 2249 3404 2249 3405 2217 3405 2241 3405 2249 3406 2241 3406 2250 3406 2250 3407 2241 3407 2240 3407 2250 3408 2240 3408 2251 3408 2215 3409 2216 3409 2252 3409 2252 3409 2216 3409 2249 3409 2252 3410 2249 3410 2253 3410 2253 3411 2249 3411 2250 3411 2253 3412 2250 3412 2254 3412 2254 3413 2250 3413 2251 3413 2254 2431 2251 2431 2255 2431 2214 3414 2215 3414 2256 3414 2256 3415 2215 3415 2252 3415 2256 2319 2252 2319 2257 2319 2257 3416 2252 3416 2253 3416 2257 3417 2253 3417 2258 3417 2258 3418 2253 3418 2254 3418 2258 2323 2254 2323 2259 2323 2259 2323 2254 2323 2255 2323 2259 2430 2255 2430 2260 2430 2213 3419 2214 3419 2243 3419 2243 3420 2214 3420 2256 3420 2243 2324 2256 2324 2261 2324 2261 2325 2256 2325 2257 2325 2261 3421 2257 3421 2262 3421 2262 3422 2257 3422 2258 3422 2262 3423 2258 3423 2263 3423 2263 3423 2258 3423 2259 3423 2263 3424 2259 3424 2264 3424 2264 2429 2259 2429 2260 2429 2264 2428 2260 2428 2265 2428 2266 3425 2267 3425 2268 3425 2269 3426 2267 3426 2270 3426 2270 3427 2267 3427 2266 3427 2270 3428 2266 3428 2271 3428 2272 2299 2269 2299 2273 2299 2273 3429 2269 3429 2270 3429 2273 3430 2270 3430 2274 3430 2274 3431 2270 3431 2271 3431 2274 2303 2271 2303 2275 2303 2276 2307 2272 2307 2277 2307 2277 2308 2272 2308 2273 2308 2277 3432 2273 3432 2278 3432 2278 3433 2273 3433 2274 3433 2278 3434 2274 3434 2279 3434 2279 3434 2274 3434 2275 3434 2279 3435 2275 3435 2280 3435 2281 3436 2282 3436 2283 3436 2283 3437 2282 3437 2284 3437 2283 3438 2284 3438 2285 3438 2285 3439 2284 3439 2286 3439 2285 2423 2286 2423 2287 2423 2287 2423 2286 2423 2288 2423 2287 2422 2288 2422 2289 2422 2289 3440 2288 3440 2290 3440 2289 3441 2290 3441 2291 3441 2291 3442 2290 3442 2292 3442 2282 3443 2293 3443 2284 3443 2284 3444 2293 3444 2294 3444 2284 3445 2294 3445 2286 3445 2286 3446 2294 3446 2295 3446 2286 3447 2295 3447 2288 3447 2288 3447 2295 3447 2296 3447 2288 3448 2296 3448 2290 3448 2290 3449 2296 3449 2297 3449 2290 3450 2297 3450 2292 3450 2292 2410 2297 2410 2298 2410 2293 2409 2299 2409 2294 2409 2294 2408 2299 2408 2300 2408 2294 3451 2300 3451 2295 3451 2295 3452 2300 3452 2301 3452 2295 3453 2301 3453 2296 3453 2296 3453 2301 3453 2302 3453 2296 3454 2302 3454 2297 3454 2297 2403 2302 2403 2303 2403 2297 2402 2303 2402 2298 2402 2298 2401 2303 2401 2304 2401 2238 3455 2237 3455 2244 3455 2244 3456 2237 3456 2305 3456 2244 3457 2305 3457 2306 3457 2306 3458 2305 3458 2307 3458 2306 3459 2307 3459 2308 3459 2308 2397 2307 2397 2309 2397 2308 2396 2309 2396 2310 2396 2310 2396 2309 2396 2311 2396 2310 3460 2311 3460 2312 3460 2312 3461 2311 3461 2313 3461 2312 3462 2313 3462 2314 3462 2314 2392 2313 2392 2315 2392 2237 3463 2236 3463 2305 3463 2305 3464 2236 3464 2316 3464 2305 3465 2316 3465 2307 3465 2307 3466 2316 3466 2317 3466 2307 3467 2317 3467 2309 3467 2309 3468 2317 3468 2318 3468 2309 3469 2318 3469 2311 3469 2311 3469 2318 3469 2319 3469 2311 3470 2319 3470 2313 3470 2313 3471 2319 3471 2320 3471 2313 3472 2320 3472 2315 3472 2315 3473 2320 3473 2321 3473 2236 3474 2235 3474 2316 3474 2316 3475 2235 3475 2322 3475 2316 3476 2322 3476 2317 3476 2317 3477 2322 3477 2323 3477 2317 3478 2323 3478 2318 3478 2318 3479 2323 3479 2324 3479 2318 3480 2324 3480 2319 3480 2319 3480 2324 3480 2325 3480 2319 3481 2325 3481 2320 3481 2320 3482 2325 3482 2326 3482 2320 3483 2326 3483 2321 3483 2321 3484 2326 3484 2327 3484 2235 3485 2234 3485 2322 3485 2322 3486 2234 3486 2328 3486 2322 2367 2328 2367 2323 2367 2323 3487 2328 3487 2329 3487 2323 3488 2329 3488 2324 3488 2324 3489 2329 3489 2330 3489 2324 2363 2330 2363 2325 2363 2325 2363 2330 2363 2331 2363 2325 2362 2331 2362 2326 2362 2326 3490 2331 3490 2332 3490 2326 3491 2332 3491 2327 3491 2327 3492 2332 3492 2333 3492 2334 2356 2335 2356 2336 2356 2336 2355 2335 2355 2337 2355 2336 2354 2337 2354 2338 2354 2338 3493 2337 3493 2339 3493 2338 3494 2339 3494 2340 3494 2340 3494 2339 3494 2341 3494 2340 3495 2341 3495 2342 3495 2342 3496 2341 3496 2343 3496 2342 2349 2343 2349 2344 2349 2344 2348 2343 2348 2345 2348 2335 2347 2346 2347 2337 2347 2337 3497 2346 3497 2347 3497 2337 3498 2347 3498 2339 3498 2339 3499 2347 3499 2348 3499 2339 3500 2348 3500 2341 3500 2341 3500 2348 3500 2349 3500 2341 3501 2349 3501 2343 3501 2343 3502 2349 3502 2350 3502 2343 3503 2350 3503 2345 3503 2345 3504 2350 3504 2351 3504 2346 3505 2352 3505 2347 3505 2347 3506 2352 3506 2353 3506 2347 3507 2353 3507 2348 3507 2348 2335 2353 2335 2354 2335 2348 2334 2354 2334 2349 2334 2349 2334 2354 2334 2355 2334 2349 3508 2355 3508 2350 3508 2350 3509 2355 3509 2356 3509 2350 3510 2356 3510 2351 3510 2351 3511 2356 3511 2357 3511 2358 2314 2280 2314 2359 2314 2359 2313 2280 2313 2275 2313 2359 2304 2275 2304 2360 2304 2360 2303 2275 2303 2271 2303 2360 2296 2271 2296 2361 2296 2361 3512 2271 3512 2266 3512 2361 3513 2266 3513 2362 3513 2362 3514 2266 3514 2268 3514 2362 3515 2268 3515 2363 3515 2363 3516 2268 3516 2057 3516 2363 3517 2057 3517 2056 3517 2272 3518 2063 3518 2269 3518 2269 3519 2063 3519 2061 3519 2269 3520 2061 3520 2267 3520 2267 3521 2061 3521 2060 3521 2267 3522 2060 3522 2268 3522 2268 3523 2060 3523 2058 3523 2268 2285 2058 2285 2057 2285 2068 3524 2070 3524 2364 3524 2364 2577 2070 2577 2276 2577 2364 3525 2276 3525 2365 3525 2365 3526 2276 3526 2277 3526 2365 3527 2277 3527 2366 3527 2366 3528 2277 3528 2278 3528 2366 3529 2278 3529 2367 3529 2367 3529 2278 3529 2279 3529 2367 3530 2279 3530 2368 3530 2368 3531 2279 3531 2280 3531 2368 3532 2280 3532 2369 3532 2369 2568 2280 2568 2358 2568 2369 2567 2358 2567 2220 2567 2220 3533 2358 3533 2221 3533 2070 2282 2071 2282 2276 2282 2276 3534 2071 3534 2067 3534 2276 3535 2067 3535 2272 3535 2272 3536 2067 3536 2065 3536 2272 3537 2065 3537 2063 3537 2369 3538 2281 3538 2368 3538 2368 3539 2281 3539 2283 3539 2368 3540 2283 3540 2367 3540 2367 2551 2283 2551 2285 2551 2367 2552 2285 2552 2366 2552 2366 2552 2285 2552 2287 2552 2366 3541 2287 3541 2365 3541 2365 3542 2287 3542 2289 3542 2365 3543 2289 3543 2364 3543 2364 3544 2289 3544 2291 3544 2364 3545 2291 3545 2068 3545 2082 2587 2081 2587 2370 2587 2370 2586 2081 2586 2304 2586 2370 3546 2304 3546 2371 3546 2371 3547 2304 3547 2303 3547 2371 3548 2303 3548 2372 3548 2372 2540 2303 2540 2302 2540 2372 2541 2302 2541 2373 2541 2373 2541 2302 2541 2301 2541 2373 3549 2301 3549 2374 3549 2374 3550 2301 3550 2300 3550 2374 3551 2300 3551 2375 3551 2375 2544 2300 2544 2299 2544 2081 3552 2079 3552 2304 3552 2304 3553 2079 3553 2077 3553 2304 3554 2077 3554 2298 3554 2298 3555 2077 3555 2075 3555 2298 3556 2075 3556 2292 3556 2292 3557 2075 3557 2073 3557 2292 3558 2073 3558 2291 3558 2291 3559 2073 3559 2072 3559 2291 3560 2072 3560 2068 3560 2220 2546 2219 2546 2369 2546 2369 3561 2219 3561 2227 3561 2369 3562 2227 3562 2281 3562 2281 3563 2227 3563 2228 3563 2281 3564 2228 3564 2282 3564 2282 3565 2228 3565 2229 3565 2282 3566 2229 3566 2293 3566 2293 3567 2229 3567 2230 3567 2293 3568 2230 3568 2299 3568 2299 3569 2230 3569 2231 3569 2299 3569 2231 3569 2375 3569 2375 2515 2231 2515 2244 2515 2375 3570 2244 3570 2374 3570 2374 3571 2244 3571 2306 3571 2374 3572 2306 3572 2373 3572 2373 3573 2306 3573 2308 3573 2373 2520 2308 2520 2372 2520 2372 2520 2308 2520 2310 2520 2372 3574 2310 3574 2371 3574 2371 3575 2310 3575 2312 3575 2371 3576 2312 3576 2370 3576 2370 3577 2312 3577 2314 3577 2370 2525 2314 2525 2082 2525 2032 3578 2030 3578 2376 3578 2376 2503 2030 2503 2333 2503 2376 3579 2333 3579 2377 3579 2377 3580 2333 3580 2332 3580 2377 3581 2332 3581 2378 3581 2378 3582 2332 3582 2331 3582 2378 2508 2331 2508 2379 2508 2379 2508 2331 2508 2330 2508 2379 3583 2330 3583 2380 3583 2380 3584 2330 3584 2329 3584 2380 3585 2329 3585 2381 3585 2381 3586 2329 3586 2328 3586 2381 2513 2328 2513 2233 2513 2233 2537 2328 2537 2234 2537 2030 2281 2029 2281 2333 2281 2333 2275 2029 2275 2027 2275 2333 3587 2027 3587 2327 3587 2327 3588 2027 3588 2026 3588 2327 3589 2026 3589 2321 3589 2321 3590 2026 3590 2087 3590 2321 3591 2087 3591 2315 3591 2315 3592 2087 3592 2088 3592 2315 3593 2088 3593 2314 3593 2314 3594 2088 3594 2083 3594 2314 2526 2083 2526 2082 2526 2381 3595 2334 3595 2380 3595 2380 3595 2334 3595 2336 3595 2380 3596 2336 3596 2379 3596 2379 2478 2336 2478 2338 2478 2379 2479 2338 2479 2378 2479 2378 2479 2338 2479 2340 2479 2378 3597 2340 3597 2377 3597 2377 3598 2340 3598 2342 3598 2377 2483 2342 2483 2376 2483 2376 2483 2342 2483 2344 2483 2376 3599 2344 3599 2032 3599 2043 2493 2042 2493 2382 2493 2382 3600 2042 3600 2357 3600 2382 3601 2357 3601 2383 3601 2383 3602 2357 3602 2356 3602 2383 3603 2356 3603 2384 3603 2384 2466 2356 2466 2355 2466 2384 2467 2355 2467 2385 2467 2385 2467 2355 2467 2354 2467 2385 3604 2354 3604 2386 3604 2386 3605 2354 3605 2353 3605 2386 3606 2353 3606 2387 3606 2387 3607 2353 3607 2352 3607 2042 3608 2040 3608 2357 3608 2357 3609 2040 3609 2038 3609 2357 3610 2038 3610 2351 3610 2351 3611 2038 3611 2036 3611 2351 3612 2036 3612 2345 3612 2345 3613 2036 3613 2035 3613 2345 3614 2035 3614 2344 3614 2344 3615 2035 3615 2033 3615 2344 3616 2033 3616 2032 3616 2044 3617 2043 3617 2265 3617 2265 2456 2043 2456 2382 2456 2265 2455 2382 2455 2264 2455 2264 3618 2382 3618 2383 3618 2264 3619 2383 3619 2263 3619 2263 3620 2383 3620 2384 3620 2263 3621 2384 3621 2262 3621 2262 3621 2384 3621 2385 3621 2262 3622 2385 3622 2261 3622 2261 3623 2385 3623 2386 3623 2261 3624 2386 3624 2243 3624 2243 3625 2386 3625 2387 3625 2243 2446 2387 2446 2211 2446 2211 3626 2387 3626 2352 3626 2211 3627 2352 3627 2210 3627 2210 3628 2352 3628 2346 3628 2210 3629 2346 3629 2209 3629 2209 3630 2346 3630 2335 3630 2209 3631 2335 3631 2208 3631 2208 3632 2335 3632 2334 3632 2208 3633 2334 3633 2207 3633 2207 2474 2334 2474 2381 2474 2207 2474 2381 2474 2206 2474 2206 2473 2381 2473 2233 2473 2388 3634 2047 3634 2046 3634 2225 3635 2248 3635 2242 3635 2242 3636 2248 3636 2389 3636 2242 3637 2389 3637 2240 3637 2240 3638 2389 3638 2390 3638 2240 2640 2390 2640 2251 2640 2251 2629 2390 2629 2391 2629 2251 2431 2391 2431 2255 2431 2255 3639 2391 3639 2392 3639 2255 3640 2392 3640 2260 3640 2260 3641 2392 3641 2388 3641 2260 2637 2388 2637 2265 2637 2265 3642 2388 3642 2046 3642 2265 3643 2046 3643 2044 3643 2224 3644 2247 3644 2248 3644 2248 2633 2247 2633 2393 2633 2248 3645 2393 3645 2389 3645 2389 3646 2393 3646 2394 3646 2389 3647 2394 3647 2390 3647 2390 3648 2394 3648 2395 3648 2390 2629 2395 2629 2391 2629 2391 3649 2395 3649 2396 3649 2391 3650 2396 3650 2392 3650 2392 3651 2396 3651 2397 3651 2392 3652 2397 3652 2388 3652 2388 3653 2397 3653 2049 3653 2388 3654 2049 3654 2047 3654 2223 3399 2246 3399 2247 3399 2247 3655 2246 3655 2398 3655 2247 3656 2398 3656 2393 3656 2393 3657 2398 3657 2399 3657 2393 3658 2399 3658 2394 3658 2394 3659 2399 3659 2400 3659 2394 3648 2400 3648 2395 3648 2395 3660 2400 3660 2401 3660 2395 3661 2401 3661 2396 3661 2396 3662 2401 3662 2402 3662 2396 3663 2402 3663 2397 3663 2397 3664 2402 3664 2050 3664 2397 3665 2050 3665 2049 3665 2222 3666 2245 3666 2246 3666 2246 3667 2245 3667 2403 3667 2246 3668 2403 3668 2398 3668 2398 3669 2403 3669 2404 3669 2398 3670 2404 3670 2399 3670 2399 2594 2404 2594 2405 2594 2399 3659 2405 3659 2400 3659 2400 3671 2405 3671 2406 3671 2400 3672 2406 3672 2401 3672 2401 3673 2406 3673 2239 3673 2401 2602 2239 2602 2402 2602 2402 3674 2239 3674 2053 3674 2402 3675 2053 3675 2050 3675 2221 3676 2358 3676 2245 3676 2245 2598 2358 2598 2359 2598 2245 3667 2359 3667 2403 3667 2403 3677 2359 3677 2360 3677 2403 3678 2360 3678 2404 3678 2404 2296 2360 2296 2361 2296 2404 2594 2361 2594 2405 2594 2405 2593 2361 2593 2362 2593 2405 3679 2362 3679 2406 3679 2406 3680 2362 3680 2363 3680 2406 3681 2363 3681 2239 3681 2239 3682 2363 3682 2056 3682 2239 3683 2056 3683 2054 3683 2126 1055 2021 1055 2022 1055 2018 1055 2135 1055 2134 1055 2126 1055 2125 1055 2021 1055 2021 1055 2125 1055 2124 1055 2021 1055 2124 1055 2020 1055 2018 1055 2134 1055 2025 1055 2135 1055 2018 1055 2112 1055 2112 1055 2018 1055 2017 1055 2112 1055 2017 1055 2113 1055 2015 1055 2014 1055 2119 1055 2124 1055 2123 1055 2020 1055 2020 1055 2123 1055 2122 1055 2020 1055 2122 1055 2019 1055 2019 1055 2122 1055 2121 1055 2019 1055 2121 1055 2014 1055 2014 1055 2121 1055 2120 1055 2014 1055 2120 1055 2119 1055 2023 1055 2128 1055 2022 1055 2022 1055 2128 1055 2127 1055 2022 1055 2127 1055 2126 1055 2024 1055 2130 1055 2023 1055 2023 1055 2130 1055 2129 1055 2023 1055 2129 1055 2128 1055 2134 1055 2133 1055 2025 1055 2025 1055 2133 1055 2132 1055 2025 1055 2132 1055 2024 1055 2024 1055 2132 1055 2131 1055 2024 1055 2131 1055 2130 1055 2119 1055 2118 1055 2015 1055 2015 1055 2118 1055 2117 1055 2015 1055 2117 1055 2016 1055 2117 1055 2116 1055 2016 1055 2016 1055 2116 1055 2115 1055 2016 1055 2115 1055 2017 1055 2017 1055 2115 1055 2114 1055 2017 1055 2114 1055 2113 1055 2145 773 823 773 824 773 825 773 2149 773 824 773 824 773 2149 773 2147 773 824 773 2147 773 2145 773 2136 773 833 773 2137 773 2137 773 833 773 832 773 2145 773 2143 773 823 773 823 773 2143 773 2141 773 823 773 2141 773 832 773 832 773 2141 773 2139 773 832 773 2139 773 2137 773 826 773 2153 773 825 773 825 773 2153 773 2151 773 825 773 2151 773 2149 773 827 773 2157 773 826 773 826 773 2157 773 2155 773 826 773 2155 773 2153 773 828 773 2161 773 827 773 827 773 2161 773 2159 773 827 773 2159 773 2157 773 831 773 2171 773 830 773 830 773 2171 773 2169 773 830 773 2169 773 829 773 2169 773 2167 773 829 773 829 773 2167 773 2165 773 829 773 2165 773 828 773 828 773 2165 773 2163 773 828 773 2163 773 2161 773 834 773 2175 773 831 773 831 773 2175 773 2173 773 831 773 2173 773 2171 773 2136 773 2181 773 833 773 833 773 2181 773 2179 773 833 773 2179 773 834 773 834 773 2179 773 2177 773 834 773 2177 773 2175 773 2407 3684 221 3684 2408 3684 2408 3684 221 3684 219 3684 2408 3685 219 3685 2409 3685 2409 3684 219 3684 215 3684 2409 3685 215 3685 2410 3685 2410 3684 215 3684 217 3684 2410 3684 217 3684 667 3684 670 3684 169 3684 2411 3684 2411 3684 169 3684 167 3684 2411 3685 167 3685 2412 3685 2412 3684 167 3684 163 3684 2412 3685 163 3685 2413 3685 2413 3684 163 3684 165 3684 2413 3684 165 3684 703 3684 706 3684 3 3684 2414 3684 2414 3684 3 3684 1 3684 2414 3685 1 3685 2415 3685 2415 3684 1 3684 21 3684 2415 3685 21 3685 2416 3685 2416 3684 21 3684 23 3684 2416 3684 23 3684 2417 3684 2418 3684 195 3684 2419 3684 2419 3684 195 3684 193 3684 2419 3685 193 3685 2420 3685 2420 3684 193 3684 189 3684 2420 3685 189 3685 2421 3685 2421 3684 189 3684 191 3684 2421 3684 191 3684 2422 3684 2423 3686 2417 3686 23 3686 534 3687 117 3687 2424 3687 195 3688 2418 3688 2425 3688 2426 3689 580 3689 579 3689 2426 3690 579 3690 2425 3690 2425 3691 579 3691 577 3691 2425 3692 577 3692 195 3692 195 3693 577 3693 629 3693 195 3694 629 3694 194 3694 194 3695 629 3695 628 3695 194 3696 628 3696 192 3696 117 3697 571 3697 2424 3697 2424 3698 571 3698 572 3698 2424 3699 572 3699 2426 3699 2426 3700 572 3700 573 3700 2426 3701 573 3701 580 3701 534 3702 2424 3702 533 3702 533 3703 2424 3703 2427 3703 533 3704 2427 3704 527 3704 20 3705 605 3705 22 3705 22 3706 605 3706 604 3706 22 3707 604 3707 23 3707 23 3708 604 3708 530 3708 23 3709 530 3709 2423 3709 2423 3710 530 3710 529 3710 2423 3711 529 3711 2427 3711 2427 3712 529 3712 528 3712 2427 3713 528 3713 527 3713 2428 3714 2422 3714 191 3714 570 3715 125 3715 2429 3715 221 3716 2407 3716 2430 3716 2431 3717 562 3717 561 3717 2431 3718 561 3718 2430 3718 2430 3719 561 3719 559 3719 2430 3720 559 3720 221 3720 221 3721 559 3721 615 3721 221 3722 615 3722 220 3722 220 3723 615 3723 614 3723 220 3724 614 3724 218 3724 125 3725 550 3725 2429 3725 2429 3726 550 3726 551 3726 2429 3727 551 3727 2431 3727 2431 3728 551 3728 552 3728 2431 3729 552 3729 562 3729 570 3730 2429 3730 569 3730 569 3731 2429 3731 2432 3731 569 3732 2432 3732 563 3732 188 3733 631 3733 190 3733 190 3734 631 3734 630 3734 190 3735 630 3735 191 3735 191 3736 630 3736 566 3736 191 3737 566 3737 2428 3737 2428 3738 566 3738 565 3738 2428 3739 565 3739 2432 3739 2432 3740 565 3740 564 3740 2432 3741 564 3741 563 3741 2433 3742 2434 3742 2435 3742 2435 3743 2434 3743 2436 3743 2433 3744 2437 3744 2434 3744 2434 3745 2437 3745 2438 3745 2434 3746 2438 3746 2439 3746 2439 3747 2438 3747 2440 3747 2440 3748 2441 3748 2439 3748 2439 3749 2441 3749 2442 3749 2439 3750 2442 3750 2443 3750 2443 3751 2442 3751 2444 3751 2445 3752 2446 3752 2447 3752 2445 3753 2447 3753 2448 3753 2448 3754 2447 3754 2449 3754 2449 3755 2447 3755 2450 3755 2449 3756 2450 3756 2451 3756 2452 3757 2453 3757 2454 3757 2454 3758 2453 3758 2455 3758 2454 3759 2455 3759 2456 3759 2446 3760 2452 3760 2447 3760 2447 3761 2452 3761 2454 3761 2447 3762 2454 3762 2457 3762 2457 3763 2454 3763 2434 3763 2457 3764 2434 3764 2458 3764 2458 3765 2434 3765 2439 3765 2459 3766 2460 3766 2461 3766 2462 3767 2463 3767 2464 3767 2465 3768 2466 3768 2467 3768 2467 3769 2466 3769 2468 3769 2465 3770 2467 3770 2469 3770 2469 3771 2467 3771 2470 3771 2469 3772 2470 3772 2471 3772 2471 3773 2470 3773 2472 3773 2471 3774 2472 3774 2473 3774 2460 3775 2462 3775 2461 3775 2461 3776 2462 3776 2464 3776 2461 3777 2464 3777 2472 3777 2472 3778 2464 3778 2474 3778 2472 3779 2474 3779 2473 3779 2475 3780 2476 3780 2477 3780 2477 3781 2476 3781 2459 3781 2478 3782 2479 3782 2480 3782 2480 3783 2481 3783 2478 3783 2478 3784 2481 3784 2482 3784 2478 3785 2482 3785 2483 3785 2483 3786 2484 3786 2478 3786 2478 3787 2484 3787 2485 3787 2478 3788 2485 3788 2475 3788 2479 3789 2478 3789 2486 3789 2486 3790 2478 3790 2487 3790 2486 3791 2487 3791 2488 3791 2488 3792 2487 3792 2489 3792 2488 3793 2489 3793 2490 3793 2490 3794 2489 3794 2491 3794 2490 3795 2491 3795 2492 3795 2491 3796 2493 3796 2494 3796 2492 3797 2491 3797 2495 3797 2495 3798 2491 3798 2494 3798 2495 3799 2494 3799 2496 3799 2497 3800 2498 3800 2499 3800 2499 3801 2498 3801 2500 3801 2499 3802 2500 3802 2501 3802 2468 3803 2502 3803 2467 3803 2467 3804 2502 3804 2503 3804 2467 3805 2503 3805 2504 3805 2475 3806 2477 3806 2478 3806 2478 3807 2477 3807 2505 3807 2478 3808 2505 3808 2487 3808 2487 3809 2505 3809 2506 3809 2487 3810 2506 3810 2489 3810 2489 3811 2506 3811 2499 3811 2489 3812 2499 3812 2491 3812 2491 3813 2499 3813 2501 3813 2491 3814 2501 3814 2493 3814 2459 3815 2461 3815 2477 3815 2477 3816 2461 3816 2472 3816 2477 3817 2472 3817 2505 3817 2505 3818 2472 3818 2470 3818 2505 3819 2470 3819 2506 3819 2506 3820 2470 3820 2467 3820 2506 3821 2467 3821 2499 3821 2499 3822 2467 3822 2504 3822 2499 3823 2504 3823 2497 3823 2507 3824 2508 3824 2509 3824 2510 3825 2511 3825 2512 3825 2513 3826 2514 3826 2515 3826 2515 3827 2514 3827 2516 3827 2515 3828 2516 3828 2517 3828 2517 3829 2516 3829 2518 3829 2517 3830 2518 3830 2519 3830 2512 3831 2511 3831 2520 3831 2509 3832 2508 3832 2521 3832 2507 3833 2509 3833 2522 3833 2522 3834 2509 3834 2523 3834 2522 3835 2523 3835 2524 3835 2524 3836 2523 3836 2525 3836 2524 3837 2525 3837 2526 3837 2511 3838 2527 3838 2520 3838 2520 3839 2527 3839 2528 3839 2520 3839 2528 3839 2529 3839 2529 3840 2528 3840 2530 3840 2529 3841 2530 3841 2531 3841 2531 3842 2530 3842 2532 3842 2531 3843 2532 3843 2533 3843 2519 3844 2518 3844 2533 3844 2533 3845 2518 3845 2534 3845 2533 3846 2534 3846 2531 3846 2531 3847 2534 3847 2535 3847 2531 3848 2535 3848 2529 3848 2529 3849 2535 3849 2536 3849 2529 3849 2536 3849 2520 3849 2520 3850 2536 3850 2521 3850 2520 3851 2521 3851 2512 3851 2512 3852 2521 3852 2508 3852 2512 3853 2508 3853 2510 3853 2537 3684 2538 3684 2539 3684 2540 3684 2541 3684 2542 3684 2542 3684 2541 3684 2538 3684 2542 3684 2538 3684 2543 3684 2543 3684 2538 3684 2537 3684 2544 3684 2545 3684 2546 3684 2546 3684 2545 3684 2547 3684 2548 3684 2549 3684 2550 3684 2550 3684 2549 3684 2551 3684 2552 3684 2553 3684 2554 3684 2536 3684 2535 3684 2555 3684 2555 3684 2535 3684 2556 3684 2557 3684 2509 3684 2555 3684 2555 3684 2509 3684 2521 3684 2555 3684 2521 3684 2536 3684 2558 3684 2559 3684 2560 3684 2560 3684 2559 3684 2561 3684 2560 3684 2561 3684 2539 3684 2539 3684 2561 3684 2562 3684 2539 3684 2562 3684 2537 3684 2558 3684 2560 3684 2563 3684 2563 3684 2560 3684 2564 3684 2563 3684 2564 3684 2565 3684 2545 3684 2566 3684 2547 3684 2547 3684 2566 3684 2567 3684 2547 3684 2567 3684 2564 3684 2564 3685 2567 3685 2568 3685 2564 3684 2568 3684 2565 3684 2569 3684 2570 3684 2571 3684 2571 3684 2570 3684 2551 3684 2571 3684 2551 3684 2572 3684 2572 3684 2551 3684 2549 3684 2552 3684 2554 3684 2573 3684 2535 3684 2534 3684 2556 3684 2556 3684 2534 3684 2518 3684 2556 3684 2518 3684 2574 3684 2540 3684 2526 3684 2541 3684 2541 3685 2526 3685 2525 3685 2541 3684 2525 3684 2557 3684 2557 3684 2525 3684 2523 3684 2557 3684 2523 3684 2509 3684 2544 3684 2546 3684 2575 3684 2575 3684 2546 3684 2576 3684 2575 3684 2576 3684 2577 3684 2578 3684 2579 3684 2576 3684 2576 3684 2579 3684 2580 3684 2576 3684 2580 3684 2577 3684 2554 3684 2581 3684 2573 3684 2573 3684 2581 3684 2582 3684 2573 3685 2582 3685 2550 3685 2550 3684 2582 3684 2583 3684 2550 3684 2583 3684 2548 3684 2518 3684 2516 3684 2574 3684 2574 3684 2516 3684 2514 3684 2574 3684 2514 3684 2552 3684 2552 3685 2514 3685 2513 3685 2552 3684 2513 3684 2553 3684 2569 3684 2584 3684 2570 3684 2570 3685 2584 3685 2585 3685 2570 3684 2585 3684 2578 3684 2578 3684 2585 3684 2586 3684 2578 3684 2586 3684 2579 3684 2587 3854 2588 3854 2589 3854 2587 3855 2589 3855 2590 3855 2590 3856 2589 3856 2591 3856 2591 3857 2589 3857 2592 3857 2591 3858 2592 3858 2593 3858 2594 3859 2595 3859 2596 3859 2596 3860 2595 3860 2597 3860 2596 3861 2597 3861 2598 3861 2599 3862 2600 3862 2601 3862 2601 3863 2600 3863 2602 3863 2599 3864 2603 3864 2600 3864 2600 3865 2603 3865 2604 3865 2600 3866 2604 3866 2605 3866 2605 3867 2604 3867 2606 3867 2606 3868 2607 3868 2605 3868 2605 3869 2607 3869 2608 3869 2605 3870 2608 3870 2609 3870 2609 3871 2608 3871 2610 3871 2588 3872 2594 3872 2589 3872 2589 3873 2594 3873 2596 3873 2589 3874 2596 3874 2611 3874 2611 3875 2596 3875 2600 3875 2611 3876 2600 3876 2612 3876 2612 3877 2600 3877 2605 3877 2613 3878 2614 3878 2615 3878 2613 3879 2615 3879 2616 3879 2616 3880 2615 3880 2617 3880 2617 3881 2615 3881 2618 3881 2617 3882 2618 3882 2619 3882 2620 3883 2621 3883 2622 3883 2622 3884 2621 3884 2623 3884 2622 3885 2623 3885 2624 3885 2625 3886 2626 3886 2627 3886 2627 3887 2626 3887 2628 3887 2625 3888 2629 3888 2626 3888 2626 3889 2629 3889 2630 3889 2626 3890 2630 3890 2631 3890 2631 3891 2630 3891 2632 3891 2632 3892 2633 3892 2631 3892 2631 3893 2633 3893 2634 3893 2631 3894 2634 3894 2635 3894 2635 3895 2634 3895 2636 3895 2614 3896 2620 3896 2615 3896 2615 3897 2620 3897 2622 3897 2615 3898 2622 3898 2637 3898 2637 3899 2622 3899 2626 3899 2637 3900 2626 3900 2638 3900 2638 3901 2626 3901 2631 3901 2639 3902 2640 3902 2641 3902 2639 3903 2641 3903 2642 3903 2642 3904 2641 3904 2643 3904 2643 3905 2641 3905 2644 3905 2643 3906 2644 3906 2645 3906 2646 3907 2647 3907 2648 3907 2648 3908 2647 3908 2649 3908 2648 3909 2649 3909 2650 3909 2651 3910 2652 3910 2653 3910 2653 3911 2652 3911 2654 3911 2651 3912 2655 3912 2652 3912 2652 3913 2655 3913 2656 3913 2652 3914 2656 3914 2657 3914 2657 3915 2656 3915 2658 3915 2658 3916 2659 3916 2657 3916 2657 3917 2659 3917 2660 3917 2657 3918 2660 3918 2661 3918 2661 3919 2660 3919 2662 3919 2640 3920 2646 3920 2641 3920 2641 3921 2646 3921 2648 3921 2641 3922 2648 3922 2663 3922 2663 3923 2648 3923 2652 3923 2663 3924 2652 3924 2664 3924 2664 3925 2652 3925 2657 3925 2665 3926 2666 3926 2667 3926 2668 3927 2669 3927 2670 3927 2670 3928 2669 3928 2665 3928 2671 3929 2672 3929 2673 3929 2673 3930 2672 3930 2668 3930 2674 3931 2675 3931 2676 3931 2676 3932 2677 3932 2674 3932 2674 3933 2677 3933 2678 3933 2674 3934 2678 3934 2679 3934 2679 3935 2680 3935 2674 3935 2674 3936 2680 3936 2681 3936 2674 3937 2681 3937 2671 3937 2675 3938 2674 3938 2682 3938 2682 3939 2674 3939 2683 3939 2682 3940 2683 3940 2684 3940 2684 3941 2683 3941 2685 3941 2684 3942 2685 3942 2686 3942 2686 3943 2685 3943 2687 3943 2686 3944 2687 3944 2688 3944 2687 3945 2689 3945 2690 3945 2688 3946 2687 3946 2691 3946 2691 3947 2687 3947 2690 3947 2691 3948 2690 3948 2692 3948 2693 3949 2694 3949 2695 3949 2695 3950 2694 3950 2696 3950 2695 3951 2696 3951 2697 3951 2698 3952 2699 3952 2700 3952 2700 3953 2699 3953 2701 3953 2700 3954 2701 3954 2702 3954 2665 3955 2667 3955 2670 3955 2670 3956 2667 3956 2703 3956 2670 3957 2703 3957 2704 3957 2704 3958 2703 3958 2705 3958 2704 3959 2705 3959 2706 3959 2706 3960 2705 3960 2707 3960 2706 3961 2707 3961 2700 3961 2700 3962 2707 3962 2708 3962 2700 3963 2708 3963 2698 3963 2671 3964 2673 3964 2674 3964 2674 3965 2673 3965 2709 3965 2674 3966 2709 3966 2683 3966 2683 3967 2709 3967 2710 3967 2683 3968 2710 3968 2685 3968 2685 3969 2710 3969 2695 3969 2685 3970 2695 3970 2687 3970 2687 3971 2695 3971 2697 3971 2687 3972 2697 3972 2689 3972 2668 3973 2670 3973 2673 3973 2673 3974 2670 3974 2704 3974 2673 3975 2704 3975 2709 3975 2709 3976 2704 3976 2706 3976 2709 3977 2706 3977 2710 3977 2710 3978 2706 3978 2700 3978 2710 3979 2700 3979 2695 3979 2695 3980 2700 3980 2702 3980 2695 3981 2702 3981 2693 3981 2711 3982 2712 3982 2713 3982 2714 3983 2715 3983 2716 3983 2716 3984 2715 3984 2711 3984 2717 3985 2718 3985 2719 3985 2719 3986 2718 3986 2714 3986 2720 3987 2721 3987 2722 3987 2722 3988 2723 3988 2720 3988 2720 3989 2723 3989 2724 3989 2720 3990 2724 3990 2725 3990 2725 3991 2726 3991 2720 3991 2720 3992 2726 3992 2727 3992 2720 3993 2727 3993 2717 3993 2721 3994 2720 3994 2728 3994 2728 3995 2720 3995 2729 3995 2728 3996 2729 3996 2730 3996 2730 3997 2729 3997 2731 3997 2730 3998 2731 3998 2732 3998 2732 3999 2731 3999 2733 3999 2732 4000 2733 4000 2734 4000 2733 4001 2735 4001 2736 4001 2734 4002 2733 4002 2737 4002 2737 4003 2733 4003 2736 4003 2737 4004 2736 4004 2738 4004 2739 4005 2740 4005 2741 4005 2741 4006 2740 4006 2742 4006 2741 4007 2742 4007 2743 4007 2744 4008 2745 4008 2746 4008 2746 4009 2745 4009 2747 4009 2746 4010 2747 4010 2748 4010 2711 4011 2713 4011 2716 4011 2716 4012 2713 4012 2749 4012 2716 4013 2749 4013 2750 4013 2750 4014 2749 4014 2751 4014 2750 4015 2751 4015 2752 4015 2752 4016 2751 4016 2753 4016 2752 4017 2753 4017 2746 4017 2746 4018 2753 4018 2754 4018 2746 4019 2754 4019 2744 4019 2717 4020 2719 4020 2720 4020 2720 4021 2719 4021 2755 4021 2720 4022 2755 4022 2729 4022 2729 4023 2755 4023 2756 4023 2729 4024 2756 4024 2731 4024 2731 4025 2756 4025 2741 4025 2731 4026 2741 4026 2733 4026 2733 4027 2741 4027 2743 4027 2733 4028 2743 4028 2735 4028 2714 4029 2716 4029 2719 4029 2719 4030 2716 4030 2750 4030 2719 4031 2750 4031 2755 4031 2755 4032 2750 4032 2752 4032 2755 4033 2752 4033 2756 4033 2756 4034 2752 4034 2746 4034 2756 4035 2746 4035 2741 4035 2741 4036 2746 4036 2748 4036 2741 4037 2748 4037 2739 4037 2757 4038 2758 4038 2759 4038 2760 4039 2761 4039 2762 4039 2763 4040 2764 4040 2765 4040 2763 4041 2765 4041 2766 4041 2766 4042 2765 4042 2767 4042 2767 4043 2765 4043 2768 4043 2767 4044 2768 4044 2769 4044 2769 4045 2768 4045 2770 4045 2769 4046 2770 4046 2771 4046 2758 4047 2760 4047 2759 4047 2759 4048 2760 4048 2762 4048 2759 4049 2762 4049 2770 4049 2770 4050 2762 4050 2772 4050 2770 4051 2772 4051 2771 4051 2773 4052 2774 4052 2775 4052 2775 4053 2774 4053 2757 4053 2776 4054 2777 4054 2778 4054 2778 4055 2779 4055 2776 4055 2776 4056 2779 4056 2780 4056 2776 4057 2780 4057 2781 4057 2781 4058 2782 4058 2776 4058 2776 4059 2782 4059 2783 4059 2776 4060 2783 4060 2773 4060 2777 4061 2776 4061 2784 4061 2784 4062 2776 4062 2785 4062 2784 4063 2785 4063 2786 4063 2786 4064 2785 4064 2787 4064 2786 4065 2787 4065 2788 4065 2788 4066 2787 4066 2789 4066 2788 4067 2789 4067 2790 4067 2789 4068 2791 4068 2792 4068 2790 4069 2789 4069 2793 4069 2793 4070 2789 4070 2792 4070 2793 4071 2792 4071 2794 4071 2795 4072 2796 4072 2797 4072 2797 4073 2796 4073 2798 4073 2799 4074 2800 4074 2796 4074 2796 4075 2800 4075 2801 4075 2796 4076 2801 4076 2798 4076 2773 4077 2775 4077 2776 4077 2776 4078 2775 4078 2802 4078 2776 4079 2802 4079 2785 4079 2785 4080 2802 4080 2803 4080 2785 4081 2803 4081 2787 4081 2787 4082 2803 4082 2796 4082 2787 4083 2796 4083 2789 4083 2789 4084 2796 4084 2795 4084 2789 4085 2795 4085 2791 4085 2757 4086 2759 4086 2775 4086 2775 4087 2759 4087 2770 4087 2775 4088 2770 4088 2802 4088 2802 4089 2770 4089 2768 4089 2802 4090 2768 4090 2803 4090 2803 4091 2768 4091 2765 4091 2803 4092 2765 4092 2796 4092 2796 4093 2765 4093 2764 4093 2796 4094 2764 4094 2799 4094 2804 4095 2451 4095 2450 4095 2443 4096 2444 4096 2805 4096 2805 4097 2444 4097 2806 4097 2443 4098 2805 4098 2439 4098 2439 4099 2805 4099 2807 4099 2439 4100 2807 4100 2458 4100 2458 4101 2807 4101 2808 4101 2458 4102 2808 4102 2457 4102 2809 4103 2804 4103 2810 4103 2810 4104 2804 4104 2450 4104 2810 4105 2450 4105 2808 4105 2808 4106 2450 4106 2447 4106 2808 4107 2447 4107 2457 4107 2811 4108 2812 4108 2813 4108 2814 4109 2815 4109 2816 4109 2814 4110 2816 4110 2817 4110 2815 4111 2818 4111 2816 4111 2816 4112 2818 4112 2819 4112 2816 4113 2819 4113 2820 4113 2821 4114 2822 4114 2823 4114 2823 4115 2822 4115 2824 4115 2823 4116 2824 4116 2825 4116 2825 4117 2824 4117 2826 4117 2825 4118 2826 4118 2827 4118 2827 4119 2826 4119 2828 4119 2827 4120 2828 4120 2816 4120 2816 4121 2828 4121 2829 4121 2816 4122 2829 4122 2817 4122 2830 4123 2821 4123 2831 4123 2831 4124 2821 4124 2823 4124 2831 4125 2823 4125 2832 4125 2832 4126 2823 4126 2833 4126 2834 4127 2833 4127 2835 4127 2836 4128 2837 4128 2835 4128 2835 4129 2837 4129 2838 4129 2835 4130 2838 4130 2834 4130 2806 4131 2839 4131 2805 4131 2805 4132 2839 4132 2840 4132 2805 4133 2840 4133 2836 4133 2836 4134 2835 4134 2805 4134 2805 4135 2835 4135 2841 4135 2805 4136 2841 4136 2807 4136 2807 4137 2841 4137 2842 4137 2807 4138 2842 4138 2808 4138 2808 4139 2842 4139 2811 4139 2808 4140 2811 4140 2810 4140 2810 4141 2811 4141 2813 4141 2810 4142 2813 4142 2809 4142 2833 4143 2823 4143 2835 4143 2835 4144 2823 4144 2825 4144 2835 4145 2825 4145 2841 4145 2841 4146 2825 4146 2827 4146 2841 4147 2827 4147 2842 4147 2842 4148 2827 4148 2816 4148 2842 4149 2816 4149 2811 4149 2811 4150 2816 4150 2820 4150 2811 4151 2820 4151 2812 4151 2843 4152 2593 4152 2592 4152 2844 4153 2845 4153 2846 4153 2847 4154 2848 4154 2849 4154 2847 4155 2849 4155 2850 4155 2848 4156 2851 4156 2849 4156 2849 4157 2851 4157 2852 4157 2849 4158 2852 4158 2853 4158 2854 4159 2855 4159 2856 4159 2856 4160 2855 4160 2857 4160 2856 4161 2857 4161 2858 4161 2858 4162 2857 4162 2859 4162 2858 4163 2859 4163 2860 4163 2860 4164 2859 4164 2861 4164 2860 4165 2861 4165 2849 4165 2849 4166 2861 4166 2862 4166 2849 4167 2862 4167 2850 4167 2863 4168 2854 4168 2864 4168 2864 4169 2854 4169 2856 4169 2864 4170 2856 4170 2865 4170 2865 4171 2856 4171 2866 4171 2867 4172 2866 4172 2868 4172 2869 4173 2870 4173 2868 4173 2868 4174 2870 4174 2871 4174 2868 4175 2871 4175 2867 4175 2872 4176 2873 4176 2874 4176 2874 4177 2873 4177 2869 4177 2609 4178 2610 4178 2874 4178 2874 4179 2610 4179 2875 4179 2874 4180 2875 4180 2872 4180 2609 4181 2874 4181 2605 4181 2605 4182 2874 4182 2876 4182 2605 4183 2876 4183 2612 4183 2612 4184 2876 4184 2877 4184 2612 4185 2877 4185 2611 4185 2878 4186 2843 4186 2879 4186 2879 4187 2843 4187 2592 4187 2879 4188 2592 4188 2877 4188 2877 4189 2592 4189 2589 4189 2877 4190 2589 4190 2611 4190 2869 4191 2868 4191 2874 4191 2874 4192 2868 4192 2880 4192 2874 4193 2880 4193 2876 4193 2876 4194 2880 4194 2881 4194 2876 4195 2881 4195 2877 4195 2877 4196 2881 4196 2844 4196 2877 4197 2844 4197 2879 4197 2879 4198 2844 4198 2846 4198 2879 4199 2846 4199 2878 4199 2866 4200 2856 4200 2868 4200 2868 4201 2856 4201 2858 4201 2868 4202 2858 4202 2880 4202 2880 4203 2858 4203 2860 4203 2880 4204 2860 4204 2881 4204 2881 4205 2860 4205 2849 4205 2881 4206 2849 4206 2844 4206 2844 4207 2849 4207 2853 4207 2844 4208 2853 4208 2845 4208 2882 4209 2645 4209 2644 4209 2883 4210 2884 4210 2885 4210 2886 4211 2887 4211 2888 4211 2886 4212 2888 4212 2889 4212 2887 4213 2890 4213 2888 4213 2888 4214 2890 4214 2891 4214 2888 4215 2891 4215 2892 4215 2893 4216 2894 4216 2895 4216 2895 4217 2894 4217 2896 4217 2895 4218 2896 4218 2897 4218 2897 4219 2896 4219 2898 4219 2897 4220 2898 4220 2899 4220 2899 4221 2898 4221 2900 4221 2899 4222 2900 4222 2888 4222 2888 4223 2900 4223 2901 4223 2888 4224 2901 4224 2889 4224 2902 4225 2893 4225 2903 4225 2903 4226 2893 4226 2895 4226 2903 4227 2895 4227 2904 4227 2904 4228 2895 4228 2905 4228 2906 4229 2905 4229 2907 4229 2908 4230 2909 4230 2907 4230 2907 4231 2909 4231 2910 4231 2907 4232 2910 4232 2906 4232 2911 4233 2912 4233 2913 4233 2913 4234 2912 4234 2908 4234 2661 4235 2662 4235 2913 4235 2913 4236 2662 4236 2914 4236 2913 4237 2914 4237 2911 4237 2661 4238 2913 4238 2657 4238 2657 4239 2913 4239 2915 4239 2657 4240 2915 4240 2664 4240 2664 4241 2915 4241 2916 4241 2664 4242 2916 4242 2663 4242 2917 4243 2882 4243 2918 4243 2918 4244 2882 4244 2644 4244 2918 4245 2644 4245 2916 4245 2916 4246 2644 4246 2641 4246 2916 4247 2641 4247 2663 4247 2908 4248 2907 4248 2913 4248 2913 4249 2907 4249 2919 4249 2913 4250 2919 4250 2915 4250 2915 4251 2919 4251 2920 4251 2915 4252 2920 4252 2916 4252 2916 4253 2920 4253 2883 4253 2916 4254 2883 4254 2918 4254 2918 4255 2883 4255 2885 4255 2918 4256 2885 4256 2917 4256 2905 4257 2895 4257 2907 4257 2907 4258 2895 4258 2897 4258 2907 4259 2897 4259 2919 4259 2919 4260 2897 4260 2899 4260 2919 4261 2899 4261 2920 4261 2920 4262 2899 4262 2888 4262 2920 4263 2888 4263 2883 4263 2883 4264 2888 4264 2892 4264 2883 4265 2892 4265 2884 4265 2921 4266 2619 4266 2618 4266 2635 4267 2636 4267 2922 4267 2922 4268 2636 4268 2923 4268 2922 4269 2923 4269 2924 4269 2635 4270 2922 4270 2631 4270 2631 4271 2922 4271 2925 4271 2631 4272 2925 4272 2638 4272 2638 4273 2925 4273 2926 4273 2638 4274 2926 4274 2637 4274 2927 4275 2921 4275 2928 4275 2928 4276 2921 4276 2618 4276 2928 4277 2618 4277 2926 4277 2926 4278 2618 4278 2615 4278 2926 4279 2615 4279 2637 4279 2929 4280 2930 4280 2931 4280 2932 4281 2933 4281 2934 4281 2932 4282 2934 4282 2935 4282 2933 4283 2936 4283 2934 4283 2934 4284 2936 4284 2937 4284 2934 4285 2937 4285 2938 4285 2939 4286 2940 4286 2941 4286 2941 4287 2940 4287 2942 4287 2941 4288 2942 4288 2943 4288 2943 4289 2942 4289 2944 4289 2943 4290 2944 4290 2945 4290 2945 4291 2944 4291 2946 4291 2945 4292 2946 4292 2934 4292 2934 4293 2946 4293 2947 4293 2934 4294 2947 4294 2935 4294 2948 4295 2939 4295 2949 4295 2949 4296 2939 4296 2941 4296 2949 4297 2941 4297 2950 4297 2950 4298 2941 4298 2951 4298 2951 4299 2952 4299 2953 4299 2953 4300 2952 4300 2954 4300 2924 4301 2955 4301 2952 4301 2955 4302 2956 4302 2952 4302 2952 4303 2956 4303 2957 4303 2952 4304 2957 4304 2954 4304 2924 4305 2952 4305 2922 4305 2922 4306 2952 4306 2958 4306 2922 4307 2958 4307 2925 4307 2925 4308 2958 4308 2959 4308 2925 4309 2959 4309 2926 4309 2926 4310 2959 4310 2929 4310 2926 4311 2929 4311 2928 4311 2928 4312 2929 4312 2931 4312 2928 4313 2931 4313 2927 4313 2951 4314 2941 4314 2952 4314 2952 4315 2941 4315 2943 4315 2952 4316 2943 4316 2958 4316 2958 4317 2943 4317 2945 4317 2958 4318 2945 4318 2959 4318 2959 4319 2945 4319 2934 4319 2959 4320 2934 4320 2929 4320 2929 4321 2934 4321 2938 4321 2929 4322 2938 4322 2930 4322 2960 4323 2961 4323 2558 4323 2962 4324 2963 4324 2964 4324 2964 4325 2963 4325 2965 4325 2558 4326 2961 4326 2559 4326 2960 4327 2558 4327 2966 4327 2966 4328 2558 4328 2563 4328 2966 4329 2563 4329 2967 4329 2967 4330 2563 4330 2565 4330 2967 4331 2565 4331 2568 4331 2526 4332 2540 4332 2968 4332 2968 4333 2540 4333 2542 4333 2968 4334 2542 4334 2969 4334 2969 4335 2542 4335 2543 4335 2969 4336 2543 4336 2970 4336 2963 4337 2971 4337 2965 4337 2965 4338 2971 4338 2972 4338 2965 4338 2972 4338 2973 4338 2973 4339 2972 4339 2974 4339 2973 4340 2974 4340 2975 4340 2975 4341 2974 4341 2976 4341 2975 4342 2976 4342 2977 4342 2970 4343 2543 4343 2977 4343 2977 4344 2543 4344 2537 4344 2977 4345 2537 4345 2975 4345 2975 4346 2537 4346 2562 4346 2975 4347 2562 4347 2973 4347 2973 4348 2562 4348 2561 4348 2973 4348 2561 4348 2965 4348 2965 4349 2561 4349 2559 4349 2965 4350 2559 4350 2964 4350 2964 4351 2559 4351 2961 4351 2964 4352 2961 4352 2962 4352 2978 4353 2979 4353 2581 4353 2980 4354 2981 4354 2982 4354 2584 4355 2569 4355 2983 4355 2983 4356 2569 4356 2571 4356 2983 4357 2571 4357 2984 4357 2984 4358 2571 4358 2572 4358 2984 4359 2572 4359 2985 4359 2982 4360 2981 4360 2986 4360 2581 4361 2979 4361 2582 4361 2978 4362 2581 4362 2987 4362 2987 4363 2581 4363 2554 4363 2987 4364 2554 4364 2988 4364 2988 4365 2554 4365 2553 4365 2988 4366 2553 4366 2513 4366 2981 4367 2989 4367 2986 4367 2986 4368 2989 4368 2990 4368 2986 4369 2990 4369 2991 4369 2991 4370 2990 4370 2992 4370 2991 4371 2992 4371 2993 4371 2993 4372 2992 4372 2994 4372 2993 4373 2994 4373 2995 4373 2985 4374 2572 4374 2995 4374 2995 4375 2572 4375 2549 4375 2995 4376 2549 4376 2993 4376 2993 4377 2549 4377 2548 4377 2993 4378 2548 4378 2991 4378 2991 4379 2548 4379 2583 4379 2991 4380 2583 4380 2986 4380 2986 4381 2583 4381 2582 4381 2986 4382 2582 4382 2982 4382 2982 4383 2582 4383 2979 4383 2982 4384 2979 4384 2980 4384 2996 4385 2997 4385 2579 4385 2998 4386 2999 4386 3000 4386 3000 4387 2999 4387 3001 4387 2579 4388 2997 4388 2580 4388 2996 4389 2579 4389 3002 4389 3002 4390 2579 4390 2586 4390 3002 4391 2586 4391 3003 4391 3003 4392 2586 4392 2585 4392 3003 4393 2585 4393 2584 4393 2568 4394 2567 4394 3004 4394 3004 4395 2567 4395 2566 4395 3004 4396 2566 4396 3005 4396 3005 4397 2566 4397 2545 4397 3005 4398 2545 4398 3006 4398 2999 4399 3007 4399 3001 4399 3001 4400 3007 4400 3008 4400 3001 4400 3008 4400 3009 4400 3009 4401 3008 4401 3010 4401 3009 4402 3010 4402 3011 4402 3011 4403 3010 4403 3012 4403 3011 4404 3012 4404 3013 4404 3006 4405 2545 4405 3013 4405 3013 4406 2545 4406 2544 4406 3013 4407 2544 4407 3011 4407 3011 4408 2544 4408 2575 4408 3011 4409 2575 4409 3009 4409 3009 4410 2575 4410 2577 4410 3009 4410 2577 4410 3001 4410 3001 4411 2577 4411 2580 4411 3001 4412 2580 4412 3000 4412 3000 4413 2580 4413 2997 4413 3000 4414 2997 4414 2998 4414 3014 4415 3015 4415 2474 4415 3014 4416 2474 4416 3016 4416 3016 4417 2474 4417 3017 4417 3017 4418 2474 4418 2464 4418 3017 4419 2464 4419 2463 4419 3018 4420 3019 4420 2528 4420 2528 4421 3019 4421 3020 4421 2528 4422 3020 4422 2530 4422 3021 4423 2527 4423 3022 4423 3022 4424 2527 4424 2511 4424 3021 4425 3023 4425 2527 4425 2527 4426 3023 4426 3024 4426 2527 4427 3024 4427 2469 4427 2469 4428 3024 4428 3025 4428 3025 4429 3026 4429 2469 4429 2469 4430 3026 4430 3027 4430 2469 4431 3027 4431 2465 4431 2465 4432 3027 4432 2466 4432 3015 4433 3018 4433 2474 4433 2474 4434 3018 4434 2528 4434 2474 4435 2528 4435 2473 4435 2473 4436 2528 4436 2527 4436 2473 4437 2527 4437 2471 4437 2471 4438 2527 4438 2469 4438 3028 4439 3029 4439 2703 4439 3028 4440 2703 4440 3030 4440 3030 4441 2703 4441 3031 4441 3031 4442 2703 4442 2667 4442 3031 4443 2667 4443 2666 4443 3032 4444 3033 4444 2972 4444 2972 4445 3033 4445 3034 4445 2972 4446 3034 4446 2974 4446 3035 4447 3036 4447 2705 4447 2963 4448 3037 4448 2971 4448 2971 4449 3037 4449 3038 4449 2971 4450 3038 4450 3039 4450 3036 4451 3040 4451 2705 4451 2705 4452 3040 4452 3041 4452 2705 4453 3041 4453 2707 4453 2707 4454 3041 4454 2708 4454 3029 4455 3032 4455 2703 4455 2703 4456 3032 4456 2972 4456 2703 4457 2972 4457 2705 4457 2705 4458 2972 4458 2971 4458 2705 4459 2971 4459 3035 4459 3035 4460 2971 4460 3039 4460 3042 4461 3043 4461 2772 4461 3042 4462 2772 4462 3044 4462 3044 4463 2772 4463 3045 4463 3045 4464 2772 4464 2762 4464 3045 4465 2762 4465 2761 4465 3046 4466 3047 4466 2990 4466 2990 4467 3047 4467 3048 4467 2990 4468 3048 4468 2992 4468 2989 4469 2981 4469 3049 4469 3049 4470 3050 4470 2989 4470 2989 4471 3050 4471 3051 4471 2989 4472 3051 4472 3052 4472 3053 4473 3054 4473 2769 4473 2769 4474 3054 4474 3055 4474 2769 4475 3055 4475 2767 4475 2767 4476 3055 4476 2766 4476 3043 4477 3046 4477 2772 4477 2772 4478 3046 4478 2990 4478 2772 4479 2990 4479 2771 4479 2771 4480 2990 4480 2989 4480 2771 4481 2989 4481 2769 4481 2769 4482 2989 4482 3052 4482 2769 4483 3052 4483 3053 4483 3056 4484 3057 4484 2749 4484 3056 4485 2749 4485 3058 4485 3058 4486 2749 4486 3059 4486 3059 4487 2749 4487 2713 4487 3059 4488 2713 4488 2712 4488 3060 4489 3061 4489 3008 4489 3008 4490 3061 4490 3062 4490 3008 4491 3062 4491 3010 4491 2999 4492 3063 4492 3007 4492 3007 4493 3063 4493 3064 4493 3007 4494 3064 4494 3065 4494 2751 4495 3066 4495 3067 4495 3067 4496 3068 4496 2751 4496 2751 4497 3068 4497 3069 4497 2751 4498 3069 4498 2753 4498 2753 4499 3069 4499 2754 4499 3057 4500 3060 4500 2749 4500 2749 4501 3060 4501 3008 4501 2749 4502 3008 4502 2751 4502 2751 4503 3008 4503 3007 4503 2751 4504 3007 4504 3066 4504 3066 4505 3007 4505 3065 4505 2793 4506 2901 4506 2790 4506 2790 4507 2901 4507 2900 4507 2790 4508 2900 4508 2788 4508 2788 4509 2900 4509 2898 4509 2788 4510 2898 4510 2786 4510 2786 4511 2898 4511 2896 4511 2893 4512 2778 4512 2894 4512 2894 4513 2778 4513 2777 4513 2894 4514 2777 4514 2896 4514 2896 4515 2777 4515 2784 4515 2896 4516 2784 4516 2786 4516 2760 4517 3070 4517 2761 4517 2761 4517 3070 4517 3071 4517 2761 4518 3071 4518 3045 4518 3045 4519 3071 4519 3072 4519 3045 4520 3072 4520 3044 4520 3073 4517 2914 4517 3074 4517 3074 4517 2914 4517 2662 4517 3074 4517 2662 4517 3075 4517 3075 4521 2662 4521 2660 4521 3075 4522 2660 4522 3076 4522 3076 4523 2660 4523 2659 4523 3076 4524 2659 4524 3077 4524 3077 4525 2659 4525 3044 4525 3077 4526 3044 4526 3078 4526 3078 4527 3044 4527 3072 4527 3044 4528 2659 4528 3042 4528 3042 4529 2659 4529 2658 4529 3042 4530 2658 4530 3043 4530 3043 4531 2658 4531 2656 4531 3043 4532 2656 4532 3046 4532 3046 4533 2656 4533 2655 4533 3046 4534 2655 4534 3047 4534 3047 4535 2655 4535 2651 4535 3021 4536 2595 4536 3023 4536 3023 4537 2595 4537 2594 4537 3023 4538 2594 4538 3024 4538 3024 4539 2594 4539 2588 4539 3024 4540 2588 4540 3025 4540 3025 4541 2588 4541 2587 4541 3025 4542 2587 4542 3026 4542 3026 4543 2587 4543 2590 4543 2496 4544 2494 4544 2848 4544 2468 4545 3079 4545 2502 4545 2502 4546 3079 4546 3080 4546 2502 4547 3080 4547 2503 4547 3080 4548 3081 4548 2503 4548 2503 4549 3081 4549 3082 4549 2503 4550 3082 4550 2504 4550 2504 4551 3082 4551 2497 4551 2497 4552 2845 4552 2498 4552 2498 4553 2845 4553 2853 4553 2498 4554 2853 4554 2500 4554 2500 4555 2853 4555 2501 4555 2501 4556 2853 4556 2852 4556 2501 4557 2852 4557 2851 4557 2848 4558 2494 4558 2851 4558 2851 4559 2494 4559 2493 4559 2851 4560 2493 4560 2501 4560 2862 4561 2495 4561 2850 4561 2850 4562 2495 4562 2496 4562 2850 4563 2496 4563 2847 4563 2847 4564 2496 4564 2848 4564 3083 4565 2843 4565 3084 4565 3084 4566 2843 4566 2878 4566 3084 4567 2878 4567 3085 4567 3085 4568 2878 4568 2846 4568 3085 4569 2846 4569 3086 4569 3086 4570 2846 4570 2845 4570 3086 4571 2845 4571 3087 4571 3087 4572 2845 4572 2497 4572 3087 4573 2497 4573 3088 4573 3088 4574 2497 4574 3082 4574 2495 4575 2862 4575 2492 4575 2492 4576 2862 4576 2861 4576 2492 4577 2861 4577 2490 4577 2490 4578 2861 4578 2859 4578 2490 4579 2859 4579 2488 4579 2488 4580 2859 4580 2857 4580 2854 4581 2480 4581 2855 4581 2855 4582 2480 4582 2479 4582 2855 4583 2479 4583 2857 4583 2857 4584 2479 4584 2486 4584 2857 4585 2486 4585 2488 4585 3089 4586 2875 4586 3090 4586 3090 4587 2875 4587 2610 4587 3090 4587 2610 4587 3091 4587 3091 4588 2610 4588 2608 4588 3091 4589 2608 4589 3092 4589 3092 4590 2608 4590 2607 4590 3092 4591 2607 4591 3093 4591 3093 4592 2607 4592 3016 4592 2462 4587 3094 4587 2463 4587 2463 4587 3094 4587 3095 4587 2463 4593 3095 4593 3017 4593 3017 4594 3095 4594 3096 4594 3017 4595 3096 4595 3016 4595 3016 4596 3096 4596 3097 4596 3016 4597 3097 4597 3093 4597 3016 4598 2607 4598 3014 4598 3014 4599 2607 4599 2606 4599 3014 4600 2606 4600 3015 4600 3015 4601 2606 4601 2604 4601 3015 4602 2604 4602 3018 4602 3018 4603 2604 4603 2603 4603 3018 4604 2603 4604 3019 4604 3019 4605 2603 4605 2599 4605 3050 4606 2647 4606 3051 4606 3051 4607 2647 4607 2646 4607 3051 4608 2646 4608 3052 4608 3052 4609 2646 4609 2640 4609 3052 4610 2640 4610 3053 4610 3053 4611 2640 4611 2639 4611 3053 4612 2639 4612 3054 4612 3054 4613 2639 4613 2642 4613 2794 4614 2792 4614 2887 4614 2763 4615 3098 4615 2764 4615 2764 4616 3098 4616 3099 4616 2764 4617 3099 4617 2799 4617 3099 4618 3100 4618 2799 4618 2799 4619 3100 4619 3101 4619 2799 4620 3101 4620 2800 4620 2800 4621 3101 4621 2801 4621 2801 4622 2884 4622 2798 4622 2798 4623 2884 4623 2892 4623 2798 4624 2892 4624 2797 4624 2797 4625 2892 4625 2795 4625 2795 4626 2892 4626 2891 4626 2795 4627 2891 4627 2890 4627 2887 4628 2792 4628 2890 4628 2890 4629 2792 4629 2791 4629 2890 4630 2791 4630 2795 4630 2901 4631 2793 4631 2889 4631 2889 4632 2793 4632 2794 4632 2889 4633 2794 4633 2886 4633 2886 4634 2794 4634 2887 4634 3102 4635 2882 4635 3103 4635 3103 4636 2882 4636 2917 4636 3103 4637 2917 4637 3104 4637 3104 4638 2917 4638 2885 4638 3104 4639 2885 4639 3105 4639 3105 4640 2885 4640 2884 4640 3105 4641 2884 4641 3106 4641 3106 4642 2884 4642 2801 4642 3106 4643 2801 4643 3107 4643 3107 4644 2801 4644 3101 4644 3064 4645 2621 4645 3065 4645 3065 4646 2621 4646 2620 4646 3065 4647 2620 4647 3066 4647 3066 4648 2620 4648 2614 4648 3066 4649 2614 4649 3067 4649 3067 4650 2614 4650 2613 4650 3067 4651 2613 4651 3068 4651 3068 4652 2613 4652 2616 4652 2738 4653 2736 4653 2933 4653 2744 4654 3108 4654 2745 4654 2745 4655 3108 4655 3109 4655 2745 4656 3109 4656 2747 4656 3109 4657 3110 4657 2747 4657 2747 4658 3110 4658 3111 4658 2747 4659 3111 4659 2748 4659 2748 4660 3111 4660 2739 4660 2739 4661 2930 4661 2740 4661 2740 4662 2930 4662 2938 4662 2740 4663 2938 4663 2742 4663 2742 4664 2938 4664 2743 4664 2743 4665 2938 4665 2937 4665 2743 4666 2937 4666 2936 4666 2933 4667 2736 4667 2936 4667 2936 4668 2736 4668 2735 4668 2936 4669 2735 4669 2743 4669 2947 4670 2737 4670 2935 4670 2935 4671 2737 4671 2738 4671 2935 4672 2738 4672 2932 4672 2932 4673 2738 4673 2933 4673 3112 4674 2921 4674 3113 4674 3113 4675 2921 4675 2927 4675 3113 4676 2927 4676 3114 4676 3114 4677 2927 4677 2931 4677 3114 4678 2931 4678 3115 4678 3115 4679 2931 4679 2930 4679 3115 4680 2930 4680 3116 4680 3116 4681 2930 4681 2739 4681 3116 4682 2739 4682 3117 4682 3117 4683 2739 4683 3111 4683 2737 4684 2947 4684 2734 4684 2734 4685 2947 4685 2946 4685 2734 4686 2946 4686 2732 4686 2732 4687 2946 4687 2944 4687 2732 4688 2944 4688 2730 4688 2730 4689 2944 4689 2942 4689 2939 4690 2722 4690 2940 4690 2940 4691 2722 4691 2721 4691 2940 4692 2721 4692 2942 4692 2942 4693 2721 4693 2728 4693 2942 4694 2728 4694 2730 4694 2711 4695 3118 4695 2712 4695 2712 4695 3118 4695 3119 4695 2712 4696 3119 4696 3059 4696 3059 4697 3119 4697 3120 4697 3059 4698 3120 4698 3058 4698 3121 4699 2923 4699 3122 4699 3122 4695 2923 4695 2636 4695 3122 4695 2636 4695 3123 4695 3123 4700 2636 4700 2634 4700 3123 4701 2634 4701 3124 4701 3124 4702 2634 4702 2633 4702 3124 4703 2633 4703 3125 4703 3125 4704 2633 4704 3058 4704 3125 4705 3058 4705 3126 4705 3126 4706 3058 4706 3120 4706 3058 4707 2633 4707 3056 4707 3056 4708 2633 4708 2632 4708 3056 4709 2632 4709 3057 4709 3057 4710 2632 4710 2630 4710 3057 4711 2630 4711 3060 4711 3060 4712 2630 4712 2629 4712 3060 4713 2629 4713 3061 4713 3061 4714 2629 4714 2625 4714 2967 4715 2568 4715 2420 4715 2422 4716 2428 4716 2456 4716 2967 4717 2420 4717 2966 4717 2966 4718 2420 4718 2421 4718 2966 4719 2421 4719 2960 4719 3006 4720 2419 4720 3005 4720 3005 4721 2419 4721 2420 4721 3005 4722 2420 4722 3004 4722 3004 4723 2420 4723 2568 4723 2628 4724 2425 4724 2418 4724 3006 4725 3013 4725 2419 4725 2419 4726 3013 4726 3012 4726 2419 4727 3012 4727 2418 4727 2418 4728 3012 4728 3010 4728 2418 4729 3010 4729 2628 4729 2628 4730 3010 4730 3062 4730 2628 4731 3062 4731 2627 4731 2627 4732 3062 4732 3061 4732 2627 4733 3061 4733 2625 4733 2453 4734 3038 4734 2455 4734 2455 4735 3038 4735 3037 4735 2455 4736 3037 4736 2456 4736 2456 4737 3037 4737 2963 4737 2456 4738 2963 4738 2422 4738 2422 4739 2963 4739 2962 4739 2422 4740 2962 4740 2421 4740 2421 4741 2962 4741 2961 4741 2421 4742 2961 4742 2960 4742 3038 4743 2453 4743 3039 4743 3039 4744 2453 4744 2452 4744 3039 4745 2452 4745 3035 4745 3035 4746 2452 4746 2446 4746 3035 4747 2446 4747 3036 4747 3036 4748 2446 4748 2445 4748 3036 4749 2445 4749 3040 4749 3040 4750 2445 4750 2448 4750 2524 4751 2526 4751 2409 4751 667 4752 666 4752 2598 4752 2524 4753 2409 4753 2522 4753 2522 4754 2409 4754 2410 4754 2522 4755 2410 4755 2507 4755 2970 4756 2408 4756 2969 4756 2969 4757 2408 4757 2409 4757 2969 4758 2409 4758 2968 4758 2968 4759 2409 4759 2526 4759 2436 4760 2430 4760 2407 4760 2970 4761 2977 4761 2408 4761 2408 4762 2977 4762 2976 4762 2408 4763 2976 4763 2407 4763 2407 4764 2976 4764 2974 4764 2407 4765 2974 4765 2436 4765 2436 4766 2974 4766 3034 4766 2436 4767 3034 4767 2435 4767 2435 4768 3034 4768 3033 4768 2435 4769 3033 4769 2433 4769 2595 4770 3021 4770 2597 4770 2597 4771 3021 4771 3022 4771 2597 4772 3022 4772 2598 4772 2598 4773 3022 4773 2511 4773 2598 4774 2511 4774 667 4774 667 4775 2511 4775 2510 4775 667 4776 2510 4776 2410 4776 2410 4777 2510 4777 2508 4777 2410 4778 2508 4778 2507 4778 2692 4779 2690 4779 2815 4779 2698 4780 3127 4780 2699 4780 2699 4781 3127 4781 3128 4781 2699 4782 3128 4782 2701 4782 3128 4783 3129 4783 2701 4783 2701 4784 3129 4784 3130 4784 2701 4785 3130 4785 2702 4785 2702 4786 3130 4786 2693 4786 2693 4787 2812 4787 2694 4787 2694 4788 2812 4788 2820 4788 2694 4789 2820 4789 2696 4789 2696 4790 2820 4790 2697 4790 2697 4791 2820 4791 2819 4791 2697 4792 2819 4792 2818 4792 2815 4793 2690 4793 2818 4793 2818 4794 2690 4794 2689 4794 2818 4795 2689 4795 2697 4795 2829 4796 2691 4796 2817 4796 2817 4797 2691 4797 2692 4797 2817 4798 2692 4798 2814 4798 2814 4799 2692 4799 2815 4799 3131 4800 2804 4800 3132 4800 3132 4801 2804 4801 2809 4801 3132 4802 2809 4802 3133 4802 3133 4803 2809 4803 2813 4803 3133 4804 2813 4804 3134 4804 3134 4805 2813 4805 2812 4805 3134 4806 2812 4806 3135 4806 3135 4807 2812 4807 2693 4807 3135 4808 2693 4808 3136 4808 3136 4809 2693 4809 3130 4809 3030 4810 2441 4810 3028 4810 3028 4811 2441 4811 2440 4811 3028 4812 2440 4812 3029 4812 3029 4813 2440 4813 2438 4813 3029 4814 2438 4814 3032 4814 3032 4815 2438 4815 2437 4815 3032 4816 2437 4816 3033 4816 3033 4817 2437 4817 2433 4817 2691 4818 2829 4818 2688 4818 2688 4819 2829 4819 2828 4819 2688 4820 2828 4820 2686 4820 2686 4821 2828 4821 2826 4821 2686 4822 2826 4822 2684 4822 2684 4823 2826 4823 2824 4823 2821 4824 2676 4824 2822 4824 2822 4825 2676 4825 2675 4825 2822 4826 2675 4826 2824 4826 2824 4827 2675 4827 2682 4827 2824 4828 2682 4828 2684 4828 3137 4829 2806 4829 3138 4829 3138 4829 2806 4829 2444 4829 3138 4829 2444 4829 3139 4829 3139 4830 2444 4830 2442 4830 3139 4831 2442 4831 3140 4831 3140 4832 2442 4832 2441 4832 3140 4833 2441 4833 3141 4833 3141 4834 2441 4834 3030 4834 2665 4829 3142 4829 2666 4829 2666 4829 3142 4829 3143 4829 2666 4835 3143 4835 3031 4835 3031 4836 3143 4836 3144 4836 3031 4837 3144 4837 3030 4837 3030 4838 3144 4838 3145 4838 3030 4839 3145 4839 3141 4839 2863 4840 2864 4840 2483 4840 3146 4841 3147 4841 2870 4841 2875 4842 3089 4842 2872 4842 2872 4843 3089 4843 3148 4843 2872 4844 3148 4844 2873 4844 2873 4845 3148 4845 3146 4845 2873 4846 3146 4846 2869 4846 2869 4847 3146 4847 2870 4847 2870 4848 2476 4848 2871 4848 2871 4849 2476 4849 2475 4849 2871 4850 2475 4850 2867 4850 2867 4851 2475 4851 2866 4851 2866 4852 2475 4852 2485 4852 2866 4853 2485 4853 2484 4853 2483 4854 2864 4854 2484 4854 2484 4855 2864 4855 2865 4855 2484 4856 2865 4856 2866 4856 2480 4857 2854 4857 2481 4857 2481 4858 2854 4858 2863 4858 2481 4859 2863 4859 2482 4859 2482 4860 2863 4860 2483 4860 3094 4861 2462 4861 3149 4861 3149 4862 2462 4862 2460 4862 3149 4863 2460 4863 3150 4863 3150 4864 2460 4864 2459 4864 3150 4865 2459 4865 3151 4865 3151 4866 2459 4866 2476 4866 3151 4867 2476 4867 3152 4867 3152 4868 2476 4868 2870 4868 3152 4869 2870 4869 3153 4869 3153 4870 2870 4870 3147 4870 2882 4695 3102 4695 2645 4695 2645 4871 3102 4871 3154 4871 2645 4872 3154 4872 2643 4872 2643 4873 3154 4873 3155 4873 2643 4874 3155 4874 2642 4874 3098 4695 2763 4695 3156 4695 3156 4695 2763 4695 2766 4695 3156 4699 2766 4699 3157 4699 3157 4875 2766 4875 3055 4875 3157 4876 3055 4876 3158 4876 3158 4877 3055 4877 3054 4877 3158 4878 3054 4878 3159 4878 3159 4879 3054 4879 2642 4879 3159 4880 2642 4880 3160 4880 3160 4881 2642 4881 3155 4881 3161 4882 3156 4882 3162 4882 3162 4883 3156 4883 3157 4883 3162 4884 3157 4884 3163 4884 3163 4885 3157 4885 3158 4885 3163 4885 3158 4885 3164 4885 3164 4886 3158 4886 3159 4886 3164 4886 3159 4886 3165 4886 3165 4887 3159 4887 3160 4887 3165 4887 3160 4887 3166 4887 3166 4888 3160 4888 3155 4888 3166 4888 3155 4888 3167 4888 3167 4889 3155 4889 3154 4889 3167 4890 3154 4890 3168 4890 3168 4891 3154 4891 3102 4891 3168 4892 3102 4892 3169 4892 3101 4893 3100 4893 3170 4893 3170 4894 3100 4894 3099 4894 3170 4895 3099 4895 3161 4895 3161 4896 3099 4896 3098 4896 3161 4897 3098 4897 3156 4897 3101 4898 3170 4898 3107 4898 3107 4899 3170 4899 3171 4899 3107 4900 3171 4900 3106 4900 3106 4901 3171 4901 3105 4901 3105 4902 3171 4902 3172 4902 3105 4903 3172 4903 3104 4903 3169 4904 3102 4904 3172 4904 3172 4905 3102 4905 3103 4905 3172 4906 3103 4906 3104 4906 2843 4517 3083 4517 2593 4517 2593 4907 3083 4907 3173 4907 2593 4908 3173 4908 2591 4908 2591 4909 3173 4909 3174 4909 2591 4910 3174 4910 2590 4910 3079 4517 2468 4517 3175 4517 3175 4517 2468 4517 2466 4517 3175 4517 2466 4517 3176 4517 3176 4911 2466 4911 3027 4911 3176 4912 3027 4912 3177 4912 3177 4913 3027 4913 3026 4913 3177 4914 3026 4914 3178 4914 3178 4915 3026 4915 2590 4915 3178 4916 2590 4916 3179 4916 3179 4917 2590 4917 3174 4917 2830 4918 2831 4918 2679 4918 3180 4919 3181 4919 2837 4919 2806 4920 3137 4920 2839 4920 2839 4921 3137 4921 3182 4921 2839 4922 3182 4922 2840 4922 2840 4923 3182 4923 3180 4923 2840 4924 3180 4924 2836 4924 2836 4925 3180 4925 2837 4925 2837 4926 2672 4926 2838 4926 2838 4927 2672 4927 2671 4927 2838 4928 2671 4928 2834 4928 2834 4929 2671 4929 2833 4929 2833 4930 2671 4930 2681 4930 2833 4931 2681 4931 2680 4931 2679 4932 2831 4932 2680 4932 2680 4933 2831 4933 2832 4933 2680 4934 2832 4934 2833 4934 2676 4935 2821 4935 2677 4935 2677 4936 2821 4936 2830 4936 2677 4937 2830 4937 2678 4937 2678 4938 2830 4938 2679 4938 3142 4939 2665 4939 3183 4939 3183 4940 2665 4940 2669 4940 3183 4941 2669 4941 3184 4941 3184 4942 2669 4942 2668 4942 3184 4943 2668 4943 3185 4943 3185 4944 2668 4944 2672 4944 3185 4945 2672 4945 3186 4945 3186 4946 2672 4946 2837 4946 3186 4947 2837 4947 3187 4947 3187 4948 2837 4948 3181 4948 3188 4949 3175 4949 3189 4949 3189 4950 3175 4950 3176 4950 3189 4951 3176 4951 3190 4951 3190 4952 3176 4952 3177 4952 3190 4952 3177 4952 3191 4952 3191 4953 3177 4953 3178 4953 3191 4953 3178 4953 3192 4953 3192 4954 3178 4954 3179 4954 3192 4954 3179 4954 3193 4954 3193 4955 3179 4955 3174 4955 3193 4955 3174 4955 3194 4955 3194 4956 3174 4956 3173 4956 3194 4957 3173 4957 3195 4957 3195 4958 3173 4958 3083 4958 3195 4959 3083 4959 3196 4959 3082 4960 3081 4960 3197 4960 3197 4961 3081 4961 3080 4961 3197 4962 3080 4962 3188 4962 3188 4963 3080 4963 3079 4963 3188 4964 3079 4964 3175 4964 3082 4965 3197 4965 3088 4965 3088 4966 3197 4966 3198 4966 3088 4967 3198 4967 3087 4967 3087 4968 3198 4968 3086 4968 3086 4969 3198 4969 3199 4969 3086 4970 3199 4970 3085 4970 3196 4971 3083 4971 3199 4971 3199 4972 3083 4972 3084 4972 3199 4973 3084 4973 3085 4973 2948 4974 2949 4974 2725 4974 3200 4975 3201 4975 2957 4975 2923 4976 3121 4976 2924 4976 2924 4977 3121 4977 3202 4977 2924 4978 3202 4978 2955 4978 2955 4979 3202 4979 3200 4979 2955 4980 3200 4980 2956 4980 2956 4981 3200 4981 2957 4981 2957 4982 2718 4982 2954 4982 2954 4983 2718 4983 2717 4983 2954 4984 2717 4984 2953 4984 2953 4985 2717 4985 2951 4985 2951 4986 2717 4986 2727 4986 2951 4987 2727 4987 2726 4987 2725 4988 2949 4988 2726 4988 2726 4989 2949 4989 2950 4989 2726 4990 2950 4990 2951 4990 2722 4991 2939 4991 2723 4991 2723 4992 2939 4992 2948 4992 2723 4993 2948 4993 2724 4993 2724 4994 2948 4994 2725 4994 3118 4995 2711 4995 3203 4995 3203 4996 2711 4996 2715 4996 3203 4997 2715 4997 3204 4997 3204 4998 2715 4998 2714 4998 3204 4999 2714 4999 3205 4999 3205 5000 2714 5000 2718 5000 3205 5001 2718 5001 3206 5001 3206 5002 2718 5002 2957 5002 3206 5003 2957 5003 3207 5003 3207 5004 2957 5004 3201 5004 3127 4587 2698 4587 3208 4587 3208 4587 2698 4587 2708 4587 3208 4586 2708 4586 3209 4586 3209 5005 2708 5005 3041 5005 3209 5006 3041 5006 3210 5006 3210 5007 3041 5007 3040 5007 3210 5008 3040 5008 3211 5008 3211 5009 3040 5009 2448 5009 2804 4587 3131 4587 2451 4587 2451 5010 3131 5010 3212 5010 2451 5011 3212 5011 2449 5011 2449 5012 3212 5012 3213 5012 2449 5013 3213 5013 2448 5013 2448 5014 3213 5014 3214 5014 2448 5015 3214 5015 3211 5015 3215 5016 3208 5016 3216 5016 3216 5017 3208 5017 3209 5017 3216 5018 3209 5018 3217 5018 3217 5019 3209 5019 3210 5019 3217 5019 3210 5019 3218 5019 3218 5020 3210 5020 3211 5020 3218 5020 3211 5020 3219 5020 3219 5021 3211 5021 3214 5021 3219 5021 3214 5021 3220 5021 3220 5022 3214 5022 3213 5022 3220 5022 3213 5022 3221 5022 3221 5023 3213 5023 3212 5023 3221 5024 3212 5024 3222 5024 3222 5025 3212 5025 3131 5025 3222 5026 3131 5026 3223 5026 3130 5027 3129 5027 3224 5027 3224 5028 3129 5028 3128 5028 3224 5029 3128 5029 3215 5029 3215 5030 3128 5030 3127 5030 3215 5031 3127 5031 3208 5031 3130 5032 3224 5032 3136 5032 3136 5033 3224 5033 3225 5033 3136 5034 3225 5034 3135 5034 3135 5035 3225 5035 3134 5035 3134 5036 3225 5036 3226 5036 3134 5037 3226 5037 3133 5037 3223 5038 3131 5038 3226 5038 3226 5039 3131 5039 3132 5039 3226 5040 3132 5040 3133 5040 2902 5041 2903 5041 2781 5041 3227 5042 3228 5042 2909 5042 2914 5043 3073 5043 2911 5043 2911 5044 3073 5044 3229 5044 2911 5045 3229 5045 2912 5045 2912 5046 3229 5046 3227 5046 2912 5047 3227 5047 2908 5047 2908 5048 3227 5048 2909 5048 2909 5049 2774 5049 2910 5049 2910 5050 2774 5050 2773 5050 2910 5051 2773 5051 2906 5051 2906 5052 2773 5052 2905 5052 2905 5053 2773 5053 2783 5053 2905 5054 2783 5054 2782 5054 2781 5055 2903 5055 2782 5055 2782 5056 2903 5056 2904 5056 2782 5057 2904 5057 2905 5057 2778 5058 2893 5058 2779 5058 2779 5059 2893 5059 2902 5059 2779 5060 2902 5060 2780 5060 2780 5061 2902 5061 2781 5061 3070 5062 2760 5062 3230 5062 3230 5063 2760 5063 2758 5063 3230 5064 2758 5064 3231 5064 3231 5065 2758 5065 2757 5065 3231 5066 2757 5066 3232 5066 3232 5067 2757 5067 2774 5067 3232 5068 2774 5068 3233 5068 3233 5069 2774 5069 2909 5069 3233 5070 2909 5070 3234 5070 3234 5071 2909 5071 3228 5071 3108 4829 2744 4829 3235 4829 3235 4829 2744 4829 2754 4829 3235 4829 2754 4829 3236 4829 3236 5072 2754 5072 3069 5072 3236 5073 3069 5073 3237 5073 3237 5074 3069 5074 3068 5074 3237 5075 3068 5075 3238 5075 3238 5076 3068 5076 2616 5076 2921 4829 3112 4829 2619 4829 2619 5077 3112 5077 3239 5077 2619 5078 3239 5078 2617 5078 2617 5079 3239 5079 3240 5079 2617 5080 3240 5080 2616 5080 2616 5081 3240 5081 3241 5081 2616 5082 3241 5082 3238 5082 3242 5083 3235 5083 3243 5083 3243 5084 3235 5084 3236 5084 3243 5085 3236 5085 3244 5085 3244 5086 3236 5086 3237 5086 3244 5086 3237 5086 3245 5086 3245 5087 3237 5087 3238 5087 3245 5087 3238 5087 3246 5087 3246 5088 3238 5088 3241 5088 3246 5088 3241 5088 3247 5088 3247 5089 3241 5089 3240 5089 3247 5089 3240 5089 3248 5089 3248 5090 3240 5090 3239 5090 3248 5091 3239 5091 3249 5091 3249 5092 3239 5092 3112 5092 3249 5093 3112 5093 3250 5093 3111 5094 3110 5094 3251 5094 3251 5095 3110 5095 3109 5095 3251 5096 3109 5096 3242 5096 3242 5097 3109 5097 3108 5097 3242 5098 3108 5098 3235 5098 3111 5099 3251 5099 3117 5099 3117 5100 3251 5100 3252 5100 3117 5101 3252 5101 3116 5101 3116 5102 3252 5102 3115 5102 3115 5103 3252 5103 3253 5103 3115 5104 3253 5104 3114 5104 3250 5105 3112 5105 3253 5105 3253 5106 3112 5106 3113 5106 3253 5107 3113 5107 3114 5107 3254 5108 3255 5108 3089 5108 3089 5109 3255 5109 3148 5109 3148 5110 3255 5110 3256 5110 3148 5111 3256 5111 3146 5111 3257 5112 3153 5112 3256 5112 3256 5113 3153 5113 3147 5113 3256 5114 3147 5114 3146 5114 3258 5115 3151 5115 3257 5115 3257 5116 3151 5116 3152 5116 3257 5117 3152 5117 3153 5117 3094 5118 3149 5118 3258 5118 3258 5119 3149 5119 3150 5119 3258 5120 3150 5120 3151 5120 3089 5121 3090 5121 3254 5121 3254 5122 3090 5122 3091 5122 3254 5123 3091 5123 3259 5123 3259 4888 3091 4888 3092 4888 3259 4888 3092 4888 3260 4888 3260 4887 3092 4887 3093 4887 3260 4887 3093 4887 3261 4887 3261 4886 3093 4886 3097 4886 3261 4886 3097 4886 3262 4886 3262 4885 3097 4885 3096 4885 3262 4885 3096 4885 3263 4885 3263 5124 3096 5124 3095 5124 3263 5125 3095 5125 3264 5125 3264 5126 3095 5126 3094 5126 3264 5127 3094 5127 3265 5127 3265 5128 3094 5128 3258 5128 3266 5129 3267 5129 3268 5129 3267 5130 3269 5130 3268 5130 3268 5131 3269 5131 3270 5131 3268 5132 3270 5132 3271 5132 3270 5133 3272 5133 3271 5133 3271 5134 3272 5134 3273 5134 3271 5135 3273 5135 3274 5135 3273 5136 3275 5136 3274 5136 3274 5137 3275 5137 3276 5137 3274 5138 3276 5138 3277 5138 3277 5139 3276 5139 3278 5139 3277 5140 3278 5140 3279 5140 3279 5141 3278 5141 3280 5141 3279 5142 3280 5142 3281 5142 3281 5143 3280 5143 3282 5143 3282 5144 3283 5144 3281 5144 3281 5145 3283 5145 3284 5145 3281 5146 3284 5146 3285 5146 3284 5147 3286 5147 3285 5147 3285 5148 3286 5148 3287 5148 3285 5149 3287 5149 3288 5149 3287 5150 3289 5150 3288 5150 3288 5151 3289 5151 3290 5151 3288 5152 3290 5152 3291 5152 3291 5153 3290 5153 3292 5153 3290 5154 3293 5154 3292 5154 3292 5155 3293 5155 3294 5155 3292 5156 3294 5156 3295 5156 3295 5157 3294 5157 3296 5157 3296 5158 3297 5158 3295 5158 3295 5159 3297 5159 3298 5159 3295 5160 3298 5160 3299 5160 3298 5161 3300 5161 3299 5161 3299 5162 3300 5162 3301 5162 3299 5163 3301 5163 3302 5163 3302 5164 3301 5164 3303 5164 3302 5165 3303 5165 3304 5165 3304 5166 3303 5166 3305 5166 3304 5167 3305 5167 3306 5167 3306 5168 3305 5168 3307 5168 3308 5169 3309 5169 3310 5169 3310 5170 3309 5170 3306 5170 3310 5171 3306 5171 3311 5171 3311 5172 3306 5172 3307 5172 3312 5173 3313 5173 3314 5173 3314 5174 3313 5174 3315 5174 3314 5175 3315 5175 3316 5175 3316 5176 3315 5176 3317 5176 3316 5177 3317 5177 3318 5177 3318 5178 3317 5178 3319 5178 3318 5179 3319 5179 3320 5179 3320 5180 3319 5180 3321 5180 3321 5181 3322 5181 3320 5181 3320 5182 3322 5182 3323 5182 3320 5183 3323 5183 3324 5183 3268 5184 3325 5184 3266 5184 3266 5185 3325 5185 3326 5185 3266 5186 3326 5186 3327 5186 3327 5187 3326 5187 3324 5187 3327 5188 3324 5188 3328 5188 3328 5189 3324 5189 3323 5189 3309 5190 3329 5190 3330 5190 3309 5191 3330 5191 3306 5191 3306 5192 3330 5192 3331 5192 3306 5193 3331 5193 3304 5193 3304 5194 3331 5194 3332 5194 3304 5195 3332 5195 3302 5195 3302 5196 3332 5196 3333 5196 3302 5197 3333 5197 3299 5197 3299 5198 3333 5198 3334 5198 3299 5199 3334 5199 3295 5199 3295 5200 3334 5200 3335 5200 3295 5201 3335 5201 3292 5201 3292 5202 3335 5202 3336 5202 3292 5203 3336 5203 3291 5203 3291 5204 3336 5204 3337 5204 3291 5205 3337 5205 3288 5205 3288 5206 3337 5206 3338 5206 3288 5207 3338 5207 3285 5207 3285 5208 3338 5208 3339 5208 3285 5209 3339 5209 3281 5209 3281 5210 3339 5210 3340 5210 3281 5211 3340 5211 3279 5211 3279 5212 3340 5212 3341 5212 3279 5213 3341 5213 3277 5213 3277 5214 3341 5214 3342 5214 3277 5215 3342 5215 3274 5215 3274 5216 3342 5216 3343 5216 3274 5217 3343 5217 3271 5217 3271 5218 3343 5218 3344 5218 3271 5219 3344 5219 3268 5219 3268 5220 3344 5220 3345 5220 3268 5221 3345 5221 3325 5221 3325 5222 3345 5222 3346 5222 3325 5223 3346 5223 3326 5223 3326 5224 3346 5224 3347 5224 3326 5225 3347 5225 3324 5225 3324 5226 3347 5226 3348 5226 3324 5227 3348 5227 3320 5227 3320 5228 3348 5228 3349 5228 3320 5229 3349 5229 3318 5229 3318 5230 3349 5230 3350 5230 3318 5231 3350 5231 3316 5231 3316 5232 3350 5232 3351 5232 3316 5233 3351 5233 3314 5233 3352 5234 3353 5234 3329 5234 3353 5235 3354 5235 3329 5235 3329 5236 3354 5236 3355 5236 3329 5237 3355 5237 3330 5237 3330 5238 3355 5238 3356 5238 3330 5239 3356 5239 3331 5239 3331 5240 3356 5240 3357 5240 3331 5241 3357 5241 3332 5241 3332 5242 3357 5242 3358 5242 3332 5243 3358 5243 3333 5243 3333 5244 3358 5244 3359 5244 3333 5245 3359 5245 3334 5245 3334 5246 3359 5246 3360 5246 3334 5247 3360 5247 3335 5247 3335 5248 3360 5248 3361 5248 3335 5249 3361 5249 3336 5249 3336 5250 3361 5250 3362 5250 3336 5251 3362 5251 3337 5251 3337 5252 3362 5252 3363 5252 3337 5253 3363 5253 3338 5253 3338 5254 3363 5254 3364 5254 3338 5255 3364 5255 3339 5255 3339 5256 3364 5256 3365 5256 3339 5257 3365 5257 3340 5257 3340 5258 3365 5258 3366 5258 3340 5259 3366 5259 3341 5259 3341 5260 3366 5260 3367 5260 3341 5261 3367 5261 3342 5261 3342 5262 3367 5262 3368 5262 3342 5263 3368 5263 3343 5263 3343 5264 3368 5264 3369 5264 3343 5265 3369 5265 3344 5265 3344 5266 3369 5266 3370 5266 3344 5267 3370 5267 3345 5267 3345 5268 3370 5268 3371 5268 3345 5269 3371 5269 3346 5269 3346 5270 3371 5270 3372 5270 3346 5271 3372 5271 3347 5271 3347 5272 3372 5272 3373 5272 3347 5273 3373 5273 3348 5273 3348 5274 3373 5274 3374 5274 3348 5275 3374 5275 3349 5275 3349 5276 3374 5276 3375 5276 3349 5277 3375 5277 3350 5277 3350 5278 3375 5278 3352 5278 3350 5279 3352 5279 3351 5279 3351 5280 3352 5280 3329 5280 3351 5281 3329 5281 3314 5281 3314 5282 3329 5282 3309 5282 3314 5283 3309 5283 3312 5283 3312 5284 3309 5284 3308 5284 3376 5285 3377 5285 3378 5285 3378 5286 3377 5286 3379 5286 3378 5287 3379 5287 3380 5287 3380 5288 3379 5288 3381 5288 3380 5289 3381 5289 3382 5289 3382 5290 3381 5290 3383 5290 3382 5291 3383 5291 3384 5291 3384 5292 3383 5292 3385 5292 3384 5293 3385 5293 3386 5293 3386 5294 3385 5294 3387 5294 3386 5295 3387 5295 3388 5295 3388 5296 3387 5296 3389 5296 3388 5297 3389 5297 3390 5297 3390 5298 3389 5298 3391 5298 3390 5299 3391 5299 3392 5299 3392 5300 3391 5300 3393 5300 3392 5301 3393 5301 3394 5301 3394 5302 3393 5302 3395 5302 3394 5303 3395 5303 3396 5303 3396 5304 3395 5304 3397 5304 3396 5305 3397 5305 3398 5305 3398 5306 3397 5306 3399 5306 3398 5307 3399 5307 3400 5307 3400 5308 3399 5308 3401 5308 3400 5309 3401 5309 3402 5309 3402 5310 3401 5310 3403 5310 3402 5311 3403 5311 3404 5311 3404 5312 3403 5312 3405 5312 3404 5313 3405 5313 3406 5313 3406 5314 3405 5314 3407 5314 3406 5315 3407 5315 3408 5315 3408 5316 3407 5316 3409 5316 3408 5317 3409 5317 3410 5317 3410 5318 3409 5318 3411 5318 3410 5319 3411 5319 3412 5319 3412 5320 3411 5320 3413 5320 3412 5321 3413 5321 3414 5321 3414 5322 3413 5322 3415 5322 3414 5323 3415 5323 3416 5323 3416 5324 3415 5324 3417 5324 3416 5325 3417 5325 3418 5325 3418 5326 3417 5326 3419 5326 3418 5327 3419 5327 3420 5327 3420 5328 3419 5328 3421 5328 3420 5329 3421 5329 3422 5329 3422 5330 3421 5330 3376 5330 3422 5331 3376 5331 3378 5331 3388 5332 3423 5332 3386 5332 3386 5333 3423 5333 3424 5333 3386 5334 3424 5334 3384 5334 3384 5335 3424 5335 3425 5335 3384 5336 3425 5336 3382 5336 3382 5337 3425 5337 3426 5337 3382 5338 3426 5338 3380 5338 3380 5339 3426 5339 3427 5339 3380 5340 3427 5340 3378 5340 3378 5341 3427 5341 3428 5341 3378 5342 3428 5342 3422 5342 3422 5343 3428 5343 3429 5343 3422 5344 3429 5344 3420 5344 3420 5345 3429 5345 3430 5345 3420 5346 3430 5346 3418 5346 3418 5347 3430 5347 3431 5347 3418 5348 3431 5348 3416 5348 3416 5349 3431 5349 3432 5349 3416 5350 3432 5350 3414 5350 3414 5351 3432 5351 3433 5351 3414 5352 3433 5352 3412 5352 3412 5353 3433 5353 3434 5353 3412 5354 3434 5354 3410 5354 3410 5355 3434 5355 3435 5355 3410 5356 3435 5356 3408 5356 3408 5357 3435 5357 3436 5357 3408 5358 3436 5358 3406 5358 3406 5359 3436 5359 3437 5359 3406 5360 3437 5360 3404 5360 3404 5361 3437 5361 3438 5361 3404 5362 3438 5362 3402 5362 3402 5363 3438 5363 3439 5363 3402 5364 3439 5364 3400 5364 3400 5365 3439 5365 3440 5365 3400 5366 3440 5366 3398 5366 3398 5367 3440 5367 3441 5367 3398 5368 3441 5368 3396 5368 3396 5369 3441 5369 3442 5369 3396 5370 3442 5370 3394 5370 3394 5371 3442 5371 3443 5371 3394 5372 3443 5372 3392 5372 3392 5373 3443 5373 3444 5373 3392 5374 3444 5374 3390 5374 3390 5375 3444 5375 3445 5375 3390 5376 3445 5376 3388 5376 3388 5377 3445 5377 3423 5377 3446 5378 3443 5378 3447 5378 3447 5379 3443 5379 3442 5379 3447 5380 3442 5380 3448 5380 3448 5381 3442 5381 3441 5381 3448 5382 3441 5382 3449 5382 3449 5383 3441 5383 3440 5383 3449 5384 3440 5384 3450 5384 3450 5385 3440 5385 3439 5385 3450 5386 3439 5386 3451 5386 3451 5387 3439 5387 3438 5387 3451 5388 3438 5388 3452 5388 3452 5389 3438 5389 3453 5389 3453 5390 3438 5390 3454 5390 3454 5391 3438 5391 3437 5391 3454 5392 3437 5392 3455 5392 3455 5393 3437 5393 3436 5393 3455 5394 3436 5394 3456 5394 3456 5395 3436 5395 3435 5395 3456 5396 3435 5396 3457 5396 3457 5397 3435 5397 3434 5397 3457 5398 3434 5398 3458 5398 3459 5399 3460 5399 3429 5399 3429 5400 3460 5400 3461 5400 3429 5401 3461 5401 3430 5401 3430 5402 3461 5402 3462 5402 3430 5403 3462 5403 3431 5403 3431 5404 3462 5404 3463 5404 3431 5405 3463 5405 3432 5405 3432 5406 3463 5406 3464 5406 3432 5407 3464 5407 3433 5407 3433 5408 3464 5408 3465 5408 3433 5409 3465 5409 3434 5409 3434 5410 3465 5410 3466 5410 3434 5411 3466 5411 3458 5411 3459 5412 3429 5412 3467 5412 3467 5413 3429 5413 3428 5413 3467 5414 3428 5414 3468 5414 3468 5415 3428 5415 3427 5415 3468 5416 3427 5416 3469 5416 3469 5417 3427 5417 3426 5417 3469 5418 3426 5418 3470 5418 3470 5419 3426 5419 3425 5419 3470 5420 3425 5420 3471 5420 3471 5421 3425 5421 3424 5421 3471 5422 3424 5422 3472 5422 3446 5423 3473 5423 3443 5423 3443 5424 3473 5424 3474 5424 3443 5425 3474 5425 3444 5425 3444 5426 3474 5426 3475 5426 3444 5427 3475 5427 3445 5427 3445 5428 3475 5428 3476 5428 3445 5429 3476 5429 3423 5429 3423 5430 3476 5430 3477 5430 3423 5431 3477 5431 3424 5431 3424 5432 3477 5432 3478 5432 3424 5433 3478 5433 3472 5433 3294 5434 3293 5434 3479 5434 3480 5435 3481 5435 3482 5435 3452 5436 3453 5436 3483 5436 3472 5437 3478 5437 3484 5437 3485 5438 3462 5438 3461 5438 3486 5439 3463 5439 3462 5439 3487 5440 3464 5440 3463 5440 3488 5441 3465 5441 3464 5441 3482 5442 3466 5442 3465 5442 3472 5443 3484 5443 3471 5443 3452 5444 3483 5444 3451 5444 3466 5445 3482 5445 3458 5445 3458 5446 3482 5446 3481 5446 3458 5447 3481 5447 3457 5447 3456 5448 3457 5448 3489 5448 3489 5449 3457 5449 3481 5449 3489 5450 3481 5450 3490 5450 3490 5451 3481 5451 3480 5451 3490 5452 3480 5452 3491 5452 3455 5453 3456 5453 3492 5453 3492 5454 3456 5454 3489 5454 3492 5455 3489 5455 3493 5455 3493 5456 3489 5456 3490 5456 3493 5457 3490 5457 3494 5457 3494 5458 3490 5458 3491 5458 3494 5459 3491 5459 3495 5459 3454 5460 3455 5460 3496 5460 3496 5461 3455 5461 3492 5461 3496 5462 3492 5462 3497 5462 3497 5463 3492 5463 3493 5463 3497 5464 3493 5464 3498 5464 3498 5465 3493 5465 3494 5465 3498 5466 3494 5466 3499 5466 3499 5466 3494 5466 3495 5466 3499 5467 3495 5467 3500 5467 3453 5468 3454 5468 3483 5468 3483 5469 3454 5469 3496 5469 3483 5470 3496 5470 3501 5470 3501 5471 3496 5471 3497 5471 3501 5472 3497 5472 3502 5472 3502 5473 3497 5473 3498 5473 3502 5474 3498 5474 3503 5474 3503 5474 3498 5474 3499 5474 3503 5475 3499 5475 3504 5475 3504 5476 3499 5476 3500 5476 3504 5477 3500 5477 3505 5477 3506 5478 3507 5478 3508 5478 3509 5479 3507 5479 3510 5479 3510 5480 3507 5480 3506 5480 3510 5481 3506 5481 3511 5481 3512 5482 3509 5482 3513 5482 3513 5483 3509 5483 3510 5483 3513 5484 3510 5484 3514 5484 3514 5485 3510 5485 3511 5485 3514 5486 3511 5486 3515 5486 3516 5487 3512 5487 3517 5487 3517 5488 3512 5488 3513 5488 3517 5489 3513 5489 3518 5489 3518 5490 3513 5490 3514 5490 3518 5491 3514 5491 3519 5491 3519 5491 3514 5491 3515 5491 3519 5492 3515 5492 3520 5492 3521 5493 3522 5493 3523 5493 3523 5494 3522 5494 3524 5494 3523 5495 3524 5495 3525 5495 3525 5496 3524 5496 3526 5496 3525 5497 3526 5497 3527 5497 3527 5497 3526 5497 3528 5497 3527 5498 3528 5498 3529 5498 3529 5499 3528 5499 3530 5499 3529 5500 3530 5500 3531 5500 3531 5501 3530 5501 3532 5501 3522 5502 3533 5502 3524 5502 3524 5503 3533 5503 3534 5503 3524 5504 3534 5504 3526 5504 3526 5505 3534 5505 3535 5505 3526 5506 3535 5506 3528 5506 3528 5506 3535 5506 3536 5506 3528 5507 3536 5507 3530 5507 3530 5508 3536 5508 3537 5508 3530 5509 3537 5509 3532 5509 3532 5510 3537 5510 3538 5510 3533 5511 3539 5511 3534 5511 3534 5512 3539 5512 3540 5512 3534 5513 3540 5513 3535 5513 3535 5514 3540 5514 3541 5514 3535 5515 3541 5515 3536 5515 3536 5515 3541 5515 3542 5515 3536 5516 3542 5516 3537 5516 3537 5517 3542 5517 3543 5517 3537 5518 3543 5518 3538 5518 3538 5519 3543 5519 3544 5519 3478 5520 3477 5520 3484 5520 3484 5521 3477 5521 3545 5521 3484 5522 3545 5522 3546 5522 3546 5523 3545 5523 3547 5523 3546 5524 3547 5524 3548 5524 3548 5525 3547 5525 3549 5525 3548 5526 3549 5526 3550 5526 3550 5526 3549 5526 3551 5526 3550 5527 3551 5527 3552 5527 3552 5528 3551 5528 3553 5528 3552 5529 3553 5529 3554 5529 3554 5530 3553 5530 3555 5530 3477 5531 3476 5531 3545 5531 3545 5532 3476 5532 3556 5532 3545 5533 3556 5533 3547 5533 3547 5534 3556 5534 3557 5534 3547 5535 3557 5535 3549 5535 3549 5536 3557 5536 3558 5536 3549 5537 3558 5537 3551 5537 3551 5537 3558 5537 3559 5537 3551 5538 3559 5538 3553 5538 3553 5539 3559 5539 3560 5539 3553 5540 3560 5540 3555 5540 3555 5541 3560 5541 3561 5541 3476 5542 3475 5542 3556 5542 3556 5543 3475 5543 3562 5543 3556 5544 3562 5544 3557 5544 3557 5545 3562 5545 3563 5545 3557 5546 3563 5546 3558 5546 3558 5547 3563 5547 3564 5547 3558 5548 3564 5548 3559 5548 3559 5548 3564 5548 3565 5548 3559 5549 3565 5549 3560 5549 3560 5550 3565 5550 3566 5550 3560 5551 3566 5551 3561 5551 3561 5552 3566 5552 3567 5552 3475 5553 3474 5553 3562 5553 3562 5554 3474 5554 3568 5554 3562 5555 3568 5555 3563 5555 3563 5556 3568 5556 3569 5556 3563 5557 3569 5557 3564 5557 3564 5558 3569 5558 3570 5558 3564 5559 3570 5559 3565 5559 3565 5559 3570 5559 3571 5559 3565 5560 3571 5560 3566 5560 3566 5561 3571 5561 3572 5561 3566 5562 3572 5562 3567 5562 3567 5563 3572 5563 3573 5563 3574 5564 3575 5564 3576 5564 3576 5565 3575 5565 3577 5565 3576 5566 3577 5566 3578 5566 3578 5567 3577 5567 3579 5567 3578 5568 3579 5568 3580 5568 3580 5568 3579 5568 3581 5568 3580 5569 3581 5569 3582 5569 3582 5570 3581 5570 3583 5570 3582 5571 3583 5571 3584 5571 3584 5572 3583 5572 3585 5572 3575 5573 3586 5573 3577 5573 3577 5574 3586 5574 3587 5574 3577 5575 3587 5575 3579 5575 3579 5576 3587 5576 3588 5576 3579 5577 3588 5577 3581 5577 3581 5577 3588 5577 3589 5577 3581 5578 3589 5578 3583 5578 3583 5579 3589 5579 3590 5579 3583 5580 3590 5580 3585 5580 3585 5581 3590 5581 3591 5581 3586 5582 3592 5582 3587 5582 3587 5583 3592 5583 3593 5583 3587 5584 3593 5584 3588 5584 3588 5585 3593 5585 3594 5585 3588 5586 3594 5586 3589 5586 3589 5586 3594 5586 3595 5586 3589 5587 3595 5587 3590 5587 3590 5588 3595 5588 3596 5588 3590 5589 3596 5589 3591 5589 3591 5590 3596 5590 3597 5590 3598 5591 3520 5591 3599 5591 3599 5592 3520 5592 3515 5592 3599 5593 3515 5593 3600 5593 3600 5486 3515 5486 3511 5486 3600 5594 3511 5594 3601 5594 3601 5595 3511 5595 3506 5595 3601 5596 3506 5596 3602 5596 3602 5597 3506 5597 3508 5597 3602 5598 3508 5598 3603 5598 3603 5599 3508 5599 3297 5599 3603 5600 3297 5600 3296 5600 3512 5601 3303 5601 3509 5601 3509 5602 3303 5602 3301 5602 3509 5603 3301 5603 3507 5603 3507 5604 3301 5604 3300 5604 3507 5605 3300 5605 3508 5605 3508 5606 3300 5606 3298 5606 3508 5607 3298 5607 3297 5607 3308 5608 3310 5608 3604 5608 3604 5609 3310 5609 3516 5609 3604 5610 3516 5610 3605 5610 3605 5611 3516 5611 3517 5611 3605 5612 3517 5612 3606 5612 3606 5613 3517 5613 3518 5613 3606 5614 3518 5614 3607 5614 3607 5614 3518 5614 3519 5614 3607 5615 3519 5615 3608 5615 3608 5616 3519 5616 3520 5616 3608 5617 3520 5617 3609 5617 3609 5618 3520 5618 3598 5618 3609 5619 3598 5619 3460 5619 3460 5620 3598 5620 3461 5620 3310 5621 3311 5621 3516 5621 3516 5622 3311 5622 3307 5622 3516 5623 3307 5623 3512 5623 3512 5624 3307 5624 3305 5624 3512 5625 3305 5625 3303 5625 3609 5626 3521 5626 3608 5626 3608 5627 3521 5627 3523 5627 3608 5628 3523 5628 3607 5628 3607 5629 3523 5629 3525 5629 3607 5630 3525 5630 3606 5630 3606 5630 3525 5630 3527 5630 3606 5631 3527 5631 3605 5631 3605 5632 3527 5632 3529 5632 3605 5633 3529 5633 3604 5633 3604 5634 3529 5634 3531 5634 3604 5635 3531 5635 3308 5635 3322 5636 3321 5636 3610 5636 3610 5637 3321 5637 3544 5637 3610 5638 3544 5638 3611 5638 3611 5639 3544 5639 3543 5639 3611 5640 3543 5640 3612 5640 3612 5641 3543 5641 3542 5641 3612 5642 3542 5642 3613 5642 3613 5642 3542 5642 3541 5642 3613 5643 3541 5643 3614 5643 3614 5644 3541 5644 3540 5644 3614 5645 3540 5645 3615 5645 3615 5646 3540 5646 3539 5646 3321 5647 3319 5647 3544 5647 3544 5648 3319 5648 3317 5648 3544 5649 3317 5649 3538 5649 3538 5650 3317 5650 3315 5650 3538 5651 3315 5651 3532 5651 3532 5652 3315 5652 3313 5652 3532 5653 3313 5653 3531 5653 3531 5654 3313 5654 3312 5654 3531 5655 3312 5655 3308 5655 3460 5656 3459 5656 3609 5656 3609 5657 3459 5657 3467 5657 3609 5658 3467 5658 3521 5658 3521 5659 3467 5659 3468 5659 3521 5660 3468 5660 3522 5660 3522 5661 3468 5661 3469 5661 3522 5662 3469 5662 3533 5662 3533 5663 3469 5663 3470 5663 3533 5664 3470 5664 3539 5664 3539 5665 3470 5665 3471 5665 3539 5666 3471 5666 3615 5666 3615 5667 3471 5667 3484 5667 3615 5668 3484 5668 3614 5668 3614 5669 3484 5669 3546 5669 3614 5670 3546 5670 3613 5670 3613 5671 3546 5671 3548 5671 3613 5672 3548 5672 3612 5672 3612 5672 3548 5672 3550 5672 3612 5673 3550 5673 3611 5673 3611 5674 3550 5674 3552 5674 3611 5675 3552 5675 3610 5675 3610 5676 3552 5676 3554 5676 3610 5677 3554 5677 3322 5677 3272 5678 3270 5678 3616 5678 3616 5679 3270 5679 3573 5679 3616 5680 3573 5680 3617 5680 3617 5681 3573 5681 3572 5681 3617 5682 3572 5682 3618 5682 3618 5683 3572 5683 3571 5683 3618 5684 3571 5684 3619 5684 3619 5684 3571 5684 3570 5684 3619 5685 3570 5685 3620 5685 3620 5686 3570 5686 3569 5686 3620 5687 3569 5687 3621 5687 3621 5688 3569 5688 3568 5688 3621 5689 3568 5689 3473 5689 3473 5690 3568 5690 3474 5690 3270 5691 3269 5691 3573 5691 3573 5692 3269 5692 3267 5692 3573 5693 3267 5693 3567 5693 3567 5694 3267 5694 3266 5694 3567 5695 3266 5695 3561 5695 3561 5696 3266 5696 3327 5696 3561 5697 3327 5697 3555 5697 3555 5698 3327 5698 3328 5698 3555 5699 3328 5699 3554 5699 3554 5700 3328 5700 3323 5700 3554 5701 3323 5701 3322 5701 3621 5702 3574 5702 3620 5702 3620 5703 3574 5703 3576 5703 3620 5704 3576 5704 3619 5704 3619 5705 3576 5705 3578 5705 3619 5706 3578 5706 3618 5706 3618 5706 3578 5706 3580 5706 3618 5707 3580 5707 3617 5707 3617 5708 3580 5708 3582 5708 3617 5709 3582 5709 3616 5709 3616 5710 3582 5710 3584 5710 3616 5711 3584 5711 3272 5711 3283 5712 3282 5712 3622 5712 3622 5713 3282 5713 3597 5713 3622 5714 3597 5714 3623 5714 3623 5715 3597 5715 3596 5715 3623 5716 3596 5716 3624 5716 3624 5717 3596 5717 3595 5717 3624 5718 3595 5718 3625 5718 3625 5718 3595 5718 3594 5718 3625 5719 3594 5719 3626 5719 3626 5720 3594 5720 3593 5720 3626 5721 3593 5721 3627 5721 3627 5722 3593 5722 3592 5722 3282 5723 3280 5723 3597 5723 3597 5724 3280 5724 3278 5724 3597 5725 3278 5725 3591 5725 3591 5726 3278 5726 3276 5726 3591 5727 3276 5727 3585 5727 3585 5728 3276 5728 3275 5728 3585 5729 3275 5729 3584 5729 3584 5730 3275 5730 3273 5730 3584 5731 3273 5731 3272 5731 3284 5732 3283 5732 3505 5732 3505 5733 3283 5733 3622 5733 3505 5734 3622 5734 3504 5734 3504 5735 3622 5735 3623 5735 3504 5736 3623 5736 3503 5736 3503 5737 3623 5737 3624 5737 3503 5738 3624 5738 3502 5738 3502 5738 3624 5738 3625 5738 3502 5739 3625 5739 3501 5739 3501 5740 3625 5740 3626 5740 3501 5741 3626 5741 3483 5741 3483 5742 3626 5742 3627 5742 3483 5743 3627 5743 3451 5743 3451 5744 3627 5744 3592 5744 3451 5745 3592 5745 3450 5745 3450 5746 3592 5746 3586 5746 3450 5747 3586 5747 3449 5747 3449 5748 3586 5748 3575 5748 3449 5749 3575 5749 3448 5749 3448 5750 3575 5750 3574 5750 3448 5751 3574 5751 3447 5751 3447 5752 3574 5752 3621 5752 3447 5753 3621 5753 3446 5753 3446 5754 3621 5754 3473 5754 3628 5755 3287 5755 3286 5755 3465 5756 3488 5756 3482 5756 3482 5757 3488 5757 3629 5757 3482 5758 3629 5758 3480 5758 3480 5759 3629 5759 3630 5759 3480 5760 3630 5760 3491 5760 3491 5761 3630 5761 3631 5761 3491 5459 3631 5459 3495 5459 3495 5762 3631 5762 3632 5762 3495 5763 3632 5763 3500 5763 3500 5764 3632 5764 3628 5764 3500 5765 3628 5765 3505 5765 3505 5766 3628 5766 3286 5766 3505 5767 3286 5767 3284 5767 3464 5768 3487 5768 3488 5768 3488 5769 3487 5769 3633 5769 3488 5770 3633 5770 3629 5770 3629 5771 3633 5771 3634 5771 3629 5772 3634 5772 3630 5772 3630 5773 3634 5773 3635 5773 3630 5761 3635 5761 3631 5761 3631 5774 3635 5774 3636 5774 3631 5775 3636 5775 3632 5775 3632 5776 3636 5776 3637 5776 3632 5777 3637 5777 3628 5777 3628 5778 3637 5778 3289 5778 3628 5779 3289 5779 3287 5779 3463 5780 3486 5780 3487 5780 3487 5781 3486 5781 3638 5781 3487 5782 3638 5782 3633 5782 3633 5783 3638 5783 3639 5783 3633 5784 3639 5784 3634 5784 3634 5785 3639 5785 3640 5785 3634 5773 3640 5773 3635 5773 3635 5786 3640 5786 3641 5786 3635 5787 3641 5787 3636 5787 3636 5788 3641 5788 3642 5788 3636 5789 3642 5789 3637 5789 3637 5790 3642 5790 3290 5790 3637 5791 3290 5791 3289 5791 3462 5792 3485 5792 3486 5792 3486 5793 3485 5793 3643 5793 3486 5794 3643 5794 3638 5794 3638 5795 3643 5795 3644 5795 3638 5783 3644 5783 3639 5783 3639 5796 3644 5796 3645 5796 3639 5785 3645 5785 3640 5785 3640 5797 3645 5797 3646 5797 3640 5798 3646 5798 3641 5798 3641 5799 3646 5799 3479 5799 3641 5800 3479 5800 3642 5800 3642 5801 3479 5801 3293 5801 3642 5802 3293 5802 3290 5802 3461 5803 3598 5803 3485 5803 3485 5804 3598 5804 3599 5804 3485 5805 3599 5805 3643 5805 3643 5806 3599 5806 3600 5806 3643 5807 3600 5807 3644 5807 3644 5594 3600 5594 3601 5594 3644 5796 3601 5796 3645 5796 3645 5596 3601 5596 3602 5596 3645 5808 3602 5808 3646 5808 3646 5809 3602 5809 3603 5809 3646 5810 3603 5810 3479 5810 3479 5811 3603 5811 3296 5811 3479 5812 3296 5812 3294 5812 3257 5813 3353 5813 3352 5813 3366 5814 3261 5814 3262 5814 3263 5815 3368 5815 3262 5815 3262 5816 3368 5816 3367 5816 3262 5817 3367 5817 3366 5817 3264 5818 3370 5818 3263 5818 3263 5819 3370 5819 3369 5819 3263 5820 3369 5820 3368 5820 3257 5821 3352 5821 3258 5821 3259 5822 3360 5822 3254 5822 3254 5823 3360 5823 3359 5823 3254 5824 3359 5824 3255 5824 3260 5825 3362 5825 3259 5825 3259 5826 3362 5826 3361 5826 3259 5827 3361 5827 3360 5827 3366 5828 3365 5828 3261 5828 3261 5829 3365 5829 3364 5829 3261 5830 3364 5830 3260 5830 3260 5831 3364 5831 3363 5831 3260 5832 3363 5832 3362 5832 3265 5833 3372 5833 3264 5833 3264 5834 3372 5834 3371 5834 3264 5834 3371 5834 3370 5834 3352 5835 3375 5835 3258 5835 3258 5836 3375 5836 3374 5836 3258 5837 3374 5837 3265 5837 3265 5838 3374 5838 3373 5838 3265 5839 3373 5839 3372 5839 3256 5840 3355 5840 3257 5840 3257 5841 3355 5841 3354 5841 3257 4695 3354 4695 3353 4695 3359 5842 3358 5842 3255 5842 3255 4695 3358 4695 3357 4695 3255 4699 3357 4699 3256 4699 3256 4695 3357 4695 3356 4695 3256 5843 3356 5843 3355 5843 3162 5844 3163 5844 3389 5844 3164 5845 3393 5845 3163 5845 3163 5846 3393 5846 3391 5846 3163 5847 3391 5847 3389 5847 3165 5848 3397 5848 3164 5848 3164 5849 3397 5849 3395 5849 3164 5850 3395 5850 3393 5850 3169 5851 3411 5851 3168 5851 3168 5852 3411 5852 3409 5852 3168 5853 3409 5853 3167 5853 3376 5854 3171 5854 3377 5854 3377 5855 3171 5855 3170 5855 3161 5856 3381 5856 3170 5856 3170 5857 3381 5857 3379 5857 3170 5858 3379 5858 3377 5858 3389 5859 3387 5859 3162 5859 3162 5859 3387 5859 3385 5859 3162 5860 3385 5860 3161 5860 3161 5861 3385 5861 3383 5861 3161 5862 3383 5862 3381 5862 3166 5863 3401 5863 3165 5863 3165 5864 3401 5864 3399 5864 3165 5865 3399 5865 3397 5865 3172 4586 3415 4586 3169 4586 3169 4587 3415 4587 3413 4587 3169 5866 3413 5866 3411 5866 3409 5867 3407 5867 3167 5867 3167 5868 3407 5868 3405 5868 3167 5869 3405 5869 3166 5869 3166 5870 3405 5870 3403 5870 3166 5871 3403 5871 3401 5871 3376 4587 3421 4587 3171 4587 3171 5872 3421 5872 3419 5872 3171 5873 3419 5873 3172 5873 3172 5874 3419 5874 3417 5874 3172 4587 3417 4587 3415 4587 3647 5875 3648 5875 3137 5875 3137 5876 3648 5876 3182 5876 3182 5877 3648 5877 3649 5877 3182 5878 3649 5878 3180 5878 3650 5879 3187 5879 3649 5879 3649 5880 3187 5880 3181 5880 3649 5881 3181 5881 3180 5881 3651 5882 3185 5882 3650 5882 3650 5883 3185 5883 3186 5883 3650 5884 3186 5884 3187 5884 3142 5885 3183 5885 3651 5885 3651 5886 3183 5886 3184 5886 3651 5887 3184 5887 3185 5887 3137 5888 3138 5888 3647 5888 3647 5889 3138 5889 3139 5889 3647 5890 3139 5890 3652 5890 3652 4955 3139 4955 3140 4955 3652 4955 3140 4955 3653 4955 3653 4954 3140 4954 3141 4954 3653 4954 3141 4954 3654 4954 3654 4953 3141 4953 3145 4953 3654 4953 3145 4953 3655 4953 3655 4952 3145 4952 3144 4952 3655 4952 3144 4952 3656 4952 3656 5891 3144 5891 3143 5891 3656 5892 3143 5892 3657 5892 3657 5893 3143 5893 3142 5893 3657 5894 3142 5894 3658 5894 3658 5895 3142 5895 3651 5895 3659 5896 3660 5896 3661 5896 3660 5897 3662 5897 3661 5897 3661 5898 3662 5898 3663 5898 3661 5899 3663 5899 3664 5899 3663 5900 3665 5900 3664 5900 3664 5901 3665 5901 3666 5901 3664 5902 3666 5902 3667 5902 3666 5903 3668 5903 3667 5903 3667 5904 3668 5904 3669 5904 3667 5905 3669 5905 3670 5905 3670 5906 3669 5906 3671 5906 3670 5907 3671 5907 3672 5907 3672 5908 3671 5908 3673 5908 3672 5909 3673 5909 3674 5909 3674 5910 3673 5910 3675 5910 3675 5911 3676 5911 3674 5911 3674 5912 3676 5912 3677 5912 3674 5913 3677 5913 3678 5913 3677 5914 3679 5914 3678 5914 3678 5915 3679 5915 3680 5915 3678 5916 3680 5916 3681 5916 3680 5917 3682 5917 3681 5917 3681 5918 3682 5918 3683 5918 3681 5919 3683 5919 3684 5919 3684 5920 3683 5920 3685 5920 3683 5921 3686 5921 3685 5921 3685 5922 3686 5922 3687 5922 3685 5923 3687 5923 3688 5923 3688 5924 3687 5924 3689 5924 3689 5925 3690 5925 3688 5925 3688 5926 3690 5926 3691 5926 3688 5927 3691 5927 3692 5927 3691 5928 3693 5928 3692 5928 3692 5929 3693 5929 3694 5929 3692 5930 3694 5930 3695 5930 3695 5931 3694 5931 3696 5931 3695 5932 3696 5932 3697 5932 3697 5933 3696 5933 3698 5933 3697 5934 3698 5934 3699 5934 3699 5935 3698 5935 3700 5935 3701 5936 3702 5936 3703 5936 3703 5937 3702 5937 3699 5937 3703 5938 3699 5938 3704 5938 3704 5939 3699 5939 3700 5939 3705 5940 3706 5940 3707 5940 3707 5941 3706 5941 3708 5941 3707 5942 3708 5942 3709 5942 3709 5943 3708 5943 3710 5943 3709 5944 3710 5944 3711 5944 3711 5945 3710 5945 3712 5945 3711 5946 3712 5946 3713 5946 3713 5947 3712 5947 3714 5947 3714 5948 3715 5948 3713 5948 3713 5949 3715 5949 3716 5949 3713 5950 3716 5950 3717 5950 3661 5951 3718 5951 3659 5951 3659 5952 3718 5952 3719 5952 3659 5953 3719 5953 3720 5953 3720 5954 3719 5954 3717 5954 3720 5955 3717 5955 3721 5955 3721 5956 3717 5956 3716 5956 3702 5957 3722 5957 3723 5957 3702 5958 3723 5958 3699 5958 3699 5959 3723 5959 3724 5959 3699 5960 3724 5960 3697 5960 3697 5961 3724 5961 3725 5961 3697 5962 3725 5962 3695 5962 3695 5963 3725 5963 3726 5963 3695 5964 3726 5964 3692 5964 3692 5965 3726 5965 3727 5965 3692 5966 3727 5966 3688 5966 3688 5967 3727 5967 3728 5967 3688 5968 3728 5968 3685 5968 3685 5969 3728 5969 3729 5969 3685 5970 3729 5970 3684 5970 3684 5971 3729 5971 3730 5971 3684 5972 3730 5972 3681 5972 3681 5973 3730 5973 3731 5973 3681 5974 3731 5974 3678 5974 3678 5975 3731 5975 3732 5975 3678 5976 3732 5976 3674 5976 3674 5977 3732 5977 3733 5977 3674 5978 3733 5978 3672 5978 3672 5979 3733 5979 3734 5979 3672 5980 3734 5980 3670 5980 3670 5981 3734 5981 3735 5981 3670 5982 3735 5982 3667 5982 3667 5983 3735 5983 3736 5983 3667 5984 3736 5984 3664 5984 3664 5985 3736 5985 3737 5985 3664 5986 3737 5986 3661 5986 3661 5987 3737 5987 3738 5987 3661 5988 3738 5988 3718 5988 3718 5989 3738 5989 3739 5989 3718 5990 3739 5990 3719 5990 3719 5991 3739 5991 3740 5991 3719 5992 3740 5992 3717 5992 3717 5993 3740 5993 3741 5993 3717 5994 3741 5994 3713 5994 3713 5995 3741 5995 3742 5995 3713 5996 3742 5996 3711 5996 3711 5997 3742 5997 3743 5997 3711 5998 3743 5998 3709 5998 3709 5999 3743 5999 3744 5999 3709 6000 3744 6000 3707 6000 3745 6001 3746 6001 3722 6001 3746 6002 3747 6002 3722 6002 3722 6003 3747 6003 3748 6003 3722 6004 3748 6004 3723 6004 3723 6005 3748 6005 3749 6005 3723 6006 3749 6006 3724 6006 3724 6007 3749 6007 3750 6007 3724 6008 3750 6008 3725 6008 3725 6009 3750 6009 3751 6009 3725 6010 3751 6010 3726 6010 3726 6011 3751 6011 3752 6011 3726 6012 3752 6012 3727 6012 3727 6013 3752 6013 3753 6013 3727 6014 3753 6014 3728 6014 3728 6015 3753 6015 3754 6015 3728 6016 3754 6016 3729 6016 3729 6017 3754 6017 3755 6017 3729 6018 3755 6018 3730 6018 3730 6019 3755 6019 3756 6019 3730 6020 3756 6020 3731 6020 3731 6021 3756 6021 3757 6021 3731 6022 3757 6022 3732 6022 3732 6023 3757 6023 3758 6023 3732 6024 3758 6024 3733 6024 3733 6025 3758 6025 3759 6025 3733 6026 3759 6026 3734 6026 3734 6027 3759 6027 3760 6027 3734 6028 3760 6028 3735 6028 3735 6029 3760 6029 3761 6029 3735 6030 3761 6030 3736 6030 3736 6031 3761 6031 3762 6031 3736 6032 3762 6032 3737 6032 3737 6033 3762 6033 3763 6033 3737 6034 3763 6034 3738 6034 3738 6035 3763 6035 3764 6035 3738 6036 3764 6036 3739 6036 3739 6037 3764 6037 3765 6037 3739 6038 3765 6038 3740 6038 3740 6039 3765 6039 3766 6039 3740 6040 3766 6040 3741 6040 3741 6041 3766 6041 3767 6041 3741 6042 3767 6042 3742 6042 3742 6043 3767 6043 3768 6043 3742 6044 3768 6044 3743 6044 3743 6045 3768 6045 3745 6045 3743 6046 3745 6046 3744 6046 3744 6047 3745 6047 3722 6047 3744 6048 3722 6048 3707 6048 3707 6049 3722 6049 3702 6049 3707 6050 3702 6050 3705 6050 3705 6051 3702 6051 3701 6051 3769 6052 3770 6052 3771 6052 3771 6053 3770 6053 3772 6053 3771 6054 3772 6054 3773 6054 3773 6055 3772 6055 3774 6055 3773 6056 3774 6056 3775 6056 3775 6057 3774 6057 3776 6057 3775 6058 3776 6058 3777 6058 3777 6059 3776 6059 3778 6059 3777 6060 3778 6060 3779 6060 3779 6061 3778 6061 3780 6061 3779 6062 3780 6062 3781 6062 3781 6063 3780 6063 3782 6063 3781 6064 3782 6064 3783 6064 3783 6065 3782 6065 3784 6065 3783 6066 3784 6066 3785 6066 3785 6067 3784 6067 3786 6067 3785 6068 3786 6068 3787 6068 3787 6069 3786 6069 3788 6069 3787 6070 3788 6070 3789 6070 3789 6071 3788 6071 3790 6071 3789 6072 3790 6072 3791 6072 3791 6073 3790 6073 3792 6073 3791 6074 3792 6074 3793 6074 3793 6075 3792 6075 3794 6075 3793 6076 3794 6076 3795 6076 3795 6077 3794 6077 3796 6077 3795 6078 3796 6078 3797 6078 3797 6079 3796 6079 3798 6079 3797 6080 3798 6080 3799 6080 3799 6081 3798 6081 3800 6081 3799 6082 3800 6082 3801 6082 3801 6083 3800 6083 3802 6083 3801 6084 3802 6084 3803 6084 3803 6085 3802 6085 3804 6085 3803 6086 3804 6086 3805 6086 3805 6087 3804 6087 3806 6087 3805 6088 3806 6088 3807 6088 3807 6089 3806 6089 3808 6089 3807 6090 3808 6090 3809 6090 3809 6091 3808 6091 3810 6091 3809 6092 3810 6092 3811 6092 3811 6093 3810 6093 3812 6093 3811 6094 3812 6094 3813 6094 3813 6095 3812 6095 3814 6095 3813 6096 3814 6096 3815 6096 3815 6097 3814 6097 3769 6097 3815 6098 3769 6098 3771 6098 3781 6099 3816 6099 3779 6099 3779 6100 3816 6100 3817 6100 3779 6101 3817 6101 3777 6101 3777 6102 3817 6102 3818 6102 3777 6103 3818 6103 3775 6103 3775 6104 3818 6104 3819 6104 3775 6105 3819 6105 3773 6105 3773 6106 3819 6106 3820 6106 3773 6107 3820 6107 3771 6107 3771 6108 3820 6108 3821 6108 3771 6109 3821 6109 3815 6109 3815 6110 3821 6110 3822 6110 3815 6111 3822 6111 3813 6111 3813 6112 3822 6112 3823 6112 3813 6113 3823 6113 3811 6113 3811 6114 3823 6114 3824 6114 3811 6115 3824 6115 3809 6115 3809 6116 3824 6116 3825 6116 3809 6117 3825 6117 3807 6117 3807 6118 3825 6118 3826 6118 3807 6119 3826 6119 3805 6119 3805 6120 3826 6120 3827 6120 3805 6121 3827 6121 3803 6121 3803 6122 3827 6122 3828 6122 3803 6123 3828 6123 3801 6123 3801 6124 3828 6124 3829 6124 3801 6125 3829 6125 3799 6125 3799 6126 3829 6126 3830 6126 3799 6127 3830 6127 3797 6127 3797 6128 3830 6128 3831 6128 3797 6129 3831 6129 3795 6129 3795 6130 3831 6130 3832 6130 3795 6131 3832 6131 3793 6131 3793 6132 3832 6132 3833 6132 3793 6133 3833 6133 3791 6133 3791 6134 3833 6134 3834 6134 3791 6135 3834 6135 3789 6135 3789 6136 3834 6136 3835 6136 3789 6137 3835 6137 3787 6137 3787 6138 3835 6138 3836 6138 3787 6139 3836 6139 3785 6139 3785 6140 3836 6140 3837 6140 3785 6141 3837 6141 3783 6141 3783 6142 3837 6142 3838 6142 3783 6143 3838 6143 3781 6143 3781 6144 3838 6144 3816 6144 3839 6145 3836 6145 3840 6145 3840 6146 3836 6146 3835 6146 3840 6147 3835 6147 3841 6147 3841 6148 3835 6148 3834 6148 3841 6149 3834 6149 3842 6149 3842 6150 3834 6150 3833 6150 3842 6151 3833 6151 3843 6151 3843 6152 3833 6152 3832 6152 3843 6153 3832 6153 3844 6153 3844 6154 3832 6154 3831 6154 3844 6155 3831 6155 3845 6155 3845 6156 3831 6156 3846 6156 3846 6157 3831 6157 3847 6157 3847 6158 3831 6158 3830 6158 3847 6159 3830 6159 3848 6159 3848 6160 3830 6160 3829 6160 3848 6161 3829 6161 3849 6161 3849 6162 3829 6162 3828 6162 3849 6163 3828 6163 3850 6163 3850 6164 3828 6164 3827 6164 3850 6165 3827 6165 3851 6165 3852 6166 3853 6166 3822 6166 3822 6167 3853 6167 3854 6167 3822 6168 3854 6168 3823 6168 3823 6169 3854 6169 3855 6169 3823 6170 3855 6170 3824 6170 3824 6171 3855 6171 3856 6171 3824 6172 3856 6172 3825 6172 3825 6173 3856 6173 3857 6173 3825 6174 3857 6174 3826 6174 3826 6175 3857 6175 3858 6175 3826 6176 3858 6176 3827 6176 3827 6177 3858 6177 3859 6177 3827 6178 3859 6178 3851 6178 3852 6179 3822 6179 3860 6179 3860 6180 3822 6180 3821 6180 3860 6181 3821 6181 3861 6181 3861 6182 3821 6182 3820 6182 3861 6183 3820 6183 3862 6183 3862 6184 3820 6184 3819 6184 3862 6185 3819 6185 3863 6185 3863 6186 3819 6186 3818 6186 3863 6187 3818 6187 3864 6187 3864 6188 3818 6188 3817 6188 3864 6189 3817 6189 3865 6189 3839 6190 3866 6190 3836 6190 3836 6191 3866 6191 3867 6191 3836 6192 3867 6192 3837 6192 3837 6193 3867 6193 3868 6193 3837 6194 3868 6194 3838 6194 3838 6195 3868 6195 3869 6195 3838 6196 3869 6196 3816 6196 3816 6197 3869 6197 3870 6197 3816 6198 3870 6198 3817 6198 3817 6199 3870 6199 3871 6199 3817 6200 3871 6200 3865 6200 3687 6201 3686 6201 3872 6201 3873 6202 3874 6202 3875 6202 3845 6203 3846 6203 3876 6203 3865 6204 3871 6204 3877 6204 3878 6205 3855 6205 3854 6205 3879 6206 3856 6206 3855 6206 3880 6207 3857 6207 3856 6207 3881 6208 3858 6208 3857 6208 3875 6209 3859 6209 3858 6209 3865 6210 3877 6210 3864 6210 3845 6211 3876 6211 3844 6211 3859 6212 3875 6212 3851 6212 3851 6213 3875 6213 3874 6213 3851 6214 3874 6214 3850 6214 3849 6215 3850 6215 3882 6215 3882 6216 3850 6216 3874 6216 3882 6217 3874 6217 3883 6217 3883 6218 3874 6218 3873 6218 3883 6219 3873 6219 3884 6219 3848 6220 3849 6220 3885 6220 3885 6221 3849 6221 3882 6221 3885 6222 3882 6222 3886 6222 3886 6223 3882 6223 3883 6223 3886 6224 3883 6224 3887 6224 3887 6225 3883 6225 3884 6225 3887 6226 3884 6226 3888 6226 3847 6227 3848 6227 3889 6227 3889 6228 3848 6228 3885 6228 3889 6229 3885 6229 3890 6229 3890 6230 3885 6230 3886 6230 3890 6231 3886 6231 3891 6231 3891 6232 3886 6232 3887 6232 3891 6233 3887 6233 3892 6233 3892 6233 3887 6233 3888 6233 3892 6234 3888 6234 3893 6234 3846 6235 3847 6235 3876 6235 3876 6236 3847 6236 3889 6236 3876 6237 3889 6237 3894 6237 3894 6238 3889 6238 3890 6238 3894 6239 3890 6239 3895 6239 3895 6240 3890 6240 3891 6240 3895 6241 3891 6241 3896 6241 3896 6241 3891 6241 3892 6241 3896 6242 3892 6242 3897 6242 3897 6243 3892 6243 3893 6243 3897 6244 3893 6244 3898 6244 3899 6245 3900 6245 3901 6245 3902 6246 3900 6246 3903 6246 3903 6247 3900 6247 3899 6247 3903 6248 3899 6248 3904 6248 3905 6249 3902 6249 3906 6249 3906 6250 3902 6250 3903 6250 3906 6251 3903 6251 3907 6251 3907 6252 3903 6252 3904 6252 3907 6253 3904 6253 3908 6253 3909 6254 3905 6254 3910 6254 3910 6255 3905 6255 3906 6255 3910 6256 3906 6256 3911 6256 3911 6257 3906 6257 3907 6257 3911 6258 3907 6258 3912 6258 3912 6258 3907 6258 3908 6258 3912 6259 3908 6259 3913 6259 3914 6260 3915 6260 3916 6260 3916 6261 3915 6261 3917 6261 3916 6262 3917 6262 3918 6262 3918 6263 3917 6263 3919 6263 3918 6264 3919 6264 3920 6264 3920 6264 3919 6264 3921 6264 3920 6265 3921 6265 3922 6265 3922 6266 3921 6266 3923 6266 3922 6267 3923 6267 3924 6267 3924 6268 3923 6268 3925 6268 3915 6269 3926 6269 3917 6269 3917 6270 3926 6270 3927 6270 3917 6271 3927 6271 3919 6271 3919 6272 3927 6272 3928 6272 3919 6273 3928 6273 3921 6273 3921 6273 3928 6273 3929 6273 3921 6274 3929 6274 3923 6274 3923 6275 3929 6275 3930 6275 3923 6276 3930 6276 3925 6276 3925 6277 3930 6277 3931 6277 3926 6278 3932 6278 3927 6278 3927 6279 3932 6279 3933 6279 3927 6280 3933 6280 3928 6280 3928 6281 3933 6281 3934 6281 3928 6282 3934 6282 3929 6282 3929 6282 3934 6282 3935 6282 3929 6283 3935 6283 3930 6283 3930 6284 3935 6284 3936 6284 3930 6285 3936 6285 3931 6285 3931 6286 3936 6286 3937 6286 3871 6287 3870 6287 3877 6287 3877 6288 3870 6288 3938 6288 3877 6289 3938 6289 3939 6289 3939 6290 3938 6290 3940 6290 3939 6291 3940 6291 3941 6291 3941 6292 3940 6292 3942 6292 3941 6293 3942 6293 3943 6293 3943 6293 3942 6293 3944 6293 3943 6294 3944 6294 3945 6294 3945 6295 3944 6295 3946 6295 3945 6296 3946 6296 3947 6296 3947 6297 3946 6297 3948 6297 3870 6298 3869 6298 3938 6298 3938 6299 3869 6299 3949 6299 3938 6300 3949 6300 3940 6300 3940 6301 3949 6301 3950 6301 3940 6302 3950 6302 3942 6302 3942 6303 3950 6303 3951 6303 3942 6304 3951 6304 3944 6304 3944 6304 3951 6304 3952 6304 3944 6305 3952 6305 3946 6305 3946 6306 3952 6306 3953 6306 3946 6307 3953 6307 3948 6307 3948 6308 3953 6308 3954 6308 3869 6309 3868 6309 3949 6309 3949 6310 3868 6310 3955 6310 3949 6311 3955 6311 3950 6311 3950 6312 3955 6312 3956 6312 3950 6313 3956 6313 3951 6313 3951 6314 3956 6314 3957 6314 3951 6315 3957 6315 3952 6315 3952 6315 3957 6315 3958 6315 3952 6316 3958 6316 3953 6316 3953 6317 3958 6317 3959 6317 3953 6318 3959 6318 3954 6318 3954 6319 3959 6319 3960 6319 3868 6320 3867 6320 3955 6320 3955 6321 3867 6321 3961 6321 3955 6322 3961 6322 3956 6322 3956 6323 3961 6323 3962 6323 3956 6324 3962 6324 3957 6324 3957 6325 3962 6325 3963 6325 3957 6326 3963 6326 3958 6326 3958 6326 3963 6326 3964 6326 3958 6327 3964 6327 3959 6327 3959 6328 3964 6328 3965 6328 3959 6329 3965 6329 3960 6329 3960 6330 3965 6330 3966 6330 3967 6331 3968 6331 3969 6331 3969 6332 3968 6332 3970 6332 3969 6333 3970 6333 3971 6333 3971 6334 3970 6334 3972 6334 3971 6335 3972 6335 3973 6335 3973 6335 3972 6335 3974 6335 3973 6336 3974 6336 3975 6336 3975 6337 3974 6337 3976 6337 3975 6338 3976 6338 3977 6338 3977 6339 3976 6339 3978 6339 3968 6340 3979 6340 3970 6340 3970 6341 3979 6341 3980 6341 3970 6342 3980 6342 3972 6342 3972 6343 3980 6343 3981 6343 3972 6344 3981 6344 3974 6344 3974 6344 3981 6344 3982 6344 3974 6345 3982 6345 3976 6345 3976 6346 3982 6346 3983 6346 3976 6347 3983 6347 3978 6347 3978 6348 3983 6348 3984 6348 3979 6349 3985 6349 3980 6349 3980 6350 3985 6350 3986 6350 3980 6351 3986 6351 3981 6351 3981 6352 3986 6352 3987 6352 3981 6353 3987 6353 3982 6353 3982 6353 3987 6353 3988 6353 3982 6354 3988 6354 3983 6354 3983 6355 3988 6355 3989 6355 3983 6356 3989 6356 3984 6356 3984 6357 3989 6357 3990 6357 3991 6358 3913 6358 3992 6358 3992 6359 3913 6359 3908 6359 3992 6360 3908 6360 3993 6360 3993 6253 3908 6253 3904 6253 3993 6361 3904 6361 3994 6361 3994 6362 3904 6362 3899 6362 3994 6363 3899 6363 3995 6363 3995 6364 3899 6364 3901 6364 3995 6365 3901 6365 3996 6365 3996 6366 3901 6366 3690 6366 3996 6367 3690 6367 3689 6367 3905 6368 3696 6368 3902 6368 3902 6369 3696 6369 3694 6369 3902 6370 3694 6370 3900 6370 3900 6371 3694 6371 3693 6371 3900 6372 3693 6372 3901 6372 3901 6373 3693 6373 3691 6373 3901 6374 3691 6374 3690 6374 3701 6375 3703 6375 3997 6375 3997 6376 3703 6376 3909 6376 3997 6377 3909 6377 3998 6377 3998 6378 3909 6378 3910 6378 3998 6379 3910 6379 3999 6379 3999 6380 3910 6380 3911 6380 3999 6381 3911 6381 4000 6381 4000 6381 3911 6381 3912 6381 4000 6382 3912 6382 4001 6382 4001 6383 3912 6383 3913 6383 4001 6384 3913 6384 4002 6384 4002 6385 3913 6385 3991 6385 4002 6386 3991 6386 3853 6386 3853 6387 3991 6387 3854 6387 3703 6388 3704 6388 3909 6388 3909 6389 3704 6389 3700 6389 3909 6390 3700 6390 3905 6390 3905 6391 3700 6391 3698 6391 3905 6392 3698 6392 3696 6392 4002 6393 3914 6393 4001 6393 4001 6394 3914 6394 3916 6394 4001 6395 3916 6395 4000 6395 4000 6396 3916 6396 3918 6396 4000 6397 3918 6397 3999 6397 3999 6397 3918 6397 3920 6397 3999 6398 3920 6398 3998 6398 3998 6399 3920 6399 3922 6399 3998 6400 3922 6400 3997 6400 3997 6401 3922 6401 3924 6401 3997 6402 3924 6402 3701 6402 3715 6403 3714 6403 4003 6403 4003 6404 3714 6404 3937 6404 4003 6405 3937 6405 4004 6405 4004 6406 3937 6406 3936 6406 4004 6407 3936 6407 4005 6407 4005 6408 3936 6408 3935 6408 4005 6409 3935 6409 4006 6409 4006 6409 3935 6409 3934 6409 4006 6410 3934 6410 4007 6410 4007 6411 3934 6411 3933 6411 4007 6412 3933 6412 4008 6412 4008 6413 3933 6413 3932 6413 3714 6414 3712 6414 3937 6414 3937 6415 3712 6415 3710 6415 3937 6416 3710 6416 3931 6416 3931 6417 3710 6417 3708 6417 3931 6418 3708 6418 3925 6418 3925 6419 3708 6419 3706 6419 3925 6420 3706 6420 3924 6420 3924 6421 3706 6421 3705 6421 3924 6422 3705 6422 3701 6422 3853 6423 3852 6423 4002 6423 4002 6424 3852 6424 3860 6424 4002 6425 3860 6425 3914 6425 3914 6426 3860 6426 3861 6426 3914 6427 3861 6427 3915 6427 3915 6428 3861 6428 3862 6428 3915 6429 3862 6429 3926 6429 3926 6430 3862 6430 3863 6430 3926 6431 3863 6431 3932 6431 3932 6432 3863 6432 3864 6432 3932 6433 3864 6433 4008 6433 4008 6434 3864 6434 3877 6434 4008 6435 3877 6435 4007 6435 4007 6436 3877 6436 3939 6436 4007 6437 3939 6437 4006 6437 4006 6438 3939 6438 3941 6438 4006 6439 3941 6439 4005 6439 4005 6439 3941 6439 3943 6439 4005 6440 3943 6440 4004 6440 4004 6441 3943 6441 3945 6441 4004 6442 3945 6442 4003 6442 4003 6443 3945 6443 3947 6443 4003 6444 3947 6444 3715 6444 3665 6445 3663 6445 4009 6445 4009 6446 3663 6446 3966 6446 4009 6447 3966 6447 4010 6447 4010 6448 3966 6448 3965 6448 4010 6449 3965 6449 4011 6449 4011 6450 3965 6450 3964 6450 4011 6451 3964 6451 4012 6451 4012 6451 3964 6451 3963 6451 4012 6452 3963 6452 4013 6452 4013 6453 3963 6453 3962 6453 4013 6454 3962 6454 4014 6454 4014 6455 3962 6455 3961 6455 4014 6456 3961 6456 3866 6456 3866 6457 3961 6457 3867 6457 3663 6458 3662 6458 3966 6458 3966 6459 3662 6459 3660 6459 3966 6460 3660 6460 3960 6460 3960 6461 3660 6461 3659 6461 3960 6462 3659 6462 3954 6462 3954 6463 3659 6463 3720 6463 3954 6464 3720 6464 3948 6464 3948 6465 3720 6465 3721 6465 3948 6466 3721 6466 3947 6466 3947 6467 3721 6467 3716 6467 3947 6468 3716 6468 3715 6468 4014 6469 3967 6469 4013 6469 4013 6470 3967 6470 3969 6470 4013 6471 3969 6471 4012 6471 4012 6472 3969 6472 3971 6472 4012 6473 3971 6473 4011 6473 4011 6473 3971 6473 3973 6473 4011 6474 3973 6474 4010 6474 4010 6475 3973 6475 3975 6475 4010 6476 3975 6476 4009 6476 4009 6477 3975 6477 3977 6477 4009 6478 3977 6478 3665 6478 3676 6479 3675 6479 4015 6479 4015 6480 3675 6480 3990 6480 4015 6481 3990 6481 4016 6481 4016 6482 3990 6482 3989 6482 4016 6483 3989 6483 4017 6483 4017 6484 3989 6484 3988 6484 4017 6485 3988 6485 4018 6485 4018 6485 3988 6485 3987 6485 4018 6486 3987 6486 4019 6486 4019 6487 3987 6487 3986 6487 4019 6488 3986 6488 4020 6488 4020 6489 3986 6489 3985 6489 3675 6490 3673 6490 3990 6490 3990 6491 3673 6491 3671 6491 3990 6492 3671 6492 3984 6492 3984 6493 3671 6493 3669 6493 3984 6494 3669 6494 3978 6494 3978 6495 3669 6495 3668 6495 3978 6496 3668 6496 3977 6496 3977 6497 3668 6497 3666 6497 3977 6498 3666 6498 3665 6498 3677 6499 3676 6499 3898 6499 3898 6500 3676 6500 4015 6500 3898 6501 4015 6501 3897 6501 3897 6502 4015 6502 4016 6502 3897 6503 4016 6503 3896 6503 3896 6504 4016 6504 4017 6504 3896 6505 4017 6505 3895 6505 3895 6505 4017 6505 4018 6505 3895 6506 4018 6506 3894 6506 3894 6507 4018 6507 4019 6507 3894 6508 4019 6508 3876 6508 3876 6509 4019 6509 4020 6509 3876 6510 4020 6510 3844 6510 3844 6511 4020 6511 3985 6511 3844 6512 3985 6512 3843 6512 3843 6513 3985 6513 3979 6513 3843 6514 3979 6514 3842 6514 3842 6515 3979 6515 3968 6515 3842 6516 3968 6516 3841 6516 3841 6517 3968 6517 3967 6517 3841 6518 3967 6518 3840 6518 3840 6519 3967 6519 4014 6519 3840 6520 4014 6520 3839 6520 3839 6521 4014 6521 3866 6521 4021 6522 3680 6522 3679 6522 3858 6523 3881 6523 3875 6523 3875 6524 3881 6524 4022 6524 3875 6525 4022 6525 3873 6525 3873 6526 4022 6526 4023 6526 3873 6527 4023 6527 3884 6527 3884 6528 4023 6528 4024 6528 3884 6226 4024 6226 3888 6226 3888 6529 4024 6529 4025 6529 3888 6530 4025 6530 3893 6530 3893 6531 4025 6531 4021 6531 3893 6532 4021 6532 3898 6532 3898 6533 4021 6533 3679 6533 3898 6534 3679 6534 3677 6534 3857 6535 3880 6535 3881 6535 3881 6536 3880 6536 4026 6536 3881 6537 4026 6537 4022 6537 4022 6538 4026 6538 4027 6538 4022 6539 4027 6539 4023 6539 4023 6540 4027 6540 4028 6540 4023 6528 4028 6528 4024 6528 4024 6541 4028 6541 4029 6541 4024 6542 4029 6542 4025 6542 4025 6543 4029 6543 4030 6543 4025 6544 4030 6544 4021 6544 4021 6545 4030 6545 3682 6545 4021 6546 3682 6546 3680 6546 3856 6547 3879 6547 3880 6547 3880 6548 3879 6548 4031 6548 3880 6549 4031 6549 4026 6549 4026 6550 4031 6550 4032 6550 4026 6551 4032 6551 4027 6551 4027 6552 4032 6552 4033 6552 4027 6540 4033 6540 4028 6540 4028 6553 4033 6553 4034 6553 4028 6554 4034 6554 4029 6554 4029 6555 4034 6555 4035 6555 4029 6556 4035 6556 4030 6556 4030 6557 4035 6557 3683 6557 4030 6558 3683 6558 3682 6558 3855 6559 3878 6559 3879 6559 3879 6560 3878 6560 4036 6560 3879 6561 4036 6561 4031 6561 4031 6562 4036 6562 4037 6562 4031 6550 4037 6550 4032 6550 4032 6563 4037 6563 4038 6563 4032 6552 4038 6552 4033 6552 4033 6564 4038 6564 4039 6564 4033 6565 4039 6565 4034 6565 4034 6566 4039 6566 3872 6566 4034 6567 3872 6567 4035 6567 4035 6568 3872 6568 3686 6568 4035 6569 3686 6569 3683 6569 3854 6570 3991 6570 3878 6570 3878 6571 3991 6571 3992 6571 3878 6572 3992 6572 4036 6572 4036 6573 3992 6573 3993 6573 4036 6574 3993 6574 4037 6574 4037 6361 3993 6361 3994 6361 4037 6563 3994 6563 4038 6563 4038 6363 3994 6363 3995 6363 4038 6575 3995 6575 4039 6575 4039 6576 3995 6576 3996 6576 4039 6577 3996 6577 3872 6577 3872 6578 3996 6578 3689 6578 3872 6579 3689 6579 3687 6579 3650 6580 3746 6580 3745 6580 3759 6581 3654 6581 3655 6581 3656 6582 3761 6582 3655 6582 3655 6583 3761 6583 3760 6583 3655 6584 3760 6584 3759 6584 3657 6585 3763 6585 3656 6585 3656 6586 3763 6586 3762 6586 3656 6587 3762 6587 3761 6587 3650 6588 3745 6588 3651 6588 3652 6589 3753 6589 3647 6589 3647 6590 3753 6590 3752 6590 3647 6591 3752 6591 3648 6591 3653 6592 3755 6592 3652 6592 3652 6593 3755 6593 3754 6593 3652 6594 3754 6594 3753 6594 3759 6595 3758 6595 3654 6595 3654 6596 3758 6596 3757 6596 3654 6597 3757 6597 3653 6597 3653 6598 3757 6598 3756 6598 3653 6599 3756 6599 3755 6599 3658 6600 3765 6600 3657 6600 3657 6601 3765 6601 3764 6601 3657 6601 3764 6601 3763 6601 3745 6602 3768 6602 3651 6602 3651 6603 3768 6603 3767 6603 3651 6604 3767 6604 3658 6604 3658 6605 3767 6605 3766 6605 3658 6606 3766 6606 3765 6606 3752 6607 3751 6607 3648 6607 3648 4517 3751 4517 3750 4517 3648 4517 3750 4517 3649 4517 3750 4517 3749 4517 3649 4517 3649 6608 3749 6608 3748 6608 3649 6609 3748 6609 3650 6609 3650 6610 3748 6610 3747 6610 3650 4517 3747 4517 3746 4517 3190 6611 3191 6611 3786 6611 3192 6612 3790 6612 3191 6612 3191 6613 3790 6613 3788 6613 3191 6614 3788 6614 3786 6614 3769 6615 3198 6615 3770 6615 3770 6616 3198 6616 3197 6616 3188 6617 3774 6617 3197 6617 3197 6618 3774 6618 3772 6618 3197 6619 3772 6619 3770 6619 3189 6620 3778 6620 3188 6620 3188 6621 3778 6621 3776 6621 3188 6622 3776 6622 3774 6622 3786 6623 3784 6623 3190 6623 3190 6624 3784 6624 3782 6624 3190 6625 3782 6625 3189 6625 3189 6626 3782 6626 3780 6626 3189 6626 3780 6626 3778 6626 3193 6627 3794 6627 3192 6627 3192 6628 3794 6628 3792 6628 3192 6629 3792 6629 3790 6629 3194 6630 3798 6630 3193 6630 3193 6631 3798 6631 3796 6631 3193 6632 3796 6632 3794 6632 3196 6633 3804 6633 3195 6633 3195 6634 3804 6634 3802 6634 3195 6635 3802 6635 3194 6635 3194 6636 3802 6636 3800 6636 3194 6637 3800 6637 3798 6637 3199 4829 3808 4829 3196 4829 3196 4829 3808 4829 3806 4829 3196 6638 3806 6638 3804 6638 3769 4829 3814 4829 3198 4829 3198 6639 3814 6639 3812 6639 3198 6640 3812 6640 3199 6640 3199 6641 3812 6641 3810 6641 3199 4829 3810 4829 3808 4829 4040 6642 4041 6642 3121 6642 3121 6643 4041 6643 3202 6643 3202 6644 4041 6644 4042 6644 3202 6645 4042 6645 3200 6645 4043 6646 3207 6646 4042 6646 4042 6647 3207 6647 3201 6647 4042 6648 3201 6648 3200 6648 4044 6649 3205 6649 4043 6649 4043 6650 3205 6650 3206 6650 4043 6651 3206 6651 3207 6651 3118 6652 3203 6652 4044 6652 4044 6653 3203 6653 3204 6653 4044 6654 3204 6654 3205 6654 3121 6655 3122 6655 4040 6655 4040 6656 3122 6656 3123 6656 4040 6657 3123 6657 4045 6657 4045 5022 3123 5022 3124 5022 4045 5022 3124 5022 4046 5022 4046 5021 3124 5021 3125 5021 4046 5021 3125 5021 4047 5021 4047 5020 3125 5020 3126 5020 4047 5020 3126 5020 4048 5020 4048 5019 3126 5019 3120 5019 4048 5019 3120 5019 4049 5019 4049 6658 3120 6658 3119 6658 4049 6659 3119 6659 4050 6659 4050 6660 3119 6660 3118 6660 4050 6661 3118 6661 4051 6661 4051 6662 3118 6662 4044 6662 4052 6663 4053 6663 4054 6663 4053 6664 4055 6664 4054 6664 4054 6665 4055 6665 4056 6665 4054 6666 4056 6666 4057 6666 4056 6667 4058 6667 4057 6667 4057 6668 4058 6668 4059 6668 4057 6669 4059 6669 4060 6669 4059 6670 4061 6670 4060 6670 4060 6671 4061 6671 4062 6671 4060 6672 4062 6672 4063 6672 4063 6673 4062 6673 4064 6673 4063 6674 4064 6674 4065 6674 4065 6675 4064 6675 4066 6675 4065 6676 4066 6676 4067 6676 4067 6677 4066 6677 4068 6677 4068 6678 4069 6678 4067 6678 4067 6679 4069 6679 4070 6679 4067 6680 4070 6680 4071 6680 4070 6681 4072 6681 4071 6681 4071 6682 4072 6682 4073 6682 4071 6683 4073 6683 4074 6683 4073 6684 4075 6684 4074 6684 4074 6685 4075 6685 4076 6685 4074 6686 4076 6686 4077 6686 4077 6687 4076 6687 4078 6687 4076 6688 4079 6688 4078 6688 4078 6689 4079 6689 4080 6689 4078 6690 4080 6690 4081 6690 4081 6691 4080 6691 4082 6691 4082 6692 4083 6692 4081 6692 4081 6693 4083 6693 4084 6693 4081 6694 4084 6694 4085 6694 4084 6695 4086 6695 4085 6695 4085 6696 4086 6696 4087 6696 4085 6697 4087 6697 4088 6697 4088 6698 4087 6698 4089 6698 4088 6699 4089 6699 4090 6699 4090 6700 4089 6700 4091 6700 4090 6701 4091 6701 4092 6701 4092 6702 4091 6702 4093 6702 4094 6703 4095 6703 4096 6703 4096 6704 4095 6704 4092 6704 4096 6705 4092 6705 4097 6705 4097 6706 4092 6706 4093 6706 4098 6707 4099 6707 4100 6707 4100 6708 4099 6708 4101 6708 4100 6709 4101 6709 4102 6709 4102 6710 4101 6710 4103 6710 4102 6711 4103 6711 4104 6711 4104 6712 4103 6712 4105 6712 4104 6713 4105 6713 4106 6713 4106 6714 4105 6714 4107 6714 4107 6715 4108 6715 4106 6715 4106 6716 4108 6716 4109 6716 4106 6717 4109 6717 4110 6717 4054 6718 4111 6718 4052 6718 4052 6719 4111 6719 4112 6719 4052 6720 4112 6720 4113 6720 4113 6721 4112 6721 4110 6721 4113 6722 4110 6722 4114 6722 4114 6723 4110 6723 4109 6723 4095 6724 4115 6724 4116 6724 4095 6725 4116 6725 4092 6725 4092 6726 4116 6726 4117 6726 4092 6727 4117 6727 4090 6727 4090 6728 4117 6728 4118 6728 4090 6729 4118 6729 4088 6729 4088 6730 4118 6730 4119 6730 4088 6731 4119 6731 4085 6731 4085 6732 4119 6732 4120 6732 4085 6733 4120 6733 4081 6733 4081 6734 4120 6734 4121 6734 4081 6735 4121 6735 4078 6735 4078 6736 4121 6736 4122 6736 4078 6737 4122 6737 4077 6737 4077 6738 4122 6738 4123 6738 4077 6739 4123 6739 4074 6739 4074 6740 4123 6740 4124 6740 4074 6741 4124 6741 4071 6741 4071 6742 4124 6742 4125 6742 4071 6743 4125 6743 4067 6743 4067 6744 4125 6744 4126 6744 4067 6745 4126 6745 4065 6745 4065 6746 4126 6746 4127 6746 4065 6747 4127 6747 4063 6747 4063 6748 4127 6748 4128 6748 4063 6749 4128 6749 4060 6749 4060 6750 4128 6750 4129 6750 4060 6751 4129 6751 4057 6751 4057 6752 4129 6752 4130 6752 4057 6753 4130 6753 4054 6753 4054 6754 4130 6754 4131 6754 4054 6755 4131 6755 4111 6755 4111 6756 4131 6756 4132 6756 4111 5377 4132 5377 4112 5377 4112 6757 4132 6757 4133 6757 4112 6758 4133 6758 4110 6758 4110 6759 4133 6759 4134 6759 4110 6760 4134 6760 4106 6760 4106 6761 4134 6761 4135 6761 4106 6762 4135 6762 4104 6762 4104 6763 4135 6763 4136 6763 4104 6764 4136 6764 4102 6764 4102 6765 4136 6765 4137 6765 4102 6766 4137 6766 4100 6766 4138 6767 4139 6767 4115 6767 4139 6768 4140 6768 4115 6768 4115 6769 4140 6769 4141 6769 4115 6770 4141 6770 4116 6770 4116 6771 4141 6771 4142 6771 4116 6772 4142 6772 4117 6772 4117 6773 4142 6773 4143 6773 4117 6774 4143 6774 4118 6774 4118 6775 4143 6775 4144 6775 4118 6776 4144 6776 4119 6776 4119 6777 4144 6777 4145 6777 4119 6778 4145 6778 4120 6778 4120 6779 4145 6779 4146 6779 4120 6780 4146 6780 4121 6780 4121 6781 4146 6781 4147 6781 4121 6782 4147 6782 4122 6782 4122 6783 4147 6783 4148 6783 4122 6784 4148 6784 4123 6784 4123 6785 4148 6785 4149 6785 4123 6786 4149 6786 4124 6786 4124 6787 4149 6787 4150 6787 4124 6788 4150 6788 4125 6788 4125 6789 4150 6789 4151 6789 4125 6790 4151 6790 4126 6790 4126 6791 4151 6791 4152 6791 4126 6792 4152 6792 4127 6792 4127 6793 4152 6793 4153 6793 4127 6794 4153 6794 4128 6794 4128 6795 4153 6795 4154 6795 4128 6796 4154 6796 4129 6796 4129 6797 4154 6797 4155 6797 4129 6798 4155 6798 4130 6798 4130 6799 4155 6799 4156 6799 4130 6800 4156 6800 4131 6800 4131 6801 4156 6801 4157 6801 4131 6802 4157 6802 4132 6802 4132 6803 4157 6803 4158 6803 4132 6804 4158 6804 4133 6804 4133 6805 4158 6805 4159 6805 4133 6806 4159 6806 4134 6806 4134 6807 4159 6807 4160 6807 4134 6808 4160 6808 4135 6808 4135 6809 4160 6809 4161 6809 4135 6810 4161 6810 4136 6810 4136 6811 4161 6811 4138 6811 4136 6812 4138 6812 4137 6812 4137 6813 4138 6813 4115 6813 4137 6814 4115 6814 4100 6814 4100 6815 4115 6815 4095 6815 4100 6816 4095 6816 4098 6816 4098 6817 4095 6817 4094 6817 4162 6818 4163 6818 4164 6818 4164 6819 4163 6819 4165 6819 4164 6820 4165 6820 4166 6820 4166 6821 4165 6821 4167 6821 4166 6822 4167 6822 4168 6822 4168 6823 4167 6823 4169 6823 4168 6824 4169 6824 4170 6824 4170 6825 4169 6825 4171 6825 4170 6826 4171 6826 4172 6826 4172 6827 4171 6827 4173 6827 4172 6828 4173 6828 4174 6828 4174 6829 4173 6829 4175 6829 4174 6830 4175 6830 4176 6830 4176 6831 4175 6831 4177 6831 4176 6832 4177 6832 4178 6832 4178 6833 4177 6833 4179 6833 4178 6834 4179 6834 4180 6834 4180 6835 4179 6835 4181 6835 4180 6836 4181 6836 4182 6836 4182 6837 4181 6837 4183 6837 4182 6838 4183 6838 4184 6838 4184 6839 4183 6839 4185 6839 4184 6840 4185 6840 4186 6840 4186 6841 4185 6841 4187 6841 4186 6842 4187 6842 4188 6842 4188 6843 4187 6843 4189 6843 4188 6844 4189 6844 4190 6844 4190 6845 4189 6845 4191 6845 4190 6846 4191 6846 4192 6846 4192 6847 4191 6847 4193 6847 4192 6848 4193 6848 4194 6848 4194 6849 4193 6849 4195 6849 4194 6850 4195 6850 4196 6850 4196 6851 4195 6851 4197 6851 4196 6852 4197 6852 4198 6852 4198 6853 4197 6853 4199 6853 4198 6854 4199 6854 4200 6854 4200 6855 4199 6855 4201 6855 4200 6856 4201 6856 4202 6856 4202 6857 4201 6857 4203 6857 4202 6858 4203 6858 4204 6858 4204 6859 4203 6859 4205 6859 4204 6860 4205 6860 4206 6860 4206 6861 4205 6861 4207 6861 4206 6862 4207 6862 4208 6862 4208 6863 4207 6863 4162 6863 4208 6864 4162 6864 4164 6864 4174 6865 4209 6865 4172 6865 4172 6866 4209 6866 4210 6866 4172 6867 4210 6867 4170 6867 4170 6868 4210 6868 4211 6868 4170 6869 4211 6869 4168 6869 4168 6870 4211 6870 4212 6870 4168 6871 4212 6871 4166 6871 4166 6872 4212 6872 4213 6872 4166 6873 4213 6873 4164 6873 4164 6874 4213 6874 4214 6874 4164 6875 4214 6875 4208 6875 4208 6876 4214 6876 4215 6876 4208 6877 4215 6877 4206 6877 4206 6878 4215 6878 4216 6878 4206 6879 4216 6879 4204 6879 4204 6880 4216 6880 4217 6880 4204 6881 4217 6881 4202 6881 4202 6882 4217 6882 4218 6882 4202 6883 4218 6883 4200 6883 4200 6884 4218 6884 4219 6884 4200 6885 4219 6885 4198 6885 4198 6886 4219 6886 4220 6886 4198 6887 4220 6887 4196 6887 4196 6888 4220 6888 4221 6888 4196 6889 4221 6889 4194 6889 4194 6890 4221 6890 4222 6890 4194 6891 4222 6891 4192 6891 4192 6892 4222 6892 4223 6892 4192 6893 4223 6893 4190 6893 4190 6894 4223 6894 4224 6894 4190 6895 4224 6895 4188 6895 4188 6896 4224 6896 4225 6896 4188 6897 4225 6897 4186 6897 4186 6898 4225 6898 4226 6898 4186 6899 4226 6899 4184 6899 4184 6900 4226 6900 4227 6900 4184 6901 4227 6901 4182 6901 4182 6902 4227 6902 4228 6902 4182 6903 4228 6903 4180 6903 4180 6904 4228 6904 4229 6904 4180 6905 4229 6905 4178 6905 4178 6906 4229 6906 4230 6906 4178 6907 4230 6907 4176 6907 4176 6908 4230 6908 4231 6908 4176 6909 4231 6909 4174 6909 4174 5223 4231 5223 4209 5223 4232 6910 4229 6910 4233 6910 4233 6911 4229 6911 4228 6911 4233 6912 4228 6912 4234 6912 4234 6913 4228 6913 4227 6913 4234 6914 4227 6914 4235 6914 4235 6915 4227 6915 4226 6915 4235 6916 4226 6916 4236 6916 4236 6917 4226 6917 4225 6917 4236 6918 4225 6918 4237 6918 4237 6919 4225 6919 4224 6919 4237 6920 4224 6920 4238 6920 4238 6921 4224 6921 4239 6921 4239 6922 4224 6922 4240 6922 4240 6923 4224 6923 4223 6923 4240 6924 4223 6924 4241 6924 4241 6925 4223 6925 4222 6925 4241 6926 4222 6926 4242 6926 4242 6927 4222 6927 4221 6927 4242 6928 4221 6928 4243 6928 4243 6929 4221 6929 4220 6929 4243 6930 4220 6930 4244 6930 4245 6931 4246 6931 4215 6931 4215 6932 4246 6932 4247 6932 4215 6933 4247 6933 4216 6933 4216 6934 4247 6934 4248 6934 4216 6935 4248 6935 4217 6935 4217 6936 4248 6936 4249 6936 4217 6937 4249 6937 4218 6937 4218 6938 4249 6938 4250 6938 4218 6939 4250 6939 4219 6939 4219 6940 4250 6940 4251 6940 4219 6941 4251 6941 4220 6941 4220 6942 4251 6942 4252 6942 4220 6943 4252 6943 4244 6943 4245 6944 4215 6944 4253 6944 4253 6945 4215 6945 4214 6945 4253 6946 4214 6946 4254 6946 4254 6947 4214 6947 4213 6947 4254 6948 4213 6948 4255 6948 4255 6949 4213 6949 4212 6949 4255 6950 4212 6950 4256 6950 4256 6951 4212 6951 4211 6951 4256 6952 4211 6952 4257 6952 4257 6953 4211 6953 4210 6953 4257 6954 4210 6954 4258 6954 4232 6955 4259 6955 4229 6955 4229 6956 4259 6956 4260 6956 4229 6957 4260 6957 4230 6957 4230 6958 4260 6958 4261 6958 4230 6959 4261 6959 4231 6959 4231 6960 4261 6960 4262 6960 4231 6961 4262 6961 4209 6961 4209 6962 4262 6962 4263 6962 4209 6963 4263 6963 4210 6963 4210 6964 4263 6964 4264 6964 4210 6965 4264 6965 4258 6965 4080 6966 4079 6966 4265 6966 4266 6967 4267 6967 4268 6967 4238 6968 4239 6968 4269 6968 4258 6969 4264 6969 4270 6969 4271 6970 4248 6970 4247 6970 4272 6971 4249 6971 4248 6971 4273 6972 4250 6972 4249 6972 4274 6973 4251 6973 4250 6973 4268 6974 4252 6974 4251 6974 4258 6975 4270 6975 4257 6975 4238 6976 4269 6976 4237 6976 4252 6977 4268 6977 4244 6977 4244 6978 4268 6978 4267 6978 4244 6979 4267 6979 4243 6979 4242 6980 4243 6980 4275 6980 4275 6981 4243 6981 4267 6981 4275 6982 4267 6982 4276 6982 4276 6983 4267 6983 4266 6983 4276 6984 4266 6984 4277 6984 4241 6985 4242 6985 4278 6985 4278 6986 4242 6986 4275 6986 4278 6987 4275 6987 4279 6987 4279 6988 4275 6988 4276 6988 4279 6989 4276 6989 4280 6989 4280 6990 4276 6990 4277 6990 4280 5594 4277 5594 4281 5594 4240 6991 4241 6991 4282 6991 4282 6992 4241 6992 4278 6992 4282 6993 4278 6993 4283 6993 4283 6994 4278 6994 4279 6994 4283 6995 4279 6995 4284 6995 4284 6996 4279 6996 4280 6996 4284 6997 4280 6997 4285 6997 4285 6997 4280 6997 4281 6997 4285 6998 4281 6998 4286 6998 4239 6999 4240 6999 4269 6999 4269 7000 4240 7000 4282 7000 4269 7001 4282 7001 4287 7001 4287 7002 4282 7002 4283 7002 4287 7003 4283 7003 4288 7003 4288 5490 4283 5490 4284 5490 4288 5491 4284 5491 4289 5491 4289 5491 4284 5491 4285 5491 4289 7004 4285 7004 4290 7004 4290 7005 4285 7005 4286 7005 4290 7006 4286 7006 4291 7006 4292 7007 4293 7007 4294 7007 4295 7008 4293 7008 4296 7008 4296 7009 4293 7009 4292 7009 4296 7010 4292 7010 4297 7010 4298 7011 4295 7011 4299 7011 4299 7012 4295 7012 4296 7012 4299 7013 4296 7013 4300 7013 4300 7014 4296 7014 4297 7014 4300 7015 4297 7015 4301 7015 4302 7016 4298 7016 4303 7016 4303 7017 4298 7017 4299 7017 4303 7018 4299 7018 4304 7018 4304 5473 4299 5473 4300 5473 4304 5474 4300 5474 4305 5474 4305 5474 4300 5474 4301 5474 4305 7019 4301 7019 4306 7019 4307 7020 4308 7020 4309 7020 4309 7021 4308 7021 4310 7021 4309 7022 4310 7022 4311 7022 4311 5587 4310 5587 4312 5587 4311 5586 4312 5586 4313 5586 4313 5586 4312 5586 4314 5586 4313 7023 4314 7023 4315 7023 4315 7024 4314 7024 4316 7024 4315 7025 4316 7025 4317 7025 4317 7026 4316 7026 4318 7026 4308 7027 4319 7027 4310 7027 4310 7028 4319 7028 4320 7028 4310 7029 4320 7029 4312 7029 4312 7030 4320 7030 4321 7030 4312 5577 4321 5577 4314 5577 4314 5577 4321 5577 4322 5577 4314 5576 4322 5576 4316 5576 4316 7031 4322 7031 4323 7031 4316 7032 4323 7032 4318 7032 4318 7033 4323 7033 4324 7033 4319 7034 4325 7034 4320 7034 4320 7035 4325 7035 4326 7035 4320 7036 4326 7036 4321 7036 4321 5569 4326 5569 4327 5569 4321 5568 4327 5568 4322 5568 4322 5568 4327 5568 4328 5568 4322 7037 4328 7037 4323 7037 4323 7038 4328 7038 4329 7038 4323 7039 4329 7039 4324 7039 4324 7040 4329 7040 4330 7040 4264 7041 4263 7041 4270 7041 4270 7042 4263 7042 4331 7042 4270 7043 4331 7043 4332 7043 4332 7044 4331 7044 4333 7044 4332 7045 4333 7045 4334 7045 4334 7046 4333 7046 4335 7046 4334 5559 4335 5559 4336 5559 4336 5559 4335 5559 4337 5559 4336 7047 4337 7047 4338 7047 4338 7048 4337 7048 4339 7048 4338 7049 4339 7049 4340 7049 4340 7050 4339 7050 4341 7050 4263 7051 4262 7051 4331 7051 4331 7052 4262 7052 4342 7052 4331 7053 4342 7053 4333 7053 4333 7054 4342 7054 4343 7054 4333 7055 4343 7055 4335 7055 4335 7056 4343 7056 4344 7056 4335 5548 4344 5548 4337 5548 4337 5548 4344 5548 4345 5548 4337 5547 4345 5547 4339 5547 4339 7057 4345 7057 4346 7057 4339 7058 4346 7058 4341 7058 4341 7059 4346 7059 4347 7059 4262 7060 4261 7060 4342 7060 4342 7061 4261 7061 4348 7061 4342 7062 4348 7062 4343 7062 4343 7063 4348 7063 4349 7063 4343 7064 4349 7064 4344 7064 4344 5538 4349 5538 4350 5538 4344 5537 4350 5537 4345 5537 4345 5537 4350 5537 4351 5537 4345 7065 4351 7065 4346 7065 4346 7066 4351 7066 4352 7066 4346 7067 4352 7067 4347 7067 4347 7068 4352 7068 4353 7068 4261 7069 4260 7069 4348 7069 4348 7070 4260 7070 4354 7070 4348 7071 4354 7071 4349 7071 4349 7072 4354 7072 4355 7072 4349 7073 4355 7073 4350 7073 4350 7074 4355 7074 4356 7074 4350 5526 4356 5526 4351 5526 4351 5526 4356 5526 4357 5526 4351 7075 4357 7075 4352 7075 4352 7076 4357 7076 4358 7076 4352 7077 4358 7077 4353 7077 4353 7078 4358 7078 4359 7078 4360 7079 4361 7079 4362 7079 4362 7080 4361 7080 4363 7080 4362 7081 4363 7081 4364 7081 4364 7082 4363 7082 4365 7082 4364 5515 4365 5515 4366 5515 4366 5515 4365 5515 4367 5515 4366 5514 4367 5514 4368 5514 4368 7083 4367 7083 4369 7083 4368 7084 4369 7084 4370 7084 4370 7085 4369 7085 4371 7085 4361 7086 4372 7086 4363 7086 4363 7087 4372 7087 4373 7087 4363 7088 4373 7088 4365 7088 4365 5507 4373 5507 4374 5507 4365 5506 4374 5506 4367 5506 4367 5506 4374 5506 4375 5506 4367 7089 4375 7089 4369 7089 4369 7090 4375 7090 4376 7090 4369 7091 4376 7091 4371 7091 4371 7092 4376 7092 4377 7092 4372 7093 4378 7093 4373 7093 4373 7094 4378 7094 4379 7094 4373 7095 4379 7095 4374 7095 4374 7096 4379 7096 4380 7096 4374 5497 4380 5497 4375 5497 4375 5497 4380 5497 4381 5497 4375 5496 4381 5496 4376 5496 4376 7097 4381 7097 4382 7097 4376 7098 4382 7098 4377 7098 4377 7099 4382 7099 4383 7099 4384 7100 4306 7100 4385 7100 4385 7101 4306 7101 4301 7101 4385 7102 4301 7102 4386 7102 4386 7015 4301 7015 4297 7015 4386 5459 4297 5459 4387 5459 4387 7103 4297 7103 4292 7103 4387 7104 4292 7104 4388 7104 4388 7105 4292 7105 4294 7105 4388 7106 4294 7106 4389 7106 4389 7107 4294 7107 4083 7107 4389 7108 4083 7108 4082 7108 4298 7109 4089 7109 4295 7109 4295 7110 4089 7110 4087 7110 4295 7111 4087 7111 4293 7111 4293 7112 4087 7112 4086 7112 4293 7113 4086 7113 4294 7113 4294 7114 4086 7114 4084 7114 4294 7115 4084 7115 4083 7115 4094 7116 4096 7116 4390 7116 4390 7117 4096 7117 4302 7117 4390 7118 4302 7118 4391 7118 4391 7119 4302 7119 4303 7119 4391 7120 4303 7120 4392 7120 4392 7121 4303 7121 4304 7121 4392 5738 4304 5738 4393 5738 4393 5738 4304 5738 4305 5738 4393 5737 4305 5737 4394 5737 4394 7122 4305 7122 4306 7122 4394 7123 4306 7123 4395 7123 4395 7124 4306 7124 4384 7124 4395 7125 4384 7125 4246 7125 4246 7126 4384 7126 4247 7126 4096 7127 4097 7127 4302 7127 4302 7128 4097 7128 4093 7128 4302 7129 4093 7129 4298 7129 4298 7130 4093 7130 4091 7130 4298 7131 4091 7131 4089 7131 4395 7132 4307 7132 4394 7132 4394 7133 4307 7133 4309 7133 4394 7134 4309 7134 4393 7134 4393 5717 4309 5717 4311 5717 4393 5718 4311 5718 4392 5718 4392 5718 4311 5718 4313 5718 4392 5719 4313 5719 4391 5719 4391 7135 4313 7135 4315 7135 4391 7136 4315 7136 4390 7136 4390 7137 4315 7137 4317 7137 4390 7138 4317 7138 4094 7138 4108 5754 4107 5754 4396 5754 4396 7139 4107 7139 4330 7139 4396 7140 4330 7140 4397 7140 4397 7141 4330 7141 4329 7141 4397 7142 4329 7142 4398 7142 4398 7143 4329 7143 4328 7143 4398 7144 4328 7144 4399 7144 4399 7144 4328 7144 4327 7144 4399 7145 4327 7145 4400 7145 4400 7146 4327 7146 4326 7146 4400 7147 4326 7147 4401 7147 4401 7148 4326 7148 4325 7148 4107 7149 4105 7149 4330 7149 4330 7150 4105 7150 4103 7150 4330 7151 4103 7151 4324 7151 4324 7152 4103 7152 4101 7152 4324 7153 4101 7153 4318 7153 4318 7154 4101 7154 4099 7154 4318 7155 4099 7155 4317 7155 4317 7156 4099 7156 4098 7156 4317 7157 4098 7157 4094 7157 4246 7158 4245 7158 4395 7158 4395 7159 4245 7159 4253 7159 4395 7160 4253 7160 4307 7160 4307 7161 4253 7161 4254 7161 4307 7162 4254 7162 4308 7162 4308 7163 4254 7163 4255 7163 4308 7164 4255 7164 4319 7164 4319 7165 4255 7165 4256 7165 4319 7166 4256 7166 4325 7166 4325 7167 4256 7167 4257 7167 4325 7168 4257 7168 4401 7168 4401 7169 4257 7169 4270 7169 4401 7170 4270 7170 4400 7170 4400 7171 4270 7171 4332 7171 4400 7172 4332 7172 4399 7172 4399 7173 4332 7173 4334 7173 4399 5684 4334 5684 4398 5684 4398 5684 4334 5684 4336 5684 4398 5685 4336 5685 4397 5685 4397 7174 4336 7174 4338 7174 4397 7175 4338 7175 4396 7175 4396 7176 4338 7176 4340 7176 4396 7177 4340 7177 4108 7177 4058 7178 4056 7178 4402 7178 4402 7179 4056 7179 4359 7179 4402 7180 4359 7180 4403 7180 4403 7181 4359 7181 4358 7181 4403 7182 4358 7182 4404 7182 4404 7183 4358 7183 4357 7183 4404 5672 4357 5672 4405 5672 4405 5672 4357 5672 4356 5672 4405 5673 4356 5673 4406 5673 4406 7184 4356 7184 4355 7184 4406 7185 4355 7185 4407 7185 4407 7186 4355 7186 4354 7186 4407 7187 4354 7187 4259 7187 4259 7188 4354 7188 4260 7188 4056 7189 4055 7189 4359 7189 4359 7190 4055 7190 4053 7190 4359 7191 4053 7191 4353 7191 4353 7192 4053 7192 4052 7192 4353 7193 4052 7193 4347 7193 4347 7194 4052 7194 4113 7194 4347 7195 4113 7195 4341 7195 4341 7196 4113 7196 4114 7196 4341 7197 4114 7197 4340 7197 4340 7198 4114 7198 4109 7198 4340 7199 4109 7199 4108 7199 4407 7200 4360 7200 4406 7200 4406 7201 4360 7201 4362 7201 4406 7202 4362 7202 4405 7202 4405 7203 4362 7203 4364 7203 4405 7204 4364 7204 4404 7204 4404 7204 4364 7204 4366 7204 4404 7205 4366 7205 4403 7205 4403 7206 4366 7206 4368 7206 4403 7207 4368 7207 4402 7207 4402 7208 4368 7208 4370 7208 4402 7209 4370 7209 4058 7209 4069 7210 4068 7210 4408 7210 4408 7211 4068 7211 4383 7211 4408 7212 4383 7212 4409 7212 4409 7213 4383 7213 4382 7213 4409 7214 4382 7214 4410 7214 4410 5629 4382 5629 4381 5629 4410 5630 4381 5630 4411 5630 4411 5630 4381 5630 4380 5630 4411 5631 4380 5631 4412 5631 4412 7215 4380 7215 4379 7215 4412 7216 4379 7216 4413 7216 4413 7217 4379 7217 4378 7217 4068 7218 4066 7218 4383 7218 4383 7219 4066 7219 4064 7219 4383 7220 4064 7220 4377 7220 4377 7221 4064 7221 4062 7221 4377 7222 4062 7222 4371 7222 4371 7223 4062 7223 4061 7223 4371 7224 4061 7224 4370 7224 4370 7225 4061 7225 4059 7225 4370 7226 4059 7226 4058 7226 4070 7227 4069 7227 4291 7227 4291 7228 4069 7228 4408 7228 4291 7229 4408 7229 4290 7229 4290 7230 4408 7230 4409 7230 4290 7231 4409 7231 4289 7231 4289 5615 4409 5615 4410 5615 4289 5614 4410 5614 4288 5614 4288 5614 4410 5614 4411 5614 4288 7232 4411 7232 4287 7232 4287 7233 4411 7233 4412 7233 4287 7234 4412 7234 4269 7234 4269 7235 4412 7235 4413 7235 4269 7236 4413 7236 4237 7236 4237 7237 4413 7237 4378 7237 4237 7238 4378 7238 4236 7238 4236 7239 4378 7239 4372 7239 4236 7240 4372 7240 4235 7240 4235 7241 4372 7241 4361 7241 4235 7242 4361 7242 4234 7242 4234 7243 4361 7243 4360 7243 4234 7244 4360 7244 4233 7244 4233 7245 4360 7245 4407 7245 4233 7246 4407 7246 4232 7246 4232 5636 4407 5636 4259 5636 4414 7247 4073 7247 4072 7247 4251 7248 4274 7248 4268 7248 4268 7249 4274 7249 4415 7249 4268 7250 4415 7250 4266 7250 4266 7251 4415 7251 4416 7251 4266 7252 4416 7252 4277 7252 4277 5796 4416 5796 4417 5796 4277 5594 4417 5594 4281 5594 4281 5807 4417 5807 4418 5807 4281 7253 4418 7253 4286 7253 4286 7254 4418 7254 4414 7254 4286 7255 4414 7255 4291 7255 4291 7256 4414 7256 4072 7256 4291 7257 4072 7257 4070 7257 4250 7258 4273 7258 4274 7258 4274 5788 4273 5788 4419 5788 4274 7259 4419 7259 4415 7259 4415 7260 4419 7260 4420 7260 4415 7261 4420 7261 4416 7261 4416 5785 4420 5785 4421 5785 4416 5796 4421 5796 4417 5796 4417 7262 4421 7262 4422 7262 4417 7263 4422 7263 4418 7263 4418 7264 4422 7264 4423 7264 4418 7265 4423 7265 4414 7265 4414 7266 4423 7266 4075 7266 4414 7267 4075 7267 4073 7267 4249 7268 4272 7268 4273 7268 4273 7269 4272 7269 4424 7269 4273 7270 4424 7270 4419 7270 4419 7271 4424 7271 4425 7271 4419 5786 4425 5786 4420 5786 4420 5773 4425 5773 4426 5773 4420 5785 4426 5785 4421 5785 4421 5784 4426 5784 4427 5784 4421 7272 4427 7272 4422 7272 4422 5769 4427 5769 4428 5769 4422 7273 4428 7273 4423 7273 4423 7274 4428 7274 4076 7274 4423 7275 4076 7275 4075 7275 4248 7276 4271 7276 4272 7276 4272 7277 4271 7277 4429 7277 4272 7278 4429 7278 4424 7278 4424 7279 4429 7279 4430 7279 4424 7271 4430 7271 4425 7271 4425 5761 4430 5761 4431 5761 4425 5773 4431 5773 4426 5773 4426 7280 4431 7280 4432 7280 4426 7281 4432 7281 4427 7281 4427 7282 4432 7282 4265 7282 4427 7283 4265 7283 4428 7283 4428 7284 4265 7284 4079 7284 4428 7285 4079 7285 4076 7285 4247 7286 4384 7286 4271 7286 4271 7287 4384 7287 4385 7287 4271 7288 4385 7288 4429 7288 4429 7289 4385 7289 4386 7289 4429 5762 4386 5762 4430 5762 4430 5459 4386 5459 4387 5459 4430 5761 4387 5761 4431 5761 4431 7104 4387 7104 4388 7104 4431 7290 4388 7290 4432 7290 4432 7291 4388 7291 4389 7291 4432 7292 4389 7292 4265 7292 4265 7293 4389 7293 4082 7293 4265 7294 4082 7294 4080 7294 4043 5854 4139 5854 4138 5854 4043 7295 4138 7295 4044 7295 4042 4586 4041 4586 4143 4586 4045 7296 4146 7296 4040 7296 4040 7297 4146 7297 4145 7297 4040 7298 4145 7298 4041 7298 4041 7299 4145 7299 4144 7299 4041 4587 4144 4587 4143 4587 4050 7300 4051 7300 4158 7300 4138 7301 4161 7301 4044 7301 4044 7302 4161 7302 4160 7302 4044 7303 4160 7303 4051 7303 4051 7304 4160 7304 4159 7304 4051 7305 4159 7305 4158 7305 4143 4587 4142 4587 4042 4587 4042 7306 4142 7306 4141 7306 4042 7307 4141 7307 4043 7307 4043 7308 4141 7308 4140 7308 4043 4587 4140 4587 4139 4587 4046 7309 4148 7309 4045 7309 4045 7310 4148 7310 4147 7310 4045 7311 4147 7311 4146 7311 4047 7312 4150 7312 4046 7312 4046 7313 4150 7313 4149 7313 4046 7314 4149 7314 4148 7314 4158 7315 4157 7315 4050 7315 4050 7315 4157 7315 4156 7315 4050 7316 4156 7316 4049 7316 4048 7317 4152 7317 4047 7317 4047 7318 4152 7318 4151 7318 4047 7319 4151 7319 4150 7319 4156 7320 4155 7320 4049 7320 4049 7321 4155 7321 4154 7321 4049 7322 4154 7322 4048 7322 4048 7323 4154 7323 4153 7323 4048 7324 4153 7324 4152 7324 3223 7325 4197 7325 3222 7325 3222 7326 4197 7326 4195 7326 3222 7327 4195 7327 3221 7327 3217 7328 3218 7328 4179 7328 3219 7329 4183 7329 3218 7329 3218 7330 4183 7330 4181 7330 3218 7331 4181 7331 4179 7331 3220 7332 4187 7332 3219 7332 3219 7333 4187 7333 4185 7333 3219 7334 4185 7334 4183 7334 4195 7335 4193 7335 3221 7335 3221 7336 4193 7336 4191 7336 3221 7337 4191 7337 3220 7337 3220 7338 4191 7338 4189 7338 3220 7339 4189 7339 4187 7339 3226 4699 4201 4699 3223 4699 3223 4695 4201 4695 4199 4695 3223 7340 4199 7340 4197 7340 4162 5813 3225 5813 4163 5813 4163 7341 3225 7341 3224 7341 4162 4695 4207 4695 3225 4695 3225 7342 4207 7342 4205 7342 3225 7343 4205 7343 3226 7343 3226 7344 4205 7344 4203 7344 3226 4695 4203 4695 4201 4695 3215 7345 4167 7345 3224 7345 3224 7346 4167 7346 4165 7346 3224 7347 4165 7347 4163 7347 3216 7348 4171 7348 3215 7348 3215 7349 4171 7349 4169 7349 3215 7350 4169 7350 4167 7350 4179 7351 4177 7351 3217 7351 3217 7352 4177 7352 4175 7352 3217 7353 4175 7353 3216 7353 3216 7354 4175 7354 4173 7354 3216 7354 4173 7354 4171 7354 4433 7355 4434 7355 3073 7355 3073 7356 4434 7356 3229 7356 3229 7357 4434 7357 4435 7357 3229 7358 4435 7358 3227 7358 4436 7359 3234 7359 4435 7359 4435 7360 3234 7360 3228 7360 4435 7361 3228 7361 3227 7361 4437 7362 3232 7362 4436 7362 4436 7363 3232 7363 3233 7363 4436 7364 3233 7364 3234 7364 3070 7365 3230 7365 4437 7365 4437 7366 3230 7366 3231 7366 4437 7367 3231 7367 3232 7367 3073 7368 3074 7368 4433 7368 4433 7369 3074 7369 3075 7369 4433 7370 3075 7370 4438 7370 4438 5089 3075 5089 3076 5089 4438 5089 3076 5089 4439 5089 4439 5088 3076 5088 3077 5088 4439 5088 3077 5088 4440 5088 4440 5087 3077 5087 3078 5087 4440 5087 3078 5087 4441 5087 4441 5086 3078 5086 3072 5086 4441 5086 3072 5086 4442 5086 4442 7371 3072 7371 3071 7371 4442 7372 3071 7372 4443 7372 4443 7373 3071 7373 3070 7373 4443 7374 3070 7374 4444 7374 4444 7375 3070 7375 4437 7375 4445 7376 4446 7376 4447 7376 4446 7377 4448 7377 4447 7377 4447 7378 4448 7378 4449 7378 4447 7379 4449 7379 4450 7379 4449 7380 4451 7380 4450 7380 4450 7381 4451 7381 4452 7381 4450 7382 4452 7382 4453 7382 4452 7383 4454 7383 4453 7383 4453 7384 4454 7384 4455 7384 4453 7385 4455 7385 4456 7385 4456 7386 4455 7386 4457 7386 4456 7387 4457 7387 4458 7387 4458 7388 4457 7388 4459 7388 4458 7389 4459 7389 4460 7389 4460 7390 4459 7390 4461 7390 4461 7391 4462 7391 4460 7391 4460 7392 4462 7392 4463 7392 4460 7393 4463 7393 4464 7393 4463 7394 4465 7394 4464 7394 4464 7395 4465 7395 4466 7395 4464 7396 4466 7396 4467 7396 4466 7397 4468 7397 4467 7397 4467 7398 4468 7398 4469 7398 4467 7399 4469 7399 4470 7399 4470 7400 4469 7400 4471 7400 4469 7401 4472 7401 4471 7401 4471 7402 4472 7402 4473 7402 4471 7403 4473 7403 4474 7403 4474 7404 4473 7404 4475 7404 4475 7405 4476 7405 4474 7405 4474 7406 4476 7406 4477 7406 4474 7407 4477 7407 4478 7407 4477 7408 4479 7408 4478 7408 4478 7409 4479 7409 4480 7409 4478 7410 4480 7410 4481 7410 4481 7411 4480 7411 4482 7411 4481 7412 4482 7412 4483 7412 4483 7413 4482 7413 4484 7413 4483 7414 4484 7414 4485 7414 4485 7415 4484 7415 4486 7415 4487 7416 4488 7416 4489 7416 4489 7417 4488 7417 4485 7417 4489 7418 4485 7418 4490 7418 4490 7419 4485 7419 4486 7419 4491 7420 4492 7420 4493 7420 4493 7421 4492 7421 4494 7421 4493 7422 4494 7422 4495 7422 4495 7423 4494 7423 4496 7423 4495 7424 4496 7424 4497 7424 4497 7425 4496 7425 4498 7425 4497 7426 4498 7426 4499 7426 4499 7427 4498 7427 4500 7427 4500 7428 4501 7428 4499 7428 4499 7429 4501 7429 4502 7429 4499 7430 4502 7430 4503 7430 4447 7431 4504 7431 4445 7431 4445 7432 4504 7432 4505 7432 4445 7433 4505 7433 4506 7433 4506 7434 4505 7434 4503 7434 4506 7435 4503 7435 4507 7435 4507 7436 4503 7436 4502 7436 4488 7437 4508 7437 4509 7437 4488 7438 4509 7438 4485 7438 4485 7439 4509 7439 4510 7439 4485 7440 4510 7440 4483 7440 4483 7441 4510 7441 4511 7441 4483 7442 4511 7442 4481 7442 4481 7443 4511 7443 4512 7443 4481 7444 4512 7444 4478 7444 4478 7445 4512 7445 4513 7445 4478 7446 4513 7446 4474 7446 4474 7447 4513 7447 4514 7447 4474 7448 4514 7448 4471 7448 4471 7449 4514 7449 4515 7449 4471 7450 4515 7450 4470 7450 4470 7451 4515 7451 4516 7451 4470 7452 4516 7452 4467 7452 4467 7453 4516 7453 4517 7453 4467 7454 4517 7454 4464 7454 4464 7455 4517 7455 4518 7455 4464 7456 4518 7456 4460 7456 4460 7457 4518 7457 4519 7457 4460 7458 4519 7458 4458 7458 4458 7459 4519 7459 4520 7459 4458 7460 4520 7460 4456 7460 4456 7461 4520 7461 4521 7461 4456 7462 4521 7462 4453 7462 4453 7463 4521 7463 4522 7463 4453 7464 4522 7464 4450 7464 4450 7465 4522 7465 4523 7465 4450 7466 4523 7466 4447 7466 4447 7467 4523 7467 4524 7467 4447 7468 4524 7468 4504 7468 4504 7469 4524 7469 4525 7469 4504 6144 4525 6144 4505 6144 4505 7470 4525 7470 4526 7470 4505 7471 4526 7471 4503 7471 4503 7472 4526 7472 4527 7472 4503 7473 4527 7473 4499 7473 4499 7474 4527 7474 4528 7474 4499 7475 4528 7475 4497 7475 4497 7476 4528 7476 4529 7476 4497 7477 4529 7477 4495 7477 4495 7478 4529 7478 4530 7478 4495 7479 4530 7479 4493 7479 4531 7480 4532 7480 4508 7480 4532 7481 4533 7481 4508 7481 4508 7482 4533 7482 4534 7482 4508 7483 4534 7483 4509 7483 4509 7484 4534 7484 4535 7484 4509 7485 4535 7485 4510 7485 4510 7486 4535 7486 4536 7486 4510 7487 4536 7487 4511 7487 4511 7488 4536 7488 4537 7488 4511 7489 4537 7489 4512 7489 4512 7490 4537 7490 4538 7490 4512 7491 4538 7491 4513 7491 4513 7492 4538 7492 4539 7492 4513 7493 4539 7493 4514 7493 4514 7494 4539 7494 4540 7494 4514 7495 4540 7495 4515 7495 4515 7496 4540 7496 4541 7496 4515 7497 4541 7497 4516 7497 4516 7498 4541 7498 4542 7498 4516 7499 4542 7499 4517 7499 4517 7500 4542 7500 4543 7500 4517 7501 4543 7501 4518 7501 4518 7502 4543 7502 4544 7502 4518 7503 4544 7503 4519 7503 4519 7504 4544 7504 4545 7504 4519 7505 4545 7505 4520 7505 4520 7506 4545 7506 4546 7506 4520 7507 4546 7507 4521 7507 4521 7508 4546 7508 4547 7508 4521 7509 4547 7509 4522 7509 4522 7510 4547 7510 4548 7510 4522 7511 4548 7511 4523 7511 4523 7512 4548 7512 4549 7512 4523 7513 4549 7513 4524 7513 4524 7514 4549 7514 4550 7514 4524 7515 4550 7515 4525 7515 4525 7516 4550 7516 4551 7516 4525 7517 4551 7517 4526 7517 4526 7518 4551 7518 4552 7518 4526 7519 4552 7519 4527 7519 4527 7520 4552 7520 4553 7520 4527 7521 4553 7521 4528 7521 4528 7522 4553 7522 4554 7522 4528 7523 4554 7523 4529 7523 4529 7524 4554 7524 4531 7524 4529 7525 4531 7525 4530 7525 4530 7526 4531 7526 4508 7526 4530 7527 4508 7527 4493 7527 4493 7528 4508 7528 4488 7528 4493 7529 4488 7529 4491 7529 4491 7530 4488 7530 4487 7530 4555 7531 4556 7531 4557 7531 4557 7532 4556 7532 4558 7532 4557 7533 4558 7533 4559 7533 4559 7534 4558 7534 4560 7534 4559 7535 4560 7535 4561 7535 4561 7536 4560 7536 4562 7536 4561 7537 4562 7537 4563 7537 4563 7538 4562 7538 4564 7538 4563 7539 4564 7539 4565 7539 4565 7540 4564 7540 4566 7540 4565 7541 4566 7541 4567 7541 4567 7542 4566 7542 4568 7542 4567 7543 4568 7543 4569 7543 4569 7544 4568 7544 4570 7544 4569 7545 4570 7545 4571 7545 4571 7546 4570 7546 4572 7546 4571 7547 4572 7547 4573 7547 4573 7548 4572 7548 4574 7548 4573 7549 4574 7549 4575 7549 4575 7550 4574 7550 4576 7550 4575 7551 4576 7551 4577 7551 4577 7552 4576 7552 4578 7552 4577 7553 4578 7553 4579 7553 4579 7554 4578 7554 4580 7554 4579 7555 4580 7555 4581 7555 4581 7556 4580 7556 4582 7556 4581 7557 4582 7557 4583 7557 4583 7558 4582 7558 4584 7558 4583 7559 4584 7559 4585 7559 4585 7560 4584 7560 4586 7560 4585 7561 4586 7561 4587 7561 4587 7562 4586 7562 4588 7562 4587 7563 4588 7563 4589 7563 4589 7564 4588 7564 4590 7564 4589 7565 4590 7565 4591 7565 4591 7566 4590 7566 4592 7566 4591 7567 4592 7567 4593 7567 4593 7568 4592 7568 4594 7568 4593 7569 4594 7569 4595 7569 4595 7570 4594 7570 4596 7570 4595 7571 4596 7571 4597 7571 4597 7572 4596 7572 4598 7572 4597 7573 4598 7573 4599 7573 4599 7574 4598 7574 4600 7574 4599 7575 4600 7575 4601 7575 4601 7576 4600 7576 4555 7576 4601 7577 4555 7577 4557 7577 4567 7578 4602 7578 4565 7578 4565 7579 4602 7579 4603 7579 4565 7580 4603 7580 4563 7580 4563 7581 4603 7581 4604 7581 4563 7582 4604 7582 4561 7582 4561 7583 4604 7583 4605 7583 4561 7584 4605 7584 4559 7584 4559 7585 4605 7585 4606 7585 4559 7586 4606 7586 4557 7586 4557 7587 4606 7587 4607 7587 4557 7588 4607 7588 4601 7588 4601 7589 4607 7589 4608 7589 4601 7590 4608 7590 4599 7590 4599 7591 4608 7591 4609 7591 4599 7592 4609 7592 4597 7592 4597 7593 4609 7593 4610 7593 4597 7594 4610 7594 4595 7594 4595 7595 4610 7595 4611 7595 4595 7596 4611 7596 4593 7596 4593 7597 4611 7597 4612 7597 4593 7598 4612 7598 4591 7598 4591 7599 4612 7599 4613 7599 4591 7600 4613 7600 4589 7600 4589 7601 4613 7601 4614 7601 4589 7602 4614 7602 4587 7602 4587 7603 4614 7603 4615 7603 4587 7604 4615 7604 4585 7604 4585 7605 4615 7605 4616 7605 4585 7606 4616 7606 4583 7606 4583 7607 4616 7607 4617 7607 4583 7608 4617 7608 4581 7608 4581 7609 4617 7609 4618 7609 4581 7610 4618 7610 4579 7610 4579 7611 4618 7611 4619 7611 4579 7612 4619 7612 4577 7612 4577 7613 4619 7613 4620 7613 4577 7614 4620 7614 4575 7614 4575 7615 4620 7615 4621 7615 4575 7616 4621 7616 4573 7616 4573 7617 4621 7617 4622 7617 4573 7618 4622 7618 4571 7618 4571 7619 4622 7619 4623 7619 4571 7620 4623 7620 4569 7620 4569 7621 4623 7621 4624 7621 4569 7622 4624 7622 4567 7622 4567 5990 4624 5990 4602 5990 4625 7623 4622 7623 4626 7623 4626 7624 4622 7624 4621 7624 4626 7625 4621 7625 4627 7625 4627 7626 4621 7626 4620 7626 4627 7627 4620 7627 4628 7627 4628 7628 4620 7628 4619 7628 4628 7629 4619 7629 4629 7629 4629 7630 4619 7630 4618 7630 4629 7631 4618 7631 4630 7631 4630 7632 4618 7632 4617 7632 4630 7633 4617 7633 4631 7633 4631 7634 4617 7634 4632 7634 4632 7635 4617 7635 4633 7635 4633 7636 4617 7636 4616 7636 4633 7637 4616 7637 4634 7637 4634 7638 4616 7638 4615 7638 4634 7639 4615 7639 4635 7639 4635 7640 4615 7640 4614 7640 4635 7641 4614 7641 4636 7641 4636 7642 4614 7642 4613 7642 4636 7643 4613 7643 4637 7643 4638 7644 4639 7644 4608 7644 4608 7645 4639 7645 4640 7645 4608 7646 4640 7646 4609 7646 4609 7647 4640 7647 4641 7647 4609 7648 4641 7648 4610 7648 4610 7649 4641 7649 4642 7649 4610 7650 4642 7650 4611 7650 4611 7651 4642 7651 4643 7651 4611 7652 4643 7652 4612 7652 4612 7653 4643 7653 4644 7653 4612 7654 4644 7654 4613 7654 4613 7655 4644 7655 4645 7655 4613 7656 4645 7656 4637 7656 4638 7657 4608 7657 4646 7657 4646 7658 4608 7658 4607 7658 4646 7659 4607 7659 4647 7659 4647 7660 4607 7660 4606 7660 4647 7661 4606 7661 4648 7661 4648 7662 4606 7662 4605 7662 4648 7663 4605 7663 4649 7663 4649 7664 4605 7664 4604 7664 4649 7665 4604 7665 4650 7665 4650 7666 4604 7666 4603 7666 4650 7667 4603 7667 4651 7667 4625 7668 4652 7668 4622 7668 4622 7669 4652 7669 4653 7669 4622 7670 4653 7670 4623 7670 4623 7671 4653 7671 4654 7671 4623 7672 4654 7672 4624 7672 4624 7673 4654 7673 4655 7673 4624 7674 4655 7674 4602 7674 4602 7675 4655 7675 4656 7675 4602 7676 4656 7676 4603 7676 4603 7677 4656 7677 4657 7677 4603 7678 4657 7678 4651 7678 4473 7679 4472 7679 4658 7679 4659 7680 4660 7680 4661 7680 4631 7681 4632 7681 4662 7681 4651 7682 4657 7682 4663 7682 4664 7683 4641 7683 4640 7683 4665 7684 4642 7684 4641 7684 4666 7685 4643 7685 4642 7685 4667 7686 4644 7686 4643 7686 4661 7687 4645 7687 4644 7687 4651 7688 4663 7688 4650 7688 4631 7689 4662 7689 4630 7689 4645 7690 4661 7690 4637 7690 4637 7691 4661 7691 4660 7691 4637 7692 4660 7692 4636 7692 4635 7693 4636 7693 4668 7693 4668 7694 4636 7694 4660 7694 4668 7695 4660 7695 4669 7695 4669 7696 4660 7696 4659 7696 4669 7697 4659 7697 4670 7697 4634 7698 4635 7698 4671 7698 4671 7699 4635 7699 4668 7699 4671 7700 4668 7700 4672 7700 4672 7701 4668 7701 4669 7701 4672 7702 4669 7702 4673 7702 4673 7703 4669 7703 4670 7703 4673 6361 4670 6361 4674 6361 4633 7704 4634 7704 4675 7704 4675 7705 4634 7705 4671 7705 4675 7706 4671 7706 4676 7706 4676 7707 4671 7707 4672 7707 4676 7708 4672 7708 4677 7708 4677 7709 4672 7709 4673 7709 4677 7710 4673 7710 4678 7710 4678 7710 4673 7710 4674 7710 4678 7711 4674 7711 4679 7711 4632 7712 4633 7712 4662 7712 4662 7713 4633 7713 4675 7713 4662 7714 4675 7714 4680 7714 4680 7715 4675 7715 4676 7715 4680 7716 4676 7716 4681 7716 4681 6257 4676 6257 4677 6257 4681 6258 4677 6258 4682 6258 4682 6258 4677 6258 4678 6258 4682 7717 4678 7717 4683 7717 4683 7718 4678 7718 4679 7718 4683 7719 4679 7719 4684 7719 4685 7720 4686 7720 4687 7720 4688 7721 4686 7721 4689 7721 4689 7722 4686 7722 4685 7722 4689 7723 4685 7723 4690 7723 4691 7724 4688 7724 4692 7724 4692 7725 4688 7725 4689 7725 4692 7726 4689 7726 4693 7726 4693 7727 4689 7727 4690 7727 4693 7728 4690 7728 4694 7728 4695 7729 4691 7729 4696 7729 4696 7730 4691 7730 4692 7730 4696 7731 4692 7731 4697 7731 4697 6240 4692 6240 4693 6240 4697 6241 4693 6241 4698 6241 4698 6241 4693 6241 4694 6241 4698 7732 4694 7732 4699 7732 4700 7733 4701 7733 4702 7733 4702 7734 4701 7734 4703 7734 4702 7735 4703 7735 4704 7735 4704 6354 4703 6354 4705 6354 4704 6353 4705 6353 4706 6353 4706 6353 4705 6353 4707 6353 4706 7736 4707 7736 4708 7736 4708 7737 4707 7737 4709 7737 4708 7738 4709 7738 4710 7738 4710 7739 4709 7739 4711 7739 4701 7740 4712 7740 4703 7740 4703 7741 4712 7741 4713 7741 4703 7742 4713 7742 4705 7742 4705 7743 4713 7743 4714 7743 4705 6344 4714 6344 4707 6344 4707 6344 4714 6344 4715 6344 4707 6343 4715 6343 4709 6343 4709 7744 4715 7744 4716 7744 4709 7745 4716 7745 4711 7745 4711 7746 4716 7746 4717 7746 4712 7747 4718 7747 4713 7747 4713 7748 4718 7748 4719 7748 4713 7749 4719 7749 4714 7749 4714 6336 4719 6336 4720 6336 4714 6335 4720 6335 4715 6335 4715 6335 4720 6335 4721 6335 4715 7750 4721 7750 4716 7750 4716 7751 4721 7751 4722 7751 4716 7752 4722 7752 4717 7752 4717 7753 4722 7753 4723 7753 4657 7754 4656 7754 4663 7754 4663 7755 4656 7755 4724 7755 4663 7756 4724 7756 4725 7756 4725 7757 4724 7757 4726 7757 4725 7758 4726 7758 4727 7758 4727 7759 4726 7759 4728 7759 4727 6326 4728 6326 4729 6326 4729 6326 4728 6326 4730 6326 4729 7760 4730 7760 4731 7760 4731 7761 4730 7761 4732 7761 4731 7762 4732 7762 4733 7762 4733 7763 4732 7763 4734 7763 4656 7764 4655 7764 4724 7764 4724 7765 4655 7765 4735 7765 4724 7766 4735 7766 4726 7766 4726 7767 4735 7767 4736 7767 4726 7768 4736 7768 4728 7768 4728 7769 4736 7769 4737 7769 4728 6315 4737 6315 4730 6315 4730 6315 4737 6315 4738 6315 4730 6314 4738 6314 4732 6314 4732 7770 4738 7770 4739 7770 4732 7771 4739 7771 4734 7771 4734 7772 4739 7772 4740 7772 4655 7773 4654 7773 4735 7773 4735 7774 4654 7774 4741 7774 4735 7775 4741 7775 4736 7775 4736 7776 4741 7776 4742 7776 4736 7777 4742 7777 4737 7777 4737 6305 4742 6305 4743 6305 4737 6304 4743 6304 4738 6304 4738 6304 4743 6304 4744 6304 4738 7778 4744 7778 4739 7778 4739 7779 4744 7779 4745 7779 4739 7780 4745 7780 4740 7780 4740 7781 4745 7781 4746 7781 4654 7782 4653 7782 4741 7782 4741 7783 4653 7783 4747 7783 4741 7784 4747 7784 4742 7784 4742 7785 4747 7785 4748 7785 4742 7786 4748 7786 4743 7786 4743 7787 4748 7787 4749 7787 4743 6293 4749 6293 4744 6293 4744 6293 4749 6293 4750 6293 4744 7788 4750 7788 4745 7788 4745 7789 4750 7789 4751 7789 4745 7790 4751 7790 4746 7790 4746 7791 4751 7791 4752 7791 4753 7792 4754 7792 4755 7792 4755 7793 4754 7793 4756 7793 4755 7794 4756 7794 4757 7794 4757 7795 4756 7795 4758 7795 4757 6282 4758 6282 4759 6282 4759 6282 4758 6282 4760 6282 4759 6281 4760 6281 4761 6281 4761 7796 4760 7796 4762 7796 4761 7797 4762 7797 4763 7797 4763 7798 4762 7798 4764 7798 4754 7799 4765 7799 4756 7799 4756 7800 4765 7800 4766 7800 4756 7801 4766 7801 4758 7801 4758 6274 4766 6274 4767 6274 4758 6273 4767 6273 4760 6273 4760 6273 4767 6273 4768 6273 4760 7802 4768 7802 4762 7802 4762 7803 4768 7803 4769 7803 4762 7804 4769 7804 4764 7804 4764 7805 4769 7805 4770 7805 4765 7806 4771 7806 4766 7806 4766 7807 4771 7807 4772 7807 4766 7808 4772 7808 4767 7808 4767 7809 4772 7809 4773 7809 4767 6264 4773 6264 4768 6264 4768 6264 4773 6264 4774 6264 4768 6263 4774 6263 4769 6263 4769 7810 4774 7810 4775 7810 4769 7811 4775 7811 4770 7811 4770 7812 4775 7812 4776 7812 4777 7813 4699 7813 4778 7813 4778 7814 4699 7814 4694 7814 4778 7815 4694 7815 4779 7815 4779 7728 4694 7728 4690 7728 4779 6226 4690 6226 4780 6226 4780 7816 4690 7816 4685 7816 4780 7817 4685 7817 4781 7817 4781 7818 4685 7818 4687 7818 4781 7819 4687 7819 4782 7819 4782 7820 4687 7820 4476 7820 4782 7821 4476 7821 4475 7821 4691 7822 4482 7822 4688 7822 4688 7823 4482 7823 4480 7823 4688 7824 4480 7824 4686 7824 4686 7825 4480 7825 4479 7825 4686 7826 4479 7826 4687 7826 4687 7827 4479 7827 4477 7827 4687 7828 4477 7828 4476 7828 4487 7829 4489 7829 4783 7829 4783 7830 4489 7830 4695 7830 4783 7831 4695 7831 4784 7831 4784 7832 4695 7832 4696 7832 4784 7833 4696 7833 4785 7833 4785 7834 4696 7834 4697 7834 4785 6505 4697 6505 4786 6505 4786 6505 4697 6505 4698 6505 4786 6504 4698 6504 4787 6504 4787 7835 4698 7835 4699 7835 4787 7836 4699 7836 4788 7836 4788 7837 4699 7837 4777 7837 4788 7838 4777 7838 4639 7838 4639 7839 4777 7839 4640 7839 4489 7840 4490 7840 4695 7840 4695 7841 4490 7841 4486 7841 4695 7842 4486 7842 4691 7842 4691 7843 4486 7843 4484 7843 4691 7844 4484 7844 4482 7844 4788 7845 4700 7845 4787 7845 4787 7846 4700 7846 4702 7846 4787 7847 4702 7847 4786 7847 4786 6484 4702 6484 4704 6484 4786 6485 4704 6485 4785 6485 4785 6485 4704 6485 4706 6485 4785 6486 4706 6486 4784 6486 4784 7848 4706 7848 4708 7848 4784 7849 4708 7849 4783 7849 4783 7850 4708 7850 4710 7850 4783 7851 4710 7851 4487 7851 4501 6521 4500 6521 4789 6521 4789 7852 4500 7852 4723 7852 4789 7853 4723 7853 4790 7853 4790 7854 4723 7854 4722 7854 4790 7855 4722 7855 4791 7855 4791 7856 4722 7856 4721 7856 4791 7857 4721 7857 4792 7857 4792 7857 4721 7857 4720 7857 4792 7858 4720 7858 4793 7858 4793 7859 4720 7859 4719 7859 4793 7860 4719 7860 4794 7860 4794 7861 4719 7861 4718 7861 4500 7862 4498 7862 4723 7862 4723 7863 4498 7863 4496 7863 4723 7864 4496 7864 4717 7864 4717 7865 4496 7865 4494 7865 4717 7866 4494 7866 4711 7866 4711 7867 4494 7867 4492 7867 4711 7868 4492 7868 4710 7868 4710 7869 4492 7869 4491 7869 4710 7870 4491 7870 4487 7870 4639 7871 4638 7871 4788 7871 4788 7872 4638 7872 4646 7872 4788 7873 4646 7873 4700 7873 4700 7874 4646 7874 4647 7874 4700 7875 4647 7875 4701 7875 4701 7876 4647 7876 4648 7876 4701 7877 4648 7877 4712 7877 4712 7878 4648 7878 4649 7878 4712 7879 4649 7879 4718 7879 4718 7880 4649 7880 4650 7880 4718 7881 4650 7881 4794 7881 4794 7882 4650 7882 4663 7882 4794 7883 4663 7883 4793 7883 4793 7884 4663 7884 4725 7884 4793 7885 4725 7885 4792 7885 4792 7886 4725 7886 4727 7886 4792 6451 4727 6451 4791 6451 4791 6451 4727 6451 4729 6451 4791 6452 4729 6452 4790 6452 4790 7887 4729 7887 4731 7887 4790 7888 4731 7888 4789 7888 4789 7889 4731 7889 4733 7889 4789 7890 4733 7890 4501 7890 4451 7891 4449 7891 4795 7891 4795 7892 4449 7892 4752 7892 4795 7893 4752 7893 4796 7893 4796 7894 4752 7894 4751 7894 4796 7895 4751 7895 4797 7895 4797 7896 4751 7896 4750 7896 4797 6439 4750 6439 4798 6439 4798 6439 4750 6439 4749 6439 4798 6440 4749 6440 4799 6440 4799 7897 4749 7897 4748 7897 4799 7898 4748 7898 4800 7898 4800 7899 4748 7899 4747 7899 4800 7900 4747 7900 4652 7900 4652 7901 4747 7901 4653 7901 4449 7902 4448 7902 4752 7902 4752 7903 4448 7903 4446 7903 4752 7904 4446 7904 4746 7904 4746 7905 4446 7905 4445 7905 4746 7906 4445 7906 4740 7906 4740 7907 4445 7907 4506 7907 4740 7908 4506 7908 4734 7908 4734 7909 4506 7909 4507 7909 4734 7910 4507 7910 4733 7910 4733 7911 4507 7911 4502 7911 4733 7912 4502 7912 4501 7912 4800 7913 4753 7913 4799 7913 4799 7914 4753 7914 4755 7914 4799 7915 4755 7915 4798 7915 4798 7916 4755 7916 4757 7916 4798 7917 4757 7917 4797 7917 4797 7917 4757 7917 4759 7917 4797 7918 4759 7918 4796 7918 4796 7919 4759 7919 4761 7919 4796 7920 4761 7920 4795 7920 4795 7921 4761 7921 4763 7921 4795 7922 4763 7922 4451 7922 4462 7923 4461 7923 4801 7923 4801 7924 4461 7924 4776 7924 4801 7925 4776 7925 4802 7925 4802 7926 4776 7926 4775 7926 4802 7927 4775 7927 4803 7927 4803 6396 4775 6396 4774 6396 4803 6397 4774 6397 4804 6397 4804 6397 4774 6397 4773 6397 4804 6398 4773 6398 4805 6398 4805 7928 4773 7928 4772 7928 4805 7929 4772 7929 4806 7929 4806 7930 4772 7930 4771 7930 4461 7931 4459 7931 4776 7931 4776 7932 4459 7932 4457 7932 4776 7933 4457 7933 4770 7933 4770 7934 4457 7934 4455 7934 4770 7935 4455 7935 4764 7935 4764 7936 4455 7936 4454 7936 4764 7937 4454 7937 4763 7937 4763 7938 4454 7938 4452 7938 4763 7939 4452 7939 4451 7939 4463 7940 4462 7940 4684 7940 4684 7941 4462 7941 4801 7941 4684 7942 4801 7942 4683 7942 4683 7943 4801 7943 4802 7943 4683 7944 4802 7944 4682 7944 4682 6382 4802 6382 4803 6382 4682 6381 4803 6381 4681 6381 4681 6381 4803 6381 4804 6381 4681 7945 4804 7945 4680 7945 4680 7946 4804 7946 4805 7946 4680 7947 4805 7947 4662 7947 4662 7948 4805 7948 4806 7948 4662 7949 4806 7949 4630 7949 4630 7950 4806 7950 4771 7950 4630 7951 4771 7951 4629 7951 4629 7952 4771 7952 4765 7952 4629 7953 4765 7953 4628 7953 4628 7954 4765 7954 4754 7954 4628 7955 4754 7955 4627 7955 4627 7956 4754 7956 4753 7956 4627 7957 4753 7957 4626 7957 4626 7958 4753 7958 4800 7958 4626 7959 4800 7959 4625 7959 4625 6403 4800 6403 4652 6403 4807 7960 4466 7960 4465 7960 4644 7961 4667 7961 4661 7961 4661 7962 4667 7962 4808 7962 4661 7963 4808 7963 4659 7963 4659 7964 4808 7964 4809 7964 4659 7965 4809 7965 4670 7965 4670 6563 4809 6563 4810 6563 4670 6361 4810 6361 4674 6361 4674 6574 4810 6574 4811 6574 4674 7966 4811 7966 4679 7966 4679 7967 4811 7967 4807 7967 4679 7968 4807 7968 4684 7968 4684 7969 4807 7969 4465 7969 4684 7970 4465 7970 4463 7970 4643 7971 4666 7971 4667 7971 4667 6555 4666 6555 4812 6555 4667 7972 4812 7972 4808 7972 4808 7973 4812 7973 4813 7973 4808 7974 4813 7974 4809 7974 4809 6552 4813 6552 4814 6552 4809 6563 4814 6563 4810 6563 4810 7975 4814 7975 4815 7975 4810 7976 4815 7976 4811 7976 4811 7977 4815 7977 4816 7977 4811 7978 4816 7978 4807 7978 4807 7979 4816 7979 4468 7979 4807 7980 4468 7980 4466 7980 4642 7981 4665 7981 4666 7981 4666 7982 4665 7982 4817 7982 4666 7983 4817 7983 4812 7983 4812 7984 4817 7984 4818 7984 4812 6553 4818 6553 4813 6553 4813 6540 4818 6540 4819 6540 4813 6552 4819 6552 4814 6552 4814 6551 4819 6551 4820 6551 4814 7985 4820 7985 4815 7985 4815 6536 4820 6536 4821 6536 4815 7986 4821 7986 4816 7986 4816 7987 4821 7987 4469 7987 4816 7988 4469 7988 4468 7988 4641 7989 4664 7989 4665 7989 4665 7990 4664 7990 4822 7990 4665 7991 4822 7991 4817 7991 4817 7992 4822 7992 4823 7992 4817 7984 4823 7984 4818 7984 4818 6528 4823 6528 4824 6528 4818 6540 4824 6540 4819 6540 4819 7993 4824 7993 4825 7993 4819 7994 4825 7994 4820 7994 4820 7995 4825 7995 4658 7995 4820 7996 4658 7996 4821 7996 4821 7997 4658 7997 4472 7997 4821 7998 4472 7998 4469 7998 4640 7999 4777 7999 4664 7999 4664 8000 4777 8000 4778 8000 4664 8001 4778 8001 4822 8001 4822 8002 4778 8002 4779 8002 4822 6529 4779 6529 4823 6529 4823 6226 4779 6226 4780 6226 4823 6528 4780 6528 4824 6528 4824 7817 4780 7817 4781 7817 4824 8003 4781 8003 4825 8003 4825 8004 4781 8004 4782 8004 4825 8005 4782 8005 4658 8005 4658 8006 4782 8006 4475 8006 4658 8007 4475 8007 4473 8007 4547 8008 4441 8008 4442 8008 4436 6615 4532 6615 4531 6615 4436 8009 4531 8009 4437 8009 4438 8010 4539 8010 4433 8010 4433 8011 4539 8011 4538 8011 4433 8012 4538 8012 4434 8012 4443 8013 4549 8013 4442 8013 4442 8014 4549 8014 4548 8014 4442 8015 4548 8015 4547 8015 4531 8016 4554 8016 4437 8016 4437 8017 4554 8017 4553 8017 4437 8018 4553 8018 4444 8018 4439 8019 4541 8019 4438 8019 4438 8020 4541 8020 4540 8020 4438 8021 4540 8021 4539 8021 4553 8022 4552 8022 4444 8022 4444 8023 4552 8023 4551 8023 4444 8024 4551 8024 4443 8024 4443 8025 4551 8025 4550 8025 4443 8025 4550 8025 4549 8025 4538 8026 4537 8026 4434 8026 4434 4829 4537 4829 4536 4829 4434 4829 4536 4829 4435 4829 4440 8027 4543 8027 4439 8027 4439 8028 4543 8028 4542 8028 4439 8029 4542 8029 4541 8029 4547 8030 4546 8030 4441 8030 4441 8031 4546 8031 4545 8031 4441 8032 4545 8032 4440 8032 4440 8033 4545 8033 4544 8033 4440 8034 4544 8034 4543 8034 4536 4829 4535 4829 4435 4829 4435 8035 4535 8035 4534 8035 4435 8036 4534 8036 4436 8036 4436 8037 4534 8037 4533 8037 4436 4829 4533 4829 4532 4829 3244 8038 3245 8038 4572 8038 3246 8039 4576 8039 3245 8039 3245 8040 4576 8040 4574 8040 3245 8041 4574 8041 4572 8041 4600 8042 4598 8042 3252 8042 3252 8043 4598 8043 3253 8043 3251 8044 4556 8044 3252 8044 3252 6580 4556 6580 4555 6580 3252 4517 4555 4517 4600 4517 4572 8045 4570 8045 3244 8045 3244 8046 4570 8046 4568 8046 3244 8047 4568 8047 3243 8047 3250 8048 4590 8048 3249 8048 3249 8049 4590 8049 4588 8049 3249 8050 4588 8050 3248 8050 4598 8051 4596 8051 3253 8051 3253 4517 4596 4517 4594 4517 3253 4517 4594 4517 3250 4517 3250 4517 4594 4517 4592 4517 3250 8052 4592 8052 4590 8052 3242 8053 4560 8053 3251 8053 3251 8054 4560 8054 4558 8054 3251 8055 4558 8055 4556 8055 4568 8056 4566 8056 3243 8056 3243 8056 4566 8056 4564 8056 3243 8057 4564 8057 3242 8057 3242 8058 4564 8058 4562 8058 3242 8059 4562 8059 4560 8059 3247 8060 4580 8060 3246 8060 3246 8061 4580 8061 4578 8061 3246 8062 4578 8062 4576 8062 4588 8063 4586 8063 3248 8063 3248 8064 4586 8064 4584 8064 3248 8065 4584 8065 3247 8065 3247 8066 4584 8066 4582 8066 3247 8067 4582 8067 4580 8067 671 112 2602 112 669 112 669 112 2602 112 2600 112 669 112 2600 112 665 112 665 112 2600 112 2596 112 665 112 2596 112 668 112 668 112 2596 112 2598 112 668 112 2598 112 666 112 2430 112 2436 112 2431 112 2431 112 2436 112 2434 112 2431 112 2434 112 2429 112 2429 112 2434 112 2454 112 2429 112 2454 112 2432 112 2432 112 2454 112 2456 112 2432 112 2456 112 2428 112 2425 112 2628 112 2426 112 2426 112 2628 112 2626 112 2426 112 2626 112 2424 112 2424 112 2626 112 2622 112 2424 112 2622 112 2427 112 2427 112 2622 112 2624 112 2427 112 2624 112 2423 112 707 112 2654 112 705 112 705 112 2654 112 2652 112 705 112 2652 112 701 112 701 112 2652 112 2648 112 701 112 2648 112 704 112 704 112 2648 112 2650 112 704 112 2650 112 702 112 2417 8068 2423 8068 2624 8068 3003 8069 2584 8069 2415 8069 2654 8070 707 8070 706 8070 2414 8071 2995 8071 2994 8071 2414 8072 2994 8072 706 8072 706 8073 2994 8073 2992 8073 706 8074 2992 8074 2654 8074 2654 8075 2992 8075 3048 8075 2654 8076 3048 8076 2653 8076 2653 8077 3048 8077 3047 8077 2653 8078 3047 8078 2651 8078 2584 8079 2983 8079 2415 8079 2415 8080 2983 8080 2984 8080 2415 8081 2984 8081 2414 8081 2414 8082 2984 8082 2985 8082 2414 8083 2985 8083 2995 8083 3003 8084 2415 8084 3002 8084 3002 8085 2415 8085 2416 8085 3002 8086 2416 8086 2996 8086 2621 8087 3064 8087 2623 8087 2623 8088 3064 8088 3063 8088 2623 8089 3063 8089 2624 8089 2624 8090 3063 8090 2999 8090 2624 8091 2999 8091 2417 8091 2417 8092 2999 8092 2998 8092 2417 8093 2998 8093 2416 8093 2416 8094 2998 8094 2997 8094 2416 8095 2997 8095 2996 8095 703 8096 702 8096 2650 8096 2988 8097 2513 8097 2412 8097 2602 8098 671 8098 670 8098 2411 8099 2533 8099 2532 8099 2411 8100 2532 8100 670 8100 670 8101 2532 8101 2530 8101 670 8102 2530 8102 2602 8102 2602 8103 2530 8103 3020 8103 2602 8104 3020 8104 2601 8104 2601 8105 3020 8105 3019 8105 2601 8106 3019 8106 2599 8106 2513 8107 2515 8107 2412 8107 2412 8108 2515 8108 2517 8108 2412 8109 2517 8109 2411 8109 2411 8110 2517 8110 2519 8110 2411 8111 2519 8111 2533 8111 2988 8112 2412 8112 2987 8112 2987 8113 2412 8113 2413 8113 2987 8114 2413 8114 2978 8114 2647 8115 3050 8115 2649 8115 2649 8116 3050 8116 3049 8116 2649 8117 3049 8117 2650 8117 2650 8118 3049 8118 2981 8118 2650 8119 2981 8119 703 8119 703 8120 2981 8120 2980 8120 703 8121 2980 8121 2413 8121 2413 8122 2980 8122 2979 8122 2413 8123 2979 8123 2978 8123 2539 8124 123 8124 2560 8124 2560 8124 123 8124 131 8124 2560 8125 131 8125 2564 8125 2564 8125 131 8125 130 8125 2564 8126 130 8126 2547 8126 2547 8126 130 8126 118 8126 2547 8127 118 8127 2546 8127 2546 8127 118 8127 115 8127 2546 1055 115 1055 2576 1055 2576 1055 115 1055 112 1055 2576 8128 112 8128 2578 8128 2578 8128 112 8128 107 8128 2578 8129 107 8129 2570 8129 2570 8129 107 8129 105 8129 2570 8130 105 8130 2551 8130 2551 8130 105 8130 104 8130 2551 8131 104 8131 2550 8131 2550 8132 104 8132 150 8132 2550 8133 150 8133 2573 8133 2573 8134 150 8134 147 8134 2573 8135 147 8135 2552 8135 2552 8135 147 8135 146 8135 2552 8136 146 8136 2574 8136 2574 8136 146 8136 149 8136 2574 8137 149 8137 2556 8137 2556 8137 149 8137 148 8137 2556 773 148 773 2555 773 2555 773 148 773 140 773 2555 8138 140 8138 2557 8138 2557 8138 140 8138 128 8138 2557 8139 128 8139 2541 8139 2541 8139 128 8139 127 8139 2541 8140 127 8140 2538 8140 2538 8140 127 8140 121 8140 2538 8141 121 8141 2539 8141 2539 8141 121 8141 123 8141 4826 112 4827 112 4828 112 4829 113 4830 113 4831 113 4831 112 4830 112 4832 112 4831 112 4832 112 4827 112 4827 112 4832 112 4833 112 4827 112 4833 112 4828 112 4834 112 4835 112 4836 112 4836 112 4835 112 4837 112 4836 112 4837 112 4838 112 4839 112 4840 112 4841 112 4841 113 4840 113 4842 113 4841 112 4842 112 4829 112 4829 112 4842 112 4843 112 4829 112 4843 112 4830 112 4837 112 4844 112 4838 112 4838 112 4844 112 4845 112 4838 113 4845 113 4846 113 4846 112 4845 112 4847 112 4846 112 4847 112 4839 112 4839 112 4847 112 4848 112 4839 113 4848 113 4840 113 4849 112 4850 112 4834 112 4834 112 4850 112 4851 112 4834 112 4851 112 4835 112 4852 113 4853 113 4854 113 4854 112 4853 112 4855 112 4854 112 4855 112 4849 112 4849 112 4855 112 4856 112 4849 112 4856 112 4850 112 4857 112 4858 112 4859 112 4859 113 4858 113 4860 113 4859 112 4860 112 4852 112 4852 112 4860 112 4861 112 4852 112 4861 112 4853 112 4862 113 4863 113 4864 113 4864 112 4863 112 4865 112 4864 112 4865 112 4857 112 4857 112 4865 112 4866 112 4857 113 4866 113 4858 113 4828 112 4867 112 4826 112 4826 112 4867 112 4868 112 4826 113 4868 113 4869 113 4869 112 4868 112 4870 112 4869 112 4870 112 4862 112 4862 112 4870 112 4871 112 4862 112 4871 112 4863 112 4872 3684 4873 3684 4874 3684 4875 3685 4876 3685 4877 3685 4877 3684 4876 3684 4878 3684 4877 3684 4878 3684 4879 3684 4880 3685 4881 3685 4882 3685 4882 3684 4881 3684 4883 3684 4882 3684 4883 3684 4873 3684 4873 3684 4883 3684 4884 3684 4873 3684 4884 3684 4874 3684 4878 3684 4885 3684 4879 3684 4879 3685 4885 3685 4886 3685 4879 3684 4886 3684 4887 3684 4887 3685 4886 3685 4888 3685 4887 3684 4888 3684 4880 3684 4880 3684 4888 3684 4889 3684 4880 3684 4889 3684 4881 3684 4890 3684 4891 3684 4892 3684 4892 3684 4891 3684 4893 3684 4892 3684 4893 3684 4875 3684 4875 3684 4893 3684 4894 3684 4875 3684 4894 3684 4876 3684 4895 3684 4896 3684 4890 3684 4890 3684 4896 3684 4897 3684 4890 3684 4897 3684 4891 3684 4898 3685 4899 3685 4900 3685 4900 3684 4899 3684 4901 3684 4900 3684 4901 3684 4895 3684 4895 3684 4901 3684 4902 3684 4895 3684 4902 3684 4896 3684 4903 3684 4904 3684 4905 3684 4905 3685 4904 3685 4906 3685 4905 3684 4906 3684 4898 3684 4898 3684 4906 3684 4907 3684 4898 3684 4907 3684 4899 3684 4908 3685 4909 3685 4910 3685 4910 3684 4909 3684 4911 3684 4910 3684 4911 3684 4903 3684 4903 3684 4911 3684 4912 3684 4903 3685 4912 3685 4904 3685 4874 3684 4913 3684 4872 3684 4872 3684 4913 3684 4914 3684 4872 3684 4914 3684 4915 3684 4915 3684 4914 3684 4916 3684 4915 3684 4916 3684 4908 3684 4908 3684 4916 3684 4917 3684 4908 3684 4917 3684 4909 3684 4913 8142 4850 8142 4914 8142 4914 8143 4850 8143 4856 8143 4914 8143 4856 8143 4916 8143 4916 8144 4856 8144 4855 8144 4916 8144 4855 8144 4917 8144 4917 4699 4855 4699 4853 4699 4917 4699 4853 4699 4909 4699 4909 8145 4853 8145 4861 8145 4909 8145 4861 8145 4911 8145 4911 8146 4861 8146 4860 8146 4911 8146 4860 8146 4912 8146 4912 8147 4860 8147 4858 8147 4912 8147 4858 8147 4904 8147 4904 8148 4858 8148 4866 8148 4904 8148 4866 8148 4906 8148 4906 8149 4866 8149 4865 8149 4906 8149 4865 8149 4907 8149 4907 8150 4865 8150 4863 8150 4907 8150 4863 8150 4899 8150 4899 4829 4863 4829 4871 4829 4899 4829 4871 4829 4901 4829 4901 8151 4871 8151 4870 8151 4901 8151 4870 8151 4902 8151 4902 8152 4870 8152 4868 8152 4902 8152 4868 8152 4896 8152 4896 8153 4868 8153 4867 8153 4896 8153 4867 8153 4897 8153 4897 8154 4867 8154 4828 8154 4897 8154 4828 8154 4891 8154 4891 8155 4828 8155 4833 8155 4891 8155 4833 8155 4893 8155 4893 8156 4833 8156 4832 8156 4893 8156 4832 8156 4894 8156 4894 4586 4832 4586 4830 4586 4894 4586 4830 4586 4876 4586 4876 8157 4830 8157 4843 8157 4876 8157 4843 8157 4878 8157 4878 8158 4843 8158 4842 8158 4878 8158 4842 8158 4885 8158 4885 8159 4842 8159 4840 8159 4885 8159 4840 8159 4886 8159 4886 8160 4840 8160 4848 8160 4886 8160 4848 8160 4888 8160 4888 8161 4848 8161 4847 8161 4888 8161 4847 8161 4889 8161 4889 8162 4847 8162 4845 8162 4889 8162 4845 8162 4881 8162 4881 4517 4845 4517 4844 4517 4881 4517 4844 4517 4883 4517 4883 8163 4844 8163 4837 8163 4883 8163 4837 8163 4884 8163 4884 8164 4837 8164 4835 8164 4884 8164 4835 8164 4874 8164 4874 8165 4835 8165 4851 8165 4874 8165 4851 8165 4913 8165 4913 8142 4851 8142 4850 8142 4834 8166 4872 8166 4849 8166 4849 8166 4872 8166 4915 8166 4849 8167 4915 8167 4854 8167 4854 8167 4915 8167 4908 8167 4854 8168 4908 8168 4852 8168 4852 8168 4908 8168 4910 8168 4852 8169 4910 8169 4859 8169 4859 8169 4910 8169 4903 8169 4859 773 4903 773 4857 773 4857 773 4903 773 4905 773 4857 8170 4905 8170 4864 8170 4864 8170 4905 8170 4898 8170 4864 8171 4898 8171 4862 8171 4862 8171 4898 8171 4900 8171 4862 8172 4900 8172 4869 8172 4869 8172 4900 8172 4895 8172 4869 8173 4895 8173 4826 8173 4826 8173 4895 8173 4890 8173 4826 8174 4890 8174 4827 8174 4827 8174 4890 8174 4892 8174 4827 8175 4892 8175 4831 8175 4831 8175 4892 8175 4875 8175 4831 8176 4875 8176 4829 8176 4829 8176 4875 8176 4877 8176 4829 8177 4877 8177 4841 8177 4841 8177 4877 8177 4879 8177 4841 1055 4879 1055 4839 1055 4839 1055 4879 1055 4887 1055 4839 8178 4887 8178 4846 8178 4846 8178 4887 8178 4880 8178 4846 8179 4880 8179 4838 8179 4838 8179 4880 8179 4882 8179 4838 8180 4882 8180 4836 8180 4836 8180 4882 8180 4873 8180 4836 8181 4873 8181 4834 8181 4834 8181 4873 8181 4872 8181</p>
        </triangles>
      </mesh>
    </geometry>
  </library_geometries>
  <library_visual_scenes>
    <visual_scene id="DefaultScene">
      <node id="node_58cfae85_4c11_4d74_86d2_460ed721440a" type="NODE">
        <matrix>1 0 0 0 0 1 0 0 0 0 1 0 0 0 0 1</matrix>
        <node id="node_09e47d75_118a_4cc1_9df8_a03a82c55635" type="NODE">
          <matrix>1 0 0 0 0 1 0 0 0 0 1 0 0 0 0 1</matrix>
          <node id="node_09e47d75_118a_4cc1_9df8_a03a82c55635_mesh0" type="NODE">
            <matrix>1 0 0 0 0 1 0 0 0 0 1 0 0 0 0 1</matrix>
            <instance_geometry url="#geometry_990cfd07_7e2e_49b2_8ee6_03ca7e237b59">
              <bind_material>
                <technique_common>
                  <instance_material symbol="mat_0" target="#mat_0"/>
                </technique_common>
              </bind_material>
            </instance_geometry>
          </node>
        </node>
      </node>
    </visual_scene>
  </library_visual_scenes>
  <scene>
    <instance_visual_scene url="#DefaultScene"/>
  </scene>
</COLLADA>
